v -0.038161080330610275 0.33987557888031006 3.1898465156555176
v -0.04129445180296898 0.3256151080131531 3.1987335681915283
v -0.03273370862007141 0.32189875841140747 3.188068151473999
v -0.029518216848373413 0.33243441581726074 3.177089214324951
v -0.03385999798774719 0.31264597177505493 3.1960289478302
v -0.04202151671051979 0.3134714961051941 3.20259690284729
v -0.027580363675951958 0.31576859951019287 3.1780004501342773
v -0.025206686928868294 0.32307082414627075 3.165715217590332
v -0.020871451124548912 0.27953022718429565 3.1667144298553467
v -0.018710557371377945 0.27488675713539124 3.1561150550842285
v -0.02001163549721241 0.28766605257987976 3.1588165760040283
v -0.0227876678109169 0.2889447808265686 3.1683695316314697
v -0.02106238715350628 0.25395309925079346 3.1648190021514893
v -0.024531401693820953 0.24513040482997894 3.1741578578948975
v -0.024086715653538704 0.23593123257160187 3.1640446186065674
v -0.02190767414867878 0.24436505138874054 3.1537907123565674
v -0.05149424076080322 0.2576180398464203 3.201669216156006
v -0.04634793847799301 0.25162699818611145 3.2001097202301025
v -0.04286954924464226 0.25845152139663696 3.198568105697632
v -0.04881616309285164 0.2635838985443115 3.1995644569396973
v -0.059602219611406326 0.2670007050037384 3.2086315155029297
v -0.05934293940663338 0.2723662257194519 3.2053680419921875
v -0.06343692541122437 0.2761586904525757 3.2112653255462646
v -0.06269795447587967 0.27013611793518066 3.2150449752807617
v -0.056509830057621 0.2520520091056824 3.202599287033081
v -0.05104023963212967 0.24578528106212616 3.200139045715332
v -0.055854059755802155 0.26288437843322754 3.2035276889801025
v -0.05733647570014 0.2585616707801819 3.2065396308898926
v -0.05830654874444008 0.2527284026145935 3.216773748397827
v -0.057331498712301254 0.25759032368659973 3.2154173851013184
v -0.05931390821933746 0.2586727738380432 3.2217953205108643
v -0.06017293781042099 0.2530471086502075 3.2210566997528076
v -0.0571349672973156 0.25167223811149597 3.2068214416503906
v -0.056500256061553955 0.25466954708099365 3.209287405014038
v -0.058166295289993286 0.2508918344974518 3.211982488632202
v -0.05992729961872101 0.24870269000530243 3.20987606048584
v -0.05970800295472145 0.2623790502548218 3.2111825942993164
v -0.06143544614315033 0.2647348940372467 3.2187728881835938
v -0.06399834156036377 0.2661322057247162 3.225724220275879
v -0.06204834580421448 0.2584739327430725 3.2292778491973877
v -0.03679247573018074 0.2388996034860611 3.1918132305145264
v -0.041029125452041626 0.24531693756580353 3.1963040828704834
v -0.04572504386305809 0.24030451476573944 3.1973724365234375
v -0.04167207330465317 0.23517130315303802 3.1943109035491943
v -0.059306491166353226 0.24589262902736664 3.2063097953796387
v -0.0551997572183609 0.23097635805606842 3.206181049346924
v -0.05506793037056923 0.23473824560642242 3.206167221069336
v -0.060185689479112625 0.2354573756456375 3.2109122276306152
v -0.059659700840711594 0.2319282740354538 3.210883378982544
v -0.033348508179187775 0.22515343129634857 3.1820871829986572
v -0.038180410861968994 0.22389499843120575 3.187948703765869
v -0.03823641315102577 0.2173433154821396 3.1848931312561035
v -0.03395220264792442 0.21729068458080292 3.1788623332977295
v -0.040572285652160645 0.21199201047420502 3.185476541519165
v -0.03617312014102936 0.20996828377246857 3.17714262008667
v -0.04484986513853073 0.19638143479824066 3.1788811683654785
v -0.04016115516424179 0.20249216258525848 3.1779634952545166
v -0.043861694633960724 0.20662294328212738 3.186765670776367
v -0.047930601984262466 0.20167426764965057 3.1910300254821777
v -0.05699799209833145 0.20509682595729828 3.1994473934173584
v -0.06187206506729126 0.20360951125621796 3.2033493518829346
v -0.05786323547363281 0.19234640896320343 3.200514554977417
v -0.052866917103528976 0.19636096060276031 3.1964666843414307
v -0.056289419531822205 0.2249554544687271 3.201639413833618
v -0.053170640021562576 0.22508396208286285 3.1985340118408203
v -0.05237586796283722 0.22670771181583405 3.2005043029785156
v -0.05555511265993118 0.22752384841442108 3.2039108276367188
v -0.050064876675605774 0.224904403090477 3.1955020427703857
v -0.048643339425325394 0.2247229665517807 3.19443678855896
v -0.04854847490787506 0.22597752511501312 3.195584774017334
v -0.050106216222047806 0.2254738062620163 3.1956841945648193
v -0.05180257186293602 0.22506962716579437 3.1966259479522705
v -0.05280792713165283 0.22325880825519562 3.1970386505126953
v -0.05097153037786484 0.22410093247890472 3.195722818374634
v -0.055503297597169876 0.2223956435918808 3.2001445293426514
v -0.06528425961732864 0.22009961307048798 3.211481809616089
v -0.062059272080659866 0.22059185802936554 3.208867073059082
v -0.0637923926115036 0.22464053332805634 3.208369016647339
v -0.06655622273683548 0.2245253175497055 3.210503339767456
v -0.04992815479636192 0.22773663699626923 3.1978859901428223
v -0.0477137491106987 0.22949354350566864 3.1971824169158936
v -0.05060403048992157 0.23214758932590485 3.2005221843719482
v -0.051780469715595245 0.2293914407491684 3.201207399368286
v -0.04525120183825493 0.23159264028072357 3.1959426403045654
v -0.04664243385195732 0.22735510766506195 3.1952102184295654
v -0.04377822205424309 0.22839419543743134 3.1944475173950195
v -0.04936554655432701 0.22314344346523285 3.1944594383239746
v -0.04705383628606796 0.221711203455925 3.192570209503174
v -0.04616131633520126 0.22422687709331512 3.1932828426361084
v -0.048773229122161865 0.21871735155582428 3.193138837814331
v -0.05122632533311844 0.2213713377714157 3.1959075927734375
v -0.05378829687833786 0.21964256465435028 3.1992268562316895
v -0.05711282789707184 0.21791137754917145 3.203554391860962
v -0.05524618551135063 0.21350960433483124 3.1998353004455566
v -0.05147317051887512 0.21601097285747528 3.1963882446289062
v -0.04892231523990631 0.2361563891172409 3.2004213333129883
v -0.04267456382513046 0.22394321858882904 3.1909167766571045
v -0.03957299888134003 0.2301173359155655 3.1906590461730957
v -0.04310646653175354 0.21946541965007782 3.1895806789398193
v -0.045014671981334686 0.21534420549869537 3.1900596618652344
v -0.048440463840961456 0.2116657942533493 3.1934077739715576
v -0.05227205902338028 0.208014115691185 3.1959733963012695
v -0.05772294104099274 0.18433450162410736 3.1891212463378906
v -0.05122578889131546 0.1898438185453415 3.1861164569854736
v -0.0437881276011467 0.30537593364715576 3.200698137283325
v -0.036155372858047485 0.30487868189811707 3.1970407962799072
v -0.036137208342552185 0.2970099449157715 3.1924307346343994
v -0.034562863409519196 0.29916542768478394 3.191126823425293
v -0.038944751024246216 0.30063754320144653 3.195528507232666
v -0.039622917771339417 0.2978854477405548 3.195180892944336
v -0.026685277000069618 0.29016774892807007 3.174076557159424
v -0.03010794334113598 0.2915753126144409 3.1792118549346924
v -0.02974877506494522 0.2881839871406555 3.17854642868042
v -0.024711934849619865 0.28384047746658325 3.1731417179107666
v -0.03472604230046272 0.28049638867378235 3.1868743896484375
v -0.03146067261695862 0.28191453218460083 3.183025598526001
v -0.03507388383150101 0.28809523582458496 3.1856346130371094
v -0.03732651472091675 0.2871561348438263 3.188836097717285
v -0.040305133908987045 0.28651922941207886 3.1918013095855713
v -0.043891631066799164 0.286582350730896 3.194753408432007
v -0.04347417131066322 0.28112292289733887 3.1936802864074707
v -0.039018478244543076 0.28045424818992615 3.190857172012329
v -0.04498730227351189 0.30124711990356445 3.1978416442871094
v -0.052008941769599915 0.30017566680908203 3.199553966522217
v -0.0507233552634716 0.29724541306495667 3.1981239318847656
v -0.04459550976753235 0.2981645464897156 3.197495698928833
v -0.06082836166024208 0.2901550531387329 3.196199655532837
v -0.05967342481017113 0.29264143109321594 3.196833848953247
v -0.06272220611572266 0.29387176036834717 3.198784828186035
v -0.06348811835050583 0.28958991169929504 3.1981494426727295
v -0.06110493838787079 0.2866259813308716 3.197272539138794
v -0.05944810435175896 0.28863948583602905 3.1961708068847656
v -0.04841318354010582 0.3612250089645386 3.1878411769866943
v -0.04975753277540207 0.34438031911849976 3.2012171745300293
v -0.035967983305454254 0.35466867685317993 3.175356388092041
v -0.027111880481243134 0.3433836102485657 3.1631898880004883
v -0.022744186222553253 0.32971078157424927 3.152984619140625
v -0.028432101011276245 0.2293100208044052 3.1737112998962402
v -0.028482232242822647 0.2208048552274704 3.168405055999756
v -0.02459825947880745 0.22753064334392548 3.1552209854125977
v -0.027308618649840355 0.21816442906856537 3.1513772010803223
v -0.03111206367611885 0.21132774651050568 3.1653544902801514
v -0.044246647506952286 0.19383643567562103 3.1655778884887695
v -0.03615817055106163 0.20169787108898163 3.164785623550415
v -0.03316418081521988 0.20875470340251923 3.1467833518981934
v -0.030186112970113754 0.2201894372701645 3.1301591396331787
v -0.025645432993769646 0.22734643518924713 3.1377153396606445
v -0.03016439825296402 0.23525770008563995 3.1181023120880127
v -0.03731692582368851 0.21280871331691742 3.122065305709839
v -0.03455095365643501 0.23388253152370453 3.110982656478882
v -0.048421554267406464 0.17847971618175507 3.130218505859375
v -0.046029649674892426 0.16630761325359344 3.1284945011138916
v -0.03857298567891121 0.17287464439868927 3.1145708560943604
v -0.03942617028951645 0.18461482226848602 3.1170201301574707
v -0.02263461984694004 0.23527856171131134 3.143441677093506
v -0.021264344453811646 0.2985113263130188 3.1495201587677
v -0.02285018190741539 0.29832732677459717 3.161557674407959
v -0.019109327346086502 0.2854732275009155 3.1472878456115723
v -0.02549055963754654 0.3581618666648865 3.1275246143341064
v -0.026554860174655914 0.35258275270462036 3.1466872692108154
v -0.02051970548927784 0.3366754651069641 3.138786792755127
v -0.020590810105204582 0.34263068437576294 3.122920274734497
v -0.05150013417005539 0.39173567295074463 3.1406090259552
v -0.04808023199439049 0.37877947092056274 3.1669037342071533
v -0.036047544330358505 0.36776429414749146 3.156667470932007
v -0.03712265565991402 0.37827807664871216 3.135073184967041
v -0.021281950175762177 0.34430330991744995 3.107537031173706
v -0.02445531077682972 0.34415894746780396 3.090198040008545
v -0.03237435594201088 0.35836559534072876 3.083331823348999
v -0.02891315519809723 0.3618921637535095 3.1051077842712402
v -0.046430665999650955 0.3764570355415344 3.078244209289551
v -0.04159434139728546 0.3805016875267029 3.1053266525268555
v -0.03646128997206688 0.2198554128408432 3.1033642292022705
v -0.03673715144395828 0.23849759995937347 3.098844289779663
v -0.040498603135347366 0.1978476494550705 3.1206002235412598
v -0.036620497703552246 0.20389799773693085 3.104318618774414
v -0.06529782712459564 0.3883722424507141 3.0781850814819336
v -0.059074144810438156 0.3950611352920532 3.108353614807129
v -0.045494306832551956 0.31995266675949097 3.0477583408355713
v -0.04236059635877609 0.33714818954467773 3.0541796684265137
v -0.031037712469697 0.3261104226112366 3.0681004524230957
v -0.03481556102633476 0.3120570778846741 3.0605881214141846
v -0.05990566685795784 0.328482449054718 3.034963369369507
v -0.05763498321175575 0.3485327363014221 3.042137622833252
v -0.0527459979057312 0.265006422996521 3.0533576011657715
v -0.05589624494314194 0.2475440949201584 3.061189651489258
v -0.06676262617111206 0.24853290617465973 3.052001953125
v -0.06489406526088715 0.26656216382980347 3.0416364669799805
v -0.02876535803079605 0.3090476989746094 3.186316967010498
v -0.031194385141134262 0.3028501868247986 3.190788507461548
v -0.028891868889331818 0.2998536229133606 3.18454909324646
v -0.02632530778646469 0.30405348539352417 3.1785905361175537
v -0.02504095807671547 0.30781126022338867 3.168466091156006
v -0.023701759055256844 0.3117283582687378 3.155672073364258
v -0.019485073164105415 0.32257193326950073 3.1316494941711426
v -0.018649443984031677 0.3293646574020386 3.118239164352417
v -0.021518832072615623 0.3306894898414612 3.0929114818573
v -0.01924905553460121 0.33079636096954346 3.1066596508026123
v -0.026662491261959076 0.313693106174469 3.076312780380249
v -0.029822267591953278 0.3049755096435547 3.0722832679748535
v -0.0405886173248291 0.2480706423521042 3.084833860397339
v -0.041919317096471786 0.22621463239192963 3.0872604846954346
v -0.05036018788814545 0.22874169051647186 3.0760202407836914
v -0.0484754703938961 0.2480366975069046 3.071927785873413
v -0.06774348765611649 0.23060040175914764 3.058464527130127
v -0.0592837780714035 0.22983776032924652 3.066688060760498
v -0.04051782935857773 0.19296197593212128 3.0899271965026855
v -0.03923329710960388 0.1791032999753952 3.0866165161132812
v -0.044623538851737976 0.1823057383298874 3.0739994049072266
v -0.04751203581690788 0.19523347914218903 3.0771560668945312
v -0.051995690912008286 0.18246512115001678 3.063894748687744
v -0.0618196465075016 0.18164171278476715 3.0572664737701416
v -0.0654972642660141 0.19577287137508392 3.057948350906372
v -0.056876931339502335 0.19596783816814423 3.0651814937591553
v -0.06513737887144089 0.15736185014247894 3.144209384918213
v -0.064884252846241 0.14672796428203583 3.141191244125366
v -0.05494501441717148 0.1503801792860031 3.1356937885284424
v -0.05674363300204277 0.16147743165493011 3.1379332542419434
v -0.036381956189870834 0.16791193187236786 3.083710193634033
v -0.040508732199668884 0.1725023239850998 3.0701169967651367
v -0.0436498299241066 0.26430636644363403 3.0663626194000244
v -0.03782118856906891 0.26631608605384827 3.0762054920196533
v -0.04726003482937813 0.1729765385389328 3.059237480163574
v -0.058522291481494904 0.21201251447200775 3.0678625106811523
v -0.05006931722164154 0.21035628020763397 3.0771048069000244
v -0.07974398136138916 0.2319500893354416 3.052456855773926
v -0.07965589314699173 0.2495279759168625 3.0444581508636475
v -0.05447429046034813 0.26826873421669006 3.2022392749786377
v -0.05328882485628128 0.28350597620010376 3.196864128112793
v -0.05271288380026817 0.28748470544815063 3.1963775157928467
v -0.05666859447956085 0.2881270945072174 3.196974992752075
v -0.05753590539097786 0.28503692150115967 3.197669744491577
v -0.06385531276464462 0.32422691583633423 3.213176965713501
v -0.0644407719373703 0.30679070949554443 3.2125418186187744
v -0.052373919636011124 0.3117005228996277 3.209179401397705
v -0.0520976185798645 0.326147198677063 3.207170248031616
v -0.02709120884537697 0.25698739290237427 3.185596466064453
v -0.03471233323216438 0.26186272501945496 3.1933133602142334
v -0.03696030005812645 0.252621054649353 3.195512533187866
v -0.03186407685279846 0.24589554965496063 3.1894631385803223
v -0.03237554058432579 0.2927945852279663 3.1839382648468018
v -0.03101014345884323 0.2947738766670227 3.1828670501708984
v -0.032859429717063904 0.2943708896636963 3.1864678859710693
v -0.03490255028009415 0.23244963586330414 3.1872401237487793
v -0.02949322760105133 0.23758040368556976 3.181246757507324
v -0.019034111872315407 0.2708178460597992 3.145953416824341
v -0.024858301505446434 0.2972318232059479 3.171706438064575
v -0.07211492955684662 0.40055394172668457 3.148897647857666
v -0.06592006981372833 0.38523638248443604 3.1784188747406006
v -0.08581061661243439 0.3976505994796753 3.0822925567626953
v -0.07976458221673965 0.40409165620803833 3.1142234802246094
v -0.076260507106781 0.3566214442253113 3.0355618000030518
v -0.07783383131027222 0.33486849069595337 3.0272417068481445
v -0.09633652865886688 0.3398858904838562 3.023224115371704
v -0.09581758081912994 0.36401915550231934 3.0344324111938477
v -0.07950618118047714 0.2682185173034668 3.0338902473449707
v -0.07256066799163818 0.18095307052135468 3.049384593963623
v -0.0760778933763504 0.19718517363071442 3.0523555278778076
v -0.06306436657905579 0.3643397092819214 3.1973228454589844
v -0.06250974535942078 0.3436508774757385 3.2082130908966064
v -0.021270867437124252 0.3161855936050415 3.1433098316192627
v -0.02008788101375103 0.27046889066696167 3.1693859100341797
v -0.023902012035250664 0.27742770314216614 3.175755500793457
v -0.02532217651605606 0.2727794647216797 3.1795849800109863
v -0.021713009104132652 0.2632843255996704 3.1743266582489014
v -0.019220003858208656 0.2626819908618927 3.158860921859741
v -0.020713821053504944 0.25602906942367554 3.1459829807281494
v -0.02250339277088642 0.2494574636220932 3.1313822269439697
v -0.026207642629742622 0.23993287980556488 3.124384880065918
v -0.028621159493923187 0.33888787031173706 3.076014280319214
v -0.039639588445425034 0.3518083095550537 3.063295602798462
v -0.05260555073618889 0.36532145738601685 3.05660080909729
v -0.07127828150987625 0.37489432096481323 3.0524230003356934
v -0.025255950167775154 0.3280000686645508 3.080519437789917
v -0.09128539264202118 0.38338857889175415 3.0545735359191895
v -0.061147257685661316 0.23985610902309418 3.210502862930298
v -0.05517503246665001 0.24029193818569183 3.204599380493164
v -0.06285721063613892 0.24369992315769196 3.2109222412109375
v -0.06071921065449715 0.21643520891666412 3.207568883895874
v -0.06436710804700851 0.21546722948551178 3.2095422744750977
v -0.06381577253341675 0.21052490174770355 3.2056548595428467
v -0.05950665846467018 0.21160708367824554 3.2033774852752686
v -0.06095534935593605 0.1822626143693924 3.1742448806762695
v -0.053194377571344376 0.18727223575115204 3.169255495071411
v -0.06496249884366989 0.1673310250043869 3.1479897499084473
v -0.057301465421915054 0.17175354063510895 3.14104962348938
v -0.062363140285015106 0.2514307200908661 3.215895414352417
v -0.06380753964185715 0.25167644023895264 3.2165579795837402
v -0.06440550088882446 0.2508429288864136 3.214313268661499
v -0.06257413327693939 0.25084802508354187 3.2135515213012695
v -0.05108925700187683 0.22614331543445587 3.198303699493408
v -0.06376088410615921 0.23146836459636688 3.2135565280914307
v -0.06653337180614471 0.23107017576694489 3.215048313140869
v -0.06645574420690536 0.22779570519924164 3.213435649871826
v -0.06359884887933731 0.22794805467128754 3.2115607261657715
v -0.04383597895503044 0.19771625101566315 3.144998788833618
v -0.04852068051695824 0.18959997594356537 3.135054588317871
v -0.03633316978812218 0.1749812811613083 3.101304769515991
v -0.03692955523729324 0.18909959495067596 3.1033284664154053
v -0.041231606155633926 0.20862393081188202 3.0890603065490723
v -0.06752701848745346 0.2138693779706955 3.0586302280426025
v -0.0776757225394249 0.21457545459270477 3.0529651641845703
v -0.10150471329689026 0.2168208807706833 3.050496816635132
v -0.10518674552440643 0.23294080793857574 3.0487499237060547
v -0.09177568554878235 0.23243220150470734 3.047860860824585
v -0.08986720442771912 0.21593843400478363 3.0512731075286865
v -0.0549481064081192 0.1861645132303238 3.155705451965332
v -0.0633598268032074 0.18059276044368744 3.160903215408325
v -0.06480467319488525 0.1759488433599472 3.1528525352478027
v -0.057212263345718384 0.18117041885852814 3.146709442138672
v -0.06707717478275299 0.24833859503269196 3.2180919647216797
v -0.06803043931722641 0.24711249768733978 3.2194149494171143
v -0.06812666356563568 0.24524758756160736 3.2162582874298096
v -0.0665670782327652 0.24731005728244781 3.2151100635528564
v -0.06205782666802406 0.24913619458675385 3.211320161819458
v -0.06414709240198135 0.24816258251667023 3.2122855186462402
v -0.06373890489339828 0.24623851478099823 3.211366891860962
v -0.060794662684202194 0.251316100358963 3.2164154052734375
v -0.06090245023369789 0.250203013420105 3.213238000869751
v -0.06429117172956467 0.2514741122722626 3.221801519393921
v -0.061983343213796616 0.25152331590652466 3.2193093299865723
v -0.06328164041042328 0.25106266140937805 3.2259109020233154
v -0.06594683974981308 0.24958817660808563 3.2161200046539307
v -0.06577859818935394 0.24856524169445038 3.214185953140259
v -0.06307895481586456 0.2500324249267578 3.2123589515686035
v -0.06461185961961746 0.24965260922908783 3.2126710414886475
v -0.06449536979198456 0.2515774667263031 3.219252824783325
v -0.0630466416478157 0.2516239881515503 3.2177577018737793
v -0.06556367874145508 0.27273786067962646 3.2216670513153076
v -0.07062844932079315 0.27315977215766907 3.2249999046325684
v -0.06946619600057602 0.2660403251647949 3.229626417160034
v -0.06832469254732132 0.25808656215667725 3.233757495880127
v -0.06839288771152496 0.2503218650817871 3.2303860187530518
v -0.07176998257637024 0.17264287173748016 3.155853271484375
v -0.0722740888595581 0.16430120170116425 3.152205467224121
v -0.07797455787658691 0.341661274433136 3.2129580974578857
v -0.076119065284729 0.32179951667785645 3.2159290313720703
v -0.050764210522174835 0.22506441175937653 3.196160078048706
v -0.05248520150780678 0.30414605140686035 3.2031524181365967
v -0.029820270836353302 0.2704523801803589 3.18615984916687
v -0.048079073429107666 0.2699081301689148 3.197359323501587
v -0.04171745851635933 0.26594778895378113 3.1948885917663574
v -0.042525764554739 0.27391815185546875 3.1941099166870117
v -0.04822178930044174 0.27629321813583374 3.196202516555786
v -0.061154671013355255 0.3004586696624756 3.20418119430542
v -0.06833600997924805 0.29603609442710876 3.2109270095825195
v -0.06590598076581955 0.2948746979236603 3.203709840774536
v -0.06629219651222229 0.2884807586669922 3.2029478549957275
v -0.06765951961278915 0.2865232825279236 3.210334300994873
v -0.06399200856685638 0.2805747389793396 3.2058565616607666
v -0.06344757229089737 0.28368526697158813 3.2009005546569824
v -0.03389071673154831 0.2956199645996094 3.1885857582092285
v -0.032036181539297104 0.29750388860702515 3.187690496444702
v -0.059280820190906525 0.2768775224685669 3.202352523803711
v -0.05396001785993576 0.27329325675964355 3.199141025543213
v -0.053686343133449554 0.2785153388977051 3.1972334384918213
v -0.05885302647948265 0.28067973256111145 3.1986613273620605
v -0.036119066178798676 0.2716907262802124 3.191267967224121
v -0.02759607695043087 0.29591256380081177 3.1784989833831787
v -0.029930109158158302 0.2847500145435333 3.180236577987671
v -0.033225081861019135 0.2710738778114319 3.084343910217285
v -0.035007916390895844 0.25952261686325073 3.090702772140503
v -0.025476491078734398 0.24866293370723724 3.105454444885254
v -0.027362678200006485 0.24436692893505096 3.109126091003418
v -0.03308887034654617 0.24732337892055511 3.106822967529297
v -0.028241269290447235 0.25150546431541443 3.102756977081299
v -0.021955233067274094 0.30177754163742065 3.0925114154815674
v -0.02305353805422783 0.3090324401855469 3.0899007320404053
v -0.021378828212618828 0.3094676733016968 3.096902370452881
v -0.02213861234486103 0.30201268196105957 3.0952389240264893
v -0.020999858155846596 0.30462801456451416 3.1017684936523438
v -0.020391931757330894 0.3078042268753052 3.103736639022827
v -0.020884815603494644 0.299746036529541 3.104912281036377
v -0.021467454731464386 0.30012011528015137 3.1015841960906982
v -0.019097227603197098 0.3182283043861389 3.105227470397949
v -0.018842484802007675 0.3153234124183655 3.1151201725006104
v -0.020650766789913177 0.30402296781539917 3.1115331649780273
v -0.020681649446487427 0.29931822419166565 3.1341965198516846
v -0.02211907133460045 0.2897990345954895 3.1213135719299316
v -0.021762490272521973 0.2980688214302063 3.1173698902130127
v -0.02028336189687252 0.3089725375175476 3.125100612640381
v -0.026115862652659416 0.24865548312664032 3.1142187118530273
v -0.02502172254025936 0.25515562295913696 3.117779493331909
v -0.03543621301651001 0.2513028085231781 3.0987212657928467
v -0.116954006254673 0.34871870279312134 3.0288126468658447
v -0.11515641212463379 0.3727343678474426 3.043478488922119
v -0.04791282117366791 0.3024473786354065 3.0462911128997803
v -0.061630044132471085 0.30760452151298523 3.033287763595581
v -0.037807319313287735 0.2968851923942566 3.0586233139038086
v -0.031984277069568634 0.2928438186645508 3.0707602500915527
v -0.07624231278896332 0.3142359256744385 3.0238587856292725
v -0.0919184610247612 0.3143518567085266 3.0213212966918945
v -0.019600842148065567 0.2819325923919678 3.1335253715515137
v -0.023000070825219154 0.2774614989757538 3.1220617294311523
v -0.05001259967684746 0.28335872292518616 3.0475382804870605
v -0.06324392557144165 0.2874995172023773 3.03562331199646
v -0.04046657308936119 0.28020572662353516 3.0601420402526855
v -0.03457409515976906 0.2799702286720276 3.0717554092407227
v -0.0793079137802124 0.29365915060043335 3.026715040206909
v -0.09474819898605347 0.2669622302055359 3.0303056240081787
v -0.09639038145542145 0.2896575927734375 3.023237943649292
v -0.02426406741142273 0.2597848176956177 3.106816291809082
v -0.024738295003771782 0.25737953186035156 3.111130952835083
v -0.024951796978712082 0.25135380029678345 3.1091229915618896
v -0.02272750809788704 0.2539393901824951 3.107170820236206
v -0.020890653133392334 0.2663286030292511 3.1311779022216797
v -0.023337585851550102 0.265590637922287 3.1191768646240234
v -0.06648993492126465 0.2793307900428772 3.217142343521118
v -0.07309294492006302 0.2874879837036133 3.215853214263916
v -0.07175490260124207 0.2802318036556244 3.220844030380249
v -0.07423252612352371 0.296139657497406 3.214329242706299
v -0.10007219761610031 0.40620601177215576 3.1251187324523926
v -0.09339386969804764 0.401527464389801 3.156184673309326
v -0.11138184368610382 0.39105212688446045 3.0668768882751465
v -0.10604099929332733 0.40286535024642944 3.094980239868164
v -0.06611219048500061 0.20317505300045013 3.208099603652954
v -0.06341222673654556 0.1900329440832138 3.203294515609741
v -0.06519503146409988 0.2390238493680954 3.213534355163574
v -0.06780606508255005 0.2382631152868271 3.2149128913879395
v -0.06710408627986908 0.2345186024904251 3.214812994003296
v -0.06438452005386353 0.23524723947048187 3.213705062866211
v -0.05855584889650345 0.2978042960166931 3.1996994018554688
v -0.09367788583040237 0.2503013014793396 3.041229486465454
v -0.0873914286494255 0.1980912834405899 3.0495426654815674
v -0.08440098166465759 0.18141813576221466 3.0464656352996826
v -0.056980885565280914 0.17166303098201752 3.051239013671875
v -0.06800944358110428 0.17061184346675873 3.046534538269043
v -0.06829759478569031 0.24182836711406708 3.215214729309082
v -0.06598986685276031 0.24254818260669708 3.2135465145111084
v -0.0654890164732933 0.2512167692184448 3.218543529510498
v -0.05971334129571915 0.22810684144496918 3.208493232727051
v -0.06627622246742249 0.24543224275112152 3.2141029834747314
v -0.06569687277078629 0.24730537831783295 3.2133545875549316
v -0.06986794620752335 0.24456636607646942 3.2173242568969727
v -0.06976087391376495 0.24141137301921844 3.215453863143921
v -0.04817899316549301 0.2822282910346985 3.1955840587615967
v -0.04822641611099243 0.28692367672920227 3.1956045627593994
v -0.06657664477825165 0.24856619536876678 3.223217725753784
v -0.06636949628591537 0.24986840784549713 3.2206547260284424
v -0.06954587996006012 0.24740339815616608 3.2241663932800293
v -0.04427535831928253 0.15471376478672028 3.126086950302124
v -0.036977287381887436 0.1598760038614273 3.111884593963623
v -0.06843707710504532 0.23063938319683075 3.215068817138672
v -0.0684148445725441 0.22724215686321259 3.2135744094848633
v -0.08648472279310226 0.3857269883155823 3.185532331466675
v -0.10998347401618958 0.26419106125831604 3.0322136878967285
v -0.11303292959928513 0.2837417721748352 3.026033639907837
v -0.02339121140539646 0.28362971544265747 3.1133413314819336
v -0.022620325908064842 0.28030747175216675 3.1075048446655273
v -0.021968422457575798 0.28729408979415894 3.105833053588867
v -0.022734159603714943 0.2912406921386719 3.111708402633667
v -0.07247021049261093 0.1546761840581894 3.1482081413269043
v -0.034914541989564896 0.16343526542186737 3.097259521484375
v -0.08075840026140213 0.16964413225650787 3.042442560195923
v -0.03267056494951248 0.2909904420375824 3.182666540145874
v -0.03370841220021248 0.2895423173904419 3.1840343475341797
v -0.0560324564576149 0.29553401470184326 3.1982228755950928
v -0.11648023128509521 0.31474483013153076 3.023340940475464
v -0.05859958007931709 0.2212124913930893 3.2054648399353027
v -0.060155946761369705 0.2249101847410202 3.206364154815674
v -0.09874449670314789 0.19976924359798431 3.0494918823242188
v -0.06979209929704666 0.1775035709142685 3.1654770374298096
v -0.06926146149635315 0.24649213254451752 3.2205283641815186
v -0.10779617726802826 0.24863843619823456 3.042118787765503
v -0.02130674570798874 0.2942027151584625 3.0976688861846924
v -0.019174892455339432 0.29254764318466187 3.100337505340576
v -0.01964586414396763 0.289669394493103 3.100008964538574
v -0.0213486198335886 0.2904658317565918 3.099212646484375
v -0.017694512382149696 0.2953237295150757 3.1047539710998535
v -0.016936825588345528 0.29255902767181396 3.102341890335083
v -0.015382758341729641 0.29519036412239075 3.1014208793640137
v -0.01663059927523136 0.29861998558044434 3.1035172939300537
v -0.02134452387690544 0.2965722680091858 3.108398199081421
v -0.019597457721829414 0.2920416593551636 3.106464385986328
v -0.01491489913314581 0.29722803831100464 3.1000375747680664
v -0.014896885491907597 0.29991602897644043 3.1018052101135254
v -0.01773410476744175 0.30124080181121826 3.10050106048584
v -0.021636728197336197 0.30140718817710876 3.0984511375427246
v -0.01332999300211668 0.300988107919693 3.09755277633667
v -0.017251286655664444 0.3030548691749573 3.096487283706665
v -0.011845172382891178 0.30142563581466675 3.093066453933716
v -0.016734225675463676 0.30394160747528076 3.092017412185669
v -0.011510097421705723 0.298897922039032 3.0875067710876465
v -0.0171679574996233 0.3005257844924927 3.086761713027954
v -0.02415768802165985 0.2649831771850586 3.1121792793273926
v -0.02497372217476368 0.2665165364742279 3.1056666374206543
v -0.011530441232025623 0.29396969079971313 3.0834977626800537
v -0.01777007058262825 0.29463431239128113 3.083841562271118
v -0.012319863773882389 0.2874019742012024 3.081676959991455
v -0.018098950386047363 0.28766441345214844 3.0812644958496094
v -0.013692202977836132 0.28017446398735046 3.0819385051727295
v -0.01848960667848587 0.28022223711013794 3.0813066959381104
v -0.014679818414151669 0.27304673194885254 3.0832948684692383
v -0.019472967833280563 0.27175822854042053 3.082162618637085
v -0.016016991809010506 0.2658573389053345 3.086688756942749
v -0.02083401009440422 0.26256105303764343 3.0863585472106934
v -0.015106218867003918 0.29937663674354553 3.092621326446533
v -0.014767325483262539 0.2967088520526886 3.088144063949585
v -0.023999398574233055 0.2981520891189575 3.091993570327759
v -0.01515889260917902 0.2993313670158386 3.0968592166900635
v -0.022641243413090706 0.28580281138420105 3.093327283859253
v -0.02412007749080658 0.2875860929489136 3.0935890674591064
v -0.022960372269153595 0.28599047660827637 3.0945842266082764
v -0.02458254247903824 0.28477513790130615 3.0920021533966064
v -0.023279031738638878 0.27305126190185547 3.1073994636535645
v -0.022632639855146408 0.2735459804534912 3.103180408477783
v -0.022343801334500313 0.2792653441429138 3.104311227798462
v -0.0241231806576252 0.2695865035057068 3.102715253829956
v -0.025116311386227608 0.27121925354003906 3.1022884845733643
v -0.025457756593823433 0.27443742752075195 3.10225248336792
v -0.02635640650987625 0.27879026532173157 3.1034393310546875
v -0.02541206032037735 0.2696484923362732 3.100395679473877
v -0.02407667599618435 0.2680898904800415 3.1009488105773926
v -0.026387643069028854 0.2709387242794037 3.1006460189819336
v -0.02653033845126629 0.2716386914253235 3.1015963554382324
v -0.027706000953912735 0.27361762523651123 3.1004788875579834
v -0.027672039344906807 0.2769894003868103 3.0984315872192383
v -0.023769453167915344 0.27382683753967285 3.112643241882324
v -0.027906442061066628 0.27398157119750977 3.090292453765869
v -0.029883408918976784 0.265223890542984 3.093743324279785
v -0.017928769811987877 0.26060691475868225 3.0919837951660156
v -0.02105972170829773 0.25472691655158997 3.092310905456543
v -0.0208184402436018 0.2512490153312683 3.1038808822631836
v -0.020535053685307503 0.25023919343948364 3.0986499786376953
v -0.025508176535367966 0.2933046221733093 3.089892625808716
v -0.02582227624952793 0.28754061460494995 3.0868663787841797
v -0.029888922348618507 0.2578482925891876 3.0989270210266113
v -0.02634189836680889 0.2813457250595093 3.0874319076538086
v -0.01764046773314476 0.2698643207550049 3.0883665084838867
v -0.019842902198433876 0.26611754298210144 3.092137575149536
v -0.015914414077997208 0.2749098539352417 3.0859389305114746
v -0.02306659333407879 0.26455914974212646 3.1013243198394775
v -0.021400069817900658 0.258750855922699 3.1031174659729004
v -0.019329220056533813 0.258644700050354 3.0979971885681152
v -0.021749135106801987 0.26451146602630615 3.096733331680298
v -0.018507329747080803 0.27284854650497437 3.0908098220825195
v -0.02151183784008026 0.2701125144958496 3.0932412147521973
v -0.021485473960638046 0.2754175364971161 3.0909409523010254
v -0.02418961189687252 0.27304935455322266 3.0938029289245605
v -0.025094343349337578 0.2709602117538452 3.0980327129364014
v -0.023389745503664017 0.2685292363166809 3.097195863723755
v -0.027815865352749825 0.27516961097717285 3.0945279598236084
v -0.024767406284809113 0.27839475870132446 3.0923526287078857
v -0.027261333540081978 0.27247047424316406 3.0988543033599854
v -0.019040053710341454 0.27844929695129395 3.090592861175537
v -0.016886727884411812 0.281960666179657 3.089855432510376
v -0.01861739344894886 0.28430938720703125 3.0928938388824463
v -0.021581029519438744 0.2813972532749176 3.0917725563049316
v -0.015889964997768402 0.2807445228099823 3.0844790935516357
v -0.015202133916318417 0.28096872568130493 3.087473154067993
v -0.01640377752482891 0.2764636278152466 3.0886030197143555
v -0.014698176644742489 0.2862991690635681 3.087433338165283
v -0.0152812534943223 0.2870815396308899 3.084216356277466
v -0.01579541154205799 0.28597724437713623 3.089766263961792
v -0.016772592440247536 0.2868128716945648 3.092101573944092
v -0.014680390246212482 0.29424989223480225 3.0896408557891846
v -0.01474690530449152 0.29089298844337463 3.0880300998687744
v -0.01448435802012682 0.2926466763019562 3.0850954055786133
v -0.015221604146063328 0.28945741057395935 3.0903000831604004
v -0.015628686174750328 0.2923903465270996 3.0921268463134766
v -0.01656009443104267 0.29026228189468384 3.09236741065979
v -0.016044609248638153 0.28893280029296875 3.091768503189087
v -0.01713867485523224 0.29685044288635254 3.0984654426574707
v -0.018003681674599648 0.29520365595817566 3.1003880500793457
v -0.01643506810069084 0.29729145765304565 3.095952272415161
v -0.018457535654306412 0.2973860800266266 3.0971577167510986
v -0.017702262848615646 0.29520463943481445 3.0961899757385254
v -0.01969561167061329 0.2962905168533325 3.0973689556121826
v -0.01847616583108902 0.29322078824043274 3.0965077877044678
v -0.02040812373161316 0.2907131612300873 3.095876455307007
v -0.06315696239471436 0.11981357634067535 3.1353652477264404
v -0.0640031173825264 0.13366495072841644 3.137911319732666
v -0.07421243190765381 0.12906132638454437 3.1405117511749268
v -0.07476336508989334 0.11575938761234283 3.136945962905884
v -0.017611205577850342 0.29174524545669556 3.09452748298645
v -0.01679658144712448 0.2942790389060974 3.0943188667297363
v -0.01579485833644867 0.29694002866744995 3.093228340148926
v -0.019876450300216675 0.28772592544555664 3.094122886657715
v -0.018701432272791862 0.28708571195602417 3.0939414501190186
v -0.01781652867794037 0.28834086656570435 3.093216896057129
v -0.018984872847795486 0.28974831104278564 3.095153570175171
v -0.022612210363149643 0.28328466415405273 3.1044039726257324
v -0.02497904561460018 0.2820489704608917 3.101301431655884
v -0.025317342951893806 0.2796638607978821 3.0964558124542236
v -0.02965562418103218 0.10696162283420563 3.1211748123168945
v -0.014401082880795002 0.117457315325737 3.1120572090148926
v -0.022344719618558884 0.12722866237163544 3.1093475818634033
v -0.035209134221076965 0.1189941018819809 3.118596076965332
v -0.01994990184903145 0.07807449996471405 3.1318111419677734
v -0.019344516098499298 0.05805608630180359 3.13606595993042
v 8.483921556035057e-05 0.06375117599964142 3.1314868927001953
v 0.0037260870449244976 0.08927817642688751 3.1218838691711426
v -0.00274076359346509 0.04320497810840607 3.1398684978485107
v -0.02042960748076439 0.03874450922012329 3.142350196838379
v -0.0069479686208069324 -0.011084645055234432 3.161752939224243
v -0.006109815556555986 0.006390260066837072 3.1548688411712646
v -0.022383736446499825 0.0036084665916860104 3.1578965187072754
v -0.022786296904087067 -0.014202847145497799 3.1638805866241455
v 0.021734945476055145 -0.08660241961479187 3.1733896732330322
v 0.009614835493266582 -0.08628810942173004 3.178447723388672
v 0.003508869092911482 -0.1013851910829544 3.173208713531494
v 0.01712861657142639 -0.10340362787246704 3.1665825843811035
v 0.05432335287332535 0.0183935035020113 3.122252941131592
v 0.061309486627578735 0.011253283359110355 3.116931438446045
v 0.06580482423305511 0.026281224563717842 3.1130566596984863
v 0.058290377259254456 0.03394605219364166 3.1174092292785645
v 0.019812628626823425 0.134719118475914 3.088672637939453
v 0.009652419947087765 0.1396409124135971 3.0865700244903564
v 0.00369495851919055 0.12131069600582123 3.101814031600952
v 0.01440646406263113 0.11468057334423065 3.106377124786377
v 0.06187446415424347 -0.06212605535984039 3.1294240951538086
v 0.055440083146095276 -0.05639997124671936 3.1412832736968994
v 0.05419313162565231 -0.06890536844730377 3.144341230392456
v 0.05939779430627823 -0.0753551572561264 3.134282350540161
v 0.032328784465789795 -0.14584361016750336 3.101280450820923
v 0.01892833039164543 -0.1503240317106247 3.1155779361724854
v 0.017919935286045074 -0.16952292621135712 3.110412836074829
v 0.032380104064941406 -0.1650012582540512 3.095564126968384
v 0.0651678815484047 -0.10861994326114655 3.0490362644195557
v 0.061518117785453796 -0.12470206618309021 3.0432443618774414
v 0.0611950159072876 -0.11777403950691223 3.0190682411193848
v 0.06397143006324768 -0.10258771479129791 3.024224042892456
v 0.020574554800987244 -0.008533625863492489 3.152223587036133
v 0.022465139627456665 0.008397595025599003 3.1450860500335693
v 0.008940867148339748 0.007867158390581608 3.1497340202331543
v 0.007596693467348814 -0.009223475120961666 3.1573433876037598
v 0.199478879570961 -0.03448265790939331 3.017496109008789
v 0.18283607065677643 -0.019378988072276115 3.028992176055908
v 0.1724652498960495 -0.030978692695498466 3.0257954597473145
v 0.18881089985370636 -0.04585544764995575 3.0137085914611816
v 0.0613650307059288 -0.21388684213161469 3.025923013687134
v 0.06278593838214874 -0.22812862694263458 3.0240917205810547
v 0.06418611109256744 -0.22049583494663239 3.000119209289551
v 0.06200283765792847 -0.20538684725761414 3.003429889678955
v 0.12418131530284882 0.06327567994594574 3.092085361480713
v 0.13157571852207184 0.08277253806591034 3.0815212726593018
v 0.1195126473903656 0.09319336712360382 3.0879065990448
v 0.11299207806587219 0.0738002210855484 3.100919723510742
v 0.055528126657009125 -0.013509481213986874 3.126749038696289
v 0.057693950831890106 -0.0017415122129023075 3.121690511703491
v 0.05110155791044235 0.003798948135226965 3.127652645111084
v 0.048443570733070374 -0.009948655031621456 3.1329169273376465
v 0.07292012870311737 -0.07141417264938354 3.027134895324707
v 0.07500536739826202 -0.053674861788749695 3.0300796031951904
v 0.07603244483470917 -0.058866411447525024 3.04925274848938
v 0.07453224062919617 -0.0767824798822403 3.0498077869415283
v 0.07155726850032806 -0.0934060662984848 3.050142765045166
v 0.0697278156876564 -0.08790381252765656 3.0258724689483643
v 0.04113205522298813 -0.008874847553670406 3.1395018100738525
v 0.04294481873512268 0.0076370551250875 3.133242607116699
v 0.03390111029148102 0.008240864612162113 3.1387500762939453
v 0.03169789910316467 -0.008501826785504818 3.146582841873169
v -0.004927315283566713 -0.11366647481918335 3.1627357006073
v 0.0110169043764472 -0.11636000871658325 3.1543211936950684
v 0.05539173632860184 -0.2359943687915802 3.0466978549957275
v 0.05462747812271118 -0.22282026708126068 3.0477592945098877
v 0.042777255177497864 -0.23079699277877808 3.0662615299224854
v 0.043003588914871216 -0.24317693710327148 3.065919876098633
v 0.0030040773563086987 -0.13618475198745728 3.129999876022339
v 0.017593905329704285 -0.13370046019554138 3.120164632797241
v 0.020284414291381836 -0.1236085444688797 3.13234543800354
v 0.005242555867880583 -0.12457731366157532 3.1405813694000244
v 0.026918411254882812 -0.24870270490646362 3.082301139831543
v 0.026893988251686096 -0.2374514788389206 3.0816421508789062
v 0.009350351057946682 -0.24255317449569702 3.095014810562134
v 0.009268700145184994 -0.2548657953739166 3.096937894821167
v -0.004890062380582094 0.024420516565442085 3.147242546081543
v -0.021480988711118698 0.020899834111332893 3.1503469944000244
v 0.04172144830226898 -0.08276374638080597 3.159684181213379
v 0.03280656784772873 -0.08508163690567017 3.1668853759765625
v 0.029407165944576263 -0.10232752561569214 3.1597695350646973
v 0.03988403081893921 -0.09886428713798523 3.151872158050537
v 0.06995081156492233 -0.006002648267894983 3.0972824096679688
v 0.07352270185947418 0.004096405114978552 3.08980131149292
v 0.07291033864021301 0.01608017273247242 3.103731632232666
v 0.06697753816843033 0.00249813636764884 3.1088225841522217
v 0.06867644190788269 -0.2352115958929062 2.998244285583496
v 0.06630542874336243 -0.24087215960025787 3.0232510566711426
v 0.02918996661901474 -0.2596052587032318 3.084545850753784
v 0.011121137998998165 -0.2655579149723053 3.100175142288208
v 0.08016000688076019 0.01753726787865162 3.0221126079559326
v 0.0808161050081253 0.01620243676006794 3.034229278564453
v 0.07865990698337555 0.00969655904918909 3.0388882160186768
v 0.07957245409488678 0.011396125890314579 3.026670217514038
v -0.03007378987967968 -0.08737431466579437 3.179382562637329
v -0.020190414041280746 -0.10465754568576813 3.171426296234131
v -0.00822987500578165 -0.09359432756900787 3.178452253341675
v -0.015905313193798065 -0.07908104360103607 3.181978702545166
v 0.03658860921859741 -0.11193577945232391 3.1386306285858154
v 0.02474835515022278 -0.11551642417907715 3.1459596157073975
v 0.03350908309221268 -0.12024715542793274 3.1235218048095703
v -0.04525904357433319 -0.09475058317184448 3.1715400218963623
v -0.034066542983055115 -0.1153184175491333 3.157935619354248
v -0.03843598812818527 0.0166493970900774 3.1520516872406006
v -0.03900381177663803 -0.00017565350572112948 3.159421443939209
v -0.03856731578707695 0.03477652370929718 3.145843267440796
v -0.03855803236365318 0.052366018295288086 3.140472412109375
v -0.05721602961421013 0.04782819747924805 3.1430442333221436
v -0.056325435638427734 0.029480474069714546 3.147670030593872
v -0.040062304586172104 0.07072292268276215 3.137585163116455
v -0.0578865222632885 0.06514506042003632 3.1399919986724854
v -0.04619554430246353 0.0990891307592392 3.128194570541382
v -0.04949653148651123 0.11182107031345367 3.126248836517334
v 0.06343665719032288 -0.009078308008611202 3.112973213195801
v 0.06169921159744263 -0.01989671401679516 3.1172664165496826
v 0.045466139912605286 -0.25386080145835876 3.066398859024048
v 0.020245328545570374 0.1062527745962143 2.986833333969116
v 0.03618725389242172 0.10664902627468109 2.993691921234131
v 0.0323852002620697 0.09355007112026215 2.9838240146636963
v 0.01776968687772751 0.09190236032009125 2.9765260219573975
v 0.02871585637331009 0.11137597262859344 3.107280731201172
v 0.030332155525684357 0.13287092745304108 3.0898637771606445
v 0.06702414155006409 0.040157511830329895 2.9896841049194336
v 0.06642457842826843 0.031591907143592834 2.9931640625
v 0.06348960846662521 0.026567744091153145 2.991955518722534
v 0.06154649704694748 0.03687848150730133 2.9880998134613037
v 0.07749640941619873 0.024473490193486214 3.002432107925415
v 0.07619129121303558 0.03131164610385895 2.996704578399658
v 0.08193239569664001 0.029803769662976265 2.9880034923553467
v 0.08226804435253143 0.023203687742352486 2.993834972381592
v 0.059556230902671814 -0.21394988894462585 2.978583335876465
v 0.05720017850399017 -0.19703499972820282 2.981114149093628
v 0.04154299199581146 -0.07446503639221191 2.9669299125671387
v 0.0498751699924469 -0.057452231645584106 2.971545696258545
v 0.05883762240409851 -0.06984966993331909 2.9867115020751953
v 0.05173847824335098 -0.08628836274147034 2.9827075004577637
v -0.06524404138326645 0.07163338363170624 2.971271276473999
v -0.047784727066755295 0.07748953998088837 2.970496416091919
v -0.046841781586408615 0.06400613486766815 2.9637155532836914
v -0.06448724120855331 0.057190969586372375 2.9642601013183594
v -0.012850129045546055 0.10975761711597443 2.984549045562744
v -0.03187132254242897 0.10084240138530731 2.980283260345459
v -0.032079726457595825 0.11272512376308441 2.9886722564697266
v -0.011602752842009068 0.12165777385234833 2.9944095611572266
v 0.0030808444134891033 0.10273347795009613 2.980252981185913
v 0.0019692773930728436 0.08747760951519012 2.97011661529541
v 0.06921663880348206 -0.06324058771133423 3.0086352825164795
v 0.07196010649204254 -0.04635120928287506 3.013258218765259
v 0.07389645278453827 -0.020819080993533134 3.0175373554229736
v 0.07512560486793518 -0.011576815508306026 3.019409418106079
v 0.07607875764369965 -0.016520200297236443 3.0323116779327393
v 0.07547307759523392 -0.02629956416785717 3.0317559242248535
v -0.00037121083005331457 0.14583848416805267 3.084542989730835
v 0.00936583336442709 0.1527647227048874 3.067559242248535
v -0.0025572781451046467 0.15714292228221893 3.0643136501312256
v -0.03612331673502922 0.14558984339237213 3.0183417797088623
v -0.026092391461133957 0.14913056790828705 3.024127244949341
v -0.022272877395153046 0.14599989354610443 3.020192861557007
v -0.035615984350442886 0.14156101644039154 3.0140719413757324
v -0.04041607305407524 -0.0030593560077250004 2.9372682571411133
v -0.03802376240491867 -0.026410339400172234 2.9348416328430176
v -0.05915772169828415 -0.02563065104186535 2.9334523677825928
v -0.06054656580090523 -0.003875924739986658 2.9361026287078857
v 0.0734691396355629 0.002410770859569311 3.0098166465759277
v 0.07015226781368256 0.009300903417170048 3.001616954803467
v 0.07066251337528229 0.0159942377358675 3.0021188259124756
v 0.07368301600217819 0.009543047286570072 3.008619785308838
v 0.06911618262529373 0.0014966442249715328 2.999967098236084
v 0.07277117669582367 -0.005547164473682642 3.0086405277252197
v 0.07158458232879639 -0.014349549077451229 3.0067808628082275
v 0.06763133406639099 -0.006228743586689234 2.997035503387451
v 0.056760117411613464 -0.0420047789812088 2.978828191757202
v 0.06054574251174927 -0.026590926572680473 2.986034870147705
v 0.06606640666723251 -0.036325156688690186 2.998528242111206
v 0.06393040716648102 -0.053195416927337646 2.99226975440979
v -0.05768072232604027 -0.09654290974140167 2.932729959487915
v -0.05800595134496689 -0.07488378882408142 2.92986798286438
v -0.03859832510352135 -0.0759030431509018 2.9318931102752686
v -0.03888137638568878 -0.09770402312278748 2.932142496109009
v 0.08955398201942444 0.014842853881418705 3.0485751628875732
v 0.09717415273189545 0.007609428372234106 3.03814435005188
v 0.10125978291034698 0.00836517009884119 3.0524182319641113
v 0.09339305758476257 0.014199287630617619 3.0620486736297607
v 0.09441627562046051 0.04430373013019562 2.9779574871063232
v 0.09751026332378387 0.05008748173713684 2.978466749191284
v 0.10585717856884003 0.04679568111896515 2.9737613201141357
v 0.10264484584331512 0.0418165922164917 2.972813844680786
v 0.10373575985431671 -0.005652918014675379 3.0121448040008545
v 0.11438830196857452 -0.018769098445773125 2.999976873397827
v 0.11827827990055084 -0.017803175374865532 3.015446186065674
v 0.1065429300069809 -0.0039213583804667 3.027592658996582
v 0.040855348110198975 0.14401496946811676 3.064981698989868
v 0.03166576474905014 0.1472257822751999 3.0685060024261475
v 0.041526228189468384 0.1308484524488449 3.0901827812194824
v 0.09082968533039093 0.007566200103610754 3.00129771232605
v 0.0891166478395462 0.012378827668726444 2.9914088249206543
v 0.09779216349124908 0.004573257174342871 2.9791059494018555
v 0.09876863658428192 -0.0016200379468500614 2.988201141357422
v 0.20805372297763824 -0.02146671526134014 3.013050079345703
v 0.19184918701648712 -0.005996196065098047 3.0248517990112305
v 0.12443988025188446 -0.030098510906100273 2.9738786220550537
v 0.11122076213359833 -0.01771598868072033 2.9869489669799805
v 0.10975761711597443 -0.013018800877034664 2.975364923477173
v 0.12484423816204071 -0.024235231801867485 2.9624664783477783
v 0.045804038643836975 -0.10194358229637146 2.9802746772766113
v 0.03405625373125076 -0.09170956909656525 2.9645473957061768
v 0.03631317615509033 -0.20374107360839844 2.9411182403564453
v 0.03272770345211029 -0.18378779292106628 2.944674253463745
v 0.04626843333244324 -0.19010281562805176 2.960408926010132
v 0.04967057704925537 -0.2086147665977478 2.957322359085083
v 0.06296346336603165 -0.23086382448673248 2.9739396572113037
v 0.03918121010065079 -0.22415368258953094 2.9385082721710205
v 0.05297000706195831 -0.22705906629562378 2.9539246559143066
v -0.02263730764389038 0.16275791823863983 3.0655829906463623
v -0.012396265752613544 0.16068802773952484 3.064889669418335
v -0.023341286927461624 0.16143466532230377 3.0473475456237793
v -0.03174985572695732 0.16481022536754608 3.051417350769043
v 0.09495201706886292 -0.3405299186706543 2.9720990657806396
v 0.0971793681383133 -0.33747175335884094 3.0008246898651123
v 0.09760437905788422 -0.3610282838344574 2.9934134483337402
v 0.09419657289981842 -0.3689318597316742 2.967782974243164
v -0.05336032062768936 0.15406708419322968 3.026614189147949
v -0.0587012879550457 0.15906922519207 3.033613443374634
v -0.044514842331409454 0.16179536283016205 3.040367603302002
v -0.037653569132089615 0.15784363448619843 3.0352227687835693
v 0.09416791796684265 -0.3142026960849762 2.9754247665405273
v 0.09594249725341797 -0.31466618180274963 3.002718210220337
v -0.02080666273832321 0.15401683747768402 3.081397294998169
v -0.009796527214348316 0.1502499133348465 3.082937717437744
v -0.022800378501415253 0.1444617658853531 3.0952298641204834
v -0.013488509692251682 0.13818953931331635 3.096750497817993
v -0.029202714562416077 0.1370975822210312 3.1082913875579834
v 0.09212370216846466 -0.33776864409446716 3.023423194885254
v 0.09520085155963898 -0.35892629623413086 3.0194690227508545
v -0.040688738226890564 0.16757796704769135 3.054997682571411
v -0.05213208869099617 0.1653999537229538 3.0448079109191895
v -0.06377138197422028 0.16388137638568878 3.0395805835723877
v -0.07740555703639984 0.1619056910276413 3.036081075668335
v -0.09235750883817673 0.16069452464580536 3.035845994949341
v -0.09499252587556839 0.1680820733308792 3.0383756160736084
v 0.0746506005525589 -0.2489449381828308 2.998756170272827
v 0.07050175964832306 -0.2457638829946518 2.9734086990356445
v 0.04842424392700195 -0.4901180565357208 2.93691086769104
v 0.05284833908081055 -0.5033193230628967 2.9597556591033936
v 0.01953630894422531 -0.5084481835365295 2.9503402709960938
v 0.020288601517677307 -0.4963182806968689 2.9291043281555176
v -0.05329849570989609 -0.4876428246498108 2.918438196182251
v -0.01348820049315691 -0.4961075782775879 2.923114776611328
v -0.017377033829689026 -0.5086026787757874 2.945978879928589
v -0.05538206174969673 -0.5018300414085388 2.943484306335449
v -0.046921201050281525 -0.3526226580142975 2.8752033710479736
v -0.04501279443502426 -0.32980188727378845 2.8798866271972656
v -0.015567314811050892 -0.3309081792831421 2.8809404373168945
v -0.01635013520717621 -0.3534465730190277 2.8759665489196777
v 0.06010747700929642 -0.24432677030563354 2.9506967067718506
v 0.045882128179073334 -0.24301189184188843 2.9340980052948
v 0.07103623449802399 -0.25314056873321533 3.022606372833252
v 0.10524353384971619 -0.44320887327194214 3.0977299213409424
v 0.10666324198246002 -0.4694516956806183 3.118384599685669
v 0.11303845047950745 -0.48925483226776123 3.0825655460357666
v 0.11442343890666962 -0.4637829661369324 3.0608162879943848
v 0.08273626863956451 -0.5272037982940674 3.0214531421661377
v 0.052111104130744934 -0.5376734137535095 3.007298707962036
v 0.052422016859054565 -0.5202022790908813 2.9830362796783447
v 0.08504639565944672 -0.5048430562019348 3.0025415420532227
v -0.008120101876556873 -0.2704685628414154 3.113187074661255
v -0.006914601195603609 -0.28158217668533325 3.117769479751587
v 0.012543908320367336 -0.27578234672546387 3.102311611175537
v -0.06795336306095123 -0.2768775522708893 3.1328930854797363
v -0.06871476024389267 -0.28805211186408997 3.1384193897247314
v -0.04809179529547691 -0.2873147428035736 3.134796142578125
v -0.04681567847728729 -0.2759271562099457 3.1291961669921875
v -0.06172896921634674 -0.3697766363620758 3.1282637119293213
v -0.057929009199142456 -0.3498399257659912 3.1246676445007324
v -0.0736471638083458 -0.35367581248283386 3.1322133541107178
v -0.07512945681810379 -0.3720150291919708 3.128500461578369
v 0.0805673897266388 -0.33742886781692505 3.0425846576690674
v 0.07889878749847412 -0.3203088939189911 3.0483381748199463
v 0.06090684235095978 -0.3211868405342102 3.071017026901245
v 0.06216171383857727 -0.3344402611255646 3.069329261779785
v -0.02077258750796318 -0.515308678150177 2.974216938018799
v -0.05665993690490723 -0.506925106048584 2.969674587249756
v 0.08370144665241241 -0.4227420687675476 3.1298251152038574
v 0.08789537847042084 -0.4484649896621704 3.149974822998047
v 0.05891101062297821 -0.43371155858039856 3.1729302406311035
v 0.05650985240936279 -0.40918707847595215 3.1516144275665283
v 0.022930681705474854 -0.4065587818622589 3.160494089126587
v 0.024310290813446045 -0.43101197481155396 3.180359363555908
v -0.07412450760602951 -0.42535099387168884 3.0822017192840576
v -0.07351323217153549 -0.4312973618507385 3.089343786239624
v -0.059018075466156006 -0.4093717634677887 3.099936008453369
v -0.06523903459310532 -0.4038533866405487 3.0951712131500244
v -0.05125818029046059 -0.4485335648059845 2.888047218322754
v -0.017585374414920807 -0.4538080394268036 2.8895184993743896
v -0.016025051474571228 -0.4766351580619812 2.9037723541259766
v -0.051771316677331924 -0.46947887539863586 2.9013290405273438
v 0.028526484966278076 -0.2425764501094818 2.921473741531372
v 0.023049205541610718 -0.22120943665504456 2.92700457572937
v 0.005292091052979231 -0.21992067992687225 2.919072151184082
v 0.002928480040282011 -0.19631768763065338 2.922210216522217
v 0.021545156836509705 -0.19814611971378326 2.9303667545318604
v 0.002586334478110075 -0.0683799535036087 2.943260431289673
v 0.011007933877408504 -0.049142271280288696 2.9447827339172363
v 0.027557536959648132 -0.06318619847297668 2.953927516937256
v 0.020062200725078583 -0.08045071363449097 2.9527108669281006
v -0.031143609434366226 0.0867515355348587 2.970972776412964
v -0.029609665274620056 0.07219074666500092 2.9628145694732666
v 0.013856532983481884 -0.5406976938247681 3.000173568725586
v 0.0225723534822464 -0.5589679479598999 3.0270533561706543
v -0.014512688852846622 -0.5552535653114319 3.026873826980591
v -0.03175247833132744 -0.5272717475891113 2.9993348121643066
v 0.08218729496002197 -0.547248899936676 3.0475685596466064
v 0.105156809091568 -0.5088851451873779 3.0497658252716064
v 0.1025068461894989 -0.5322795510292053 3.071626663208008
v 0.10594548285007477 -0.4919649362564087 3.1403214931488037
v 0.11123839020729065 -0.5126893520355225 3.105518102645874
v 0.05912013351917267 -0.45949769020080566 3.192453145980835
v 0.024864763021469116 -0.4572981595993042 3.1980345249176025
v -0.05822038650512695 -0.46941056847572327 3.140150785446167
v -0.05441849306225777 -0.4926435351371765 3.1519863605499268
v -0.03641141951084137 -0.47762659192085266 3.1742324829101562
v -0.03835078328847885 -0.45300477743148804 3.1621546745300293
v -0.02394450083374977 -0.3600268065929413 3.1057965755462646
v -0.01522355992347002 -0.3685380518436432 3.1077122688293457
v 0.012775580398738384 -0.3548150360584259 3.097346067428589
v 0.010987642221152782 -0.3449361026287079 3.0951826572418213
v -0.04601067677140236 -0.2656079828739166 3.126020669937134
v -0.06310255825519562 -0.2669934332370758 3.128600597381592
v -0.009264514781534672 -0.2597653269767761 3.109964370727539
v -0.02833857759833336 -0.26322218775749207 3.1200218200683594
v -0.027951586991548538 -0.27450135350227356 3.1235179901123047
v -0.03931970149278641 -0.19986514747142792 3.1397080421447754
v -0.04270458593964577 -0.21980427205562592 3.135481119155884
v -0.022489655762910843 -0.21749387681484222 3.12727427482605
v -0.018633559346199036 -0.1975565105676651 3.1318955421447754
v -0.014695052988827229 -0.1750456541776657 3.136709213256836
v -0.03580017387866974 -0.1770045906305313 3.144299268722534
v -0.03426089882850647 -0.13272938132286072 3.143404006958008
v -0.014173914678394794 -0.13536058366298676 3.1377594470977783
v -0.012797311879694462 -0.12298871576786041 3.1487810611724854
v -0.05616534501314163 0.011802257038652897 3.153276205062866
v -0.05614887923002243 -0.005397869739681482 3.1582210063934326
v 0.08579559624195099 -0.3515123724937439 3.0538361072540283
v -0.059722885489463806 -0.520136833190918 3.0259623527526855
v -0.044893451035022736 -0.5470661520957947 3.0421133041381836
v -0.060373593121767044 -0.5355201363563538 3.068821668624878
v -0.06845023483037949 -0.5113496780395508 3.0576374530792236
v 0.09032128751277924 -0.31825748085975647 3.0272490978240967
v 0.058028534054756165 -0.2473488450050354 3.045959234237671
v 0.062051527202129364 -0.25843966007232666 3.046269416809082
v 0.05906049907207489 -0.11163623631000519 3.0787312984466553
v 0.05541449785232544 -0.1303381323814392 3.0665459632873535
v -0.0005121608846820891 -0.08418980240821838 3.181077241897583
v -0.0032452126033604145 -0.07335491478443146 3.182042121887207
v 0.1074347198009491 -0.48478150367736816 3.026078939437866
v 0.05910144001245499 -0.4856228828430176 3.209162712097168
v 0.025727882981300354 -0.48471856117248535 3.214379072189331
v 0.025446772575378418 -0.512208104133606 3.2288036346435547
v 0.05801752954721451 -0.5119367241859436 3.2246081829071045
v -0.05554027110338211 -0.5329390168190002 3.139571189880371
v -0.04667951911687851 -0.5589874386787415 3.1554737091064453
v -0.04187685623764992 -0.5442088842391968 3.1770782470703125
v -0.04895631968975067 -0.517931342124939 3.16463565826416
v -0.03752100095152855 -0.5836853384971619 3.1721062660217285
v -0.029904525727033615 -0.6073088645935059 3.188110589981079
v -0.028185367584228516 -0.5962617993354797 3.209907054901123
v -0.03474612534046173 -0.5699120163917542 3.194511651992798
v 0.08865225315093994 -0.4723808169364929 3.171001672744751
v 0.10173621773719788 -0.5367212295532227 3.1805131435394287
v 0.10389293730258942 -0.5137155652046204 3.1609549522399902
v 0.08661754429340363 -0.49685150384902954 3.1890337467193604
v 0.08544294536113739 -0.5218971371650696 3.207109212875366
v 0.05551883578300476 -0.5570185780525208 3.037095785140991
v -0.068865567445755 -0.48502323031425476 3.118624448776245
v -0.06380811333656311 -0.5076755881309509 3.125272274017334
v -0.033781539648771286 -0.5849171280860901 3.1110777854919434
v -0.046786483377218246 -0.560545027256012 3.0909841060638428
v -0.02862539142370224 -0.5724971294403076 3.068005084991455
v -0.01581370085477829 -0.5954996943473816 3.092092275619507
v 0.08783388137817383 -0.5840070843696594 3.1007814407348633
v 0.08527538180351257 -0.5657798051834106 3.0774433612823486
v 0.10288724303245544 -0.5508982539176941 3.099559783935547
v 0.103462353348732 -0.569642186164856 3.123718500137329
v 0.10900810360908508 -0.5322129130363464 3.1303131580352783
v 0.10750126838684082 -0.5534555912017822 3.1517751216888428
v 0.09898284077644348 -0.5821034908294678 3.220524311065674
v 0.09985744953155518 -0.5595250725746155 3.1996006965637207
v 0.083251953125 -0.5464833378791809 3.225067377090454
v 0.08183592557907104 -0.571078360080719 3.2432186603546143
v 0.10682497918605804 -0.5950223803520203 3.1934943199157715
v 0.10709208250045776 -0.5742161870002747 3.1711361408233643
v 0.1050197035074234 -0.6067383885383606 3.1683390140533447
v 0.10446706414222717 -0.5887482166290283 3.145632266998291
v 0.0923314243555069 -0.6170914769172668 3.1471951007843018
v 0.0905875563621521 -0.6012243032455444 3.123392343521118
v 0.07420109212398529 -0.6257238984107971 3.132936716079712
v 0.0701255053281784 -0.6110512018203735 3.10923171043396
v 0.0449535995721817 -0.6175651550292969 3.1030430793762207
v 0.05176360905170441 -0.6312627792358398 3.1265878677368164
v 0.02781791239976883 -0.6331872344017029 3.1267685890197754
v 0.01927904784679413 -0.6182708740234375 3.106076240539551
v -0.012401592917740345 -0.6262874603271484 3.1488914489746094
v -0.022233683615922928 -0.6068676114082336 3.131723642349243
v -0.004713520873337984 -0.6151842474937439 3.1143834590911865
v 0.005402121227234602 -0.6321322917938232 3.1351778507232666
v 0.022609584033489227 -0.6780274510383606 3.2000560760498047
v 0.013297098688781261 -0.6684067249298096 3.193268060684204
v 0.03300485014915466 -0.6650775074958801 3.1891794204711914
v 0.04142690449953079 -0.6733195185661316 3.1980462074279785
v 0.058875516057014465 -0.6701680421829224 3.1965584754943848
v 0.05183783173561096 -0.6615411043167114 3.1890954971313477
v 0.07012040913105011 -0.6587485671043396 3.1896960735321045
v 0.07766592502593994 -0.6680245995521545 3.1972103118896484
v 0.09909078478813171 -0.6546915769577026 3.210081100463867
v 0.10467565059661865 -0.668526291847229 3.2189719676971436
v 0.09371614456176758 -0.6669656038284302 3.204160213470459
v 0.0870707631111145 -0.6563553214073181 3.195582389831543
v 0.11162108182907104 -0.6537005305290222 3.2279882431030273
v 0.11433815956115723 -0.670621931552887 3.235781192779541
v 0.11076408624649048 -0.6531437635421753 3.2502236366271973
v 0.11055168509483337 -0.6744109392166138 3.2570157051086426
v 0.09476113319396973 -0.6533939242362976 3.272183895111084
v 0.09373897314071655 -0.6777730584144592 3.276304006576538
v -0.01297068689018488 -0.6637730002403259 3.239994764328003
v -0.012516171671450138 -0.6655778884887695 3.2225608825683594
v -0.004032813478261232 -0.681325376033783 3.223148822784424
v -0.006350160110741854 -0.6824318170547485 3.2421891689300537
v 0.009634601883590221 -0.6588402986526489 3.2791969776153564
v 0.015527232550084591 -0.6842169761657715 3.274724245071411
v 0.028165943920612335 -0.6822571158409119 3.2929422855377197
v 0.025908708572387695 -0.654198944568634 3.29640793800354
v 0.09758460521697998 -0.6052748560905457 3.2419302463531494
v 0.10675950348377228 -0.6146332621574402 3.215275526046753
v 0.105846107006073 -0.6230260133743286 3.191012144088745
v 0.09367142617702484 -0.6307072043418884 3.172626495361328
v -0.0033467900939285755 -0.6430365443229675 3.1673691272735596
v 0.01524719875305891 -0.6457380056381226 3.1557650566101074
v -0.023077215999364853 -0.6209018230438232 3.2256252765655518
v -0.024034596979618073 -0.629324197769165 3.2035117149353027
v 0.05144934356212616 -0.6223828792572021 3.293194055557251
v 0.07785394042730331 -0.6238299608230591 3.280428409576416
v 0.08009453117847443 -0.5968502163887024 3.2634153366088867
v 0.05282355844974518 -0.5933790802955627 3.2748751640319824
v 0.10934260487556458 -0.6330158114433289 3.2349812984466553
v 0.10771970450878143 -0.6381957530975342 3.2105209827423096
v 0.09561203420162201 -0.6426367163658142 3.192667007446289
v 0.06400573253631592 -0.6507021188735962 3.1726441383361816
v 0.08211566507816315 -0.6470844745635986 3.178786039352417
v 0.044427722692489624 -0.6534042954444885 3.1714391708374023
v 0.0048577855341136456 -0.6567396521568298 3.179190158843994
v 0.024570196866989136 -0.6564715504646301 3.1733806133270264
v -0.017033308744430542 -0.6432897448539734 3.2359907627105713
v -0.018001317977905273 -0.6485720872879028 3.2146544456481934
v 0.051919467747211456 -0.6803276538848877 3.3005528450012207
v 0.0771288052201271 -0.6794340014457703 3.293954610824585
v 0.07642234861850739 -0.6523593068122864 3.29099178314209
v 0.051380276679992676 -0.6520146131515503 3.302699565887451
v 0.05370216816663742 -0.7055865526199341 3.289867877960205
v 0.03280584514141083 -0.7057144045829773 3.283393383026123
v 0.08193406462669373 -0.6791908144950867 3.1955254077911377
v 0.06627915054559708 -0.6806939244270325 3.194753885269165
v 0.09851376712322235 -0.6807785630226135 3.202997922897339
v 0.10878734290599823 -0.6971564292907715 3.2561557292938232
v 0.11637628078460693 -0.6887571215629578 3.2341983318328857
v 0.09285029768943787 -0.7041615843772888 3.274507761001587
v 0.07546424120664597 -0.7031317949295044 3.2881617546081543
v 0.01245663221925497 -0.7138383984565735 3.2092947959899902
v 0.009280293248593807 -0.7196410298347473 3.224867820739746
v 0.0004602106346283108 -0.6975871920585632 3.2349889278411865
v 0.0053848023526370525 -0.6963167786598206 3.2200992107391357
v 0.03562238812446594 -0.7039217352867126 3.1866118907928467
v 0.03149513900279999 -0.6884592175483704 3.2011632919311523
v 0.048702940344810486 -0.6844347715377808 3.1977217197418213
v 0.05285916477441788 -0.6981574296951294 3.17903470993042
v 0.09014947712421417 -0.6949511766433716 3.1820287704467773
v 0.071782186627388 -0.6949434876441956 3.17769455909729
v 0.10638779401779175 -0.6965418457984924 3.1908087730407715
v 0.11858883500099182 -0.7112385630607605 3.226480722427368
v 0.11868514120578766 -0.7017674446105957 3.2059073448181152
v 0.11040650308132172 -0.683052122592926 3.21575927734375
v 0.1088356226682663 -0.7227652072906494 3.2496254444122314
v 0.08696560561656952 -0.7606287598609924 3.2518069744110107
v 0.11112084984779358 -0.7505176067352295 3.2388253211975098
v 0.0849660336971283 -0.7321093082427979 3.2647948265075684
v 0.0660383477807045 -0.8474789261817932 3.2020246982574463
v 0.06713547557592392 -0.8773595094680786 3.184014320373535
v 0.08895212411880493 -0.8750444054603577 3.1885826587677
v 0.09054963290691376 -0.8456361293792725 3.2060344219207764
v 0.014787758700549603 -0.7363343238830566 3.1919057369232178
v 0.013107175938785076 -0.7430583834648132 3.20943284034729
v 0.05641217529773712 -0.7170172929763794 3.1591851711273193
v 0.036685630679130554 -0.7225155830383301 3.1650068759918213
v 0.12650956213474274 -0.7625123262405396 3.199937582015991
v 0.1267637312412262 -0.7503865361213684 3.177363634109497
v 0.12343469262123108 -0.7246053218841553 3.1932003498077393
v 0.12259334325790405 -0.7362770438194275 3.2154228687286377
v 0.016556162387132645 -0.8257254362106323 3.1597564220428467
v 0.01346519123762846 -0.797034502029419 3.175713062286377
v 0.015859972685575485 -0.7884637117385864 3.156036376953125
v 0.01892586052417755 -0.8179664015769958 3.14180064201355
v 0.055987223982810974 -0.7407168745994568 3.1382501125335693
v 0.057140856981277466 -0.7689532041549683 3.122833251953125
v 0.038419537246227264 -0.7744920253753662 3.1293487548828125
v 0.035616472363471985 -0.7464882731437683 3.1450741291046143
v 0.12485912442207336 -0.8234754800796509 3.1714377403259277
v 0.12634441256523132 -0.8128126859664917 3.1495726108551025
v 0.1283501237630844 -0.7799535393714905 3.162933588027954
v 0.12721499800682068 -0.7917279005050659 3.1855711936950684
v 0.08954659104347229 -0.7882140874862671 3.237536907196045
v 0.09190982580184937 -0.8163856863975525 3.2218995094299316
v 0.11517326533794403 -0.8053368330001831 3.2088077068328857
v 0.11455002427101135 -0.7771247625350952 3.2233927249908447
v 0.0627170279622078 -0.7899932265281677 3.2335939407348633
v 0.06537140905857086 -0.8180312514305115 3.21822190284729
v 0.03220689296722412 -0.8841575980186462 3.1178038120269775
v 0.030278749763965607 -0.8926874995231628 3.1312255859375
v 0.023118838667869568 -0.8587874174118042 3.1459527015686035
v 0.025267325341701508 -0.8502011299133301 3.129871129989624
v 0.05959361046552658 -0.8003429770469666 3.110621213912964
v 0.06229767948389053 -0.8351095914840698 3.1022872924804688
v 0.04532051086425781 -0.8387676477432251 3.107250452041626
v 0.04100118577480316 -0.8051458597183228 3.116684913635254
v 0.11551927030086517 -0.8913174867630005 3.1409189701080322
v 0.11559048295021057 -0.8827147483825684 3.1225759983062744
v 0.12182013690471649 -0.8478109240531921 3.137439727783203
v 0.12079280614852905 -0.8567456603050232 3.1567795276641846
v 0.08772626519203186 -0.9067005515098572 3.1689610481262207
v 0.10719646513462067 -0.900566041469574 3.1596522331237793
v 0.11045330762863159 -0.8673517107963562 3.1779510974884033
v 0.06757878512144089 -0.9087277054786682 3.1661975383758545
v 0.06741191446781158 -0.9407842755317688 3.1477317810058594
v 0.08446890115737915 -0.9394571185112 3.150108575820923
v 0.03688100725412369 -0.9175581336021423 3.1033029556274414
v 0.03682707995176315 -0.9247159361839294 3.116215467453003
v 0.04983653873205185 -0.9079374670982361 3.0856049060821533
v 0.04903903603553772 -0.8734975457191467 3.096599578857422
v 0.06376364082098007 -0.8695418834686279 3.0925610065460205
v 0.0633493959903717 -0.9033625721931458 3.080718755722046
v 0.09686580300331116 -0.8727139830589294 3.095655918121338
v 0.09327396750450134 -0.9066266417503357 3.0846049785614014
v 0.07896540313959122 -0.9028812050819397 3.0804200172424316
v 0.08073238283395767 -0.8692713379859924 3.0899856090545654
v 0.10782180726528168 -0.9150213599205017 3.1073272228240967
v 0.10243706405162811 -0.909684419631958 3.0940232276916504
v 0.10877904295921326 -0.8763225674629211 3.1047427654266357
v 0.10987165570259094 -0.9228999018669128 3.1252686977386475
v 0.102217897772789 -0.9330448508262634 3.1423451900482178
v -0.07552127540111542 -0.48860424757003784 3.030738592147827
v -0.0672779306769371 -0.49869608879089355 3.023869752883911
v -0.07347489148378372 -0.49247264862060547 3.0573489665985107
v -0.07787981629371643 -0.4794139266014099 3.060497283935547
v -0.026821423321962357 -0.5303118228912354 3.2023165225982666
v -0.03138609603047371 -0.5025253891944885 3.188354969024658
v -0.017861463129520416 -0.5854530930519104 3.2312512397766113
v -0.021698493510484695 -0.5577331185340881 3.2180063724517822
v -0.012872775085270405 -0.612419068813324 3.2450168132781982
v -0.004646201152354479 -0.6615232825279236 3.2608206272125244
v -0.007503305096179247 -0.6382505893707275 3.257106304168701
v 0.0002354005555389449 -0.6825981140136719 3.257132053375244
v 0.00832629855722189 -0.7031245827674866 3.250002384185791
v 0.014970253221690655 -0.7267103791236877 3.2399091720581055
v 0.021862581372261047 -0.7768788933753967 3.212087392807007
v 0.01989927887916565 -0.7506165504455566 3.2258107662200928
v 0.01341493334621191 -0.7692095041275024 3.192349433898926
v 0.025367863476276398 -0.835292637348175 3.1791810989379883
v 0.022883936762809753 -0.8051268458366394 3.1956536769866943
v 0.03662640601396561 -0.9013754725456238 3.144313097000122
v 0.03049881011247635 -0.868242621421814 3.162199020385742
v 0.043394334614276886 -0.9325686097145081 3.130241870880127
v -0.011308976449072361 -0.39677029848098755 3.142970085144043
v -0.011869837529957294 -0.3832193613052368 3.1241352558135986
v -0.03770795464515686 -0.4004019796848297 3.127509832382202
v -0.03884609043598175 -0.4131169021129608 3.137817859649658
v -0.08104734122753143 -0.446891725063324 3.0646116733551025
v -0.08115174621343613 -0.4522912800312042 3.0673811435699463
v -0.07853907346725464 -0.44387927651405334 3.0786068439483643
v -0.0787288248538971 -0.4384879469871521 3.07218074798584
v 0.0974142849445343 -0.6287364959716797 3.2606911659240723
v 0.07798632234334946 -0.6375057101249695 3.1582632064819336
v 0.03652051091194153 -0.6448344588279724 3.151150941848755
v 0.057797566056251526 -0.641771137714386 3.1498475074768066
v 0.0047422307543456554 -0.6321690082550049 3.275611639022827
v 0.02473348379135132 -0.6251077651977539 3.288881778717041
v 0.02453570067882538 -0.5962157249450684 3.274331569671631
v 0.0025435718707740307 -0.6038228869438171 3.262659788131714
v 0.059481993317604065 -0.7655856609344482 3.2469964027404785
v 0.0362822487950325 -0.7595003247261047 3.2389750480651855
v 0.03969225287437439 -0.7852901220321655 3.2247114181518555
v 0.05807865411043167 -0.7425812482833862 3.261732339859009
v 0.11357595026493073 -0.7169081568717957 3.1756694316864014
v 0.09710042178630829 -0.7135348916053772 3.1638848781585693
v 0.07859186083078384 -0.7369247078895569 3.138612747192383
v 0.07718680799007416 -0.7137219309806824 3.158721685409546
v 0.10045365989208221 -0.7368579506874084 3.1447594165802
v -0.0014444260159507394 -0.5480068922042847 3.2360007762908936
v -0.0006403183215297759 -0.5758646726608276 3.2501089572906494
v 0.024751245975494385 -0.5678351521492004 3.2591116428375244
v 0.024879589676856995 -0.5400128960609436 3.243974208831787
v 0.029154211282730103 -0.1632523238658905 2.951385498046875
v 0.04233257472515106 -0.17073191702365875 2.9659790992736816
v 0.05659782886505127 -0.0957329124212265 3.1247940063476562
v 0.047364115715026855 -0.10544529557228088 3.1315457820892334
v 0.04635339975357056 -0.11412286758422852 3.114198923110962
v 0.0574527308344841 -0.10378597676753998 3.1050970554351807
v 0.06506258249282837 -0.09083865582942963 3.1000185012817383
v 0.06288225948810577 -0.08376604318618774 3.1196582317352295
v 0.0692901760339737 -0.07647080719470978 3.0962061882019043
v 0.06667625904083252 -0.06982363760471344 3.1156833171844482
v 0.07205367088317871 -0.008752449415624142 3.0807485580444336
v 0.07489099353551865 0.001335815992206335 3.0758132934570312
v -0.05643352121114731 -0.13552294671535492 3.1476659774780273
v -0.05656246468424797 -0.15644074976444244 3.149918556213379
v -0.03386997431516647 -0.1546633243560791 3.146250009536743
v -0.02772926166653633 -0.2847527861595154 3.1284313201904297
v -0.017046663910150528 -0.3385739326477051 3.101829767227173
v -0.03962104022502899 -0.3436168432235718 3.1138062477111816
v -0.04637974128127098 -0.36562034487724304 3.114408016204834
v -0.07822936773300171 -0.4101393520832062 3.0942859649658203
v -0.08470945805311203 -0.4213048815727234 3.083366870880127
v -0.08459724485874176 -0.43700048327445984 3.0702621936798096
v -0.08390411734580994 -0.44556111097335815 3.061479091644287
v -0.02013399824500084 -0.10207153856754303 2.9351143836975098
v -0.019236717373132706 -0.08048278093338013 2.9362130165100098
v -0.06612077355384827 0.08462513983249664 2.978532314300537
v -0.048885777592659 0.0914793461561203 2.9787259101867676
v -0.05050079897046089 0.11413531005382538 2.9932796955108643
v -0.06738776713609695 0.10856829583644867 2.9920709133148193
v -0.06850375980138779 0.1175716370344162 2.997328758239746
v -0.051677338778972626 0.12337018549442291 3.0002572536468506
v -0.07519888877868652 0.15498830378055573 3.028367042541504
v -0.0724683403968811 0.14894519746303558 3.021744966506958
v -0.0824987068772316 -0.4605681300163269 3.053497076034546
v -0.08182168751955032 -0.46821483969688416 3.048516273498535
v -0.08098754286766052 -0.45924296975135803 3.068507194519043
v -0.06001345440745354 -0.44912296533584595 3.1333980560302734
v -0.06019795686006546 -0.43215417861938477 3.130140781402588
v -0.07243175804615021 -0.4510987401008606 3.1112000942230225
v -0.07161612063646317 -0.46621572971343994 3.11395525932312
v 0.1134987324476242 -0.4338848888874054 3.045050621032715
v 0.10257008671760559 -0.41636645793914795 3.08065128326416
v 0.01682719960808754 -0.5221709609031677 2.9761931896209717
v 0.16174565255641937 -0.047402337193489075 2.9414525032043457
v 0.14250342547893524 -0.035275280475616455 2.952261447906494
v 0.14767320454120636 -0.026200411841273308 2.9429569244384766
v 0.167378768324852 -0.038255974650382996 2.9338183403015137
v -0.01806699112057686 -0.0017220214940607548 2.938725709915161
v -0.010737583972513676 -0.02959202043712139 2.938450574874878
v -0.004842695314437151 0.13059891760349274 3.0986287593841553
v 0.06480315327644348 0.12469793856143951 3.090282440185547
v 0.052678242325782776 0.12756074965000153 3.0900325775146484
v 0.052971288561820984 0.10785843431949615 3.1068434715270996
v 0.06323516368865967 0.10586570203304291 3.1083545684814453
v 0.052265897393226624 0.11618714034557343 3.007460832595825
v 0.03992284834384918 0.11813895404338837 3.0029985904693604
v 0.04366394877433777 0.12901122868061066 3.018918514251709
v 0.055340155959129333 0.12609921395778656 3.02310848236084
v -0.017834585160017014 -0.3782176971435547 2.8728740215301514
v -0.04832187667489052 -0.3773776888847351 2.873072385787964
v -0.03711323440074921 -0.1638472080230713 2.922565221786499
v -0.039194632321596146 -0.14175398647785187 2.9271037578582764
v -0.02031926065683365 -0.14613334834575653 2.9273974895477295
v -0.017708521336317062 -0.16828171908855438 2.9227888584136963
v 0.010517998598515987 -0.015705419704318047 2.9441275596618652
v 0.024103522300720215 -0.033427730202674866 2.9497439861297607
v -0.05043499544262886 -0.07328927516937256 3.1761515140533447
v -0.03502761200070381 -0.06799335777759552 3.180110454559326
v -0.03730570897459984 -0.050635114312171936 3.176804542541504
v -0.05358334258198738 -0.054587870836257935 3.174222946166992
v 0.13928629457950592 0.013824434019625187 2.9513323307037354
v 0.13459204137325287 -0.0027676508761942387 2.948180913925171
v 0.11516155302524567 0.006200091447681189 2.9597184658050537
v 0.11725695431232452 0.017924698069691658 2.9598159790039062
v 0.08385884761810303 -0.48451176285743713 2.9776346683502197
v 0.10666283965110779 -0.4526725709438324 2.9998292922973633
v 0.05362987518310547 -0.1438061147928238 2.989657402038574
v 0.05177420377731323 -0.16192437708377838 2.987154722213745
v 0.04078446328639984 -0.15259197354316711 2.9694488048553467
v 0.04319247603416443 -0.13474425673484802 2.9709439277648926
v 0.05908145010471344 -0.09531664848327637 3.002056837081909
v 0.05477176606655121 -0.11035792529582977 2.998403310775757
v 0.0651981309056282 -0.07989543676376343 3.0047545433044434
v 0.07859601080417633 0.019749240949749947 3.0099105834960938
v 0.07761842012405396 0.014430747367441654 3.0157105922698975
v 0.07523323595523834 0.019272373989224434 3.0077335834503174
v -0.038271766155958176 -0.4309707283973694 3.1484460830688477
v -0.038350269198417664 -0.38695913553237915 3.110952377319336
v -0.04549436271190643 -0.3833901584148407 3.1077792644500732
v -0.08272518962621689 -0.45331835746765137 3.0532805919647217
v -0.08372906595468521 -0.45150744915008545 3.053515911102295
v -0.03416267782449722 0.1480703204870224 3.109738826751709
v -0.030191604048013687 0.15271885693073273 3.095343589782715
v 0.10146872699260712 -0.005005581770092249 2.999873399734497
v 0.09321311116218567 0.005554170813411474 3.012702226638794
v 0.07693325728178024 -0.007720305118709803 3.0314688682556152
v 0.07746610045433044 0.001012550201267004 3.028878688812256
v 0.07735764235258102 -0.00026748934760689735 3.0436055660247803
v 0.07617288082838058 -0.01017062272876501 3.0462448596954346
v 0.07591339945793152 -0.003678335342556238 3.0190584659576416
v 0.07611938565969467 0.0042879595421254635 3.0174102783203125
v 0.046487465500831604 0.02315797097980976 3.1267521381378174
v 0.0499623641371727 0.03959423303604126 3.1220736503601074
v 0.04021055996417999 0.04221358895301819 3.126112699508667
v 0.036602601408958435 0.0257407296448946 3.132441759109497
v 0.024844765663146973 0.02627234347164631 3.1372740268707275
v 0.02808494120836258 0.044910117983818054 3.130511522293091
v 0.013717531226575375 0.045039817690849304 3.134803295135498
v 0.010839193128049374 0.0259916502982378 3.1426444053649902
v -0.007353105116635561 0.10573212802410126 3.1162664890289307
v -0.024245649576187134 0.09440307319164276 3.12613844871521
v -0.042988769710063934 0.08622430264949799 3.1325113773345947
v -0.06013360619544983 0.08113114535808563 3.1377615928649902
v -0.06844425201416016 0.143089160323143 3.0156848430633545
v -0.04745858535170555 0.14787666499614716 3.0194897651672363
v -0.05085492506623268 0.13955248892307281 3.0117783546447754
v -0.0681387186050415 0.13528846204280853 3.0098605155944824
v -0.08570955693721771 0.1323460191488266 3.008209705352783
v -0.08724486827850342 0.13962869346141815 3.0139756202697754
v -0.03945357725024223 0.13198362290859222 3.119029998779297
v -0.05146198719739914 0.1252286583185196 3.1291792392730713
v -0.06257042288780212 0.10627244412899017 3.133317708969116
v 0.21500049531459808 -0.009067459963262081 3.003645896911621
v 0.19917134940624237 0.006119625177234411 3.014699697494507
v -0.03327525779604912 0.1658509224653244 3.0674257278442383
v -0.02985842153429985 0.15961341559886932 3.0813207626342773
v 0.2170080989599228 -0.00027264514937996864 2.98937726020813
v 0.2006058543920517 0.015374706126749516 2.9998443126678467
v 0.03841666877269745 0.08600963652133942 3.1170899868011475
v 0.05032344162464142 0.08453170955181122 3.1151652336120605
v 0.041565850377082825 0.10939563810825348 3.1071205139160156
v -0.04209483042359352 0.1437837928533554 3.121976137161255
v -0.05266055837273598 0.13796059787273407 3.132652521133423
v 0.1085084080696106 -0.403690367937088 3.0355029106140137
v 0.09657320380210876 -0.3901883065700531 3.066300868988037
v 0.0595487505197525 -0.1984827071428299 3.0276567935943604
v 0.05418121814727783 -0.20780159533023834 3.0490126609802246
v -0.0829634889960289 -0.20228445529937744 3.141725778579712
v -0.08476542681455612 -0.22160805761814117 3.137791156768799
v -0.06388258188962936 -0.22096958756446838 3.138368606567383
v -0.06096283718943596 -0.2015538066625595 3.143393039703369
v -0.07938599586486816 -0.13778647780418396 3.146832227706909
v -0.08008506149053574 -0.1591482162475586 3.1475019454956055
v -0.07325058430433273 0.14274518191814423 3.144563674926758
v -0.04667452350258827 -0.2522532343864441 3.1258625984191895
v -0.045280326157808304 -0.23702694475650787 3.1302037239074707
v -0.06585660576820374 -0.2374676614999771 3.132042407989502
v -0.06808097660541534 -0.25451502203941345 3.126690626144409
v -0.07706699520349503 -0.2709033191204071 3.129124879837036
v -0.0784808099269867 -0.2754075527191162 3.1311280727386475
v -0.06628786027431488 -0.3834094703197479 3.121978282928467
v -0.07617649435997009 -0.3852202594280243 3.1249184608459473
v 0.14399035274982452 0.01897868700325489 3.0642659664154053
v 0.15451760590076447 0.034245505928993225 3.0612263679504395
v 0.14381961524486542 0.044341057538986206 3.0726706981658936
v 0.1337837427854538 0.028498398140072823 3.0742547512054443
v -0.008370076306164265 -0.24645476043224335 3.1090779304504395
v -0.0274931900203228 -0.24988433718681335 3.1200191974639893
v 0.06767454743385315 -0.016404328867793083 3.1006343364715576
v 0.07051033526659012 -0.019740266725420952 3.084620714187622
v -0.057218387722969055 -0.11729210615158081 3.1545588970184326
v -0.019718339666724205 -0.06297135353088379 3.1813557147979736
v -0.021564558148384094 -0.04726952314376831 3.1770875453948975
v -0.005021699238568544 -0.05861446261405945 3.180309534072876
v -0.006408099550753832 -0.043712615966796875 3.1749231815338135
v -0.08375865966081619 -0.4569706916809082 3.039533853530884
v -0.08362603187561035 -0.46003031730651855 3.0492286682128906
v 0.12532810866832733 0.0732337087392807 2.991241693496704
v 0.12084488570690155 0.06700529158115387 2.9852652549743652
v 0.11096508800983429 0.07230113446712494 2.989245653152466
v 0.1157732754945755 0.07955281436443329 2.9944093227386475
v -0.07122550904750824 -0.49932196736335754 3.0940511226654053
v -0.0748673602938652 -0.48147979378700256 3.089613676071167
v -0.06095082312822342 -0.50135737657547 2.9942963123321533
v -0.0760490819811821 -0.4913023114204407 3.0056729316711426
v -0.08252894133329391 -0.48956942558288574 3.000974655151367
v -0.08162793517112732 -0.4905627965927124 2.986055374145508
v -0.008769799955189228 -0.46497607231140137 3.190782308578491
v -0.009408344514667988 -0.43842434883117676 3.174147367477417
v -0.0064661805517971516 -0.49268120527267456 3.206810712814331
v -0.004517227876931429 -0.5208973288536072 3.2224748134613037
v 0.021649323403835297 -0.7071813344955444 3.2641937732696533
v 0.03217605501413345 -0.7330700755119324 3.255352020263672
v 0.04253203421831131 -0.8129132986068726 3.20843243598938
v 0.044935718178749084 -0.84237140417099 3.191767454147339
v 0.047657959163188934 -0.8740045428276062 3.1746532917022705
v 0.05472901463508606 -0.9374027252197266 3.139716625213623
v 0.050671644508838654 -0.9068024754524231 3.157348155975342
v 0.2151520699262619 0.004542843904346228 2.9741594791412354
v 0.21060307323932648 0.0038720085285604 2.958926200866699
v 0.19186528027057648 0.020411672070622444 2.967710018157959
v 0.19699622690677643 0.021892772987484932 2.9842422008514404
v 0.12781228125095367 -0.03195296227931976 2.9886250495910645
v 0.14302177727222443 -0.04435546696186066 2.978522539138794
v 0.14765901863574982 -0.045210689306259155 2.992617607116699
v 0.13257570564746857 -0.031652554869651794 3.004377841949463
v 0.1590927690267563 -0.056924596428871155 2.9674839973449707
v 0.14103727042675018 -0.04094524681568146 2.964744806289673
v 0.1589847356081009 -0.05295157432556152 2.9539549350738525
v 0.17510147392749786 -0.026209337636828423 2.9305968284606934
v 0.1554311066865921 -0.014279677532613277 2.9396872520446777
v 0.16354693472385406 -0.0011341557838022709 2.9407031536102295
v 0.18420206010341644 -0.015275313518941402 2.931478261947632
v 0.20321591198444366 -1.9653245544759557e-05 2.9469640254974365
v 0.19411541521549225 -0.006705848965793848 2.9367835521698
v 0.17472223937511444 0.008345664478838444 2.946065664291382
v 0.18482418358325958 0.015488834120333195 2.955481767654419
v 0.17843042314052582 -0.05340133607387543 3.0056824684143066
v 0.16251038014888763 -0.03877812623977661 3.017765998840332
v 0.15415363013744354 -0.043569549918174744 3.006319046020508
v 0.1696513146162033 -0.05814586579799652 2.99470853805542
v 0.16159836947917938 0.04942096769809723 3.0505523681640625
v 0.15188990533351898 0.06169264018535614 3.0643930435180664
v 0.07955153286457062 0.012910381890833378 3.0827038288116455
v 0.08542320132255554 0.016952158883213997 3.072476625442505
v 0.093033567070961 0.019028710201382637 3.0837559700012207
v 0.08429847657680511 0.019071640446782112 3.093902349472046
v 0.17700569331645966 0.009250403381884098 3.0383806228637695
v 0.18485195934772491 0.021666275337338448 3.026684284210205
v 0.17233048379421234 0.03658440709114075 3.0397303104400635
v 0.16482000052928925 0.022557096555829048 3.0504162311553955
v 0.14674480259418488 -0.024416757747530937 3.0301430225372314
v 0.13139279186725616 -0.012159227393567562 3.0430541038513184
v 0.12375335395336151 -0.0157718937844038 3.030238151550293
v 0.13856779038906097 -0.029610170051455498 3.0179853439331055
v 0.11158768832683563 -0.004597081337124109 2.9668540954589844
v 0.12853960692882538 -0.014940871857106686 2.9543778896331787
v 0.12145031988620758 0.014846102334558964 3.0701677799224854
v 0.13169534504413605 0.006183223333209753 3.0615553855895996
v 0.06685636937618256 -0.027467845007777214 3.1037261486053467
v 0.07536403834819794 -0.019611669704318047 3.048516273498535
v 0.07520180195569992 -0.03023233823478222 3.0489814281463623
v 0.04792143404483795 -0.09382137656211853 3.14410138130188
v 0.04796864092350006 -0.08028663694858551 3.152153730392456
v 0.07406259328126907 -0.06143389642238617 3.0715906620025635
v 0.071854367852211 -0.0787302553653717 3.073035717010498
v 0.05234426259994507 -0.07814741134643555 3.145742893218994
v 0.054440587759017944 -0.08625230193138123 3.1383440494537354
v 0.00413499353453517 -0.15281933546066284 3.128342390060425
v -0.06174612417817116 0.0934668630361557 3.134042978286743
v 0.14148922264575958 -0.004528863821178675 3.0497350692749023
v 0.153631791472435 0.0073324753902852535 3.0523838996887207
v 0.10201726853847504 0.022329913452267647 2.9686169624328613
v 0.0995485931634903 0.01305252406746149 2.9719977378845215
v 0.08875627815723419 0.01933823712170124 2.9840941429138184
v 0.08994807302951813 0.026778923347592354 2.9784488677978516
v 0.03718491643667221 0.010306821204721928 2.9624154567718506
v 0.04519131779670715 -0.00313235679641366 2.9678735733032227
v 0.03680361807346344 -0.018605319783091545 2.957918882369995
v 0.026555657386779785 -0.0036308602429926395 2.9514546394348145
v 0.13720084726810455 0.07790632545948029 3.001009702682495
v 0.1281016618013382 0.08716733753681183 3.007589817047119
v 0.13639403879642487 0.08796702325344086 3.017383575439453
v 0.14616824686527252 0.07670749723911285 3.0091662406921387
v 0.14496974647045135 0.08444826304912567 3.0306763648986816
v 0.15197138488292694 0.0753282755613327 3.0468170642852783
v 0.16243217885494232 0.06221224367618561 3.0353541374206543
v 0.1553489714860916 0.0714404433965683 3.020522356033325
v 0.10269765555858612 -0.38600078225135803 3.000830888748169
v 0.09603482484817505 -0.3952755331993103 2.965196132659912
v 0.03129175305366516 -0.27024996280670166 3.0857858657836914
v 0.048590175807476044 -0.2647823393344879 3.0678584575653076
v 0.011613632552325726 -0.3310331106185913 3.09930419921875
v -0.07408972084522247 -0.4357685446739197 3.1013667583465576
v -0.05916609242558479 -0.4141135811805725 3.114055633544922
v -0.06512513756752014 -0.5222938060760498 3.0982096195220947
v 0.10108867287635803 -0.3797729015350342 3.0273759365081787
v -0.04331333190202713 -0.5721492171287537 3.133091449737549
v -0.054517220705747604 -0.5469769239425659 3.114880323410034
v 0.010267465375363827 -0.6008000373840332 3.080413818359375
v -0.00034189652069471776 -0.5796266198158264 3.0543527603149414
v 0.030863143503665924 -0.5813932418823242 3.052748918533325
v 0.03809061646461487 -0.6011890769004822 3.0801477432250977
v 0.060609832406044006 -0.5766130089759827 3.0625460147857666
v 0.06521838903427124 -0.5950039625167847 3.087435722351074
v 0.05600675940513611 -0.5653822422027588 3.2564635276794434
v 0.0797729566693306 -0.7659386396408081 3.1225991249084473
v 0.10094182193279266 -0.7999073266983032 3.116278648376465
v 0.08057168126106262 -0.7984904050827026 3.109509229660034
v 0.1015765368938446 -0.7662464380264282 3.129725456237793
v 0.11740997433662415 -0.7416577339172363 3.158790349960327
v 0.11840595304965973 -0.7707953453063965 3.143401622772217
v 0.11324694752693176 -0.8352293968200684 3.193699836730957
v 0.08139961212873459 -0.8336846232414246 3.100851535797119
v 0.09953056275844574 -0.8362286686897278 3.105883836746216
v 0.11741465330123901 -0.8047041296958923 3.1314406394958496
v 0.11379815638065338 -0.8402853608131409 3.1186652183532715
v -0.07678153365850449 -0.46709877252578735 3.089967727661133
v -0.08121296763420105 -0.4959533214569092 2.9689860343933105
v 0.073197141289711 -0.37854424118995667 3.082689046859741
v 0.0784345492720604 -0.4000280797481537 3.1002559661865234
v -0.012621552683413029 -0.3744146227836609 3.1081392765045166
v 0.015184509567916393 -0.36270666122436523 3.109863758087158
v 0.02830631285905838 -0.22365246713161469 3.0827159881591797
v 0.01094417180866003 -0.22854548692703247 3.096771478652954
v 0.03110535442829132 -0.1858072131872177 3.0907320976257324
v 0.029796242713928223 -0.20620271563529968 3.0860915184020996
v 0.04391340911388397 -0.1986846774816513 3.0709657669067383
v 0.044632211327552795 -0.17894908785820007 3.0745720863342285
v 0.060071177780628204 -0.16199152171611786 3.0348427295684814
v 0.05904513597488403 -0.1810075342655182 3.0312271118164062
v 0.05855901539325714 -0.1715136021375656 3.0085651874542236
v 0.05952903628349304 -0.1527550369501114 3.0114362239837646
v 0.053306229412555695 -0.18021923303604126 2.983938455581665
v 0.05965210497379303 -0.1893051415681839 3.00588059425354
v -0.0027235192246735096 -0.12991462647914886 2.9367170333862305
v -0.002129864413291216 -0.10888001322746277 2.939710855484009
v 0.014396551065146923 -0.1166130006313324 2.9465696811676025
v 0.013425997458398342 -0.13672110438346863 2.944020986557007
v -0.056002818048000336 -0.3813434839248657 3.1138463020324707
v -0.07898624241352081 -0.44946908950805664 3.0855133533477783
v -0.010611680336296558 -0.41552701592445374 3.159174919128418
v 0.01974847912788391 -0.3864619731903076 3.1341135501861572
v 0.05098177492618561 -0.3887316584587097 3.124037742614746
v 0.09539321064949036 0.006056071724742651 3.025257110595703
v 0.06059823930263519 0.020677195861935616 2.9892194271087646
v 0.05709221214056015 0.032266780734062195 2.985629081726074
v 0.17278416454792023 0.04878842830657959 3.0244901180267334
v 0.16557420790195465 0.05793704092502594 3.0102341175079346
v 0.11959220468997955 -0.0009083435870707035 3.054377794265747
v 0.13400574028491974 0.053452521562576294 3.0828278064727783
v 0.1133367270231247 0.0442119836807251 3.0938260555267334
v 0.12356577813625336 0.03620101511478424 3.0839154720306396
v 0.03801453113555908 -0.3371771574020386 3.081266403198242
v 0.040169693529605865 -0.34866979718208313 3.083125114440918
v 0.06548598408699036 -0.3483242392539978 3.069880485534668
v -0.08005368709564209 -0.48271700739860535 3.019148111343384
v -0.08261842280626297 -0.48223650455474854 3.0100483894348145
v -0.03717302158474922 -0.391981840133667 3.115496873855591
v -0.024532988667488098 -0.6175835132598877 3.1683685779571533
v -0.033163491636514664 -0.5959161520004272 3.15250563621521
v -0.017052993178367615 -0.6368524432182312 3.1830947399139404
v -0.009602309204638004 -0.6531582474708557 3.1968319416046143
v -0.002596524078398943 -0.6674728989601135 3.2062201499938965
v 0.0063704545609653 -0.6819676160812378 3.2070083618164062
v 0.016838710755109787 -0.6938783526420593 3.210761547088623
v 0.022342339158058167 -0.7097702622413635 3.198068380355835
v 0.015133525244891644 -0.7612571120262146 3.1726765632629395
v 0.021874167025089264 -0.7291647791862488 3.177057981491089
v 0.022547423839569092 -0.7533498406410217 3.1574153900146484
v 0.024849161505699158 -0.7812561392784119 3.141124725341797
v 0.03327949345111847 -0.8441277742385864 3.116818428039551
v 0.027583643794059753 -0.8108096718788147 3.1260693073272705
v 0.038623228669166565 -0.877469003200531 3.1035735607147217
v 0.04279913008213043 -0.9111817479133606 3.0926766395568848
v -0.08295916765928268 -0.4653310775756836 3.0367701053619385
v -0.08196096122264862 -0.47425970435142517 3.028831720352173
v 0.02398412674665451 0.0875251442193985 3.1186892986297607
v 0.07397319376468658 -0.009955166839063168 3.0631089210510254
v 0.07536020874977112 -0.0005641416646540165 3.058967113494873
v 0.11004121601581573 0.008498922921717167 3.0650975704193115
v -0.08069756627082825 -0.4930325150489807 2.9478986263275146
v -0.08116181939840317 -0.48010748624801636 2.9241011142730713
v 0.16619054973125458 0.02836691029369831 2.961580753326416
v 0.17316870391368866 0.035733118653297424 2.9742558002471924
v 0.11105932295322418 -0.002279831562191248 3.042724132537842
v 0.07617376744747162 0.01034648809581995 3.0673744678497314
v 0.08047570288181305 0.016563655808568 3.0588791370391846
v 0.3431952893733978 -0.12936881184577942 2.964829444885254
v 0.3548940122127533 -0.14524446427822113 2.963698148727417
v 0.36088815331459045 -0.13872916996479034 2.9561965465545654
v 0.3486175835132599 -0.12259414792060852 2.9558849334716797
v 0.3347737491130829 -0.13773639500141144 2.969268560409546
v 0.34658172726631165 -0.15298011898994446 2.9666388034820557
v 0.30244961380958557 -0.16727378964424133 2.929098129272461
v 0.31905442476272583 -0.1788804978132248 2.925816297531128
v 0.3199349641799927 -0.17676514387130737 2.9391350746154785
v 0.3038344383239746 -0.16482065618038177 2.9423723220825195
v 0.3497982919216156 -0.17517562210559845 2.962444305419922
v 0.3376963138580322 -0.16073746979236603 2.9658260345458984
v 0.3292114734649658 -0.16752725839614868 2.9596517086029053
v 0.3426889181137085 -0.18105199933052063 2.9559950828552246
v 0.3111335337162018 -0.1589423418045044 2.9035484790802
v 0.29347115755081177 -0.148991659283638 2.9052600860595703
v 0.30150917172431946 -0.13965125381946564 2.899432420730591
v 0.3190990090370178 -0.1497235894203186 2.8990159034729004
v 0.2395258992910385 -0.11730644106864929 2.9480648040771484
v 0.22975040972232819 -0.10727722197771072 2.95559024810791
v 0.22611288726329803 -0.1129961833357811 2.942537307739258
v 0.23736907541751862 -0.12230508774518967 2.935251474380493
v 0.31899505853652954 -0.09655077010393143 2.96714186668396
v 0.3310593068599701 -0.11313830316066742 2.966153144836426
v 0.3354734182357788 -0.10662570595741272 2.955909252166748
v 0.32125768065452576 -0.0909796878695488 2.954634428024292
v 0.2878527045249939 -0.12481246143579483 2.9684531688690186
v 0.2743609547615051 -0.10820703953504562 2.9695475101470947
v 0.26421183347702026 -0.11702693998813629 2.961916923522949
v 0.27804070711135864 -0.13272805511951447 2.9595868587493896
v 0.3069976270198822 -0.0755389854311943 2.952507495880127
v 0.30565714836120605 -0.07985071837902069 2.966057777404785
v 0.31541430950164795 -0.1540931612253189 2.9626362323760986
v 0.3017037510871887 -0.13977238535881042 2.9659552574157715
v 0.29300227761268616 -0.14662671089172363 2.9569039344787598
v 0.3082601726055145 -0.1599550098180771 2.953765869140625
v 0.3450625240802765 -0.1799594908952713 2.9047491550445557
v 0.32844656705856323 -0.1693180799484253 2.9035592079162598
v 0.33599475026130676 -0.16034528613090515 2.8999183177948
v 0.35237279534339905 -0.1714422106742859 2.902085781097412
v 0.33813807368278503 -0.18527314066886902 2.946554660797119
v 0.32333505153656006 -0.17264384031295776 2.9502177238464355
v 0.33574309945106506 -0.1885451078414917 2.9360804557800293
v 0.37655189633369446 -0.1490728259086609 2.9335591793060303
v 0.3631279170513153 -0.1334521323442459 2.9314115047454834
v 0.3630978465080261 -0.13479399681091309 2.9443130493164062
v 0.37592557072639465 -0.1506381630897522 2.9462289810180664
v 0.26894867420196533 -0.14351291954517365 2.9360361099243164
v 0.28555241227149963 -0.15567396581172943 2.9325900077819824
v 0.2874187231063843 -0.15245719254016876 2.9453248977661133
v 0.2716611623764038 -0.13926072418689728 2.9486310482025146
v 0.31002277135849 -0.10621491074562073 2.9737963676452637
v 0.3224036693572998 -0.12228184938430786 2.9717533588409424
v 0.348798543214798 -0.11835376918315887 2.9285809993743896
v 0.3333990275859833 -0.1041574478149414 2.9259088039398193
v 0.335839182138443 -0.1035451591014862 2.94143009185791
v 0.3498343527317047 -0.11902016401290894 2.9430878162384033
v 0.31054455041885376 -0.09751841425895691 2.9105446338653564
v 0.32736051082611084 -0.10977296531200409 2.9127273559570312
v 0.3187790811061859 -0.11900997161865234 2.90401291847229
v 0.3009905517101288 -0.10794330388307571 2.902859926223755
v 0.25261548161506653 -0.13311956822872162 2.9273221492767334
v 0.25361382961273193 -0.1294466108083725 2.942267656326294
v 0.27531030774116516 -0.13938581943511963 2.9082419872283936
v 0.2568143606185913 -0.13011926412582397 2.9126620292663574
v 0.2641932964324951 -0.12128596007823944 2.902785301208496
v 0.28309109807014465 -0.13019028306007385 2.9004087448120117
v 0.26553836464881897 -0.06888984143733978 2.9741291999816895
v 0.27454352378845215 -0.08098773658275604 2.975243330001831
v 0.28542274236679077 -0.07108752429485321 2.972543239593506
v 0.27516213059425354 -0.058453530073165894 2.9698591232299805
v 0.2925684452056885 -0.06306779384613037 2.9635980129241943
v 0.28030651807785034 -0.050653859972953796 2.958811044692993
v 0.25984278321266174 -0.0339883416891098 2.941100597381592
v 0.2686726152896881 -0.0404360294342041 2.9414920806884766
v 0.26118624210357666 -0.04423396289348602 2.9301624298095703
v 0.2526506781578064 -0.037229910492897034 2.930981159210205
v 0.2742127478122711 -0.07925765961408615 2.9041435718536377
v 0.29260796308517456 -0.08769598603248596 2.907485246658325
v 0.2818528413772583 -0.0996943861246109 2.9010305404663086
v 0.2626970708370209 -0.09149222075939178 2.9004714488983154
v 0.2365267127752304 -0.09707134962081909 2.903897523880005
v 0.25319746136665344 -0.10311296582221985 2.9004738330841064
v 0.24569107592105865 -0.1142854243516922 2.906231641769409
v 0.23049230873584747 -0.10849598050117493 2.9112062454223633
v 0.19015268981456757 -0.07422052323818207 2.93204665184021
v 0.20167069137096405 -0.08207904547452927 2.9246203899383545
v 0.19865624606609344 -0.08946344256401062 2.936306953430176
v 0.18832404911518097 -0.08092889189720154 2.9434070587158203
v 0.2037617415189743 -0.0904397964477539 2.964566707611084
v 0.2117609828710556 -0.08580824732780457 2.976155996322632
v 0.2038666158914566 -0.07750150561332703 2.9842236042022705
v 0.19496507942676544 -0.0827133059501648 2.972216844558716
v 0.24426411092281342 -0.03671339154243469 2.983452558517456
v 0.25088998675346375 -0.04497408866882324 2.9790446758270264
v 0.2563196122646332 -0.033829495310783386 2.9689176082611084
v 0.24773310124874115 -0.025910599157214165 2.9709863662719727
v 0.2583642303943634 -0.07250766456127167 2.902764081954956
v 0.24399428069591522 -0.08423575758934021 2.9011545181274414
v 0.21024836599826813 -0.0985862985253334 2.9563231468200684
v 0.21695680916309357 -0.10558284819126129 2.949491262435913
v 0.2218656986951828 -0.09972446411848068 2.961815595626831
v 0.2170468121767044 -0.09317652881145477 2.9680564403533936
v 0.2360488623380661 -0.07420435547828674 2.979294776916504
v 0.23937730491161346 -0.08175982534885406 2.973107099533081
v 0.24924083054065704 -0.07145027816295624 2.975586414337158
v 0.24538423120975494 -0.06445527821779251 2.9800446033477783
v 0.25518977642059326 -0.0526130348443985 2.977036952972412
v 0.2595210671424866 -0.060327187180519104 2.9753525257110596
v 0.2678338885307312 -0.049478188157081604 2.968581199645996
v 0.2621389329433441 -0.041253462433815 2.9683353900909424
v 0.24892695248126984 -0.06586284935474396 2.9044296741485596
v 0.23942796885967255 -0.06223960220813751 2.9059360027313232
v 0.24597473442554474 -0.053960442543029785 2.9116873741149902
v 0.2555091679096222 -0.058504655957221985 2.9111814498901367
v 0.21850131452083588 -0.10284039378166199 2.919196128845215
v 0.2236204892396927 -0.09282177686691284 2.9102697372436523
v 0.24466408789157867 -0.08864133059978485 2.9688477516174316
v 0.22991634905338287 -0.09072208404541016 2.9699294567108154
v 0.23567087948322296 -0.09981577098369598 2.9639968872070312
v 0.2714962065219879 -0.041614681482315063 2.9560980796813965
v 0.19429029524326324 -0.06667708605527878 2.9239799976348877
v 0.18058927357196808 -0.05897064507007599 2.931365966796875
v 0.1856091469526291 -0.05001549422740936 2.9244141578674316
v 0.19925625622272491 -0.05807982385158539 2.917398452758789
v 0.17723225057125092 -0.0662124752998352 2.9405901432037354
v 0.17624525725841522 -0.07133254408836365 2.9529871940612793
v 0.19324718415737152 -0.06712733209133148 2.9940054416656494
v 0.18436770141124725 -0.07188165187835693 2.9827194213867188
v 0.20376484096050262 -0.059381112456321716 3.0016586780548096
v 0.21452002227306366 -0.0698099434375763 2.9912521839141846
v 0.2254570573568344 -0.05981570482254028 2.994056463241577
v 0.21407447755336761 -0.04917214810848236 3.0051076412200928
v 0.23073072731494904 -0.023944510146975517 2.9930918216705322
v 0.2333994060754776 -0.014510794542729855 2.9792280197143555
v 0.24590246379375458 -0.021296201273798943 2.958174228668213
v 0.23199345171451569 -0.01047103013843298 2.9645164012908936
v 0.19945789873600006 -0.09199334681034088 2.9505059719085693
v 0.20742754638195038 -0.09969738125801086 2.942636728286743
v 0.34357312321662903 -0.12258981913328171 2.915238618850708
v 0.35886991024017334 -0.13652391731739044 2.9178152084350586
v 0.3517169952392578 -0.14302675426006317 2.9079291820526123
v 0.3358282446861267 -0.1303286999464035 2.905888080596924
v 0.3438439965248108 -0.15118001401424408 2.9016332626342773
v 0.3597266972064972 -0.163316547870636 2.904491662979126
v 0.3123195469379425 -0.131180539727211 2.971787691116333
v 0.3251393735408783 -0.1464083045721054 2.968752145767212
v 0.3580273389816284 -0.16823194921016693 2.965306043624878
v 0.25463950634002686 -0.07925442606210709 2.972673177719116
v 0.2628069818019867 -0.09068765491247177 2.9706788063049316
v 0.24409501254558563 -0.04280729591846466 2.922010660171509
v 0.23522518575191498 -0.03652927279472351 2.9231276512145996
v 0.24342863261699677 -0.03101418726146221 2.932370185852051
v 0.2677498161792755 -0.061221808195114136 2.9141108989715576
v 0.2705102264881134 -0.05375473201274872 2.9293527603149414
v 0.2882285416126251 -0.06360656023025513 2.9335858821868896
v 0.28319257497787476 -0.06893778592348099 2.9165291786193848
v 0.22896219789981842 -0.05908404290676117 2.9080874919891357
v 0.21832533180713654 -0.054047226905822754 2.9103424549102783
v 0.2268427163362503 -0.044475242495536804 2.915087938308716
v 0.23666928708553314 -0.04998902976512909 2.912968158721924
v 0.2357693761587143 -0.048772647976875305 2.991640329360962
v 0.24176333844661713 -0.057340189814567566 2.9849517345428467
v 0.22020046412944794 -0.014471202157437801 2.939284086227417
v 0.2278161197900772 -0.011111452244222164 2.9500906467437744
v 0.2410600334405899 -0.021033896133303642 2.945683240890503
v 0.23347999155521393 -0.02387922815978527 2.9356822967529297
v 0.25097131729125977 -0.027808992192149162 2.9427433013916016
v 0.21134673058986664 -0.01986639015376568 2.93045973777771
v 0.2248723953962326 -0.029407484456896782 2.9264895915985107
v 0.22361864149570465 -0.036763161420822144 3.002460479736328
v 0.20684562623500824 -0.0467190146446228 2.9164249897003174
v 0.19289831817150116 -0.03837786614894867 2.922125816345215
v 0.20206297934055328 -0.028134388849139214 2.9240787029266357
v 0.21585305035114288 -0.03718180954456329 2.919341564178467
v 0.32726573944091797 -0.13991165161132812 2.899980068206787
v 0.3099461495876312 -0.12937778234481812 2.8992066383361816
v 0.2265935093164444 -0.11385619640350342 2.926518201828003
v 0.2396310716867447 -0.12141096591949463 2.918816566467285
v 0.2163463979959488 -0.10644877701997757 2.934788227081299
v 0.3050425052642822 -0.1658083200454712 2.9144301414489746
v 0.32224178314208984 -0.17631788551807404 2.91267991065979
v 0.27009907364845276 -0.14370307326316833 2.922093152999878
v 0.2874767482280731 -0.15500684082508087 2.9174792766571045
v 0.31716519594192505 -0.09093300998210907 2.923260450363159
v 0.21724765002727509 -0.07904306054115295 2.9114198684692383
v 0.2284363955259323 -0.08256832510232925 2.9053993225097656
v 0.2124161273241043 -0.08810314536094666 2.917480945587158
v 0.17818991839885712 -0.07325869798660278 2.9686691761016846
v 0.1899803727865219 -0.08409973978996277 2.957667827606201
v 0.24057693779468536 -0.07434140145778656 2.901829242706299
v 0.16266120970249176 -0.05943848192691803 2.9804980754852295
v 0.27863049507141113 -0.049305543303489685 2.9437897205352783
v 0.255974680185318 -0.02819855324923992 2.955953359603882
v 0.2637348771095276 -0.034926220774650574 2.9548704624176025
v 0.3726308047771454 -0.15448947250843048 2.9565019607543945
v 0.29913824796676636 -0.1155846118927002 2.9742555618286133
v 0.25261834263801575 -0.09982430189847946 2.9658284187316895
v 0.2445739358663559 -0.1099776178598404 2.958465576171875
v 0.2061968594789505 -0.07318583875894547 2.9175121784210205
v 0.2111126035451889 -0.06434088945388794 2.9116764068603516
v 0.22191841900348663 -0.06898960471153259 2.907390594482422
v 0.2214895337820053 -0.07793465256690979 2.9830164909362793
v 0.2320556789636612 -0.0674642026424408 2.986398935317993
v 0.3388739228248596 -0.18672974407672882 2.9118590354919434
v 0.22612543404102325 -0.08497060090303421 2.9766368865966797
v 0.2923687696456909 -0.06064130365848541 2.948399066925049
v -0.06695857644081116 0.0971870869398117 2.9851908683776855
v -0.08206149935722351 0.08209280669689178 2.978761672973633
v -0.08272824436426163 0.09382136166095734 2.985307455062866
v 0.06767919659614563 -0.09455922245979309 3.0752930641174316
v 0.031173720955848694 -0.1293325424194336 3.1091439723968506
v 0.04479886591434479 -0.12296444177627563 3.095747470855713
v 0.07297267764806747 -0.02004428021609783 3.066561698913574
v 0.07307862490415573 -0.03226114809513092 3.067999839782715
v 0.080279141664505 0.015648650005459785 3.0457425117492676
v 0.0771913081407547 0.00941422674804926 3.052769184112549
v 0.07122709602117538 -0.06101405620574951 3.092487096786499
v -0.025201940909028053 0.3052462935447693 3.0849292278289795
v -0.02753537893295288 0.29892730712890625 3.0817933082580566
v -0.023087747395038605 0.3180602788925171 3.0851144790649414
v -0.07815565168857574 -0.26373371481895447 3.1256191730499268
v -0.09114628285169601 -0.27578204870224 3.129363775253296
v -0.09106549620628357 -0.2794504165649414 3.1333746910095215
v -0.02193426713347435 0.28864508867263794 3.0953922271728516
v -0.024645047262310982 0.2829943895339966 3.091766357421875
v -0.02024558186531067 0.28557735681533813 3.0928540229797363
v -0.021610580384731293 0.290160596370697 3.0972681045532227
v -0.021964719519019127 0.2892792224884033 3.0969815254211426
v -0.020744705572724342 0.31927090883255005 3.095033884048462
v -0.029468124732375145 0.29096102714538574 3.080293655395508
v -0.030972668901085854 0.2816928029060364 3.0810861587524414
v -0.021304447203874588 0.3053734302520752 3.0993833541870117
v -0.029756586998701096 -0.2414068877696991 2.9036638736724854
v -0.025130458176136017 -0.26358750462532043 2.8984720706939697
v -0.050852078944444656 -0.26191258430480957 2.895749568939209
v -0.053731951862573624 -0.23941506445407867 2.9025676250457764
v -0.07899599522352219 -0.27928128838539124 2.8888847827911377
v -0.0790368989109993 -0.25733494758605957 2.894351005554199
v -0.04766417294740677 -0.2859169840812683 2.88997483253479
v 0.0699356347322464 -0.3236393630504608 2.9242544174194336
v 0.06652514636516571 -0.2999194264411926 2.9252402782440186
v 0.08132244646549225 -0.2962615489959717 2.947885751724243
v 0.08484415709972382 -0.31894567608833313 2.947228193283081
v 0.08476968109607697 -0.27668827772140503 2.973295211791992
v 0.0904397964477539 -0.2936685383319855 2.9749457836151123
v 0.07485109567642212 -0.27711108326911926 2.948235273361206
v 0.08747971057891846 -0.27781546115875244 3.000640392303467
v 0.09237053990364075 -0.29473769664764404 3.0026309490203857
v 0.0830024927854538 -0.28123897314071655 3.0276103019714355
v 0.08734485507011414 -0.2988094687461853 3.028440237045288
v 0.07607851922512054 -0.3035433292388916 3.051130533218384
v 0.05879868566989899 -0.30749577283859253 3.070690631866455
v 0.03752470016479492 -0.32472583651542664 3.0838890075683594
v 0.03729277849197388 -0.3116043508052826 3.088940382003784
v 0.013639475218951702 -0.31623125076293945 3.102398633956909
v -0.011177499778568745 -0.3210788369178772 3.11490797996521
v -0.03419000655412674 -0.32578837871551514 3.123692274093628
v -0.054363638162612915 -0.33020511269569397 3.1299970149993896
v -0.07210347056388855 -0.33311253786087036 3.1366662979125977
v -0.08782310038805008 -0.33399343490600586 3.1373887062072754
v -0.08695902675390244 -0.35477176308631897 3.1334755420684814
v 0.017856523394584656 0.06555323302745819 3.127861499786377
v 0.0010874191066250205 0.15583358705043793 3.04750657081604
v 0.020745091140270233 0.14941592514514923 3.069305658340454
v 0.011485687457025051 0.15247000753879547 3.0478341579437256
v 0.024358421564102173 0.11840741336345673 2.9954254627227783
v 0.005717969965189695 0.11499346792697906 2.988226890563965
v 0.008679038845002651 0.12686805427074432 3.0006039142608643
v 0.028609976172447205 0.13117949664592743 3.0115413665771484
v -0.00942476186901331 0.15163759887218475 3.0316858291625977
v -0.015838224440813065 0.15313942730426788 3.0318446159362793
v -0.0020685126073658466 0.14922963082790375 3.0300261974334717
v -0.017582707107067108 0.14331753551959991 3.0170516967773438
v -0.034550320357084274 0.13752128183841705 3.0100672245025635
v 0.06246890127658844 0.13377641141414642 3.066305637359619
v 0.0755828469991684 0.12895415723323822 3.068382501602173
v 0.06952916085720062 0.1289428025484085 3.045219898223877
v 0.05878327786922455 0.13319595158100128 3.0421242713928223
v 0.049292683601379395 0.10501779615879059 2.9958841800689697
v 0.05959796905517578 0.10402445495128632 3.0004680156707764
v 0.05691426992416382 0.09245707094669342 2.9912490844726562
v 0.04616687446832657 0.09292693436145782 2.9871585369110107
v 0.11709004640579224 0.10653056204319 3.0691564083099365
v 0.13064967095851898 0.09820027649402618 3.064970016479492
v 0.12262395024299622 0.10523165762424469 3.046125888824463
v 0.10944768786430359 0.11287955939769745 3.050359010696411
v 0.062057316303253174 0.11480019986629486 3.0143868923187256
v 0.0016641126712784171 0.006353394594043493 2.9434268474578857
v 0.018329527229070663 0.013928801752626896 2.949667453765869
v 0.030811235308647156 0.023804934695363045 2.9588263034820557
v 0.054652899503707886 0.04374341666698456 2.984095335006714
v 0.05300542712211609 0.02582530863583088 2.9805493354797363
v 0.04917950928211212 0.038902491331100464 2.97879958152771
v 0.06144489347934723 0.0475887805223465 2.986279010772705
v 0.06710565090179443 0.049563124775886536 2.988952159881592
v 0.10196809470653534 0.05269114673137665 3.103437900543213
v 0.09160217642784119 0.03289656341075897 3.101635456085205
v 0.10179142653942108 0.028154807165265083 3.0898213386535645
v 0.07856398820877075 0.04750329256057739 2.9904279708862305
v 0.07680176198482513 0.042660728096961975 2.991802453994751
v 0.07121245563030243 0.04039926826953888 2.9937655925750732
v 0.07227553427219391 0.0456843376159668 2.990896701812744
v 0.050418317317962646 0.13854043185710907 3.064502000808716
v 0.11341266334056854 0.10489843785762787 3.0291996002197266
v 0.10663862526416779 0.10209129750728607 3.0168676376342773
v 0.09446293115615845 0.10613922774791718 3.0197255611419678
v 0.1007518619298935 0.1106167584657669 3.0322153568267822
v 0.10013966262340546 0.09611569344997406 3.0068247318267822
v 0.09511473774909973 0.088282510638237 2.998853921890259
v 0.08529588580131531 0.09116114675998688 3.0005953311920166
v 0.08929111063480377 0.09917180240154266 3.0080676078796387
v 0.08107246458530426 0.053130924701690674 2.9882726669311523
v 0.07338525354862213 0.05245943367481232 2.9897496700286865
v 0.14167918264865875 0.07216320931911469 3.07301926612854
v 0.09181492030620575 0.11339615285396576 3.094149112701416
v 0.07776670157909393 0.12008820474147797 3.093085289001465
v 0.07482697069644928 0.1011151522397995 3.1104989051818848
v 0.08663703501224518 0.09297849237918854 3.109828472137451
v 0.08668969571590424 0.014352814294397831 3.0360770225524902
v 0.08555781841278076 0.014406965114176273 3.0236639976501465
v 0.0840911716222763 0.014741689898073673 3.010800838470459
v 0.0720176249742508 0.026705624535679817 3.0002832412719727
v 0.08270750939846039 0.018060924485325813 3.001868486404419
v 0.10056643187999725 0.015269161202013493 3.0744946002960205
v 0.11230368912220001 0.022942068055272102 3.080557346343994
v 0.06828776001930237 0.07695315778255463 3.1165270805358887
v 0.07897813618183136 0.06984423100948334 3.115143060684204
v 0.1417272388935089 0.08765031397342682 3.057037591934204
v 0.13413436710834503 0.09591411054134369 3.0392560958862305
v 0.09266816079616547 0.03895767033100128 2.9768967628479004
v 0.08439229428768158 0.0403483510017395 2.9845457077026367
v 0.08617708086967468 0.045688748359680176 2.9841434955596924
v 0.06799720227718353 0.023972557857632637 2.9966766834259033
v 0.0697011947631836 0.03458024561405182 2.9958977699279785
v 0.08936233818531036 0.1232992559671402 3.0697267055511475
v 0.11751767992973328 0.0953759104013443 3.0116684436798096
v 0.12531578540802002 0.09819938242435455 3.023918390274048
v 0.07936553657054901 0.10139448940753937 3.007465124130249
v 0.06943164765834808 0.10276459157466888 3.0040555000305176
v 0.07218734920024872 0.11221782863140106 3.015784740447998
v 0.08256591856479645 0.10877148807048798 3.0180795192718506
v 0.10047943890094757 0.07613919675350189 2.9909493923187256
v 0.10512889921665192 0.08428187668323517 2.995776414871216
v 0.06641009449958801 0.09290610253810883 2.9984612464904785
v 0.07557497918605804 0.0923677533864975 3.0014352798461914
v 0.08896012604236603 0.05185766518115997 2.9849090576171875
v 0.05927372723817825 0.08262906968593597 3.115556001663208
v 0.0457020178437233 0.06192450225353241 3.121389150619507
v 0.054821647703647614 0.060128405690193176 3.118882417678833
v 0.06285758316516876 0.05456160008907318 3.1173386573791504
v 0.07174031436443329 0.04643434286117554 3.1142399311065674
v 0.08155453205108643 0.03779555857181549 3.1096649169921875
v 0.03317858278751373 0.06399224698543549 3.1244874000549316
v 0.23172517120838165 -0.0726395696401596 2.90411114692688
v 0.0915013998746872 0.033414632081985474 2.9766225814819336
v 0.10197924077510834 0.03667563199996948 2.9708166122436523
v 0.10240648686885834 0.030358361080288887 2.9694156646728516
v 0.15512634813785553 0.021533386781811714 2.953709363937378
v -0.06726150214672089 0.21514128148555756 3.2111623287200928
v -0.06724980473518372 0.2101491242647171 3.207329511642456
v -0.06931449472904205 0.2378399819135666 3.2153890132904053
v -0.06888893246650696 0.23438085615634918 3.2158915996551514
v 0.25247663259506226 -0.04914531111717224 2.921701669692993
v 0.2598133981227875 -0.05294176936149597 2.9213039875030518
v 0.30108025670051575 -0.07779848575592041 2.9209139347076416
v 0.3054227828979492 -0.07450443506240845 2.9370028972625732
v 0.3212408423423767 -0.08815406262874603 2.9400737285614014
v 0.29822438955307007 -0.0882100835442543 2.9740073680877686
v 0.28658607602119446 -0.09813994914293289 2.9753060340881348
v 0.25741052627563477 -0.12399770319461823 2.9529526233673096
v 0.272794246673584 -0.10977310687303543 2.8997557163238525
v 0.3880178928375244 -0.19168812036514282 2.963338851928711
v 0.3985956609249115 -0.20690041780471802 2.96256422996521
v 0.40598928928375244 -0.20035549998283386 2.958578109741211
v 0.39513686299324036 -0.18535320460796356 2.957899332046509
v 0.4097653031349182 -0.22004252672195435 2.9640071392059326
v 0.3915766477584839 -0.2138032168149948 2.9619014263153076
v 0.4033736288547516 -0.22675281763076782 2.9616503715515137
v 0.3861275017261505 -0.21868495643138885 2.9567060470581055
v 0.39859235286712646 -0.23137128353118896 2.955538034439087
v 0.39542070031166077 -0.2339344173669815 2.9472293853759766
v 0.3824455142021179 -0.22180987894535065 2.9491047859191895
v 0.38138502836227417 -0.22408808767795563 2.9400196075439453
v 0.39548736810684204 -0.23569710552692413 2.938844680786133
v 0.36661651730537415 -0.21262918412685394 2.931687831878662
v 0.36788317561149597 -0.21269722282886505 2.9215128421783447
v 0.3841312825679779 -0.22424210608005524 2.921626329421997
v 0.38213014602661133 -0.22504572570323944 2.9304771423339844
v 0.40787339210510254 -0.2251487821340561 2.9119772911071777
v 0.3927024304866791 -0.2149113118648529 2.908806324005127
v 0.39885032176971436 -0.20788612961769104 2.9090840816497803
v 0.41312655806541443 -0.2188636064529419 2.911832571029663
v 0.39601239562034607 -0.1831262707710266 2.9177584648132324
v 0.41032320261001587 -0.19577951729297638 2.9202165603637695
v 0.4051573872566223 -0.201717346906662 2.913233995437622
v 0.38986435532569885 -0.18865780532360077 2.9102394580841064
v 0.4236525297164917 -0.20596031844615936 2.921750068664551
v 0.41372206807136536 -0.19333243370056152 2.929464340209961
v 0.42577147483825684 -0.20324286818504333 2.9313302040100098
v 0.36927419900894165 -0.18339037895202637 2.964226007461548
v 0.37734824419021606 -0.1761019229888916 2.9629032611846924
v 0.3663950562477112 -0.16072417795658112 2.9636497497558594
v 0.36919260025024414 -0.20878928899765015 2.9514825344085693
v 0.37366053462028503 -0.20483948290348053 2.9589760303497314
v 0.3616666793823242 -0.1899871975183487 2.9607865810394287
v 0.35604819655418396 -0.1950029730796814 2.95389986038208
v 0.33562129735946655 -0.1896570920944214 2.923748254776001
v 0.3518032133579254 -0.2008550763130188 2.922077178955078
v 0.35125187039375305 -0.20023690164089203 2.933696746826172
v 0.36690226197242737 -0.21121974289417267 2.942056179046631
v 0.3526141941547394 -0.19815810024738312 2.944321632385254
v 0.3714210093021393 -0.209530308842659 2.9125242233276367
v 0.38773730397224426 -0.2208239734172821 2.914069652557373
v 0.3995966911315918 -0.18148934841156006 2.9486029148101807
v 0.41096243262290955 -0.1958576738834381 2.9497995376586914
v 0.41342464089393616 -0.1939687877893448 2.9399352073669434
v 0.4014849066734314 -0.1797490417957306 2.9380128383636475
v 0.35528185963630676 -0.19777153432369232 2.912365436553955
v 0.38798555731773376 -0.16622807085514069 2.9473836421966553
v 0.3894156813621521 -0.16460688412189484 2.936112642288208
v 0.4005875289440155 -0.17998528480529785 2.926910161972046
v 0.38745802640914917 -0.16571542620658875 2.9247634410858154
v 0.4219571650028229 -0.2075578272342682 2.951508045196533
v 0.416963130235672 -0.21276681125164032 2.9602530002593994
v 0.38425499200820923 -0.16983169317245483 2.9574036598205566
v 0.3770343065261841 -0.20327800512313843 2.9066107273101807
v 0.3610704243183136 -0.1913154274225235 2.905282974243164
v 0.3683124780654907 -0.18334214389324188 2.9039692878723145
v 0.38356661796569824 -0.19547633826732635 2.9060678482055664
v 0.3671892583370209 -0.15595485270023346 2.9116854667663574
v 0.3818179666996002 -0.16969351470470428 2.9150638580322266
v 0.3750500977039337 -0.17572952806949615 2.907590389251709
v 0.41896510124206543 -0.21251332759857178 2.915015697479248
v 0.37336599826812744 -0.15109163522720337 2.9210875034332275
v 0.4744129776954651 -0.2652624845504761 2.9605374336242676
v 0.4764028787612915 -0.2683490514755249 2.970046043395996
v 0.466924250125885 -0.26979124546051025 2.9691789150238037
v 0.46471285820007324 -0.2659080922603607 2.9588053226470947
v 0.44475021958351135 -0.27307477593421936 2.969923496246338
v 0.4507557153701782 -0.27488383650779724 2.9806597232818604
v 0.4442189633846283 -0.27039796113967896 2.985225200653076
v 0.4364296793937683 -0.2681121528148651 2.974944829940796
v 0.4780711531639099 -0.26841288805007935 2.9787049293518066
v 0.4689399003982544 -0.2712671160697937 2.977656841278076
v 0.4768500328063965 -0.26395997405052185 2.98482346534729
v 0.4863332509994507 -0.26540932059288025 2.980342149734497
v 0.48667144775390625 -0.25864285230636597 2.9842469692230225
v 0.49505114555358887 -0.25650686025619507 2.9843175411224365
v 0.49676674604415894 -0.24812999367713928 2.9815545082092285
v 0.48463451862335205 -0.2475171685218811 2.982433557510376
v 0.48663413524627686 -0.23466864228248596 2.9600789546966553
v 0.4997662901878357 -0.23997341096401215 2.96292781829834
v 0.4997962713241577 -0.2385377734899521 2.952422857284546
v 0.48650479316711426 -0.2332821637392044 2.950284957885742
v 0.4937836527824402 -0.24037140607833862 2.93380069732666
v 0.48162102699279785 -0.2348204404115677 2.9336564540863037
v 0.48442983627319336 -0.2340676188468933 2.942234992980957
v 0.4975571632385254 -0.24001285433769226 2.9433276653289795
v 0.4725053310394287 -0.25995635986328125 2.9465603828430176
v 0.4730076789855957 -0.26156601309776306 2.9521937370300293
v 0.46354901790618896 -0.26135799288749695 2.9494738578796387
v 0.4628099203109741 -0.2593781054019928 2.943375825881958
v 0.47271788120269775 -0.26136454939842224 2.9939517974853516
v 0.4736242890357971 -0.26484882831573486 2.992401123046875
v 0.47703152894973755 -0.25699469447135925 2.98649525642395
v 0.4724435806274414 -0.25240811705589294 2.9874267578125
v 0.4393611252307892 -0.2588142454624176 2.926943778991699
v 0.43695324659347534 -0.25912240147590637 2.9332339763641357
v 0.42623454332351685 -0.2543027102947235 2.9333443641662598
v 0.42818963527679443 -0.2531967759132385 2.9258334636688232
v 0.4253288209438324 -0.26142677664756775 2.95737361907959
v 0.42256587743759155 -0.2513880729675293 2.9653875827789307
v 0.41695210337638855 -0.24820950627326965 2.9592390060424805
v 0.42183056473731995 -0.2564527690410614 2.950066089630127
v 0.4301629960536957 -0.2651303708553314 2.96549391746521
v 0.4355385899543762 -0.2582748830318451 2.9794461727142334
v 0.428264319896698 -0.2547704577445984 2.9721899032592773
v 0.44380801916122437 -0.2623933255672455 2.989041805267334
v 0.4293927252292633 -0.24828363955020905 2.9166009426116943
v 0.4379037022590637 -0.2533823251724243 2.915296792984009
v 0.5366671681404114 -0.27642014622688293 2.991811513900757
v 0.5318278074264526 -0.27425307035446167 2.9905502796173096
v 0.5329755544662476 -0.27610787749290466 2.9863479137420654
v 0.5378522872924805 -0.27819597721099854 2.9875285625457764
v 0.4433845579624176 -0.23595376312732697 2.911524772644043
v 0.43670037388801575 -0.23462729156017303 2.9114904403686523
v 0.44037914276123047 -0.22728091478347778 2.914567708969116
v 0.44660481810569763 -0.22871945798397064 2.9164116382598877
v 0.4518491327762604 -0.2377842366695404 2.9107859134674072
v 0.45497721433639526 -0.2304811179637909 2.9173943996429443
v 0.543368399143219 -0.2661144733428955 2.993527889251709
v 0.5383981466293335 -0.2631576657295227 2.991077184677124
v 0.5356398820877075 -0.2664894759654999 2.9935004711151123
v 0.5403218865394592 -0.2694191634654999 2.9950478076934814
v 0.48321425914764404 -0.26599887013435364 2.963529586791992
v 0.4847680330276489 -0.268205463886261 2.972106456756592
v 0.5015031099319458 -0.26993900537490845 2.974309206008911
v 0.4998859167098999 -0.26803305745124817 2.980245351791382
v 0.4924424886703491 -0.26827865839004517 2.9761531352996826
v 0.4926537275314331 -0.2678769826889038 2.9669137001037598
v 0.4902135133743286 -0.2631889879703522 2.9476027488708496
v 0.49263620376586914 -0.26507532596588135 2.955167770385742
v 0.4832381010055542 -0.26238390803337097 2.9522957801818848
v 0.48111552000045776 -0.260603129863739 2.945105791091919
v 0.4796459674835205 -0.26163169741630554 2.934309244155884
v 0.4800470471382141 -0.2630612552165985 2.9288575649261475
v 0.4878511428833008 -0.26478463411331177 2.9295437335968018
v 0.48849034309387207 -0.2634928226470947 2.935659408569336
v 0.5055661201477051 -0.26764237880706787 2.9455976486206055
v 0.5053200125694275 -0.2676392197608948 2.9402923583984375
v 0.5135353803634644 -0.26807472109794617 2.9419102668762207
v 0.5139654874801636 -0.26852983236312866 2.9466664791107178
v 0.43098142743110657 -0.2320636659860611 2.910975933074951
v 0.43506574630737305 -0.22439439594745636 2.914308547973633
v 0.4867277145385742 -0.2436918020248413 2.916210889816284
v 0.4950224757194519 -0.24763165414333344 2.9143564701080322
v 0.49053001403808594 -0.25294920802116394 2.9079854488372803
v 0.4820922017097473 -0.24867214262485504 2.909639835357666
v 0.4494658410549164 -0.22411973774433136 2.923774242401123
v 0.4437662363052368 -0.2220735400915146 2.922844171524048
v 0.5460832118988037 -0.26496997475624084 2.988921880722046
v 0.5413855910301208 -0.26179441809654236 2.987110137939453
v 0.4483322501182556 -0.2538337707519531 2.9897563457489014
v 0.4398828446865082 -0.24840287864208221 2.9801671504974365
v 0.43244242668151855 -0.24453243613243103 2.9723126888275146
v 0.42655476927757263 -0.2419959455728531 2.9673314094543457
v 0.4208070635795593 -0.239644855260849 2.9647130966186523
v 0.49811244010925293 -0.26814398169517517 2.9643611907958984
v 0.47966790199279785 -0.2628796100616455 2.9549968242645264
v 0.47168076038360596 -0.25945228338241577 2.9425604343414307
v 0.47043848037719727 -0.2628479599952698 2.9156088829040527
v 0.4717603921890259 -0.26307952404022217 2.9226415157318115
v 0.4646759033203125 -0.2625756859779358 2.9234633445739746
v 0.4628649950027466 -0.26106327772140503 2.9135262966156006
v 0.4788471460342407 -0.2562626004219055 2.907439947128296
v 0.4870915412902832 -0.2597980499267578 2.907435655593872
v 0.4861795902252197 -0.26460689306259155 2.911673069000244
v 0.47830069065093994 -0.2619825303554535 2.9108400344848633
v 0.4707224369049072 -0.2582138776779175 2.996908664703369
v 0.46643078327178955 -0.25068217515945435 2.9895100593566895
v 0.4403291642665863 -0.2448214590549469 2.910518169403076
v 0.4328470826148987 -0.24211598932743073 2.911290168762207
v 0.4266371428966522 -0.23800474405288696 2.9134624004364014
v 0.4496912658214569 -0.2598874270915985 2.9382400512695312
v 0.45042672753334045 -0.26079344749450684 2.941990375518799
v 0.43503156304359436 -0.26200535893440247 2.9424054622650146
v 0.4355100095272064 -0.2597648501396179 2.9375526905059814
v 0.4532682001590729 -0.26891228556632996 2.9573917388916016
v 0.45657700300216675 -0.27269965410232544 2.968238353729248
v 0.4393848180770874 -0.2697302997112274 2.957864761352539
v 0.42409271001815796 -0.25535839796066284 2.940253496170044
v 0.4160293936729431 -0.24976643919944763 2.9402048587799072
v 0.41810187697410583 -0.24869568645954132 2.9325194358825684
v 0.4206148386001587 -0.24674753844738007 2.9249444007873535
v 0.4228777289390564 -0.24288761615753174 2.9168734550476074
v 0.4072532653808594 -0.24411888420581818 2.9394278526306152
v 0.4095301628112793 -0.24351902306079865 2.9314587116241455
v 0.41254666447639465 -0.241237610578537 2.923753499984741
v 0.4158440828323364 -0.23743224143981934 2.917360305786133
v 0.4324929714202881 -0.21308143436908722 2.922149181365967
v 0.4383143186569214 -0.21846452355384827 2.9220540523529053
v 0.42859336733818054 -0.21934500336647034 2.9145348072052
v 0.4093590974807739 -0.2411276251077652 2.9568724632263184
v 0.40692928433418274 -0.2431977242231369 2.9476468563079834
v 0.41487953066825867 -0.24981170892715454 2.9488158226013184
v 0.4140489995479584 -0.23501341044902802 2.96296763420105
v 0.45562297105789185 -0.2754364609718323 2.9882519245147705
v 0.46291065216064453 -0.274154394865036 2.9858014583587646
v 0.4660736322402954 -0.27542945742607117 2.9918770790100098
v 0.4602614641189575 -0.27660128474235535 2.9944870471954346
v 0.49352073669433594 -0.2635480761528015 2.9826455116271973
v 0.5006237030029297 -0.26275086402893066 2.9843363761901855
v 0.5030056238174438 -0.2562422752380371 2.9850525856018066
v 0.4470004737377167 -0.2566770911216736 2.9135916233062744
v 0.44831615686416626 -0.2605021893978119 2.923825263977051
v 0.5046510696411133 -0.2696605622768402 2.9703245162963867
v 0.5325865745544434 -0.2601199746131897 2.9892637729644775
v 0.5219037532806396 -0.2555369436740875 2.9860620498657227
v 0.5184258222579956 -0.25991928577423096 2.9882636070251465
v 0.5296132564544678 -0.2638450860977173 2.991314172744751
v 0.514258861541748 -0.26796895265579224 2.9698433876037598
v 0.5215493440628052 -0.2683832049369812 2.972914934158325
v 0.5173126459121704 -0.27062124013900757 2.9762797355651855
v 0.5104513168334961 -0.2694986164569855 2.9739460945129395
v 0.5038536787033081 -0.26824918389320374 2.933163642883301
v 0.5107136964797974 -0.2687588930130005 2.934957981109619
v 0.5111591815948486 -0.2481180727481842 2.9650681018829346
v 0.4982564449310303 -0.2417505830526352 2.972676992416382
v 0.508958101272583 -0.24577535688877106 2.974923849105835
v 0.4891827702522278 -0.26286420226097107 2.9413082599639893
v 0.49729204177856445 -0.2658362090587616 2.938331127166748
v 0.4975188970565796 -0.2655058205127716 2.9432406425476074
v 0.5014157295227051 -0.2681474983692169 2.9630932807922363
v 0.49934446811676025 -0.2669748365879059 2.9576029777526855
v 0.5057816505432129 -0.2680733799934387 2.9607629776000977
v 0.5066460371017456 -0.2686088979244232 2.9667229652404785
v 0.4682505130767822 -0.2542313039302826 2.9077632427215576
v 0.4718058705329895 -0.24427548050880432 2.910125970840454
v 0.5329292416572571 -0.2704351842403412 2.992788076400757
v 0.5377347469329834 -0.2730363607406616 2.9940874576568604
v 0.4239161014556885 -0.22677603363990784 2.9123823642730713
v 0.4195007383823395 -0.23278850317001343 2.913342237472534
v 0.48015594482421875 -0.26062697172164917 2.9400722980499268
v 0.48582732677459717 -0.2383698970079422 2.971109628677368
v 0.47043025493621826 -0.25964879989624023 2.937635898590088
v 0.5081076622009277 -0.25360214710235596 2.9273834228515625
v 0.5150578022003174 -0.25626516342163086 2.9281089305877686
v 0.5126299262046814 -0.2617895007133484 2.9264461994171143
v 0.5061596632003784 -0.25958752632141113 2.923935890197754
v 0.5325065851211548 -0.27062395215034485 2.9770398139953613
v 0.5389226675033569 -0.2723849415779114 2.978928327560425
v 0.5358031988143921 -0.2753044366836548 2.982102155685425
v 0.5288716554641724 -0.2734525501728058 2.9801254272460938
v 0.5073940753936768 -0.26945990324020386 2.977478265762329
v 0.5147476196289062 -0.27093392610549927 2.9805173873901367
v 0.5137231349945068 -0.26863086223602295 2.9845147132873535
v 0.5060855746269226 -0.2675666809082031 2.9823215007781982
v 0.5073840618133545 -0.2627415657043457 2.9854907989501953
v 0.5154722929000854 -0.2643711566925049 2.987543821334839
v 0.5357011556625366 -0.26553499698638916 2.9758529663085938
v 0.5255812406539917 -0.2628508508205414 2.9725899696350098
v 0.5261873006820679 -0.25625866651535034 2.9754045009613037
v 0.5368467569351196 -0.26043587923049927 2.9798262119293213
v 0.46943211555480957 -0.22971953451633453 2.933204174041748
v 0.47917234897613525 -0.2363940179347992 2.9245903491973877
v 0.4674222469329834 -0.23131431639194489 2.924678325653076
v 0.5048134326934814 -0.2455836981534958 2.934148073196411
v 0.49982333183288574 -0.2493511289358139 2.9247002601623535
v 0.4905022382736206 -0.24205254018306732 2.9248623847961426
v 0.47638368606567383 -0.2387292981147766 2.9176361560821533
v 0.5169553756713867 -0.25975972414016724 2.964378595352173
v 0.5180530548095703 -0.25439339876174927 2.962496280670166
v 0.5172111988067627 -0.2544558644294739 2.9699482917785645
v 0.4693329334259033 -0.2606772184371948 2.931586503982544
v 0.5267462730407715 -0.26792991161346436 2.990954875946045
v 0.43853458762168884 -0.22603432834148407 2.9627277851104736
v 0.44545769691467285 -0.22804488241672516 2.9645256996154785
v 0.45144790410995483 -0.22249796986579895 2.9541640281677246
v 0.44319114089012146 -0.2204878032207489 2.9537723064422607
v 0.5262818932533264 -0.27391424775123596 2.9848721027374268
v 0.5252894163131714 -0.272155225276947 2.988767385482788
v 0.5040900707244873 -0.2682359516620636 2.927067279815674
v 0.5065338015556335 -0.26704877614974976 2.9234750270843506
v 0.5115104913711548 -0.26697856187820435 2.9260854721069336
v 0.5103477239608765 -0.2682259976863861 2.9297194480895996
v 0.4653792381286621 -0.23378847539424896 2.917973518371582
v 0.5005391240119934 -0.2509290277957916 2.9125752449035645
v 0.4966714382171631 -0.2572527825832367 2.906687021255493
v 0.457405686378479 -0.22693738341331482 2.9246551990509033
v 0.4509306848049164 -0.22208721935749054 2.9330523014068604
v 0.4587610960006714 -0.22520817816257477 2.93298602104187
v 0.5103671550750732 -0.24798977375030518 2.945934534072876
v 0.47159433364868164 -0.2292456477880478 2.941080331802368
v 0.46020376682281494 -0.22450585663318634 2.9413535594940186
v 0.45101767778396606 -0.2210407257080078 2.9422521591186523
v 0.4447256326675415 -0.2189079374074936 2.9428257942199707
v 0.4451240003108978 -0.21957170963287354 2.9336318969726562
v 0.5353316068649292 -0.2583780586719513 2.9849438667297363
v 0.5427529811859131 -0.26342299580574036 2.9819514751434326
v 0.4335010349750519 -0.21092768013477325 2.9323854446411133
v 0.4393841028213501 -0.21623191237449646 2.9331552982330322
v 0.43271833658218384 -0.21208471059799194 2.9425485134124756
v 0.4388572871685028 -0.2163502275943756 2.9430229663848877
v 0.4614074230194092 -0.2263588309288025 2.957625150680542
v 0.46148020029067993 -0.2249462604522705 2.9494516849517822
v 0.4739941358566284 -0.23028436303138733 2.958083152770996
v 0.473422646522522 -0.2289709448814392 2.94943904876709
v 0.5113857984542847 -0.24436452984809875 2.9549074172973633
v 0.5541171431541443 -0.273567795753479 2.984588861465454
v 0.5521029233932495 -0.2771839499473572 2.983607292175293
v 0.5446152091026306 -0.2744932770729065 2.980966567993164
v 0.5470917224884033 -0.2704067528247833 2.981661319732666
v 0.5415515899658203 -0.2679249942302704 2.978549003601074
v 0.5479186773300171 -0.2663766145706177 2.984689235687256
v 0.4727522134780884 -0.2349928468465805 2.9688751697540283
v 0.5127571821212769 -0.2678352892398834 2.963144063949585
v 0.4569184184074402 -0.233302041888237 2.968736410140991
v 0.4624307155609131 -0.24177221953868866 2.981147527694702
v 0.47353053092956543 -0.24213950335979462 2.980879068374634
v 0.44642600417137146 -0.2393726408481598 2.977168321609497
v 0.43856510519981384 -0.23529042303562164 2.9706649780273438
v 0.4266752004623413 -0.23195746541023254 2.9657859802246094
v 0.4320564866065979 -0.23327989876270294 2.9667856693267822
v 0.4196154475212097 -0.22837330400943756 2.9651598930358887
v 0.45413029193878174 -0.24608127772808075 2.9865057468414307
v 0.54453444480896 -0.28129637241363525 2.9883134365081787
v 0.5433061122894287 -0.27995529770851135 2.9935193061828613
v 0.43267327547073364 -0.22491741180419922 2.96162486076355
v 0.4260478913784027 -0.2211831659078598 2.9618148803710938
v 0.4602038860321045 -0.2743127942085266 2.9780519008636475
v 0.4607999920845032 -0.25926780700683594 2.9361472129821777
v 0.45961886644363403 -0.26043701171875 2.9313762187957764
v 0.45723211765289307 -0.2618677616119385 2.9238085746765137
v 0.45542028546333313 -0.2592964172363281 2.9132652282714844
v 0.4306793808937073 -0.2148589789867401 2.952960252761841
v 0.3973054587841034 -0.23618999123573303 2.9305315017700195
v 0.4000912308692932 -0.2342584729194641 2.922318696975708
v 0.4248690605163574 -0.20478007197380066 2.9420228004455566
v 0.5443840026855469 -0.27697518467903137 2.996250867843628
v 0.5184051990509033 -0.2636098861694336 2.9440181255340576
v 0.5189999341964722 -0.26460108160972595 2.945805072784424
v 0.45026278495788574 -0.27218273282051086 2.9919610023498535
v 0.45677298307418823 -0.27381742000579834 2.998483896255493
v 0.46169614791870117 -0.263302743434906 3.002429962158203
v 0.45488205552101135 -0.2587010860443115 2.9968714714050293
v 0.45040977001190186 -0.2658034563064575 2.9957497119903564
v 0.4576500654220581 -0.2689599394798279 3.000866174697876
v 0.4499618411064148 -0.2599233090877533 2.935199022293091
v 0.4501388967037201 -0.26017674803733826 2.9311530590057373
v 0.46158266067504883 -0.24044756591320038 2.910653591156006
v 0.458259642124176 -0.25018757581710815 2.907804012298584
v 0.5102671384811401 -0.257409006357193 2.986414670944214
v 0.5133025646209717 -0.25246480107307434 2.982989549636841
v 0.5061404705047607 -0.24971340596675873 2.982105255126953
v 0.524619460105896 -0.253520131111145 2.9807369709014893
v 0.5184204578399658 -0.2622539699077606 2.969332456588745
v 0.5166563987731934 -0.2640523612499237 2.96547269821167
v 0.4515746533870697 -0.2640420198440552 2.947995901107788
v 0.43640393018722534 -0.2659536302089691 2.9486515522003174
v 0.4711676836013794 -0.2702445983886719 2.989989757537842
v 0.4693171977996826 -0.2703666388988495 2.9844324588775635
v 0.49790287017822266 -0.2658627927303314 2.9502816200256348
v 0.520301103591919 -0.25250768661499023 2.9502556324005127
v 0.5197421312332153 -0.24945862591266632 2.9564249515533447
v 0.5050638914108276 -0.26756370067596436 2.952626943588257
v 0.5469985008239746 -0.2737044394016266 2.997042417526245
v 0.5500507354736328 -0.27043142914772034 2.9953908920288086
v 0.5163275003433228 -0.24985940754413605 2.977383852005005
v 0.4962029457092285 -0.2668052315711975 2.9315903186798096
v 0.5206222534179688 -0.2585447430610657 2.9474945068359375
v 0.5158517360687256 -0.25414806604385376 2.942445755004883
v 0.49287378787994385 -0.2624305188655853 2.9077377319335938
v 0.43746432662010193 -0.21907760202884674 2.9536354541778564
v 0.5407800674438477 -0.27747809886932373 2.983158826828003
v 0.5477145910263062 -0.28043463826179504 2.984236717224121
v 0.5539947152137756 -0.2703723907470703 2.986482620239258
v 0.5525500774383545 -0.2689184248447418 2.9909815788269043
v 0.44899818301200867 -0.24715249240398407 2.9092681407928467
v 0.46169376373291016 -0.25883981585502625 2.939887285232544
v 0.4036334156990051 -0.23044265806674957 2.9160220623016357
v 0.46027886867523193 -0.25242161750793457 2.9941012859344482
v 0.46674907207489014 -0.2585519254207611 3.0006463527679443
v 0.5117852091789246 -0.2686193883419037 2.954327344894409
v 0.5032863020896912 -0.2539847195148468 2.9197938442230225
v 0.5201769471168518 -0.25476258993148804 2.940666437149048
v 0.5182961225509644 -0.2521752715110779 2.9340059757232666
v 0.512373149394989 -0.24942749738693237 2.934126615524292
v 0.5209512114524841 -0.2600537836551666 2.942789316177368
v 0.5582979917526245 -0.2720079720020294 2.9927010536193848
v 0.5595231056213379 -0.2733331322669983 2.988269805908203
v 0.5561177730560303 -0.27357491850852966 2.99739408493042
v 0.5524741411209106 -0.2766670882701874 2.9980597496032715
v 0.5495807528495789 -0.27952051162719727 2.997281551361084
v 0.5593715906143188 -0.2761078178882599 2.9861717224121094
v 0.5571836233139038 -0.27933698892593384 2.9851980209350586
v 0.5527293086051941 -0.2822050452232361 2.9863693714141846
v 0.5639592409133911 -0.2787916362285614 2.9873170852661133
v 0.5651300549507141 -0.2765478491783142 2.990069627761841
v 0.5662494897842407 -0.2804783582687378 3.0007083415985107
v 0.5687355399131775 -0.27950015664100647 2.998983860015869
v 0.5660988092422485 -0.2776235342025757 2.9983694553375244
v 0.5623477697372437 -0.27670443058013916 2.998814105987549
v 0.5701794624328613 -0.2832777202129364 3.001024007797241
v 0.5728325843811035 -0.28170183300971985 3.0000574588775635
v 0.5704344511032104 -0.2784612774848938 2.9960856437683105
v 0.5663191080093384 -0.2765401005744934 2.995006799697876
v 0.5748025178909302 -0.28066542744636536 2.9967832565307617
v 0.574862539768219 -0.2814764082431793 2.9932844638824463
v 0.570550799369812 -0.2795087397098541 2.992716073989868
v 0.5673472881317139 -0.27751249074935913 2.9928417205810547
v 0.5633536577224731 -0.27469736337661743 2.9943346977233887
v 0.5744465589523315 -0.2853491008281708 3.0006227493286133
v 0.577652633190155 -0.2859691381454468 2.9972312450408936
v 0.5781837701797485 -0.28303202986717224 2.997436285018921
v 0.5756932497024536 -0.28329998254776 3.000171422958374
v 0.5577785968780518 -0.2793103754520416 2.9992668628692627
v 0.5634937286376953 -0.28274673223495483 3.0005321502685547
v 0.5682564377784729 -0.2856843173503876 3.0009548664093018
v 0.5724805593490601 -0.28759443759918213 2.9998083114624023
v 0.5615843534469604 -0.28544774651527405 2.9992802143096924
v 0.5670446157455444 -0.2877241373062134 2.9993205070495605
v 0.5706479549407959 -0.2889629006385803 2.9981205463409424
v 0.5610535144805908 -0.2875226140022278 2.996340036392212
v 0.5668990015983582 -0.289004385471344 2.9969632625579834
v 0.5547769069671631 -0.2819859981536865 2.998481273651123
v 0.5532654523849487 -0.284211665391922 2.9951424598693848
v 0.5696418881416321 -0.2893335819244385 2.9966626167297363
v 0.5755918025970459 -0.28791895508766174 2.9963741302490234
v 0.5696879625320435 -0.28022485971450806 2.989763021469116
v 0.5741162896156311 -0.2829667329788208 2.9910528659820557
v 0.5686599016189575 -0.2819204032421112 2.988218069076538
v 0.5730599164962769 -0.2846887409687042 2.989917278289795
v 0.5779624581336975 -0.28296390175819397 2.994138479232788
v 0.5772969126701355 -0.2849647104740143 2.9926865100860596
v 0.5483118295669556 -0.2821429967880249 2.994666814804077
v 0.5496866106987 -0.2830755412578583 2.98972225189209
v 0.554542601108551 -0.285217821598053 2.9908924102783203
v 0.5620179176330566 -0.2884008288383484 2.992023229598999
v 0.5575348138809204 -0.28415602445602417 2.9872758388519287
v 0.5619255304336548 -0.28169745206832886 2.9866039752960205
v 0.5670809745788574 -0.2842659056186676 2.98795485496521
v 0.5645108222961426 -0.28682515025138855 2.9891154766082764
v 0.5711057186126709 -0.286557674407959 2.9895925521850586
v 0.5692607760429382 -0.2883894145488739 2.9907379150390625
v 0.56776362657547 -0.28936004638671875 2.9935033321380615
v 0.5733368396759033 -0.28823789954185486 2.991896867752075
v 0.5755840539932251 -0.28678587079048157 2.992068290710449
v 0.5729883313179016 -0.2889789640903473 2.995129108428955
v 0.5707094669342041 -0.2893962264060974 2.994298219680786
v 0.5714171528816223 -0.2889123857021332 2.992210626602173
v 0.5496913194656372 -0.28011631965637207 2.9631974697113037
v 0.5430496335029602 -0.27676692605018616 2.962604522705078
v 0.5433741807937622 -0.2776651680469513 2.958333969116211
v 0.5500285625457764 -0.2809569239616394 2.958286762237549
v 0.5539618134498596 -0.26917481422424316 2.966200828552246
v 0.548012912273407 -0.2656309902667999 2.964984655380249
v 0.5458387136459351 -0.27017876505851746 2.9667816162109375
v 0.5515608191490173 -0.2739277482032776 2.9670848846435547
v 0.5555745363235474 -0.2670784592628479 2.9609992504119873
v 0.5499505996704102 -0.26331645250320435 2.96018648147583
v 0.540901780128479 -0.26181042194366455 2.9644742012023926
v 0.5279446244239807 -0.25742125511169434 2.9632277488708496
v 0.5254246592521667 -0.2627376616001129 2.9636294841766357
v 0.5387098789215088 -0.26684772968292236 2.9660332202911377
v 0.5262254476547241 -0.26711341738700867 2.9477040767669678
v 0.5229461193084717 -0.2693984806537628 2.9505043029785156
v 0.5441998243331909 -0.2741127610206604 2.965526580810547
v 0.5503528118133545 -0.2777588963508606 2.9662373065948486
v 0.5393109321594238 -0.2714841067790985 2.9500863552093506
v 0.5474238395690918 -0.27456891536712646 2.951221227645874
v 0.5449069738388062 -0.27700480818748474 2.953882932662964
v 0.5369343757629395 -0.27403661608695984 2.953444719314575
v 0.5212230086326599 -0.2701597213745117 2.9561924934387207
v 0.5211367607116699 -0.2695780098438263 2.9616425037384033
v 0.523361086845398 -0.26672691106796265 2.9640045166015625
v 0.5420222282409668 -0.26698192954063416 2.949904203414917
v 0.5296837091445923 -0.26204827427864075 2.9484848976135254
v 0.5307386517524719 -0.2564064562320709 2.951659679412842
v 0.5433350205421448 -0.26210910081863403 2.952704429626465
v 0.5365657210350037 -0.27091774344444275 2.9650251865386963
v 0.5352292060852051 -0.27444911003112793 2.958106756210327
v 0.5351165533065796 -0.273770809173584 2.9625704288482666
v 0.5427461862564087 -0.25959235429763794 2.9591779708862305
v 0.5502614378929138 -0.26598867774009705 2.9534544944763184
v 0.5642222166061401 -0.2772369384765625 2.953742027282715
v 0.5631084442138672 -0.2810647189617157 2.9531233310699463
v 0.5539213418960571 -0.2775428891181946 2.951319456100464
v 0.5558302998542786 -0.2735498547554016 2.951948642730713
v 0.5493913888931274 -0.2705971896648407 2.9509060382843018
v 0.5563913583755493 -0.26932376623153687 2.9552879333496094
v 0.5599133372306824 -0.28544753789901733 2.958833694458008
v 0.5589298009872437 -0.28476864099502563 2.963452100753784
v 0.5593246817588806 -0.2825782299041748 2.9665701389312744
v 0.5302882790565491 -0.2536435127258301 2.9581611156463623
v 0.5604397058486938 -0.2789733409881592 2.9679269790649414
v 0.5623035430908203 -0.27418774366378784 2.9670817852020264
v 0.5516868233680725 -0.28025054931640625 2.954047679901123
v 0.5612510442733765 -0.2842904329299927 2.9552688598632812
v 0.5643067359924316 -0.2736200988292694 2.9564170837402344
v 0.5635865926742554 -0.2716776728630066 2.9620907306671143
v 0.5706603527069092 -0.27580052614212036 2.9627866744995117
v 0.5711542367935181 -0.2774007022380829 2.9578614234924316
v 0.5693780183792114 -0.277914822101593 2.967264175415039
v 0.5668569803237915 -0.2820405662059784 2.967982292175293
v 0.565370500087738 -0.28508177399635315 2.9669578075408936
v 0.5709224939346313 -0.28010961413383484 2.9554197788238525
v 0.5693817138671875 -0.28322240710258484 2.9542860984802246
v 0.5670162439346313 -0.286272794008255 2.9559621810913086
v 0.5772252082824707 -0.2830340564250946 2.956268072128296
v 0.5784459710121155 -0.2809509038925171 2.958355665206909
v 0.5865855813026428 -0.2878600060939789 2.9676525592803955
v 0.5883886814117432 -0.2857031524181366 2.966317892074585
v 0.5836156606674194 -0.28373563289642334 2.9660561084747314
v 0.5816733837127686 -0.2849993109703064 2.968179702758789
v 0.5806558132171631 -0.2818570137023926 2.9658381938934326
v 0.5769469141960144 -0.2812623083591461 2.9672656059265137
v 0.5844742059707642 -0.2818734645843506 2.9628822803497314
v 0.5808842182159424 -0.2811873257160187 2.963024139404297
v 0.5904670357704163 -0.2842075824737549 2.963209629058838
v 0.5899614095687866 -0.28511080145835876 2.9598565101623535
v 0.5844830274581909 -0.2834538519382477 2.9599814414978027
v 0.5810604095458984 -0.28193238377571106 2.96024489402771
v 0.5916088819503784 -0.2894769310951233 2.966723918914795
v 0.5922926068305969 -0.2870770990848541 2.9665403366088867
v 0.5770917534828186 -0.2790960371494293 2.9628098011016846
v 0.5727540850639343 -0.2843533754348755 2.967916488647461
v 0.5793210864067078 -0.2876041829586029 2.968667984008789
v 0.5852009057998657 -0.2903406620025635 2.9678595066070557
v 0.5900599956512451 -0.29188987612724304 2.9661734104156494
v 0.5772886276245117 -0.29041150212287903 2.966944932937622
v 0.5838340520858765 -0.292499840259552 2.966681718826294
v 0.5880424380302429 -0.29322293400764465 2.964901924133301
v 0.5765970945358276 -0.2924540340900421 2.963981866836548
v 0.5830498933792114 -0.2937539517879486 2.963733673095703
v 0.5701814889907837 -0.28719159960746765 2.966756820678711
v 0.5694913864135742 -0.2891567349433899 2.9644551277160645
v 0.5864359140396118 -0.29364052414894104 2.96321177482605
v 0.5927320718765259 -0.2915232181549072 2.9624695777893066
v 0.5948431491851807 -0.2892589569091797 2.962989330291748
v 0.595162570476532 -0.28601741790771484 2.963271141052246
v 0.5838322043418884 -0.2845660150051117 2.9584450721740723
v 0.5890202522277832 -0.2868539094924927 2.958319902420044
v 0.5830427408218384 -0.2857931852340698 2.9561593532562256
v 0.5886397361755371 -0.2882329821586609 2.957526922225952
v 0.5940689444541931 -0.28640592098236084 2.9602415561676025
v 0.5937322378158569 -0.2883143126964569 2.959726572036743
v 0.5649399757385254 -0.2870508134365082 2.9642984867095947
v 0.5653946399688721 -0.28748878836631775 2.959677219390869
v 0.5699318647384644 -0.28968170285224915 2.9600470066070557
v 0.5772218704223633 -0.2927340269088745 2.959704637527466
v 0.5717297792434692 -0.2882342040538788 2.95635724067688
v 0.5749570727348328 -0.2854837477207184 2.9548287391662598
v 0.5813206434249878 -0.28791338205337524 2.9555602073669434
v 0.579092264175415 -0.2906922698020935 2.9568047523498535
v 0.5866705775260925 -0.28986042737960815 2.956834554672241
v 0.5846978425979614 -0.29201290011405945 2.957568645477295
v 0.5833432674407959 -0.2937379777431488 2.9600017070770264
v 0.5897621512413025 -0.2915741801261902 2.9585206508636475
v 0.5920692682266235 -0.2902120351791382 2.958587884902954
v 0.5901563167572021 -0.2929137349128723 2.961925506591797
v 0.5873351097106934 -0.2935497760772705 2.961146593093872
v 0.5877087712287903 -0.2925804853439331 2.959204912185669
v 0.5431805849075317 -0.2779545187950134 2.938541889190674
v 0.5379440784454346 -0.27516716718673706 2.938450336456299
v 0.5364031791687012 -0.27677708864212036 2.9340200424194336
v 0.5416133999824524 -0.2799030840396881 2.933629035949707
v 0.5479027032852173 -0.26835647225379944 2.9377923011779785
v 0.5420041680335999 -0.26461368799209595 2.9384899139404297
v 0.5413223505020142 -0.26834240555763245 2.940579414367676
v 0.5467776656150818 -0.27126696705818176 2.9395015239715576
v 0.5482050180435181 -0.2672085762023926 2.933276891708374
v 0.5420762300491333 -0.2632516622543335 2.9335577487945557
v 0.5358810424804688 -0.2614731192588806 2.9391207695007324
v 0.5269403457641602 -0.257540225982666 2.9401450157165527
v 0.5262082815170288 -0.26267728209495544 2.9421956539154053
v 0.53553307056427 -0.26593899726867676 2.941854953765869
v 0.5399338006973267 -0.27204430103302 2.9406931400299072
v 0.5453698635101318 -0.27472642064094543 2.9401564598083496
v 0.5303881168365479 -0.272529274225235 2.9273521900177
v 0.5370860695838928 -0.2749719023704529 2.9267914295196533
v 0.5362304449081421 -0.2765897810459137 2.9296936988830566
v 0.5297145843505859 -0.273830771446228 2.9306087493896484
v 0.518700122833252 -0.2701904773712158 2.935520887374878
v 0.5207998752593994 -0.26917344331741333 2.939927816390991
v 0.5236009955406189 -0.26661190390586853 2.9414703845977783
v 0.5321181416511536 -0.2684025168418884 2.9251787662506104
v 0.5213058590888977 -0.2645377814769745 2.9264602661132812
v 0.5236599445343018 -0.2589629292488098 2.927440643310547
v 0.5342392921447754 -0.262917697429657 2.9278573989868164
v 0.5339816808700562 -0.2700026035308838 2.9413397312164307
v 0.5298582911491394 -0.27447205781936646 2.934610605239868
v 0.53172767162323 -0.2729387581348419 2.939037322998047
v 0.5352805852890015 -0.2599404454231262 2.9334053993225098
v 0.5407291650772095 -0.2660624384880066 2.928046941757202
v 0.5545724630355835 -0.27730992436408997 2.9255733489990234
v 0.5527372360229492 -0.2809933125972748 2.925424814224243
v 0.5430629253387451 -0.2776549756526947 2.9261536598205566
v 0.5450758337974548 -0.27367955446243286 2.925644636154175
v 0.5388203859329224 -0.27119046449661255 2.925638198852539
v 0.5470970273017883 -0.26938149333000183 2.92803692817688
v 0.5502810478210449 -0.28395557403564453 2.93296217918396
v 0.551077127456665 -0.2824183404445648 2.9371097087860107
v 0.5530223846435547 -0.2791441082954407 2.9387409687042236
v 0.5260652303695679 -0.25557538866996765 2.9338691234588623
v 0.5189496278762817 -0.2688114047050476 2.927626371383667
v 0.554996907711029 -0.2762015759944916 2.939239501953125
v 0.5562871694564819 -0.2735464572906494 2.9374186992645264
v 0.5418422222137451 -0.2796451449394226 2.929508686065674
v 0.5508474707603455 -0.2833474576473236 2.9285213947296143
v 0.5560476183891296 -0.2737622559070587 2.9281859397888184
v 0.556576132774353 -0.2718251049518585 2.932771921157837
v 0.5627790689468384 -0.2751343250274658 2.9329006671905518
v 0.5623252391815186 -0.27651768922805786 2.92822003364563
v 0.5625661611557007 -0.27670297026634216 2.937215805053711
v 0.560645580291748 -0.279406875371933 2.9383232593536377
v 0.5587159991264343 -0.28204992413520813 2.938779830932617
v 0.5609835982322693 -0.2799452245235443 2.926034927368164
v 0.5591573119163513 -0.283057302236557 2.9259486198425293
v 0.5562639236450195 -0.2852327227592468 2.928168535232544
v 0.5656019449234009 -0.2820988595485687 2.925844430923462
v 0.5677740573883057 -0.27951475977897644 2.9283103942871094
v 0.5773259401321411 -0.28547990322113037 2.936751127243042
v 0.5782337188720703 -0.28425318002700806 2.935152769088745
v 0.5738260746002197 -0.2826058268547058 2.9352426528930664
v 0.572962760925293 -0.28325533866882324 2.937159299850464
v 0.5709648132324219 -0.2805425822734833 2.935075044631958
v 0.5682970285415649 -0.2796284258365631 2.9365711212158203
v 0.5746321678161621 -0.281095415353775 2.932119131088257
v 0.5706840753555298 -0.279521644115448 2.9323577880859375
v 0.5790632963180542 -0.2829373776912689 2.931774854660034
v 0.5775667428970337 -0.283929705619812 2.928327798843384
v 0.5731348395347595 -0.28224942088127136 2.9288554191589355
v 0.5704019069671631 -0.28020334243774414 2.9295778274536133
v 0.5811607837677002 -0.28693488240242004 2.9352967739105225
v 0.5814155340194702 -0.28521475195884705 2.9345946311950684
v 0.5675143003463745 -0.27786868810653687 2.932677984237671
v 0.5654914975166321 -0.28189617395401 2.9381566047668457
v 0.5708619952201843 -0.2851271629333496 2.9380178451538086
v 0.5757112503051758 -0.28758370876312256 2.93733811378479
v 0.579209566116333 -0.28917476534843445 2.935429811477661
v 0.5686577558517456 -0.28748926520347595 2.9375088214874268
v 0.5737340450286865 -0.28964969515800476 2.936629295349121
v 0.5768024325370789 -0.2907203137874603 2.93489670753479
v 0.5668162107467651 -0.2895295321941376 2.93591046333313
v 0.5722415447235107 -0.2912041246891022 2.935027599334717
v 0.563091516494751 -0.2844540774822235 2.9380712509155273
v 0.5607503652572632 -0.2864568531513214 2.936121702194214
v 0.5750455856323242 -0.2913986146450043 2.93406081199646
v 0.5806958675384521 -0.2896111309528351 2.931439161300659
v 0.5828701853752136 -0.28713828325271606 2.9315249919891357
v 0.5829827785491943 -0.2844860851764679 2.931551933288574
v 0.5720059871673584 -0.28301647305488586 2.926879644393921
v 0.5764768123626709 -0.28532007336616516 2.926934242248535
v 0.5702806711196899 -0.2849116921424866 2.9259326457977295
v 0.5751274228096008 -0.28712114691734314 2.9263827800750732
v 0.5809077620506287 -0.2849188446998596 2.9286444187164307
v 0.5804131031036377 -0.28650346398353577 2.9279892444610596
v 0.5564707517623901 -0.28445592522621155 2.9367244243621826
v 0.5553830862045288 -0.2856642007827759 2.932692766189575
v 0.5596973896026611 -0.2874591648578644 2.932608127593994
v 0.5661634802818298 -0.2903970181941986 2.932218074798584
v 0.5604124069213867 -0.286850243806839 2.9281809329986572
v 0.5632919073104858 -0.2848118543624878 2.9262993335723877
v 0.5684128999710083 -0.2871760427951813 2.926398992538452
v 0.5665757656097412 -0.2893240749835968 2.9284284114837646
v 0.5732134580612183 -0.2890685498714447 2.92637038230896
v 0.5720515251159668 -0.2909195125102997 2.9287548065185547
v 0.5717034339904785 -0.291786253452301 2.931920289993286
v 0.5766732692718506 -0.29020580649375916 2.9284870624542236
v 0.5787321329116821 -0.288463294506073 2.9278998374938965
v 0.5777847766876221 -0.2909887135028839 2.9316320419311523
v 0.575167179107666 -0.2917010486125946 2.931748151779175
v 0.5748816728591919 -0.2912308871746063 2.929405689239502
v 0.5181291103363037 -0.26968246698379517 2.9310686588287354
v 0.5232813358306885 -0.27558866143226624 2.910719871520996
v 0.5194069147109985 -0.27316924929618835 2.912397861480713
v 0.5173287391662598 -0.274325430393219 2.9089596271514893
v 0.5211620926856995 -0.2768215537071228 2.907528877258301
v 0.5276860594749451 -0.2669844925403595 2.9076335430145264
v 0.5234302282333374 -0.2638072371482849 2.9095003604888916
v 0.5230984687805176 -0.26704758405685425 2.912911891937256
v 0.5273058414459229 -0.2697925269603729 2.910719633102417
v 0.5264333486557007 -0.26614901423454285 2.9029886722564697
v 0.5221030712127686 -0.26283973455429077 2.904819965362549
v 0.5180212259292603 -0.2609110176563263 2.9119107723236084
v 0.5092822909355164 -0.2567010819911957 2.9161899089813232
v 0.50968998670578 -0.26163408160209656 2.918524980545044
v 0.5177426934242249 -0.26466965675354004 2.9151268005371094
v 0.4970214366912842 -0.26463583111763 2.907682418823242
v 0.5026657581329346 -0.26709678769111633 2.9063549041748047
v 0.503312349319458 -0.26911962032318115 2.909822463989258
v 0.4969123601913452 -0.26706016063690186 2.9113733768463135
v 0.5214543342590332 -0.27061033248901367 2.9136972427368164
v 0.5256479978561401 -0.2730209529399872 2.9118103981018066
v 0.5111769437789917 -0.2703881561756134 2.9041192531585693
v 0.5159132480621338 -0.2726362347602844 2.902113437652588
v 0.5163165330886841 -0.2742384076118469 2.9056954383850098
v 0.5117077827453613 -0.2723279893398285 2.9074082374572754
v 0.4986145496368408 -0.26856598258018494 2.9159157276153564
v 0.5049572587013245 -0.26976895332336426 2.9140655994415283
v 0.5067324042320251 -0.26841190457344055 2.9170963764190674
v 0.5017505288124084 -0.2685556411743164 2.920363664627075
v 0.5086205005645752 -0.2661632001399994 2.9186527729034424
v 0.511730432510376 -0.26677897572517395 2.9017393589019775
v 0.5031055212020874 -0.26359081268310547 2.9048538208007812
v 0.5042791366577148 -0.25845760107040405 2.9050467014312744
v 0.5139521360397339 -0.2625531256198883 2.9027743339538574
v 0.5164849758148193 -0.26841822266578674 2.915464162826538
v 0.5129281282424927 -0.2725781500339508 2.9111034870147705
v 0.514733076095581 -0.2709142863750458 2.9140889644622803
v 0.5163965225219727 -0.2594546377658844 2.906822681427002
v 0.5191150903701782 -0.2654300034046173 2.9002106189727783
v 0.5265445709228516 -0.2753011882305145 2.895382881164551
v 0.5253903269767761 -0.27800270915031433 2.8974523544311523
v 0.5198132395744324 -0.27510035037994385 2.9000473022460938
v 0.5209615230560303 -0.2719171345233917 2.8977644443511963
v 0.5169920325279236 -0.26926130056381226 2.9000442028045654
v 0.5236049890518188 -0.26833388209342957 2.898824691772461
v 0.526286780834198 -0.27979642152786255 2.9048259258270264
v 0.5286756753921509 -0.2787524163722992 2.90812087059021
v 0.5308095216751099 -0.2762400209903717 2.9089925289154053
v 0.5073577761650085 -0.2541191577911377 2.9105982780456543
v 0.5329141616821289 -0.27356192469596863 2.9087493419647217
v 0.5333189368247986 -0.270959734916687 2.90557861328125
v 0.5199364423751831 -0.27663663029670715 2.9035112857818604
v 0.5253968238830566 -0.27958062291145325 2.901211738586426
v 0.5291526913642883 -0.2721623480319977 2.896664619445801
v 0.5316953063011169 -0.2701055705547333 2.9006762504577637
v 0.5365399718284607 -0.2727925181388855 2.899416446685791
v 0.5340462327003479 -0.274825781583786 2.895369052886963
v 0.5376675128936768 -0.27375298738479614 2.904061794281006
v 0.5366120338439941 -0.27582618594169617 2.906815767288208
v 0.534414529800415 -0.2783847749233246 2.9070258140563965
v 0.5312262773513794 -0.27791929244995117 2.8944878578186035
v 0.5299149751663208 -0.2799723744392395 2.896472692489624
v 0.5294028520584106 -0.28090399503707886 2.8997578620910645
v 0.5354377031326294 -0.27998051047325134 2.8930490016937256
v 0.5388920903205872 -0.27733248472213745 2.894239902496338
v 0.5486636161804199 -0.28206339478492737 2.901674270629883
v 0.5488544702529907 -0.28073757886886597 2.90012526512146
v 0.5460652112960815 -0.27913209795951843 2.900982141494751
v 0.5454061627388 -0.27985894680023193 2.902735471725464
v 0.5433809757232666 -0.2773309648036957 2.900668144226074
v 0.5417057871818542 -0.2765135169029236 2.9027225971221924
v 0.545419454574585 -0.2781800925731659 2.8973803520202637
v 0.5422168374061584 -0.276665598154068 2.8976104259490967
v 0.5488946437835693 -0.2797415852546692 2.8964877128601074
v 0.5468109846115112 -0.28144964575767517 2.892669439315796
v 0.5436235070228577 -0.2794811725616455 2.8933002948760986
v 0.5415792465209961 -0.2776292562484741 2.894768476486206
v 0.5513967275619507 -0.2835093140602112 2.899721384048462
v 0.551237940788269 -0.2818085551261902 2.8990137577056885
v 0.5400904417037964 -0.2751184403896332 2.898717164993286
v 0.5403785705566406 -0.27823036909103394 2.905559778213501
v 0.5443747043609619 -0.2811042368412018 2.9043166637420654
v 0.5483720302581787 -0.283914715051651 2.9027352333068848
v 0.5505643486976624 -0.28562039136886597 2.900087833404541
v 0.5424067974090576 -0.282773494720459 2.904492139816284
v 0.5464401841163635 -0.2853563129901886 2.902728319168091
v 0.5483366250991821 -0.2866733968257904 2.9000725746154785
v 0.5399035215377808 -0.2841120660305023 2.9036927223205566
v 0.5442371964454651 -0.2863384187221527 2.901817798614502
v 0.5377184152603149 -0.27994927763938904 2.905747413635254
v 0.5353398323059082 -0.2815897762775421 2.905294895172119
v 0.5465233325958252 -0.28716856241226196 2.900088310241699
v 0.5503003597259521 -0.2862403690814972 2.896557569503784
v 0.5516830682754517 -0.2841672897338867 2.8958940505981445
v 0.5516931414604187 -0.2815045416355133 2.8955743312835693
v 0.5419408082962036 -0.28072482347488403 2.8918778896331787
v 0.5459338426589966 -0.2832769751548767 2.8920657634735107
v 0.5397312641143799 -0.28245899081230164 2.892317056655884
v 0.5446293950080872 -0.28511956334114075 2.892691135406494
v 0.5497268438339233 -0.2824002802371979 2.8931522369384766
v 0.5490826368331909 -0.2843044400215149 2.8925998210906982
v 0.5321579575538635 -0.2804775536060333 2.906205177307129
v 0.5300816297531128 -0.28141337633132935 2.9031684398651123
v 0.533306360244751 -0.28282099962234497 2.9025509357452393
v 0.5379378795623779 -0.2851443588733673 2.9012670516967773
v 0.5327314138412476 -0.2826992869377136 2.8985204696655273
v 0.5333843231201172 -0.28162962198257446 2.894975185394287
v 0.5381436347961426 -0.28415197134017944 2.893890857696533
v 0.5372040271759033 -0.2851813733577728 2.8969342708587646
v 0.543044924736023 -0.28638356924057007 2.89384126663208
v 0.5425064563751221 -0.2871207594871521 2.8968491554260254
v 0.5427818298339844 -0.2871110141277313 2.8997416496276855
v 0.5467270612716675 -0.2872418463230133 2.895519495010376
v 0.5481432676315308 -0.2862336039543152 2.8940036296844482
v 0.5482967495918274 -0.2873021066188812 2.8974859714508057
v 0.5461709499359131 -0.28758251667022705 2.8984880447387695
v 0.5454776287078857 -0.28756552934646606 2.896857738494873
v 0.49818670749664307 -0.26183465123176575 2.905961275100708
v 0.47722214460372925 -0.2638731598854065 3.003854274749756
v 0.4789109230041504 -0.266506165266037 3.0005548000335693
v 0.4753786325454712 -0.27530327439308167 2.996826171875
v 0.47081637382507324 -0.2788468301296234 2.99867844581604
v 0.46607524156570435 -0.2792087197303772 3.0020806789398193
v 0.4644489288330078 -0.27667903900146484 3.0059449672698975
v 0.4655958414077759 -0.27275800704956055 3.008770227432251
v 0.47855210304260254 -0.2704472839832306 2.9977848529815674
v 0.4738631844520569 -0.26341158151626587 3.00822114944458
v 0.46892786026000977 -0.267379492521286 3.0098516941070557
v 0.47506892681121826 -0.2708854079246521 3.0170702934265137
v 0.47978436946868896 -0.26666608452796936 3.0149195194244385
v 0.47109341621398926 -0.276259183883667 3.0159921646118164
v 0.46942365169525146 -0.2802024781703949 3.0121500492095947
v 0.47030049562454224 -0.2820708751678467 3.0071136951446533
v 0.48306405544281006 -0.26669296622276306 3.0102415084838867
v 0.4838114380836487 -0.2691989243030548 3.005295991897583
v 0.48236215114593506 -0.27352046966552734 3.0020856857299805
v 0.4880274534225464 -0.26940327882766724 3.015648603439331
v 0.4872337579727173 -0.2705062925815582 3.022712469100952
v 0.4850335717201233 -0.28511354327201843 3.029362678527832
v 0.48575007915496826 -0.28172042965888977 3.031620502471924
v 0.48295605182647705 -0.2803969383239746 3.0286507606506348
v 0.481161892414093 -0.283563494682312 3.026291847229004
v 0.4817025661468506 -0.27878469228744507 3.0265088081359863
v 0.4781879186630249 -0.27994897961616516 3.0232481956481934
v 0.4860951900482178 -0.2758851647377014 3.0299620628356934
v 0.48454374074935913 -0.2752578556537628 3.027308940887451
v 0.4902074337005615 -0.27291423082351685 3.028649091720581
v 0.48758888244628906 -0.2724616229534149 3.026951789855957
v 0.4884888529777527 -0.2770925760269165 3.0333449840545654
v 0.48840856552124023 -0.28241828083992004 3.033998489379883
v 0.491153359413147 -0.27917882800102234 3.035128593444824
v 0.48915791511535645 -0.28503885865211487 3.032527208328247
v 0.48182815313339233 -0.2741010785102844 3.024113893508911
v 0.47506487369537354 -0.28328296542167664 3.0179836750030518
v 0.4803352355957031 -0.2861163318157196 3.022706985473633
v 0.48564982414245605 -0.28766441345214844 3.0265166759490967
v 0.49041152000427246 -0.2869010269641876 3.028615713119507
v 0.4816683530807495 -0.287491112947464 3.017960786819458
v 0.4875291585922241 -0.28815776109695435 3.021923780441284
v 0.4916117787361145 -0.2869214415550232 3.024925947189331
v 0.48465704917907715 -0.2861373722553253 3.013418674468994
v 0.4897594451904297 -0.2866690754890442 3.0192372798919678
v 0.47507238388061523 -0.2848091423511505 3.0121803283691406
v 0.47788143157958984 -0.2837073504924774 3.0073647499084473
v 0.4922351837158203 -0.28613367676734924 3.022448778152466
v 0.4947749376296997 -0.2835330665111542 3.0297608375549316
v 0.49357128143310547 -0.2819877564907074 3.0334460735321045
v 0.4922899007797241 -0.2721720039844513 3.0255215167999268
v 0.4923117160797119 -0.27419397234916687 3.0316574573516846
v 0.4947294592857361 -0.2742915451526642 3.02803111076355
v 0.49321234226226807 -0.2724475860595703 3.021012544631958
v 0.49606645107269287 -0.2756962478160858 3.0245893001556396
v 0.4934234023094177 -0.27612486481666565 3.033281087875366
v 0.49572503566741943 -0.2773497998714447 3.0312931537628174
v 0.4739518165588379 -0.28142568469047546 3.0030434131622314
v 0.47853177785873413 -0.27828654646873474 3.0013644695281982
v 0.48218822479248047 -0.28013789653778076 3.0051088333129883
v 0.4884680509567261 -0.282569944858551 3.0120887756347656
v 0.48659443855285645 -0.2754054367542267 3.0064382553100586
v 0.48856449127197266 -0.27120065689086914 3.010587692260742
v 0.4934481382369995 -0.2745319604873657 3.016871213912964
v 0.4920459985733032 -0.27816909551620483 3.013343095779419
v 0.49600619077682495 -0.27784186601638794 3.0214176177978516
v 0.4945871829986572 -0.28049173951148987 3.0190045833587646
v 0.4923468828201294 -0.28387975692749023 3.0182125568389893
v 0.49628305435180664 -0.28088125586509705 3.0247509479522705
v 0.4967946410179138 -0.27931293845176697 3.028104066848755
v 0.494636595249176 -0.2841334342956543 3.026014804840088
v 0.4940643310546875 -0.2842073440551758 3.022671937942505
v 0.4953237771987915 -0.28190508484840393 3.02238392829895
v 0.4920194745063782 -0.2664026916027069 2.911790370941162
v 0.49317824840545654 -0.2678433954715729 2.917389154434204
v 0.48685091733932495 -0.2659168243408203 2.916994571685791
v 0.47886621952056885 -0.26444992423057556 2.9166533946990967
v 0.4716719388961792 -0.2607261836528778 2.9108176231384277
v 0.4797556400299072 -0.2642456889152527 2.9230639934539795
v 0.4877666234970093 -0.2657783031463623 2.9233877658843994
v 0.4965837001800537 -0.2677870988845825 2.9239139556884766
v 0.47392022609710693 -0.26238319277763367 2.9280498027801514
v -0.04018605872988701 0.2967262268066406 3.1948225498199463
v -0.03726961091160774 0.29553771018981934 3.1902735233306885
v -0.03640702739357948 0.2904590666294098 3.1871378421783447
v -0.038458436727523804 0.28974267840385437 3.189242124557495
v -0.0411781407892704 0.2892499566078186 3.1912620067596436
v -0.04463965445756912 0.28907716274261475 3.193253517150879
v -0.049967508763074875 0.29572129249572754 3.196458101272583
v -0.0446200855076313 0.2964760959148407 3.195512294769287
v -0.05940886214375496 0.29023686051368713 3.195460796356201
v -0.05769785866141319 0.29167747497558594 3.1955995559692383
v -0.05860194191336632 0.28939440846443176 3.1955957412719727
v -0.05249086767435074 0.2893544137477875 3.196014881134033
v -0.05629311129450798 0.28958600759506226 3.1958439350128174
v -0.03419985994696617 0.29388391971588135 3.1860599517822266
v -0.03362877666950226 0.29302898049354553 3.1847662925720215
v -0.035438235849142075 0.2947826683521271 3.188018798828125
v -0.0486212819814682 0.2891238033771515 3.1947968006134033
v -0.033957067877054214 0.29212093353271484 3.184446096420288
v -0.03494283929467201 0.29129278659820557 3.1853652000427246
v -0.054514866322278976 0.2942769527435303 3.196925640106201
v -0.04099395498633385 0.2915411591529846 3.191922903060913
v -0.04452003166079521 0.29126542806625366 3.1937456130981445
v -0.049088552594184875 0.29350745677948 3.1957502365112305
v -0.04443880170583725 0.29392534494400024 3.1945321559906006
v -0.052293211221694946 0.2908242344856262 3.1956946849823
v -0.05483555048704147 0.2906193137168884 3.1953952312469482
v -0.03840307518839836 0.29160916805267334 3.1896231174468994
v -0.04856938496232033 0.2910847067832947 3.1950290203094482
v -0.040484871715307236 0.2939109206199646 3.1925599575042725
v -0.05528445541858673 0.2916440963745117 3.196037530899048
v -0.05308636650443077 0.2925897240638733 3.19612193107605
v -0.034388426691293716 0.2926632761955261 3.1850457191467285
v -0.03458104282617569 0.2924950420856476 3.1859657764434814
v -0.07357684522867203 0.04378892481327057 3.1441314220428467
v -0.0728561133146286 0.02467462606728077 3.1483545303344727
v -0.0379352867603302 0.2937997579574585 3.190941095352173
v -0.0353880301117897 0.2920264005661011 3.186272382736206
v -0.036668527871370316 0.29193711280822754 3.1883604526519775
v -0.03627336770296097 0.2933698296546936 3.188511848449707
v -0.035066425800323486 0.2930784225463867 3.1868879795074463
v 0.1664777249097824 -0.00535018602386117 3.0407164096832275
v 0.1560775190591812 -0.01679527573287487 3.0383129119873047
v 0.18546538054943085 0.032998502254486084 3.011659860610962
v 0.1767466515302658 0.04225689172744751 2.993584394454956
v -0.02534569799900055 -0.23443375527858734 3.1231842041015625
v 0.02770061045885086 -0.1442461460828781 2.9544849395751953
v 0.029511362314224243 -0.12549355626106262 2.955714464187622
v -0.03920828923583031 -0.11913138628005981 2.9305408000946045
v -0.020571183413267136 -0.12390615046024323 2.93174409866333
v 0.05485086143016815 -0.1707274168729782 3.056185722351074
v 0.0540047213435173 -0.19012227654457092 3.0525693893432617
v 0.015797000378370285 -0.19083388149738312 3.1046111583709717
v 0.013612284325063229 -0.21109142899513245 3.1008946895599365
v 0.04346010088920593 -0.21624037623405457 3.067864179611206
v 0.0014734858414158225 -0.1722162514925003 2.927217960357666
v -0.00187111331615597 -0.152594193816185 2.931166410446167
v 0.014269138686358929 -0.15793508291244507 2.939112901687622
v 0.017332062125205994 -0.17855283617973328 2.9332404136657715
v -0.059293121099472046 -0.13869896531105042 2.9313759803771973
v -0.05797791853547096 -0.11705295741558075 2.933817148208618
v 0.06190834939479828 -0.1428244560956955 3.03794264793396
v 0.06138651818037033 -0.1348453015089035 3.014608383178711
v 0.04444974660873413 -0.11788041889667511 2.974138021469116
v 0.031037896871566772 -0.10841700434684753 2.959636688232422
v -0.0007722122245468199 -0.08915427327156067 2.94199538230896
v 0.015993479639291763 -0.09848558902740479 2.9494194984436035
v 0.003029886167496443 -0.17259711027145386 3.12439227104187
v -0.013186396099627018 -0.1539899706840515 3.1387131214141846
v 0.05625758320093155 -0.15062886476516724 3.0614640712738037
v -0.05812873691320419 -0.17935965955257416 3.147345542907715
v -0.038172923028469086 -0.05237641930580139 2.9324395656585693
v -0.01739949733018875 -0.05593752861022949 2.93727707862854
v 0.05500921607017517 -0.12658682465553284 2.9931187629699707
v -0.05608130618929863 -0.021533368155360222 3.1653783321380615
v -0.0551658570766449 -0.03838986158370972 3.1704366207122803
v -0.03873228281736374 -0.03440965712070465 3.170830249786377
v -0.039331719279289246 -0.01750306598842144 3.1652767658233643
v -0.0226829182356596 -0.030997304245829582 3.1706490516662598
v -0.007085897494107485 -0.02803732268512249 3.1686925888061523
v 0.00708916736766696 -0.02579776756465435 3.1652562618255615
v 0.03990985453128815 -0.024442924186587334 3.147304058074951
v 0.03049561381340027 -0.02411062829196453 3.154055595397949
v 0.05460937321186066 -0.02624991349875927 3.131356954574585
v 0.04774028807878494 -0.024835137650370598 3.140096426010132
v 0.0616355761885643 -0.03223249316215515 3.1210525035858154
v 0.06732805073261261 -0.039805054664611816 3.1068763732910156
v 0.07106658816337585 -0.046510249376297 3.089815139770508
v 0.07026612758636475 -0.03188587725162506 3.0867581367492676
v 0.06719902157783508 -0.05453868210315704 3.1101555824279785
v 0.0620306134223938 -0.04691024124622345 3.1254074573516846
v 0.05529685318470001 -0.04189549386501312 3.136991024017334
v -0.06641149520874023 -0.0778462141752243 3.1712894439697266
v -0.06254865229129791 -0.09841392934322357 3.165652275085449
v -0.0741625428199768 0.06180451810359955 3.139906167984009
v 0.291598916053772 -0.11989355832338333 2.89888858795166
v 0.3800809979438782 -0.1986992359161377 2.962576389312744
v -0.051696550101041794 0.13249625265598297 3.006107807159424
v -0.0693400651216507 0.12602092325687408 3.0030107498168945
v -0.08365213125944138 0.1164410263299942 2.99800968170166
v -0.08420349657535553 0.12603674829006195 3.0040271282196045
v 0.02152097225189209 0.14869682490825653 3.0448803901672363
v 0.004916622769087553 0.14448542892932892 3.0251352787017822
v -0.014724315144121647 0.13773156702518463 3.0117762088775635
v -0.033969469368457794 0.13029693067073822 3.0040194988250732
v 0.04492621123790741 -0.1389254927635193 3.0861268043518066
v -0.04999755695462227 0.10245285928249359 2.984300374984741
v -0.032612212002277374 0.12249170243740082 2.9973983764648438
v -0.011785433627665043 0.13090728223323822 3.0043885707855225
v 0.00904406514018774 0.1372869461774826 3.0150277614593506
v 0.03219597041606903 0.14264242351055145 3.035456418991089
v 0.047212980687618256 0.13719309866428375 3.0395405292510986
v 0.06503838300704956 0.12324436008930206 3.026301145553589
v 0.07586506009101868 0.1192840188741684 3.030020236968994
v 0.0820016860961914 0.12396986782550812 3.0480895042419434
v 0.0951678454875946 0.11880360543727875 3.0499134063720703
v 0.08774057030677795 0.11531172692775726 3.032679796218872
v 0.15394605696201324 0.06516815721988678 2.999347448348999
v 0.15862737596035004 0.05512833595275879 2.9883086681365967
v 0.15666387975215912 0.0471259206533432 2.976440191268921
v 0.1504291146993637 0.03946167230606079 2.966552972793579
v 0.1407361477613449 0.032937780022621155 2.960524559020996
v 0.12871293723583221 0.02903437800705433 2.9612343311309814
v 0.11518023908138275 0.02876599319279194 2.964505672454834
v 0.08290658891201019 0.0366830974817276 2.9857571125030518
v 0.07546666264533997 0.03881998360157013 2.992352247238159
v 0.0669512152671814 0.017343910411000252 2.995882511138916
v 0.06518673151731491 0.010651052929461002 2.993950843811035
v 0.04722968488931656 -0.03160843253135681 2.9673147201538086
v 0.053343094885349274 -0.015145479701459408 2.976329803466797
v 0.037619009613990784 -0.04689092934131622 2.959105968475342
v 0.022186964750289917 -0.2854103147983551 2.9024698734283447
v 0.015846583992242813 -0.26485100388526917 2.907334327697754
v 0.03622950613498688 -0.2620551288127899 2.91715145111084
v 0.04218747466802597 -0.2827150523662567 2.913041353225708
v -0.054962918162345886 -0.21546021103858948 2.9135186672210693
v -0.032951753586530685 -0.21694396436214447 2.912177085876465
v 0.08142514526844025 -0.2627755403518677 2.9988951683044434
v 0.0774378627538681 -0.2613917589187622 2.971554756164551
v 0.06750236451625824 -0.2609172761440277 2.949007987976074
v 0.05317617207765579 -0.2610955834388733 2.930366039276123
v 0.07775811105966568 -0.26578429341316223 3.025587558746338
v -0.007158283609896898 -0.2927941679954529 3.11786150932312
v 0.01374094095081091 -0.28779953718185425 3.103980779647827
v -0.0699218362569809 -0.29969656467437744 3.140800952911377
v -0.049828849732875824 -0.2991008758544922 3.1360485553741455
v 0.06759467720985413 -0.27126461267471313 3.049389123916626
v -0.028761740773916245 -0.29665833711624146 3.1291022300720215
v 0.03384408354759216 -0.2824357748031616 3.0877387523651123
v 0.05270428955554962 -0.2770704925060272 3.069540500640869
v 0.0097913583740592 -0.24240800738334656 2.9124200344085693
v -0.009370462037622929 -0.2415665090084076 2.9067108631134033
v -0.012627185322344303 -0.2179410308599472 2.914055109024048
v -0.04301126301288605 0.017156453803181648 2.940002202987671
v -0.02345413714647293 0.02005675621330738 2.9413862228393555
v -0.003781240899115801 0.024362312629818916 2.9449501037597656
v 0.0068206447176635265 0.05142112076282501 2.956077814102173
v 0.02020685374736786 0.057936280965805054 2.9629907608032227
v 0.024829015135765076 0.040295183658599854 2.9595603942871094
v 0.01103204395622015 0.03315408527851105 2.95206880569458
v 0.04321876913309097 0.06615076959133148 2.978989601135254
v 0.05322067439556122 0.0677700787782669 2.9819250106811523
v 0.05333063751459122 0.05556587874889374 2.9825377464294434
v 0.045387864112854004 0.05209736526012421 2.9775583744049072
v 0.06192284822463989 0.057916224002838135 2.984173059463501
v 0.0683923065662384 0.05963487923145294 2.9871439933776855
v 0.07529483735561371 0.06053420901298523 2.9896891117095947
v 0.08392247557640076 0.060796692967414856 2.9886410236358643
v 0.09070083498954773 0.0799860805273056 2.9938912391662598
v 0.0815989226102829 0.08127759397029877 2.9948790073394775
v 0.04370420426130295 0.07956217229366302 2.9809577465057373
v 0.030870221555233 0.0786093920469284 2.9746503829956055
v -0.045414410531520844 0.0478668212890625 2.955544948577881
v -0.06350038200616837 0.0422271192073822 2.9571642875671387
v 0.0736188143491745 -0.04654301702976227 3.0701823234558105
v 0.07518638670444489 -0.04382990300655365 3.048818349838257
v 0.0743265450000763 -0.03891366720199585 3.0304036140441895
v 0.07213941961526871 -0.032540902495384216 3.015672206878662
v 0.0694781169295311 -0.024591995403170586 3.0029473304748535
v 0.06498222053050995 -0.01564273051917553 2.992309093475342
v 0.05884458124637604 -0.005327700171619654 2.983323574066162
v 0.061952970921993256 0.0035291477106511593 2.9890780448913574
v 0.0528130978345871 0.006472037639468908 2.9769222736358643
v 0.05758865177631378 0.014006898738443851 2.983773946762085
v 0.046854063868522644 0.018635215237736702 2.972116708755493
v 0.04082741588354111 0.032032519578933716 2.9691264629364014
v 0.035684481263160706 0.047438353300094604 2.9695143699645996
v 0.03193306177854538 0.06322579085826874 2.971111536026001
v 0.0034890021197497845 0.06994365155696869 2.9618594646453857
v 0.01712057739496231 0.07561163604259491 2.9686472415924072
v -0.013052874244749546 0.08074535429477692 2.965461492538452
v -0.013664633966982365 0.09669928252696991 2.9748215675354004
v -0.007747892756015062 0.043163642287254333 2.949281930923462
v -0.011191644705832005 0.06319554150104523 2.9569032192230225
v -0.01364761684089899 0.1580628603696823 3.0433473587036133
v -0.030720796436071396 0.15352730453014374 3.0295491218566895
v 0.11435095965862274 0.04331819713115692 2.9694740772247314
v 0.1212574690580368 0.03755149245262146 2.9650654792785645
v 0.11186228692531586 0.03593502938747406 2.9667510986328125
v 0.10940386354923248 0.04031659662723541 2.9697821140289307
v 0.12978558242321014 0.042010605335235596 2.966527223587036
v 0.12609775364398956 0.05392330884933472 2.9737207889556885
v 0.1371956616640091 0.04783886671066284 2.9711434841156006
v 0.12026123702526093 0.04806216061115265 2.9708549976348877
v 0.14259009063243866 0.054892927408218384 2.9785494804382324
v 0.13108767569065094 0.06067338585853577 2.980070114135742
v 0.1448521465063095 0.061460331082344055 2.9858474731445312
v 0.13447187840938568 0.06650654971599579 2.986086368560791
v 0.13630549609661102 0.07112260162830353 2.9919135570526123
v 0.1433408409357071 0.06938360631465912 2.9940590858459473
v 0.11080792546272278 0.09065969288349152 3.0034608840942383
v 0.12129683792591095 0.0842667669057846 2.9995341300964355
v 0.13039089739322662 0.07675765454769135 2.9953627586364746
v 0.09229050576686859 0.05886952579021454 2.9844419956207275
v 0.1016913503408432 0.05666600167751312 2.979748487472534
v 0.11100165545940399 0.052861765027046204 2.9751269817352295
v 0.11623217165470123 0.059620201587677 2.978675365447998
v 0.10627807676792145 0.06401984393596649 2.9825117588043213
v 0.0961957722902298 0.06713064014911652 2.986741304397583
v -0.04443513974547386 0.03213509917259216 2.9461421966552734
v -0.026124708354473114 0.03792646527290344 2.946701765060425
v 0.06268231570720673 0.06947775185108185 2.9848403930664062
v 0.07088065147399902 0.06981830298900604 2.9885997772216797
v 0.07882058620452881 0.06952492892742157 2.991114377975464
v 0.08711355924606323 0.06968913972377777 2.9906890392303467
v 0.07297283411026001 0.08103804290294647 2.9922420978546143
v 0.06448353826999664 0.0810353010892868 2.9888274669647217
v 0.05446520447731018 0.08011765778064728 2.984679937362671
v -0.027662131935358047 0.05458696186542511 2.9538581371307373
v -0.06253070384263992 0.02748635597527027 2.9464805126190186
v 0.08996735513210297 0.0607885867357254 3.109876871109009
v 0.09958109259605408 0.08340470492839813 3.10593843460083
v 0.1060468852519989 0.10299773514270782 3.0918326377868652
v 0.10350753366947174 0.11612860858440399 3.0715062618255615
v -0.08892609924077988 0.14660798013210297 3.020879030227661
v 0.2080826312303543 -0.09652900695800781 2.927513599395752
v -0.07790925353765488 -0.02567833475768566 2.9302947521209717
v -0.07918304204940796 -0.004901035223156214 2.933032512664795
v -0.07565958797931671 -0.0953555703163147 2.936206340789795
v -0.07618150115013123 -0.07417300343513489 2.929673671722412
v -0.0349150076508522 -0.18944698572158813 2.9179272651672363
v -0.056004561483860016 -0.18631631135940552 2.9216034412384033
v -0.05804695188999176 -0.1628449708223343 2.9262757301330566
v -0.07983672618865967 -0.23765191435813904 2.9014997482299805
v -0.07925410568714142 -0.21450909972190857 2.9156923294067383
v -0.0767887607216835 -0.16125847399234772 2.9316065311431885
v -0.07640621811151505 -0.13775835931301117 2.938128709793091
v -0.05830253288149834 -0.050575390458106995 2.929500102996826
v -0.061029043048620224 0.013595880009233952 2.937060832977295
v -0.08009646087884903 0.025569366291165352 2.946958065032959
v -0.0802537277340889 0.038293689489364624 2.95568585395813
v -0.0811290293931961 0.05447731912136078 2.9634273052215576
v 0.020669862627983093 -0.05482730269432068 3.17181658744812
v 0.01982150226831436 -0.03991885483264923 3.1666958332061768
v 0.007541208993643522 -0.0411490797996521 3.1718146800994873
v 0.008589926175773144 -0.055951520800590515 3.1765198707580566
v 0.04019443690776825 -0.05306507647037506 3.1584548950195312
v 0.0398210734128952 -0.039017558097839355 3.154099941253662
v 0.03043065220117569 -0.039204150438308716 3.160712957382202
v 0.03127281367778778 -0.053871333599090576 3.1659748554229736
v 0.04789812117815018 -0.03967958688735962 3.1458585262298584
v 0.048195257782936096 -0.05352739989757538 3.15043044090271
v 0.021742790937423706 -0.07004241645336151 3.174811363220215
v 0.03237286955118179 -0.0688905268907547 3.1683239936828613
v 0.009744617156684399 -0.0710105299949646 3.1794941425323486
v 0.048192694783210754 -0.06717151403427124 3.1534900665283203
v 0.0410078689455986 -0.06761913001537323 3.1610934734344482
v -0.06725654006004333 0.17931126058101654 3.177125930786133
v -0.06452269107103348 0.18161995708942413 3.191944122314453
v -0.06763794273138046 0.21944554150104523 3.2122530937194824
v -0.06853535026311874 0.2239634245634079 3.211516857147217
v -0.07851256430149078 0.1709221452474594 3.157578945159912
v -0.07938950508832932 0.16278301179409027 3.153263568878174
v -0.0699707418680191 0.20261894166469574 3.2070095539093018
v -0.06939902156591415 0.18930070102214813 3.2052292823791504
v -0.0706414207816124 0.24437682330608368 3.217498302459717
v -0.07081925123929977 0.24130676686763763 3.216197967529297
v -0.07003150135278702 0.23061661422252655 3.215860366821289
v -0.07006271928548813 0.22694753110408783 3.213801622390747
v -0.08004669100046158 0.1519324630498886 3.1496589183807373
v -0.07650076597929001 0.17675535380840302 3.1666290760040283
v -0.08408268541097641 0.12501110136508942 3.140981674194336
v -0.08560192584991455 0.11202596127986908 3.135629892349243
v -0.07521612197160721 0.10254482924938202 3.133694887161255
v -0.07488872110843658 0.08937282860279083 3.1338093280792236
v -0.06893327087163925 -0.05876854062080383 3.1711440086364746
v -0.07208791375160217 -0.011745377443730831 3.156153678894043
v -0.07233311235904694 -0.02544994466006756 3.1643869876861572
v -0.07258739322423935 0.005995438899844885 3.152397871017456
v -0.07428627461194992 0.07605908811092377 3.1364967823028564
v -0.08210911601781845 0.13880912959575653 3.1460936069488525
v -0.0696471780538559 0.21484939754009247 3.212191104888916
v -0.07005524635314941 0.20981411635875702 3.20810604095459
v -0.07063686102628708 0.23746202886104584 3.215022325515747
v -0.07032627612352371 0.23415802419185638 3.215718984603882
v -0.08836988359689713 0.04132413864135742 3.1432368755340576
v -0.08846570551395416 0.021999018266797066 3.148069381713867
v -0.07097483426332474 -0.042454421520233154 3.1689279079437256
v -0.08225508034229279 -0.07936826348304749 3.1694540977478027
v -0.08074754476547241 -0.10069677233695984 3.1633572578430176
v -0.08831845223903656 0.059574902057647705 3.1394174098968506
v -0.07992984354496002 -0.11951224505901337 3.152418375015259
v 0.09082013368606567 -0.450187087059021 2.964247703552246
v 0.07400394231081009 -0.47283434867858887 2.9526474475860596
v 0.06348972767591476 -0.462961882352829 2.9278981685638428
v 0.07694894820451736 -0.44704174995422363 2.935749053955078
v 0.08477331697940826 -0.4005849361419678 2.94281268119812
v 0.08478474617004395 -0.3749380111694336 2.9448771476745605
v 0.0856708288192749 -0.3470299541950226 2.945870876312256
v 0.04331357777118683 -0.47343355417251587 2.9185714721679688
v 0.012828498147428036 -0.45539551973342896 2.8958864212036133
v 0.016723807901144028 -0.4776049554347992 2.909341335296631
v 0.07133707404136658 -0.3510003983974457 2.924116849899292
v 0.0710885301232338 -0.3782457411289215 2.9239773750305176
v 0.067801833152771 -0.44184017181396484 2.925588369369507
v 0.06947947293519974 -0.4261716902256012 2.923954725265503
v 0.08327649533748627 -0.42570367455482483 2.9400651454925537
v 0.03812062740325928 -0.4526825547218323 2.905750036239624
v 0.056811556220054626 -0.4487219452857971 2.9168026447296143
v -0.020062178373336792 -0.2870652377605438 2.8927853107452393
v -0.016783270984888077 -0.3092746436595917 2.8872454166412354
v -0.04477962851524353 -0.3079517185688019 2.88484263420105
v 0.06069693714380264 -0.2790985405445099 2.928148031234741
v 0.04782712459564209 -0.3039341866970062 2.9096758365631104
v -0.08117000013589859 -0.4615812599658966 2.9051260948181152
v 0.05416352301836014 -0.4297794699668884 2.910905599594116
v 0.009578767232596874 -0.4301226735115051 2.8861923217773438
v 0.0348881259560585 -0.4308542311191559 2.8973135948181152
v 0.010111476294696331 -0.3539412021636963 2.882009506225586
v 0.03365938365459442 -0.35456639528274536 2.892390489578247
v 0.03206198662519455 -0.3797858655452728 2.8904757499694824
v 0.009112424217164516 -0.3786933124065399 2.879565954208374
v 0.053783416748046875 -0.3538047671318054 2.906481981277466
v 0.05160438269376755 -0.32799679040908813 2.907012939453125
v 0.0097615672275424 -0.330759733915329 2.885960578918457
v 0.031923189759254456 -0.3295572102069855 2.894439935684204
v 0.027907148003578186 -0.30611881613731384 2.8982386589050293
v 0.053633660078048706 -0.38086047768592834 2.9060604572296143
v 0.008267602883279324 -0.4042772650718689 2.880154848098755
v -0.020175155252218246 -0.40334999561309814 2.873725175857544
v -0.05060027539730072 -0.40049847960472107 2.8745367527008057
v -0.08127901703119278 -0.4015214741230011 2.876882314682007
v -0.08121952414512634 -0.3776338994503021 2.873817205429077
v 0.006624660920351744 -0.3076978325843811 2.8911643028259277
v -0.0038133603520691395 -0.2635911703109741 2.9015707969665527
v 0.0026658247224986553 -0.2854132354259491 2.8967676162719727
v -0.01621052622795105 -0.19363945722579956 2.918739080429077
v 0.05545856058597565 -0.5391220450401306 3.241225004196167
v -0.07983757555484772 -0.4783381223678589 3.040255546569824
v -0.08024805784225464 -0.4679707884788513 3.0667574405670166
v 0.09041503071784973 -0.3702896237373352 3.053741455078125
v 0.10645852982997894 -0.41701066493988037 2.9950411319732666
v 0.09618054330348969 -0.4243534803390503 2.961491584777832
v -0.07350823283195496 -0.441396027803421 3.109113931655884
v -0.059674035757780075 -0.42113250494003296 3.1240265369415283
v 0.0702904537320137 -0.36145299673080444 3.081749677658081
v 0.01780538260936737 -0.3723343312740326 3.124147653579712
v -0.07832924276590347 -0.45697975158691406 3.0876400470733643
v 0.06984313577413559 -0.4045851230621338 2.924333333969116
v 0.05332159996032715 -0.4073324203491211 2.90744948387146
v 0.032685890793800354 -0.40625816583633423 2.892152786254883
v -0.01912183314561844 -0.4292331635951996 2.8790087699890137
v -0.051304593682289124 -0.42525067925453186 2.879364252090454
v -0.08115459978580475 -0.4231451153755188 2.8843231201171875
v -0.06642918288707733 -0.3940627872943878 3.107508897781372
v -0.07818093150854111 -0.39274442195892334 3.113581895828247
v -0.07014912366867065 -0.3921007513999939 3.116157054901123
v -0.08557680249214172 -0.3845243752002716 3.119572639465332
v -0.08601024746894836 -0.39209046959877014 3.112030506134033
v -0.07793983817100525 -0.39904549717903137 3.1044561862945557
v -0.08572326600551605 -0.3999364674091339 3.102642774581909
v -0.08537929505109787 -0.4120415151119232 3.097003221511841
v -0.008210343308746815 -0.3063708245754242 3.1160411834716797
v 0.014292343519628048 -0.3017503023147583 3.1041996479034424
v -0.07117235660552979 -0.31484776735305786 3.1398391723632812
v -0.05191361531615257 -0.31321901082992554 3.1342525482177734
v 0.07234793901443481 -0.28633126616477966 3.0509748458862305
v -0.03085172548890114 -0.3102187514305115 3.1267940998077393
v 0.03581317514181137 -0.2968463599681854 3.0888547897338867
v 0.05644013732671738 -0.2916242480278015 3.071493148803711
v -0.08104867488145828 -0.32771340012550354 2.8780717849731445
v -0.07984530180692673 -0.3032400608062744 2.8830883502960205
v -0.08899163454771042 -0.31592118740081787 3.1420841217041016
v -0.07128951698541641 0.18065617978572845 3.1934762001037598
v -0.07428832352161407 0.17833159863948822 3.1773035526275635
v -0.0818156972527504 0.3639371395111084 3.2040903568267822
v -0.09655863046646118 0.1820654422044754 3.04575514793396
v -0.07504452764987946 0.30686062574386597 3.215893507003784
v -0.07034850865602493 0.22379116714000702 3.212212085723877
v -0.07018532603979111 0.24626033008098602 3.220383882522583
v -0.0860741063952446 0.09962604939937592 3.1316773891448975
v -0.08653654158115387 0.08655677735805511 3.1305108070373535
v -0.08388236165046692 -0.4657060205936432 3.031397819519043
v -0.08719302713871002 0.07372938096523285 3.1351048946380615
v -0.08335404843091965 -0.4740375876426697 3.02142596244812
v -0.0758100226521492 -0.1158154159784317 2.939218044281006
v 0.04164931923151016 -0.9541966915130615 3.108273506164551
v 0.040976524353027344 -0.9477270245552063 3.094297409057617
v 0.044149093329906464 -0.9759269952774048 3.0889031887054443
v 0.0438774898648262 -0.98070228099823 3.1012837886810303
v 0.06150444597005844 -0.9345796704292297 3.0712006092071533
v 0.04941556602716446 -0.9389588236808777 3.0768070220947266
v 0.076017826795578 -0.9336715936660767 3.0703272819519043
v 0.08888658881187439 -0.9358914494514465 3.075291872024536
v 0.08396686613559723 -0.9645976424217224 3.0666186809539795
v 0.07293856889009476 -0.9623641967773438 3.0602047443389893
v 0.09635010361671448 -0.9396901726722717 3.084878921508789
v 0.09763981401920319 -0.9707818031311035 3.085901975631714
v 0.1013626903295517 -0.9441912174224854 3.096733331680298
v 0.10402551293373108 -0.9513108134269714 3.1134140491485596
v 0.09935013949871063 -0.9766115546226501 3.1033310890197754
v 0.09614647924900055 -0.9607126116752625 3.1286749839782715
v 0.09281356632709503 -0.9841596484184265 3.118457555770874
v 0.08161336183547974 -0.9663295745849609 3.137216091156006
v 0.047434672713279724 -0.9606466889381409 3.12056827545166
v 0.047644391655921936 -0.9864112734794617 3.1157257556915283
v 0.05971750617027283 -0.9638117551803589 3.0614066123962402
v 0.05032447725534439 -0.9682712554931641 3.0692944526672363
v 0.0464811846613884 -0.9725210666656494 3.0790135860443115
v 0.04368315637111664 -0.9435665011405945 3.0844695568084717
v 0.045060232281684875 -1.0030564069747925 3.0837252140045166
v 0.040543705224990845 -1.007393479347229 3.0982260704040527
v 0.0583016574382782 -0.9918460845947266 3.0521881580352783
v 0.052834853529930115 -0.9962708950042725 3.064134120941162
v 0.08007193356752396 -0.9916183948516846 3.058227300643921
v 0.07108937203884125 -0.9896637201309204 3.049712896347046
v 0.09817555546760559 -0.9968735575675964 3.0775394439697266
v 0.0887475460767746 -0.9939258694648743 3.0678837299346924
v 0.0911501795053482 -0.9671840667724609 3.076070785522461
v 0.09857091307640076 -1.0004770755767822 3.092756748199463
v 0.0923420786857605 -1.0068176984786987 3.1114444732666016
v 0.04569306969642639 -1.0112860202789307 3.114130735397339
v 0.04940786957740784 -0.9998037815093994 3.074402093887329
v 0.12339387834072113 -1.0870901346206665 3.2475266456604004
v 0.1215878278017044 -1.0831996202468872 3.246659517288208
v 0.11746014654636383 -1.0834373235702515 3.248424768447876
v 0.11708556115627289 -1.0878350734710693 3.2496836185455322
v 0.0878642350435257 -1.089758038520813 3.264540910720825
v 0.08501927554607391 -1.0803686380386353 3.265848398208618
v 0.07704044133424759 -1.0831196308135986 3.2651588916778564
v 0.07721971720457077 -1.0944669246673584 3.2647364139556885
v 0.10466314852237701 -1.0884186029434204 3.2601757049560547
v 0.1053636372089386 -1.0921344757080078 3.257420301437378
v 0.10993625223636627 -1.0915149450302124 3.2557427883148193
v 0.11165750026702881 -1.0875096321105957 3.257642984390259
v 0.139195516705513 -1.0853462219238281 3.2143566608428955
v 0.13942192494869232 -1.0904141664505005 3.21333909034729
v 0.14322872459888458 -1.0899749994277954 3.210784673690796
v 0.14417611062526703 -1.0857014656066895 3.210383415222168
v 0.12874187529087067 -1.0879255533218384 3.2357187271118164
v 0.12903739511966705 -1.0923293828964233 3.2329647541046143
v 0.13262011110782623 -1.0915478467941284 3.230227470397949
v 0.13421939313411713 -1.0882076025009155 3.2315211296081543
v 0.08380310237407684 -1.0803343057632446 3.2423152923583984
v 0.07004696130752563 -1.0817128419876099 3.242642879486084
v 0.07360727339982986 -1.0832921266555786 3.2558023929595947
v 0.08527855575084686 -1.0790774822235107 3.255974292755127
v 0.06845914572477341 -1.0933984518051147 3.254657030105591
v 0.06434156000614166 -1.0934808254241943 3.23919939994812
v 0.07206220924854279 -1.100272536277771 3.238719940185547
v 0.07541830837726593 -1.0973660945892334 3.2520134449005127
v 0.08498524129390717 -1.0977650880813599 3.2392313480377197
v 0.08695438504219055 -1.095178246498108 3.2512030601501465
v 0.09137474000453949 -1.0892269611358643 3.2409770488739014
v 0.09466324746608734 -1.0864049196243286 3.254500389099121
v 0.10962679982185364 -1.0861560106277466 3.2390425205230713
v 0.10392789542675018 -1.0798487663269043 3.2396230697631836
v 0.10833011567592621 -1.081311583518982 3.2515921592712402
v 0.1142594963312149 -1.086321234703064 3.2493512630462646
v 0.09373997151851654 -1.0812482833862305 3.24312162399292
v 0.10063774883747101 -1.0822054147720337 3.2540910243988037
v 0.09162329137325287 -1.0913233757019043 3.244749069213867
v 0.09667156636714935 -1.0964502096176147 3.2406153678894043
v 0.10152964293956757 -1.0935285091400146 3.2515482902526855
v 0.0963938981294632 -1.0888389348983765 3.25586199760437
v 0.10551990568637848 -1.0944560766220093 3.2382113933563232
v 0.10971616208553314 -1.0928956270217896 3.2490315437316895
v 0.1194087564945221 -1.0794278383255005 3.229903221130371
v 0.10984417796134949 -1.0807626247406006 3.2340221405029297
v 0.11442635953426361 -1.0829079151153564 3.242999315261841
v 0.1218344122171402 -1.0816861391067505 3.240384340286255
v 0.11119338870048523 -1.09065580368042 3.245495080947876
v 0.10779200494289398 -1.09047269821167 3.2363529205322266
v 0.11298379302024841 -1.0944910049438477 3.232684850692749
v 0.11641021072864532 -1.0930757522583008 3.242204189300537
v 0.12171082198619843 -1.0930545330047607 3.22943115234375
v 0.12337386608123779 -1.0924415588378906 3.2402408123016357
v 0.12508074939250946 -1.0849599838256836 3.2300827503204346
v 0.12700961530208588 -1.0860735177993774 3.2392382621765137
v 0.13671569526195526 -1.0851655006408691 3.214029312133789
v 0.13243348896503448 -1.0790376663208008 3.214325189590454
v 0.1340271383523941 -1.0818620920181274 3.224679946899414
v 0.1367173045873642 -1.0876338481903076 3.2237741947174072
v 0.1256323903799057 -1.0800303220748901 3.2198939323425293
v 0.1284744292497635 -1.0815632343292236 3.227515459060669
v 0.12394098937511444 -1.0864192247390747 3.230145215988159
v 0.12364624440670013 -1.0854566097259521 3.223615884780884
v 0.1262785792350769 -1.0935794115066528 3.219932794570923
v 0.1266511231660843 -1.0936287641525269 3.2282729148864746
v 0.1339132934808731 -1.093138337135315 3.214975595474243
v 0.13375043869018555 -1.0933111906051636 3.225249767303467
v 0.1431313306093216 -1.0795152187347412 3.1966989040374756
v 0.1443944126367569 -1.080538272857666 3.2048585414886475
v 0.14633937180042267 -1.0861222743988037 3.2036917209625244
v 0.14533591270446777 -1.086180567741394 3.19401478767395
v 0.13737830519676208 -1.0788575410842896 3.2022945880889893
v 0.13843928277492523 -1.0805007219314575 3.2085442543029785
v 0.13521970808506012 -1.0856201648712158 3.2109053134918213
v 0.1363019049167633 -1.0840559005737305 3.204713821411133
v 0.1366436928510666 -1.0926861763000488 3.202747344970703
v 0.13690613210201263 -1.0920436382293701 3.208536148071289
v 0.1421024054288864 -1.0920963287353516 3.197143316268921
v 0.14336371421813965 -1.0920593738555908 3.2056827545166016
v 0.08502182364463806 -1.0818254947662354 3.228572130203247
v 0.06724540889263153 -1.0807507038116455 3.2278943061828613
v 0.07879546284675598 -1.0952543020248413 3.2605879306793213
v 0.06177801638841629 -1.0942379236221313 3.2247822284698486
v 0.08521468937397003 -1.0939112901687622 3.2600045204162598
v 0.08656798303127289 -1.0993536710739136 3.2268564701080322
v 0.07013095915317535 -1.1023503541946411 3.2240586280822754
v 0.08902330696582794 -1.0906023979187012 3.2359321117401123
v 0.10911835730075836 -1.0826495885849 3.2571094036102295
v 0.10533758997917175 -1.0974125862121582 3.222665786743164
v 0.10610592365264893 -1.089653491973877 3.230870485305786
v 0.10437683761119843 -1.083113193511963 3.258331775665283
v 0.10251587629318237 -1.079653024673462 3.2237257957458496
v 0.11807321012020111 -1.0801104307174683 3.212496757507324
v 0.11912624537944794 -1.091530203819275 3.247448444366455
v 0.12290619313716888 -1.09132981300354 3.2464599609375
v 0.12182514369487762 -1.0961148738861084 3.21305251121521
v 0.12378920614719391 -1.0850498676300049 3.2210068702697754
v 0.1337432712316513 -1.083530068397522 3.2307422161102295
v 0.133688285946846 -1.0951645374298096 3.1998326778411865
v 0.13622738420963287 -1.084696888923645 3.2053065299987793
v 0.12989924848079681 -1.0839215517044067 3.2328526973724365
v 0.13180658221244812 -1.078623652458191 3.199183702468872
v 0.1422438621520996 -1.083694577217102 3.2106852531433105
v 0.1407528966665268 -1.094697117805481 3.1872830390930176
v 0.1443379670381546 -1.087094783782959 3.182716131210327
v 0.1395869106054306 -1.082816243171692 3.212676763534546
v 0.14121666550636292 -1.078614354133606 3.1866071224212646
v 0.05633994936943054 -0.9898537397384644 3.1252541542053223
v 0.05586020648479462 -0.9654979705810547 3.130899429321289
v 0.06723780930042267 -0.967566728591919 3.1353402137756348
v 0.06728542596101761 -0.9911753535270691 3.128779411315918
v 0.07977984100580215 -0.9893409013748169 3.1279263496398926
v 0.0560167133808136 -1.0131076574325562 3.125682830810547
v 0.06834489852190018 -1.0129144191741943 3.128291368484497
v 0.08008050918579102 -1.0118228197097778 3.1238059997558594
v 0.10363501310348511 -1.0199894905090332 3.0837481021881104
v 0.10010585188865662 -1.0157840251922607 3.068647861480713
v 0.08971099555492401 -1.0133638381958008 3.058163642883301
v 0.08099760860204697 -1.0119061470031738 3.0483903884887695
v 0.0702604204416275 -1.0110541582107544 3.0412328243255615
v 0.04501277208328247 -1.0323697328567505 3.1177284717559814
v 0.055393919348716736 -1.0321667194366455 3.134387731552124
v 0.06925171613693237 -1.0307574272155762 3.139272928237915
v 0.08301839232444763 -1.0298113822937012 3.1310646533966064
v 0.05970969796180725 -1.079166293144226 3.2122597694396973
v 0.0773567333817482 -1.074399709701538 3.21101450920105
v 0.07017781585454941 -1.0680702924728394 3.1950883865356445
v 0.05674692988395691 -1.0789475440979004 3.1935575008392334
v 0.09444452822208405 -1.0748097896575928 3.2062597274780273
v 0.08758556842803955 -1.065695881843567 3.188878297805786
v 0.11012236773967743 -1.074877381324768 3.196054458618164
v 0.10303579270839691 -1.0682952404022217 3.179962158203125
v 0.12462349236011505 -1.075669765472412 3.1848158836364746
v 0.11696174740791321 -1.070359468460083 3.1682746410369873
v 0.13720598816871643 -1.0771986246109009 3.1743011474609375
v 0.12993523478507996 -1.0747016668319702 3.158315658569336
v 0.14355362951755524 -1.0861926078796387 3.16945743560791
v 0.13782793283462524 -1.0829623937606812 3.152129888534546
v 0.05553467571735382 -1.095354437828064 3.209681987762451
v 0.05438157171010971 -1.0938615798950195 3.189152956008911
v 0.06606379896402359 -1.1056923866271973 3.205665349960327
v 0.06496315449476242 -1.1063247919082642 3.1855931282043457
v 0.08244861662387848 -1.1040288209915161 3.2033145427703857
v 0.07975047081708908 -1.1051362752914429 3.1812727451324463
v 0.13473184406757355 -1.0953463315963745 3.152890205383301
v 0.13915090262889862 -1.0971988439559937 3.171741485595703
v 0.09982170164585114 -1.101954698562622 3.196739435195923
v 0.09632454812526703 -1.1022791862487793 3.1746582984924316
v 0.1157289445400238 -1.1015006303787231 3.1886720657348633
v 0.111757293343544 -1.1013189554214478 3.1666831970214844
v 0.1287394016981125 -1.1001605987548828 3.1793646812438965
v 0.12474079430103302 -1.1000477075576782 3.1591336727142334
v 0.06262561678886414 -1.061995506286621 3.1736867427825928
v 0.08034202456474304 -1.0541144609451294 3.1713130474090576
v 0.09495851397514343 -1.0571407079696655 3.160689353942871
v 0.10894525051116943 -1.0615688562393188 3.1491823196411133
v 0.12200212478637695 -1.0684006214141846 3.1380763053894043
v 0.13084420561790466 -1.0767287015914917 3.1306350231170654
v 0.10487256944179535 -1.0479995012283325 3.1246337890625
v 0.11511729657649994 -1.062878966331482 3.1134300231933594
v 0.12202344834804535 -1.0726642608642578 3.109365940093994
v 0.11541785299777985 -1.0689257383346558 3.087038040161133
v 0.1114891767501831 -1.056731104850769 3.0885093212127686
v 0.1012280136346817 -1.050899863243103 3.0503575801849365
v 0.1063094437122345 -1.0526243448257446 3.067203998565674
v 0.11108626425266266 -1.065308690071106 3.064791440963745
v 0.10606692731380463 -1.0648629665374756 3.0470926761627197
v 0.10499690473079681 -1.0426316261291504 3.0974843502044678
v 0.10235825181007385 -1.0372525453567505 3.0754201412200928
v 0.09676353633403778 -1.0332735776901245 3.059436321258545
v 0.08922724425792694 -1.0635581016540527 3.027297019958496
v 0.08746549487113953 -1.0473400354385376 3.0286343097686768
v 0.0957210510969162 -1.0494780540466309 3.0388004779815674
v 0.09958268702030182 -1.063993215560913 3.035341262817383
v 0.07323846220970154 -1.0663466453552246 3.0235400199890137
v 0.07166507095098495 -1.0493247509002686 3.023128032684326
v 0.056955814361572266 -1.0548771619796753 3.0340583324432373
v 0.05823031812906265 -1.0706651210784912 3.0332605838775635
v 0.08343866467475891 -1.0292845964431763 3.038557529449463
v 0.09066857397556305 -1.0310347080230713 3.04781436920166
v 0.07086631655693054 -1.0297046899795532 3.032076597213745
v 0.05834504961967468 -1.0338469743728638 3.0397050380706787
v 0.05103494971990585 -1.0590569972991943 3.0522639751434326
v 0.052294179797172546 -1.038973331451416 3.05704927444458
v 0.05103395879268646 -1.0741256475448608 3.0503382682800293
v 0.054745301604270935 -1.0767213106155396 3.1697168350219727
v 0.056090161204338074 -1.088824987411499 3.1646902561187744
v 0.08920036256313324 -1.0431383848190308 3.1443088054656982
v 0.07337740808725357 -1.0426827669143677 3.1537206172943115
v 0.05576154589653015 -1.0505908727645874 3.14827561378479
v 0.05045448988676071 -1.071822166442871 3.1443464756011963
v 0.056168198585510254 -1.0840997695922852 3.139085531234741
v 0.0479753240942955 -1.0692824125289917 3.1199991703033447
v 0.055405572056770325 -1.0802226066589355 3.11635160446167
v 0.06469952315092087 -1.0982028245925903 3.16142201423645
v 0.06496846675872803 -1.0894943475723267 3.1358187198638916
v 0.06304959952831268 -1.085004210472107 3.1108059883117676
v 0.04689623415470123 -1.066459059715271 3.098646640777588
v 0.05241289734840393 -1.077926516532898 3.094238042831421
v 0.04898780584335327 -1.062938928604126 3.0794756412506104
v 0.05110593140125275 -1.0762709379196167 3.0781893730163574
v 0.05039408802986145 -1.0753118991851807 3.065009355545044
v 0.05052375793457031 -1.060560703277588 3.065670967102051
v 0.048404037952423096 -1.0443718433380127 3.080246686935425
v 0.050686076283454895 -1.0406479835510254 3.0681657791137695
v 0.04629918932914734 -1.0487874746322632 3.0966455936431885
v 0.045766428112983704 -1.0518699884414673 3.120471239089966
v 0.12909533083438873 -1.0897775888442993 3.1315629482269287
v 0.12186671793460846 -1.0834952592849731 3.109778642654419
v 0.11416588723659515 -1.0782264471054077 3.0876410007476807
v 0.10882537066936493 -1.0767720937728882 3.065490245819092
v 0.10203610360622406 -1.0767568349838257 3.0488855838775635
v 0.09561698138713837 -1.07650625705719 3.0386316776275635
v 0.0867881178855896 -1.0761263370513916 3.032072067260742
v 0.07369642704725266 -1.0769681930541992 3.03064227104187
v 0.06257052719593048 -1.079861044883728 3.0369696617126465
v 0.057888805866241455 -1.0837041139602661 3.050945281982422
v 0.0571703240275383 -1.0854581594467163 3.063185453414917
v 0.05998525023460388 -1.0847222805023193 3.0913398265838623
v 0.057678595185279846 -1.0855211019515991 3.075719118118286
v 0.0418534055352211 -1.0296310186386108 3.0967533588409424
v 0.044691525399684906 -1.0250792503356934 3.0810952186584473
v 0.0486171692609787 -1.0213502645492554 3.070359230041504
v 0.058904409408569336 -1.013917326927185 3.046607494354248
v 0.05319799482822418 -1.017885684967041 3.060805559158325
v 0.07780112326145172 -1.1005717515945435 3.1564595699310303
v 0.0932818204164505 -1.0980770587921143 3.14937162399292
v 0.10790683329105377 -1.096593976020813 3.1420528888702393
v 0.11993899941444397 -1.0950435400009155 3.136070728302002
v 0.11445386707782745 -1.0888116359710693 3.112791061401367
v 0.10328960418701172 -1.090553879737854 3.1174087524414062
v 0.08942107856273651 -1.0922136306762695 3.1246001720428467
v 0.0756397619843483 -1.091973066329956 3.1317343711853027
v 0.10733793675899506 -1.08464515209198 3.091413736343384
v 0.0974540114402771 -1.0871442556381226 3.0955519676208496
v 0.08457550406455994 -1.088492751121521 3.10038423538208
v 0.07273636758327484 -1.0887097120285034 3.1071436405181885
v 0.06870068609714508 -1.0882426500320435 3.086405038833618
v 0.07896094024181366 -1.0874407291412354 3.080216884613037
v 0.09059704840183258 -1.0861423015594482 3.0762829780578613
v 0.09996353089809418 -1.0829393863677979 3.0708119869232178
v 0.09373725950717926 -1.0816948413848877 3.05454158782959
v 0.085025355219841 -1.0845571756362915 3.0611207485198975
v 0.07458773255348206 -1.0863025188446045 3.0653038024902344
v 0.0661926120519638 -1.0877982378005981 3.0713253021240234
v 0.0889628678560257 -1.0812559127807617 3.0460777282714844
v 0.0749766007065773 -1.0810530185699463 3.037958860397339
v 0.08311919867992401 -1.0805944204330444 3.0396921634674072
v 0.06752900779247284 -1.0829401016235352 3.041170835494995
v 0.06518076360225677 -1.085311770439148 3.0508806705474854
v 0.06511087715625763 -1.0865559577941895 3.060213804244995
v 0.0716577097773552 -1.0840325355529785 3.0493505001068115
v 0.07276822626590729 -1.085275411605835 3.05661940574646
v 0.08184778690338135 -1.0833145380020142 3.052253246307373
v 0.07871074974536896 -1.0824401378631592 3.0463080406188965
v 0.07149623334407806 -1.0827620029449463 3.0441129207611084
v 0.07511718571186066 -1.0820647478103638 3.0427231788635254
v 0.09505030512809753 -1.028807520866394 3.1089882850646973
v -0.0909339115023613 0.1530366986989975 3.0280237197875977
v -0.08327043056488037 0.10538314282894135 2.9913461208343506
v 0.041337430477142334 -0.7214489579200745 3.271554708480835
v 0.055784523487091064 -0.72352534532547 3.2744884490966797
v 0.07188524305820465 -0.7210188508033752 3.277306079864502
v 0.04388858377933502 -0.35785791277885437 3.0984017848968506
v -0.0063066971488296986 -0.23155243694782257 3.1105823516845703
v 1.4874541193421464e-05 -0.19458968937397003 3.1190836429595947
v -0.0034639094956219196 -0.2145751565694809 3.114118814468384
v 0.047874972224235535 -0.3712430000305176 3.113924503326416
v 0.04561948776245117 -0.15858572721481323 3.080470085144043
v -0.08121062815189362 -0.4424089193344116 2.8941826820373535
v -0.08141034841537476 0.06866686046123505 2.9717843532562256
v 0.019552268087863922 -0.02455092780292034 3.159541368484497
v -0.08091564476490021 -0.35281601548194885 2.8751702308654785
v -0.018878497183322906 0.2899736166000366 3.1026525497436523
v -0.021274004131555557 0.2885332703590393 3.102519989013672
v -0.02199516072869301 0.28532975912094116 3.101187229156494
v -0.023310942575335503 0.2839239239692688 3.097546339035034
v -0.024224381893873215 0.2821880578994751 3.0940847396850586
v -0.02580215223133564 0.28185534477233887 3.0919547080993652
v -0.02129785716533661 0.28612685203552246 3.0979981422424316
v -0.023495210334658623 0.288926362991333 3.0959630012512207
v -0.02181028574705124 0.28867030143737793 3.0980350971221924
v -0.02050628326833248 0.2877404987812042 3.0994365215301514
v -0.08783240616321564 0.0022774054668843746 3.150247812271118
v -0.08749771863222122 -0.01486420538276434 3.154730796813965
v -0.0868402048945427 -0.027461348101496696 3.164740562438965
v -0.08558371663093567 -0.044150710105895996 3.167592763900757
v -0.0696895644068718 0.21933190524578094 3.213374137878418
v -0.09079746901988983 -0.2710714042186737 3.1266605854034424
v -0.08986712992191315 -0.26370078325271606 3.1251473426818848
v -0.07762841880321503 -0.1852189600467682 2.925676107406616
v -0.08999361842870712 -0.28653013706207275 3.139483690261841
v -0.08843739330768585 -0.25349047780036926 3.1262192726135254
v -0.07660762965679169 -0.0493672639131546 2.9277169704437256
v -0.08367045223712921 -0.06107623875141144 3.1696341037750244
v -0.08936511725187302 -0.29942914843559265 3.1424405574798584
v -0.07925589382648468 0.013256759382784367 2.9365899562835693
v -0.08662701398134232 -0.2391575574874878 3.132415294647217
v -0.08612926304340363 -0.37201300263404846 3.1268599033355713
v -0.08140899240970612 -0.1814645528793335 3.145972490310669
v -0.12417653203010559 0.3341025114059448 3.205090284347534
v -0.13562031090259552 0.32563453912734985 3.196719169616699
v -0.12766563892364502 0.3157888650894165 3.204385280609131
v -0.11570539325475693 0.3206421136856079 3.211242198944092
v -0.12181515991687775 0.3071939945220947 3.2095675468444824
v -0.1111275926232338 0.3094751834869385 3.214688301086426
v -0.14330948889255524 0.31464725732803345 3.188593626022339
v -0.13590453565120697 0.30882543325424194 3.197442054748535
v -0.14078813791275024 0.272816002368927 3.1899869441986084
v -0.13946567475795746 0.28196126222610474 3.1891696453094482
v -0.14620614051818848 0.2798568606376648 3.182901620864868
v -0.14612144231796265 0.2673499882221222 3.1809587478637695
v -0.1383894830942154 0.24659894406795502 3.1875052452087402
v -0.14097854495048523 0.23780380189418793 3.1766834259033203
v -0.13387730717658997 0.22984068095684052 3.18576979637146
v -0.13076719641685486 0.2391788810491562 3.195281505584717
v -0.09628286957740784 0.2551848888397217 3.2100939750671387
v -0.0998944342136383 0.2608252763748169 3.209273099899292
v -0.10559477657079697 0.25508758425712585 3.2103114128112793
v -0.1012372151017189 0.24876318871974945 3.210667848587036
v -0.08698544651269913 0.26567432284355164 3.2130627632141113
v -0.08190180361270905 0.26927176117897034 3.2182962894439697
v -0.0834895446896553 0.27475929260253906 3.2136242389678955
v -0.08899109810590744 0.2705746293067932 3.210083246231079
v -0.09086339175701141 0.2503722906112671 3.2097361087799072
v -0.09586377441883087 0.24353526532649994 3.2088463306427
v -0.0893310159444809 0.2569611668586731 3.2124335765838623
v -0.09189903736114502 0.26109322905540466 3.2106566429138184
v -0.0836142748594284 0.251537024974823 3.220844268798828
v -0.0799696147441864 0.2523006200790405 3.2247941493988037
v -0.08112561702728271 0.2578100562095642 3.226041316986084
v -0.0854043960571289 0.2561587989330292 3.219792366027832
v -0.08854270726442337 0.25028353929519653 3.2129764556884766
v -0.08460408449172974 0.24747209250926971 3.2140204906463623
v -0.08535288274288177 0.24977783858776093 3.2169759273529053
v -0.08813532441854477 0.25348222255706787 3.215869903564453
v -0.08541131019592285 0.2610623836517334 3.216207504272461
v -0.08111359924077988 0.26361083984375 3.2217636108398438
v -0.07590699940919876 0.2653043866157532 3.2275490760803223
v -0.07572798430919647 0.25784361362457275 3.231034994125366
v -0.11156855523586273 0.23527048528194427 3.2071666717529297
v -0.1056230217218399 0.2320822924375534 3.207587957382202
v -0.10103210061788559 0.23760823905467987 3.208758592605591
v -0.10653955489397049 0.24200208485126495 3.2097182273864746
v -0.08601227402687073 0.2445433884859085 3.211216926574707
v -0.08764275908470154 0.2290925830602646 3.2124483585357666
v -0.08170359581708908 0.23062454164028168 3.21543025970459
v -0.08185600489377975 0.23443566262722015 3.2151193618774414
v -0.0883602499961853 0.2330295890569687 3.2124452590942383
v -0.11715447157621384 0.22062425315380096 3.198615550994873
v -0.1174795925617218 0.21270547807216644 3.195378303527832
v -0.11022498458623886 0.21372412145137787 3.2000606060028076
v -0.11029485613107681 0.2201569527387619 3.2024412155151367
v -0.10767555981874466 0.20810870826244354 3.1987345218658447
v -0.11517736315727234 0.2049640268087387 3.192622661590576
v -0.10437708348035812 0.1918010264635086 3.191917896270752
v -0.0977097675204277 0.1981593817472458 3.2006213665008545
v -0.10334967821836472 0.20282433927059174 3.1981828212738037
v -0.11042183637619019 0.19791348278522491 3.191309690475464
v -0.08530117571353912 0.20376090705394745 3.205904722213745
v -0.09082233160734177 0.1939127892255783 3.2045412063598633
v -0.08300093561410904 0.1906471997499466 3.205681324005127
v -0.07912123203277588 0.20282845199108124 3.2070908546447754
v -0.08734990656375885 0.22347639501094818 3.208463668823242
v -0.08728072792291641 0.22591476142406464 3.2106661796569824
v -0.09170568734407425 0.22481440007686615 3.208065986633301
v -0.09154338389635086 0.2229691594839096 3.205873727798462
v -0.09579446911811829 0.22271673381328583 3.2046959400177
v -0.09572028368711472 0.22349636256694794 3.2059805393218994
v -0.09722477197647095 0.22399501502513885 3.205893039703369
v -0.09756676107645035 0.22249941527843475 3.204090118408203
v -0.09394177794456482 0.22298471629619598 3.2054483890533447
v -0.09481992572546005 0.2218465358018875 3.204484462738037
v -0.09250818192958832 0.22125206887722015 3.2060489654541016
v -0.08866710960865021 0.2206774801015854 3.2082531452178955
v -0.07482443749904633 0.21959714591503143 3.2138400077819824
v -0.07442152500152588 0.22389550507068634 3.2120654582977295
v -0.07766953110694885 0.2237778753042221 3.211653470993042
v -0.07859090715646744 0.21948741376399994 3.2122817039489746
v -0.09550602734088898 0.22538264095783234 3.2066433429718018
v -0.09262513369321823 0.22726289927959442 3.209552764892578
v -0.0939897745847702 0.2302330583333969 3.2100534439086914
v -0.09774286299943924 0.22710596024990082 3.2069778442382812
v -0.10087992995977402 0.22925420105457306 3.2068371772766113
v -0.1032407358288765 0.22525416314601898 3.2045540809631348
v -0.09959746897220612 0.22459740936756134 3.204904079437256
v -0.09656868875026703 0.22069500386714935 3.2036209106445312
v -0.10020814836025238 0.2216659039258957 3.2031216621398926
v -0.09943719208240509 0.21887318789958954 3.2019574642181396
v -0.09711644053459167 0.21610163152217865 3.202692985534668
v -0.09418251365423203 0.21902583539485931 3.2046074867248535
v -0.09048043191432953 0.2176579087972641 3.207277774810791
v -0.09331206977367401 0.21368543803691864 3.2048163414001465
v -0.08801475167274475 0.21179954707622528 3.2071070671081543
v -0.08536826819181442 0.2163398116827011 3.2101738452911377
v -0.09656930714845657 0.23364578187465668 3.2091219425201416
v -0.10445871204137802 0.22082923352718353 3.2026424407958984
v -0.10850293934345245 0.22632996737957 3.204033851623535
v -0.10409411042928696 0.21647433936595917 3.20211124420166
v -0.10163038969039917 0.21230493485927582 3.201772928237915
v -0.09190335869789124 0.20599977672100067 3.205474615097046
v -0.09757485240697861 0.20878909528255463 3.2034084796905518
v -0.09590785205364227 0.18619279563426971 3.1945786476135254
v -0.0867476686835289 0.18243317306041718 3.196336507797241
v -0.11770503968000412 0.30059075355529785 3.210184335708618
v -0.10883291810750961 0.3016647696495056 3.212785243988037
v -0.11822213232517242 0.2927943468093872 3.2066009044647217
v -0.1141614019870758 0.29371753334999084 3.208099126815796
v -0.11497516185045242 0.2963893413543701 3.2087559700012207
v -0.12015615403652191 0.29517993330955505 3.206799030303955
v -0.13324487209320068 0.2845722734928131 3.193969964981079
v -0.13447940349578857 0.2776872515678406 3.19343638420105
v -0.12834690511226654 0.2827106714248657 3.1964006423950195
v -0.12786142528057098 0.2865898609161377 3.1971113681793213
v -0.11928720027208328 0.27524763345718384 3.2022616863250732
v -0.11701338738203049 0.28239214420318604 3.20373272895813
v -0.12035983800888062 0.2832428812980652 3.202376127243042
v -0.12406758219003677 0.27658551931381226 3.2003462314605713
v -0.11290313303470612 0.2819933295249939 3.205174684524536
v -0.11400262266397476 0.2756565809249878 3.204674005508423
v -0.10889320820569992 0.27690526843070984 3.205481767654419
v -0.10862816870212555 0.2823832035064697 3.205780267715454
v -0.10808748006820679 0.2972543239593506 3.208679437637329
v -0.10855261981487274 0.29458850622177124 3.2089176177978516
v -0.10246693342924118 0.29416441917419434 3.206697702407837
v -0.10105849802494049 0.29726845026016235 3.207282781600952
v -0.09319823980331421 0.2878623604774475 3.201312303543091
v -0.09000258892774582 0.2875484228134155 3.202021837234497
v -0.09065322577953339 0.29143238067626953 3.2020821571350098
v -0.09398118406534195 0.2900724411010742 3.2017621994018555
v -0.09410639107227325 0.2858180105686188 3.200984477996826
v -0.0920603945851326 0.2844882607460022 3.2024641036987305
v -0.11739334464073181 0.3569177985191345 3.2008519172668457
v -0.13313767313957214 0.3481373190879822 3.193516969680786
v -0.10952279716730118 0.3400816321372986 3.210789203643799
v -0.14415806531906128 0.33594608306884766 3.1846935749053955
v -0.15167666971683502 0.32117968797683716 3.1780731678009033
v -0.13591240346431732 0.2211102694272995 3.1780779361724854
v -0.12678559124469757 0.21497635543346405 3.1876955032348633
v -0.12547649443149567 0.22407172620296478 3.1937015056610107
v -0.13426756858825684 0.21108736097812653 3.1718149185180664
v -0.12465599924325943 0.20518581569194794 3.183617353439331
v -0.1106363832950592 0.18886326253414154 3.1773805618286133
v -0.11938880383968353 0.19604383409023285 3.1794145107269287
v -0.142814502120018 0.21985377371311188 3.1579511165618896
v -0.1399257332086563 0.2126663774251938 3.1499409675598145
v -0.12951800227165222 0.20153982937335968 3.1646599769592285
v -0.1472528725862503 0.2268143743276596 3.137998342514038
v -0.14579831063747406 0.22438280284404755 3.1301326751708984
v -0.13582202792167664 0.20505206286907196 3.1387224197387695
v -0.11924591660499573 0.17091022431850433 3.1397151947021484
v -0.13269801437854767 0.17537371814250946 3.13053035736084
v -0.1341678947210312 0.16241033375263214 3.124648094177246
v -0.12173290550708771 0.15827234089374542 3.137050151824951
v -0.14366857707500458 0.22866223752498627 3.1665921211242676
v -0.15012530982494354 0.2904394567012787 3.1758482456207275
v -0.15168078243732452 0.27722442150115967 3.17292857170105
v -0.14401227235794067 0.2907075881958008 3.185899019241333
v -0.1616498827934265 0.3519487977027893 3.1547350883483887
v -0.166817769408226 0.3344265818595886 3.152162551879883
v -0.15968669950962067 0.3284173011779785 3.1658267974853516
v -0.15379339456558228 0.34531742334365845 3.1718006134033203
v -0.13481003046035767 0.3866271376609802 3.1568551063537598
v -0.1498061716556549 0.3711625933647156 3.1561505794525146
v -0.14199531078338623 0.3616334795951843 3.1779818534851074
v -0.12686112523078918 0.37405896186828613 3.182262897491455
v -0.17167963087558746 0.3364749550819397 3.1367082595825195
v -0.16721978783607483 0.35482996702194214 3.1330788135528564
v -0.17209632694721222 0.3507869839668274 3.1120548248291016
v -0.17551888525485992 0.3358094096183777 3.1209371089935303
v -0.15687552094459534 0.3738638758659363 3.128788471221924
v -0.16291384398937225 0.3701583743095398 3.103414297103882
v -0.1490408182144165 0.22870050370693207 3.1198527812957764
v -0.14464785158634186 0.21018074452877045 3.1209840774536133
v -0.14194421470165253 0.19439496099948883 3.1211116313934326
v -0.132019504904747 0.18962226808071136 3.135199546813965
v -0.14737768471240997 0.3836151957511902 3.0963032245635986
v -0.14151914417743683 0.3900347948074341 3.1256747245788574
v -0.17007531225681305 0.31229037046432495 3.074739694595337
v -0.1737123280763626 0.3029080033302307 3.089094877243042
v -0.1762608289718628 0.31730586290359497 3.0977559089660645
v -0.17252646386623383 0.3296316862106323 3.0820889472961426
v -0.1630411595106125 0.32199186086654663 3.057915210723877
v -0.1651919186115265 0.3421921133995056 3.066563129425049
v -0.1540316641330719 0.2586408853530884 3.072110414505005
v -0.14968621730804443 0.2610379159450531 3.0578343868255615
v -0.1399821788072586 0.2444152683019638 3.0645713806152344
v -0.1440858691930771 0.24246026575565338 3.0770530700683594
v -0.1297914981842041 0.30310922861099243 3.204864501953125
v -0.13439318537712097 0.29758232831954956 3.198861598968506
v -0.12843813002109528 0.2945883870124817 3.202451467514038
v -0.12416987866163254 0.2982265055179596 3.207059860229492
v -0.14749084413051605 0.30324357748031616 3.1811017990112305
v -0.1409846693277359 0.30030858516693115 3.190537214279175
v -0.16117095947265625 0.31348609924316406 3.1593832969665527
v -0.16768725216388702 0.319335401058197 3.148149013519287
v -0.17522187530994415 0.3218672275543213 3.124290704727173
v -0.17217537760734558 0.3216537833213806 3.136840343475342
v -0.173391655087471 0.29483363032341003 3.0998172760009766
v -0.17503182590007782 0.30446118116378784 3.1062965393066406
v -0.15254703164100647 0.23781977593898773 3.1046838760375977
v -0.1481677144765854 0.23970399796962738 3.089658498764038
v -0.14252030849456787 0.22114022076129913 3.0904977321624756
v -0.14702491462230682 0.21680299937725067 3.104440450668335
v -0.13269129395484924 0.22718052566051483 3.0687358379364014
v -0.13690899312496185 0.22514329850673676 3.079362630844116
v -0.1423184871673584 0.18418927490711212 3.1000277996063232
v -0.1388235241174698 0.1882709115743637 3.0861406326293945
v -0.14046059548854828 0.17521344125270844 3.083627939224243
v -0.14153461158275604 0.170042023062706 3.09517502784729
v -0.13349497318267822 0.17735625803470612 3.072000741958618
v -0.13292957842350006 0.1911620944738388 3.07438063621521
v -0.12612028419971466 0.1923225075006485 3.0644121170043945
v -0.12562724947929382 0.1774597018957138 3.060441732406616
v -0.09672358632087708 0.15370751917362213 3.1484193801879883
v -0.10805945843458176 0.15566308796405792 3.1435506343841553
v -0.1115238219499588 0.14394693076610565 3.1405818462371826
v -0.09929149597883224 0.14265833795070648 3.1447925567626953
v -0.14431843161582947 0.1595824807882309 3.0925168991088867
v -0.14306128025054932 0.1651054173707962 3.0778934955596924
v -0.1567123979330063 0.25647300481796265 3.0873711109161377
v -0.1595255732536316 0.2559625506401062 3.098468542098999
v -0.1372651606798172 0.16711504757404327 3.0653774738311768
v -0.1393285095691681 0.20324988663196564 3.088343381881714
v -0.13347510993480682 0.20683668553829193 3.0775973796844482
v -0.12622973322868347 0.22842465341091156 3.05936336517334
v -0.13298484683036804 0.2453220635652542 3.0542080402374268
v -0.09441863000392914 0.2659972906112671 3.2092814445495605
v -0.09922299534082413 0.28072649240493774 3.2049713134765625
v -0.09528316557407379 0.28248289227485657 3.2040677070617676
v -0.09665170311927795 0.28538763523101807 3.203648090362549
v -0.10007475316524506 0.2842745780944824 3.204435110092163
v -0.08879166096448898 0.32215577363967896 3.217308521270752
v -0.10243554413318634 0.32247889041900635 3.2155632972717285
v -0.09885144233703613 0.3086777329444885 3.2164881229400635
v -0.08594611287117004 0.30518531799316406 3.215226173400879
v -0.12519571185112 0.25118353962898254 3.2040395736694336
v -0.11826775968074799 0.24118177592754364 3.206348180770874
v -0.11179068684577942 0.24835817515850067 3.2092337608337402
v -0.11543930321931839 0.25729119777679443 3.2084875106811523
v -0.12440711259841919 0.28801003098487854 3.2000186443328857
v -0.12314552068710327 0.28972959518432617 3.202666997909546
v -0.12607985734939575 0.2901014983654022 3.200995922088623
v -0.11483781039714813 0.22826449573040009 3.2027428150177
v -0.1225871741771698 0.23255114257335663 3.2001113891601562
v -0.15035609900951385 0.2622387409210205 3.1697325706481934
v -0.1371333748102188 0.2905588746070862 3.192348003387451
v -0.1149403303861618 0.39784425497055054 3.1574175357818604
v -0.10746452212333679 0.38280153274536133 3.1859471797943115
v -0.12264867126941681 0.401516318321228 3.1228346824645996
v -0.12869752943515778 0.3951720595359802 3.0919697284698486
v -0.15148364007472992 0.35180360078811646 3.05368709564209
v -0.1349678486585617 0.361579954624176 3.045318365097046
v -0.13517352938652039 0.3370571732521057 3.0336086750030518
v -0.1508292704820633 0.3299759030342102 3.0445902347564697
v -0.14034320414066315 0.26391708850860596 3.0450279712677
v -0.11788792908191681 0.19459740817546844 3.055985450744629
v -0.11696578562259674 0.17820541560649872 3.052429676055908
v -0.10065148770809174 0.36232078075408936 3.2042934894561768
v -0.09373830258846283 0.34183984994888306 3.21405029296875
v -0.15457269549369812 0.3072294592857361 3.169973850250244
v -0.13916298747062683 0.26378804445266724 3.191716432571411
v -0.13454151153564453 0.2563365697860718 3.1956703662872314
v -0.13012714684009552 0.26712045073509216 3.2003166675567627
v -0.1336836814880371 0.27163445949554443 3.196519136428833
v -0.14332668483257294 0.25586459040641785 3.1831164360046387
v -0.14657281339168549 0.24859975278377533 3.170703887939453
v -0.14994925260543823 0.24176345765590668 3.15575909614563
v -0.1488635540008545 0.23184190690517426 3.14620041847229
v -0.17297668755054474 0.34445250034332275 3.0915329456329346
v -0.17648977041244507 0.33031541109085083 3.106523275375366
v -0.15080000460147858 0.3705781102180481 3.0717344284057617
v -0.16526490449905396 0.3589412569999695 3.0810625553131104
v -0.1763606071472168 0.3191378116607666 3.111330986022949
v -0.1329658329486847 0.38103699684143066 3.064880609512329
v -0.08184052258729935 0.23873235285282135 3.214646577835083
v -0.0806288793683052 0.24278958141803741 3.214418888092041
v -0.08966251462697983 0.23859553039073944 3.211623191833496
v -0.08004758507013321 0.21516157686710358 3.2113752365112305
v -0.08235123008489609 0.21089176833629608 3.210167169570923
v -0.07693929225206375 0.2100421041250229 3.208599805831909
v -0.07546122372150421 0.21481256186962128 3.2120378017425537
v -0.08937930315732956 0.17977921664714813 3.1805338859558105
v -0.09969298541545868 0.1833997219800949 3.1789512634277344
v -0.09526745975017548 0.16400979459285736 3.151777982711792
v -0.10634712874889374 0.16617314517498016 3.1466612815856934
v -0.0801997259259224 0.25049781799316406 3.2193126678466797
v -0.08098156005144119 0.24982695281505585 3.217000722885132
v -0.0789930447936058 0.25017091631889343 3.216968536376953
v -0.07869230955839157 0.2508425712585449 3.219153642654419
v -0.09416040033102036 0.22409002482891083 3.207040786743164
v -0.07674338668584824 0.2308633178472519 3.2164206504821777
v -0.0769718736410141 0.22725100815296173 3.214850664138794
v -0.07388287037611008 0.22706781327724457 3.2147367000579834
v -0.0736360102891922 0.2304607480764389 3.216059684753418
v -0.11930228024721146 0.19118864834308624 3.1581461429595947
v -0.11811570823192596 0.1827547401189804 3.146034002304077
v -0.1398926079273224 0.1667143553495407 3.1128311157226562
v -0.14091557264328003 0.17919473350048065 3.1155941486358643
v -0.14396214485168457 0.1994006484746933 3.1031033992767334
v -0.12805448472499847 0.2093738168478012 3.06628155708313
v -0.12079107761383057 0.2118573635816574 3.0589993000030518
v -0.11169249564409256 0.21390731632709503 3.0527560710906982
v -0.11696940660476685 0.23032931983470917 3.0517053604125977
v -0.10300340503454208 0.1817994862794876 3.164163827896118
v -0.10470524430274963 0.17589260637760162 3.1540660858154297
v -0.09372321516275406 0.17288418114185333 3.158351182937622
v -0.09167775511741638 0.17818529903888702 3.167908191680908
v -0.07452760636806488 0.24792294204235077 3.219132423400879
v -0.07578493654727936 0.24700449407100677 3.217289686203003
v -0.07371704280376434 0.2449207752943039 3.2173070907592773
v -0.07281048595905304 0.24682091176509857 3.2200162410736084
v -0.08193092048168182 0.24816076457500458 3.215278148651123
v -0.07995063811540604 0.2454507201910019 3.214411973953247
v -0.07972895354032516 0.2473590224981308 3.2149031162261963
v -0.08242454379796982 0.2491069883108139 3.2169742584228516
v -0.08138097822666168 0.25024038553237915 3.2196264266967773
v -0.07600419968366623 0.25079378485679626 3.223477840423584
v -0.07489095628261566 0.2509036064147949 3.2283570766448975
v -0.0789964571595192 0.2507026195526123 3.222303628921509
v -0.0765891820192337 0.2492944449186325 3.2186834812164307
v -0.07710790634155273 0.24802206456661224 3.2159245014190674
v -0.07924142479896545 0.2489611655473709 3.215517997741699
v -0.08091066777706146 0.24915416538715363 3.2160403728485107
v -0.07673622667789459 0.25099992752075195 3.2219936847686768
v -0.07870808988809586 0.25089365243911743 3.2210214138031006
v -0.0766078308224678 0.2717383801937103 3.2227280139923096
v -0.08644341677427292 0.16262687742710114 3.1536431312561035
v -0.08486573398113251 0.17168061435222626 3.159708023071289
v -0.09504982829093933 0.2229388803243637 3.2049942016601562
v -0.09950254112482071 0.30098941922187805 3.2112982273101807
v -0.1234290823340416 0.26527684926986694 3.204965353012085
v -0.10215548425912857 0.26700907945632935 3.208500385284424
v -0.10316795855760574 0.2728799283504486 3.206261396408081
v -0.10904718935489655 0.2699422538280487 3.2070446014404297
v -0.10827044397592545 0.26258760690689087 3.209315776824951
v -0.09087903797626495 0.2982284724712372 3.208684206008911
v -0.08616884052753448 0.293209433555603 3.2065634727478027
v -0.08108308911323547 0.2948819398880005 3.211754560470581
v -0.08537480235099792 0.28673991560935974 3.2050724029541016
v -0.08845552057027817 0.28196364641189575 3.204930543899536
v -0.08547817170619965 0.2791118025779724 3.209141254425049
v -0.08043190091848373 0.28552138805389404 3.212216377258301
v -0.12367468327283859 0.29291433095932007 3.2040679454803467
v -0.12118715792894363 0.29143255949020386 3.2051546573638916
v -0.09083041548728943 0.27478450536727905 3.207338809967041
v -0.09284929186105728 0.2784179151058197 3.204388380050659
v -0.09775056689977646 0.2757762372493744 3.2057366371154785
v -0.0962858647108078 0.270718514919281 3.206939697265625
v -0.11564154922962189 0.26689714193344116 3.206033945083618
v -0.13098472356796265 0.29014915227890015 3.1972713470458984
v -0.12700192630290985 0.2790168821811676 3.197746992111206
v -0.15639877319335938 0.25006312131881714 3.1119697093963623
v -0.16201317310333252 0.26129892468452454 3.108297348022461
v -0.1548439860343933 0.24121712148189545 3.1301891803741455
v -0.1548154056072235 0.24328915774822235 3.126264810562134
v -0.14955058693885803 0.2380579560995102 3.126389741897583
v -0.15124692022800446 0.23683695495128632 3.131392478942871
v -0.1725490540266037 0.2925545275211334 3.1213388442993164
v -0.17140397429466248 0.29249411821365356 3.124974012374878
v -0.17201995849609375 0.29909271001815796 3.126549482345581
v -0.17345274984836578 0.29888883233070374 3.1185250282287598
v -0.17013168334960938 0.29414182901382446 3.131117343902588
v -0.1690565049648285 0.29047536849975586 3.1312737464904785
v -0.16825003921985626 0.2896794378757477 3.1345643997192383
v -0.16979922354221344 0.29703855514526367 3.1338868141174316
v -0.1663556843996048 0.2939119338989258 3.1406567096710205
v -0.16701029241085052 0.3052135705947876 3.144711494445801
v -0.1710132509469986 0.308353066444397 3.135579824447632
v -0.1565084308385849 0.28978678584098816 3.162337303161621
v -0.16159451007843018 0.2993895411491394 3.1531453132629395
v -0.16209636628627777 0.2882373332977295 3.144756317138672
v -0.15942654013633728 0.2795383930206299 3.1481826305389404
v -0.15355657041072845 0.24659417569637299 3.142284393310547
v -0.1526511162519455 0.23980392515659332 3.1374189853668213
v -0.15195199847221375 0.24208877980709076 3.1195878982543945
v -0.15964290499687195 0.30112385749816895 3.054825782775879
v -0.1673816591501236 0.2942254841327667 3.070361614227295
v -0.1701705902814865 0.2878430187702179 3.084757089614868
v -0.17019279301166534 0.28313523530960083 3.0971198081970215
v -0.1505778729915619 0.3093622624874115 3.0414767265319824
v -0.13763228058815002 0.3110831081867218 3.0324058532714844
v -0.15581467747688293 0.2729940414428711 3.1605467796325684
v -0.15712648630142212 0.2684919834136963 3.1478540897369385
v -0.1619247943162918 0.2755551338195801 3.0692338943481445
v -0.15548183023929596 0.2804558277130127 3.053945302963257
v -0.16429677605628967 0.2718869745731354 3.084031581878662
v -0.16561061143875122 0.2704938054084778 3.0965700149536133
v -0.1459510773420334 0.2887536585330963 3.040576934814453
v -0.13075895607471466 0.28763359785079956 3.0314478874206543
v -0.12684190273284912 0.26521456241607666 3.0368337631225586
v -0.15955758094787598 0.24948517978191376 3.1336655616760254
v -0.15966840088367462 0.24382935464382172 3.1336758136749268
v -0.15629072487354279 0.24264054000377655 3.1341211795806885
v -0.15673866868019104 0.2479090839624405 3.1372697353363037
v -0.1558171808719635 0.2572426199913025 3.145822048187256
v -0.15310321748256683 0.258061945438385 3.156790256500244
v -0.07813853770494461 0.27826201915740967 3.218118667602539
v -0.07574623823165894 0.18946687877178192 3.2065916061401367
v -0.07415759563446045 0.20273880660533905 3.2080276012420654
v -0.07664665579795837 0.23842225968837738 3.215517997741699
v -0.07675528526306152 0.2346649020910263 3.2167789936065674
v -0.07366331666707993 0.23417730629444122 3.216787099838257
v -0.07358209043741226 0.2377520054578781 3.2157750129699707
v -0.09471072256565094 0.29530125856399536 3.2053258419036865
v -0.12208942323923111 0.24722401797771454 3.0457003116607666
v -0.10871811211109161 0.19680337607860565 3.0512404441833496
v -0.10714906454086304 0.18022866547107697 3.0484097003936768
v -0.12844349443912506 0.1671750396490097 3.0557758808135986
v -0.11810576915740967 0.16685549914836884 3.0487871170043945
v -0.07344387471675873 0.2414533942937851 3.215785264968872
v -0.07633813470602036 0.24207763373851776 3.2154886722564697
v -0.07632502913475037 0.25043490529060364 3.219989776611328
v -0.08170612156391144 0.22677849233150482 3.21354079246521
v -0.07725983113050461 0.24689330160617828 3.2160556316375732
v -0.07640457898378372 0.24492208659648895 3.2162373065948486
v -0.07156214118003845 0.24445490539073944 3.217787027359009
v -0.07189637422561646 0.2411777824163437 3.2158524990081787
v -0.10369386523962021 0.27855589985847473 3.2054948806762695
v -0.10408000648021698 0.2832008898258209 3.2059342861175537
v -0.07454144209623337 0.2494639903306961 3.2222447395324707
v -0.07294047623872757 0.24841250479221344 3.2244110107421875
v -0.12476008385419846 0.14638380706310272 3.1327943801879883
v -0.13590289652347565 0.150565966963768 3.1211588382720947
v -0.07175672054290771 0.2269754260778427 3.2143025398254395
v -0.07162555307149887 0.23048342764377594 3.216331958770752
v -0.16075275838375092 0.27387863397598267 3.1403870582580566
v -0.1629684567451477 0.28100770711898804 3.1388487815856934
v -0.16496096551418304 0.27693691849708557 3.134129524230957
v -0.16259868443012238 0.27083510160446167 3.134791135787964
v -0.08775921165943146 0.15295343101024628 3.1499955654144287
v -0.14207009971141815 0.15447114408016205 3.106411933898926
v -0.10690901428461075 0.167414590716362 3.042778253555298
v -0.12304256856441498 0.2844493091106415 3.2005112171173096
v -0.12422128021717072 0.28614744544029236 3.1992344856262207
v -0.09736362099647522 0.2927130162715912 3.2041637897491455
v -0.08347100764513016 0.2199261337518692 3.2114474773406982
v -0.08204895257949829 0.22349299490451813 3.2105491161346436
v -0.08292722702026367 0.17643658816814423 3.1679139137268066
v -0.07114060968160629 0.2463163584470749 3.220801591873169
v -0.16732482612133026 0.2848743796348572 3.1279215812683105
v -0.16659680008888245 0.28121060132980347 3.127990961074829
v -0.16880367696285248 0.28016477823257446 3.129838228225708
v -0.16910867393016815 0.2832679748535156 3.1309897899627686
v -0.16988971829414368 0.2859412431716919 3.135899782180786
v -0.17157231271266937 0.289156436920166 3.1347320079803467
v -0.17281009256839752 0.2858484983444214 3.133253335952759
v -0.17104454338550568 0.283080518245697 3.132988691329956
v -0.16634057462215424 0.2865294814109802 3.137714385986328
v -0.167622372508049 0.2821143567562103 3.1351096630096436
v -0.1745024472475052 0.2905617356300354 3.1338443756103516
v -0.17428240180015564 0.2879696190357208 3.1318914890289307
v -0.17048610746860504 0.29165560007095337 3.128664016723633
v -0.17233964800834656 0.2920416593551636 3.132080316543579
v -0.1744752675294876 0.29416272044181824 3.128391981124878
v -0.17762959003448486 0.2918994426727295 3.1307549476623535
v -0.1774550974369049 0.2943923771381378 3.122708320617676
v -0.18107476830482483 0.29152435064315796 3.125969409942627
v -0.17834530770778656 0.2913335859775543 3.117368698120117
v -0.18243081867694855 0.2888703942298889 3.1199960708618164
v -0.15817752480506897 0.2556670010089874 3.138532876968384
v -0.15844018757343292 0.2572399377822876 3.1315414905548096
v -0.17823748290538788 0.28554415702819824 3.1134610176086426
v -0.18309751152992249 0.2841653525829315 3.116586685180664
v -0.17771965265274048 0.27838361263275146 3.110788583755493
v -0.18226130306720734 0.27751830220222473 3.1137423515319824
v -0.17625929415225983 0.26974618434906006 3.109947443008423
v -0.18005789816379547 0.27025431394577026 3.1126394271850586
v -0.1740305870771408 0.26255905628204346 3.112074136734009
v -0.17769545316696167 0.26344484090805054 3.1144044399261475
v -0.17059406638145447 0.25324201583862305 3.114783763885498
v -0.17444948852062225 0.2564459443092346 3.1172285079956055
v -0.17836275696754456 0.2873177230358124 3.120039463043213
v -0.17708192765712738 0.28980904817581177 3.1238620281219482
v -0.17111976444721222 0.2893204092979431 3.1190907955169678
v -0.17533056437969208 0.29016971588134766 3.12923526763916
v -0.1668555587530136 0.2764982581138611 3.1206581592559814
v -0.16585861146450043 0.2745354473590851 3.120297431945801
v -0.16784068942070007 0.2748948931694031 3.1236934661865234
v -0.16613183915615082 0.2773219347000122 3.1219429969787598
v -0.16366474330425262 0.2693057060241699 3.13126802444458
v -0.1630588173866272 0.2639736235141754 3.1304285526275635
v -0.1616387665271759 0.2637122869491577 3.1344263553619385
v -0.16095425188541412 0.26029032468795776 3.128896474838257
v -0.16061551868915558 0.2648954391479492 3.1282474994659424
v -0.16067098081111908 0.2618046998977661 3.1281564235687256
v -0.1602565348148346 0.2693053185939789 3.128791570663452
v -0.1612948775291443 0.26055341958999634 3.126887083053589
v -0.16179104149341583 0.2586490511894226 3.127000570297241
v -0.16038329899311066 0.2614433765411377 3.125436305999756
v -0.15997488796710968 0.26246100664138794 3.12713360786438
v -0.15932506322860718 0.26443856954574585 3.1262543201446533
v -0.1601036936044693 0.2676917314529419 3.1244566440582275
v -0.15986429154872894 0.2649061977863312 3.1395981311798096
v -0.16049273312091827 0.2559843063354492 3.117102861404419
v -0.16500283777713776 0.26433372497558594 3.1154966354370117
v -0.17046666145324707 0.2513405680656433 3.1226019859313965
v -0.16727927327156067 0.24574072659015656 3.120805501937866
v -0.16199040412902832 0.24117814004421234 3.1317152976989746
v -0.16456696391105652 0.24118845164775848 3.126469135284424
v -0.16993901133537292 0.2844737470149994 3.117016553878784
v -0.1694255769252777 0.27809974551200867 3.1142590045928955
v -0.15697233378887177 0.24938629567623138 3.1222386360168457
v -0.16803306341171265 0.27179622650146484 3.1138741970062256
v -0.17262499034404755 0.2600948214530945 3.1184065341949463
v -0.16924501955509186 0.2567915618419647 3.1223506927490234
v -0.17584851384162903 0.2651703655719757 3.116489887237549
v -0.16227081418037415 0.2552744150161743 3.1293041706085205
v -0.16607308387756348 0.25520646572113037 3.126386880874634
v -0.166968435049057 0.2492123693227768 3.1270575523376465
v -0.16329839825630188 0.24886472523212433 3.130972385406494
v -0.16729606688022614 0.2604506313800812 3.1228253841400146
v -0.17103326320648193 0.26293790340423584 3.120582103729248
v -0.16445747017860413 0.26283562183380127 3.1214497089385986
v -0.16795335710048676 0.26538723707199097 3.1197686195373535
v -0.16247190535068512 0.2610827088356018 3.124316453933716
v -0.16415008902549744 0.2589566111564636 3.1251513957977295
v -0.1612008661031723 0.2648792862892151 3.1200037002563477
v -0.1647927612066269 0.26874396204948425 3.1190264225006104
v -0.1603570580482483 0.2625141143798828 3.123563051223755
v -0.17114371061325073 0.2683867812156677 3.119805335998535
v -0.16842283308506012 0.27159416675567627 3.1200363636016846
v -0.17152200639247894 0.27441757917404175 3.122324228286743
v -0.17367808520793915 0.27204030752182007 3.120946168899536
v -0.17409144341945648 0.2665592432022095 3.119218349456787
v -0.17649541795253754 0.27101731300354004 3.1189608573913574
v -0.17708435654640198 0.27099406719207764 3.1148226261138916
v -0.17751488089561462 0.27638834714889526 3.1187829971313477
v -0.17826329171657562 0.27741506695747375 3.1154353618621826
v -0.17565202713012695 0.27600789070129395 3.12106990814209
v -0.17382413148880005 0.2767259478569031 3.1231024265289307
v -0.17907844483852386 0.2833026349544525 3.1172683238983154
v -0.17778681218624115 0.28127622604370117 3.1196460723876953
v -0.1772947758436203 0.284961998462677 3.121767520904541
v -0.1763535737991333 0.279681921005249 3.1220948696136475
v -0.17569465935230255 0.28252899646759033 3.1236703395843506
v -0.17486602067947388 0.27899953722953796 3.123485565185547
v -0.17398720979690552 0.2804131507873535 3.1244397163391113
v -0.17169710993766785 0.28743669390678406 3.12983775138855
v -0.17026913166046143 0.28581705689430237 3.1314423084259033
v -0.17364910244941711 0.2880155146121979 3.1280953884124756
v -0.17212806642055511 0.2856755256652832 3.127478837966919
v -0.17111682891845703 0.2868730127811432 3.1282010078430176
v -0.16963504254817963 0.28601929545402527 3.1286394596099854
v -0.1709442436695099 0.2834944725036621 3.1275131702423096
v -0.16906212270259857 0.2817283868789673 3.1261208057403564
v -0.1055595874786377 0.11581175029277802 3.1375491619110107
v -0.09442757815122604 0.11388711631298065 3.1373956203460693
v -0.09191051870584488 0.12721966207027435 3.142071008682251
v -0.10229147970676422 0.1294279545545578 3.1410629749298096
v -0.17385932803153992 0.2842548191547394 3.125227689743042
v -0.17250469326972961 0.28184974193573 3.1264076232910156
v -0.17548850178718567 0.2871851623058319 3.124403476715088
v -0.17039336264133453 0.2781480550765991 3.123347520828247
v -0.17125681042671204 0.27989596128463745 3.125436305999756
v -0.17251871526241302 0.2781839370727539 3.1245219707489014
v -0.17157046496868134 0.27702057361602783 3.1237382888793945
v -0.16378235816955566 0.2733282446861267 3.130905866622925
v -0.16256289184093475 0.27220064401626587 3.126739263534546
v -0.16320745646953583 0.2701054811477661 3.122483253479004
v -0.1434771567583084 0.101122185587883 3.1173038482666016
v -0.13732461631298065 0.11251161992549896 3.118316888809204
v -0.15289492905139923 0.11941041052341461 3.1080803871154785
v -0.16012683510780334 0.10990588366985321 3.106541872024536
v -0.15468090772628784 0.07357017695903778 3.1234562397003174
v -0.17914599180221558 0.081504687666893 3.1096386909484863
v -0.17451784014701843 0.05695149302482605 3.1203794479370117
v -0.15516255795955658 0.053238168358802795 3.126779079437256
v -0.17150112986564636 0.03661617636680603 3.128685712814331
v -0.15479980409145355 0.034022703766822815 3.132775068283081
v -0.16619659960269928 -0.01781242899596691 3.151928663253784
v -0.1511053442955017 -0.01897074095904827 3.156154155731201
v -0.15226060152053833 -0.0014769271947443485 3.148601770401001
v -0.16764439642429352 -0.0002040551189566031 3.1444499492645264
v -0.18249650299549103 -0.09255263209342957 3.166715383529663
v -0.17563596367835999 -0.10793779790401459 3.1598081588745117
v -0.1628859043121338 -0.10518629848957062 3.166282892227173
v -0.17121559381484985 -0.09116069972515106 3.171592950820923
v -0.22368693351745605 0.002593593206256628 3.105344533920288
v -0.22880014777183533 0.017816321924328804 3.1005077362060547
v -0.23524408042430878 0.009024769999086857 3.094771385192871
v -0.2293107658624649 -0.005345805082470179 3.099545955657959
v -0.19790606200695038 0.12252698838710785 3.075652837753296
v -0.19150017201900482 0.1037025898694992 3.0930702686309814
v -0.18061134219169617 0.11243657767772675 3.091498374938965
v -0.18771326541900635 0.12941212952136993 3.076589822769165
v -0.22424596548080444 -0.07432135939598083 3.118992328643799
v -0.219936802983284 -0.08621811866760254 3.1256308555603027
v -0.21641580760478973 -0.0801471471786499 3.1348445415496826
v -0.2195756584405899 -0.0684710294008255 3.1298820972442627
v -0.1894601732492447 -0.14742931723594666 3.0955004692077637
v -0.19186049699783325 -0.1649884730577469 3.089846611022949
v -0.1775655746459961 -0.16911259293556213 3.1052372455596924
v -0.1758299022912979 -0.15138015151023865 3.1100564002990723
v -0.22255881130695343 -0.11435337364673615 3.0392494201660156
v -0.22409522533416748 -0.10921953618526459 3.014071226119995
v -0.22304466366767883 -0.12156233191490173 3.0087478160858154
v -0.22262297570705414 -0.12818516790866852 3.033524751663208
v -0.19196917116641998 -0.018232880160212517 3.1400930881500244
v -0.17997168004512787 -0.017439601942896843 3.146385431289673
v -0.18177302181720734 -0.0005134926177561283 3.1386473178863525
v -0.19425572454929352 -0.0018794075585901737 3.1320178508758545
v -0.3550252616405487 -0.07064741849899292 3.0012993812561035
v -0.34294700622558594 -0.07964739203453064 2.997144937515259
v -0.3283577263355255 -0.06347064673900604 3.0088348388671875
v -0.3400564193725586 -0.054066210985183716 3.012620449066162
v -0.22815947234630585 -0.20491370558738708 3.008763074874878
v -0.22620274126529694 -0.19683293998241425 2.98655104637146
v -0.22902309894561768 -0.21341530978679657 2.9842922687530518
v -0.23008127510547638 -0.22012239694595337 3.0070483684539795
v -0.29079487919807434 0.037567704916000366 3.073998212814331
v -0.28157979249954224 0.049678415060043335 3.0808050632476807
v -0.28900986909866333 0.06959418952465057 3.0694878101348877
v -0.2991415858268738 0.057467326521873474 3.0641353130340576
v -0.22262415289878845 -0.02861808054149151 3.110398769378662
v -0.2166808545589447 -0.024160219356417656 3.118306875228882
v -0.2199053019285202 -0.011104925535619259 3.111607313156128
v -0.22524453699588776 -0.01735365204513073 3.1045992374420166
v -0.23242329061031342 -0.08321760594844818 3.0166447162628174
v -0.23238389194011688 -0.08839623630046844 3.0388405323028564
v -0.2352520078420639 -0.07194353640079498 3.0362656116485596
v -0.23544199764728546 -0.06697118282318115 3.0162010192871094
v -0.22827598452568054 -0.10261321067810059 3.0397348403930664
v -0.22879157960414886 -0.09755431115627289 3.016145706176758
v -0.21047580242156982 -0.02139866165816784 3.125663995742798
v -0.20212621986865997 -0.019708571955561638 3.133124351501465
v -0.20475931465625763 -0.003827719483524561 3.1258468627929688
v -0.2126682549715042 -0.006230948958545923 3.118457794189453
v -0.1683814376592636 -0.11912395060062408 3.14776349067688
v -0.15321044623851776 -0.11572465300559998 3.15641188621521
v -0.22522827982902527 -0.2275678962469101 3.0291037559509277
v -0.21526432037353516 -0.23519231379032135 3.0498759746551514
v -0.21393458545207977 -0.2221246063709259 3.05124568939209
v -0.22377562522888184 -0.2136463224887848 3.0316948890686035
v -0.15947076678276062 -0.1371128410100937 3.124460458755493
v -0.1620384305715561 -0.12650789320468903 3.133756160736084
v -0.17600961029529572 -0.12615139782428741 3.1245954036712646
v -0.17373959720134735 -0.13587921857833862 3.1139063835144043
v -0.2015656679868698 -0.24229110777378082 3.0668134689331055
v -0.18559448421001434 -0.24910980463027954 3.0835399627685547
v -0.18323682248592377 -0.23635366559028625 3.0834906101226807
v -0.19956740736961365 -0.2297271341085434 3.0681774616241455
v -0.16945300996303558 0.01793004758656025 3.1368532180786133
v -0.15362580120563507 0.016231926158070564 3.1409995555877686
v -0.20182648301124573 -0.09106726944446564 3.1519711017608643
v -0.19785292446613312 -0.10543638467788696 3.144670248031616
v -0.18746350705623627 -0.10769197344779968 3.152468204498291
v -0.19291482865810394 -0.09230031073093414 3.1593806743621826
v -0.23431898653507233 -0.0214510690420866 3.078087568283081
v -0.23288898169994354 -0.014369889162480831 3.090036630630493
v -0.24093815684318542 -0.0015669004060328007 3.0842573642730713
v -0.2382267415523529 -0.013184322975575924 3.0713770389556885
v -0.23196561634540558 -0.22917106747627258 2.9833109378814697
v -0.23293434083461761 -0.23399829864501953 3.00687313079834
v -0.204106867313385 -0.254458487033844 3.068666458129883
v -0.18787680566310883 -0.2606303095817566 3.085477352142334
v -0.24467530846595764 -0.0032615051604807377 2.9964706897735596
v -0.24128925800323486 -0.0076005891896784306 3.002992630004883
v -0.24187718331813812 -0.009994699619710445 3.0166945457458496
v -0.24521538615226746 -0.005453749094158411 3.009714365005493
v -0.1331666111946106 -0.08911356329917908 3.1739542484283447
v -0.14887243509292603 -0.08230960369110107 3.1764070987701416
v -0.15339653193950653 -0.09673088788986206 3.172616720199585
v -0.13989703357219696 -0.10640473663806915 3.165952205657959
v -0.19348101317882538 -0.1170598715543747 3.132152557373047
v -0.18950703740119934 -0.12431614100933075 3.1173110008239746
v -0.18176224827766418 -0.11958321928977966 3.13962721824646
v -0.1167304590344429 -0.09531599283218384 3.167717456817627
v -0.12432175874710083 -0.11655747890472412 3.1545252799987793
v -0.13689051568508148 0.013332040049135685 3.14445161819458
v -0.13606350123882294 -0.0033454434014856815 3.152350664138794
v -0.13703693449497223 0.03082841821014881 3.138345241546631
v -0.12008586525917053 0.02739224024116993 3.1425392627716064
v -0.11844530701637268 0.045593976974487305 3.1380271911621094
v -0.1360461711883545 0.04928998649120331 3.1333463191986084
v -0.11623827368021011 0.06380663812160492 3.136025905609131
v -0.13399480283260345 0.06778065860271454 3.130749464035034
v -0.12573182582855225 0.09511856734752655 3.125767707824707
v -0.12130239605903625 0.10707937180995941 3.127530336380005
v -0.22950753569602966 -0.024593649432063103 3.0957837104797363
v -0.22766552865505219 -0.034942626953125 3.100560188293457
v -0.21788468956947327 -0.24775022268295288 3.0500335693359375
v -0.18669669330120087 0.0969768613576889 2.972674608230591
v -0.18101873993873596 0.08417709171772003 2.963977813720703
v -0.19697853922843933 0.0828729122877121 2.968719720840454
v -0.20321150124073029 0.09451024234294891 2.976985454559326
v -0.20984826982021332 0.11799432337284088 3.075732469558716
v -0.20674748718738556 0.09753690659999847 3.0919177532196045
v -0.22858989238739014 0.02552768774330616 2.9686872959136963
v -0.22147484123706818 0.024441855028271675 2.9681246280670166
v -0.22418777644634247 0.014136240817606449 2.9715161323547363
v -0.2276693433523178 0.01748216338455677 2.9719045162200928
v -0.24108125269412994 0.005468429531902075 2.978578805923462
v -0.24686874449253082 0.0036336942575871944 2.970733165740967
v -0.24858827888965607 0.01060317549854517 2.966639518737793
v -0.24040280282497406 0.01262411568313837 2.9747538566589355
v -0.22211892902851105 -0.20645292103290558 2.964158296585083
v -0.21800671517848969 -0.18969827890396118 2.965322732925415
v -0.19881859421730042 -0.07772310078144073 2.9545817375183105
v -0.21016483008861542 -0.09085382521152496 2.972193717956543
v -0.21808120608329773 -0.07742704451084137 2.9754698276519775
v -0.2092088907957077 -0.06347651779651642 2.959684133529663
v -0.09813987463712692 0.07124637067317963 2.96736478805542
v -0.09739834815263748 0.057262569665908813 2.9604103565216064
v -0.11485172808170319 0.06285117566585541 2.958987236022949
v -0.11552028357982635 0.07708476483821869 2.966909885406494
v -0.15271678566932678 0.10593672096729279 2.9773011207580566
v -0.15635550022125244 0.1158982366323471 2.985907554626465
v -0.13539086282253265 0.11095909774303436 2.984236717224121
v -0.13357095420360565 0.09909261763095856 2.975245952606201
v -0.16840574145317078 0.09590177237987518 2.9690449237823486
v -0.164618581533432 0.0821005254983902 2.9605274200439453
v -0.23322486877441406 -0.05899582803249359 2.999091863632202
v -0.22942283749580383 -0.07439820468425751 2.997305154800415
v -0.2357456088066101 -0.03381830453872681 2.999072313308716
v -0.23731717467308044 -0.04004138708114624 3.013265609741211
v -0.23830342292785645 -0.030219001695513725 3.0125975608825684
v -0.23629441857337952 -0.024507446214556694 2.999117612838745
v -0.17877492308616638 0.1364661306142807 3.076796531677246
v -0.17679955065250397 0.1485120803117752 3.0583362579345703
v -0.18806006014347076 0.1424376219511032 3.0582492351531982
v -0.13793912529945374 0.1440235823392868 3.0148303508758545
v -0.13732430338859558 0.14012743532657623 3.010488748550415
v -0.15130561590194702 0.14342646300792694 3.0157809257507324
v -0.14889514446258545 0.1462118774652481 3.0194687843322754
v -0.11696609109640121 -0.003175585065037012 2.931771755218506
v -0.09766433387994766 -0.005422367248684168 2.930940628051758
v -0.09672675281763077 -0.026915235444903374 2.928210735321045
v -0.11729010939598083 -0.02612381987273693 2.9295384883880615
v -0.2348472774028778 -0.011388628743588924 2.98815655708313
v -0.2359607219696045 -0.005957855377346277 2.9865543842315674
v -0.23234157264232635 0.0010732575319707394 2.98013973236084
v -0.23136264085769653 -0.003767444286495447 2.9810595512390137
v -0.23059876263141632 -0.009750901721417904 2.9807674884796143
v -0.22856825590133667 -0.017135916277766228 2.978431224822998
v -0.23270273208618164 -0.026195166632533073 2.988171339035034
v -0.2342556118965149 -0.01790931634604931 2.9889509677886963
v -0.2173924744129181 -0.05001959204673767 2.965975761413574
v -0.22440333664417267 -0.06301282346248627 2.980530023574829
v -0.22954237461090088 -0.049024417996406555 2.9838387966156006
v -0.22359545528888702 -0.03689311444759369 2.971247673034668
v -0.09274417161941528 -0.09571003913879395 2.9299957752227783
v -0.11080463230609894 -0.0962456613779068 2.9263033866882324
v -0.11213411390781403 -0.0746598094701767 2.9265735149383545
v -0.09329869598150253 -0.07398760318756104 2.9271390438079834
v -0.2540183663368225 -0.009246869944036007 3.027393102645874
v -0.258462518453598 -0.010948850773274899 3.040952444076538
v -0.26513832807540894 -0.017181796953082085 3.031224012374878
v -0.26093026995658875 -0.016292361542582512 3.0155506134033203
v -0.2649969458580017 0.023268209770321846 2.9565043449401855
v -0.2740457355976105 0.01974259503185749 2.9524497985839844
v -0.27802813053131104 0.024519609287381172 2.9536070823669434
v -0.26889607310295105 0.028910042718052864 2.957561731338501
v -0.2659609019756317 -0.028574926778674126 2.990021228790283
v -0.2687370777130127 -0.027678532525897026 3.004880905151367
v -0.2784103751182556 -0.042326971888542175 2.9942777156829834
v -0.27466532588005066 -0.04234074056148529 2.9782052040100098
v -0.21910905838012695 0.12696199119091034 3.050574541091919
v -0.22117550671100616 0.11348210275173187 3.073517084121704
v -0.20955614745616913 0.1319655328989029 3.0548551082611084
v -0.25474634766578674 -0.013596727512776852 2.977200984954834
v -0.26216626167297363 -0.022647006437182426 2.966233491897583
v -0.262490451335907 -0.01646473817527294 2.956997871398926
v -0.2537139654159546 -0.007833405397832394 2.96807599067688
v -0.3662644028663635 -0.058382585644721985 2.9984676837921143
v -0.35152286291122437 -0.04184345901012421 3.0099098682403564
v -0.284506231546402 -0.05344931781291962 2.9539811611175537
v -0.28688645362854004 -0.04758279025554657 2.9428718090057373
v -0.271589457988739 -0.03572218120098114 2.9531044960021973
v -0.27166903018951416 -0.040602996945381165 2.964268922805786
v -0.19218674302101135 -0.09246008098125458 2.9519522190093994
v -0.20552948117256165 -0.10399478673934937 2.96740984916687
v -0.1958155632019043 -0.1975332498550415 2.9306342601776123
v -0.21079836785793304 -0.2014893740415573 2.9451675415039062
v -0.20559123158454895 -0.18260537087917328 2.947718381881714
v -0.19018864631652832 -0.1772608458995819 2.9329941272735596
v -0.22429773211479187 -0.2258545607328415 2.961623191833496
v -0.1991763561964035 -0.21921448409557343 2.9297850131988525
v -0.21385852992534637 -0.22108353674411774 2.9446089267730713
v -0.15800414979457855 0.15550760924816132 3.0653281211853027
v -0.14899180829524994 0.15872956812381744 3.0504469871520996
v -0.1554291546344757 0.1553507000207901 3.0445187091827393
v -0.16689559817314148 0.15282459557056427 3.060298442840576
v -0.26134276390075684 -0.33932730555534363 2.9632058143615723
v -0.26220399141311646 -0.3689463436603546 2.9606094360351562
v -0.267461359500885 -0.36363059282302856 2.985503911972046
v -0.2652362883090973 -0.33680418133735657 2.990108013153076
v -0.12379901856184006 0.15094684064388275 3.0254831314086914
v -0.14075809717178345 0.1531786173582077 3.03302264213562
v -0.13615769147872925 0.1572256237268448 3.0403552055358887
v -0.12102359533309937 0.15468309819698334 3.0332589149475098
v -0.2623441219329834 -0.31225135922431946 2.9913506507873535
v -0.25868460536003113 -0.3123107850551605 2.9650211334228516
v -0.15977363288402557 0.1458180695772171 3.081801652908325
v -0.1693665236234665 0.14157401025295258 3.078874349594116
v -0.1631334275007248 0.12866638600826263 3.0926458835601807
v -0.1544017195701599 0.13586227595806122 3.0969467163085938
v -0.14537177979946136 0.12901221215724945 3.1112260818481445
v -0.2659703493118286 -0.3590131402015686 3.0172243118286133
v -0.2617182433605194 -0.33695295453071594 3.0166499614715576
v -0.14208684861660004 0.16146396100521088 3.0575313568115234
v -0.13147728145122528 0.16065113246440887 3.0470669269561768
v -0.11934524774551392 0.1600266844034195 3.0408051013946533
v -0.10695210099220276 0.15938489139080048 3.037238359451294
v -0.23168213665485382 -0.24255259335041046 2.960721731185913
v -0.2381470948457718 -0.24503131210803986 2.9833877086639404
v -0.21431633830070496 -0.4920032024383545 2.9361631870269775
v -0.18534861505031586 -0.49694445729255676 2.9275426864624023
v -0.1849655658006668 -0.5112704038619995 2.949798583984375
v -0.21938233077526093 -0.5066868662834167 2.958301067352295
v -0.10951253026723862 -0.48799267411231995 2.9170801639556885
v -0.10668402910232544 -0.5028553605079651 2.943132162094116
v -0.14705748856067657 -0.50928795337677 2.945810079574585
v -0.14995399117469788 -0.49685776233673096 2.9213788509368896
v -0.11571532487869263 -0.35274186730384827 2.873041868209839
v -0.1463622897863388 -0.3532208204269409 2.873081922531128
v -0.14662247896194458 -0.3291725516319275 2.8775246143341064
v -0.1165783554315567 -0.32840174436569214 2.876798391342163
v -0.2058900147676468 -0.23881974816322327 2.9267265796661377
v -0.22083473205566406 -0.23965193331241608 2.9425525665283203
v -0.23774689435958862 -0.24874825775623322 3.006683826446533
v -0.2783919870853424 -0.4461270272731781 3.091744899749756
v -0.286578506231308 -0.46751123666763306 3.056203603744507
v -0.2843063473701477 -0.49253159761428833 3.0781655311584473
v -0.2781603932380676 -0.47196823358535767 3.1106061935424805
v -0.2504141926765442 -0.5309419631958008 3.024751663208008
v -0.2517109811306 -0.5100179314613342 2.995737314224243
v -0.2176644653081894 -0.5247974395751953 2.9834482669830322
v -0.21730704605579376 -0.5424669981002808 3.011897087097168
v -0.17020438611507416 -0.2660510540008545 3.100757360458374
v -0.18928323686122894 -0.2720777094364166 3.088071823120117
v -0.17159436643123627 -0.27791091799736023 3.1049964427948
v -0.1140303686261177 -0.2754073441028595 3.128680467605591
v -0.13480253517627716 -0.27362489700317383 3.1222023963928223
v -0.1334378719329834 -0.28544941544532776 3.127704381942749
v -0.11262031644582748 -0.2871915400028229 3.134777069091797
v -0.11325015127658844 -0.36935704946517944 3.1223058700561523
v -0.09785119444131851 -0.3720581829547882 3.1269731521606445
v -0.10099680721759796 -0.3536001145839691 3.1304473876953125
v -0.1172201931476593 -0.3495343327522278 3.121065139770508
v -0.25240078568458557 -0.33675265312194824 3.0394973754882812
v -0.2339671403169632 -0.33434876799583435 3.0585739612579346
v -0.23322813212871552 -0.32179754972457886 3.0600168704986572
v -0.249010369181633 -0.3203657269477844 3.0377020835876465
v -0.10587802529335022 -0.5076190829277039 2.96966290473938
v -0.14158442616462708 -0.5190505981445312 2.9725608825683594
v -0.2591058015823364 -0.4500423073768616 3.1401844024658203
v -0.256990522146225 -0.42570337653160095 3.1157724857330322
v -0.22900252044200897 -0.4322276711463928 3.1657488346099854
v -0.19316880404949188 -0.4265371561050415 3.1749165058135986
v -0.191745787858963 -0.40402281284332275 3.1524059772491455
v -0.2272658348083496 -0.4093948304653168 3.1406612396240234
v -0.09427747130393982 -0.42475569248199463 3.0791709423065186
v -0.10682059824466705 -0.4024190604686737 3.0925238132476807
v -0.11143867671489716 -0.40662282705307007 3.0967772006988525
v -0.09686622023582458 -0.42881032824516296 3.086446762084961
v -0.11159427464008331 -0.44811826944351196 2.886753797531128
v -0.11143684387207031 -0.4685192108154297 2.8994762897491455
v -0.1472834199666977 -0.47701406478881836 2.9003827571868896
v -0.1460600346326828 -0.4526543617248535 2.8859164714813232
v -0.18249179422855377 -0.21794575452804565 2.919166326522827
v -0.18867860734462738 -0.23957566916942596 2.914689302444458
v -0.164391428232193 -0.21703802049160004 2.911993980407715
v -0.17870666086673737 -0.19436341524124146 2.9201347827911377
v -0.16032971441745758 -0.19186823070049286 2.914273500442505
v -0.15772272646427155 -0.06855180859565735 2.9315669536590576
v -0.1760382354259491 -0.0808919221162796 2.9389843940734863
v -0.18349449336528778 -0.064604252576828 2.94160795211792
v -0.1660456508398056 -0.049448639154434204 2.9331648349761963
v -0.1315985918045044 0.07108031213283539 2.957265615463257
v -0.1322832554578781 0.08591495454311371 2.966068744659424
v -0.17738547921180725 -0.5438333749771118 3.0005478858947754
v -0.1317279189825058 -0.5304872989654541 3.0011403560638428
v -0.15014983713626862 -0.5559121966362 3.0310752391815186
v -0.187034472823143 -0.5616585612297058 3.030431032180786
v -0.24905268847942352 -0.5506081581115723 3.0515267848968506
v -0.27035555243492126 -0.5356329083442688 3.070168972015381
v -0.2744390070438385 -0.5131534337997437 3.0489795207977295
v -0.28108203411102295 -0.5154027342796326 3.104668378829956
v -0.2760773003101349 -0.4931075870990753 3.1372148990631104
v -0.2297331839799881 -0.45613163709640503 3.189852714538574
v -0.19310908019542694 -0.4521583616733551 3.1966888904571533
v -0.10923755913972855 -0.462026447057724 3.1430113315582275
v -0.12904685735702515 -0.4462098777294159 3.1626174449920654
v -0.13110888004302979 -0.46965914964675903 3.1756701469421387
v -0.1122812032699585 -0.4853832721710205 3.153017997741699
v -0.1513228863477707 -0.35778799653053284 3.0948116779327393
v -0.18560855090618134 -0.34357014298439026 3.0811102390289307
v -0.18454279005527496 -0.3548620343208313 3.084512710571289
v -0.15582247078418732 -0.36707866191864014 3.093550682067871
v -0.11786006391048431 -0.2650734782218933 3.124147415161133
v -0.134291410446167 -0.2625233829021454 3.1186881065368652
v -0.15224938094615936 -0.2703092694282532 3.1131365299224854
v -0.15095627307891846 -0.2594102919101715 3.110255002975464
v -0.1684180647134781 -0.2549043893814087 3.0982797145843506
v -0.12574569880962372 -0.19965915381908417 3.137371063232422
v -0.14564640820026398 -0.1969100832939148 3.1282222270965576
v -0.1457274705171585 -0.2160986363887787 3.1226015090942383
v -0.12633129954338074 -0.21882997453212738 3.1316370964050293
v -0.12529724836349487 -0.17751668393611908 3.1418116092681885
v -0.14531278610229492 -0.1752568781375885 3.1323158740997314
v -0.12247627973556519 -0.1341111660003662 3.141075849533081
v -0.1449408382177353 -0.12446194887161255 3.143911361694336
v -0.1425137221813202 -0.13653883337974548 3.13362455368042
v -0.12012987583875656 0.009442911483347416 3.1476669311523438
v -0.11938963085412979 -0.0071990774013102055 3.1541049480438232
v -0.25717592239379883 -0.3539428412914276 3.0399491786956787
v -0.10572943091392517 -0.5210494995117188 3.030625343322754
v -0.09643782675266266 -0.5093467831611633 3.059702157974243
v -0.1046324372291565 -0.5331639647483826 3.07145619392395
v -0.12013709545135498 -0.5461719632148743 3.045752763748169
v -0.2588254511356354 -0.316040575504303 3.016197919845581
v -0.22771680355072021 -0.2406991720199585 3.0290586948394775
v -0.23216770589351654 -0.25390127301216125 3.0304887294769287
v -0.2146352082490921 -0.1182858943939209 3.069949150085449
v -0.21493276953697205 -0.13405239582061768 3.0588879585266113
v -0.16204078495502472 -0.07773387432098389 3.1744940280914307
v -0.16246038675308228 -0.0886458158493042 3.173363208770752
v -0.2771548330783844 -0.48888683319091797 3.02298641204834
v -0.22881406545639038 -0.48121848702430725 3.2084977626800537
v -0.2273707389831543 -0.5064270496368408 3.2260847091674805
v -0.19395500421524048 -0.5053017139434814 3.2315592765808105
v -0.19417186081409454 -0.47865915298461914 3.214359998703003
v -0.11074849963188171 -0.5273922085762024 3.1432111263275146
v -0.11798909306526184 -0.5108826160430908 3.167339563369751
v -0.1245393455028534 -0.5368777513504028 3.1834537982940674
v -0.11987325549125671 -0.5527420043945312 3.159881830215454
v -0.12798859179019928 -0.5770696401596069 3.1790144443511963
v -0.1315288096666336 -0.5622299909591675 3.201188802719116
v -0.13708673417568207 -0.5878360867500305 3.218808174133301
v -0.1348554790019989 -0.5997149348258972 3.19771146774292
v -0.25869420170783997 -0.4718666672706604 3.169407606124878
v -0.2698553502559662 -0.5355303883552551 3.1815345287323
v -0.2549192011356354 -0.5184133052825928 3.208212375640869
v -0.25592997670173645 -0.49532681703567505 3.189849853515625
v -0.2729322910308838 -0.5134466886520386 3.1612749099731445
v -0.22078515589237213 -0.5602287650108337 3.0403568744659424
v -0.10288123786449432 -0.5022618770599365 3.129145383834839
v -0.09809914976358414 -0.47926849126815796 3.12143874168396
v -0.1304532140493393 -0.5815434455871582 3.120445489883423
v -0.14789706468582153 -0.5931448936462402 3.1021885871887207
v -0.13564158976078033 -0.571239173412323 3.0752077102661133
v -0.11766160279512405 -0.5580154061317444 3.0969760417938232
v -0.2526234984397888 -0.58449387550354 3.107532501220703
v -0.26962214708328247 -0.5697639584541321 3.1287083625793457
v -0.2692251205444336 -0.5525743365287781 3.1019601821899414
v -0.2504725754261017 -0.5673712491989136 3.081906318664551
v -0.27801522612571716 -0.5330170392990112 3.1316611766815186
v -0.27534395456314087 -0.5528671145439148 3.153787612915039
v -0.26638612151145935 -0.5785960555076599 3.226321220397949
v -0.24977494776248932 -0.5660893321037292 3.2497951984405518
v -0.25302615761756897 -0.541795551776886 3.2274458408355713
v -0.26774656772613525 -0.5570793747901917 3.203244924545288
v -0.2730986773967743 -0.5921509265899658 3.199319839477539
v -0.2737584710121155 -0.5729381442070007 3.1757190227508545
v -0.2696934938430786 -0.5874928832054138 3.1510021686553955
v -0.26988485455513 -0.6045966148376465 3.175205707550049
v -0.2558181583881378 -0.61495441198349 3.155611038208008
v -0.254742830991745 -0.6005747318267822 3.1308228969573975
v -0.23341889679431915 -0.6102455854415894 3.117109537124634
v -0.23658183217048645 -0.6233501434326172 3.1419754028320312
v -0.2073846012353897 -0.6157597303390503 3.1112616062164307
v -0.18142500519752502 -0.6157464981079102 3.1134495735168457
v -0.18938295543193817 -0.6291217803955078 3.1372597217559814
v -0.21322937309741974 -0.6283377408981323 3.1363539695739746
v -0.14996011555194855 -0.6209486722946167 3.158867120742798
v -0.16710098087787628 -0.6270526051521301 3.1445224285125732
v -0.15781860053539276 -0.6116301417350769 3.123065710067749
v -0.1410415768623352 -0.6028797626495361 3.1403419971466064
v -0.18053607642650604 -0.6658258438110352 3.2145745754241943
v -0.1992095410823822 -0.6615405082702637 3.2116026878356934
v -0.19156889617443085 -0.6551876068115234 3.2022197246551514
v -0.1722695380449295 -0.6581206321716309 3.2087197303771973
v -0.21685664355754852 -0.658724844455719 3.208033561706543
v -0.23534870147705078 -0.6572893261909485 3.2086267471313477
v -0.22885370254516602 -0.6504714488983154 3.2013132572174072
v -0.21094094216823578 -0.6523258686065674 3.2053635120391846
v -0.2599979639053345 -0.6477588415145874 3.2197999954223633
v -0.2464272826910019 -0.6488853693008423 3.206368923187256
v -0.2519700229167938 -0.657194972038269 3.2148120403289795
v -0.2645767033100128 -0.6589468717575073 3.228347063064575
v -0.2758389711380005 -0.6613381505012512 3.2463603019714355
v -0.27360665798187256 -0.6466379165649414 3.2371158599853516
v -0.2753426432609558 -0.664836049079895 3.267087936401367
v -0.276344358921051 -0.6460329294204712 3.2602121829986572
v -0.26245424151420593 -0.6453456282615662 3.282249689102173
v -0.2613782584667206 -0.6686232089996338 3.287768602371216
v -0.14836908876895905 -0.6527239084243774 3.254284620285034
v -0.15429429709911346 -0.6704100370407104 3.2563157081604004
v -0.1535750925540924 -0.6694138646125793 3.2389259338378906
v -0.14658653736114502 -0.6544365882873535 3.236478328704834
v -0.17475782334804535 -0.6477019190788269 3.2922163009643555
v -0.1914527267217636 -0.6433795094490051 3.3077797889709473
v -0.1939324587583542 -0.6713777184486389 3.306541919708252
v -0.1782168447971344 -0.6722726225852966 3.2876651287078857
v -0.27320778369903564 -0.6102302670478821 3.222564935684204
v -0.2651599645614624 -0.5998421311378479 3.2485451698303223
v -0.2558661103248596 -0.6269240379333496 3.181852340698242
v -0.26969289779663086 -0.619364857673645 3.1988892555236816
v -0.15825951099395752 -0.6356789469718933 3.1780426502227783
v -0.1763480305671692 -0.6391640305519104 3.167024850845337
v -0.1425374299287796 -0.6111395359039307 3.2359673976898193
v -0.14046728610992432 -0.620227038860321 3.2148189544677734
v -0.2194230705499649 -0.6127697229385376 3.301496982574463
v -0.22016485035419464 -0.5855540633201599 3.2827346324920654
v -0.2477988302707672 -0.5905593037605286 3.2715210914611816
v -0.24563251435756683 -0.6166062951087952 3.2903387546539307
v -0.2745018005371094 -0.6277892589569092 3.2440383434295654
v -0.2712537348270416 -0.6327028274536133 3.221574544906616
v -0.2572420537471771 -0.6376180052757263 3.2037370204925537
v -0.24255985021591187 -0.6416218876838684 3.1897473335266113
v -0.22379256784915924 -0.644507646560669 3.1842849254608154
v -0.2040647715330124 -0.6461905241012573 3.183436870574951
v -0.18393011391162872 -0.6485387682914734 3.185450315475464
v -0.165101557970047 -0.6479225754737854 3.1937904357910156
v -0.14326010644435883 -0.6389446258544922 3.2269232273101807
v -0.14564521610736847 -0.6329852342605591 3.248727560043335
v -0.21941016614437103 -0.670126736164093 3.311800956726074
v -0.21900270879268646 -0.6422931551933289 3.314013719558716
v -0.24454018473625183 -0.6434321403503418 3.301262140274048
v -0.24471230804920197 -0.6695786714553833 3.3041436672210693
v -0.22100400924682617 -0.6951612830162048 3.303262233734131
v -0.19972264766693115 -0.6944272518157959 3.297046184539795
v -0.22315923869609833 -0.6676724553108215 3.2085084915161133
v -0.23964670300483704 -0.6663211584091187 3.2092490196228027
v -0.2560044527053833 -0.6686378121376038 3.2151217460632324
v -0.2783746123313904 -0.677575945854187 3.2449951171875
v -0.2740359902381897 -0.6857885718345642 3.266193151473999
v -0.25977981090545654 -0.6933267116546631 3.285282611846924
v -0.2431083619594574 -0.6925104856491089 3.298948049545288
v -0.17103232443332672 -0.6993582844734192 3.2258944511413574
v -0.16387301683425903 -0.6832556128501892 3.2369883060455322
v -0.16369850933551788 -0.6865043044090271 3.2522053718566895
v -0.1717473268508911 -0.7058864235877991 3.242304563522339
v -0.1909073442220688 -0.6885218024253845 3.2026896476745605
v -0.20736877620220184 -0.6828855276107788 3.194643497467041
v -0.2058446854352951 -0.6715144515037537 3.2127740383148193
v -0.1892063468694687 -0.6757093071937561 3.2167930603027344
v -0.2287200689315796 -0.6795876622200012 3.1918978691101074
v -0.247574120759964 -0.6794314980506897 3.194791793823242
v -0.2644077241420746 -0.6815264821052551 3.2023086547851562
v -0.2813781797885895 -0.6969050765037537 3.235328435897827
v -0.27192986011505127 -0.6710212230682373 3.2275638580322266
v -0.27765774726867676 -0.6874602437019348 3.2166519165039062
v -0.27404728531837463 -0.7098821401596069 3.2593467235565186
v -0.2530442178249359 -0.7470778822898865 3.2612695693969727
v -0.25102898478507996 -0.7198448181152344 3.2750487327575684
v -0.2759101390838623 -0.7360912561416626 3.2462737560272217
v -0.22963577508926392 -0.831475555896759 3.2099549770355225
v -0.2546137273311615 -0.8292856216430664 3.2117440700531006
v -0.25227683782577515 -0.8580333590507507 3.19236159324646
v -0.23047040402889252 -0.8610815405845642 3.1910483837127686
v -0.17486394941806793 -0.7279545664787292 3.2262470722198486
v -0.17359527945518494 -0.7203238606452942 3.2089498043060303
v -0.19196458160877228 -0.7052490711212158 3.1798276901245117
v -0.210661843419075 -0.6990587711334229 3.1717991828918457
v -0.2877686023712158 -0.7462894320487976 3.206965923309326
v -0.28463175892829895 -0.7207404971122742 3.2228872776031494
v -0.28165870904922485 -0.7090520262718201 3.202496290206909
v -0.284095823764801 -0.7334993481636047 3.1853599548339844
v -0.17635488510131836 -0.8083423972129822 3.173527479171753
v -0.17497104406356812 -0.7997987270355225 3.1553471088409424
v -0.1721193641424179 -0.7710441946983337 3.1714298725128174
v -0.17379790544509888 -0.7800750732421875 3.190033197402954
v -0.2098235785961151 -0.7228769659996033 3.153172492980957
v -0.19121427834033966 -0.7290895581245422 3.1608409881591797
v -0.19188468158245087 -0.756033182144165 3.144420623779297
v -0.21017922461032867 -0.7498518228530884 3.13619065284729
v -0.2856487035751343 -0.8055676221847534 3.1754212379455566
v -0.2883639633655548 -0.7744876742362976 3.1907782554626465
v -0.28532060980796814 -0.7619569301605225 3.1696159839630127
v -0.28331416845321655 -0.7938479781150818 3.154662609100342
v -0.2548300325870514 -0.7738040685653687 3.2459938526153564
v -0.27846959233283997 -0.7618483901023865 3.230503797531128
v -0.27875950932502747 -0.7888029217720032 3.214143991470337
v -0.25631698966026306 -0.8011963963508606 3.228806972503662
v -0.22693662345409393 -0.7757920622825623 3.244553565979004
v -0.22900815308094025 -0.8030553460121155 3.2280163764953613
v -0.1880207508802414 -0.8661152720451355 3.128387928009033
v -0.18103930354118347 -0.8322046995162964 3.142364978790283
v -0.18212741613388062 -0.8414921760559082 3.1563854217529297
v -0.18975435197353363 -0.8747864365577698 3.140860080718994
v -0.2126617431640625 -0.7808722853660583 3.122270345687866
v -0.19489799439907074 -0.7855969667434692 3.12904953956604
v -0.1989746242761612 -0.8201462626457214 3.1189329624176025
v -0.2152765542268753 -0.8161029815673828 3.1125802993774414
v -0.27530017495155334 -0.872988224029541 3.1428046226501465
v -0.2812504172325134 -0.8384511470794678 3.1593174934387207
v -0.2779899835586548 -0.8284039497375488 3.1400701999664307
v -0.2716679871082306 -0.8637824654579163 3.1248838901519775
v -0.24981184303760529 -0.8901767730712891 3.170657157897949
v -0.27285894751548767 -0.8499069809913635 3.1812241077423096
v -0.2686283588409424 -0.8832791447639465 3.16054105758667
v -0.2467198371887207 -0.9224632978439331 3.153146982192993
v -0.23038652539253235 -0.9240756630897522 3.1525816917419434
v -0.22991371154785156 -0.8923853635787964 3.1698930263519287
v -0.19664855301380157 -0.906512975692749 3.125047206878662
v -0.1933474987745285 -0.8991335034370422 3.1126914024353027
v -0.20469136536121368 -0.8888946771621704 3.096062660217285
v -0.21752656996250153 -0.8840957283973694 3.0905065536499023
v -0.21729551255702972 -0.8504011631011963 3.1018972396850586
v -0.2030910700559616 -0.8550223708152771 3.1075632572174072
v -0.25108256936073303 -0.8535009026527405 3.102595806121826
v -0.2345118522644043 -0.8501008749008179 3.100059986114502
v -0.23339754343032837 -0.8840047717094421 3.0888772010803223
v -0.24824686348438263 -0.8873064517974854 3.091165781021118
v -0.264551043510437 -0.8964272737503052 3.1125195026397705
v -0.26351508498191833 -0.8571918606758118 3.1117866039276123
v -0.2581508755683899 -0.8908212184906006 3.097759962081909
v -0.26884371042251587 -0.9045780897140503 3.1268086433410645
v -0.26399293541908264 -0.9155383706092834 3.144395112991333
v -0.09164649248123169 -0.4866751432418823 3.031874895095825
v -0.08961980044841766 -0.4762447476387024 3.0628178119659424
v -0.09241203218698502 -0.4902675151824951 3.0597028732299805
v -0.09818977862596512 -0.49855828285217285 3.0265052318573
v -0.1397840678691864 -0.5226759910583496 3.2065176963806152
v -0.13542208075523376 -0.49478012323379517 3.190357208251953
v -0.14850246906280518 -0.5762811899185181 3.239563465118408
v -0.14479504525661469 -0.5495364665985107 3.224292039871216
v -0.15237915515899658 -0.602299153804779 3.25588321685791
v -0.15580835938453674 -0.6269850134849548 3.268691062927246
v -0.15799184143543243 -0.6503899097442627 3.275099992752075
v -0.16314569115638733 -0.6713361144065857 3.2730212211608887
v -0.17227703332901 -0.692014753818512 3.2669472694396973
v -0.17899584770202637 -0.7138088345527649 3.256422281265259
v -0.183454692363739 -0.7619916796684265 3.2260334491729736
v -0.17398115992546082 -0.7532091736793518 3.2075116634368896
v -0.18270550668239594 -0.736964762210846 3.2418196201324463
v -0.18673695623874664 -0.818631649017334 3.1920268535614014
v -0.18442745506763458 -0.789235532283783 3.209709405899048
v -0.19157518446445465 -0.8514176607131958 3.1731908321380615
v -0.19777937233448029 -0.8841032385826111 3.153996229171753
v -0.2045218050479889 -0.9144812226295471 3.1382393836975098
v -0.15884225070476532 -0.39290711283683777 3.1361570358276367
v -0.1300831437110901 -0.40806570649147034 3.135416269302368
v -0.1319648176431656 -0.39645832777023315 3.1226463317871094
v -0.1599443405866623 -0.3802931606769562 3.1195473670959473
v -0.08745472133159637 -0.4461110532283783 3.0638697147369385
v -0.08979398757219315 -0.43771839141845703 3.0714356899261475
v -0.09195045381784439 -0.44139817357063293 3.076444387435913
v -0.08916275203227997 -0.45061933994293213 3.0668070316314697
v -0.26456111669540405 -0.6223990321159363 3.2690560817718506
v -0.23930875957012177 -0.6335048079490662 3.167917013168335
v -0.21872209012508392 -0.6373560428619385 3.161778450012207
v -0.19720326364040375 -0.6390296816825867 3.1623096466064453
v -0.17108283936977386 -0.6216443181037903 3.2875850200653076
v -0.1685498207807541 -0.5938810706138611 3.271843194961548
v -0.19091296195983887 -0.5872944593429565 3.282835006713867
v -0.19041702151298523 -0.6149150729179382 3.2993950843811035
v -0.2245698720216751 -0.7522080540657043 3.2588775157928467
v -0.2026447206735611 -0.7707104682922363 3.2373504638671875
v -0.2003334015607834 -0.7460246682167053 3.2527382373809814
v -0.2234635204076767 -0.7302871346473694 3.2738089561462402
v -0.25230953097343445 -0.6968941688537598 3.1761624813079834
v -0.2697088122367859 -0.700544536113739 3.1856820583343506
v -0.23245379328727722 -0.7191717028617859 3.152097702026367
v -0.2538665235042572 -0.7197316884994507 3.1566288471221924
v -0.2327519804239273 -0.6962699294090271 3.171600818634033
v -0.16611891984939575 -0.5397508144378662 3.2422211170196533
v -0.19325654208660126 -0.5323243141174316 3.2489333152770996
v -0.19180428981781006 -0.5596985220909119 3.2647783756256104
v -0.16635598242282867 -0.5663282871246338 3.2555992603302
v -0.19873179495334625 -0.1658545285463333 2.9515082836151123
v -0.1844574213027954 -0.15758860111236572 2.938875198364258
v -0.21395498514175415 -0.1042998731136322 3.1174049377441406
v -0.2134338915348053 -0.11101584136486053 3.097019672393799
v -0.20192717015743256 -0.11940683424472809 3.107656478881836
v -0.20406576991081238 -0.11224445700645447 3.1243250370025635
v -0.22180067002773285 -0.10070055723190308 3.091041326522827
v -0.2211613655090332 -0.09440010786056519 3.111781358718872
v -0.2262641340494156 -0.08193151652812958 3.1051242351531982
v -0.22776561975479126 -0.08841000497341156 3.08602237701416
v -0.23500803112983704 -0.023470459505915642 3.0607731342315674
v -0.23739571869373322 -0.015599398873746395 3.0544071197509766
v -0.12405823916196823 -0.1547209769487381 3.1425673961639404
v -0.10254031419754028 -0.15646669268608093 3.146991014480591
v -0.10152815282344818 -0.13577596843242645 3.1451046466827393
v -0.1530143767595291 -0.2823704183101654 3.117616891860962
v -0.15823984146118164 -0.3382546901702881 3.094586133956909
v -0.1287647783756256 -0.36464446783065796 3.110182046890259
v -0.13569025695323944 -0.34286683797836304 3.107698440551758
v -0.09107323735952377 -0.40932798385620117 3.0935215950012207
v -0.13002173602581024 -0.10017754137516022 2.926647186279297
v -0.1320059895515442 -0.07897824048995972 2.9283359050750732
v -0.1163027286529541 0.09155116975307465 2.9752275943756104
v -0.09913675487041473 0.08581255376338959 2.9767682552337646
v -0.1177656427025795 0.11331848800182343 2.9900059700012207
v -0.11827883124351501 0.12249676883220673 2.9966211318969727
v -0.10064809769392014 0.11753495037555695 2.996397018432617
v -0.10017336905002594 0.1083061546087265 2.9904162883758545
v -0.10574809461832047 0.15359823405742645 3.0289597511291504
v -0.10566078871488571 0.1474435180425644 3.0217349529266357
v -0.08673751354217529 -0.459635466337204 3.0524098873138428
v -0.08875726163387299 -0.4563024044036865 3.067681312561035
v -0.08718623220920563 -0.46663445234298706 3.0471465587615967
v -0.10816506296396255 -0.4417629837989807 3.1356453895568848
v -0.0961202010512352 -0.4595559239387512 3.1177024841308594
v -0.09605221450328827 -0.44524526596069336 3.1126136779785156
v -0.10833203047513962 -0.4264450669288635 3.129387378692627
v -0.2759401202201843 -0.42083540558815 3.0722200870513916
v -0.2863752841949463 -0.4392353296279907 3.0380873680114746
v -0.1802569180727005 -0.5264692306518555 2.97534441947937
v -0.3210594952106476 -0.07453448325395584 2.9238121509552
v -0.3283027708530426 -0.06676812469959259 2.9157094955444336
v -0.3102359473705292 -0.05259998142719269 2.924560546875
v -0.30309224128723145 -0.06081554293632507 2.9331436157226562
v -0.1388530284166336 -0.002189932856708765 2.930938959121704
v -0.14478449523448944 -0.029439611360430717 2.9298510551452637
v -0.17135842144489288 0.12182281911373138 3.092109203338623
v -0.24259325861930847 0.10404448211193085 3.0718119144439697
v -0.23997624218463898 0.0862857848405838 3.0888454914093018
v -0.23033407330513 0.08987613022327423 3.0885963439941406
v -0.2320394515991211 0.10883693397045135 3.0723087787628174
v -0.22266502678394318 0.10091520845890045 2.991417407989502
v -0.22822804749011993 0.10932038724422455 3.006277322769165
v -0.21639491617679596 0.11452211439609528 3.0038866996765137
v -0.20981882512569427 0.10531051456928253 2.988445281982422
v -0.11430288851261139 -0.3766312003135681 2.87150502204895
v -0.14564335346221924 -0.37698894739151 2.8700144290924072
v -0.11258763074874878 -0.1625615954399109 2.916494369506836
v -0.13270652294158936 -0.16554312407970428 2.914285898208618
v -0.13040943443775177 -0.14384987950325012 2.919283866882324
v -0.11128931492567062 -0.1402130424976349 2.9216463565826416
v -0.1675514131784439 -0.01692473702132702 2.9331324100494385
v -0.18155856430530548 -0.03552216291427612 2.9375951290130615
v -0.11520743370056152 -0.07406653463840485 3.1725850105285645
v -0.11620992422103882 -0.05581951141357422 3.170414447784424
v -0.1330309361219406 -0.05332568287849426 3.1712334156036377
v -0.1322384774684906 -0.07041770219802856 3.175171136856079
v -0.30743861198425293 -0.01213590707629919 2.9329872131347656
v -0.28553053736686707 -0.005340798292309046 2.9405155181884766
v -0.28182312846183777 -0.016964061185717583 2.9397549629211426
v -0.3009459972381592 -0.027884138748049736 2.9294300079345703
v -0.27628830075263977 -0.46049240231513977 2.9870007038116455
v -0.2508387863636017 -0.48856422305107117 2.9696719646453857
v -0.21340234577655792 -0.1411314308643341 2.9754533767700195
v -0.20048263669013977 -0.13179144263267517 2.9562149047851562
v -0.19786739349365234 -0.1485058218240738 2.9541468620300293
v -0.21083565056324005 -0.1573394238948822 2.9721179008483887
v -0.21952243149280548 -0.10123281180858612 2.992176055908203
v -0.21629288792610168 -0.1134868711233139 2.9868979454040527
v -0.22531454265117645 -0.08887116611003876 2.995203733444214
v -0.2370840460062027 0.0017715557478368282 2.984853982925415
v -0.23967669904232025 -0.0036600218154489994 2.992284059524536
v -0.24241019785404205 -0.00024261932412628084 2.986368417739868
v -0.12903134524822235 -0.4255291819572449 3.147737503051758
v -0.13225236535072327 -0.384600430727005 3.099548578262329
v -0.1262780725955963 -0.38095733523368835 3.0980007648468018
v -0.08573146164417267 -0.452674925327301 3.0532913208007812
v -0.14690129458904266 0.14405988156795502 3.1016809940338135
v -0.13955745100975037 0.13929127156734467 3.1158745288848877
v -0.2567691504955292 -0.016572577878832817 2.989055633544922
v -0.2636549770832062 -0.027055738493800163 2.9764997959136963
v -0.23929543793201447 -0.02213740162551403 3.0111148357391357
v -0.23846949636936188 -0.024460090324282646 3.0259175300598145
v -0.23975811898708344 -0.017245514318346977 3.0215156078338623
v -0.23977141082286835 -0.015411182306706905 3.0069806575775146
v -0.23809252679347992 -0.011558487080037594 2.9953603744506836
v -0.23813332617282867 -0.017728520557284355 2.9980838298797607
v -0.21671421825885773 0.008173600770533085 3.1110684871673584
v -0.20765896141529083 0.012189880944788456 3.118584394454956
v -0.21176649630069733 0.027971165254712105 3.1116926670074463
v -0.22099041938781738 0.024179982021450996 3.1063179969787598
v -0.19706232845783234 0.015199423767626286 3.1253199577331543
v -0.18406477570533752 0.01712641306221485 3.1309282779693604
v -0.18703368306159973 0.035963013768196106 3.123598098754883
v -0.20062516629695892 0.03324557840824127 3.117952585220337
v -0.1686657965183258 0.09867717325687408 3.108048439025879
v -0.15017159283161163 0.08995474874973297 3.1208982467651367
v -0.130501389503479 0.08335454761981964 3.1285178661346436
v -0.1139143779873848 0.07852675020694733 3.1342175006866455
v -0.10512096434831619 0.14049802720546722 3.0137596130371094
v -0.10287079960107803 0.13372014462947845 3.0070106983184814
v -0.12155169248580933 0.13756577670574188 3.0080132484436035
v -0.12656016647815704 0.14529477059841156 3.0161142349243164
v -0.1318923979997635 0.12427638471126556 3.122393846511841
v -0.11806273460388184 0.11923696100711823 3.1315691471099854
v -0.10802675038576126 0.10281004011631012 3.1334617137908936
v -0.37522244453430176 -0.047458186745643616 2.989079713821411
v -0.36037856340408325 -0.030869079753756523 2.999382495880127
v -0.14878477156162262 0.15849612653255463 3.0717179775238037
v -0.15005998313426971 0.1512160450220108 3.087364673614502
v -0.36450138688087463 -0.020728377625346184 2.985189914703369
v -0.3795880675315857 -0.03780999779701233 2.9750072956085205
v -0.21349649131298065 0.07169543206691742 3.1017274856567383
v -0.21921762824058533 0.0932973176240921 3.089661121368408
v -0.22464214265346527 0.06776873767375946 3.0972886085510254
v -0.12817583978176117 0.13550613820552826 3.1278343200683594
v -0.11520842462778091 0.13125614821910858 3.1360461711883545
v -0.2779335677623749 -0.41066017746925354 3.0156569480895996
v -0.26669538021087646 -0.3955223262310028 3.045233726501465
v -0.22108052670955658 -0.1996048539876938 3.034661293029785
v -0.22472037374973297 -0.19033993780612946 3.012164354324341
v -0.10469882935285568 -0.2016439288854599 3.141200304031372
v -0.10554352402687073 -0.2205132097005844 3.1359822750091553
v -0.08956845104694366 0.1406944841146469 3.1458208560943604
v -0.13064345717430115 -0.24961219727993011 3.11977219581604
v -0.11031635105609894 -0.2532866299152374 3.125096559524536
v -0.10741837322711945 -0.23663745820522308 3.130145788192749
v -0.127975732088089 -0.23544156551361084 3.125265121459961
v -0.10488468408584595 -0.2695251405239105 3.126323938369751
v -0.10400636494159698 -0.27439332008361816 3.1284537315368652
v -0.10572100430727005 -0.3823389708995819 3.114880323410034
v -0.09528039395809174 -0.384830117225647 3.119236469268799
v -0.3057645559310913 -0.012963279150426388 3.04526948928833
v -0.29661881923675537 -0.0016263560391962528 3.055338144302368
v -0.30728062987327576 0.013838456012308598 3.0560030937194824
v -0.31720176339149475 0.0015580817125737667 3.0447733402252197
v -0.1486542522907257 -0.24628429114818573 3.112121820449829
v -0.16633175313472748 -0.24191008508205414 3.0994091033935547
v -0.23226290941238403 -0.03123086504638195 3.0828330516815186
v -0.23415449261665344 -0.033501192927360535 3.0661559104919434
v -0.10174781829118729 -0.11781880259513855 3.1526291370391846
v -0.1482706516981125 -0.0666445791721344 3.1751139163970947
v -0.14911168813705444 -0.0512516051530838 3.170132875442505
v -0.1639530509710312 -0.04937829077243805 3.167118787765503
v -0.16307450830936432 -0.06367206573486328 3.1729073524475098
v -0.08568160980939865 -0.4590894281864166 3.050349473953247
v -0.2981955409049988 0.048698946833610535 2.97385573387146
v -0.2884822487831116 0.05645309388637543 2.9764952659606934
v -0.283621221780777 0.04982630908489227 2.9691574573516846
v -0.2939800024032593 0.04303000867366791 2.966458559036255
v -0.09196107089519501 -0.47694122791290283 3.091691017150879
v -0.09513024240732193 -0.4956473112106323 3.094858407974243
v -0.1020745113492012 -0.502637505531311 2.9936282634735107
v -0.08911964297294617 -0.4912276268005371 3.003997564315796
v -0.15947090089321136 -0.4585709571838379 3.1908791065216064
v -0.1587989330291748 -0.43285804986953735 3.17248797416687
v -0.1597081422805786 -0.48563152551651 3.207927942276001
v -0.16270101070404053 -0.512751579284668 3.2252142429351807
v -0.1857178658246994 -0.6951920986175537 3.279637098312378
v -0.19719953835010529 -0.7208789587020874 3.270571708679199
v -0.20498062670230865 -0.7976245284080505 3.2203128337860107
v -0.2070590704679489 -0.8265529274940491 3.202521562576294
v -0.21017061173915863 -0.8578307628631592 3.1838295459747314
v -0.21302400529384613 -0.889974057674408 3.1628565788269043
v -0.21619762480258942 -0.920659065246582 3.14697003364563
v -0.37961113452911377 -0.032084956765174866 2.959169387817383
v -0.3634166121482849 -0.013229607604444027 2.9687373638153076
v -0.3593887686729431 -0.013748361729085445 2.952878713607788
v -0.3759891390800476 -0.032015010714530945 2.9448323249816895
v -0.2855152487754822 -0.05722604691982269 2.9669713973999023
v -0.289692759513855 -0.05820542573928833 2.98270845413208
v -0.30333468317985535 -0.07287854701280594 2.9724607467651367
v -0.2998231053352356 -0.07067926228046417 2.9576642513275146
v -0.31538447737693787 -0.08476851880550385 2.947558641433716
v -0.31673362851142883 -0.08039641380310059 2.934586763381958
v -0.2995702624320984 -0.0665937066078186 2.943934440612793
v -0.3381931483745575 -0.056727394461631775 2.9128456115722656
v -0.348880410194397 -0.04700130224227905 2.9144461154937744
v -0.32998597621917725 -0.030806539580225945 2.922407627105713
v -0.32011139392852783 -0.042345836758613586 2.920681953430176
v -0.3691887855529785 -0.0348326712846756 2.931060552597046
v -0.3528655171394348 -0.018175972625613213 2.939270496368408
v -0.34271836280822754 -0.023415131494402885 2.928765296936035
v -0.35978320240974426 -0.04008898138999939 2.920654296875
v -0.3318812847137451 -0.08564446866512299 2.988133668899536
v -0.3230246901512146 -0.08838970214128494 2.9759175777435303
v -0.30957841873168945 -0.07225682586431503 2.9875054359436035
v -0.31787627935409546 -0.06951089203357697 2.9998085498809814
v -0.31669384241104126 0.03142784535884857 3.0478005409240723
v -0.3261125087738037 0.01703515835106373 3.0360593795776367
v -0.24476315081119537 -0.006794019136577845 3.0617494583129883
v -0.25046348571777344 -0.001413299236446619 3.0730764865875244
v -0.25796592235565186 -0.004898054990917444 3.06300950050354
v -0.2510736584663391 -0.006106375250965357 3.0516610145568848
v -0.33784908056259155 -0.026269329711794853 3.0218894481658936
v -0.3267221748828888 -0.011930062435567379 3.033527135848999
v -0.33601850271224976 0.0018363757990300655 3.0241620540618896
v -0.3472013473510742 -0.01475565042346716 3.0108394622802734
v -0.3032491207122803 -0.055138543248176575 3.0110127925872803
v -0.29543155431747437 -0.05772876739501953 2.998044967651367
v -0.2831644117832184 -0.041944995522499084 3.010162353515625
v -0.29062148928642273 -0.04088611900806427 3.023677349090576
v -0.2920405864715576 -0.03938421607017517 2.9340457916259766
v -0.2751487195491791 -0.02778981439769268 2.9446473121643066
v -0.2844933271408081 -0.01425138022750616 3.050086736679077
v -0.2928747832775116 -0.024940384551882744 3.040717601776123
v -0.23135416209697723 -0.041940733790397644 3.087311267852783
v -0.2368614822626114 -0.04400467872619629 3.0311880111694336
v -0.23747098445892334 -0.03335872292518616 3.029557943344116
v -0.20665514469146729 -0.10131657123565674 3.137871265411377
v -0.20869328081607819 -0.08927607536315918 3.1442649364471436
v -0.23043367266654968 -0.09021894633769989 3.0628089904785156
v -0.23402515053749084 -0.07453815639019012 3.0588738918304443
v -0.21385957300662994 -0.09525555372238159 3.1314709186553955
v -0.21320709586143494 -0.08805941045284271 3.1374075412750244
v -0.16123297810554504 -0.15366306900978088 3.1235368251800537
v -0.11057440936565399 0.09080730378627777 3.132171869277954
v -0.31465739011764526 -0.025233669206500053 3.034569501876831
v -0.30181556940078735 -0.034826233983039856 3.0312225818634033
v -0.2704598903656006 0.001141564454883337 2.9487082958221436
v -0.2579040825366974 0.0068656369112432 2.957242012023926
v -0.25488701462745667 -0.00042898813262581825 2.961371898651123
v -0.2664435803890228 -0.007684765849262476 2.9513609409332275
v -0.19674429297447205 0.004646511282771826 2.9478514194488525
v -0.18444377183914185 -0.006339950952678919 2.9395034313201904
v -0.19567139446735382 -0.022728947922587395 2.9446983337402344
v -0.20603856444358826 -0.00994072761386633 2.953176736831665
v -0.30917418003082275 0.05242167413234711 2.9868626594543457
v -0.31735289096832275 0.04918506741523743 2.994924783706665
v -0.30781322717666626 0.062151357531547546 3.0029659271240234
v -0.3000715374946594 0.06260688602924347 2.99164080619812
v -0.3153018653392792 0.05789215862751007 3.0167577266693115
v -0.32545793056488037 0.04245130717754364 3.0062448978424072
v -0.3295256495475769 0.031324103474617004 3.021519422531128
v -0.3196699619293213 0.04725547134876251 3.032503604888916
v -0.26414716243743896 -0.39834943413734436 2.9588518142700195
v -0.2722246050834656 -0.38909831643104553 2.9900143146514893
v -0.22115634381771088 -0.26034918427467346 3.0514891147613525
v -0.20614005625247955 -0.26641836762428284 3.0703580379486084
v -0.1863686740398407 -0.3314926028251648 3.089747428894043
v -0.11024101078510284 -0.41050752997398376 3.108471632003784
v -0.09565820544958115 -0.4323161542415619 3.097595453262329
v -0.10083547234535217 -0.5187557339668274 3.10300612449646
v -0.2716711461544037 -0.382678359746933 3.0154948234558105
v -0.11076360940933228 -0.5430444478988647 3.1211326122283936
v -0.1217176616191864 -0.5673762559890747 3.140873670578003
v -0.1732647866010666 -0.5995434522628784 3.0891430377960205
v -0.20148733258247375 -0.6003602147102356 3.087123394012451
v -0.19504281878471375 -0.5820026993751526 3.060302734375
v -0.163589209318161 -0.5799029469490051 3.0619382858276367
v -0.22927547991275787 -0.5948590636253357 3.093031406402588
v -0.2251436412334442 -0.5771995186805725 3.0671322345733643
v -0.2222747653722763 -0.5586436986923218 3.2626304626464844
v -0.23236389458179474 -0.746938169002533 3.13435435295105
v -0.25398460030555725 -0.7810649275779724 3.125338315963745
v -0.2548122704029083 -0.7471485137939453 3.1392364501953125
v -0.23345990478992462 -0.7792935371398926 3.1206557750701904
v -0.2726975977420807 -0.7526684999465942 3.151585578918457
v -0.2723597586154938 -0.7238778471946716 3.1678385734558105
v -0.2762375473976135 -0.818538248538971 3.1989874839782715
v -0.23450694978237152 -0.8143351674079895 3.1097419261932373
v -0.25377827882766724 -0.8160479664802551 3.1127476692199707
v -0.27244672179222107 -0.7850791215896606 3.13733172416687
v -0.26870664954185486 -0.8204007744789124 3.1235973834991455
v -0.09105169773101807 -0.46260273456573486 3.0889785289764404
v -0.2546873092651367 -0.40320128202438354 3.101022481918335
v -0.24942843616008759 -0.3822818994522095 3.0863988399505615
v -0.18717266619205475 -0.3631881773471832 3.0984716415405273
v -0.15862397849559784 -0.37284210324287415 3.10649037361145
v -0.18114882707595825 -0.2229250818490982 3.087646007537842
v -0.19753152132034302 -0.21650037169456482 3.0723330974578857
v -0.19355861842632294 -0.18279986083507538 3.0831336975097656
v -0.20702704787254333 -0.1762242466211319 3.0660250186920166
v -0.20891393721103668 -0.19296205043792725 3.0595591068267822
v -0.19562259316444397 -0.20071281492710114 3.0770394802093506
v -0.22220928966999054 -0.15961292386054993 3.0220396518707275
v -0.22104237973690033 -0.15043939650058746 2.997640371322632
v -0.21969425678253174 -0.16626833379268646 2.9936165809631348
v -0.2226027399301529 -0.1749275177717209 3.017287254333496
v -0.22229358553886414 -0.18112711608409882 2.9895741939544678
v -0.21234582364559174 -0.17420311272144318 2.9680495262145996
v -0.14812538027763367 -0.12660537660121918 2.9255170822143555
v -0.16611668467521667 -0.1328229010105133 2.931241989135742
v -0.16711287200450897 -0.11358509957790375 2.9330410957336426
v -0.1489357203245163 -0.10625939071178436 2.928842306137085
v -0.11733441054821014 -0.37893420457839966 3.1067113876342773
v -0.09080500155687332 -0.44614550471305847 3.08359694480896
v -0.15861429274082184 -0.4110928177833557 3.1534552574157715
v -0.19116970896720886 -0.38561537861824036 3.131319999694824
v -0.22442157566547394 -0.3893818259239197 3.117750406265259
v -0.25883620977401733 -0.0172001700848341 3.0015242099761963
v -0.21731805801391602 0.02145432122051716 2.9669744968414307
v -0.2212596833705902 0.009880886413156986 2.9694902896881104
v -0.3348518908023834 0.02695802040398121 2.9962308406829834
v -0.33903101086616516 0.015527651645243168 3.0094640254974365
v -0.2810763716697693 -0.02920476906001568 3.0347025394439697
v -0.2987235188484192 0.02523510344326496 3.0660042762756348
v -0.2876838743686676 0.008464918471872807 3.064988374710083
v -0.2794218063354492 0.01897803135216236 3.0755202770233154
v -0.21142201125621796 -0.3378232419490814 3.0758306980133057
v -0.23802198469638824 -0.3489721119403839 3.0637471675872803
v -0.2133495807647705 -0.34995079040527344 3.078916549682617
v -0.08659998327493668 -0.48201125860214233 3.0185675621032715
v -0.1329631209373474 -0.38927173614501953 3.110913038253784
v -0.13068851828575134 -0.5904107093811035 3.1604514122009277
v -0.13870690762996674 -0.6111543774604797 3.1786162853240967
v -0.14485815167427063 -0.6291608810424805 3.1937406063079834
v -0.15032346546649933 -0.6442039012908936 3.210084915161133
v -0.15531308948993683 -0.6571677327156067 3.2196438312530518
v -0.163237065076828 -0.6694560647010803 3.2243196964263916
v -0.17298518121242523 -0.6809719800949097 3.2253246307373047
v -0.1792970895767212 -0.694710910320282 3.213920831680298
v -0.17254914343357086 -0.7442434430122375 3.1884353160858154
v -0.17885126173496246 -0.7364506125450134 3.1732146739959717
v -0.1798078566789627 -0.7134366631507874 3.1938631534576416
v -0.17921604216098785 -0.7630363702774048 3.155639886856079
v -0.18099525570869446 -0.7927886843681335 3.140333890914917
v -0.18756748735904694 -0.825368344783783 3.127180576324463
v -0.1930517703294754 -0.8589107990264893 3.1140754222869873
v -0.19661332666873932 -0.8930161595344543 3.1025819778442383
v -0.08537571877241135 -0.4636509120464325 3.0373446941375732
v -0.08608483523130417 -0.47244203090667725 3.0294785499572754
v -0.19950224459171295 0.07634229958057404 3.1053433418273926
v -0.23646299540996552 -0.024141086265444756 3.043604850769043
v -0.23798562586307526 -0.016776366159319878 3.0376875400543213
v -0.27300626039505005 -0.01953050307929516 3.044192314147949
v -0.33635413646698 -0.0021031037904322147 2.94643497467041
v -0.3428526520729065 0.003735051956027746 2.9592413902282715
v -0.2730780839920044 -0.027656061574816704 3.0218164920806885
v -0.2408033162355423 -0.008540227077901363 3.0468297004699707
v -0.2460128664970398 -0.005294530186802149 3.0385584831237793
v -0.4901433289051056 -0.18586018681526184 2.923447370529175
v -0.4952828288078308 -0.17821535468101501 2.9137396812438965
v -0.5038250684738159 -0.19651953876018524 2.909358501434326
v -0.4980863332748413 -0.2037452906370163 2.918344259262085
v -0.4811079502105713 -0.1941499263048172 2.929382801055908
v -0.48906904458999634 -0.21104364097118378 2.9230852127075195
v -0.436137318611145 -0.21430604159832 2.8933959007263184
v -0.44045013189315796 -0.2135942280292511 2.907036304473877
v -0.45277202129364014 -0.227597177028656 2.8986318111419678
v -0.44940251111984253 -0.2276841253042221 2.885862350463867
v -0.4868519902229309 -0.2336491197347641 2.915306329727173
v -0.4774278998374939 -0.2376459836959839 2.910353660583496
v -0.4676787555217743 -0.22260040044784546 2.9179859161376953
v -0.478542685508728 -0.21773622930049896 2.922266960144043
v -0.44238415360450745 -0.20356975495815277 2.867826223373413
v -0.45113852620124817 -0.19458343088626862 2.8623836040496826
v -0.43645352125167847 -0.18198105692863464 2.867385149002075
v -0.4281432628631592 -0.1911230832338333 2.874077081680298
v -0.3889729380607605 -0.15626457333564758 2.9314093589782715
v -0.3843364715576172 -0.15954197943210602 2.9176831245422363
v -0.37560153007507324 -0.14917244017124176 2.9276113510131836
v -0.3807899057865143 -0.1450841724872589 2.9405598640441895
v -0.47416412830352783 -0.14901100099086761 2.9347658157348633
v -0.4760594964027405 -0.1417243480682373 2.9219753742218018
v -0.48597532510757446 -0.15977682173252106 2.9179694652557373
v -0.4821437895298004 -0.16750209033489227 2.929654598236084
v -0.4385907053947449 -0.17350471019744873 2.940490961074829
v -0.42614495754241943 -0.1792810559272766 2.9330191612243652
v -0.4161640405654907 -0.16050691902637482 2.9405157566070557
v -0.42911630868911743 -0.15386168658733368 2.9462239742279053
v -0.46497732400894165 -0.12956085801124573 2.9381864070892334
v -0.4649926722049713 -0.12361212819814682 2.9254379272460938
v -0.4583200514316559 -0.20714029669761658 2.925752639770508
v -0.4477576017379761 -0.2108876258134842 2.9174752235412598
v -0.43692946434020996 -0.19554470479488373 2.925656318664551
v -0.44876205921173096 -0.19110029935836792 2.9333736896514893
v -0.47067809104919434 -0.2294796258211136 2.8591291904449463
v -0.479089617729187 -0.2216006964445114 2.8552114963531494
v -0.4652431607246399 -0.20784148573875427 2.8579788208007812
v -0.45675748586654663 -0.21624064445495605 2.862804412841797
v -0.4702988862991333 -0.2399471253156662 2.901928424835205
v -0.46525609493255615 -0.24132263660430908 2.891535520553589
v -0.45899245142936707 -0.22554288804531097 2.909499168395996
v -0.5131714344024658 -0.2055586874485016 2.882573366165161
v -0.5146912336349487 -0.20884397625923157 2.8945343494415283
v -0.5049458742141724 -0.19057805836200714 2.8973262310028076
v -0.5027315020561218 -0.1876363307237625 2.885067939758301
v -0.41120725870132446 -0.18543829023838043 2.911007881164551
v -0.41702350974082947 -0.1830807775259018 2.923555850982666
v -0.4281477928161621 -0.19889816641807556 2.9147534370422363
v -0.42346319556236267 -0.20011605322360992 2.901991605758667
v -0.4649888575077057 -0.15750961005687714 2.943171262741089
v -0.4728800356388092 -0.17624859511852264 2.935938596725464
v -0.4918449819087982 -0.17071817815303802 2.8862199783325195
v -0.4951786398887634 -0.17254352569580078 2.9006805419921875
v -0.484533429145813 -0.1550312042236328 2.904240608215332
v -0.47929060459136963 -0.15361540019512177 2.890190601348877
v -0.4560069441795349 -0.14249274134635925 2.8805596828460693
v -0.44337230920791626 -0.15095803141593933 2.8744685649871826
v -0.4582535922527313 -0.16380783915519714 2.870323896408081
v -0.4702112674713135 -0.15679578483104706 2.878054141998291
v -0.39906635880470276 -0.17059092223644257 2.9203474521636963
v -0.3958817422389984 -0.17194372415542603 2.9061737060546875
v -0.4134840965270996 -0.1794086992740631 2.8820626735687256
v -0.42139071226119995 -0.17032618820667267 2.8735549449920654
v -0.4062771797180176 -0.1589215248823166 2.880805492401123
v -0.3984857201576233 -0.16778568923473358 2.8904523849487305
v -0.42773890495300293 -0.1129782572388649 2.9586589336395264
v -0.43969959020614624 -0.10440235584974289 2.951829195022583
v -0.4482417106628418 -0.11918927729129791 2.9504101276397705
v -0.4360472559928894 -0.12768159806728363 2.95436692237854
v -0.45427215099334717 -0.11104541271924973 2.9405581951141357
v -0.44379740953445435 -0.09593206644058228 2.940805435180664
v -0.42331624031066895 -0.07547222822904587 2.926699638366699
v -0.4153748154640198 -0.07749955356121063 2.9161977767944336
v -0.42358505725860596 -0.085942842066288 2.9148757457733154
v -0.4326331615447998 -0.0832057073712349 2.9258735179901123
v -0.42559319734573364 -0.11802282929420471 2.8848469257354736
v -0.4111763834953308 -0.1275189220905304 2.8824236392974854
v -0.42752426862716675 -0.13870581984519958 2.8785085678100586
v -0.4413914084434509 -0.12953335046768188 2.8826892375946045
v -0.3862902522087097 -0.12993073463439941 2.8888421058654785
v -0.37917062640190125 -0.14124779403209686 2.8966498374938965
v -0.3913968801498413 -0.14892446994781494 2.88813853263855
v -0.3999418616294861 -0.1379200965166092 2.882335662841797
v -0.34587639570236206 -0.1038845032453537 2.916527509689331
v -0.34278756380081177 -0.11005520820617676 2.927371025085449
v -0.3524186611175537 -0.11966362595558167 2.9203083515167236
v -0.35679006576538086 -0.11285947263240814 2.91039776802063
v -0.35546454787254333 -0.12437773495912552 2.948467254638672
v -0.34704145789146423 -0.11462044715881348 2.9561877250671387
v -0.355177640914917 -0.11316361278295517 2.9670474529266357
v -0.36389946937561035 -0.12203143537044525 2.9604315757751465
v -0.4034711718559265 -0.07735989987850189 2.9696130752563477
v -0.40885478258132935 -0.06661278009414673 2.9573545455932617
v -0.41804420948028564 -0.07526855915784836 2.954926013946533
v -0.41147589683532715 -0.08634870499372482 2.964999198913574
v -0.4114726781845093 -0.10939845442771912 2.886258363723755
v -0.3954384922981262 -0.11776931583881378 2.8863651752471924
v -0.3622426390647888 -0.13249927759170532 2.9423248767852783
v -0.3695644736289978 -0.1294320523738861 2.954754114151001
v -0.37479209899902344 -0.1369786262512207 2.948615312576294
v -0.36818334460258484 -0.14013729989528656 2.93607759475708
v -0.39170873165130615 -0.11440766602754593 2.966615676879883
v -0.40427666902542114 -0.10491008311510086 2.9671530723571777
v -0.40862661600112915 -0.11215704679489136 2.9626362323760986
v -0.39629361033439636 -0.12156707793474197 2.960513114929199
v -0.41626495122909546 -0.09390342980623245 2.9640166759490967
v -0.424808144569397 -0.08446946740150452 2.9521427154541016
v -0.43095698952674866 -0.09285478293895721 2.953017473220825
v -0.4211822748184204 -0.1027277410030365 2.9606971740722656
v -0.4036058783531189 -0.10253344476222992 2.8897082805633545
v -0.41291970014572144 -0.09709624946117401 2.8969345092773438
v -0.4046304523944855 -0.09198062121868134 2.898200750350952
v -0.3955075740814209 -0.09809796512126923 2.8913490772247314
v -0.37549450993537903 -0.1252378225326538 2.8969149589538574
v -0.3690544366836548 -0.13538241386413574 2.9050040245056152
v -0.4020453691482544 -0.12968912720680237 2.955240488052368
v -0.38995641469955444 -0.13941167294979095 2.9500844478607178
v -0.3848046660423279 -0.1309177726507187 2.957850217819214
v -0.43458783626556396 -0.08527959138154984 2.940059185028076
v -0.35118547081947327 -0.09708438068628311 2.908977508544922
v -0.35793566703796387 -0.08897480368614197 2.902789354324341
v -0.3453909754753113 -0.07980813086032867 2.9087166786193848
v -0.33861497044563293 -0.08798639476299286 2.915405511856079
v -0.3338852524757385 -0.09449881315231323 2.9243662357330322
v -0.3312682807445526 -0.09976167231798172 2.935830593109131
v -0.33670663833618164 -0.10365698486566544 2.9644267559051514
v -0.34522074460983276 -0.10124623775482178 2.9769654273986816
v -0.35629385709762573 -0.09565151482820511 2.985743284225464
v -0.368055522441864 -0.0867917388677597 2.9896113872528076
v -0.3794970214366913 -0.09842877089977264 2.980187177658081
v -0.3668585419654846 -0.10732059180736542 2.9760708808898926
v -0.38975101709365845 -0.0636797547340393 2.9785265922546387
v -0.3948403596878052 -0.05373489856719971 2.9652974605560303
v -0.408738911151886 -0.06099104881286621 2.9441304206848145
v -0.39529111981391907 -0.04853765666484833 2.9502875804901123
v -0.3588324785232544 -0.13208380341529846 2.927471876144409
v -0.3516819477081299 -0.12388744950294495 2.9340405464172363
v -0.4836110472679138 -0.17222468554973602 2.8756940364837646
v -0.47263234853744507 -0.17799332737922668 2.866976737976074
v -0.48599886894226074 -0.1930646300315857 2.864736795425415
v -0.4957658350467682 -0.18838568031787872 2.8735251426696777
v -0.4887942373752594 -0.2145027071237564 2.8573038578033447
v -0.4755532145500183 -0.199862539768219 2.8596034049987793
v -0.4699167013168335 -0.2014281302690506 2.929720878601074
v -0.46120357513427734 -0.18467532098293304 2.937415838241577
v -0.49695128202438354 -0.22802941501140594 2.9165799617767334
v -0.41461634635925293 -0.12148790806531906 2.9581966400146484
v -0.42121756076812744 -0.1345575898885727 2.952720880508423
v -0.40557634830474854 -0.08138540387153625 2.907334089279175
v -0.4064716696739197 -0.06987328827381134 2.9183616638183594
v -0.3972168564796448 -0.07387621700763702 2.9083876609802246
v -0.4237949848175049 -0.10283373296260834 2.8967533111572266
v -0.4379020929336548 -0.11143919825553894 2.8963663578033447
v -0.4457980990409851 -0.10824364423751831 2.9125208854675293
v -0.43087416887283325 -0.09718887507915497 2.9117491245269775
v -0.38730359077453613 -0.09336614608764648 2.89401912689209
v -0.3967248499393463 -0.08617570251226425 2.898810386657715
v -0.3880928158760071 -0.07945975661277771 2.9009203910827637
v -0.3781262934207916 -0.08708572387695312 2.896608352661133
v -0.3923131823539734 -0.08869107067584991 2.9780590534210205
v -0.39988404512405396 -0.09766846150159836 2.971782684326172
v -0.3843544125556946 -0.05043528974056244 2.924102783203125
v -0.3965405225753784 -0.061357080936431885 2.92104434967041
v -0.4041423201560974 -0.06003910303115845 2.9316530227661133
v -0.3919045627117157 -0.048810362815856934 2.9361026287078857
v -0.41410642862319946 -0.06786198914051056 2.92868971824646
v -0.3752535581588745 -0.054469719529151917 2.914700984954834
v -0.3874330520629883 -0.06505952775478363 2.9110028743743896
v -0.3800637722015381 -0.07542502135038376 2.9878814220428467
v -0.36735689640045166 -0.07945884019136429 2.900686264038086
v -0.3777952790260315 -0.07121124863624573 2.904026508331299
v -0.36517173051834106 -0.06105911731719971 2.908177614212036
v -0.35454392433166504 -0.06993723660707474 2.9059345722198486
v -0.4614418148994446 -0.18575948476791382 2.862717866897583
v -0.4470110535621643 -0.17243587970733643 2.8670568466186523
v -0.37462955713272095 -0.148376926779747 2.9104366302490234
v -0.3850409984588623 -0.15709179639816284 2.9007158279418945
v -0.36647164821624756 -0.14006075263023376 2.9198148250579834
v -0.43688660860061646 -0.21070991456508636 2.8789002895355225
v -0.45081979036331177 -0.2236725240945816 2.872652530670166
v -0.4095945358276367 -0.184695303440094 2.896214723587036
v -0.42313963174819946 -0.197889044880867 2.887065887451172
v -0.4668537974357605 -0.1380600780248642 2.8925089836120605
v -0.37206003069877625 -0.11098535358905792 2.8974685668945312
v -0.36614957451820374 -0.11991576850414276 2.9034976959228516
v -0.38173431158065796 -0.115026094019413 2.8918609619140625
v -0.3321031630039215 -0.10228589922189713 2.95131516456604
v -0.3430546522140503 -0.1137678325176239 2.9419972896575928
v -0.39461708068847656 -0.10826872289180756 2.887136459350586
v -0.3173384368419647 -0.08842974901199341 2.960832118988037
v -0.44127655029296875 -0.09244856983423233 2.9265966415405273
v -0.4273034930229187 -0.07726995646953583 2.940103054046631
v -0.4186152219772339 -0.06957870721817017 2.9413774013519287
v -0.5120905041694641 -0.21475382149219513 2.9053547382354736
v -0.4523370862007141 -0.1666080802679062 2.944697380065918
v -0.4077422320842743 -0.1428593248128891 2.947343349456787
v -0.39655718207359314 -0.15051685273647308 2.9413609504699707
v -0.37845033407211304 -0.10184422135353088 2.8935205936431885
v -0.3690726161003113 -0.09640233218669891 2.8977081775665283
v -0.3623914122581482 -0.10497043281793594 2.9029853343963623
v -0.3870932459831238 -0.10744556039571762 2.9729342460632324
v -0.3748958706855774 -0.11660819500684738 2.9686644077301025
v -0.46451669931411743 -0.23652039468288422 2.8672409057617188
v -0.38064202666282654 -0.12425293773412704 2.9631950855255127
v -0.45358365774154663 -0.10726885497570038 2.9252769947052
v -0.09942936152219772 0.09732984006404877 2.9838244915008545
v -0.22441166639328003 -0.10419365763664246 3.0663115978240967
v -0.18720197677612305 -0.13258521258831024 3.102771759033203
v -0.20023678243160248 -0.12675824761390686 3.088693618774414
v -0.23555651307106018 -0.04586079716682434 3.0515129566192627
v -0.23579305410385132 -0.033958688378334045 3.0473756790161133
v -0.24129286408424377 -0.010293080471456051 3.032197952270508
v -0.2448175847530365 -0.005840240512043238 3.0242972373962402
v -0.23173248767852783 -0.07402603328227997 3.0808115005493164
v -0.17295853793621063 0.2952739894390106 3.1127657890319824
v -0.1714276224374771 0.2886556386947632 3.1088666915893555
v -0.17556476593017578 0.3086279332637787 3.1154346466064453
v -0.10194840282201767 -0.26312023401260376 3.125322103500366
v -0.16734406352043152 0.2799060046672821 3.122776508331299
v -0.16562466323375702 0.2732257544994354 3.118628978729248
v -0.16978709399700165 0.2762146592140198 3.121793270111084
v -0.16656267642974854 0.2808595895767212 3.1248362064361572
v -0.166571706533432 0.28167659044265747 3.124866247177124
v -0.1739557832479477 0.30966347455978394 3.1257755756378174
v -0.16893155872821808 0.28075629472732544 3.106886386871338
v -0.16634361445903778 0.2719346880912781 3.1067702770233154
v -0.17058402299880981 0.29502514004707336 3.12929630279541
v -0.12982748448848724 -0.24093490839004517 2.8992233276367188
v -0.1043538823723793 -0.2391466498374939 2.899057388305664
v -0.10764096677303314 -0.26215940713882446 2.8931567668914795
v -0.13475681841373444 -0.2636622488498688 2.8938634395599365
v -0.11058974266052246 -0.2847922444343567 2.8873291015625
v -0.2316870242357254 -0.32236793637275696 2.917217254638672
v -0.24851301312446594 -0.31638607382774353 2.9386281967163086
v -0.24332140386104584 -0.2933821380138397 2.9390549659729004
v -0.22714044153690338 -0.2977370023727417 2.918203592300415
v -0.24835042655467987 -0.2740311622619629 2.9619905948638916
v -0.23583167791366577 -0.2750675678253174 2.9389872550964355
v -0.25450828671455383 -0.2908864915370941 2.964224338531494
v -0.2586635649204254 -0.2920875549316406 2.991175413131714
v -0.25306814908981323 -0.2749529778957367 2.98856258392334
v -0.2551615238189697 -0.2962358891963959 3.016772985458374
v -0.25071725249290466 -0.2782236337661743 3.0144009590148926
v -0.2462545782327652 -0.30208757519721985 3.0392611026763916
v -0.2318984419107437 -0.3069751262664795 3.0586659908294678
v -0.21316002309322357 -0.3247615396976471 3.0708656311035156
v -0.18962450325489044 -0.3151724338531494 3.0895495414733887
v -0.2125604748725891 -0.3108261823654175 3.0757243633270264
v -0.1423567235469818 -0.32473480701446533 3.112682580947876
v -0.1659596860408783 -0.31974148750305176 3.101694345474243
v -0.10434884577989578 -0.3327656090259552 3.1336748600006104
v -0.12242141366004944 -0.3296048939228058 3.124380350112915
v -0.19185349345207214 0.055508896708488464 3.114826202392578
v -0.17747659981250763 0.14749382436275482 3.0399961471557617
v -0.18749624490737915 0.14223487675189972 3.0382115840911865
v -0.19858096539974213 0.13662801682949066 3.057621955871582
v -0.19295795261859894 0.1084403544664383 2.9845778942108154
v -0.2000761777162552 0.11874736845493317 2.9998183250427246
v -0.17881357669830322 0.12010546028614044 2.9945719242095947
v -0.17339777946472168 0.10895533859729767 2.9825456142425537
v -0.1653062105178833 0.14622633159160614 3.025927782058716
v -0.1592007726430893 0.14805994927883148 3.026514768600464
v -0.17225025594234467 0.142412468791008 3.022778034210205
v -0.1369311362504959 0.13510920107364655 3.005739688873291
v -0.15474136173725128 0.1393296867609024 3.011789321899414
v -0.23953662812709808 0.11402599513530731 3.0478734970092773
v -0.23403705656528473 0.11513008177280426 3.025080680847168
v -0.2441788762807846 0.11002151668071747 3.0266199111938477
v -0.25110527873039246 0.10820753872394562 3.0485827922821045
v -0.21710023283958435 0.09073944389820099 2.979583978652954
v -0.21152137219905853 0.07939083874225616 2.970815896987915
v -0.22283071279525757 0.07741661369800568 2.9730048179626465
v -0.2277788668870926 0.08797113597393036 2.9817609786987305
v -0.2881081700325012 0.08494435250759125 3.0519967079162598
v -0.2800998389720917 0.09127177298069 3.0323007106781006
v -0.29285818338394165 0.08226777613162994 3.0295987129211426
v -0.29946649074554443 0.07390137016773224 3.048013925552368
v -0.23283715546131134 0.09743331372737885 2.994551420211792
v -0.15865343809127808 0.00462460657581687 2.932990074157715
v -0.1757056564092636 0.011450753547251225 2.9383842945098877
v -0.18906022608280182 0.019216062501072884 2.9454195499420166
v -0.21438680589199066 0.032770827412605286 2.965022087097168
v -0.2089744210243225 0.029898958280682564 2.9612882137298584
v -0.21282902359962463 0.017003433778882027 2.962263584136963
v -0.22113588452339172 0.034519121050834656 2.964327812194824
v -0.22903244197368622 0.034223660826683044 2.9664981365203857
v -0.2676525115966797 0.004329474177211523 3.0711774826049805
v -0.25936126708984375 0.010719464160501957 3.0816826820373535
v -0.2703656256198883 0.02932371385395527 3.0836758613586426
v -0.24450795352458954 0.028388576582074165 2.968419075012207
v -0.23559938371181488 0.028824524953961372 2.968841791152954
v -0.2343694120645523 0.023015039041638374 2.9715347290039062
v -0.24297669529914856 0.023591982200741768 2.969606637954712
v -0.22892643511295319 0.12007535994052887 3.0481116771698
v -0.28482580184936523 0.08244122564792633 3.012232780456543
v -0.27212607860565186 0.08939628303050995 3.014723062515259
v -0.2658504247665405 0.08553709089756012 3.001579761505127
v -0.2786775529384613 0.07959248125553131 3.0004968643188477
v -0.27178436517715454 0.07469232380390167 2.988596200942993
v -0.26002922654151917 0.0794275552034378 2.989388942718506
v -0.254427045583725 0.07199700176715851 2.979548215866089
v -0.26576724648475647 0.06817843019962311 2.9794230461120605
v -0.2474776655435562 0.03401128947734833 2.9657809734344482
v -0.23746083676815033 0.035716861486434937 2.968062162399292
v -0.30783140659332275 0.04480883479118347 3.057344675064087
v -0.2651906907558441 0.09103293716907501 3.0744922161102295
v -0.26002365350723267 0.07227440178394318 3.090440034866333
v -0.24956445395946503 0.08028559386730194 3.090665578842163
v -0.253281831741333 0.09853129088878632 3.0731847286224365
v -0.2504585087299347 -0.008044450543820858 2.999872922897339
v -0.2517562508583069 -0.008238106034696102 3.013587474822998
v -0.24881938099861145 -0.006521223578602076 2.987551689147949
v -0.23496977984905243 0.009668380953371525 2.979421615600586
v -0.24723246693611145 -0.0026279673911631107 2.97790265083313
v -0.2652880847454071 -0.011194958351552486 3.0531647205352783
v -0.2762940526008606 -0.004308594856411219 3.0602869987487793
v -0.2507707178592682 0.04956899583339691 3.0952091217041016
v -0.24159778654575348 0.05767779052257538 3.0969622135162354
v -0.3097364008426666 0.06141461431980133 3.0417559146881104
v -0.3048047721385956 0.07089994847774506 3.0251197814941406
v -0.2550888657569885 0.02596786804497242 2.962887763977051
v -0.25288307666778564 0.021141843870282173 2.9630374908447266
v -0.26274460554122925 0.018392043188214302 2.957084894180298
v -0.2293863594532013 0.009242982603609562 2.975618600845337
v -0.23319761455059052 0.017895745113492012 2.9749016761779785
v -0.2624880373477936 0.10183028876781464 3.052004337310791
v -0.29670584201812744 0.07364670932292938 3.0082318782806396
v -0.2896941304206848 0.07165603339672089 2.995975971221924
v -0.24875248968601227 0.08273498713970184 2.987169027328491
v -0.25379523634910583 0.09011821448802948 2.9999732971191406
v -0.24310214817523956 0.09395982325077057 2.9969875812530518
v -0.23826910555362701 0.08553902804851532 2.984539270401001
v -0.27735352516174316 0.06293167173862457 2.977173328399658
v -0.2724356949329376 0.055498525500297546 2.970912456512451
v -0.2337159365415573 0.07574518024921417 2.975104808807373
v -0.24380777776241302 0.07407517731189728 2.9772918224334717
v -0.2584390342235565 0.031792595982551575 2.9614436626434326
v -0.2331451028585434 0.06445185840129852 3.0974841117858887
v -0.22705692052841187 0.04346509277820587 3.1024012565612793
v -0.21807895600795746 0.046928539872169495 3.1053173542022705
v -0.24303431808948517 0.027974681928753853 3.0957977771759033
v -0.23468062281608582 0.0367472767829895 3.0993356704711914
v -0.25135713815689087 0.01775580830872059 3.0902068614959717
v -0.2065606415271759 0.05147956311702728 3.111171245574951
v -0.3874879777431488 -0.10566014051437378 2.8901736736297607
v -0.26105669140815735 0.013235495425760746 2.9559807777404785
v -0.27216532826423645 0.00891150627285242 2.949718952178955
v -0.2726758122444153 0.01492489967495203 2.9504177570343018
v -0.3248533010482788 -0.006573303136974573 2.9375429153442383
v -0.07333416491746902 0.21023260056972504 3.209512233734131
v -0.07242421060800552 0.21501599252223969 3.2127585411071777
v -0.07194749265909195 0.23421184718608856 3.216326951980591
v -0.07211709022521973 0.23771534860134125 3.215989112854004
v -0.4131283760070801 -0.08864717930555344 2.9066555500030518
v -0.4190276861190796 -0.09432706236839294 2.905533790588379
v -0.45264968276023865 -0.12350155413150787 2.895087480545044
v -0.4727591872215271 -0.13789179921150208 2.9077861309051514
v -0.4600347876548767 -0.12211725860834122 2.910505771636963
v -0.45679759979248047 -0.13788652420043945 2.9479918479919434
v -0.4437538981437683 -0.14624403417110443 2.9514715671539307
v -0.406059205532074 -0.16669349372386932 2.931424856185913
v -0.4154655933380127 -0.14863096177577972 2.8767032623291016
v -0.5214048624038696 -0.2559781074523926 2.9060401916503906
v -0.5287273526191711 -0.25011512637138367 2.899414539337158
v -0.5367772579193115 -0.26750847697257996 2.8968775272369385
v -0.5285208225250244 -0.2733767628669739 2.9020469188690186
v -0.536831259727478 -0.2893272042274475 2.899308443069458
v -0.5279527902603149 -0.2944730818271637 2.8976852893829346
v -0.5198659300804138 -0.2789164185523987 2.9025042057037354
v -0.5208300948143005 -0.2970418930053711 2.892857789993286
v -0.5118069648742676 -0.2821033000946045 2.8976223468780518
v -0.5155683159828186 -0.2973395586013794 2.8847808837890625
v -0.5130969285964966 -0.29732850193977356 2.8757567405700684
v -0.5027526617050171 -0.28368839621543884 2.8820559978485107
v -0.5060456991195679 -0.2831888794898987 2.8907034397125244
v -0.4895011782646179 -0.2690214514732361 2.878758192062378
v -0.5015106201171875 -0.2830863893032074 2.872593402862549
v -0.5015511512756348 -0.2812701165676117 2.8624305725097656
v -0.48838603496551514 -0.26774027943611145 2.867640256881714
v -0.523826003074646 -0.28453558683395386 2.8468329906463623
v -0.5309107303619385 -0.2793313264846802 2.8462729454040527
v -0.5185375213623047 -0.26539894938468933 2.8479578495025635
v -0.5107818245887756 -0.2712668478488922 2.8491768836975098
v -0.5231161117553711 -0.24201112985610962 2.8591091632843018
v -0.5143705606460571 -0.24537286162376404 2.8528006076812744
v -0.5271371603012085 -0.2607356011867523 2.851191282272339
v -0.5350710153579712 -0.25754696130752563 2.857114791870117
v -0.5468534827232361 -0.27052631974220276 2.8550314903259277
v -0.5518641471862793 -0.27035531401634216 2.864628314971924
v -0.5407514572143555 -0.25657033920288086 2.8656017780303955
v -0.506117045879364 -0.22152596712112427 2.9131155014038086
v -0.5141404867172241 -0.23848956823349 2.909442186355591
v -0.504619300365448 -0.24485304951667786 2.9117579460144043
v -0.4963563084602356 -0.2685115933418274 2.897111177444458
v -0.4869379997253418 -0.25322481989860535 2.903712749481201
v -0.4950863718986511 -0.24997760355472565 2.909841299057007
v -0.5031995177268982 -0.26624220609664917 2.9033727645874023
v -0.4624648988246918 -0.2407001107931137 2.8789312839508057
v -0.4773874878883362 -0.2551707625389099 2.8851983547210693
v -0.4756595492362976 -0.2540767192840576 2.873509645462036
v -0.4919566512107849 -0.26919054985046387 2.8883047103881836
v -0.4813002943992615 -0.25465741753578186 2.895357370376587
v -0.49107497930526733 -0.2634015381336212 2.8582746982574463
v -0.5047910213470459 -0.2770427465438843 2.854609489440918
v -0.5324919819831848 -0.24457453191280365 2.889246702194214
v -0.5329045653343201 -0.24114197492599487 2.8786444664001465
v -0.5428762435913086 -0.2585863173007965 2.8760573863983154
v -0.5417466759681702 -0.2621970474720001 2.88698410987854
v -0.47781801223754883 -0.24975791573524475 2.862312078475952
v -0.5231903195381165 -0.22360804677009583 2.880370616912842
v -0.5237295031547546 -0.22678880393505096 2.891848564147949
v -0.529259204864502 -0.23993439972400665 2.8679311275482178
v -0.5186405777931213 -0.22304067015647888 2.8699824810028076
v -0.5502145886421204 -0.27756303548812866 2.88517165184021
v -0.5451380014419556 -0.28336194157600403 2.8945937156677246
v -0.5205644369125366 -0.23184506595134735 2.902233839035034
v -0.4972691535949707 -0.2571331560611725 2.852048397064209
v -0.5056838989257812 -0.25059953331947327 2.8503658771514893
v -0.4923831522464752 -0.2359069585800171 2.852461814880371
v -0.48391544818878174 -0.24309521913528442 2.8550946712493896
v -0.4984220862388611 -0.20900267362594604 2.862743854522705
v -0.5015733242034912 -0.22956004738807678 2.8557960987091064
v -0.5108312964439392 -0.22539293766021729 2.8616111278533936
v -0.5389903783798218 -0.2740810215473175 2.849083423614502
v -0.5073893666267395 -0.20616880059242249 2.871056318283081
v -0.5778982639312744 -0.3545243442058563 2.8693063259124756
v -0.5685749053955078 -0.3516457974910736 2.870457649230957
v -0.5703381299972534 -0.3587930202484131 2.878403425216675
v -0.5796855688095093 -0.3608080744743347 2.8769850730895996
v -0.5489566326141357 -0.3549993932247162 2.883850574493408
v -0.5440518856048584 -0.34961071610450745 2.8929522037506104
v -0.5515424013137817 -0.3574041426181793 2.8996970653533936
v -0.555523157119751 -0.36186710000038147 2.8922507762908936
v -0.5821793079376221 -0.36411744356155396 2.884479284286499
v -0.5727157592773438 -0.3629760444164276 2.885348320007324
v -0.5832277536392212 -0.36195290088653564 2.8910298347473145
v -0.5941137075424194 -0.3611765205860138 2.8902621269226074
v -0.5906317830085754 -0.3652505576610565 2.8845179080963135
v -0.6022037267684937 -0.3626808226108551 2.889437675476074
v -0.5964075922966003 -0.34973272681236267 2.891547203063965
v -0.6071043610572815 -0.3543366491794586 2.888329029083252
v -0.6020107269287109 -0.33220580220222473 2.8736047744750977
v -0.6015965938568115 -0.32740455865859985 2.8643152713775635
v -0.6120279431343079 -0.3372248411178589 2.8621416091918945
v -0.6115557551383972 -0.34203261137008667 2.87150239944458
v -0.6045426726341248 -0.3304564654827118 2.844744920730591
v -0.6093592643737793 -0.3342827260494232 2.853365421295166
v -0.5991254448890686 -0.32429659366607666 2.8566102981567383
v -0.5955784320831299 -0.32127609848976135 2.849064350128174
v -0.5761173963546753 -0.34495285153388977 2.8571279048919678
v -0.5672845840454102 -0.3405110836029053 2.8571977615356445
v -0.5678781270980835 -0.34435737133026123 2.862783193588257
v -0.5765761733055115 -0.34817826747894287 2.862097978591919
v -0.5814124345779419 -0.3618263900279999 2.9011409282684326
v -0.584143340587616 -0.35180172324180603 2.8979978561401367
v -0.5866655111312866 -0.35703277587890625 2.8951337337493896
v -0.5809394121170044 -0.36465635895729065 2.898859977722168
v -0.5450004935264587 -0.3276650607585907 2.846707344055176
v -0.5365474820137024 -0.3191140592098236 2.8502278327941895
v -0.5354353189468384 -0.3216332495212555 2.8577375411987305
v -0.5437023639678955 -0.3291005790233612 2.8537893295288086
v -0.5343282222747803 -0.3346858620643616 2.8809814453125
v -0.5323486924171448 -0.3267485797405243 2.8755390644073486
v -0.532654345035553 -0.32013586163520813 2.887592315673828
v -0.5369889140129089 -0.32710757851600647 2.8915085792541504
v -0.5380790829658508 -0.34203195571899414 2.8861453533172607
v -0.5414754152297974 -0.3337608277797699 2.895991325378418
v -0.5475203990936279 -0.3418921232223511 2.9002692699432373
v -0.5544507503509521 -0.35140761733055115 2.9052321910858154
v -0.5385795831680298 -0.31252896785736084 2.8412835597991943
v -0.544501543045044 -0.31895628571510315 2.8371224403381348
v -0.6310867667198181 -0.39780163764953613 2.8803951740264893
v -0.6307408809661865 -0.3984138071537018 2.874817371368408
v -0.6275831460952759 -0.39429664611816406 2.8760159015655518
v -0.6276038289070129 -0.3937017619609833 2.8811566829681396
v -0.5565235614776611 -0.3039562404155731 2.8359076976776123
v -0.563463568687439 -0.2996654808521271 2.841590642929077
v -0.5578473806381226 -0.2957874536514282 2.8424410820007324
v -0.5504207611083984 -0.3007427752017975 2.8376612663269043
v -0.5639113187789917 -0.3081667721271515 2.8329660892486572
v -0.570916473865509 -0.30435431003570557 2.8405871391296387
v -0.6413396596908569 -0.39185452461242676 2.8840699195861816
v -0.6373236179351807 -0.3942123353481293 2.885768175125122
v -0.6342626810073853 -0.38941100239753723 2.8860206604003906
v -0.6381117105484009 -0.386704683303833 2.8838038444519043
v -0.5874840021133423 -0.36422252655029297 2.8764114379882812
v -0.5857941508293152 -0.3589070737361908 2.8691203594207764
v -0.6023290157318115 -0.37256306409835815 2.873974561691284
v -0.5942379832267761 -0.3651120364665985 2.8697831630706787
v -0.5946661829948425 -0.3683828115463257 2.8783068656921387
v -0.6016762256622314 -0.372388631105423 2.8802175521850586
v -0.5915203094482422 -0.3542695641517639 2.8522167205810547
v -0.5838965177536011 -0.3482968807220459 2.8533341884613037
v -0.5860888957977295 -0.35260242223739624 2.8597214221954346
v -0.593740701675415 -0.35878559947013855 2.8585050106048584
v -0.5810450911521912 -0.34595227241516113 2.8422422409057617
v -0.5888404250144958 -0.3509123921394348 2.841024875640869
v -0.5871181488037109 -0.34990113973617554 2.8345470428466797
v -0.5803064703941345 -0.34550026059150696 2.8362362384796143
v -0.6040205955505371 -0.36253806948661804 2.845017910003662
v -0.6116336584091187 -0.3668513000011444 2.843937397003174
v -0.6110844016075134 -0.3647123873233795 2.839782238006592
v -0.6033644676208496 -0.3608875870704651 2.8400216102600098
v -0.5536240339279175 -0.29164206981658936 2.843141794204712
v -0.5454252362251282 -0.2960771322250366 2.839585065841675
v -0.5948720574378967 -0.3262227773666382 2.8286919593811035
v -0.587650716304779 -0.32717975974082947 2.8223071098327637
v -0.5940048694610596 -0.3330990970134735 2.8174986839294434
v -0.6014721989631653 -0.33192121982574463 2.8242580890655518
v -0.5693086981773376 -0.29808610677719116 2.849531888961792
v -0.5643787384033203 -0.29345718026161194 2.850149154663086
v -0.6442173719406128 -0.3902486264705658 2.879763603210449
v -0.6410140991210938 -0.384982705116272 2.8794219493865967
v -0.5550804138183594 -0.3345699608325958 2.9008843898773193
v -0.5617771744728088 -0.345904141664505 2.9066617488861084
v -0.5493201017379761 -0.32574552297592163 2.8968453407287598
v -0.5451270341873169 -0.31982770562171936 2.8948609828948975
v -0.5404953360557556 -0.3141013979911804 2.8941967487335205
v -0.5985414385795593 -0.36606717109680176 2.8649113178253174
v -0.5828312635421753 -0.3528079390525818 2.86310076713562
v -0.57529616355896 -0.34328123927116394 2.85392165184021
v -0.5708297491073608 -0.3378427028656006 2.8265233039855957
v -0.5646395683288574 -0.33336198329925537 2.8271002769470215
v -0.5661544799804688 -0.33839043974876404 2.83526349067688
v -0.5721598267555237 -0.34086698293685913 2.8325111865997314
v -0.5808392763137817 -0.33186572790145874 2.818119764328003
v -0.5783141851425171 -0.338077187538147 2.820244312286377
v -0.5846210718154907 -0.3428446054458618 2.8179829120635986
v -0.5874101519584656 -0.3376011550426483 2.8152413368225098
v -0.5810915231704712 -0.3600105941295624 2.905712127685547
v -0.579096257686615 -0.34928131103515625 2.901970148086548
v -0.5495600700378418 -0.31050390005111694 2.833564281463623
v -0.5437548756599426 -0.3063690960407257 2.837419033050537
v -0.5390655994415283 -0.30119088292121887 2.8412225246429443
v -0.555000901222229 -0.3350602388381958 2.8546385765075684
v -0.5423659086227417 -0.33023110032081604 2.8575408458709717
v -0.5417543649673462 -0.33369481563568115 2.862985372543335
v -0.5554817318916321 -0.33718010783195496 2.858401298522949
v -0.556647777557373 -0.3501633107662201 2.8713765144348145
v -0.5442277789115906 -0.34714266657829285 2.8757009506225586
v -0.559654951095581 -0.35777273774147034 2.879516363143921
v -0.5339362621307373 -0.3237738013267517 2.865077018737793
v -0.5296188592910767 -0.31399378180503845 2.860532522201538
v -0.5285359621047974 -0.31630733609199524 2.868892192840576
v -0.5315073728561401 -0.3108363449573517 2.8522026538848877
v -0.5343390107154846 -0.30597490072250366 2.845062732696533
v -0.5229917168617249 -0.3064242899417877 2.863013982772827
v -0.5222742557525635 -0.3081933856010437 2.8719687461853027
v -0.5253386497497559 -0.30323493480682373 2.854621648788452
v -0.5289537906646729 -0.2989419400691986 2.848055124282837
v -0.5553125143051147 -0.28013256192207336 2.8532986640930176
v -0.5477988123893738 -0.2838875651359558 2.84601092338562
v -0.5601592659950256 -0.2878517210483551 2.85103440284729
v -0.5282838940620422 -0.30972039699554443 2.8896420001983643
v -0.5287612080574036 -0.3179069757461548 2.8780267238616943
v -0.5236429572105408 -0.3092571794986725 2.8805723190307617
v -0.5357496738433838 -0.30641719698905945 2.895559072494507
v -0.5602573156356812 -0.36637672781944275 2.8978512287139893
v -0.5644384622573853 -0.37125059962272644 2.901865005493164
v -0.5698391199111938 -0.37129807472229004 2.897536516189575
v -0.567169189453125 -0.36656948924064636 2.8938052654266357
v -0.6095179915428162 -0.3655054271221161 2.8885717391967773
v -0.6044907569885254 -0.3700903058052063 2.8859970569610596
v -0.5975255966186523 -0.3674282431602478 2.885371208190918
v -0.5522564649581909 -0.33140262961387634 2.840636968612671
v -0.5515255928039551 -0.32412365078926086 2.832430839538574
v -0.6046053171157837 -0.3720151484012604 2.868783712387085
v -0.6341253519058228 -0.3810501992702484 2.884488344192505
v -0.6299702525138855 -0.384046345949173 2.886293411254883
v -0.6216289401054382 -0.375265896320343 2.8871049880981445
v -0.6263759136199951 -0.37187251448631287 2.885014533996582
v -0.6136014461517334 -0.374117910861969 2.866746425628662
v -0.610058069229126 -0.3753872215747833 2.8709540367126465
v -0.6153923273086548 -0.38054051995277405 2.871147394180298
v -0.6198294758796692 -0.3787972331047058 2.8677265644073486
v -0.607590913772583 -0.3622024953365326 2.8333559036254883
v -0.6014358997344971 -0.35909369587898254 2.833827495574951
v -0.6185229420661926 -0.3541148006916046 2.8686611652374268
v -0.6178210973739624 -0.3544788956642151 2.879488229751587
v -0.6104961633682251 -0.3466583788394928 2.8820440769195557
v -0.590196967124939 -0.35212481021881104 2.84660005569458
v -0.5971336364746094 -0.35745441913604736 2.845435619354248
v -0.5963399410247803 -0.3561351001262665 2.8405046463012695
v -0.6015625 -0.36681488156318665 2.863410234451294
v -0.6060657501220703 -0.37067025899887085 2.864950180053711
v -0.6050338745117188 -0.3676271140575409 2.8596110343933105
v -0.5993736386299133 -0.36312222480773926 2.8584606647491455
v -0.5799529552459717 -0.3198925256729126 2.82637619972229
v -0.5716676712036133 -0.32651206851005554 2.821307420730591
v -0.6334781646728516 -0.39618754386901855 2.884031057357788
v -0.6304417848587036 -0.391894668340683 2.885157585144043
v -0.5397632122039795 -0.2891472578048706 2.843360662460327
v -0.5336366891860962 -0.29445546865463257 2.844447135925293
v -0.5823675394058228 -0.346580445766449 2.848297119140625
v -0.6002696752548218 -0.33850622177124023 2.88313364982605
v -0.5737231373786926 -0.3420535922050476 2.8492772579193115
v -0.611588716506958 -0.3453160226345062 2.8316640853881836
v -0.6071902513504028 -0.3481374979019165 2.826218605041504
v -0.6119682788848877 -0.3540228009223938 2.8279027938842773
v -0.6165904998779297 -0.3507140874862671 2.830559492111206
v -0.6287128329277039 -0.38583096861839294 2.868166923522949
v -0.6246040463447571 -0.3884575068950653 2.8714754581451416
v -0.6296567916870117 -0.39308762550354004 2.8705170154571533
v -0.6336817741394043 -0.390529602766037 2.86785626411438
v -0.6080166697502136 -0.3755856156349182 2.8755838871002197
v -0.6076498031616211 -0.3752235174179077 2.8806188106536865
v -0.6139616966247559 -0.38017475605010986 2.8807551860809326
v -0.6135915517807007 -0.3809514343738556 2.8756580352783203
v -0.6106761693954468 -0.37289467453956604 2.8853914737701416
v -0.6172969341278076 -0.3782048225402832 2.885786533355713
v -0.6338357925415039 -0.38229265809059143 2.868164539337158
v -0.6372448205947876 -0.3794745206832886 2.8736250400543213
v -0.6293238997459412 -0.3704519271850586 2.8728833198547363
v -0.6258585453033447 -0.37509092688560486 2.868215560913086
v -0.5864688158035278 -0.31283026933670044 2.8529207706451416
v -0.5832096338272095 -0.3111293315887451 2.845219850540161
v -0.5916290283203125 -0.31953686475753784 2.840498447418213
v -0.5998374223709106 -0.32814496755599976 2.8360707759857178
v -0.6059372425079346 -0.33753910660743713 2.8319761753082275
v -0.6125780344009399 -0.33919206261634827 2.841628074645996
v -0.5872251987457275 -0.31847625970840454 2.833610773086548
v -0.6188212037086487 -0.36621221899986267 2.8633153438568115
v -0.622072696685791 -0.36392369866371155 2.870718240737915
v -0.6222245693206787 -0.3614480197429657 2.863511323928833
v -0.5717957019805908 -0.3410590589046478 2.8421545028686523
v -0.6261275410652161 -0.3868347406387329 2.8856823444366455
v -0.5616862773895264 -0.30777066946029663 2.8890655040740967
v -0.567230224609375 -0.30171534419059753 2.8807616233825684
v -0.5736429691314697 -0.3072407841682434 2.8779733180999756
v -0.5670839548110962 -0.3134354054927826 2.8885250091552734
v -0.622786283493042 -0.3892534077167511 2.8761279582977295
v -0.6230639219284058 -0.3890060484409332 2.881422758102417
v -0.6013652086257935 -0.3570525050163269 2.8279459476470947
v -0.6071314811706543 -0.35987377166748047 2.828821897506714
v -0.6085842251777649 -0.35796552896499634 2.8259658813476562
v -0.6039177179336548 -0.3545806109905243 2.823838233947754
v -0.5792442560195923 -0.3105974793434143 2.838149070739746
v -0.5985457897186279 -0.33808964490890503 2.8139777183532715
v -0.6053428649902344 -0.3355562090873718 2.8199708461761475
v -0.5754412412643433 -0.30355072021484375 2.848005771636963
v -0.578628420829773 -0.30510494112968445 2.85652232170105
v -0.5725772380828857 -0.2992347478866577 2.8591742515563965
v -0.6175606846809387 -0.34664419293403625 2.84985089302063
v -0.5891059637069702 -0.3154437243938446 2.859736442565918
v -0.5805761218070984 -0.307503879070282 2.863617420196533
v -0.5736474394798279 -0.30159229040145874 2.867384910583496
v -0.5684827566146851 -0.29695603251457214 2.8700008392333984
v -0.5678757429122925 -0.29429662227630615 2.860642671585083
v -0.6371721029281616 -0.37912628054618835 2.8800179958343506
v -0.6412745118141174 -0.3851979970932007 2.8734278678894043
v -0.5632400512695312 -0.28809040784835815 2.86252760887146
v -0.5588950514793396 -0.2801523208618164 2.8643198013305664
v -0.5587778687477112 -0.2838113605976105 2.8736507892608643
v -0.5637556910514832 -0.29129987955093384 2.8717801570892334
v -0.5817307233810425 -0.3113364279270172 2.8709518909454346
v -0.5815534591674805 -0.3155245780944824 2.8786113262176514
v -0.5911400318145752 -0.3187916576862335 2.8672966957092285
v -0.5918014049530029 -0.32352256774902344 2.8755581378936768
v -0.6201177835464478 -0.34732505679130554 2.8601558208465576
v -0.6470787525177002 -0.39868107438087463 2.869175434112549
v -0.6420985460281372 -0.39243826270103455 2.8694584369659424
v -0.6379024982452393 -0.39498043060302734 2.8676059246063232
v -0.6437603831291199 -0.40090563893318176 2.8675365447998047
v -0.6381134986877441 -0.38745588064193726 2.8686556816101074
v -0.6445473432540894 -0.39028146862983704 2.8735554218292236
v -0.5893759727478027 -0.3304787278175354 2.8848514556884766
v -0.6117918491363525 -0.37089431285858154 2.8602840900421143
v -0.5757226347923279 -0.3235618770122528 2.8893935680389404
v -0.5880147218704224 -0.34048667550086975 2.8935961723327637
v -0.5779927968978882 -0.33675989508628845 2.8973629474639893
v -0.5586584806442261 -0.31908413767814636 2.8958327770233154
v -0.5637891292572021 -0.3275398015975952 2.89816951751709
v -0.5495671033859253 -0.3082447946071625 2.895311117172241
v -0.5536563396453857 -0.3135565519332886 2.8943569660186768
v -0.5441027283668518 -0.3010256588459015 2.896250009536743
v -0.569325864315033 -0.3396862745285034 2.9032998085021973
v -0.6355354189872742 -0.4038856327533722 2.878883123397827
v -0.6356120109558105 -0.4040241837501526 2.8731932640075684
v -0.5571460127830505 -0.3024900257587433 2.89042592048645
v -0.5518841743469238 -0.2952081561088562 2.8920369148254395
v -0.5638970136642456 -0.3631364107131958 2.8874502182006836
v -0.5632854700088501 -0.33730101585388184 2.8451988697052
v -0.565056562423706 -0.33799758553504944 2.8503100872039795
v -0.5586063861846924 -0.3291396200656891 2.8289096355438232
v -0.559897780418396 -0.33555305004119873 2.8376314640045166
v -0.5569928288459778 -0.2888529300689697 2.8839621543884277
v -0.5131834149360657 -0.296313613653183 2.8671047687530518
v -0.5147836804389954 -0.2935556173324585 2.8581392765045166
v -0.5522090196609497 -0.2733073830604553 2.8748443126678467
v -0.6378611326217651 -0.40257662534713745 2.882667064666748
v -0.617733359336853 -0.3650810122489929 2.8437514305114746
v -0.6173478364944458 -0.3632531762123108 2.842031717300415
v -0.5569285750389099 -0.3633066713809967 2.9042749404907227
v -0.5628008842468262 -0.36904412508010864 2.907456159591675
v -0.5712586641311646 -0.3629733622074127 2.912003517150879
v -0.5656274557113647 -0.3661699593067169 2.9107820987701416
v -0.5599390268325806 -0.3589792847633362 2.9091908931732178
v -0.5664904117584229 -0.35473716259002686 2.9102962017059326
v -0.5549806952476501 -0.33422982692718506 2.851717233657837
v -0.5545334815979004 -0.33347246050834656 2.8468332290649414
v -0.5719985961914062 -0.31348884105682373 2.830220937728882
v -0.5642175674438477 -0.3200736939907074 2.825169324874878
v -0.6152604222297668 -0.3691767454147339 2.8872995376586914
v -0.6147385835647583 -0.3595467209815979 2.886803388595581
v -0.6199754476547241 -0.36491963267326355 2.8852384090423584
v -0.6294694542884827 -0.3693842887878418 2.8800437450408936
v -0.6168668270111084 -0.3700915575027466 2.8630411624908447
v -0.6194168329238892 -0.37077969312667847 2.866586446762085
v -0.5421493649482727 -0.33957889676094055 2.8688266277313232
v -0.5558551549911499 -0.34233033657073975 2.863967180252075
v -0.5745604038238525 -0.36499208211898804 2.891981840133667
v -0.5766346454620361 -0.36771366000175476 2.8958566188812256
v -0.5978730320930481 -0.35966208577156067 2.8521101474761963
v -0.6244689226150513 -0.35596197843551636 2.850588798522949
v -0.6257562637329102 -0.35552504658699036 2.8586487770080566
v -0.6041167378425598 -0.3644537031650543 2.852055311203003
v -0.6457822918891907 -0.3987669348716736 2.883197546005249
v -0.6417080163955688 -0.40107476711273193 2.884658098220825
v -0.6231587529182434 -0.36173078417778015 2.8789761066436768
v -0.5942323803901672 -0.35443824529647827 2.833444356918335
v -0.6193087100982666 -0.35373032093048096 2.844245195388794
v -0.6218166947364807 -0.3605073094367981 2.8462226390838623
v -0.5919818878173828 -0.3413374722003937 2.8135080337524414
v -0.5622888803482056 -0.2964225113391876 2.8824148178100586
v -0.6332889795303345 -0.39739301800727844 2.8696346282958984
v -0.6383564472198486 -0.40292131900787354 2.8680949211120605
v -0.6488140821456909 -0.3970135450363159 2.873328447341919
v -0.6483120322227478 -0.3967828154563904 2.8785629272460938
v -0.5567818880081177 -0.3148590326309204 2.8289918899536133
v -0.5664116144180298 -0.3389599919319153 2.8541154861450195
v -0.5183966159820557 -0.2892864942550659 2.8507628440856934
v -0.5734034776687622 -0.35030481219291687 2.907677412033081
v -0.5775352716445923 -0.360367089509964 2.910346031188965
v -0.6101309061050415 -0.36847221851348877 2.8515048027038574
v -0.6073195934295654 -0.34120315313339233 2.8252038955688477
v -0.617517352104187 -0.34542447328567505 2.838465690612793
v -0.6215284466743469 -0.35019755363464355 2.836334705352783
v -0.6228086948394775 -0.355390727519989 2.8420608043670654
v -0.6211948990821838 -0.36085185408592224 2.841723918914795
v -0.6526284217834473 -0.40208354592323303 2.8729248046875
v -0.6521526575088501 -0.40204674005508423 2.8778717517852783
v -0.649925172328949 -0.40415892004966736 2.882477283477783
v -0.6454246044158936 -0.40603721141815186 2.8834023475646973
v -0.6415049433708191 -0.40699926018714905 2.881664752960205
v -0.650989294052124 -0.4034779369831085 2.869036912918091
v -0.6476865410804749 -0.405323326587677 2.867731809616089
v -0.6423388719558716 -0.4069390594959259 2.868332624435425
v -0.654136061668396 -0.40775972604751587 2.8686816692352295
v -0.6564956903457642 -0.40727993845939636 2.872356414794922
v -0.6563984155654907 -0.4149908721446991 2.8814568519592285
v -0.6545429229736328 -0.4097346067428589 2.881974697113037
v -0.6571718454360962 -0.41131317615509033 2.879791498184204
v -0.6588342189788818 -0.414303183555603 2.879373788833618
v -0.6614265441894531 -0.4176991581916809 2.878757953643799
v -0.6588175296783447 -0.4189264178276062 2.880270481109619
v -0.657712459564209 -0.4094851016998291 2.8771843910217285
v -0.6602830290794373 -0.41264447569847107 2.8760509490966797
v -0.6598821878433228 -0.4121614396572113 2.872180223464966
v -0.6628243923187256 -0.41556793451309204 2.8715693950653076
v -0.663296639919281 -0.41617533564567566 2.8753504753112793
v -0.6579723954200745 -0.4094795882701874 2.873765468597412
v -0.6555181741714478 -0.4064520597457886 2.8773341178894043
v -0.661517322063446 -0.42162418365478516 2.878026247024536
v -0.6633212566375732 -0.41998761892318726 2.8779258728027344
v -0.6652557253837585 -0.41952213644981384 2.8749287128448486
v -0.66362464427948 -0.42176979780197144 2.8734092712402344
v -0.6493700742721558 -0.4104321002960205 2.8831684589385986
v -0.652804434299469 -0.41559261083602905 2.881209373474121
v -0.6557918787002563 -0.41983962059020996 2.878962993621826
v -0.6586281657218933 -0.42257094383239746 2.8763134479522705
v -0.6500891447067261 -0.4167417585849762 2.879196882247925
v -0.6539887189865112 -0.4206159710884094 2.877253293991089
v -0.6563079953193665 -0.42251673340797424 2.874305486679077
v -0.6485323309898376 -0.41767361760139465 2.875501871109009
v -0.6528812050819397 -0.42096149921417236 2.873974084854126
v -0.6429139971733093 -0.41183626651763916 2.8773093223571777
v -0.6453239917755127 -0.4111223518848419 2.8812568187713623
v -0.6552413702011108 -0.4221903681755066 2.8731179237365723
v -0.6611806154251099 -0.42275094985961914 2.8726909160614014
v -0.6588217616081238 -0.41173461079597473 2.8697850704193115
v -0.6614166498184204 -0.41574326157569885 2.8688480854034424
v -0.6570627689361572 -0.41236612200737 2.8677077293395996
v -0.6596367955207825 -0.4166370928287506 2.8672821521759033
v -0.6636871695518494 -0.4194498062133789 2.8696491718292236
v -0.6647605895996094 -0.4182180166244507 2.8712873458862305
v -0.6391019225120544 -0.40780752897262573 2.8780035972595215
v -0.6393388509750366 -0.40765196084976196 2.872204542160034
v -0.6431287527084351 -0.41175761818885803 2.8719863891601562
v -0.6485300660133362 -0.41749075055122375 2.8706235885620117
v -0.6459335088729858 -0.4105893075466156 2.868100643157959
v -0.6508504152297974 -0.40928471088409424 2.86728835105896
v -0.6544693112373352 -0.41371822357177734 2.8668131828308105
v -0.6510533094406128 -0.41558441519737244 2.8674662113189697
v -0.6570665836334229 -0.4176858067512512 2.8665425777435303
v -0.6549380421638489 -0.41914647817611694 2.867980718612671
v -0.6531820297241211 -0.42040228843688965 2.8702661991119385
v -0.6586649417877197 -0.4207611083984375 2.8682444095611572
v -0.6613889932632446 -0.4203137159347534 2.8686628341674805
v -0.6583336591720581 -0.4224568009376526 2.871450185775757
v -0.6566168069839478 -0.42077186703681946 2.8685131072998047
v -0.6559892892837524 -0.4216771423816681 2.870720624923706
v -0.6398305892944336 -0.3953629732131958 2.8496592044830322
v -0.6392028331756592 -0.39494118094444275 2.844491720199585
v -0.6350575685501099 -0.3893222212791443 2.846956968307495
v -0.6355607509613037 -0.39003899693489075 2.8519058227539062
v -0.6483189463615417 -0.38872289657592773 2.8552792072296143
v -0.6442968845367432 -0.39251643419265747 2.855705499649048
v -0.6407153606414795 -0.3870916962623596 2.8576502799987793
v -0.6445590257644653 -0.3831806480884552 2.8566322326660156
v -0.6503085494041443 -0.38557034730911255 2.8507308959960938
v -0.6465590000152588 -0.3798638582229614 2.8516271114349365
v -0.6399716138839722 -0.37715476751327515 2.859119176864624
v -0.6358788013458252 -0.3811890482902527 2.8595683574676514
v -0.6257925629615784 -0.37219417095184326 2.8616483211517334
v -0.629895806312561 -0.36800655722618103 2.861637830734253
v -0.619002640247345 -0.3726910948753357 2.844912052154541
v -0.6231651306152344 -0.3706165552139282 2.84354305267334
v -0.6414856314659119 -0.39476606249809265 2.8534724712371826
v -0.6375648975372314 -0.3893646001815796 2.85556697845459
v -0.6330746412277222 -0.3795914351940155 2.841535806655884
v -0.6299567818641663 -0.3821587860584259 2.843635320663452
v -0.6359072923660278 -0.38789692521095276 2.8422322273254395
v -0.6387298703193665 -0.38548433780670166 2.839718818664551
v -0.6190298199653625 -0.3753175735473633 2.8570311069488525
v -0.6179081201553345 -0.3741718828678131 2.8503661155700684
v -0.6220210194587708 -0.3745095729827881 2.859872817993164
v -0.637215793132782 -0.3763488829135895 2.8417413234710693
v -0.640978217124939 -0.37384602427482605 2.8464646339416504
v -0.632004976272583 -0.36376622319221497 2.849381923675537
v -0.6281701922416687 -0.3670884966850281 2.8443219661712646
v -0.6322964429855347 -0.3835875689983368 2.8575353622436523
v -0.6290901899337769 -0.38351866602897644 2.8486835956573486
v -0.6297391653060913 -0.38442423939704895 2.853820562362671
v -0.6419960856437683 -0.37368470430374146 2.853837728500366
v -0.6453748941421509 -0.3801147937774658 2.8443477153778076
v -0.6532221436500549 -0.39458489418029785 2.8385562896728516
v -0.6469431519508362 -0.38793259859085083 2.839634418487549
v -0.6434115171432495 -0.39065542817115784 2.8379759788513184
v -0.650196373462677 -0.3972227871417999 2.8363914489746094
v -0.6424576044082642 -0.3827141225337982 2.840881109237671
v -0.6495615243911743 -0.38553836941719055 2.8437743186950684
v -0.6463203430175781 -0.4029907286167145 2.8468334674835205
v -0.6460965871810913 -0.40241286158561707 2.841649055480957
v -0.6478753089904785 -0.4023766815662384 2.8510000705718994
v -0.6331088542938232 -0.36344796419143677 2.856675863265991
v -0.6537535786628723 -0.3962949514389038 2.8528363704681396
v -0.6502043008804321 -0.4001382887363434 2.853048086166382
v -0.640322208404541 -0.3934118449687958 2.8399746417999268
v -0.6469507217407227 -0.4004424810409546 2.83738112449646
v -0.6551777124404907 -0.3925414979457855 2.84208345413208
v -0.6556321978569031 -0.3927592933177948 2.8485941886901855
v -0.659815788269043 -0.3984766900539398 2.8407750129699707
v -0.6604357957839966 -0.39893826842308044 2.846796989440918
v -0.6586315631866455 -0.40205904841423035 2.8505146503448486
v -0.654701292514801 -0.4051344394683838 2.8507370948791504
v -0.6521927714347839 -0.40669044852256775 2.849034309387207
v -0.6578815579414368 -0.39991676807403564 2.8371808528900146
v -0.6550240516662598 -0.4019678235054016 2.8356311321258545
v -0.6513547897338867 -0.40436282753944397 2.836229085922241
v -0.6625872254371643 -0.40493643283843994 2.8359873294830322
v -0.6651163697242737 -0.4043238162994385 2.8389997482299805
v -0.6699997782707214 -0.4165894389152527 2.8446474075317383
v -0.6667699813842773 -0.4126054048538208 2.8469271659851074
v -0.6688706874847412 -0.4114663600921631 2.844658136367798
v -0.6723669171333313 -0.41483592987060547 2.8436431884765625
v -0.6642401814460754 -0.40756091475486755 2.848515033721924
v -0.6669609546661377 -0.40855351090431213 2.8453927040100098
v -0.66731196641922 -0.4070081412792206 2.842804193496704
v -0.670421302318573 -0.4096639156341553 2.8414251804351807
v -0.6695468425750732 -0.40907272696495056 2.8377504348754883
v -0.6730878353118896 -0.412295937538147 2.836294651031494
v -0.674362063407898 -0.41290655732154846 2.8402462005615234
v -0.6671707034111023 -0.40660667419433594 2.8394603729248047
v -0.675375759601593 -0.4173930287361145 2.8428635597229004
v -0.6734468936920166 -0.4189813435077667 2.8415470123291016
v -0.664812445640564 -0.40392357110977173 2.8444411754608154
v -0.659244179725647 -0.40927624702453613 2.8493990898132324
v -0.6635928153991699 -0.41411519050598145 2.8471765518188477
v -0.6674220561981201 -0.41799798607826233 2.843783140182495
v -0.6708444356918335 -0.42010846734046936 2.8401403427124023
v -0.6608573198318481 -0.4154072105884552 2.8450067043304443
v -0.6652515530586243 -0.4189593493938446 2.8418068885803223
v -0.6685916781425476 -0.4202864170074463 2.8387513160705566
v -0.6590605974197388 -0.4158634841442108 2.841200351715088
v -0.6640347242355347 -0.41909104585647583 2.838879108428955
v -0.6537994742393494 -0.41041094064712524 2.8438591957092285
v -0.65592360496521 -0.41028034687042236 2.847719192504883
v -0.6670098304748535 -0.41987475752830505 2.8376028537750244
v -0.6762456893920898 -0.4187411069869995 2.8375933170318604
v -0.6733667850494385 -0.4197470545768738 2.836400032043457
v -0.6778951287269592 -0.41639336943626404 2.839236259460449
v -0.6680397391319275 -0.4092390239238739 2.835885763168335
v -0.6715252995491028 -0.4129331707954407 2.8343183994293213
v -0.6666672825813293 -0.4094606637954712 2.8337955474853516
v -0.6704282164573669 -0.41350579261779785 2.8325579166412354
v -0.6751141548156738 -0.41602739691734314 2.834313154220581
v -0.6761583089828491 -0.4147973656654358 2.8357865810394287
v -0.6505078673362732 -0.40698355436325073 2.845276355743408
v -0.650114893913269 -0.4061850607395172 2.840465545654297
v -0.6532591581344604 -0.4097486734390259 2.838909864425659
v -0.6586965322494507 -0.4150526523590088 2.8363912105560303
v -0.6548026204109192 -0.40774005651474 2.8350393772125244
v -0.6590269207954407 -0.4060079753398895 2.834027051925659
v -0.6639557480812073 -0.4107024669647217 2.832771062850952
v -0.6606425046920776 -0.4127345383167267 2.8331665992736816
v -0.6680551767349243 -0.414654940366745 2.832122564315796
v -0.665351390838623 -0.4162677526473999 2.832624912261963
v -0.6639164686203003 -0.4181192219257355 2.835258722305298
v -0.6704241037368774 -0.41773396730422974 2.8328921794891357
v -0.673180878162384 -0.4170968234539032 2.8331024646759033
v -0.6703402996063232 -0.419859915971756 2.835606813430786
v -0.6679853200912476 -0.4180803894996643 2.833191156387329
v -0.6675782203674316 -0.41934677958488464 2.8352510929107666
v -0.6335720419883728 -0.3832007944583893 2.8284828662872314
v -0.6309220194816589 -0.3828805685043335 2.8236734867095947
v -0.6276436448097229 -0.37839144468307495 2.8258979320526123
v -0.6298772692680359 -0.37902480363845825 2.8300843238830566
v -0.6416893005371094 -0.37647396326065063 2.8303029537200928
v -0.6397560238838196 -0.37916162610054016 2.8311307430267334
v -0.6361774206161499 -0.3750886023044586 2.834101915359497
v -0.6378915309906006 -0.37146493792533875 2.832946538925171
v -0.6418940424919128 -0.37384161353111267 2.8259451389312744
v -0.6379014253616333 -0.36842554807662964 2.82858943939209
v -0.6339477300643921 -0.36670151352882385 2.835667133331299
v -0.6318814754486084 -0.3711474537849426 2.8365423679351807
v -0.6245850324630737 -0.364867240190506 2.839280843734741
v -0.6274883151054382 -0.36007848381996155 2.8394248485565186
v -0.6370581984519958 -0.38171979784965515 2.8307886123657227
v -0.6331803798675537 -0.37769660353660583 2.8328375816345215
v -0.6229021549224854 -0.37005531787872314 2.8212625980377197
v -0.6219164133071899 -0.3721587359905243 2.82358717918396
v -0.6270251870155334 -0.37673255801200867 2.8218958377838135
v -0.6278916597366333 -0.3745482563972473 2.81921648979187
v -0.6169446706771851 -0.36778169870376587 2.8362271785736084
v -0.6139646768569946 -0.3665166199207306 2.831505060195923
v -0.6207443475723267 -0.36724087595939636 2.8381600379943848
v -0.6266468167304993 -0.3667163848876953 2.8214850425720215
v -0.6309102177619934 -0.3632880747318268 2.8247838020324707
v -0.623171865940094 -0.3562438488006592 2.8281188011169434
v -0.6182663440704346 -0.3596009612083435 2.825284004211426
v -0.6288274526596069 -0.373983234167099 2.835155963897705
v -0.6226261854171753 -0.3743511438369751 2.828148126602173
v -0.6254277229309082 -0.3751493990421295 2.832841157913208
v -0.6334067583084106 -0.3632149398326874 2.8306756019592285
v -0.6353639960289001 -0.36840105056762695 2.8230276107788086
v -0.6428197622299194 -0.38258257508277893 2.8147799968719482
v -0.6355988383293152 -0.3757469952106476 2.8174383640289307
v -0.6320503950119019 -0.3788582682609558 2.816938877105713
v -0.6396180391311646 -0.3852231800556183 2.8139243125915527
v -0.6312408447265625 -0.3713787794113159 2.819469690322876
v -0.6396816968917847 -0.37358608841896057 2.8208165168762207
v -0.6388931274414062 -0.3893941640853882 2.8242783546447754
v -0.6370373368263245 -0.3892190754413605 2.820152521133423
v -0.6422478556632996 -0.38809934258461 2.8265528678894043
v -0.6269434690475464 -0.3559999167919159 2.8339407444000244
v -0.6140563488006592 -0.3628615140914917 2.8245933055877686
v -0.6471096277236938 -0.38371503353118896 2.8262386322021484
v -0.645108699798584 -0.38608217239379883 2.8273017406463623
v -0.6302217841148376 -0.3811856210231781 2.819155693054199
v -0.6368910074234009 -0.387467622756958 2.815575122833252
v -0.6459648609161377 -0.3806372880935669 2.8175125122070312
v -0.6477540135383606 -0.3809473216533661 2.8226683139801025
v -0.6505322456359863 -0.3852841854095459 2.8155503273010254
v -0.652056872844696 -0.38592106103897095 2.8204805850982666
v -0.6517711877822876 -0.38868796825408936 2.8243446350097656
v -0.6490637063980103 -0.3909114897251129 2.8249917030334473
v -0.6458390951156616 -0.3923432230949402 2.8240396976470947
v -0.6473035216331482 -0.3870610296726227 2.8122615814208984
v -0.6443686485290527 -0.38921311497688293 2.8119869232177734
v -0.6409895420074463 -0.3909914791584015 2.813612222671509
v -0.6507390737533569 -0.3904530704021454 2.810789108276367
v -0.654193639755249 -0.3896962106227875 2.8135154247283936
v -0.6618599891662598 -0.40151548385620117 2.8185958862304688
v -0.6585315465927124 -0.3981475532054901 2.8199288845062256
v -0.6593923568725586 -0.39709368348121643 2.818073034286499
v -0.6626868844032288 -0.3999307155609131 2.8167192935943604
v -0.6556813716888428 -0.3931276202201843 2.821401596069336
v -0.6575554013252258 -0.39422446489334106 2.819026231765747
v -0.6573716402053833 -0.39227306842803955 2.8167569637298584
v -0.660315990447998 -0.39492133259773254 2.8152148723602295
v -0.6581373810768127 -0.3940716087818146 2.811861991882324
v -0.6611966490745544 -0.3969367444515228 2.8102681636810303
v -0.6634355187416077 -0.3978895843029022 2.813669443130493
v -0.6565659046173096 -0.3916260004043579 2.813734531402588
v -0.6649461388587952 -0.401700496673584 2.8153111934661865
v -0.6641506552696228 -0.40342044830322266 2.8154540061950684
v -0.6552842855453491 -0.38976603746414185 2.8183481693267822
v -0.6523737907409668 -0.39487528800964355 2.822993040084839
v -0.6558314561843872 -0.3994113802909851 2.82069993019104
v -0.6592168211936951 -0.40295475721359253 2.818079710006714
v -0.6614526510238647 -0.40467333793640137 2.815053939819336
v -0.6526904106140137 -0.40032607316970825 2.8196685314178467
v -0.6562579870223999 -0.40371280908584595 2.8170080184936523
v -0.6583691835403442 -0.40504881739616394 2.8143322467803955
v -0.6499423384666443 -0.4005737602710724 2.81756854057312
v -0.6539735198020935 -0.40370070934295654 2.8150296211242676
v -0.6458535194396973 -0.3960879445075989 2.820120334625244
v -0.6489894390106201 -0.395945280790329 2.8223941326141357
v -0.656317949295044 -0.40461868047714233 2.813596248626709
v -0.6648349761962891 -0.40274208784103394 2.8114781379699707
v -0.6619492769241333 -0.40409448742866516 2.8108150959014893
v -0.6658475399017334 -0.4005274176597595 2.8123855590820312
v -0.6562777757644653 -0.39373183250427246 2.8100342750549316
v -0.6592991948127747 -0.3971916139125824 2.8085339069366455
v -0.6537281274795532 -0.39447543025016785 2.808710813522339
v -0.6572664380073547 -0.3981879949569702 2.8075478076934814
v -0.6624744534492493 -0.40003663301467896 2.8085649013519287
v -0.6636441946029663 -0.3990831971168518 2.809753894805908
v -0.6427001953125 -0.3929288685321808 2.8217170238494873
v -0.6407566070556641 -0.3923652470111847 2.8180339336395264
v -0.6440677642822266 -0.3954452872276306 2.81681227684021
v -0.6483620405197144 -0.3999725580215454 2.8137826919555664
v -0.6442389488220215 -0.3939618468284607 2.812652349472046
v -0.64738529920578 -0.39225462079048157 2.8105688095092773
v -0.6510978937149048 -0.39600077271461487 2.808655261993408
v -0.6486523151397705 -0.39803043007850647 2.810199022293091
v -0.6549552083015442 -0.39952805638313293 2.8076186180114746
v -0.6530050039291382 -0.4012764096260071 2.808845281600952
v -0.6527947187423706 -0.40301552414894104 2.811908483505249
v -0.6576764583587646 -0.4022144675254822 2.8081328868865967
v -0.6601709127426147 -0.40119221806526184 2.8079075813293457
v -0.6590988636016846 -0.40451735258102417 2.811467170715332
v -0.6556257009506226 -0.4027496874332428 2.8089256286621094
v -0.6561082601547241 -0.4041137993335724 2.8112645149230957
v -0.6131619215011597 -0.3644115924835205 2.8272488117218018
v -0.6161566376686096 -0.36296457052230835 2.805483818054199
v -0.6135590076446533 -0.362395703792572 2.8030102252960205
v -0.611049473285675 -0.3596342206001282 2.805915117263794
v -0.6135528683662415 -0.3601711094379425 2.808453321456909
v -0.6239905953407288 -0.3566448986530304 2.805288076400757
v -0.6227185726165771 -0.3599286675453186 2.8074681758880615
v -0.6199219226837158 -0.356930673122406 2.81077241897583
v -0.6216569542884827 -0.35332614183425903 2.8092527389526367
v -0.6225475668907166 -0.3538561761379242 2.8015079498291016
v -0.6201039552688599 -0.3501804769039154 2.805137872695923
v -0.6179443597793579 -0.34991326928138733 2.812936544418335
v -0.6163507699966431 -0.3542090952396393 2.8148906230926514
v -0.6100823879241943 -0.3498411476612091 2.8205294609069824
v -0.6117299795150757 -0.3447418510913849 2.8197481632232666
v -0.5955488681793213 -0.3446737229824066 2.8123302459716797
v -0.594727635383606 -0.34783902764320374 2.8151333332061768
v -0.599656879901886 -0.3513081967830658 2.8116910457611084
v -0.5992134213447571 -0.34808310866355896 2.8083584308624268
v -0.6195813417434692 -0.36202380061149597 2.807033061981201
v -0.6167224049568176 -0.35938361287117004 2.810140371322632
v -0.6057275533676147 -0.3528963029384613 2.8034210205078125
v -0.6060897707939148 -0.3558264970779419 2.8062548637390137
v -0.6094826459884644 -0.3581206798553467 2.8028981685638428
v -0.6092777252197266 -0.3556348979473114 2.8001763820648193
v -0.5958467721939087 -0.3508213460445404 2.8181967735290527
v -0.5989633798599243 -0.35310450196266174 2.821653127670288
v -0.6035977602005005 -0.35397565364837646 2.8176028728485107
v -0.6011891961097717 -0.35327690839767456 2.8146607875823975
v -0.6065425872802734 -0.3529077470302582 2.818984270095825
v -0.6076900959014893 -0.34936416149139404 2.802356004714966
v -0.6120109558105469 -0.34680357575416565 2.8044443130493164
v -0.6050577163696289 -0.34090161323547363 2.8099992275238037
v -0.601442277431488 -0.34456610679626465 2.808363914489746
v -0.6132453083992004 -0.3567643165588379 2.813777446746826
v -0.6075488924980164 -0.35744747519493103 2.8090806007385254
v -0.6103271245956421 -0.3578203618526459 2.8121731281280518
v -0.616398274898529 -0.34623983502388 2.808762311935425
v -0.6157938241958618 -0.3503876328468323 2.801020622253418
v -0.6178855299949646 -0.35965201258659363 2.7916297912597656
v -0.6141981482505798 -0.3554863929748535 2.796053647994995
v -0.6118143200874329 -0.35827410221099854 2.797095537185669
v -0.6156818866729736 -0.36194267868995667 2.792846441268921
v -0.6115381121635437 -0.35256385803222656 2.7992982864379883
v -0.6183115243911743 -0.3537256419658661 2.7975471019744873
v -0.6198549270629883 -0.36687934398651123 2.8015811443328857
v -0.6170098781585693 -0.3660984933376312 2.7990214824676514
v -0.6232659816741943 -0.3659452199935913 2.8032658100128174
v -0.6106493473052979 -0.3398992419242859 2.8157997131347656
v -0.6275357604026794 -0.3612421452999115 2.8012607097625732
v -0.6261484026908875 -0.364136666059494 2.8032586574554443
v -0.611882209777832 -0.36075085401535034 2.7997732162475586
v -0.6156046986579895 -0.3642863929271698 2.795823335647583
v -0.6220309138298035 -0.3581874370574951 2.7935566902160645
v -0.6260169744491577 -0.3585064709186554 2.7976746559143066
v -0.6252284646034241 -0.36146080493927 2.790133476257324
v -0.629126787185669 -0.3617410957813263 2.794328212738037
v -0.6303848028182983 -0.3645646870136261 2.7983148097991943
v -0.6286798715591431 -0.36709049344062805 2.8001925945281982
v -0.6255500316619873 -0.36842581629753113 2.8001558780670166
v -0.6211804151535034 -0.3629199266433716 2.7888541221618652
v -0.6189000010490417 -0.36478477716445923 2.7900068759918213
v -0.618567943572998 -0.3665669858455658 2.7931435108184814
v -0.6243133544921875 -0.3657933175563812 2.7866804599761963
v -0.6289605498313904 -0.3648398220539093 2.7880988121032715
v -0.6370438933372498 -0.37488460540771484 2.791457414627075
v -0.6349371671676636 -0.3721137046813965 2.7935075759887695
v -0.6354192495346069 -0.37099534273147583 2.7918412685394287
v -0.6376872062683105 -0.37330326437950134 2.790437698364258
v -0.6328158378601074 -0.36783498525619507 2.7952277660369873
v -0.6339859962463379 -0.3682476878166199 2.7931861877441406
v -0.63280189037323 -0.36631202697753906 2.7907590866088867
v -0.6351833343505859 -0.368782103061676 2.7894132137298584
v -0.6329131126403809 -0.3678344488143921 2.7868778705596924
v -0.6349624991416931 -0.37083420157432556 2.7847800254821777
v -0.6376806497573853 -0.3710974156856537 2.787769079208374
v -0.6316317319869995 -0.36614879965782166 2.78810715675354
v -0.6394504308700562 -0.3746297359466553 2.78899884223938
v -0.6388824582099915 -0.376424103975296 2.7889974117279053
v -0.6313097476959229 -0.36461031436920166 2.791978359222412
v -0.630891740322113 -0.3696756362915039 2.7972753047943115
v -0.6337590217590332 -0.3734128773212433 2.795156717300415
v -0.6359211206436157 -0.3765401244163513 2.7917404174804688
v -0.6369502544403076 -0.37793293595314026 2.7885303497314453
v -0.6311874985694885 -0.37401142716407776 2.7952158451080322
v -0.6335815191268921 -0.37701886892318726 2.791524648666382
v -0.6346331834793091 -0.3781523108482361 2.788551092147827
v -0.6281955242156982 -0.3739103376865387 2.7943029403686523
v -0.6311043500900269 -0.37676143646240234 2.790759563446045
v -0.6248975992202759 -0.37072551250457764 2.797079563140869
v -0.6281075477600098 -0.370531290769577 2.7979278564453125
v -0.6328797340393066 -0.37778323888778687 2.7888169288635254
v -0.6382918953895569 -0.37569332122802734 2.785357713699341
v -0.6362787485122681 -0.37720760703086853 2.7855684757232666
v -0.639348566532135 -0.37327226996421814 2.786013126373291
v -0.6304560303688049 -0.3682880699634552 2.78494930267334
v -0.6331143975257874 -0.371643990278244 2.7834627628326416
v -0.6274656057357788 -0.36906298995018005 2.7848970890045166
v -0.6309384107589722 -0.37287116050720215 2.783449649810791
v -0.6358926892280579 -0.3739679455757141 2.7834551334381104
v -0.6369543075561523 -0.3725173771381378 2.7840301990509033
v -0.6225086450576782 -0.36901432275772095 2.7992515563964844
v -0.6198804974555969 -0.36824584007263184 2.7967538833618164
v -0.6221330165863037 -0.3701658844947815 2.7945783138275146
v -0.6257294416427612 -0.3733106553554535 2.792175054550171
v -0.6210399866104126 -0.36880776286125183 2.7910735607147217
v -0.621918261051178 -0.36725613474845886 2.788421869277954
v -0.6254070997238159 -0.3706342279911041 2.7858614921569824
v -0.6244632601737976 -0.37217196822166443 2.788407802581787
v -0.629387617111206 -0.3742264211177826 2.7845540046691895
v -0.6286142468452454 -0.3753693103790283 2.78657603263855
v -0.6292570233345032 -0.3762206435203552 2.7890143394470215
v -0.6325485706329346 -0.3765067756175995 2.7848970890045166
v -0.6341354846954346 -0.3755715489387512 2.7837696075439453
v -0.6342040300369263 -0.3777630925178528 2.786346197128296
v -0.6313609480857849 -0.376849889755249 2.7860608100891113
v -0.6322332620620728 -0.37758466601371765 2.7873375415802
v -0.5978012084960938 -0.34206289052963257 2.811206340789795
v -0.5856500267982483 -0.3691813051700592 2.9088892936706543
v -0.5860757827758789 -0.3708483874797821 2.904715061187744
v -0.5735604166984558 -0.37852826714515686 2.901104688644409
v -0.5790225267410278 -0.37642961740493774 2.899275064468384
v -0.5697495937347412 -0.3785124123096466 2.9059793949127197
v -0.5716860294342041 -0.37461861968040466 2.9140424728393555
v -0.5696073174476624 -0.37705865502357483 2.9109461307525635
v -0.5841422080993652 -0.3734649419784546 2.901395082473755
v -0.5827512741088867 -0.36918407678604126 2.913888692855835
v -0.5769967436790466 -0.371499627828598 2.915903091430664
v -0.5877283215522766 -0.37647151947021484 2.916959047317505
v -0.5822247266769409 -0.3793202042579651 2.9194295406341553
v -0.5767003297805786 -0.38269108533859253 2.9183735847473145
v -0.5737008452415466 -0.3844074010848999 2.9138565063476562
v -0.5732146501541138 -0.3847498893737793 2.908290147781372
v -0.5905148386955261 -0.37569889426231384 2.912290334701538
v -0.5900333523750305 -0.376437246799469 2.9067115783691406
v -0.5868200063705444 -0.37888965010643005 2.903088092803955
v -0.595066249370575 -0.38189801573753357 2.9151556491851807
v -0.5946612358093262 -0.38512566685676575 2.9216270446777344
v -0.5878407955169678 -0.39962238073349 2.9244649410247803
v -0.5848695039749146 -0.395775705575943 2.922715663909912
v -0.587884783744812 -0.39443063735961914 2.925093650817871
v -0.589850902557373 -0.3974562883377075 2.927406072616577
v -0.5827877521514893 -0.3906625211238861 2.921518325805664
v -0.5870508551597595 -0.39188244938850403 2.9239134788513184
v -0.5910621881484985 -0.3899274170398712 2.9247794151306152
v -0.5925729274749756 -0.39183712005615234 2.9268834590911865
v -0.5948697924613953 -0.3884190320968628 2.9245338439941406
v -0.597395658493042 -0.3898777961730957 2.9258408546447754
v -0.5945003032684326 -0.3947520852088928 2.929478168487549
v -0.5924593806266785 -0.39983344078063965 2.9289181232452393
v -0.5963606834411621 -0.3981613218784332 2.929989814758301
v -0.591948926448822 -0.40207070112228394 2.9265401363372803
v -0.5884125828742981 -0.3869936764240265 2.9227347373962402
v -0.5780179500579834 -0.39077991247177124 2.916416883468628
v -0.5825408697128296 -0.3965817987918854 2.9188663959503174
v -0.5871496200561523 -0.4011194705963135 2.9208741188049316
v -0.5920006632804871 -0.40311434864997864 2.9217848777770996
v -0.5824742317199707 -0.3968730568885803 2.9137415885925293
v -0.587969183921814 -0.40107667446136475 2.9157750606536865
v -0.5925623774528503 -0.4022753834724426 2.9179162979125977
v -0.5851048231124878 -0.395487904548645 2.9090311527252197
v -0.5903096795082092 -0.3996397852897644 2.9128847122192383
v -0.5791583061218262 -0.38872867822647095 2.905435085296631
v -0.5767943263053894 -0.39045101404190063 2.9104886054992676
v -0.5930776596069336 -0.4010581076145172 2.9153847694396973
v -0.5974113941192627 -0.401236355304718 2.9269204139709473
v -0.5974670648574829 -0.4018733501434326 2.9223530292510986
v -0.599290668964386 -0.3888644576072693 2.9225354194641113
v -0.5992332100868225 -0.39276033639907837 2.927631378173828
v -0.60114586353302 -0.3928123414516449 2.923543930053711
v -0.5996726155281067 -0.38808852434158325 2.9179482460021973
v -0.6014269590377808 -0.393553763628006 2.9194977283477783
v -0.6013365983963013 -0.3970545530319214 2.926023006439209
v -0.5996435284614563 -0.3956272602081299 2.9285855293273926
v -0.5758728981018066 -0.38348302245140076 2.9030840396881104
v -0.5812100172042847 -0.38160601258277893 2.901480197906494
v -0.5843889117240906 -0.38611453771591187 2.9032020568847656
v -0.590043306350708 -0.39266079664230347 2.9074604511260986
v -0.5903190970420837 -0.3834802806377411 2.904789924621582
v -0.5943297147750854 -0.38177794218063354 2.909383773803711
v -0.5985053777694702 -0.3889486789703369 2.9131524562835693
v -0.5949244499206543 -0.3904859125614166 2.908632278442383
v -0.5999239087104797 -0.39456459879875183 2.9156506061553955
v -0.5972841382026672 -0.395809143781662 2.9128990173339844
v -0.5937182903289795 -0.39768508076667786 2.912053108215332
v -0.5993099808692932 -0.39841949939727783 2.9177606105804443
v -0.6009087562561035 -0.39814284443855286 2.921372890472412
v -0.5966863036155701 -0.40108346939086914 2.9185872077941895
v -0.5976663827896118 -0.39830172061920166 2.9155075550079346
v -0.5957406759262085 -0.39997339248657227 2.916043996810913
v -0.5897856950759888 -0.34595146775245667 2.816457509994507
v -0.590726375579834 -0.34947946667671204 2.8211183547973633
v -0.5850889682769775 -0.3462931215763092 2.8228530883789062
v -0.5779849290847778 -0.3422314524650574 2.8247478008270264
v -0.572663426399231 -0.3346276581287384 2.822033643722534
v -0.5789452791213989 -0.3443657457828522 2.8301260471343994
v -0.5863566398620605 -0.3483582139015198 2.828627109527588
v -0.5941480398178101 -0.3528904914855957 2.826460599899292
v -0.5745989084243774 -0.34259510040283203 2.83707332611084
v -0.11729209870100021 0.29134541749954224 3.2052552700042725
v -0.1139681339263916 0.2921200394630432 3.206397294998169
v -0.11614131182432175 0.2853008210659027 3.203867197036743
v -0.11892356723546982 0.28584524989128113 3.2030115127563477
v -0.10855534672737122 0.285153865814209 3.2049169540405273
v -0.11250227689743042 0.2849879860877991 3.204739570617676
v -0.10909701883792877 0.2928536832332611 3.2070627212524414
v -0.1037115603685379 0.29269713163375854 3.205991506576538
v -0.09647121280431747 0.28910619020462036 3.2015650272369385
v -0.094782255589962 0.2877534031867981 3.201310157775879
v -0.09537423402070999 0.28670257329940796 3.2014808654785156
v -0.09750496596097946 0.28661057353019714 3.201991558074951
v -0.10084423422813416 0.28601744771003723 3.203361749649048
v -0.12252247333526611 0.28846490383148193 3.2012646198272705
v -0.12156928330659866 0.2895015776157379 3.2021753787994385
v -0.119718037545681 0.2905005216598511 3.2039589881896973
v -0.10455582290887833 0.2857116460800171 3.205242872238159
v -0.12108498066663742 0.2865879535675049 3.2017557621002197
v -0.12234241515398026 0.2874706983566284 3.2010810375213623
v -0.09934613853693008 0.2913244068622589 3.203507423400879
v -0.10892009735107422 0.28751176595687866 3.205778121948242
v -0.11300667375326157 0.28724905848503113 3.2051467895507812
v -0.10921547561883926 0.2903943657875061 3.2071304321289062
v -0.10446018725633621 0.29050755500793457 3.2064220905303955
v -0.09904811531305313 0.2878248989582062 3.20281720161438
v -0.10131549090147018 0.28788983821868896 3.2043490409851074
v -0.11629880964756012 0.28735190629959106 3.204650402069092
v -0.10480490326881409 0.2878151535987854 3.205382823944092
v -0.11360986530780792 0.2898721694946289 3.206449270248413
v -0.10064169764518738 0.2897365689277649 3.2043344974517822
v -0.09864749759435654 0.2889578938484192 3.2032110691070557
v -0.12171143293380737 0.2884593904018402 3.2025604248046875
v -0.12160026282072067 0.2877950668334961 3.2017035484313965
v -0.10298949480056763 0.04256695508956909 3.140955924987793
v -0.10375750809907913 0.02375251241028309 3.145761489868164
v -0.11679156124591827 0.289344847202301 3.2050163745880127
v -0.1205265000462532 0.2875787019729614 3.2023725509643555
v -0.11874175071716309 0.2874450087547302 3.203465461730957
v -0.11914406716823578 0.2892000377178192 3.2044360637664795
v -0.12079036235809326 0.2887948155403137 3.2032816410064697
v -0.3134435713291168 -0.049058377742767334 3.0189716815948486
v -0.3254854381084442 -0.03946487605571747 3.0230636596679688
v -0.35051313042640686 -0.002545191440731287 2.9959373474121094
v -0.34533190727233887 0.009024620987474918 2.9779677391052246
v -0.14683514833450317 -0.23226279020309448 3.116821050643921
v -0.18257707357406616 -0.14042899012565613 2.939762830734253
v -0.1845826655626297 -0.1221226155757904 2.941311836242676
v -0.11040768027305603 -0.1174694299697876 2.924642324447632
v -0.12938165664672852 -0.12141332030296326 2.923736333847046
v -0.21889574825763702 -0.1840486228466034 3.040463924407959
v -0.2172488421201706 -0.16822616755962372 3.0458178520202637
v -0.1796857863664627 -0.20755690336227417 3.0924248695373535
v -0.1785760223865509 -0.18884623050689697 3.0988640785217285
v -0.2117852121591568 -0.20835448801517487 3.0548672676086426
v -0.15498754382133484 -0.16903777420520782 2.9166147708892822
v -0.17334340512752533 -0.17288455367088318 2.9230213165283203
v -0.1674775779247284 -0.1532825082540512 2.928593635559082
v -0.14976544678211212 -0.1480225771665573 2.9217967987060547
v -0.09269767999649048 -0.11627310514450073 2.930774211883545
v -0.0931977778673172 -0.13829508423805237 2.9283478260040283
v -0.2232140749692917 -0.14361387491226196 3.028491735458374
v -0.22263024747371674 -0.13516269624233246 3.0030524730682373
v -0.2027498334646225 -0.11695484817028046 2.96105694770813
v -0.18698638677597046 -0.10649198293685913 2.94590425491333
v -0.16986294090747833 -0.09632742404937744 2.936535596847534
v -0.15163838863372803 -0.0869511216878891 2.9312682151794434
v -0.1626724898815155 -0.1724664717912674 3.1196625232696533
v -0.14423105120658875 -0.15479834377765656 3.134488344192505
v -0.21688859164714813 -0.1515052765607834 3.052605628967285
v -0.10382721573114395 -0.17970575392246246 3.1457977294921875
v -0.13681891560554504 -0.056166872382164 2.9275882244110107
v -0.11463398486375809 -0.051444992423057556 2.926936626434326
v -0.2154151350259781 -0.12641552090644836 2.980168342590332
v -0.1181492805480957 -0.023031888529658318 3.16084623336792
v -0.13504822552204132 -0.02058209292590618 3.1590635776519775
v -0.13410155475139618 -0.037146568298339844 3.165417432785034
v -0.11709475517272949 -0.03991353511810303 3.1663153171539307
v -0.14996005594730377 -0.03550027310848236 3.1633965969085693
v -0.1649923473596573 -0.03424417972564697 3.1596474647521973
v -0.1785598248243332 -0.03355035185813904 3.154944896697998
v -0.2087671309709549 -0.03597666323184967 3.1335341930389404
v -0.20030370354652405 -0.03472740948200226 3.1412878036499023
v -0.22168581187725067 -0.04033699631690979 3.116717576980591
v -0.2156979739665985 -0.037585899233818054 3.1258347034454346
v -0.22717265784740448 -0.04680778086185455 3.1058290004730225
v -0.23119889199733734 -0.05393041670322418 3.092522144317627
v -0.23386961221694946 -0.04594101011753082 3.0706593990325928
v -0.23361296951770782 -0.060193344950675964 3.076011896133423
v -0.2299923151731491 -0.0678291767835617 3.0992956161499023
v -0.22629958391189575 -0.06016223132610321 3.1128745079040527
v -0.22081933915615082 -0.054229095578193665 3.1231448650360107
v -0.09927056729793549 -0.09881451725959778 3.1643385887145996
v -0.09854190796613693 -0.07768408954143524 3.170081377029419
v -0.10131439566612244 0.060408443212509155 3.137176275253296
v -0.4317951798439026 -0.15969321131706238 2.8719592094421387
v -0.5119102597236633 -0.261950820684433 2.907090902328491
v -0.10134769231081009 0.12595508992671967 3.001727342605591
v -0.11862501502037048 0.13000677525997162 3.001936197280884
v -0.1781766563653946 0.13688834011554718 3.0164761543273926
v -0.19731971621513367 0.1365203708410263 3.0340099334716797
v -0.15655618906021118 0.13384811580181122 3.0068247318267822
v -0.13633763790130615 0.1280299872159958 2.999948501586914
v -0.20297066867351532 -0.14150023460388184 3.079522132873535
v -0.1166805699467659 0.10213984549045563 2.9816548824310303
v -0.13625630736351013 0.12007676064968109 2.9921531677246094
v -0.15759876370429993 0.1264808028936386 2.997344493865967
v -0.1818637102842331 0.1298941820859909 3.0077826976776123
v -0.2076924592256546 0.12868182361125946 3.02242112159729
v -0.22301927208900452 0.12095008790493011 3.0240705013275146
v -0.2379218488931656 0.10515464842319489 3.0090436935424805
v -0.2481265813112259 0.10033227503299713 3.012216806411743
v -0.25929856300354004 0.09524576365947723 3.014342784881592
v -0.26709944009780884 0.09803761541843414 3.03096866607666
v -0.25500473380088806 0.10391785204410553 3.0289907455444336
v -0.32498347759246826 0.03668726980686188 2.9864087104797363
v -0.3294581174850464 0.024986641481518745 2.9741275310516357
v -0.3278541564941406 0.017307745292782784 2.9611079692840576
v -0.3220227062702179 0.01086935494095087 2.950352907180786
v -0.3118436336517334 0.006182120647281408 2.9435219764709473
v -0.2987731695175171 0.003180460538715124 2.9414565563201904
v -0.2850894033908844 0.0055199130438268185 2.9444875717163086
v -0.25117573142051697 0.017023714259266853 2.9631335735321045
v -0.2418534904718399 0.019848035648465157 2.970681667327881
v -0.22762371599674225 0.004731880035251379 2.975770950317383
v -0.22608467936515808 -0.0006058351136744022 2.973928451538086
v -0.214264377951622 -0.023130057379603386 2.9608988761901855
v -0.20727576315402985 -0.0369538813829422 2.9538614749908447
v -0.1959497630596161 -0.0504569411277771 2.9465837478637695
v -0.18289883434772491 -0.2817518711090088 2.8971316814422607
v -0.20162229239940643 -0.2799578905105591 2.907255172729492
v -0.1955234855413437 -0.25956711173057556 2.911855697631836
v -0.17631317675113678 -0.261697918176651 2.901824951171875
v -0.1250276416540146 -0.21545971930027008 2.9071109294891357
v -0.10071326792240143 -0.21388834714889526 2.9094631671905518
v -0.24030418694019318 -0.2587539553642273 2.9601430892944336
v -0.2460743933916092 -0.2600654065608978 2.9851179122924805
v -0.21315160393714905 -0.25723904371261597 2.924346446990967
v -0.2278895527124405 -0.2590799331665039 2.939913272857666
v -0.24486227333545685 -0.262575626373291 3.0105464458465576
v -0.1901952028274536 -0.2851712107658386 3.0912625789642334
v -0.1711854785680771 -0.29044878482818604 3.106564998626709
v -0.131072536110878 -0.29851093888282776 3.1313252449035645
v -0.11044841259717941 -0.3003186881542206 3.139723777770996
v -0.23756548762321472 -0.2679068446159363 3.0343410968780518
v -0.15131676197052002 -0.29496461153030396 3.1203668117523193
v -0.2253027707338333 -0.27423879504203796 3.055534601211548
v -0.20863275229930878 -0.28016409277915955 3.074069023132324
v -0.1452866643667221 -0.21660354733467102 2.9082415103912354
v -0.15045835077762604 -0.24101480841636658 2.901466131210327
v -0.16961218416690826 -0.24052384495735168 2.9061439037323
v -0.11510448157787323 0.016907470300793648 2.9352903366088867
v -0.13371330499649048 0.019659610465168953 2.9352052211761475
v -0.15284356474876404 0.023165615275502205 2.9354729652404785
v -0.16485732793807983 0.048285722732543945 2.944337844848633
v -0.1685347557067871 0.03030887432396412 2.9400956630706787
v -0.18307223916053772 0.035591647028923035 2.9461328983306885
v -0.17890112102031708 0.052891805768013 2.949445962905884
v -0.2043965756893158 0.054964736104011536 2.962329864501953
v -0.20516528189182281 0.04255567491054535 2.960850238800049
v -0.21359467506408691 0.043955087661743164 2.964505434036255
v -0.21459446847438812 0.054759442806243896 2.963031053543091
v -0.22216284275054932 0.04411652684211731 2.9630868434906006
v -0.23073960840702057 0.04422004520893097 2.965247392654419
v -0.2404845803976059 0.04310424625873566 2.967101573944092
v -0.25146758556365967 0.04132099449634552 2.9658031463623047
v -0.26026320457458496 0.060535624623298645 2.9728317260742188
v -0.2490653246641159 0.0631808489561081 2.972707509994507
v -0.20675219595432281 0.06740407645702362 2.9645369052886963
v -0.19250531494617462 0.06922547519207001 2.9611828327178955
v -0.11469833552837372 0.04702560603618622 2.950058698654175
v -0.09709478169679642 0.04258452355861664 2.9543964862823486
v -0.23492662608623505 -0.059896036982536316 3.0552268028259277
v -0.23591972887516022 -0.05742032825946808 3.0334360599517822
v -0.23608827590942383 -0.05266934633255005 3.0144059658050537
v -0.23418104648590088 -0.04574200510978699 2.998952627182007
v -0.23075120151042938 -0.03657516837120056 2.985614776611328
v -0.225648432970047 -0.025984643027186394 2.9747443199157715
v -0.2233184576034546 -0.006753189954906702 2.9706790447235107
v -0.21951158344745636 -0.014212100766599178 2.966667890548706
v -0.21761828660964966 0.004926071967929602 2.965268611907959
v -0.2133653163909912 -0.00153839448466897 2.960188388824463
v -0.20711871981620789 0.011276052333414555 2.956049919128418
v -0.20067274570465088 0.02480611391365528 2.953536033630371
v -0.19511674344539642 0.040138110518455505 2.9539341926574707
v -0.19178615510463715 0.055295929312705994 2.9565908908843994
v -0.17808274924755096 0.06929861009120941 2.9559223651885986
v -0.16368244588375092 0.06557260453701019 2.951028823852539
v -0.14789901673793793 0.07755143940448761 2.957193613052368
v -0.14983825385570526 0.09275202453136444 2.9672112464904785
v -0.14814342558383942 0.05951067805290222 2.948232412338257
v -0.14967931807041168 0.04179123044013977 2.940444231033325
v -0.16353757679462433 0.15153725445270538 3.0378403663635254
v -0.14513269066810608 0.14954547584056854 3.0254788398742676
v -0.2858183979988098 0.01935938186943531 2.9489893913269043
v -0.2803971469402313 0.016854124143719673 2.948904037475586
v -0.2825097441673279 0.012321160174906254 2.946683406829834
v -0.29238441586494446 0.013037250377237797 2.9457132816314697
v -0.3019790053367615 0.016256140545010567 2.947916269302368
v -0.29921770095825195 0.02926507778465748 2.956068515777588
v -0.2931695878505707 0.02379886992275715 2.95188045501709
v -0.3098716735839844 0.02117885835468769 2.9534547328948975
v -0.3150426149368286 0.02754715271294117 2.9621219635009766
v -0.30411243438720703 0.03532169759273529 2.963254928588867
v -0.3171444535255432 0.034351229667663574 2.970944404602051
v -0.30719810724258423 0.04097388684749603 2.970153570175171
v -0.3151857852935791 0.042512282729148865 2.9798126220703125
v -0.30844080448150635 0.04547666013240814 2.9766435623168945
v -0.2832416594028473 0.06774260103702545 2.985499143600464
v -0.2936462163925171 0.06062375009059906 2.9830381870269775
v -0.3025630712509155 0.05194011330604553 2.9790866374969482
v -0.26239797472953796 0.03847028315067291 2.9621376991271973
v -0.27367228269577026 0.03518499433994293 2.9591503143310547
v -0.283688485622406 0.02992992289364338 2.9552319049835205
v -0.2891424894332886 0.03614798188209534 2.9590346813201904
v -0.27860987186431885 0.042205408215522766 2.9624688625335693
v -0.2674478590488434 0.04658791422843933 2.9654202461242676
v -0.11439061164855957 0.03160926699638367 2.9412574768066406
v -0.13173407316207886 0.037057504057884216 2.939711332321167
v -0.2248312383890152 0.054659709334373474 2.964582920074463
v -0.23441463708877563 0.053702667355537415 2.9668102264404297
v -0.24425964057445526 0.052002087235450745 2.968196392059326
v -0.2556840181350708 0.050466254353523254 2.9680216312408447
v -0.23892848193645477 0.06431873142719269 2.9707210063934326
v -0.22895555198192596 0.06532128155231476 2.968285322189331
v -0.21804101765155792 0.06628917157649994 2.9662649631500244
v -0.1314271092414856 0.05355866253376007 2.948213815689087
v -0.09682218730449677 0.027810337021946907 2.9434492588043213
v -0.26054057478904724 0.03976607322692871 3.09041428565979
v -0.2710728645324707 0.061480775475502014 3.087641954421997
v -0.2778608202934265 0.08106277883052826 3.0728399753570557
v -0.2756401002407074 0.09430645406246185 3.052155017852783
v -0.3605619966983795 -0.127965047955513 2.9130375385284424
v -0.09371282905340195 -0.159882053732872 2.9234983921051025
v -0.09676765650510788 -0.18519508838653564 2.917217254638672
v -0.11733663082122803 -0.18777643144130707 2.9113881587982178
v -0.0947280153632164 -0.05015634000301361 2.9271962642669678
v -0.09657628834247589 0.01483690831810236 2.9367265701293945
v -0.187482550740242 -0.06291091442108154 3.1629364490509033
v -0.17598658800125122 -0.06265966594219208 3.168637752532959
v -0.17717167735099792 -0.04871100187301636 3.161926507949829
v -0.18888108432292938 -0.04882991313934326 3.1563780307769775
v -0.20601461827754974 -0.06351487338542938 3.1476845741271973
v -0.19774669408798218 -0.06327471137046814 3.1556313037872314
v -0.19899536669254303 -0.04921163618564606 3.1496946811676025
v -0.20755356550216675 -0.050008624792099 3.141923427581787
v -0.21332919597625732 -0.06478941440582275 3.1395864486694336
v -0.21465741097927094 -0.05113914608955383 3.133296251296997
v -0.19582295417785645 -0.07729068398475647 3.1603453159332275
v -0.18595470488071442 -0.07735185325145721 3.1671791076660156
v -0.174575537443161 -0.07690633833408356 3.1726346015930176
v -0.2109745591878891 -0.07762250304222107 3.14337420463562
v -0.20411914587020874 -0.07719555497169495 3.151676654815674
v -0.08068174868822098 0.17824257910251617 3.17997145652771
v -0.07821840792894363 0.18067501485347748 3.1946966648101807
v -0.07184286415576935 0.21927063167095184 3.2138450145721436
v -0.07206651568412781 0.22356025874614716 3.2120180130004883
v -0.09795203804969788 0.0884624570608139 3.132802963256836
v -0.09632644802331924 0.10124440491199493 3.1333565711975098
v -0.09960096329450607 -0.059608325362205505 3.170131206512451
v -0.10173201560974121 -0.025980262085795403 3.1628212928771973
v -0.10319998115301132 -0.012369959615170956 3.154158592224121
v -0.10374584048986435 0.004817010369151831 3.149188280105591
v -0.09997116774320602 0.0756339281797409 3.134308338165283
v -0.10070104897022247 -0.04293754696846008 3.1672942638397217
v -0.25681760907173157 -0.45519980788230896 2.954185962677002
v -0.238286554813385 -0.47818422317504883 2.9448866844177246
v -0.24331194162368774 -0.4484075605869293 2.934774875640869
v -0.22851595282554626 -0.464674174785614 2.926300048828125
v -0.25118979811668396 -0.3746192455291748 2.9387362003326416
v -0.2513604164123535 -0.4024043679237366 2.9382359981536865
v -0.2502868175506592 -0.3448840081691742 2.9382705688476562
v -0.20764437317848206 -0.4737530052661896 2.91568660736084
v -0.18099315464496613 -0.477666974067688 2.9070637226104736
v -0.17713479697704315 -0.45479679107666016 2.8919596672058105
v -0.23480822145938873 -0.34933239221572876 2.9176647663116455
v -0.2354530394077301 -0.3767624497413635 2.9183359146118164
v -0.2335691899061203 -0.44313448667526245 2.9232234954833984
v -0.2499329000711441 -0.42725759744644165 2.9374074935913086
v -0.23513063788414001 -0.42728370428085327 2.9209725856781006
v -0.20306050777435303 -0.4534887969493866 2.9026312828063965
v -0.22187818586826324 -0.44926273822784424 2.91538405418396
v -0.13954921066761017 -0.2866505980491638 2.8883004188537598
v -0.11652009934186935 -0.30649638175964355 2.8825314044952393
v -0.14536219835281372 -0.3069761395454407 2.8832056522369385
v -0.2201724350452423 -0.27744171023368835 2.919870376586914
v -0.209457129240036 -0.29908573627471924 2.904393434524536
v -0.21970181167125702 -0.4303264319896698 2.907116174697876
v -0.19985376298427582 -0.4298318028450012 2.8935153484344482
v -0.1744711995124817 -0.42938828468322754 2.882431983947754
v -0.17405284941196442 -0.35200464725494385 2.87746000289917
v -0.17341922223567963 -0.37671712040901184 2.875680923461914
v -0.1972055584192276 -0.37745919823646545 2.886542320251465
v -0.19765855371952057 -0.3514831066131592 2.887552499771118
v -0.21460215747356415 -0.3235185742378235 2.9013400077819824
v -0.21772010624408722 -0.3499627113342285 2.9007790088653564
v -0.17260633409023285 -0.32800936698913574 2.8819658756256104
v -0.19481158256530762 -0.32587411999702454 2.8896002769470215
v -0.189409539103508 -0.30226361751556396 2.8937439918518066
v -0.21830259263515472 -0.3775501549243927 2.9014363288879395
v -0.14371958374977112 -0.4023636281490326 2.8706653118133545
v -0.17243070900440216 -0.40411481261253357 2.876756191253662
v -0.11198673397302628 -0.40102118253707886 2.8728115558624268
v -0.1681787371635437 -0.3048189878463745 2.887017011642456
v -0.1624889075756073 -0.2831018269062042 2.8918871879577637
v -0.15645378828048706 -0.2616511583328247 2.8968398571014404
v -0.13956739008426666 -0.1907447874546051 2.9112699031829834
v -0.22494055330753326 -0.5325753688812256 3.2449891567230225
v -0.08881131559610367 -0.46440213918685913 3.0675954818725586
v -0.08875693380832672 -0.4757010340690613 3.0410096645355225
v -0.26221904158592224 -0.3730376362800598 3.0461490154266357
v -0.27630913257598877 -0.41980403661727905 2.992464303970337
v -0.2653188705444336 -0.4255739748477936 2.9590864181518555
v -0.109797403216362 -0.4163064956665039 3.1184136867523193
v -0.096084363758564 -0.43678855895996094 3.1063807010650635
v -0.2450975626707077 -0.3642619252204895 3.072474718093872
v -0.19027845561504364 -0.3711795210838318 3.1121304035186768
v -0.09086161106824875 -0.45230168104171753 3.088526964187622
v -0.23576638102531433 -0.40431493520736694 2.9196019172668457
v -0.21922674775123596 -0.40548622608184814 2.90346097946167
v -0.19827716052532196 -0.4047333002090454 2.888591766357422
v -0.14382268488407135 -0.4287373125553131 2.8764150142669678
v -0.11106929183006287 -0.42444533109664917 2.8784406185150146
v -0.10506124794483185 -0.3919491171836853 3.1040852069854736
v -0.1022518202662468 -0.390133798122406 3.1124989986419678
v -0.09427151829004288 -0.3919852375984192 3.112576961517334
v -0.09390514343976974 -0.3983667492866516 3.1029231548309326
v -0.1900286078453064 -0.3002724051475525 3.0914154052734375
v -0.16909067332744598 -0.3050166368484497 3.105752468109131
v -0.127047598361969 -0.3123856782913208 3.129445791244507
v -0.10722783952951431 -0.3147866725921631 3.137270450592041
v -0.242350772023201 -0.2841755449771881 3.037903308868408
v -0.1476375162601471 -0.30914169549942017 3.118683099746704
v -0.22913582623004913 -0.29010599851608276 3.0588109493255615
v -0.2105019986629486 -0.2956266403198242 3.075640916824341
v -0.20281049609184265 -0.9352539777755737 3.114677906036377
v -0.20547480881214142 -0.9610350131988525 3.1063828468322754
v -0.20643050968647003 -0.9543536305427551 3.0915169715881348
v -0.20024338364601135 -0.9284606575965881 3.102135419845581
v -0.21648840606212616 -0.9148955941200256 3.0777766704559326
v -0.2047332227230072 -0.919252336025238 3.084005832672119
v -0.23108159005641937 -0.9143697023391724 3.076246738433838
v -0.228526771068573 -0.9429299831390381 3.062743663787842
v -0.24007725715637207 -0.9460322856903076 3.068352222442627
v -0.24390533566474915 -0.9172754883766174 3.0778703689575195
v -0.2525547742843628 -0.9211069345474243 3.0864038467407227
v -0.2550983428955078 -0.9534781575202942 3.087453603744507
v -0.2587253153324127 -0.9590651988983154 3.104646682739258
v -0.26267126202583313 -0.9332922101020813 3.1146981716156006
v -0.25866955518722534 -0.9259584546089172 3.0997347831726074
v -0.25839295983314514 -0.9438462257385254 3.1301913261413574
v -0.2549508512020111 -0.9680913686752319 3.1204349994659424
v -0.24453173577785492 -0.9492591023445129 3.1387581825256348
v -0.2103472799062729 -0.9416324496269226 3.1261188983917236
v -0.20995265245437622 -0.9670813083648682 3.1210646629333496
v -0.21508054435253143 -0.9428399205207825 3.064615488052368
v -0.20582737028598785 -0.9473103284835815 3.0741653442382812
v -0.19916890561580658 -0.92393559217453 3.091735601425171
v -0.2062942385673523 -0.9504874348640442 3.083160400390625
v -0.20493632555007935 -0.9816737174987793 3.089057207107544
v -0.20156897604465485 -0.9856639504432678 3.1035969257354736
v -0.21277542412281036 -0.9705257415771484 3.0555264949798584
v -0.20802347362041473 -0.9747722148895264 3.0684609413146973
v -0.2366771548986435 -0.9736340641975403 3.0604424476623535
v -0.22605149447917938 -0.970225989818573 3.0518834590911865
v -0.25527504086494446 -0.9805521368980408 3.077465295791626
v -0.2482437938451767 -0.9495058655738831 3.0771491527557373
v -0.2465217262506485 -0.9769157767295837 3.068193197250366
v -0.2583887577056885 -0.9842818379402161 3.0947673320770264
v -0.25489887595176697 -0.9908005595207214 3.113633155822754
v -0.2067795693874359 -0.9903151392936707 3.119408369064331
v -0.20897966623306274 -0.9774152040481567 3.0772931575775146
v -0.2744729518890381 -1.0767310857772827 3.2525339126586914
v -0.2675182819366455 -1.0789220333099365 3.2549428939819336
v -0.26763227581977844 -1.0734403133392334 3.2531802654266357
v -0.2718393802642822 -1.0729178190231323 3.2515158653259277
v -0.2388533502817154 -1.0809462070465088 3.267042398452759
v -0.22798682749271393 -1.0856270790100098 3.267089366912842
v -0.22788451611995697 -1.0742807388305664 3.2681543827056885
v -0.23576830327510834 -1.0714861154556274 3.268507719039917
v -0.2558252513408661 -1.079532265663147 3.2641875743865967
v -0.2635853886604309 -1.0780771970748901 3.2622904777526855
v -0.26132524013519287 -1.0827096700668335 3.260363817214966
v -0.256420373916626 -1.083358883857727 3.2614405155181885
v -0.28992176055908203 -1.0736004114151 3.2206969261169434
v -0.29405128955841064 -1.0748584270477295 3.218214511871338
v -0.29394766688346863 -1.0774204730987549 3.2159204483032227
v -0.29003387689590454 -1.078575849533081 3.2185795307159424
v -0.28015872836112976 -1.0769102573394775 3.2402963638305664
v -0.28530755639076233 -1.076928973197937 3.2363884449005127
v -0.2839507758617401 -1.0805761814117432 3.2353427410125732
v -0.2808811664581299 -1.0810904502868652 3.2368717193603516
v -0.23543545603752136 -1.0680056810379028 3.2463860511779785
v -0.23679055273532867 -1.0687780380249023 3.2598941326141357
v -0.22448916733264923 -1.0722601413726807 3.259066581726074
v -0.22078700363636017 -1.0687516927719116 3.2462637424468994
v -0.21904142200946808 -1.0822137594223022 3.2570652961730957
v -0.22647714614868164 -1.0867068767547607 3.253636598587036
v -0.22274623811244965 -1.0879077911376953 3.2405171394348145
v -0.2150905877351761 -1.0799291133880615 3.2418417930603027
v -0.23881474137306213 -1.0853091478347778 3.253671646118164
v -0.23652403056621552 -1.0866388082504272 3.241539716720581
v -0.24350883066654205 -1.0780675411224365 3.2440080642700195
v -0.24690476059913635 -1.0765130519866943 3.258113384246826
v -0.26172369718551636 -1.0750854015350342 3.243340015411377
v -0.26645150780677795 -1.0760585069656372 3.2539846897125244
v -0.26021429896354675 -1.0707318782806396 3.255547046661377
v -0.2554031014442444 -1.0680664777755737 3.2434637546539307
v -0.2525440454483032 -1.0722424983978271 3.2581393718719482
v -0.2453686147928238 -1.0698723793029785 3.2469794750213623
v -0.24294981360435486 -1.080252766609192 3.247037410736084
v -0.2474679797887802 -1.0793789625167847 3.2598743438720703
v -0.25204917788505554 -1.0838758945465088 3.255108118057251
v -0.24766847491264343 -1.0853937864303589 3.24332594871521
v -0.25663214921951294 -1.0836139917373657 3.2419509887695312
v -0.26133018732070923 -1.0829533338546753 3.253091335296631
v -0.2704886496067047 -1.0676571130752563 3.234618902206421
v -0.2720847725868225 -1.0719056129455566 3.246060371398926
v -0.26514172554016113 -1.0729135274887085 3.2480173110961914
v -0.26126202940940857 -1.069239616394043 3.238996982574463
v -0.2616524398326874 -1.0804390907287598 3.249561309814453
v -0.2668105363845825 -1.0830641984939575 3.246518135070801
v -0.26374298334121704 -1.0827080011367798 3.2362029552459717
v -0.2587577998638153 -1.0793328285217285 3.240563154220581
v -0.2730819880962372 -1.0812660455703735 3.233654022216797
v -0.2737938463687897 -1.0824671983718872 3.244729995727539
v -0.27667954564094543 -1.0725055932998657 3.234539031982422
v -0.27730029821395874 -1.0766090154647827 3.2455785274505615
v -0.28816938400268555 -1.072689175605774 3.2198140621185303
v -0.2872738838195801 -1.076874852180481 3.2300453186035156
v -0.2838557958602905 -1.071439504623413 3.2313239574432373
v -0.2834864556789398 -1.067388892173767 3.221308708190918
v -0.27862247824668884 -1.0713367462158203 3.2344307899475098
v -0.2766726016998291 -1.0678244829177856 3.2262771129608154
v -0.27565881609916687 -1.0753377676010132 3.235234022140503
v -0.2783837914466858 -1.0818769931793213 3.2318809032440186
v -0.27773040533065796 -1.081032633781433 3.224006414413452
v -0.2751452624797821 -1.0734953880310059 3.2285470962524414
v -0.28489917516708374 -1.081853985786438 3.229480266571045
v -0.28494709730148315 -1.0805310010910034 3.2193148136138916
v -0.29346051812171936 -1.0675077438354492 3.203347682952881
v -0.29547354578971863 -1.074729323387146 3.2006542682647705
v -0.29698917269706726 -1.0736006498336792 3.2094221115112305
v -0.29451507329940796 -1.0684289932250977 3.211167335510254
v -0.2887539565563202 -1.0682482719421387 3.215179681777954
v -0.28823956847190857 -1.066435694694519 3.209249258041382
v -0.286548912525177 -1.0727133750915527 3.2160589694976807
v -0.28787216544151306 -1.0792245864868164 3.213064432144165
v -0.2875642776489258 -1.0792447328567505 3.206822156906128
v -0.28736114501953125 -1.071702241897583 3.210655450820923
v -0.29420602321624756 -1.0787049531936646 3.2098093032836914
v -0.2927464544773102 -1.0787938833236694 3.2015998363494873
v -0.2178778350353241 -1.0659273862838745 3.2322185039520264
v -0.23675303161144257 -1.0680240392684937 3.2323009967803955
v -0.2299262434244156 -1.0858254432678223 3.26263165473938
v -0.21232914924621582 -1.0787540674209595 3.2283895015716553
v -0.2368234246969223 -1.0852047204971313 3.2624659538269043
v -0.23772457242012024 -1.0862560272216797 3.2299439907073975
v -0.22046075761318207 -1.0874128341674805 3.225825071334839
v -0.24087071418762207 -1.0789912939071655 3.2384390830993652
v -0.26106441020965576 -1.0734466314315796 3.2619800567626953
v -0.2576085329055786 -1.0774810314178467 3.234678268432617
v -0.25617900490760803 -1.0846829414367676 3.2256510257720947
v -0.25669196248054504 -1.0741883516311646 3.263011932373047
v -0.25407353043556213 -1.0663096904754639 3.2286031246185303
v -0.2702831029891968 -1.0656830072402954 3.21708607673645
v -0.26976799964904785 -1.0821003913879395 3.2521004676818848
v -0.27358365058898926 -1.0814682245254517 3.2503981590270996
v -0.27353301644325256 -1.082708716392517 3.2166600227355957
v -0.27492448687553406 -1.0729798078536987 3.2258620262145996
v -0.2836405038833618 -1.0738060474395752 3.237168550491333
v -0.2872058153152466 -1.0719395875930786 3.210479974746704
v -0.28523755073547363 -1.0812205076217651 3.203540325164795
v -0.28098157048225403 -1.0727530717849731 3.2383432388305664
v -0.2838619649410248 -1.0645116567611694 3.2044177055358887
v -0.2923426926136017 -1.071319580078125 3.2166662216186523
v -0.29484790563583374 -1.074802279472351 3.188262701034546
v -0.29132306575775146 -1.0814223289489746 3.1916379928588867
v -0.2899676263332367 -1.0705289840698242 3.219099760055542
v -0.2925274670124054 -1.0657826662063599 3.1925034523010254
v -0.21815207600593567 -0.9483886957168579 3.136108875274658
v -0.2186766117811203 -0.971660852432251 3.1304264068603516
v -0.23012499511241913 -0.9512425661087036 3.139230728149414
v -0.24279917776584625 -0.9724187850952148 3.1287500858306885
v -0.23022526502609253 -0.9737228751182556 3.1315817832946777
v -0.21807976067066193 -0.9934806823730469 3.131030321121216
v -0.24200132489204407 -0.9954691529273987 3.1260204315185547
v -0.23077435791492462 -0.9949518442153931 3.1321802139282227
v -0.25602832436561584 -1.0005079507827759 3.068070411682129
v -0.26167210936546326 -1.0044888257980347 3.085263252258301
v -0.24483926594257355 -0.997314453125 3.0598366260528564
v -0.22339124977588654 -0.9916307926177979 3.0424880981445312
v -0.23528429865837097 -0.9938958287239075 3.050353765487671
v -0.21717393398284912 -1.011229157447815 3.1378684043884277
v -0.20631574094295502 -1.0094985961914062 3.121454954147339
v -0.23105694353580475 -1.0120484828948975 3.1412410736083984
v -0.24537016451358795 -1.0129188299179077 3.1325509548187256
v -0.21113137900829315 -1.0616172552108765 3.216754674911499
v -0.20949392020702362 -1.059125304222107 3.197317600250244
v -0.2235737442970276 -1.0497909784317017 3.200374126434326
v -0.22908048331737518 -1.0592498779296875 3.215811014175415
v -0.24154694378376007 -1.049721360206604 3.1939029693603516
v -0.24652396142482758 -1.0599195957183838 3.210115432739258
v -0.25712862610816956 -1.051621675491333 3.1836891174316406
v -0.2623857855796814 -1.0598500967025757 3.201272964477539
v -0.27123916149139404 -1.055295467376709 3.1734325885772705
v -0.2768327593803406 -1.0612558126449585 3.190629243850708
v -0.28285667300224304 -1.0621215105056763 3.1618576049804688
v -0.2889353632926941 -1.0644327402114868 3.179823637008667
v -0.28941822052001953 -1.0725860595703125 3.15511155128479
v -0.2946356236934662 -1.0748347043991089 3.1731793880462646
v -0.20629142224788666 -1.0774037837982178 3.2127201557159424
v -0.20532728731632233 -1.0733288526535034 3.1927828788757324
v -0.21596410870552063 -1.0879138708114624 3.208752393722534
v -0.21452052891254425 -1.0863510370254517 3.1886327266693115
v -0.2327808290719986 -1.0882818698883057 3.206228494644165
v -0.22965365648269653 -1.0866626501083374 3.1847379207611084
v -0.2845735549926758 -1.0836105346679688 3.156721353530884
v -0.28923940658569336 -1.0845880508422852 3.1762025356292725
v -0.25023365020751953 -1.0869251489639282 3.1998586654663086
v -0.24627788364887238 -1.0855783224105835 3.1790528297424316
v -0.26602882146835327 -1.0867552757263184 3.1917665004730225
v -0.2614121735095978 -1.0857876539230347 3.170769453048706
v -0.2789176106452942 -1.0862821340560913 3.183115243911743
v -0.27419424057006836 -1.0862908363342285 3.163301467895508
v -0.21862094104290009 -1.0409218072891235 3.1787240505218506
v -0.23718096315860748 -1.0362316370010376 3.176217794418335
v -0.2526231110095978 -1.0400688648223877 3.1655688285827637
v -0.26522624492645264 -1.0468367338180542 3.153001308441162
v -0.2753268778324127 -1.0566304922103882 3.1409943103790283
v -0.28221461176872253 -1.0670299530029297 3.134849786758423
v -0.2628037631511688 -1.0333610773086548 3.126978635787964
v -0.26750797033309937 -1.0510586500167847 3.1166930198669434
v -0.2723861038684845 -1.062557339668274 3.113438367843628
v -0.26203110814094543 -1.0447403192520142 3.0920445919036865
v -0.2639232575893402 -1.0577290058135986 3.090770959854126
v -0.24975207448005676 -1.0376904010772705 3.053650140762329
v -0.25185954570770264 -1.0534330606460571 3.050537586212158
v -0.2577650249004364 -1.053836703300476 3.068995952606201
v -0.2557010352611542 -1.0398393869400024 3.0705692768096924
v -0.25957274436950684 -1.0284684896469116 3.099313735961914
v -0.25648656487464905 -1.0219428539276123 3.0767104625701904
v -0.25003743171691895 -1.0178930759429932 3.060271739959717
v -0.23494958877563477 -1.0492970943450928 3.029841423034668
v -0.24518746137619019 -1.0518509149551392 3.038092613220215
v -0.24381430447101593 -1.0360954999923706 3.04181170463562
v -0.23540151119232178 -1.032820701599121 3.031841993331909
v -0.21912597119808197 -1.0311657190322876 3.025805950164795
v -0.21828195452690125 -1.0488158464431763 3.028200149536133
v -0.20407935976982117 -1.0329627990722656 3.0371246337890625
v -0.20277173817157745 -1.0495073795318604 3.0375194549560547
v -0.2347993105649948 -1.0126755237579346 3.0406641960144043
v -0.24273689091205597 -1.0156450271606445 3.0498392581939697
v -0.22189943492412567 -1.0107797384262085 3.03425669670105
v -0.20846296846866608 -1.0125007629394531 3.043768882751465
v -0.2068084329366684 -1.0156282186508179 3.0598607063293457
v -0.20224528014659882 -1.0359325408935547 3.0555315017700195
v -0.19800589978694916 -1.0509881973266602 3.055002450942993
v -0.20860300958156586 -1.0549108982086182 3.174802780151367
v -0.2077159732580185 -1.0665161609649658 3.168649911880493
v -0.24991992115974426 -1.026281476020813 3.1469566822052
v -0.23304571211338043 -1.023768424987793 3.1577212810516357
v -0.21463343501091003 -1.0287044048309326 3.1524837017059326
v -0.20541879534721375 -1.0484954118728638 3.149702548980713
v -0.20836737751960754 -1.06069815158844 3.1443397998809814
v -0.20703621208667755 -1.0565261840820312 3.1212165355682373
v -0.20271098613739014 -1.0447313785552979 3.124239683151245
v -0.2147645503282547 -1.0768803358078003 3.165313720703125
v -0.21537187695503235 -1.067785382270813 3.141448497772217
v -0.21284367144107819 -1.0627244710922241 3.1176483631134033
v -0.20309041440486908 -1.0540366172790527 3.0999765396118164
v -0.2006630301475525 -1.041840672492981 3.1022870540618896
v -0.20085479319095612 -1.052194356918335 3.0826833248138428
v -0.20171193778514862 -1.0388340950012207 3.0847835540771484
v -0.20225876569747925 -1.0371716022491455 3.070725679397583
v -0.19896668195724487 -1.0513874292373657 3.0690908432006836
v -0.2035670280456543 -1.0201780796051025 3.0861003398895264
v -0.20527981221675873 -1.0173213481903076 3.073805093765259
v -0.20218850672245026 -1.0244700908660889 3.1027426719665527
v -0.2046152800321579 -1.0274674892425537 3.125237226486206
v -0.27805259823799133 -1.0790878534317017 3.1359124183654785
v -0.2698622941970825 -1.073114037513733 3.114095687866211
v -0.261039674282074 -1.0674904584884644 3.0921630859375
v -0.25377464294433594 -1.0650826692581177 3.070199489593506
v -0.24584023654460907 -1.0641099214553833 3.0529425144195557
v -0.23901233077049255 -1.0629324913024902 3.042923927307129
v -0.2172814905643463 -1.0590331554412842 3.0352818965911865
v -0.23031029105186462 -1.0606186389923096 3.0356638431549072
v -0.20631979405879974 -1.0591803789138794 3.0418829917907715
v -0.20220734179019928 -1.0611809492111206 3.0557732582092285
v -0.20267413556575775 -1.0630286931991577 3.0686371326446533
v -0.20800676941871643 -1.06230890750885 3.0963892936706543
v -0.20440757274627686 -1.063469409942627 3.08090877532959
v -0.20002803206443787 -1.0060659646987915 3.1020052433013916
v -0.20174098014831543 -1.0021803379058838 3.085859775543213
v -0.20712006092071533 -0.9982637166976929 3.073338031768799
v -0.21261988580226898 -0.9916544556617737 3.0485305786132812
v -0.20925116539001465 -0.9952221512794495 3.063500165939331
v -0.22719226777553558 -1.0810106992721558 3.1609861850738525
v -0.24257777631282806 -1.080367922782898 3.15407395362854
v -0.25675052404403687 -1.0813432931900024 3.146723508834839
v -0.2684914767742157 -1.0818977355957031 3.140145778656006
v -0.2619936168193817 -1.0763590335845947 3.117885112762451
v -0.25120067596435547 -1.076002597808838 3.1229312419891357
v -0.23776008188724518 -1.0749844312667847 3.1298608779907227
v -0.2248752862215042 -1.072256088256836 3.1369242668151855
v -0.2534325420856476 -1.0720045566558838 3.0962657928466797
v -0.24383556842803955 -1.072503924369812 3.101048469543457
v -0.2314872294664383 -1.071144700050354 3.105915069580078
v -0.22081851959228516 -1.0687599182128906 3.1135756969451904
v -0.21502123773097992 -1.068074107170105 3.0922811031341553
v -0.22407692670822144 -1.0697027444839478 3.085597515106201
v -0.23507754504680634 -1.0704609155654907 3.0809671878814697
v -0.2442934513092041 -1.0690834522247314 3.0748391151428223
v -0.23737139999866486 -1.067196249961853 3.059293270111084
v -0.2284761369228363 -1.0678035020828247 3.06528639793396
v -0.2186967134475708 -1.0678749084472656 3.0706541538238525
v -0.21103645861148834 -1.0668319463729858 3.0758872032165527
v -0.23201285302639008 -1.0658695697784424 3.050835132598877
v -0.2180471569299698 -1.063028335571289 3.0426130294799805
v -0.22539091110229492 -1.0639957189559937 3.0444984436035156
v -0.21001644432544708 -1.0631543397903442 3.0453453063964844
v -0.20822207629680634 -1.0646084547042847 3.055680274963379
v -0.20908893644809723 -1.0662028789520264 3.065878391265869
v -0.2162041813135147 -1.0663217306137085 3.0615170001983643
v -0.21457576751708984 -1.0649816989898682 3.0543787479400635
v -0.22484709322452545 -1.0663987398147583 3.0569355487823486
v -0.22138190269470215 -1.064904808998108 3.050997018814087
v -0.21415089070796967 -1.0640898942947388 3.0488550662994385
v -0.21756979823112488 -1.0640172958374023 3.047149419784546
v -0.2555364966392517 -1.0126169919967651 3.111589193344116
v -0.2220071703195572 -0.7119200229644775 3.2873833179473877
v -0.20731182396411896 -0.7094897031784058 3.285583257675171
v -0.23848597705364227 -0.7093488574028015 3.2883684635162354
v -0.21601898968219757 -0.3610089421272278 3.083097219467163
v -0.16458192467689514 -0.22780926525592804 3.1026289463043213
v -0.16343815624713898 -0.19307465851306915 3.1144912242889404
v -0.16349460184574127 -0.21211358904838562 3.1085355281829834
v -0.22057345509529114 -0.3734140396118164 3.0977909564971924
v -0.20571529865264893 -0.15910768508911133 3.0728955268859863
v -0.19027313590049744 -0.03370733559131622 3.148721933364868
v -0.16876867413520813 0.2800767123699188 3.132319927215576
v -0.16674043238162994 0.2776528596878052 3.1306352615356445
v -0.16571559011936188 0.27501291036605835 3.1285152435302734
v -0.16563548147678375 0.2734018564224243 3.125588893890381
v -0.16549888253211975 0.2719271779060364 3.1218388080596924
v -0.16474822163581848 0.27193689346313477 3.1190531253814697
v -0.16790179908275604 0.2762455940246582 3.1270010471343994
v -0.16626222431659698 0.27893930673599243 3.1236159801483154
v -0.1664489209651947 0.279823362827301 3.125946044921875
v -0.16817837953567505 0.27811235189437866 3.1287405490875244
f 2 3 1
f 1 3 4
f 3 2 5
f 5 2 6
f 3 7 4
f 4 7 8
f 10 11 9
f 9 11 12
f 14 15 13
f 13 15 16
f 18 19 17
f 17 19 20
f 22 23 21
f 21 23 24
f 26 18 25
f 25 18 17
f 27 28 17
f 17 28 25
f 30 31 29
f 29 31 32
f 34 35 33
f 33 35 36
f 21 24 37
f 37 24 38
f 40 31 39
f 39 31 38
f 34 33 28
f 28 33 25
f 41 42 44
f 44 42 43
f 36 45 33
f 33 45 25
f 46 47 49
f 49 47 48
f 51 52 50
f 50 52 53
f 55 53 54
f 54 53 52
f 57 58 56
f 56 58 59
f 61 62 60
f 60 62 63
f 65 66 64
f 64 66 67
f 69 70 68
f 68 70 71
f 65 73 72
f 72 73 74
f 64 75 65
f 65 75 73
f 77 78 76
f 76 78 79
f 80 81 83
f 83 81 82
f 81 85 84
f 84 85 86
f 88 89 87
f 87 89 69
f 88 87 90
f 90 87 91
f 93 94 92
f 92 94 95
f 96 84 43
f 43 84 44
f 51 98 97
f 97 98 86
f 97 99 51
f 51 99 52
f 54 52 100
f 100 52 99
f 58 101 59
f 59 101 102
f 62 103 63
f 63 103 104
f 105 106 6
f 6 106 5
f 108 109 107
f 107 109 110
f 112 113 111
f 111 113 114
f 116 117 115
f 115 117 118
f 120 121 119
f 119 121 122
f 124 125 123
f 123 125 126
f 128 129 127
f 127 129 130
f 130 131 127
f 127 131 132
f 134 1 133
f 133 1 135
f 1 4 135
f 135 4 136
f 4 8 136
f 136 8 137
f 138 139 15
f 15 139 140
f 140 139 141
f 141 139 142
f 144 57 143
f 143 57 56
f 145 146 141
f 141 146 147
f 146 149 148
f 148 149 150
f 152 153 151
f 151 153 154
f 141 147 140
f 140 147 155
f 157 11 156
f 156 11 158
f 160 161 159
f 159 161 162
f 164 165 163
f 163 165 166
f 165 160 166
f 166 160 159
f 168 169 167
f 167 169 170
f 169 171 170
f 170 171 172
f 149 173 150
f 150 173 174
f 175 176 149
f 149 176 173
f 178 172 177
f 177 172 171
f 180 181 179
f 179 181 182
f 184 180 183
f 183 180 179
f 186 187 185
f 185 187 188
f 190 191 189
f 189 191 192
f 7 193 8
f 8 193 194
f 196 162 195
f 195 162 161
f 197 168 198
f 198 168 167
f 181 199 182
f 182 199 200
f 202 203 201
f 201 203 204
f 187 186 205
f 205 186 206
f 208 209 207
f 207 209 210
f 212 213 211
f 211 213 214
f 215 216 218
f 218 216 217
f 220 209 219
f 219 209 208
f 204 186 221
f 221 186 185
f 201 204 222
f 222 204 221
f 223 211 220
f 220 211 209
f 224 225 214
f 214 225 210
f 203 206 204
f 204 206 186
f 227 187 226
f 226 187 205
f 27 228 21
f 21 228 22
f 230 231 229
f 229 231 232
f 234 235 233
f 233 235 236
f 238 239 237
f 237 239 240
f 119 122 118
f 118 122 115
f 112 242 241
f 241 242 243
f 98 51 244
f 244 51 50
f 245 138 14
f 14 138 15
f 11 10 158
f 158 10 246
f 89 85 69
f 69 85 70
f 11 157 12
f 12 157 247
f 249 164 248
f 248 164 163
f 177 250 178
f 178 250 251
f 253 254 252
f 252 254 255
f 187 227 188
f 188 227 256
f 212 257 213
f 213 257 258
f 260 134 259
f 259 134 133
f 165 164 135
f 135 164 133
f 160 165 136
f 136 165 135
f 136 137 160
f 160 137 161
f 137 261 161
f 161 261 195
f 263 264 262
f 262 264 265
f 13 16 266
f 266 16 267
f 268 267 155
f 155 267 16
f 147 269 155
f 155 269 268
f 162 196 167
f 167 196 198
f 167 170 162
f 162 170 159
f 170 172 159
f 159 172 166
f 172 178 166
f 166 178 163
f 178 251 163
f 163 251 248
f 168 270 169
f 169 270 271
f 272 273 171
f 171 273 177
f 271 272 169
f 169 272 171
f 168 197 270
f 270 197 274
f 250 177 275
f 275 177 273
f 277 45 276
f 276 45 278
f 280 281 279
f 279 281 282
f 284 104 283
f 283 104 103
f 285 215 286
f 286 215 218
f 288 289 287
f 287 289 290
f 291 80 66
f 66 80 83
f 293 294 292
f 292 294 295
f 73 91 74
f 74 91 87
f 91 73 92
f 92 73 75
f 279 77 280
f 280 77 76
f 80 291 70
f 70 291 71
f 277 47 96
f 96 47 82
f 297 175 296
f 296 175 149
f 299 154 298
f 298 154 153
f 225 300 210
f 210 300 207
f 224 301 206
f 206 301 205
f 210 209 214
f 214 209 211
f 226 205 302
f 302 205 301
f 304 305 303
f 303 305 306
f 308 309 307
f 307 309 310
f 72 291 65
f 65 291 66
f 66 83 67
f 67 83 46
f 312 313 311
f 311 313 314
f 316 317 315
f 315 317 36
f 29 318 35
f 35 318 319
f 321 32 320
f 320 32 322
f 311 314 323
f 323 314 324
f 315 325 316
f 316 325 326
f 318 287 319
f 319 287 290
f 328 321 327
f 327 321 320
f 329 330 39
f 39 330 331
f 332 333 40
f 40 333 322
f 309 334 285
f 285 334 335
f 236 2 134
f 134 2 1
f 260 336 233
f 233 336 337
f 237 14 265
f 265 14 13
f 84 86 44
f 44 86 98
f 189 192 7
f 7 192 193
f 44 98 41
f 41 98 244
f 237 240 14
f 14 240 245
f 7 3 189
f 189 3 5
f 338 71 72
f 72 71 291
f 262 265 266
f 266 265 13
f 124 123 339
f 339 123 105
f 123 109 105
f 105 109 106
f 189 5 190
f 190 5 106
f 111 114 12
f 12 114 9
f 264 340 265
f 265 340 237
f 342 343 341
f 341 343 344
f 6 235 105
f 105 235 339
f 234 346 345
f 345 346 347
f 349 350 348
f 348 350 351
f 107 352 108
f 108 352 353
f 355 356 354
f 354 356 357
f 237 340 238
f 238 340 358
f 12 247 111
f 111 247 359
f 264 263 116
f 116 263 360
f 361 362 222
f 222 362 201
f 364 365 363
f 363 365 366
f 368 369 367
f 367 369 370
f 372 373 371
f 371 373 374
f 375 376 372
f 372 376 377
f 378 379 381
f 381 379 380
f 382 383 269
f 269 383 268
f 150 174 365
f 365 174 384
f 380 377 381
f 381 377 376
f 271 270 180
f 180 270 181
f 273 272 252
f 252 272 184
f 272 271 184
f 184 271 180
f 181 270 274
f 252 255 273
f 273 255 275
f 254 385 255
f 255 385 386
f 387 388 179
f 179 388 183
f 389 387 182
f 182 387 179
f 182 200 389
f 389 200 390
f 388 391 183
f 183 391 253
f 391 392 253
f 253 392 254
f 394 379 393
f 393 379 378
f 185 188 395
f 395 188 396
f 221 185 397
f 397 185 395
f 222 221 398
f 398 221 397
f 188 256 396
f 396 256 399
f 400 401 256
f 256 401 399
f 402 403 405
f 405 403 404
f 148 150 364
f 364 150 365
f 393 406 394
f 394 406 407
f 158 246 393
f 393 246 406
f 342 19 238
f 238 19 239
f 23 22 350
f 350 22 354
f 244 50 245
f 245 50 138
f 55 142 53
f 53 142 139
f 145 144 296
f 296 144 143
f 355 228 341
f 341 228 20
f 41 240 42
f 42 240 239
f 283 308 284
f 284 308 307
f 349 409 408
f 408 409 410
f 244 245 41
f 41 245 240
f 268 383 406
f 406 383 407
f 346 411 349
f 349 411 409
f 251 412 248
f 248 412 413
f 275 414 250
f 250 414 415
f 25 45 26
f 26 45 277
f 43 26 96
f 96 26 277
f 416 417 61
f 61 417 62
f 329 24 408
f 408 24 23
f 31 40 32
f 32 40 322
f 39 38 329
f 329 38 24
f 37 38 30
f 30 38 31
f 418 419 421
f 421 419 420
f 78 295 79
f 79 295 294
f 124 339 422
f 422 339 345
f 232 131 357
f 357 131 351
f 2 236 6
f 6 236 235
f 252 184 253
f 253 184 183
f 227 423 256
f 256 423 400
f 423 227 305
f 305 227 226
f 424 258 425
f 425 258 257
f 426 427 212
f 212 427 257
f 259 133 249
f 249 133 164
f 419 418 428
f 428 418 429
f 327 430 328
f 328 430 288
f 49 431 46
f 46 431 67
f 306 302 424
f 424 302 258
f 313 432 314
f 314 432 433
f 32 321 29
f 29 321 318
f 324 314 433
f 287 318 328
f 328 318 321
f 134 260 236
f 236 260 233
f 345 339 234
f 234 339 235
f 357 351 354
f 354 351 350
f 408 23 349
f 349 23 350
f 317 278 36
f 36 278 45
f 432 313 429
f 429 313 428
f 435 428 434
f 434 428 313
f 42 239 18
f 18 239 19
f 43 42 26
f 26 42 18
f 121 120 436
f 436 120 437
f 302 301 258
f 258 301 213
f 110 109 126
f 126 109 123
f 238 358 342
f 342 358 343
f 341 20 342
f 342 20 19
f 322 438 320
f 320 438 439
f 320 439 327
f 327 439 430
f 333 440 322
f 322 440 438
f 289 288 323
f 323 288 430
f 115 340 116
f 116 340 264
f 146 145 149
f 149 145 296
f 15 140 16
f 16 140 155
f 441 442 152
f 152 442 153
f 225 224 203
f 203 224 206
f 175 297 154
f 154 297 151
f 293 443 294
f 294 443 444
f 248 413 249
f 249 413 445
f 446 447 400
f 400 447 401
f 388 387 396
f 396 387 395
f 387 389 395
f 395 389 397
f 391 388 399
f 399 388 396
f 401 392 399
f 399 392 391
f 255 386 275
f 275 386 414
f 449 450 448
f 448 450 451
f 335 452 285
f 285 452 215
f 453 298 442
f 442 298 153
f 211 223 212
f 212 223 426
f 425 257 454
f 454 257 427
f 266 10 262
f 262 10 9
f 360 113 456
f 456 113 455
f 8 194 137
f 137 194 261
f 10 266 246
f 246 266 267
f 203 202 225
f 225 202 300
f 262 9 263
f 263 9 114
f 108 353 190
f 190 353 191
f 389 390 397
f 397 390 398
f 457 422 128
f 128 422 129
f 156 158 378
f 378 158 393
f 347 346 348
f 348 346 349
f 447 458 401
f 401 458 392
f 364 382 148
f 148 382 269
f 55 54 57
f 57 54 58
f 75 64 459
f 459 64 460
f 100 90 101
f 101 90 95
f 101 58 100
f 100 58 54
f 142 55 144
f 144 55 57
f 147 146 269
f 269 146 148
f 459 93 75
f 75 93 92
f 144 145 142
f 142 145 141
f 228 27 20
f 20 27 17
f 154 299 175
f 175 299 176
f 214 213 224
f 224 213 301
f 424 461 306
f 306 461 303
f 285 286 309
f 309 286 310
f 462 334 308
f 308 334 309
f 302 306 226
f 226 306 305
f 37 28 21
f 21 28 27
f 29 35 30
f 30 35 34
f 30 34 37
f 37 34 28
f 344 436 356
f 356 436 229
f 325 290 326
f 326 290 289
f 311 439 312
f 312 439 438
f 35 319 36
f 36 319 315
f 439 311 430
f 430 311 323
f 315 319 325
f 325 319 290
f 440 463 438
f 438 463 312
f 341 344 355
f 355 344 356
f 360 456 116
f 116 456 117
f 354 22 355
f 355 22 228
f 326 289 324
f 324 289 323
f 74 87 68
f 68 87 69
f 50 53 138
f 138 53 139
f 268 406 267
f 267 406 246
f 190 106 108
f 108 106 109
f 241 455 112
f 112 455 113
f 358 122 343
f 343 122 121
f 129 347 130
f 130 347 348
f 348 351 130
f 130 351 131
f 229 232 356
f 356 232 357
f 340 115 358
f 358 115 122
f 111 359 112
f 112 359 242
f 125 124 457
f 457 124 422
f 231 132 232
f 232 132 131
f 343 121 344
f 344 121 436
f 263 114 360
f 360 114 113
f 347 129 345
f 345 129 422
f 230 229 437
f 437 229 436
f 464 446 423
f 423 446 400
f 465 466 468
f 468 466 467
f 470 471 469
f 469 471 472
f 469 472 373
f 373 472 374
f 474 469 473
f 473 469 373
f 471 475 472
f 472 475 476
f 472 477 374
f 374 477 478
f 477 472 476
f 479 480 476
f 476 480 477
f 473 373 377
f 377 373 372
f 481 482 479
f 479 482 480
f 483 484 481
f 481 484 482
f 403 402 485
f 485 402 486
f 487 488 483
f 483 488 484
f 487 489 488
f 488 489 490
f 489 491 490
f 490 491 492
f 491 493 492
f 492 493 494
f 493 495 494
f 494 495 496
f 497 498 481
f 481 498 483
f 484 499 482
f 482 499 367
f 370 480 367
f 367 480 482
f 480 370 477
f 477 370 478
f 500 497 479
f 479 497 481
f 451 473 380
f 380 473 377
f 448 451 379
f 379 451 380
f 501 502 504
f 504 502 503
f 449 505 507
f 507 505 506
f 486 508 505
f 505 508 506
f 508 509 506
f 506 509 510
f 511 507 510
f 510 507 506
f 509 508 512
f 512 508 513
f 515 509 514
f 514 509 512
f 509 515 510
f 510 515 516
f 510 516 511
f 511 516 517
f 486 505 485
f 485 505 518
f 505 449 518
f 518 449 448
f 383 382 403
f 403 382 404
f 363 404 364
f 364 404 382
f 403 485 383
f 383 485 407
f 519 520 361
f 361 520 362
f 522 496 521
f 521 496 495
f 450 474 451
f 451 474 473
f 363 366 523
f 523 366 524
f 525 499 488
f 488 499 484
f 488 490 525
f 525 490 526
f 496 522 520
f 520 522 527
f 494 496 519
f 519 496 520
f 492 494 528
f 528 494 519
f 529 530 495
f 495 530 521
f 490 492 526
f 526 492 528
f 529 495 531
f 531 495 493
f 533 534 532
f 532 534 535
f 523 524 533
f 533 524 534
f 486 402 532
f 532 402 533
f 529 536 530
f 530 536 537
f 536 538 537
f 537 538 539
f 540 541 539
f 539 541 537
f 530 537 535
f 535 537 541
f 542 539 543
f 543 539 538
f 539 542 540
f 540 542 544
f 541 540 513
f 513 540 512
f 540 544 512
f 512 544 514
f 546 547 545
f 545 547 548
f 549 550 531
f 531 550 551
f 550 549 552
f 552 549 553
f 546 550 554
f 554 550 552
f 547 546 555
f 555 546 554
f 498 556 558
f 558 556 557
f 559 557 560
f 560 557 556
f 561 562 560
f 560 562 559
f 557 559 552
f 552 559 554
f 559 562 554
f 554 562 555
f 558 557 553
f 553 557 552
f 475 471 563
f 563 471 564
f 565 563 567
f 567 563 566
f 471 470 564
f 564 470 466
f 564 466 568
f 568 466 465
f 568 465 569
f 569 465 570
f 572 573 571
f 571 573 574
f 569 575 567
f 567 575 576
f 577 565 576
f 576 565 567
f 578 579 581
f 581 579 580
f 575 561 576
f 576 561 560
f 556 577 560
f 560 577 576
f 577 556 497
f 497 556 498
f 565 577 500
f 500 577 497
f 563 565 475
f 475 565 500
f 553 489 558
f 558 489 487
f 531 493 549
f 549 493 491
f 489 553 491
f 491 553 549
f 394 407 518
f 518 407 485
f 518 448 394
f 394 448 379
f 545 548 538
f 538 548 543
f 551 545 536
f 536 545 538
f 536 529 551
f 551 529 531
f 507 582 449
f 449 582 450
f 511 583 507
f 507 583 582
f 511 517 583
f 583 517 584
f 585 586 588
f 588 586 587
f 590 591 589
f 589 591 592
f 591 590 593
f 593 590 594
f 596 597 595
f 595 597 598
f 599 600 602
f 602 600 601
f 604 605 603
f 603 605 606
f 608 609 607
f 607 609 610
f 612 613 611
f 611 613 614
f 615 616 618
f 618 616 617
f 620 621 619
f 619 621 622
f 624 625 623
f 623 625 626
f 628 629 627
f 627 629 630
f 632 633 631
f 631 633 634
f 635 636 638
f 638 636 637
f 639 640 642
f 642 640 641
f 644 645 643
f 643 645 646
f 619 622 647
f 647 622 648
f 650 651 649
f 649 651 652
f 601 653 602
f 602 653 654
f 656 657 655
f 655 657 658
f 660 661 659
f 659 661 662
f 664 665 663
f 663 665 666
f 593 594 667
f 667 594 668
f 669 670 672
f 672 670 671
f 673 674 676
f 676 674 675
f 633 632 677
f 677 632 678
f 663 666 679
f 679 666 680
f 681 682 684
f 684 682 683
f 686 687 685
f 685 687 688
f 690 661 689
f 689 661 691
f 693 686 692
f 692 686 685
f 695 597 694
f 694 597 668
f 594 696 668
f 668 696 694
f 697 698 696
f 696 698 699
f 700 701 697
f 697 701 698
f 702 585 703
f 703 585 588
f 671 690 672
f 672 690 689
f 640 639 704
f 704 639 705
f 679 706 663
f 663 706 658
f 708 709 707
f 707 709 710
f 711 712 610
f 610 712 607
f 713 714 716
f 716 714 715
f 717 718 720
f 720 718 719
f 722 634 721
f 721 634 633
f 724 725 723
f 723 725 726
f 728 729 727
f 727 729 730
f 732 733 731
f 731 733 734
f 707 710 735
f 735 710 736
f 643 737 644
f 644 737 738
f 740 741 739
f 739 741 742
f 608 744 743
f 743 744 745
f 747 748 746
f 746 748 749
f 751 752 750
f 750 752 753
f 754 755 757
f 757 755 756
f 758 759 761
f 761 759 760
f 763 764 762
f 762 764 765
f 767 768 766
f 766 768 769
f 771 772 770
f 770 772 773
f 775 776 774
f 774 776 777
f 779 780 778
f 778 780 781
f 783 712 782
f 782 712 784
f 785 786 788
f 788 786 787
f 790 628 789
f 789 628 627
f 792 793 791
f 791 793 794
f 795 796 726
f 726 796 723
f 798 799 797
f 797 799 800
f 721 633 801
f 801 633 677
f 797 800 802
f 802 800 803
f 805 806 804
f 804 806 807
f 809 810 808
f 808 810 811
f 813 814 812
f 812 814 815
f 809 808 817
f 817 808 816
f 818 819 804
f 804 819 805
f 820 821 818
f 818 821 819
f 821 820 587
f 587 820 822
f 809 823 810
f 810 823 824
f 814 807 815
f 815 807 806
f 826 426 825
f 825 426 223
f 426 826 427
f 427 826 827
f 828 829 454
f 454 829 830
f 831 832 677
f 677 832 801
f 834 835 833
f 833 835 836
f 838 839 837
f 837 839 840
f 841 842 844
f 844 842 843
f 845 846 803
f 803 846 802
f 847 831 678
f 678 831 677
f 848 849 851
f 851 849 850
f 853 854 852
f 852 854 855
f 857 858 856
f 856 858 680
f 860 861 859
f 859 861 862
f 864 865 863
f 863 865 866
f 868 869 867
f 867 869 870
f 839 871 840
f 840 871 872
f 849 848 874
f 874 848 873
f 876 877 875
f 875 877 878
f 880 881 879
f 879 881 882
f 883 884 886
f 886 884 885
f 846 887 802
f 802 887 888
f 890 891 889
f 889 891 888
f 893 894 892
f 892 894 895
f 896 897 728
f 728 897 729
f 899 900 898
f 898 900 901
f 902 852 904
f 904 852 903
f 849 905 850
f 850 905 906
f 875 878 907
f 907 878 908
f 910 911 909
f 909 911 912
f 914 915 913
f 913 915 916
f 917 918 862
f 862 918 859
f 919 920 856
f 856 920 921
f 923 924 922
f 922 924 925
f 926 927 925
f 925 927 922
f 929 930 928
f 928 930 693
f 932 695 931
f 931 695 694
f 823 867 824
f 824 867 933
f 935 936 934
f 934 936 937
f 938 868 823
f 823 868 867
f 940 847 939
f 939 847 678
f 632 655 678
f 678 655 939
f 941 942 619
f 619 942 620
f 687 943 688
f 688 943 944
f 851 850 945
f 945 850 903
f 850 906 903
f 903 906 904
f 946 947 949
f 949 947 948
f 951 952 950
f 950 952 953
f 955 956 954
f 954 956 957
f 907 958 875
f 875 958 874
f 960 961 959
f 959 961 962
f 963 853 902
f 902 853 852
f 909 964 910
f 910 964 965
f 967 968 966
f 966 968 969
f 971 972 970
f 970 972 973
f 974 960 975
f 975 960 959
f 977 978 976
f 976 978 979
f 981 977 980
f 980 977 976
f 980 982 981
f 981 982 983
f 985 983 984
f 984 983 982
f 984 986 985
f 985 986 987
f 989 990 988
f 988 990 991
f 993 994 992
f 992 994 995
f 997 998 996
f 996 998 999
f 1001 1002 1000
f 1000 1002 1003
f 1005 1006 1004
f 1004 1006 1007
f 1004 1008 1005
f 1005 1008 1009
f 1008 1010 1009
f 1009 1010 1011
f 1013 1011 1012
f 1012 1011 1010
f 1014 1015 1017
f 1017 1015 1016
f 1019 1020 1018
f 1018 1020 1021
f 1022 1023 976
f 976 1023 980
f 1024 1025 982
f 982 1025 984
f 992 995 1026
f 1026 995 1027
f 956 955 1028
f 1028 955 1029
f 1030 1031 1033
f 1033 1031 1032
f 1010 1008 1034
f 1034 1008 1035
f 1008 1004 1035
f 1035 1004 1036
f 1037 1038 1002
f 1002 1038 1007
f 1002 1001 1037
f 1037 1001 1039
f 1040 1041 997
f 997 1041 998
f 1015 1014 1043
f 1043 1014 1042
f 1044 1045 1047
f 1047 1045 1046
f 1044 1020 1048
f 1048 1020 1049
f 1050 1051 1003
f 1003 1051 1000
f 1052 1050 1006
f 1006 1050 1003
f 1053 1054 1011
f 1011 1054 1009
f 1013 1045 1055
f 1055 1045 1056
f 1058 1059 1057
f 1057 1059 1060
f 1062 1063 1061
f 1061 1063 1064
f 1065 1066 1050
f 1050 1066 1051
f 1067 1065 1052
f 1052 1065 1050
f 1068 1069 1054
f 1054 1069 1070
f 1071 1068 1053
f 1053 1068 1054
f 1073 1071 1072
f 1072 1071 1074
f 1074 1071 1055
f 1055 1071 1053
f 1076 1077 1075
f 1075 1077 1078
f 1079 1080 1057
f 1057 1080 1058
f 1081 1082 1064
f 1064 1082 1061
f 1084 1085 1083
f 1083 1085 1086
f 1088 1089 1087
f 1087 1089 1090
f 1092 1093 1091
f 1091 1093 1094
f 1096 1097 1095
f 1095 1097 1098
f 1099 1100 1102
f 1102 1100 1101
f 1103 1104 1099
f 1099 1104 1100
f 1106 1107 1105
f 1105 1107 1108
f 1110 1111 1109
f 1109 1111 1112
f 1114 1115 1113
f 1113 1115 1116
f 1118 1119 1117
f 1117 1119 1077
f 1117 1120 1122
f 1122 1120 1121
f 1105 1123 1106
f 1106 1123 1124
f 1125 1126 1128
f 1128 1126 1127
f 1130 1131 1129
f 1129 1131 1132
f 1134 1135 1133
f 1133 1135 1114
f 1113 1136 1114
f 1114 1136 1133
f 1118 1137 1113
f 1113 1137 1136
f 1118 1117 1137
f 1137 1117 1122
f 1139 1140 1138
f 1138 1140 1141
f 1143 953 1142
f 1142 953 952
f 1145 957 1144
f 1144 957 956
f 1028 1146 956
f 956 1146 1144
f 1014 1147 1042
f 1042 1147 1148
f 1014 1017 1147
f 1147 1017 1149
f 1059 1058 1150
f 1150 1058 1151
f 1153 1080 1152
f 1152 1080 1154
f 1156 1088 1155
f 1155 1088 1087
f 1157 1158 1106
f 1106 1158 1107
f 1106 1124 1157
f 1157 1124 1159
f 1161 1162 1160
f 1160 1162 1163
f 1165 1166 1164
f 1164 1166 1167
f 1168 1031 1012
f 1012 1031 1046
f 1024 1023 1035
f 1035 1023 1034
f 1036 1038 1025
f 1025 1038 1169
f 1170 1171 1039
f 1039 1171 1037
f 1028 1029 1042
f 1042 1029 1043
f 1172 1173 1175
f 1175 1173 1174
f 1055 1053 1013
f 1013 1053 1011
f 1005 1009 1070
f 1070 1009 1054
f 996 999 1062
f 1062 999 1063
f 1016 1060 1017
f 1017 1060 1059
f 1017 1059 1149
f 1149 1059 1150
f 1177 1178 1176
f 1176 1178 1103
f 1176 1072 1179
f 1179 1072 1074
f 1073 1102 1086
f 1086 1102 1083
f 1180 1181 1067
f 1067 1181 1065
f 1182 1183 1184
f 1184 1183 1181
f 1186 1187 1185
f 1185 1187 1188
f 1189 1190 798
f 798 1190 799
f 1192 1193 1191
f 1191 1193 1194
f 1195 1196 1194
f 1194 1196 1191
f 1196 1195 1198
f 1198 1195 1197
f 1200 674 1199
f 1199 674 673
f 928 1201 1203
f 1203 1201 1202
f 861 1204 862
f 862 1204 921
f 1205 1206 913
f 913 1206 1207
f 882 1208 879
f 879 1208 1209
f 1210 1211 1167
f 1167 1211 1164
f 1212 769 1213
f 1213 769 768
f 727 1214 728
f 728 1214 1215
f 1217 1218 1216
f 1216 1218 1219
f 1220 813 1221
f 1221 813 812
f 827 828 427
f 427 828 454
f 1223 1224 1222
f 1222 1224 1165
f 1226 1227 1225
f 1225 1227 1228
f 851 1229 848
f 848 1229 1230
f 834 854 835
f 835 854 1231
f 1233 1234 1232
f 1232 1234 1235
f 1237 751 1236
f 1236 751 750
f 743 819 1238
f 1238 819 821
f 1240 1241 1239
f 1239 1241 1242
f 1244 1245 1243
f 1243 1245 1246
f 844 1247 841
f 841 1247 1248
f 1250 1251 1249
f 1249 1251 1252
f 1254 893 1253
f 1253 893 1237
f 1255 1256 1258
f 1258 1256 1257
f 1260 1261 1259
f 1259 1261 1262
f 945 903 855
f 855 903 852
f 855 1263 945
f 945 1263 1264
f 832 845 801
f 801 845 803
f 800 721 803
f 803 721 801
f 721 800 722
f 722 800 799
f 1266 1267 1265
f 1265 1267 1268
f 1270 795 1269
f 1269 795 726
f 725 1271 726
f 726 1271 1269
f 737 765 738
f 738 765 764
f 759 740 760
f 760 740 739
f 717 1272 1274
f 1274 1272 1273
f 1163 1226 1275
f 1275 1226 1225
f 1277 882 1276
f 1276 882 881
f 1041 1040 1027
f 1027 1040 1026
f 900 935 901
f 901 935 934
f 1164 1278 1165
f 1165 1278 1222
f 1211 1279 1164
f 1164 1279 1278
f 442 1280 453
f 453 1280 1281
f 788 1282 785
f 785 1282 1283
f 1285 1286 1284
f 1284 1286 1287
f 1284 1288 1285
f 1285 1288 1289
f 757 1289 754
f 754 1289 1288
f 605 604 675
f 675 604 676
f 1290 1291 1293
f 1293 1291 1292
f 1295 1296 1294
f 1294 1296 1297
f 696 699 694
f 694 699 931
f 1298 1299 592
f 592 1299 589
f 1299 1300 589
f 589 1300 700
f 1300 1301 700
f 700 1301 701
f 743 745 819
f 819 745 805
f 1303 1304 1302
f 1302 1304 1305
f 1306 1307 1305
f 1305 1307 1302
f 609 1298 610
f 610 1298 592
f 587 822 588
f 588 822 1308
f 703 588 1309
f 1309 588 1308
f 1310 703 571
f 571 703 1309
f 1311 1312 789
f 789 1312 790
f 825 223 1313
f 1313 223 220
f 219 1314 220
f 220 1314 1313
f 1315 1316 1311
f 1311 1316 1312
f 1317 1318 1319
f 1319 1318 1241
f 441 1320 442
f 442 1320 1280
f 1321 217 572
f 572 217 216
f 1323 1230 1322
f 1322 1230 1229
f 1324 1325 631
f 631 1325 656
f 1034 1168 1010
f 1010 1168 1012
f 1327 1328 1326
f 1326 1328 1329
f 1331 1202 1330
f 1330 1202 1201
f 571 1309 572
f 572 1309 1321
f 573 572 1332
f 1332 572 216
f 1334 1335 1333
f 1333 1335 1336
f 1337 1338 918
f 918 1338 859
f 1339 863 1340
f 1340 863 866
f 1341 1342 1344
f 1344 1342 1343
f 1345 1346 919
f 919 1346 920
f 1347 1348 673
f 673 1348 1199
f 693 1349 928
f 928 1349 1201
f 1351 1257 1350
f 1350 1257 1256
f 1350 1352 1351
f 1351 1352 1353
f 653 930 654
f 654 930 662
f 1279 1354 1278
f 1278 1354 1355
f 1357 1358 1356
f 1356 1358 1359
f 937 1360 1140
f 1140 1360 1361
f 1225 1228 909
f 909 1228 964
f 901 934 1362
f 1362 934 1139
f 1364 1365 1363
f 1363 1365 1362
f 1367 912 1366
f 1366 912 911
f 1143 1142 1368
f 1368 1142 1369
f 1144 1186 1145
f 1145 1186 1185
f 1146 1175 1144
f 1144 1175 1186
f 1175 1146 1172
f 1172 1146 1148
f 1147 1018 1148
f 1148 1018 1172
f 1018 1147 1019
f 1019 1147 1149
f 1149 1150 1019
f 1019 1150 1370
f 1150 1151 1370
f 1370 1151 1371
f 1151 1153 1371
f 1371 1153 1177
f 1152 1156 1178
f 1178 1156 1372
f 1155 1158 1373
f 1373 1158 1374
f 1157 1159 1376
f 1376 1159 1375
f 1378 1379 1377
f 1377 1379 1380
f 1382 1383 1381
f 1381 1383 1384
f 1382 1386 1385
f 1385 1386 1387
f 1386 1233 1387
f 1387 1233 1232
f 1389 1390 1388
f 1388 1390 1391
f 1393 1394 1392
f 1392 1394 1395
f 1397 1398 1396
f 1396 1398 1399
f 629 1397 630
f 630 1397 1396
f 1342 1400 1343
f 1343 1400 1401
f 1403 1404 1402
f 1402 1404 1405
f 1407 1408 1406
f 1406 1408 1409
f 1411 1412 1410
f 1410 1412 1413
f 793 1414 794
f 794 1414 1415
f 1417 1341 1416
f 1416 1341 1344
f 704 705 1347
f 1347 705 1418
f 741 1419 742
f 742 1419 1420
f 1422 669 1421
f 1421 669 672
f 645 1423 646
f 646 1423 1424
f 1196 1198 614
f 614 1198 611
f 613 1425 614
f 614 1425 1426
f 1427 616 659
f 659 616 660
f 614 1426 1196
f 1196 1426 1191
f 696 594 697
f 697 594 590
f 697 590 700
f 700 590 589
f 703 1310 702
f 702 1310 1428
f 1421 672 1192
f 1192 672 689
f 1271 648 1269
f 1269 648 622
f 621 1270 622
f 622 1270 1269
f 1429 1430 1417
f 1417 1430 1341
f 1431 1432 1434
f 1434 1432 1433
f 1436 1437 1435
f 1435 1437 1438
f 1440 1441 1439
f 1439 1441 1442
f 1443 1444 1446
f 1446 1444 1445
f 823 809 938
f 938 809 817
f 810 1447 811
f 811 1447 1448
f 1449 1450 679
f 679 1450 706
f 913 916 1205
f 1205 916 1451
f 1275 1225 912
f 912 1225 909
f 1452 1453 880
f 880 1453 881
f 1444 1401 1445
f 1445 1401 1400
f 936 1454 937
f 937 1454 1360
f 824 1455 810
f 810 1455 1447
f 631 656 632
f 632 656 655
f 966 1456 967
f 967 1456 1457
f 1459 1460 1458
f 1458 1460 1461
f 1460 1462 1461
f 1461 1462 1463
f 972 974 973
f 973 974 975
f 990 995 991
f 991 995 994
f 1464 1187 1033
f 1033 1187 1174
f 1018 1021 1172
f 1172 1021 1173
f 1000 999 1001
f 1001 999 998
f 976 979 1022
f 1022 979 1032
f 1023 1024 980
f 980 1024 982
f 989 986 1171
f 1171 986 1169
f 1171 1170 989
f 989 1170 990
f 1170 1027 990
f 990 1027 995
f 1041 1039 998
f 998 1039 1001
f 1051 1063 1000
f 1000 1063 999
f 1066 1064 1051
f 1051 1064 1063
f 1183 1081 1066
f 1066 1081 1064
f 1178 1372 1103
f 1103 1372 1104
f 1092 1091 1465
f 1465 1091 1182
f 1467 1465 1466
f 1466 1465 1468
f 1469 1470 1184
f 1184 1470 1468
f 1095 1098 1471
f 1471 1098 1101
f 1076 1374 1120
f 1120 1374 1376
f 1110 1472 1127
f 1127 1472 1132
f 1472 1473 1132
f 1132 1473 1129
f 1474 1475 1466
f 1466 1475 1473
f 1119 1118 1116
f 1116 1118 1113
f 1375 1121 1376
f 1376 1121 1120
f 1127 1132 1128
f 1128 1132 1131
f 1227 1476 1228
f 1228 1476 1361
f 1365 1477 1362
f 1362 1477 872
f 1478 1479 1323
f 1323 1479 1230
f 1480 1481 914
f 914 1481 915
f 913 1277 914
f 914 1277 1276
f 1168 1034 1022
f 1022 1034 1023
f 1035 1036 1024
f 1024 1036 1025
f 1039 1041 1170
f 1170 1041 1027
f 1042 1148 1028
f 1028 1148 1146
f 968 1459 969
f 969 1459 1458
f 1482 1483 664
f 664 1483 665
f 1485 1486 1484
f 1484 1486 1487
f 1489 1490 1488
f 1488 1490 1491
f 1492 1493 722
f 722 1493 634
f 1495 1496 1494
f 1494 1496 1497
f 1498 1207 1339
f 1339 1207 863
f 1224 1499 1165
f 1165 1499 1166
f 1160 1163 1500
f 1500 1163 1275
f 1500 877 1160
f 1160 877 1501
f 876 873 1502
f 1502 873 1479
f 945 1264 851
f 851 1264 1229
f 835 1231 839
f 839 1231 871
f 1503 1283 778
f 778 1283 1282
f 716 715 1505
f 1505 715 1504
f 1446 1445 1507
f 1507 1445 1506
f 779 792 1381
f 1381 792 791
f 1430 1409 1341
f 1341 1409 1342
f 1411 1429 1508
f 1508 1429 1417
f 635 1510 1509
f 1509 1510 1511
f 1377 1380 1315
f 1315 1380 1316
f 1445 1400 1506
f 1506 1400 1408
f 918 917 1336
f 1336 917 1333
f 1513 1514 1512
f 1512 1514 870
f 1515 1516 1363
f 1363 1516 1364
f 1453 1517 881
f 881 1517 1276
f 992 1518 993
f 993 1518 1519
f 1520 1029 1518
f 1518 1029 955
f 1520 1026 1521
f 1521 1026 1040
f 1522 1015 1521
f 1521 1015 1043
f 996 1523 997
f 997 1523 1522
f 1060 1016 1524
f 1524 1016 1523
f 1061 1525 1062
f 1062 1525 1524
f 1079 1527 1526
f 1526 1527 1528
f 1093 1529 1094
f 1094 1529 1528
f 1111 1530 1112
f 1112 1530 1531
f 1532 1533 1105
f 1105 1533 1123
f 934 937 1139
f 1139 937 1140
f 1138 1363 1139
f 1139 1363 1362
f 1534 1222 1355
f 1355 1222 1278
f 1535 1223 1534
f 1534 1223 1222
f 821 587 1238
f 1238 587 586
f 1319 711 1317
f 1317 711 1536
f 1538 1200 1537
f 1537 1200 1199
f 1508 1417 1539
f 1539 1417 1416
f 1540 1541 840
f 840 1541 837
f 1231 898 871
f 871 898 901
f 1500 1275 1367
f 1367 1275 912
f 1543 1379 1542
f 1542 1379 1395
f 1539 772 1508
f 1508 772 1544
f 1546 1403 1545
f 1545 1403 1402
f 1548 1549 1547
f 1547 1549 1550
f 1552 1548 1551
f 1551 1548 1547
f 1554 1555 1553
f 1553 1555 1556
f 1558 1559 1557
f 1557 1559 1560
f 1562 1563 1561
f 1561 1563 1564
f 1566 1567 1565
f 1565 1567 1568
f 1570 1571 1569
f 1569 1571 1572
f 1574 1575 1573
f 1573 1575 1576
f 1577 1578 1572
f 1572 1578 1569
f 1580 1581 1579
f 1579 1581 1582
f 1584 1585 1583
f 1583 1585 1586
f 1588 1555 1587
f 1587 1555 1589
f 1591 1592 1590
f 1590 1592 1593
f 1595 1596 1594
f 1594 1596 1597
f 1596 1581 1597
f 1597 1581 1576
f 1599 1570 1598
f 1598 1570 1569
f 1601 1602 1600
f 1600 1602 1603
f 1605 1606 1604
f 1604 1606 1607
f 1608 1609 1568
f 1568 1609 1565
f 1611 1612 1610
f 1610 1612 1613
f 1615 1616 1614
f 1614 1616 1617
f 1619 1617 1618
f 1618 1617 1616
f 1621 1622 1620
f 1620 1622 1623
f 1625 1626 1624
f 1624 1626 1627
f 1629 1630 1628
f 1628 1630 1631
f 1633 1634 1632
f 1632 1634 1635
f 1636 1637 1639
f 1639 1637 1638
f 1641 1642 1640
f 1640 1642 1643
f 1624 1627 1644
f 1644 1627 1645
f 1647 1648 1646
f 1646 1648 1649
f 1651 1652 1650
f 1650 1652 1653
f 1655 1656 1654
f 1654 1656 1657
f 1659 1660 1658
f 1658 1660 1661
f 1662 1663 1631
f 1631 1663 1628
f 1651 1665 1664
f 1664 1665 1666
f 1667 1656 1619
f 1619 1656 1617
f 1669 1670 1668
f 1668 1670 1671
f 1632 1635 1672
f 1672 1635 1673
f 1674 1675 1638
f 1638 1675 1639
f 1677 1678 1676
f 1676 1678 1679
f 1680 1640 1681
f 1681 1640 1643
f 1682 1683 1643
f 1643 1683 1681
f 1670 1669 1235
f 1235 1669 1232
f 1396 1399 1674
f 1674 1399 1675
f 627 630 1679
f 1679 630 1676
f 1681 1315 1680
f 1680 1315 1311
f 1683 1377 1681
f 1681 1377 1315
f 1672 1673 1387
f 1387 1673 1385
f 1636 1684 1646
f 1646 1684 1685
f 1687 1688 1686
f 1686 1688 1689
f 1585 1690 1586
f 1586 1690 1691
f 1599 1692 1551
f 1551 1692 1693
f 1552 1558 1694
f 1694 1558 1557
f 1696 1615 1695
f 1695 1615 1614
f 1698 1699 1697
f 1697 1699 1623
f 1700 1701 1703
f 1703 1701 1702
f 1705 1706 1704
f 1704 1706 1707
f 1708 1709 1640
f 1640 1709 1641
f 1710 1711 1713
f 1713 1711 1712
f 1652 1655 1653
f 1653 1655 1654
f 1714 1699 1712
f 1712 1699 1713
f 1715 1710 1716
f 1716 1710 1713
f 1717 1708 1680
f 1680 1708 1640
f 1393 1392 1715
f 1715 1392 1710
f 1719 1720 1718
f 1718 1720 1721
f 1680 1311 1717
f 1717 1311 789
f 1378 1711 1392
f 1392 1711 1710
f 1388 1391 1719
f 1719 1391 1720
f 1723 1606 1722
f 1722 1606 1689
f 1725 1568 1724
f 1724 1568 1567
f 1726 1647 1685
f 1685 1647 1646
f 1728 1554 1727
f 1727 1554 1553
f 1591 1687 1600
f 1600 1687 1686
f 1730 1595 1729
f 1729 1595 1594
f 1601 1605 1731
f 1731 1605 1604
f 1733 1663 1732
f 1732 1663 1734
f 1736 1639 1735
f 1735 1639 1675
f 1658 1644 1737
f 1737 1644 1645
f 1726 1662 1724
f 1724 1662 1631
f 1399 1738 1675
f 1675 1738 1735
f 1621 1667 1739
f 1739 1667 1619
f 1714 1740 1620
f 1620 1740 1741
f 1592 1549 1593
f 1593 1549 1742
f 1602 1571 1603
f 1603 1571 1550
f 1688 1690 1689
f 1689 1690 1722
f 1588 1559 1582
f 1582 1559 1579
f 1673 1735 1385
f 1385 1735 1738
f 1387 1232 1672
f 1672 1232 1669
f 1580 1692 1573
f 1573 1692 1743
f 1377 1683 1378
f 1378 1683 1711
f 1664 1666 1744
f 1744 1666 1745
f 1744 1696 1664
f 1664 1696 1695
f 1746 1747 1732
f 1732 1747 1748
f 1749 1750 1677
f 1677 1750 1678
f 1709 1708 1750
f 1750 1708 1678
f 1668 1632 1669
f 1669 1632 1672
f 1633 1746 1734
f 1734 1746 1732
f 1679 1678 1717
f 1717 1678 1708
f 789 627 1717
f 1717 627 1679
f 1563 1723 1564
f 1564 1723 1722
f 1728 1584 1751
f 1751 1584 1583
f 1674 1676 1396
f 1396 1676 630
f 1666 1566 1745
f 1745 1566 1565
f 1627 1629 1645
f 1645 1629 1628
f 1637 1749 1638
f 1638 1749 1677
f 1648 1665 1649
f 1649 1665 1752
f 1740 1642 1741
f 1741 1642 1657
f 1676 1674 1677
f 1677 1674 1638
f 1683 1682 1711
f 1711 1682 1712
f 1618 1753 1619
f 1619 1753 1739
f 1701 1739 1702
f 1702 1739 1753
f 1754 1214 1756
f 1756 1214 1755
f 647 1757 619
f 619 1757 941
f 1759 1193 1758
f 1758 1193 691
f 1419 1760 1420
f 1420 1760 1761
f 682 1762 683
f 683 1762 1763
f 1412 780 1413
f 1413 780 1384
f 1383 1398 1384
f 1384 1398 1413
f 1197 1424 1764
f 1764 1424 1423
f 1537 1287 1538
f 1538 1287 1286
f 1634 1684 1635
f 1635 1684 1736
f 1724 1631 1725
f 1725 1631 1630
f 1562 1730 1610
f 1610 1730 1729
f 1735 1673 1736
f 1736 1673 1635
f 1757 1195 941
f 941 1195 1194
f 1766 200 1765
f 1765 200 199
f 475 500 476
f 476 500 479
f 498 558 483
f 483 558 487
f 545 551 546
f 546 551 550
f 453 1281 219
f 219 1281 1314
f 298 453 208
f 208 453 219
f 368 1765 1767
f 1767 1765 199
f 523 405 363
f 363 405 404
f 523 533 405
f 405 533 402
f 298 208 299
f 299 208 207
f 299 207 176
f 176 207 300
f 176 300 173
f 173 300 202
f 173 202 174
f 174 202 201
f 1337 918 1768
f 1768 918 1336
f 1769 1770 1338
f 1338 1770 859
f 581 570 578
f 578 570 1771
f 555 562 580
f 580 562 561
f 504 1772 501
f 501 1772 548
f 517 542 584
f 584 542 543
f 515 514 516
f 516 514 544
f 542 517 544
f 544 517 516
f 561 575 580
f 580 575 581
f 575 569 581
f 581 569 570
f 501 548 1773
f 1773 548 547
f 1774 1775 570
f 570 1775 1771
f 369 368 1776
f 1776 368 1767
f 372 369 375
f 375 369 1776
f 822 1280 1308
f 1308 1280 1320
f 820 1281 822
f 822 1281 1280
f 818 1314 820
f 820 1314 1281
f 1314 818 1313
f 1313 818 804
f 807 814 825
f 825 814 826
f 814 813 826
f 826 813 827
f 813 1220 827
f 827 1220 828
f 580 579 555
f 555 579 547
f 1477 1540 872
f 872 1540 840
f 367 499 368
f 368 499 1765
f 1766 1765 525
f 525 1765 499
f 1777 1766 526
f 526 1766 525
f 520 527 362
f 362 527 384
f 361 1778 519
f 519 1778 528
f 371 1779 372
f 372 1779 369
f 369 1779 370
f 370 1779 478
f 1779 371 478
f 478 371 374
f 1778 1777 528
f 528 1777 526
f 1781 1782 1780
f 1780 1782 1783
f 431 460 67
f 67 460 64
f 68 338 74
f 74 338 72
f 1785 1782 1784
f 1784 1782 1786
f 1787 1788 1790
f 1790 1788 1789
f 1792 1789 1791
f 1791 1789 1793
f 1791 1794 1792
f 1792 1794 1795
f 1794 1796 1795
f 1795 1796 1797
f 1797 1798 938
f 938 1798 868
f 1798 1799 868
f 868 1799 869
f 1801 1802 1800
f 1800 1802 1451
f 1803 1804 1205
f 1205 1804 1206
f 1805 1806 864
f 864 1806 865
f 1806 1807 865
f 865 1807 1808
f 68 71 338
f 287 328 288
f 1320 1321 1308
f 1308 1321 1309
f 1320 441 1321
f 1321 441 217
f 441 152 217
f 217 152 218
f 151 286 152
f 152 286 218
f 297 310 151
f 151 310 286
f 296 307 297
f 297 307 310
f 296 143 307
f 307 143 284
f 143 56 284
f 284 56 104
f 56 59 104
f 104 59 63
f 59 102 63
f 63 102 60
f 102 94 60
f 60 94 282
f 93 459 279
f 279 459 77
f 459 460 77
f 77 460 78
f 460 431 78
f 78 431 295
f 431 49 295
f 295 49 292
f 48 421 49
f 49 421 292
f 276 278 418
f 418 278 429
f 317 432 278
f 278 432 429
f 432 317 433
f 433 317 316
f 326 324 316
f 316 324 433
f 1536 592 1809
f 1809 592 591
f 1810 744 1812
f 1812 744 1811
f 1814 1815 1813
f 1813 1815 1816
f 1817 748 1818
f 1818 748 747
f 1812 1819 1810
f 1810 1819 1817
f 1820 1821 748
f 748 1821 749
f 1823 1824 1822
f 1822 1824 1825
f 1827 1828 1826
f 1826 1828 1829
f 1831 1832 1830
f 1830 1832 1833
f 1834 1827 1243
f 1243 1827 1826
f 1313 804 825
f 825 804 807
f 1835 1253 1236
f 1236 1253 1237
f 1836 1837 1438
f 1438 1837 1435
f 1838 1505 1840
f 1840 1505 1839
f 1841 1842 716
f 716 1842 713
f 1843 1844 1510
f 1510 1844 1845
f 1847 1848 1846
f 1846 1848 1849
f 1850 1240 1822
f 1822 1240 1239
f 636 1831 637
f 637 1831 1830
f 1852 1853 1851
f 1851 1853 1854
f 1855 1856 1858
f 1858 1856 1857
f 1846 1849 1859
f 1859 1849 1860
f 1343 1401 1509
f 1509 1401 1861
f 1509 1861 635
f 635 1861 636
f 1863 1864 1862
f 1862 1864 1865
f 1283 1503 1867
f 1867 1503 1866
f 1868 1867 681
f 681 1867 682
f 1286 1285 683
f 683 1285 684
f 757 756 1274
f 1274 756 1869
f 1274 1869 717
f 717 1869 718
f 1434 1433 719
f 719 1433 720
f 1200 1538 1545
f 1545 1538 1763
f 1285 1289 684
f 684 1289 1273
f 684 1273 681
f 681 1273 1272
f 785 1283 1868
f 1868 1283 1867
f 786 785 1870
f 1870 785 1868
f 1289 757 1273
f 1273 757 1274
f 1539 1416 1871
f 1871 1416 1872
f 773 1871 1403
f 1403 1871 1404
f 675 674 1405
f 1405 674 1402
f 1864 1873 1865
f 1865 1873 1874
f 638 1843 635
f 635 1843 1510
f 1344 1343 1511
f 1511 1343 1509
f 772 1539 773
f 773 1539 1871
f 674 1200 1402
f 1402 1200 1545
f 1538 1286 1763
f 1763 1286 683
f 1444 1443 1875
f 1875 1443 1876
f 1875 1876 1831
f 1831 1876 1832
f 1416 1344 1872
f 1872 1344 1511
f 1877 1878 774
f 774 1878 1879
f 1878 1847 1879
f 1879 1847 1846
f 1880 714 1881
f 1881 714 1848
f 1401 1444 1861
f 1861 1444 1875
f 1861 1875 636
f 636 1875 1831
f 1823 1863 1882
f 1882 1863 1862
f 1441 1440 1884
f 1884 1440 1883
f 1883 1852 1884
f 1884 1852 1851
f 1886 1887 1885
f 1885 1887 1888
f 1358 1889 1359
f 1359 1889 1890
f 1891 1886 1892
f 1892 1886 1885
f 774 1879 775
f 775 1879 1893
f 1859 1893 1846
f 1846 1893 1879
f 713 1842 1849
f 1849 1842 1860
f 1318 1895 1894
f 1894 1895 1896
f 1873 1897 1874
f 1874 1897 1898
f 1898 605 1899
f 1899 605 675
f 1405 1844 675
f 675 1844 1899
f 1404 1845 1405
f 1405 1845 1844
f 593 1296 591
f 591 1296 1809
f 1295 1292 1900
f 1900 1292 1895
f 606 1897 1291
f 1291 1897 1896
f 1510 1845 1511
f 1511 1845 1872
f 1871 1872 1404
f 1404 1872 1845
f 1866 770 1762
f 1762 770 1546
f 1762 682 1866
f 1866 682 1867
f 1870 1868 1272
f 1272 1868 681
f 1272 717 1870
f 1870 717 720
f 1870 720 786
f 786 720 1433
f 786 1433 787
f 787 1433 1432
f 1261 1414 1432
f 1432 1414 787
f 1389 1234 1260
f 1260 1234 1415
f 1719 1670 1388
f 1388 1670 1235
f 1718 1671 1719
f 1719 1671 1670
f 1705 1747 1718
f 1718 1747 1671
f 1659 1901 1704
f 1704 1901 1748
f 1877 1903 1902
f 1902 1903 1904
f 1259 1905 1390
f 1390 1905 1394
f 1715 1720 1393
f 1393 1720 1391
f 1716 1721 1715
f 1715 1721 1720
f 1698 1706 1716
f 1716 1706 1721
f 277 276 47
f 47 276 48
f 84 96 81
f 81 96 82
f 80 70 81
f 81 70 85
f 99 97 88
f 88 97 89
f 90 100 88
f 88 100 99
f 101 95 102
f 102 95 94
f 1906 1907 280
f 280 1907 281
f 97 86 89
f 89 86 85
f 60 282 61
f 61 282 281
f 83 82 46
f 46 82 47
f 293 292 420
f 420 292 421
f 419 1908 420
f 420 1908 1909
f 92 95 91
f 91 95 90
f 279 282 93
f 93 282 94
f 276 418 48
f 48 418 421
f 1910 1660 1697
f 1697 1660 1707
f 1703 1624 1700
f 1700 1624 1644
f 1622 1910 1623
f 1623 1910 1697
f 1701 1700 1911
f 1911 1700 1661
f 1700 1644 1661
f 1661 1644 1658
f 1901 1737 1733
f 1733 1737 1645
f 1625 1912 1604
f 1604 1912 1731
f 1912 1913 1731
f 1731 1913 1914
f 1913 1577 1914
f 1914 1577 1572
f 1915 1578 1616
f 1616 1578 1618
f 1915 1916 1598
f 1598 1916 1743
f 1916 1574 1743
f 1743 1574 1573
f 1575 1917 1576
f 1576 1917 1597
f 1917 1609 1597
f 1597 1609 1594
f 1608 1611 1729
f 1729 1611 1610
f 1918 1612 1629
f 1629 1612 1630
f 1626 1918 1627
f 1627 1918 1629
f 1920 1921 1919
f 1919 1921 1922
f 1920 1924 1923
f 1923 1924 1925
f 1926 1927 1924
f 1924 1927 1925
f 1929 1930 1928
f 1928 1930 1931
f 1932 1933 1935
f 1935 1933 1934
f 1937 1938 1936
f 1936 1938 1939
f 1941 1942 1940
f 1940 1942 1943
f 1941 1945 1944
f 1944 1945 1946
f 1947 1948 1694
f 1694 1948 1949
f 1950 1951 1953
f 1953 1951 1952
f 1955 1956 1954
f 1954 1956 1589
f 1958 1956 1957
f 1957 1956 1932
f 1960 1934 1959
f 1959 1934 1933
f 1962 1963 1961
f 1961 1963 1964
f 1965 1955 1751
f 1751 1955 1954
f 1935 1930 1932
f 1932 1930 1957
f 1951 1950 1926
f 1926 1950 1929
f 1966 1967 1593
f 1593 1967 1590
f 1969 1967 1968
f 1968 1967 1964
f 1962 1921 1970
f 1970 1921 1971
f 1963 1945 1964
f 1964 1945 1968
f 1972 1948 1922
f 1922 1948 1919
f 1966 1972 1961
f 1961 1972 1922
f 1958 1953 1587
f 1587 1953 1560
f 1974 1975 1973
f 1973 1975 1976
f 1978 1979 1977
f 1977 1979 1691
f 1979 1975 1691
f 1691 1975 1586
f 1938 1942 1939
f 1939 1942 1980
f 1952 1947 1557
f 1557 1947 1694
f 1969 1978 1981
f 1981 1978 1977
f 1983 1984 1982
f 1982 1984 1985
f 1986 1987 1989
f 1989 1987 1988
f 1990 1991 1983
f 1983 1991 1984
f 1990 1993 1992
f 1992 1993 1994
f 1995 1996 1994
f 1994 1996 1997
f 1999 2000 1998
f 1998 2000 2001
f 2003 2004 2002
f 2002 2004 2005
f 2007 2008 2006
f 2006 2008 2009
f 2011 2012 2010
f 2010 2012 2013
f 2014 2015 2017
f 2017 2015 2016
f 2018 2019 2021
f 2021 2019 2020
f 2022 1989 2024
f 2024 1989 2023
f 1989 1988 2023
f 2023 1988 2025
f 2026 2027 2017
f 2017 2027 2014
f 2029 2030 2028
f 2028 2030 2031
f 2033 2034 2032
f 2032 2034 2035
f 2032 2035 2036
f 2036 2035 2037
f 2039 2040 2038
f 2038 2040 2041
f 1982 2042 1983
f 1983 2042 2043
f 2045 2046 2044
f 2044 2046 2047
f 2049 2050 2048
f 2048 2050 2051
f 2053 2054 2052
f 2052 2054 2055
f 2057 2058 2056
f 2056 2058 2059
f 2060 2061 2033
f 2033 2061 2034
f 2063 2064 2062
f 2062 2064 2065
f 2066 2035 2067
f 2067 2035 2034
f 2069 2039 2068
f 2068 2039 2038
f 2025 2070 2023
f 2023 2070 2071
f 2072 2024 2071
f 2071 2024 2023
f 2074 2020 2073
f 2073 2020 2019
f 2050 2049 2047
f 2047 2049 2075
f 1983 2043 1990
f 1990 2043 1993
f 2006 2050 2007
f 2007 2050 2076
f 2050 2006 2051
f 2051 2006 2077
f 2079 2080 2078
f 2078 2080 2081
f 2082 2083 2085
f 2085 2083 2084
f 2010 2013 2086
f 2086 2013 2087
f 2089 2033 2088
f 2088 2033 2032
f 2090 2060 2089
f 2089 2060 2033
f 2092 2093 2091
f 2091 2093 2094
f 2096 1986 2095
f 2095 1986 2097
f 2097 1986 2022
f 2022 1986 1989
f 2015 2094 2016
f 2016 2094 2098
f 2016 2098 2100
f 2100 2098 2099
f 2017 2016 2101
f 2101 2016 2100
f 2017 2101 2026
f 2026 2101 2102
f 2100 2099 2104
f 2104 2099 2103
f 2104 2105 2100
f 2100 2105 2101
f 2105 2106 2101
f 2101 2106 2102
f 2108 2061 2107
f 2107 2061 2109
f 2111 2112 2110
f 2110 2112 2020
f 2020 2074 2110
f 2110 2074 2113
f 2115 2116 2114
f 2114 2116 2117
f 2118 2119 1995
f 1995 2119 2120
f 2121 2122 2027
f 2027 2122 2014
f 2047 2075 2044
f 2044 2075 2123
f 2124 2125 2127
f 2127 2125 2126
f 2129 2130 2128
f 2128 2130 2131
f 2132 2133 2057
f 2057 2133 2058
f 2134 1999 2136
f 2136 1999 2135
f 2055 2138 2137
f 2137 2138 2139
f 2141 2142 2140
f 2140 2142 2143
f 2083 2082 2064
f 2064 2082 2065
f 2082 2144 2065
f 2065 2144 2145
f 2040 2146 2041
f 2041 2146 2147
f 2060 2090 2148
f 2148 2090 2149
f 2048 2051 2137
f 2137 2051 2150
f 2151 1997 2135
f 2135 1997 1996
f 2152 2150 2077
f 2077 2150 2051
f 2046 2045 2118
f 2118 2045 2119
f 2154 2155 2153
f 2153 2155 2156
f 2158 2159 2157
f 2157 2159 2160
f 2162 2163 2161
f 2161 2163 2164
f 2164 2163 2165
f 2165 2163 2166
f 2168 2169 2167
f 2167 2169 2170
f 2003 2172 2171
f 2171 2172 2173
f 2174 2175 2002
f 2002 2175 2176
f 2145 2177 2065
f 2065 2177 2062
f 2178 2179 2180
f 2180 2179 2134
f 2181 2052 2152
f 2152 2052 2150
f 2040 2127 2146
f 2146 2127 2182
f 2130 2162 2131
f 2131 2162 2161
f 2052 2055 2150
f 2150 2055 2137
f 2184 2185 2183
f 2183 2185 2186
f 2159 2030 2160
f 2160 2030 2187
f 2146 2182 2029
f 2029 2182 2188
f 2189 2190 2192
f 2192 2190 2191
f 2172 2003 2176
f 2176 2003 2002
f 1998 2151 1999
f 1999 2151 2135
f 2177 2172 2062
f 2062 2172 2176
f 2172 2177 2173
f 2173 2177 2193
f 2063 2194 2064
f 2064 2194 2195
f 2066 2197 2196
f 2196 2197 2198
f 2002 2005 2174
f 2174 2005 2199
f 2004 2003 2200
f 2200 2003 2171
f 2198 2201 2171
f 2171 2201 2200
f 2197 2202 2198
f 2198 2202 2201
f 2202 2197 2203
f 2203 2197 2204
f 2196 2198 2173
f 2173 2198 2171
f 2205 2069 2170
f 2170 2069 2206
f 2197 2066 2204
f 2204 2066 2067
f 2107 2207 2108
f 2108 2207 2208
f 2210 2208 2209
f 2209 2208 2207
f 2185 2211 2212
f 2213 2214 2211
f 2211 2214 2212
f 1998 2001 2213
f 2213 2001 2214
f 2134 2215 1999
f 1999 2215 2000
f 2216 2217 2219
f 2219 2217 2218
f 2206 2220 2170
f 2170 2220 2167
f 2069 2068 2206
f 2206 2068 2221
f 2151 1998 2222
f 2222 1998 2213
f 2124 2039 2205
f 2205 2039 2069
f 2142 2223 2143
f 2143 2223 2128
f 2203 2186 2202
f 2202 2186 2185
f 2185 2184 2211
f 2211 2184 2224
f 2224 2225 2222
f 2222 2225 2226
f 2071 2227 2072
f 2072 2227 2228
f 2229 2074 2230
f 2230 2074 2073
f 2074 2229 2113
f 2113 2229 2231
f 2232 2225 2227
f 2227 2225 2224
f 2233 2234 2031
f 2031 2234 2028
f 2236 2231 2235
f 2235 2231 2229
f 2230 2183 2229
f 2229 2183 2235
f 2237 1987 2096
f 2096 1987 1986
f 2152 2238 2181
f 2181 2238 2239
f 2080 2240 2081
f 2081 2240 2241
f 2236 2242 1971
f 1971 2242 1970
f 1925 2113 1923
f 1923 2113 2231
f 2110 1927 2111
f 2111 1927 1928
f 2103 2111 1931
f 1931 2111 1928
f 1931 2243 2103
f 2103 2243 2104
f 2105 2104 2244
f 2244 2104 2243
f 1939 1980 2148
f 2148 1980 2109
f 1980 1944 2109
f 2109 1944 2107
f 1946 2245 2207
f 2207 2245 2209
f 2245 1970 2209
f 2209 1970 2242
f 2231 2236 1923
f 1923 2236 1971
f 2113 1925 2110
f 2110 1925 1927
f 2234 2246 2028
f 2028 2246 2147
f 2247 2248 2058
f 2058 2248 2059
f 2114 2117 2249
f 2249 2117 2250
f 2252 2253 2251
f 2251 2253 2254
f 2094 2015 2091
f 2091 2015 2255
f 2256 2255 2014
f 2014 2255 2015
f 2257 2145 2258
f 2258 2145 2144
f 2131 2161 2123
f 2123 2161 2044
f 2045 2044 2164
f 2164 2044 2161
f 2045 2164 2119
f 2119 2164 2165
f 2259 2120 2165
f 2165 2120 2119
f 2260 2261 2259
f 2259 2261 2120
f 2205 2262 2124
f 2124 2262 2125
f 2180 2263 2178
f 2178 2263 2264
f 2265 2266 2092
f 2092 2266 2093
f 1992 2267 2268
f 2184 2228 2224
f 2224 2228 2227
f 2048 2269 2049
f 2049 2269 2141
f 2129 2168 2157
f 2157 2168 2167
f 2049 2141 2075
f 2075 2141 2140
f 2199 2215 2270
f 2270 2215 2271
f 2142 2141 2272
f 2272 2141 2269
f 2089 2026 2090
f 2090 2026 2102
f 2146 2029 2147
f 2147 2029 2028
f 2111 2103 2112
f 2112 2103 2099
f 2061 2060 2109
f 2109 2060 2148
f 2273 2274 2041
f 2041 2274 2038
f 2260 2275 2261
f 2261 2275 2136
f 2057 2138 2132
f 2132 2138 2276
f 2272 2269 2056
f 2056 2269 2139
f 2277 2278 2270
f 2270 2278 2199
f 2029 2188 2030
f 2030 2188 2187
f 2040 2039 2127
f 2127 2039 2124
f 2064 2195 2083
f 2083 2195 2279
f 2056 2139 2057
f 2057 2139 2138
f 2278 2277 2247
f 2247 2277 2248
f 2062 2176 2063
f 2063 2176 2175
f 2280 2210 2242
f 2242 2210 2209
f 2282 2233 2281
f 2281 2233 2031
f 2216 2219 2283
f 2283 2219 2221
f 2158 2220 2218
f 2218 2220 2219
f 2217 2282 2218
f 2218 2282 2281
f 2220 2158 2167
f 2167 2158 2157
f 2223 2264 2128
f 2128 2264 2263
f 2261 1996 2120
f 2120 1996 1995
f 2213 2211 2222
f 2222 2211 2224
f 2283 2221 2284
f 2284 2221 2068
f 2135 1996 2136
f 2136 1996 2261
f 2144 2081 2258
f 2258 2081 2241
f 2235 2280 2236
f 2236 2280 2242
f 2246 2273 2147
f 2147 2273 2041
f 2036 2285 2032
f 2032 2285 2088
f 2077 2286 2152
f 2152 2286 2238
f 1937 1960 1973
f 1973 1960 1959
f 2070 2232 2071
f 2071 2232 2227
f 2244 2287 2105
f 2105 2287 2106
f 1936 1939 2149
f 2149 1939 2148
f 1944 1946 2107
f 2107 1946 2207
f 2285 2121 2088
f 2088 2121 2027
f 2253 2249 2254
f 2254 2249 2250
f 2006 2009 2077
f 2077 2009 2286
f 2289 2086 2288
f 2288 2086 2087
f 2223 2142 2290
f 2290 2142 2272
f 2128 2131 2143
f 2143 2131 2123
f 2156 2291 2153
f 2153 2291 2175
f 2292 2293 2278
f 2278 2293 2294
f 2075 2140 2123
f 2123 2140 2143
f 2262 2169 2275
f 2275 2169 2180
f 2275 2180 2136
f 2136 2180 2134
f 2274 2284 2038
f 2038 2284 2068
f 2127 2126 2182
f 2182 2126 2166
f 2094 2093 2098
f 2098 2093 2021
f 2098 2021 2099
f 2099 2021 2112
f 2018 2021 2266
f 2266 2021 2093
f 2251 2289 2252
f 2252 2289 2288
f 1997 2151 2226
f 2226 2151 2222
f 2206 2221 2220
f 2220 2221 2219
f 2269 2048 2139
f 2139 2048 2137
f 2159 2158 2281
f 2281 2158 2218
f 2156 2155 2190
f 2190 2155 2191
f 1974 1965 1583
f 1583 1965 1751
f 2088 2027 2089
f 2089 2027 2026
f 2030 2159 2031
f 2031 2159 2281
f 2106 2149 2102
f 2102 2149 2090
f 2287 1936 2106
f 2106 1936 2149
f 2293 2154 2294
f 2294 2154 2153
f 2021 2020 2112
f 2247 2295 2278
f 2278 2295 2292
f 2284 2296 2283
f 2283 2296 2297
f 2298 2296 2274
f 2274 2296 2284
f 2273 2299 2274
f 2274 2299 2298
f 2246 2300 2273
f 2273 2300 2299
f 2283 2297 2216
f 2216 2297 2301
f 2216 2301 2217
f 2217 2301 2302
f 2302 2303 2217
f 2217 2303 2282
f 2304 2301 2305
f 2305 2301 2297
f 2307 2308 2306
f 2306 2308 2309
f 2306 2310 2307
f 2307 2310 2311
f 2307 2312 2308
f 2308 2312 2313
f 2314 2315 2312
f 2312 2315 2316
f 2316 2317 2312
f 2312 2317 2313
f 2317 2305 2313
f 2313 2305 2318
f 2314 2312 2311
f 2311 2312 2307
f 2319 2320 2322
f 2322 2320 2321
f 2322 2311 2319
f 2319 2311 2310
f 2313 2318 2308
f 2308 2318 2309
f 2296 2298 2318
f 2318 2298 2309
f 2309 2298 2323
f 2323 2298 2299
f 2306 2309 2324
f 2324 2309 2323
f 2310 2306 2325
f 2325 2306 2324
f 2296 2318 2297
f 2297 2318 2305
f 2319 2310 2326
f 2326 2310 2325
f 2328 2325 2327
f 2327 2325 2324
f 2325 2328 2326
f 2326 2328 2329
f 2331 2328 2330
f 2330 2328 2327
f 2332 2333 2327
f 2327 2333 2330
f 2328 2331 2329
f 2329 2331 2334
f 2324 2323 2327
f 2327 2323 2332
f 2300 2332 2299
f 2299 2332 2323
f 2326 2335 2319
f 2319 2335 2320
f 2305 2317 2336
f 2336 2317 2316
f 2336 2316 2337
f 2337 2316 2315
f 2338 2304 2336
f 2336 2304 2305
f 2337 2339 2336
f 2336 2339 2338
f 2337 2315 2341
f 2341 2315 2340
f 2342 2300 2234
f 2234 2300 2246
f 2303 2343 2282
f 2282 2343 2233
f 2234 2233 2342
f 2342 2233 2343
f 2342 2343 2333
f 2333 2343 2344
f 2333 2344 2330
f 2330 2344 2345
f 2346 2344 2303
f 2303 2344 2343
f 2332 2300 2333
f 2333 2300 2342
f 2347 2346 2302
f 2302 2346 2303
f 2301 2304 2302
f 2302 2304 2347
f 2304 2338 2347
f 2347 2338 2348
f 2348 2349 2347
f 2347 2349 2346
f 2350 2351 2348
f 2348 2351 2349
f 2349 2345 2346
f 2346 2345 2344
f 2345 2349 2352
f 2352 2349 2351
f 2338 2339 2348
f 2348 2339 2350
f 2350 2339 2353
f 2353 2339 2354
f 2356 2357 2355
f 2355 2357 2353
f 2351 2350 2357
f 2357 2350 2353
f 2353 2354 2355
f 2355 2354 2335
f 2320 2335 2341
f 2341 2335 2354
f 2339 2337 2354
f 2354 2337 2341
f 2352 2331 2345
f 2345 2331 2330
f 2356 2334 2352
f 2352 2334 2331
f 2356 2352 2357
f 2357 2352 2351
f 2355 2329 2356
f 2356 2329 2334
f 2335 2326 2355
f 2355 2326 2329
f 2321 2314 2322
f 2322 2314 2311
f 2321 2320 2340
f 2340 2320 2341
f 2315 2314 2340
f 2340 2314 2321
f 2125 2260 2126
f 2126 2260 2259
f 2157 2160 2129
f 2129 2160 2130
f 2188 2163 2187
f 2187 2163 2162
f 2182 2166 2188
f 2188 2166 2163
f 2180 2169 2263
f 2263 2169 2168
f 2160 2187 2130
f 2130 2187 2162
f 2275 2260 2262
f 2262 2260 2125
f 2128 2263 2129
f 2129 2263 2168
f 2262 2205 2169
f 2169 2205 2170
f 2165 2166 2259
f 2259 2166 2126
f 2359 2360 2358
f 2358 2360 2361
f 2363 2364 2362
f 2362 2364 2365
f 2367 2363 2366
f 2366 2363 2362
f 2368 2369 2371
f 2371 2369 2370
f 2372 2373 2248
f 2248 2373 2059
f 2364 2374 2365
f 2365 2374 2375
f 2377 2378 2376
f 2376 2378 2379
f 2290 2380 2223
f 2223 2380 2381
f 2223 2381 2264
f 2264 2381 2382
f 2384 2385 2383
f 2383 2385 2386
f 2364 2371 2374
f 2374 2371 2387
f 2059 2373 2290
f 2290 2373 2380
f 2378 2360 2379
f 2379 2360 2388
f 2374 2387 2359
f 2359 2387 2389
f 2390 2367 2386
f 2386 2367 2391
f 2393 2394 2392
f 2392 2394 2395
f 2386 2391 2383
f 2383 2391 2396
f 2367 2366 2391
f 2391 2366 2397
f 2363 2367 2368
f 2368 2367 2390
f 2398 2399 2361
f 2361 2399 2358
f 2399 2400 2358
f 2358 2400 2375
f 2390 2401 2368
f 2368 2401 2369
f 2372 2384 2376
f 2376 2384 2383
f 2374 2359 2375
f 2375 2359 2358
f 2402 2403 2365
f 2365 2403 2362
f 2359 2389 2360
f 2360 2389 2388
f 2364 2363 2371
f 2371 2363 2368
f 2405 2398 2404
f 2404 2398 2361
f 2392 2395 2406
f 2406 2395 2397
f 2377 2396 2394
f 2394 2396 2395
f 2394 2393 2404
f 2404 2393 2405
f 2396 2377 2383
f 2383 2377 2376
f 2406 2397 2407
f 2407 2397 2366
f 2400 2402 2375
f 2375 2402 2365
f 2385 2270 2401
f 2401 2270 2271
f 2403 2407 2362
f 2362 2407 2366
f 2371 2370 2387
f 2387 2370 2382
f 2391 2397 2396
f 2396 2397 2395
f 2378 2377 2404
f 2404 2377 2394
f 2360 2378 2361
f 2361 2378 2404
f 2407 2408 2406
f 2406 2408 2409
f 2410 2408 2403
f 2403 2408 2407
f 2411 2410 2402
f 2402 2410 2403
f 2412 2411 2400
f 2400 2411 2402
f 2406 2409 2392
f 2392 2409 2413
f 2392 2413 2393
f 2393 2413 2414
f 2415 2405 2414
f 2414 2405 2393
f 2416 2413 2417
f 2417 2413 2409
f 2419 2420 2418
f 2418 2420 2421
f 2420 2422 2421
f 2421 2422 2423
f 2420 2424 2422
f 2422 2424 2425
f 2426 2427 2424
f 2424 2427 2428
f 2428 2429 2424
f 2424 2429 2425
f 2426 2424 2419
f 2419 2424 2420
f 2419 2418 2431
f 2431 2418 2430
f 2425 2432 2422
f 2422 2432 2423
f 2408 2410 2432
f 2432 2410 2423
f 2423 2410 2433
f 2433 2410 2411
f 2421 2423 2434
f 2434 2423 2433
f 2435 2418 2434
f 2434 2418 2421
f 2429 2417 2425
f 2425 2417 2432
f 2408 2432 2409
f 2409 2432 2417
f 2418 2435 2430
f 2430 2435 2436
f 2438 2435 2437
f 2437 2435 2434
f 2435 2438 2436
f 2436 2438 2439
f 2441 2438 2440
f 2440 2438 2437
f 2442 2443 2437
f 2437 2443 2440
f 2439 2438 2444
f 2444 2438 2441
f 2433 2442 2434
f 2434 2442 2437
f 2412 2442 2411
f 2411 2442 2433
f 2436 2445 2430
f 2430 2445 2446
f 2430 2446 2431
f 2431 2446 2447
f 2417 2429 2448
f 2448 2429 2428
f 2427 2449 2428
f 2428 2449 2448
f 2450 2416 2448
f 2448 2416 2417
f 2451 2450 2449
f 2449 2450 2448
f 2427 2452 2449
f 2449 2452 2453
f 2447 2446 2452
f 2452 2446 2453
f 2454 2412 2399
f 2399 2412 2400
f 2415 2455 2405
f 2405 2455 2398
f 2399 2398 2454
f 2454 2398 2455
f 2454 2455 2443
f 2443 2455 2456
f 2443 2456 2440
f 2440 2456 2457
f 2458 2456 2415
f 2415 2456 2455
f 2443 2442 2454
f 2454 2442 2412
f 2459 2458 2414
f 2414 2458 2415
f 2413 2416 2414
f 2414 2416 2459
f 2459 2416 2460
f 2460 2416 2450
f 2460 2461 2459
f 2459 2461 2458
f 2462 2463 2460
f 2460 2463 2461
f 2461 2457 2458
f 2458 2457 2456
f 2457 2461 2464
f 2464 2461 2463
f 2451 2462 2450
f 2450 2462 2460
f 2462 2451 2465
f 2465 2451 2466
f 2468 2469 2467
f 2467 2469 2465
f 2463 2462 2469
f 2469 2462 2465
f 2465 2466 2467
f 2467 2466 2445
f 2446 2445 2453
f 2453 2445 2466
f 2451 2449 2466
f 2466 2449 2453
f 2464 2441 2457
f 2457 2441 2440
f 2468 2444 2464
f 2464 2444 2441
f 2468 2464 2469
f 2469 2464 2463
f 2467 2439 2468
f 2468 2439 2444
f 2445 2436 2467
f 2467 2436 2439
f 2447 2426 2431
f 2431 2426 2419
f 2427 2426 2452
f 2452 2426 2447
f 2369 2179 2370
f 2370 2179 2178
f 2376 2379 2372
f 2372 2379 2373
f 2389 2381 2388
f 2388 2381 2380
f 2387 2382 2389
f 2389 2382 2381
f 2270 2385 2277
f 2277 2385 2384
f 2379 2388 2373
f 2373 2388 2380
f 2401 2271 2369
f 2369 2271 2179
f 2248 2277 2372
f 2372 2277 2384
f 2401 2390 2385
f 2385 2390 2386
f 2264 2382 2178
f 2178 2382 2370
f 2215 2134 2271
f 2271 2134 2179
f 2005 2000 2199
f 2199 2000 2215
f 2004 2001 2005
f 2005 2001 2000
f 2200 2214 2004
f 2004 2214 2001
f 2470 2471 2473
f 2473 2471 2472
f 2475 2476 2474
f 2474 2476 2477
f 2479 2475 2478
f 2478 2475 2474
f 2481 2482 2480
f 2480 2482 2483
f 2476 2484 2477
f 2477 2484 2485
f 2487 2488 2486
f 2486 2488 2489
f 2133 2490 2058
f 2058 2490 2491
f 2058 2491 2247
f 2247 2491 2492
f 2494 2495 2493
f 2493 2495 2496
f 2476 2483 2484
f 2484 2483 2497
f 2472 2498 2488
f 2488 2498 2489
f 2484 2497 2471
f 2471 2497 2499
f 2500 2479 2496
f 2496 2479 2501
f 2502 2503 2505
f 2505 2503 2504
f 2496 2501 2493
f 2493 2501 2506
f 2479 2478 2501
f 2501 2478 2507
f 2475 2479 2480
f 2480 2479 2500
f 2508 2509 2473
f 2473 2509 2470
f 2509 2510 2470
f 2470 2510 2485
f 2511 2481 2500
f 2500 2481 2480
f 2512 2494 2486
f 2486 2494 2493
f 2485 2484 2470
f 2470 2484 2471
f 2513 2514 2477
f 2477 2514 2474
f 2471 2499 2472
f 2472 2499 2498
f 2476 2475 2483
f 2483 2475 2480
f 2516 2508 2515
f 2515 2508 2473
f 2502 2505 2517
f 2517 2505 2507
f 2504 2487 2505
f 2505 2487 2506
f 2503 2516 2504
f 2504 2516 2515
f 2506 2487 2493
f 2493 2487 2486
f 2517 2507 2518
f 2518 2507 2478
f 2510 2513 2485
f 2485 2513 2477
f 2511 2495 2293
f 2293 2495 2154
f 2514 2518 2474
f 2474 2518 2478
f 2483 2482 2497
f 2497 2482 2492
f 2501 2507 2506
f 2506 2507 2505
f 2488 2487 2515
f 2515 2487 2504
f 2472 2488 2473
f 2473 2488 2515
f 2518 2519 2517
f 2517 2519 2520
f 2521 2519 2514
f 2514 2519 2518
f 2522 2521 2513
f 2513 2521 2514
f 2523 2522 2510
f 2510 2522 2513
f 2517 2520 2502
f 2502 2520 2524
f 2502 2524 2503
f 2503 2524 2525
f 2525 2526 2503
f 2503 2526 2516
f 2527 2524 2528
f 2528 2524 2520
f 2530 2531 2529
f 2529 2531 2532
f 2531 2533 2532
f 2532 2533 2534
f 2531 2535 2533
f 2533 2535 2536
f 2537 2538 2535
f 2535 2538 2539
f 2539 2540 2535
f 2535 2540 2536
f 2537 2535 2530
f 2530 2535 2531
f 2529 2541 2530
f 2530 2541 2542
f 2543 2534 2536
f 2536 2534 2533
f 2519 2521 2543
f 2543 2521 2534
f 2534 2521 2544
f 2544 2521 2522
f 2532 2534 2545
f 2545 2534 2544
f 2529 2532 2546
f 2546 2532 2545
f 2536 2540 2543
f 2543 2540 2528
f 2519 2543 2520
f 2520 2543 2528
f 2541 2529 2547
f 2547 2529 2546
f 2548 2549 2545
f 2545 2549 2546
f 2549 2550 2546
f 2546 2550 2547
f 2551 2552 2548
f 2548 2552 2549
f 2548 2553 2551
f 2551 2553 2554
f 2550 2549 2555
f 2555 2549 2552
f 2545 2544 2548
f 2548 2544 2553
f 2523 2553 2522
f 2522 2553 2544
f 2547 2556 2541
f 2541 2556 2557
f 2541 2557 2542
f 2542 2557 2558
f 2528 2540 2559
f 2559 2540 2539
f 2538 2560 2539
f 2539 2560 2559
f 2561 2527 2559
f 2559 2527 2528
f 2560 2562 2559
f 2559 2562 2561
f 2560 2538 2564
f 2564 2538 2563
f 2558 2557 2563
f 2563 2557 2564
f 2565 2523 2509
f 2509 2523 2510
f 2526 2566 2516
f 2516 2566 2508
f 2509 2508 2565
f 2565 2508 2566
f 2565 2566 2554
f 2554 2566 2567
f 2554 2567 2551
f 2551 2567 2568
f 2569 2567 2526
f 2526 2567 2566
f 2553 2523 2554
f 2554 2523 2565
f 2570 2569 2525
f 2525 2569 2526
f 2524 2527 2525
f 2525 2527 2570
f 2527 2561 2570
f 2570 2561 2571
f 2571 2572 2570
f 2570 2572 2569
f 2573 2574 2571
f 2571 2574 2572
f 2572 2568 2569
f 2569 2568 2567
f 2568 2572 2575
f 2575 2572 2574
f 2562 2573 2561
f 2561 2573 2571
f 2573 2562 2576
f 2576 2562 2577
f 2579 2580 2578
f 2578 2580 2576
f 2574 2573 2580
f 2580 2573 2576
f 2576 2577 2578
f 2578 2577 2556
f 2557 2556 2564
f 2564 2556 2577
f 2562 2560 2577
f 2577 2560 2564
f 2575 2552 2568
f 2568 2552 2551
f 2579 2555 2575
f 2575 2555 2552
f 2579 2575 2580
f 2580 2575 2574
f 2550 2555 2578
f 2578 2555 2579
f 2556 2547 2578
f 2578 2547 2550
f 2558 2537 2542
f 2542 2537 2530
f 2538 2537 2563
f 2563 2537 2558
f 2292 2295 2481
f 2481 2295 2482
f 2486 2489 2512
f 2512 2489 2581
f 2499 2491 2498
f 2498 2491 2490
f 2497 2492 2499
f 2499 2492 2491
f 2155 2154 2494
f 2494 2154 2495
f 2581 2489 2490
f 2490 2489 2498
f 2293 2292 2511
f 2511 2292 2481
f 2191 2155 2512
f 2512 2155 2494
f 2500 2496 2511
f 2511 2496 2495
f 2247 2492 2295
f 2295 2492 2482
f 2583 2584 2582
f 2582 2584 2585
f 2587 2588 2586
f 2586 2588 2589
f 2591 2587 2590
f 2590 2587 2586
f 2593 2594 2592
f 2592 2594 2595
f 2596 2597 2599
f 2599 2597 2598
f 2588 2600 2589
f 2589 2600 2601
f 2602 2603 2605
f 2605 2603 2604
f 2606 2607 2609
f 2609 2607 2608
f 2609 2608 2190
f 2190 2608 2610
f 2611 2612 2614
f 2614 2612 2613
f 2600 2588 2615
f 2615 2588 2595
f 2599 2598 2606
f 2606 2598 2607
f 2584 2616 2604
f 2604 2616 2605
f 2600 2615 2583
f 2583 2615 2617
f 2591 2619 2618
f 2618 2619 2614
f 2621 2622 2620
f 2620 2622 2623
f 2619 2624 2614
f 2614 2624 2611
f 2591 2590 2619
f 2619 2590 2625
f 2587 2591 2592
f 2592 2591 2618
f 2626 2627 2585
f 2585 2627 2582
f 2627 2628 2582
f 2582 2628 2601
f 2629 2593 2618
f 2618 2593 2592
f 2602 2597 2611
f 2611 2597 2612
f 2600 2583 2601
f 2601 2583 2582
f 2630 2631 2589
f 2589 2631 2586
f 2583 2617 2584
f 2584 2617 2616
f 2588 2587 2595
f 2595 2587 2592
f 2633 2626 2632
f 2632 2626 2585
f 2620 2623 2634
f 2634 2623 2625
f 2622 2603 2623
f 2623 2603 2624
f 2621 2633 2622
f 2622 2633 2632
f 2611 2624 2602
f 2602 2624 2603
f 2634 2625 2635
f 2635 2625 2590
f 2628 2630 2601
f 2601 2630 2589
f 2613 2195 2629
f 2629 2195 2194
f 2631 2635 2586
f 2586 2635 2590
f 2595 2594 2615
f 2615 2594 2610
f 2619 2625 2624
f 2624 2625 2623
f 2632 2604 2622
f 2622 2604 2603
f 2585 2584 2632
f 2632 2584 2604
f 2635 2636 2634
f 2634 2636 2637
f 2638 2636 2631
f 2631 2636 2635
f 2639 2638 2630
f 2630 2638 2631
f 2640 2639 2628
f 2628 2639 2630
f 2634 2637 2620
f 2620 2637 2641
f 2620 2641 2621
f 2621 2641 2642
f 2642 2643 2621
f 2621 2643 2633
f 2641 2637 2644
f 2644 2637 2645
f 2646 2647 2649
f 2649 2647 2648
f 2648 2650 2649
f 2649 2650 2651
f 2648 2652 2650
f 2650 2652 2653
f 2652 2654 2656
f 2656 2654 2655
f 2656 2657 2652
f 2652 2657 2653
f 2654 2652 2647
f 2647 2652 2648
f 2647 2646 2659
f 2659 2646 2658
f 2660 2651 2653
f 2653 2651 2650
f 2636 2638 2660
f 2660 2638 2651
f 2651 2638 2661
f 2661 2638 2639
f 2651 2661 2649
f 2649 2661 2662
f 2663 2646 2662
f 2662 2646 2649
f 2653 2657 2660
f 2660 2657 2645
f 2636 2660 2637
f 2637 2660 2645
f 2646 2663 2658
f 2658 2663 2664
f 2665 2666 2662
f 2662 2666 2663
f 2666 2667 2663
f 2663 2667 2664
f 2668 2669 2665
f 2665 2669 2666
f 2665 2670 2668
f 2668 2670 2671
f 2667 2666 2672
f 2672 2666 2669
f 2662 2661 2665
f 2665 2661 2670
f 2640 2670 2639
f 2639 2670 2661
f 2673 2674 2664
f 2664 2674 2658
f 2658 2674 2659
f 2659 2674 2675
f 2645 2657 2676
f 2676 2657 2656
f 2677 2676 2655
f 2655 2676 2656
f 2676 2678 2645
f 2645 2678 2644
f 2677 2679 2676
f 2676 2679 2678
f 2655 2680 2677
f 2677 2680 2681
f 2675 2674 2680
f 2680 2674 2681
f 2682 2640 2627
f 2627 2640 2628
f 2643 2683 2633
f 2633 2683 2626
f 2682 2627 2683
f 2683 2627 2626
f 2683 2684 2682
f 2682 2684 2671
f 2684 2685 2671
f 2671 2685 2668
f 2686 2684 2643
f 2643 2684 2683
f 2670 2640 2671
f 2671 2640 2682
f 2687 2686 2642
f 2642 2686 2643
f 2642 2641 2687
f 2687 2641 2644
f 2687 2644 2688
f 2688 2644 2678
f 2688 2689 2687
f 2687 2689 2686
f 2690 2691 2688
f 2688 2691 2689
f 2689 2685 2686
f 2686 2685 2684
f 2685 2689 2692
f 2692 2689 2691
f 2679 2690 2678
f 2678 2690 2688
f 2690 2679 2693
f 2693 2679 2694
f 2696 2697 2695
f 2695 2697 2693
f 2691 2690 2697
f 2697 2690 2693
f 2693 2694 2695
f 2695 2694 2673
f 2674 2673 2681
f 2681 2673 2694
f 2679 2677 2694
f 2694 2677 2681
f 2685 2692 2668
f 2668 2692 2669
f 2696 2672 2692
f 2692 2672 2669
f 2696 2692 2697
f 2697 2692 2691
f 2695 2667 2696
f 2696 2667 2672
f 2673 2664 2695
f 2695 2664 2667
f 2675 2654 2659
f 2659 2654 2647
f 2655 2654 2680
f 2680 2654 2675
f 2291 2156 2593
f 2593 2156 2594
f 2597 2602 2598
f 2598 2602 2605
f 2616 2617 2607
f 2607 2617 2608
f 2615 2610 2617
f 2617 2610 2608
f 2597 2596 2612
f 2612 2596 2698
f 2598 2605 2607
f 2607 2605 2616
f 2194 2291 2629
f 2629 2291 2593
f 2629 2618 2613
f 2613 2618 2614
f 2190 2610 2156
f 2156 2610 2594
f 2700 2010 2699
f 2699 2010 2086
f 2267 2701 2116
f 2116 2701 2702
f 2116 2702 2117
f 2117 2702 2703
f 2704 2705 2250
f 2250 2705 2254
f 2011 2706 2267
f 2267 2706 2701
f 2699 2086 2707
f 2707 2086 2289
f 2010 2700 2011
f 2011 2700 2706
f 2708 2707 2251
f 2251 2707 2289
f 2703 2704 2117
f 2117 2704 2250
f 2705 2708 2254
f 2254 2708 2251
f 2709 2710 2708
f 2708 2710 2707
f 2711 2709 2705
f 2705 2709 2708
f 2712 2711 2704
f 2704 2711 2705
f 2713 2712 2703
f 2703 2712 2704
f 2707 2710 2699
f 2699 2710 2714
f 2699 2714 2700
f 2700 2714 2715
f 2716 2706 2715
f 2715 2706 2700
f 2714 2710 2717
f 2717 2710 2718
f 2720 2721 2719
f 2719 2721 2722
f 2721 2723 2722
f 2722 2723 2724
f 2721 2725 2723
f 2723 2725 2726
f 2727 2728 2725
f 2725 2728 2726
f 2729 2725 2720
f 2720 2725 2721
f 2731 2729 2730
f 2730 2729 2720
f 2719 2732 2720
f 2720 2732 2730
f 2726 2733 2723
f 2723 2733 2724
f 2709 2711 2733
f 2733 2711 2724
f 2724 2711 2734
f 2734 2711 2712
f 2722 2724 2735
f 2735 2724 2734
f 2719 2722 2736
f 2736 2722 2735
f 2726 2728 2733
f 2733 2728 2718
f 2709 2733 2710
f 2710 2733 2718
f 2732 2719 2737
f 2737 2719 2736
f 2738 2739 2735
f 2735 2739 2736
f 2739 2740 2736
f 2736 2740 2737
f 2741 2742 2738
f 2738 2742 2739
f 2738 2743 2741
f 2741 2743 2744
f 2740 2739 2745
f 2745 2739 2742
f 2735 2734 2738
f 2738 2734 2743
f 2713 2743 2712
f 2712 2743 2734
f 2737 2746 2732
f 2732 2746 2747
f 2732 2747 2730
f 2730 2747 2731
f 2718 2728 2748
f 2748 2728 2727
f 2749 2750 2727
f 2727 2750 2748
f 2748 2751 2718
f 2718 2751 2717
f 2750 2752 2748
f 2748 2752 2751
f 2750 2749 2754
f 2754 2749 2753
f 2731 2747 2753
f 2753 2747 2754
f 2727 2725 2749
f 2749 2725 2729
f 2749 2729 2753
f 2753 2729 2731
f 2702 2755 2703
f 2703 2755 2713
f 2706 2716 2701
f 2701 2716 2756
f 2755 2702 2756
f 2756 2702 2701
f 2756 2757 2755
f 2755 2757 2744
f 2757 2758 2744
f 2744 2758 2741
f 2759 2757 2716
f 2716 2757 2756
f 2743 2713 2744
f 2744 2713 2755
f 2760 2759 2715
f 2715 2759 2716
f 2715 2714 2760
f 2760 2714 2717
f 2760 2717 2761
f 2761 2717 2751
f 2761 2762 2760
f 2760 2762 2759
f 2763 2764 2761
f 2761 2764 2762
f 2762 2758 2759
f 2759 2758 2757
f 2758 2762 2765
f 2765 2762 2764
f 2752 2763 2751
f 2751 2763 2761
f 2763 2752 2766
f 2766 2752 2767
f 2768 2769 2766
f 2766 2769 2770
f 2764 2763 2770
f 2770 2763 2766
f 2766 2767 2768
f 2768 2767 2746
f 2747 2746 2754
f 2754 2746 2767
f 2752 2750 2767
f 2767 2750 2754
f 2758 2765 2741
f 2741 2765 2742
f 2769 2745 2765
f 2765 2745 2742
f 2769 2765 2770
f 2770 2765 2764
f 2768 2740 2769
f 2769 2740 2745
f 2746 2737 2768
f 2768 2737 2740
f 2201 2212 2200
f 2200 2212 2214
f 2201 2202 2212
f 2212 2202 2185
f 2512 2581 2191
f 2191 2581 2192
f 2059 2290 2056
f 2056 2290 2272
f 2174 2199 2294
f 2294 2199 2278
f 2063 2175 2194
f 2194 2175 2291
f 2192 2581 2133
f 2133 2581 2490
f 2133 2132 2192
f 2192 2132 2189
f 2054 2276 2055
f 2055 2276 2138
f 2083 2279 2084
f 2084 2279 2771
f 2771 2279 2599
f 2599 2279 2596
f 2606 2772 2599
f 2599 2772 2771
f 2772 2773 2771
f 2771 2773 2084
f 2773 2774 2084
f 2084 2774 2085
f 2085 2775 2082
f 2082 2775 2144
f 2774 2078 2085
f 2085 2078 2775
f 2078 2774 2079
f 2079 2774 2776
f 2774 2773 2776
f 2776 2773 2777
f 2773 2772 2777
f 2777 2772 2778
f 2190 2189 2609
f 2609 2189 2778
f 2053 2052 2779
f 2779 2052 2181
f 2144 2775 2081
f 2081 2775 2078
f 2294 2153 2174
f 2174 2153 2175
f 2132 2276 2189
f 2189 2276 2778
f 2606 2609 2772
f 2772 2609 2778
f 2195 2613 2698
f 2698 2613 2612
f 2596 2279 2698
f 2698 2279 2195
f 2054 2777 2276
f 2276 2777 2778
f 2777 2054 2776
f 2776 2054 2053
f 2053 2779 2776
f 2776 2779 2079
f 2779 2181 2079
f 2079 2181 2080
f 2181 2239 2080
f 2080 2239 2240
f 2122 2256 2014
f 2042 1982 2076
f 2076 1982 2007
f 1982 1985 2007
f 2007 1985 2008
f 2095 2097 2265
f 2265 2097 2266
f 2076 2050 2042
f 2042 2050 2047
f 2046 2043 2047
f 2047 2043 2042
f 2118 1993 2046
f 2046 1993 2043
f 1995 1994 2118
f 2118 1994 1993
f 2267 1992 2011
f 2011 1992 2012
f 1997 2012 1994
f 1994 2012 1992
f 2226 2013 1997
f 1997 2013 2012
f 2225 2087 2226
f 2226 2087 2013
f 2225 2232 2087
f 2087 2232 2288
f 2232 2070 2288
f 2288 2070 2252
f 2070 2025 2252
f 2252 2025 2253
f 1988 2249 2025
f 2025 2249 2253
f 2116 2115 2267
f 2267 2115 2268
f 2096 1984 2237
f 2237 1984 1991
f 2095 1985 2096
f 2096 1985 1984
f 2265 2008 2095
f 2095 2008 1985
f 2092 2009 2265
f 2265 2009 2008
f 2091 2286 2092
f 2092 2286 2009
f 2255 2238 2091
f 2091 2238 2286
f 2256 2239 2255
f 2255 2239 2238
f 2122 2240 2256
f 2256 2240 2239
f 2121 2241 2122
f 2122 2241 2240
f 2022 2018 2097
f 2097 2018 2266
f 2022 2024 2018
f 2018 2024 2019
f 2024 2072 2019
f 2019 2072 2073
f 2072 2228 2073
f 2073 2228 2230
f 2228 2184 2230
f 2230 2184 2183
f 2121 2285 2241
f 2241 2285 2258
f 2285 2036 2258
f 2258 2036 2257
f 2177 2145 2193
f 2193 2145 2257
f 2173 2193 2196
f 2196 2193 2037
f 2036 2037 2257
f 2257 2037 2193
f 2196 2037 2066
f 2066 2037 2035
f 2061 2108 2034
f 2034 2108 2067
f 2108 2208 2067
f 2067 2208 2204
f 2208 2210 2204
f 2204 2210 2203
f 2210 2280 2203
f 2203 2280 2186
f 2183 2186 2235
f 2235 2186 2280
f 1987 2114 1988
f 1988 2114 2249
f 2237 2115 1987
f 1987 2115 2114
f 1991 2268 2237
f 2237 2268 2115
f 1991 1990 2268
f 2268 1990 1992
f 107 110 2781
f 2781 110 2780
f 117 2782 118
f 118 2782 2783
f 119 2784 120
f 120 2784 2785
f 125 2786 126
f 126 2786 2787
f 127 2788 128
f 128 2788 2789
f 127 132 2788
f 2788 132 2790
f 231 230 2792
f 2792 230 2791
f 118 2783 119
f 119 2783 2784
f 241 243 2794
f 2794 243 2793
f 2781 2795 107
f 107 2795 352
f 120 2785 437
f 437 2785 2796
f 126 2787 110
f 110 2787 2780
f 455 2797 456
f 456 2797 2798
f 128 2789 457
f 457 2789 2799
f 456 2798 117
f 117 2798 2782
f 2794 2797 241
f 241 2797 455
f 457 2799 125
f 125 2799 2786
f 132 231 2790
f 2790 231 2792
f 230 437 2791
f 2791 437 2796
f 2792 2789 2790
f 2790 2789 2788
f 2785 2784 2801
f 2801 2784 2800
f 2786 2802 2787
f 2787 2802 2803
f 2792 2791 2805
f 2805 2791 2804
f 2784 2783 2800
f 2800 2783 2806
f 2785 2801 2796
f 2796 2801 2807
f 2787 2803 2780
f 2780 2803 2808
f 2789 2809 2799
f 2799 2809 2810
f 2799 2810 2786
f 2786 2810 2802
f 2791 2796 2804
f 2804 2796 2807
f 2789 2792 2809
f 2809 2792 2805
f 2812 2797 2811
f 2811 2797 2794
f 2809 2805 2810
f 2810 2805 2804
f 2810 2804 2802
f 2802 2804 2807
f 2802 2807 2803
f 2803 2807 2801
f 2808 2803 2800
f 2800 2803 2801
f 2814 699 2813
f 2813 699 698
f 2808 2815 2780
f 2780 2815 2781
f 2817 2782 2816
f 2816 2782 2798
f 2815 2818 2781
f 2781 2818 2795
f 2797 2812 2798
f 2798 2812 2816
f 2783 2782 2806
f 2806 2782 2817
f 2800 2806 2808
f 2808 2806 2815
f 2794 2793 2811
f 2811 2793 2819
f 174 201 384
f 384 201 362
f 200 1766 390
f 390 1766 1777
f 1777 1778 390
f 390 1778 398
f 1778 361 398
f 398 361 222
f 2820 2821 628
f 628 2821 629
f 1406 2820 790
f 790 2820 628
f 794 1415 1233
f 1233 1415 1234
f 1406 790 1407
f 1407 790 1312
f 1407 1312 2822
f 2822 1312 1316
f 2823 1380 1543
f 1543 1380 1379
f 1385 1738 1382
f 1382 1738 1383
f 1381 791 1382
f 1382 791 1386
f 791 794 1386
f 1386 794 1233
f 1259 1390 1260
f 1260 1390 1389
f 1905 1542 1394
f 1394 1542 1395
f 1410 1413 1397
f 1397 1413 1398
f 2821 1410 629
f 629 1410 1397
f 2823 2822 1380
f 1380 2822 1316
f 1392 1395 1378
f 1378 1395 1379
f 1738 1399 1383
f 1383 1399 1398
f 1388 1235 1389
f 1389 1235 1234
f 1393 1391 1394
f 1394 1391 1390
f 1381 1384 779
f 779 1384 780
f 1282 788 792
f 792 788 793
f 1431 1262 1432
f 1432 1262 1261
f 1400 1342 1408
f 1408 1342 1409
f 1508 1544 1411
f 1411 1544 1412
f 788 787 793
f 793 787 1414
f 2821 2820 1429
f 1429 2820 1430
f 2822 2823 1506
f 1506 2823 1507
f 778 1282 779
f 779 1282 792
f 2820 1406 1430
f 1430 1406 1409
f 1410 2821 1411
f 1411 2821 1429
f 1407 2822 1408
f 1408 2822 1506
f 1544 781 1412
f 1412 781 780
f 1260 1415 1261
f 1261 1415 1414
f 1334 2824 923
f 923 2824 924
f 2826 1268 2825
f 2825 1268 1267
f 769 1212 2827
f 2827 1212 2828
f 1492 1190 1266
f 1266 1190 1267
f 1488 2829 1489
f 1489 2829 2830
f 922 1329 923
f 923 1329 1328
f 1484 2831 1485
f 1485 2831 2832
f 1482 2833 1485
f 1485 2833 1486
f 1324 1493 1489
f 1489 1493 1490
f 1265 1491 1266
f 1266 1491 1490
f 2835 2836 2834
f 2834 2836 2837
f 1250 2838 2827
f 2827 2838 2839
f 1488 1491 2840
f 2840 1491 2841
f 1268 2826 2842
f 2842 2826 2843
f 2844 2845 1495
f 1495 2845 1496
f 1427 2847 2846
f 2846 2847 926
f 2829 1488 2848
f 2848 1488 2840
f 1329 922 2849
f 2849 922 927
f 2850 2851 768
f 768 2851 1213
f 1265 1268 2852
f 2852 1268 2842
f 1491 1265 2841
f 2841 1265 2852
f 2854 2855 2853
f 2853 2855 2856
f 2855 2857 2856
f 2856 2857 598
f 2857 2858 598
f 598 2858 595
f 2858 2859 595
f 595 2859 626
f 649 652 2860
f 2860 652 2861
f 639 642 2862
f 2862 642 2863
f 2864 705 2862
f 2862 705 639
f 2865 1418 2864
f 2864 1418 705
f 2866 2867 2865
f 2865 2867 1418
f 1760 1348 1761
f 1761 1348 2867
f 1764 2868 1197
f 1197 2868 1198
f 2869 611 2868
f 2868 611 1198
f 2870 612 2869
f 2869 612 611
f 1352 1350 944
f 944 1350 688
f 1350 1256 688
f 688 1256 685
f 1256 1255 685
f 685 1255 692
f 1255 2871 692
f 692 2871 2872
f 701 2873 698
f 698 2873 2813
f 2872 1349 692
f 692 1349 693
f 1696 1744 1574
f 1574 1744 1575
f 1753 1618 1577
f 1577 1618 1578
f 1729 1594 1608
f 1608 1594 1609
f 1725 1630 1611
f 1611 1630 1612
f 1604 1607 1625
f 1625 1607 1626
f 1624 1703 1625
f 1625 1703 1912
f 1703 1702 1912
f 1912 1702 1913
f 1702 1753 1913
f 1913 1753 1577
f 1598 1569 1915
f 1915 1569 1578
f 1616 1615 1915
f 1915 1615 1916
f 1615 1696 1916
f 1916 1696 1574
f 1744 1745 1575
f 1575 1745 1917
f 1745 1565 1917
f 1917 1565 1609
f 1568 1725 1608
f 1608 1725 1611
f 2874 1613 1918
f 1918 1613 1612
f 1607 2874 1626
f 1626 2874 1918
f 1610 1613 1562
f 1562 1613 1563
f 1547 1550 1570
f 1570 1550 1571
f 1573 1576 1580
f 1580 1576 1581
f 1553 1556 1595
f 1595 1556 1596
f 1556 1582 1596
f 1596 1582 1581
f 1551 1547 1599
f 1599 1547 1570
f 1731 1914 1601
f 1601 1914 1602
f 1686 1689 1605
f 1605 1689 1606
f 1598 1743 1599
f 1599 1743 1692
f 2874 1607 1723
f 1723 1607 1606
f 1727 1553 1730
f 1730 1553 1595
f 1600 1686 1601
f 1601 1686 1605
f 1914 1572 1602
f 1602 1572 1571
f 1579 1693 1580
f 1580 1693 1692
f 1613 2874 1563
f 1563 2874 1723
f 1561 1727 1562
f 1562 1727 1730
f 1949 1742 1548
f 1548 1742 1549
f 1694 1949 1552
f 1552 1949 1548
f 1954 1589 1554
f 1554 1589 1555
f 1693 1579 1558
f 1558 1579 1559
f 1561 1564 1584
f 1584 1564 1585
f 1582 1556 1588
f 1588 1556 1555
f 1600 1603 1591
f 1591 1603 1592
f 1981 1977 1687
f 1687 1977 1688
f 1564 1722 1585
f 1585 1722 1690
f 1551 1693 1552
f 1552 1693 1558
f 1751 1954 1728
f 1728 1954 1554
f 1590 1981 1591
f 1591 1981 1687
f 1603 1550 1592
f 1592 1550 1549
f 1977 1691 1688
f 1688 1691 1690
f 1587 1560 1588
f 1588 1560 1559
f 1727 1561 1728
f 1728 1561 1584
f 2875 1919 1947
f 1947 1919 1948
f 1557 1560 1952
f 1952 1560 1953
f 1933 1932 1955
f 1955 1932 1956
f 1587 1589 1958
f 1958 1589 1956
f 1959 1933 1965
f 1965 1933 1955
f 1961 1964 1966
f 1966 1964 1967
f 1981 1590 1969
f 1969 1590 1967
f 1742 1949 1972
f 1972 1949 1948
f 1593 1742 1966
f 1966 1742 1972
f 1957 1950 1958
f 1958 1950 1953
f 1583 1586 1974
f 1974 1586 1975
f 1940 1943 1978
f 1978 1943 1979
f 1943 1976 1979
f 1979 1976 1975
f 1951 2875 1952
f 1952 2875 1947
f 1968 1940 1969
f 1969 1940 1978
f 1973 1959 1974
f 1974 1959 1965
f 1923 1971 1920
f 1920 1971 1921
f 1919 2875 1920
f 1920 2875 1924
f 2875 1951 1924
f 1924 1951 1926
f 1950 1957 1929
f 1929 1957 1930
f 2244 2243 1934
f 1934 2243 1935
f 1973 1976 1937
f 1937 1976 1938
f 1944 1980 1941
f 1941 1980 1942
f 1940 1968 1941
f 1941 1968 1945
f 2287 2244 1960
f 1960 2244 1934
f 1970 2245 1962
f 1962 2245 1963
f 2243 1931 1935
f 1935 1931 1930
f 1927 1926 1928
f 1928 1926 1929
f 1961 1922 1962
f 1962 1922 1921
f 2245 1946 1963
f 1963 1946 1945
f 1976 1943 1938
f 1938 1943 1942
f 1936 2287 1937
f 1937 2287 1960
f 743 1238 608
f 608 1238 609
f 607 1811 608
f 608 1811 744
f 1304 2876 1305
f 1305 2876 2877
f 586 585 1298
f 1298 585 1299
f 585 702 1299
f 1299 702 1300
f 702 1428 1300
f 1300 1428 1301
f 1238 586 609
f 609 586 1298
f 2878 2879 1218
f 1218 2879 2877
f 2880 2881 1812
f 1812 2881 1819
f 2883 1821 2882
f 2882 1821 1820
f 2840 2841 620
f 620 2841 621
f 2842 2843 795
f 795 2843 796
f 892 895 2844
f 2844 895 2845
f 2848 2840 942
f 942 2840 620
f 2849 927 1202
f 1202 927 1203
f 2852 2842 1270
f 1270 2842 795
f 2841 2852 621
f 621 2852 1270
f 941 1759 942
f 942 1759 2884
f 659 929 1427
f 1427 929 2847
f 1237 2851 751
f 751 2851 2850
f 1216 2885 1217
f 1217 2885 1754
f 2887 734 2886
f 2886 734 733
f 2889 1816 2888
f 2888 1816 1815
f 2890 1245 2889
f 2889 1245 1816
f 1824 2891 1825
f 1825 2891 1246
f 2892 2893 2895
f 2895 2893 2894
f 1854 1833 1851
f 1851 1833 1832
f 1851 1832 1884
f 1884 1832 1876
f 1884 1876 1441
f 1441 1876 1443
f 1441 1443 1442
f 1442 1443 1446
f 1442 1446 2896
f 2896 1446 1507
f 2897 2823 2898
f 2898 2823 1543
f 1542 2899 1543
f 1543 2899 2898
f 1542 1905 2899
f 2899 1905 2900
f 1905 1259 2900
f 2900 1259 2901
f 1262 1431 2902
f 2902 1431 1904
f 1431 1434 1904
f 1904 1434 1902
f 1902 1434 2903
f 2903 1434 719
f 2903 719 2904
f 2904 719 718
f 1869 1881 718
f 718 1881 2904
f 1881 1869 1880
f 1880 1869 756
f 1880 756 2905
f 2905 756 755
f 2905 755 2906
f 2906 755 758
f 762 2907 763
f 763 2907 2908
f 724 723 2909
f 2909 723 894
f 796 895 723
f 723 895 894
f 2843 2845 796
f 796 2845 895
f 2826 1496 2843
f 2843 1496 2845
f 2825 1497 2826
f 2826 1497 1496
f 1189 2836 2825
f 2825 2836 1497
f 797 891 798
f 798 891 2837
f 802 888 797
f 797 888 891
f 2910 2911 2913
f 2913 2911 2912
f 1780 1783 2915
f 2915 1783 2914
f 2916 2917 831
f 831 2917 832
f 2918 2919 845
f 845 2919 846
f 2920 2916 847
f 847 2916 831
f 2921 2922 857
f 857 2922 858
f 2923 2924 860
f 860 2924 861
f 2919 2912 846
f 846 2912 887
f 2925 2920 940
f 940 2920 847
f 2924 2926 861
f 861 2926 1204
f 2917 2918 832
f 832 2918 845
f 2927 2928 1449
f 1449 2928 1450
f 2929 2930 889
f 889 2930 2931
f 2896 1507 2897
f 2897 1507 2823
f 2902 2901 1262
f 1262 2901 1259
f 2932 2933 750
f 750 2933 1236
f 2933 2934 1236
f 1236 2934 1835
f 2936 2937 2935
f 2935 2937 2938
f 2940 2941 2939
f 2939 2941 2942
f 2943 2944 1841
f 1841 2944 1842
f 2945 1860 2944
f 2944 1860 1842
f 2945 2946 1860
f 1860 2946 1859
f 1889 2947 1890
f 1890 2947 1856
f 1856 2947 1857
f 1857 2947 2948
f 2950 709 2949
f 2949 709 1829
f 2952 730 2951
f 2951 730 729
f 2866 2953 2867
f 2867 2953 1761
f 2953 2954 1761
f 1761 2954 1420
f 2954 2955 1420
f 1420 2955 742
f 2955 2956 742
f 742 2956 739
f 2956 2957 739
f 739 2957 760
f 2957 2958 760
f 760 2958 761
f 2958 2959 761
f 761 2959 2960
f 2959 2961 2960
f 2960 2961 2962
f 2963 2964 1839
f 1839 2964 1840
f 2964 2965 1840
f 1840 2965 2942
f 2966 2950 2939
f 2939 2950 2949
f 2935 2967 2936
f 2936 2967 2968
f 2969 2970 736
f 736 2970 735
f 734 2887 1815
f 1815 2887 2888
f 2887 2882 2888
f 2888 2882 2881
f 1819 1820 1817
f 1817 1820 748
f 1195 1757 1197
f 1197 1757 1424
f 1757 647 1424
f 1424 647 646
f 647 648 646
f 646 648 643
f 648 1271 643
f 643 1271 737
f 1271 725 737
f 737 725 765
f 725 724 765
f 765 724 762
f 762 724 2907
f 2907 724 2909
f 1254 1437 2909
f 2909 1437 2907
f 1438 1253 1836
f 1836 1253 1835
f 1836 1835 2938
f 2938 1835 2934
f 2971 2972 2935
f 2935 2972 2967
f 897 896 2969
f 2969 896 2970
f 1815 1814 734
f 734 1814 731
f 728 1215 896
f 896 1215 732
f 2885 1216 733
f 733 1216 2886
f 1216 1219 2886
f 2886 1219 2883
f 2876 1304 1821
f 1821 1304 749
f 1304 1303 749
f 749 1303 746
f 1818 2973 1817
f 1817 2973 1810
f 747 2974 1818
f 1818 2974 2973
f 747 746 2974
f 2974 746 1303
f 2976 2977 2975
f 2975 2977 2978
f 2976 2979 2901
f 2901 2979 2900
f 2980 2981 2982
f 2982 2981 2979
f 2981 2980 2983
f 2983 2980 2984
f 2985 2897 2983
f 2983 2897 2898
f 2987 2988 2986
f 2986 2988 2985
f 2896 2988 1442
f 1442 2988 1439
f 1903 2977 1904
f 1904 2977 2902
f 1856 1855 1890
f 1890 1855 2989
f 2989 2990 1890
f 1890 2990 1359
f 2990 2991 1359
f 1359 2991 1356
f 2946 2992 1859
f 1859 2992 1893
f 2992 2993 1893
f 1893 2993 775
f 2993 2994 775
f 775 2994 776
f 2986 1356 2987
f 2987 1356 2991
f 2975 2978 776
f 776 2978 777
f 2982 2994 2980
f 2980 2994 2995
f 1357 2984 2995
f 2995 2984 2980
f 2995 2996 1357
f 1357 2996 1358
f 2996 2997 1358
f 1358 2997 1889
f 2998 2999 2932
f 2932 2999 2933
f 2999 2971 2933
f 2933 2971 2934
f 1837 1836 2937
f 2937 1836 2938
f 2943 1841 2941
f 2941 1841 1838
f 3001 2944 3000
f 3000 2944 2943
f 3001 3002 2944
f 2944 3002 2945
f 3002 3003 2945
f 2945 3003 2946
f 2997 3003 1889
f 1889 3003 2947
f 2947 3003 2948
f 2948 3003 3002
f 3001 3004 3002
f 3002 3004 2948
f 3000 3005 3001
f 3001 3005 3004
f 2940 3006 3000
f 3000 3006 3005
f 2999 3007 2971
f 2971 3007 2972
f 2998 2951 2999
f 2999 2951 3007
f 3008 2952 2998
f 2998 2952 2951
f 2966 2965 2936
f 2936 2965 2937
f 2935 2938 2971
f 2971 2938 2934
f 3003 2997 2946
f 2946 2997 2992
f 2997 2996 2992
f 2992 2996 2993
f 2996 2995 2993
f 2993 2995 2994
f 1356 2986 1357
f 1357 2986 2984
f 2982 2975 2994
f 2994 2975 776
f 1844 1843 1899
f 1899 1843 3009
f 1843 638 3009
f 3009 638 3010
f 638 637 3010
f 3010 637 3011
f 637 1830 3011
f 3011 1830 3012
f 1830 1833 3012
f 3012 1833 2894
f 1833 1854 2894
f 2894 1854 2895
f 1854 1853 2895
f 2895 1853 1888
f 1858 1857 1885
f 1885 1857 1892
f 1899 3009 1898
f 1898 3009 1874
f 3009 3010 1874
f 1874 3010 1865
f 3010 3011 1865
f 1865 3011 1862
f 3011 3012 1862
f 1862 3012 1882
f 3012 2894 1882
f 1882 2894 2893
f 1850 2890 782
f 782 2890 2889
f 783 2880 1811
f 1811 2880 1812
f 744 1810 745
f 745 1810 2973
f 745 2973 805
f 805 2973 806
f 2973 2974 806
f 806 2974 815
f 1303 812 2974
f 2974 812 815
f 1303 1302 812
f 812 1302 1221
f 1307 3013 1302
f 1302 3013 1221
f 1734 3014 1633
f 1633 3014 1634
f 1646 1649 1636
f 1636 1649 1637
f 1654 1657 1641
f 1641 1657 1642
f 1639 1736 1636
f 1636 1736 1684
f 1716 1713 1698
f 1698 1713 1699
f 1718 1721 1705
f 1705 1721 1706
f 1653 1654 1709
f 1709 1654 1641
f 1620 1623 1714
f 1714 1623 1699
f 1712 1682 1714
f 1714 1682 1740
f 1668 1671 1746
f 1746 1671 1747
f 1752 1650 1749
f 1749 1650 1750
f 1750 1650 1709
f 1709 1650 1653
f 1632 1668 1633
f 1633 1668 1746
f 1649 1752 1637
f 1637 1752 1749
f 1682 1643 1740
f 1740 1643 1642
f 3014 1685 1634
f 1634 1685 1684
f 1704 1748 1705
f 1705 1748 1747
f 1697 1707 1698
f 1698 1707 1706
f 1739 1701 1621
f 1621 1701 1622
f 1567 1566 1647
f 1647 1566 1648
f 1664 1695 1651
f 1651 1695 1652
f 1614 1617 1655
f 1655 1617 1656
f 1704 1707 1659
f 1659 1707 1660
f 3014 1734 1662
f 1662 1734 1663
f 1650 1752 1651
f 1651 1752 1665
f 1741 1657 1667
f 1667 1657 1656
f 1695 1614 1652
f 1652 1614 1655
f 1724 1567 1726
f 1726 1567 1647
f 1645 1628 1733
f 1733 1628 1663
f 1685 3014 1726
f 1726 3014 1662
f 1620 1741 1621
f 1621 1741 1667
f 1566 1666 1648
f 1648 1666 1665
f 1658 1737 1659
f 1659 1737 1901
f 1911 1661 1910
f 1910 1661 1660
f 1701 1911 1622
f 1622 1911 1910
f 1732 1748 1733
f 1733 1748 1901
f 1857 2948 1892
f 1892 2948 3004
f 1892 3004 1891
f 1891 3004 3005
f 1828 3006 1829
f 1829 3006 2949
f 2967 736 2968
f 2968 736 710
f 2972 2969 2967
f 2967 2969 736
f 2969 2972 897
f 897 2972 3007
f 897 3007 729
f 729 3007 2951
f 3016 753 3015
f 3015 753 752
f 3018 767 3017
f 3017 767 766
f 3019 3020 1249
f 1249 3020 3021
f 2915 2914 3019
f 3019 2914 3020
f 3023 2914 3022
f 3022 2914 1783
f 2827 2839 769
f 769 2839 766
f 3025 2838 3024
f 3024 2838 3021
f 768 767 2850
f 2850 767 3026
f 2850 3026 751
f 751 3026 752
f 750 753 2932
f 2932 753 3027
f 3008 2998 3027
f 3027 2998 2932
f 3028 3029 3008
f 3008 3029 2952
f 3029 3030 2952
f 2952 3030 730
f 3032 3033 3031
f 3031 3033 3034
f 3036 3037 3035
f 3035 3037 3038
f 2870 3039 612
f 612 3039 3040
f 3041 3042 3031
f 3031 3042 3038
f 3034 1352 3043
f 3043 1352 944
f 612 3040 613
f 613 3040 3044
f 613 3044 1425
f 1425 3044 1422
f 3045 3042 669
f 669 3042 670
f 3041 3043 599
f 599 3043 600
f 772 771 1544
f 1544 771 781
f 1503 771 1866
f 1866 771 770
f 771 1503 781
f 781 1503 778
f 61 281 416
f 416 281 1907
f 283 103 3046
f 3046 103 3047
f 76 79 3048
f 3048 79 3049
f 280 76 1906
f 1906 76 3048
f 3051 335 3050
f 3050 335 334
f 3053 417 3052
f 3052 417 416
f 3055 435 3054
f 3054 435 434
f 428 435 419
f 419 435 1908
f 420 1909 293
f 293 1909 443
f 79 294 3049
f 3049 294 444
f 3057 444 3056
f 3056 444 443
f 3051 3058 335
f 335 3058 452
f 216 215 1332
f 1332 215 452
f 308 283 462
f 462 283 3046
f 3050 334 3059
f 3059 334 462
f 103 62 3047
f 3047 62 417
f 313 312 434
f 434 312 463
f 3061 574 3060
f 3060 574 573
f 1310 3062 1428
f 1428 3062 3063
f 1258 3064 1255
f 1255 3064 2871
f 932 3065 2853
f 2853 3065 3066
f 699 2814 931
f 931 2814 3067
f 3068 1301 3063
f 3063 1301 1428
f 571 574 1310
f 1310 574 3062
f 3060 573 3069
f 3069 573 1332
f 3070 3071 1906
f 1906 3071 1907
f 3072 3073 1908
f 1908 3073 1909
f 3075 2814 3074
f 3074 2814 2813
f 2854 3076 1258
f 1258 3076 3064
f 2871 3077 2872
f 2872 3077 3078
f 3074 2813 3079
f 3079 2813 2873
f 2872 3078 1349
f 1349 3078 3080
f 2873 701 3068
f 3068 701 1301
f 1330 1201 3080
f 3080 1201 1349
f 1264 1263 3081
f 3081 1263 3082
f 3083 3084 3082
f 3082 3084 3081
f 811 1448 3086
f 3086 1448 3085
f 808 811 3087
f 3087 811 3086
f 3088 3083 833
f 833 3083 3082
f 884 3089 885
f 885 3089 3090
f 3087 1790 808
f 808 1790 816
f 1790 3087 1787
f 1787 3087 3091
f 3092 3091 3086
f 3086 3091 3087
f 3093 3094 3084
f 3084 3094 3095
f 3089 3096 3090
f 3090 3096 3088
f 3097 3093 3083
f 3083 3093 3084
f 3099 3100 3098
f 3098 3100 1786
f 3101 1788 2913
f 2913 1788 3102
f 838 837 885
f 885 837 886
f 886 837 3103
f 3103 837 1541
f 3094 3093 3104
f 3104 3093 3097
f 3105 3106 3089
f 3089 3106 3096
f 3108 3109 3107
f 3107 3109 3110
f 3111 3112 3091
f 3091 3112 1787
f 3114 3108 3113
f 3113 3108 3107
f 3114 3115 3112
f 3112 3115 3102
f 3091 3092 3111
f 3111 3092 3116
f 839 838 835
f 835 838 836
f 885 3090 838
f 838 3090 836
f 3110 3117 1247
f 1247 3117 3118
f 1247 3118 1248
f 1248 3118 3119
f 3120 3121 3119
f 3119 3121 1248
f 1247 844 3110
f 3110 844 3107
f 844 843 3107
f 3107 843 3113
f 843 3099 3113
f 3113 3099 3122
f 1781 3123 3098
f 3098 3123 3124
f 2915 2931 1780
f 1780 2931 2930
f 3019 3125 2915
f 2915 3125 2931
f 890 3125 2834
f 2834 3125 1252
f 3125 3019 1252
f 1252 3019 1249
f 907 908 946
f 946 908 947
f 1185 1188 1369
f 1369 1188 948
f 954 957 951
f 951 957 952
f 910 965 953
f 953 965 950
f 905 958 960
f 960 958 961
f 3126 978 949
f 949 978 962
f 936 935 967
f 967 935 968
f 994 993 969
f 969 993 966
f 902 904 971
f 971 904 972
f 983 985 973
f 973 985 970
f 906 905 974
f 974 905 960
f 977 981 959
f 959 981 975
f 911 910 1143
f 1143 910 953
f 952 957 1142
f 1142 957 1145
f 911 1143 1366
f 1366 1143 1368
f 1185 1369 1145
f 1145 1369 1142
f 993 1519 966
f 966 1519 1456
f 965 1454 950
f 950 1454 1457
f 900 899 1459
f 1459 899 1460
f 988 991 1461
f 1461 991 1458
f 899 963 1460
f 1460 963 1462
f 985 987 970
f 970 987 1463
f 904 906 972
f 972 906 974
f 981 983 975
f 975 983 973
f 935 900 968
f 968 900 1459
f 991 994 1458
f 1458 994 969
f 1154 1526 1088
f 1088 1526 1089
f 1109 1112 1092
f 1092 1112 1093
f 1083 1098 1084
f 1084 1098 1097
f 1078 1471 1100
f 1100 1471 1101
f 1075 1078 1104
f 1104 1078 1100
f 1152 1154 1156
f 1156 1154 1088
f 1156 1155 1372
f 1372 1155 1373
f 1372 1373 1104
f 1104 1373 1075
f 1467 1109 1465
f 1465 1109 1092
f 1465 1182 1468
f 1468 1182 1184
f 1474 1470 1096
f 1096 1470 1097
f 1102 1101 1083
f 1083 1101 1098
f 1112 1531 1093
f 1093 1531 1529
f 1102 1073 1099
f 1099 1073 1072
f 1526 1154 1079
f 1079 1154 1080
f 1081 1091 1082
f 1082 1091 1094
f 1069 1068 1085
f 1085 1068 1086
f 1153 1151 1080
f 1080 1151 1058
f 1371 1177 1179
f 1179 1177 1176
f 1099 1072 1103
f 1103 1072 1176
f 1068 1071 1086
f 1086 1071 1073
f 1085 1084 1180
f 1180 1084 1469
f 1066 1065 1183
f 1183 1065 1181
f 1153 1152 1177
f 1177 1152 1178
f 1091 1081 1182
f 1182 1081 1183
f 1057 1525 1079
f 1079 1525 1527
f 1120 1117 1076
f 1076 1117 1077
f 1087 1090 1107
f 1107 1090 1108
f 1127 1126 1110
f 1110 1126 1111
f 1095 1116 1096
f 1096 1116 1115
f 1471 1078 1119
f 1119 1078 1077
f 1087 1107 1155
f 1155 1107 1158
f 1376 1374 1157
f 1157 1374 1158
f 1076 1075 1374
f 1374 1075 1373
f 1109 1467 1110
f 1110 1467 1472
f 1467 1466 1472
f 1472 1466 1473
f 1135 1475 1114
f 1114 1475 1115
f 1471 1119 1095
f 1095 1119 1116
f 1126 1532 1111
f 1111 1532 1530
f 914 1276 1480
f 1480 1276 1517
f 3127 3128 1223
f 1223 3128 1224
f 824 933 1455
f 1455 933 3129
f 3131 1448 3130
f 3130 1448 1447
f 3132 3133 1452
f 1452 3133 1453
f 3130 1447 1322
f 1322 1447 1455
f 933 1514 3129
f 3129 1514 3134
f 1161 3135 1480
f 1480 3135 1481
f 3128 3136 1224
f 1224 3136 1499
f 3133 1162 1453
f 1453 1162 1517
f 1515 3127 1535
f 1535 3127 1223
f 3095 3085 3131
f 3131 3085 1448
f 3137 3092 3085
f 3085 3092 3086
f 3138 3116 3137
f 3137 3116 3092
f 3110 3109 3117
f 3117 3109 3139
f 3105 3140 3117
f 3117 3140 3118
f 3140 3141 3118
f 3118 3141 3119
f 3142 3120 3141
f 3141 3120 3119
f 1498 3143 1277
f 1277 3143 882
f 3144 3145 1340
f 1340 3145 1339
f 1340 3146 3144
f 3144 3146 3147
f 3145 3144 3143
f 3143 3144 3148
f 871 901 872
f 872 901 1362
f 3149 3148 3147
f 3147 3148 3144
f 1208 3150 1209
f 3098 1786 1781
f 1781 1786 1782
f 2930 2929 3123
f 3123 2929 2911
f 1794 1791 2916
f 2916 1791 2917
f 1793 3101 2918
f 2918 3101 2919
f 1796 1794 2920
f 2920 1794 2916
f 3151 3152 2921
f 2921 3152 2922
f 3153 3154 2923
f 2923 3154 2924
f 2919 3101 2912
f 2912 3101 2913
f 3155 1796 2925
f 2925 1796 2920
f 3154 3156 2924
f 2924 3156 2926
f 1791 1793 2917
f 2917 1793 2918
f 3157 3158 2927
f 2927 3158 2928
f 1780 2930 1781
f 1781 2930 3123
f 2825 1267 1189
f 1189 1267 1190
f 2827 2828 1250
f 1250 2828 1251
f 1489 2830 1324
f 1324 2830 1325
f 923 1328 1334
f 1334 1328 1335
f 1485 2832 1482
f 1482 2832 1483
f 1266 1490 1492
f 1492 1490 1493
f 1333 1346 1334
f 1334 1346 2824
f 722 799 1492
f 1492 799 1190
f 664 657 1482
f 1482 657 2833
f 631 634 1324
f 1324 634 1493
f 2828 1494 1251
f 1251 1494 2835
f 1249 3021 1250
f 1250 3021 2838
f 798 2837 1189
f 1189 2837 2836
f 3100 842 3160
f 3160 842 3159
f 1788 3101 1789
f 1789 3101 1793
f 1792 816 1789
f 1789 816 1790
f 817 816 1795
f 1795 816 1792
f 938 817 1797
f 1797 817 1795
f 1796 3155 1797
f 1797 3155 1798
f 3155 3158 1798
f 1798 3158 1799
f 3157 3152 1801
f 1801 3152 1802
f 3151 3156 1803
f 1803 3156 1804
f 3154 3153 1805
f 1805 3153 1806
f 3153 3161 1806
f 1806 3161 1807
f 3099 843 3100
f 3100 843 842
f 1788 1787 3102
f 3102 1787 3112
f 2910 3115 3124
f 3124 3115 3122
f 3099 3098 3122
f 3122 3098 3124
f 416 1907 3052
f 3052 1907 3071
f 3046 3047 3163
f 3163 3047 3162
f 249 445 259
f 259 445 3164
f 425 3165 424
f 424 3165 461
f 408 410 329
f 329 410 330
f 39 331 40
f 40 331 332
f 305 304 423
f 423 304 464
f 385 254 458
f 458 254 392
f 250 415 251
f 251 415 412
f 233 337 234
f 234 337 3166
f 435 3055 1908
f 1908 3055 3072
f 443 1909 3056
f 3056 1909 3073
f 3167 3049 3057
f 3057 3049 444
f 452 3058 1332
f 1332 3058 3069
f 234 3166 346
f 346 3166 411
f 3046 3163 462
f 462 3163 3059
f 259 3164 260
f 260 3164 336
f 3047 417 3162
f 3162 417 3053
f 463 3168 434
f 434 3168 3054
f 454 830 425
f 425 830 3165
f 3062 3169 3063
f 3063 3169 3170
f 1355 1354 1534
f 1534 1354 3171
f 3063 3170 3068
f 3068 3170 3172
f 574 3061 3062
f 3062 3061 3169
f 1534 3171 1535
f 1535 3171 3173
f 3079 2873 3172
f 3172 2873 3068
f 2838 3025 2839
f 2839 3025 3174
f 3176 3177 3175
f 3175 3177 3178
f 3180 1125 3179
f 3179 1125 1128
f 3182 3183 3181
f 3181 3183 3184
f 1134 3185 1130
f 1130 3185 3182
f 3186 3187 3189
f 3189 3187 3188
f 3191 3189 3190
f 3190 3189 3188
f 1137 1122 3190
f 3190 1122 3192
f 3175 3178 3193
f 3193 3178 3194
f 3181 3184 3179
f 3179 3184 3195
f 3197 3198 3196
f 3196 3198 3180
f 3200 3178 3199
f 3199 3178 3177
f 3202 3196 3201
f 3201 3196 3195
f 3204 3184 3203
f 3203 3184 3183
f 3206 3207 3205
f 3205 3207 3186
f 3205 3186 3208
f 3208 3186 3189
f 3209 3208 3191
f 3191 3208 3189
f 3210 3194 3200
f 3200 3194 3178
f 3201 3195 3204
f 3204 3195 3184
f 3197 3211 3177
f 3177 3211 3199
f 3213 3214 3212
f 3212 3214 3215
f 3217 3218 3216
f 3216 3218 3219
f 3221 3222 3220
f 3220 3222 3223
f 3225 3226 3224
f 3224 3226 3227
f 3229 3230 3228
f 3228 3230 3231
f 3233 3234 3232
f 3232 3234 3235
f 3237 3238 3236
f 3236 3238 3239
f 3238 3240 3239
f 3239 3240 3241
f 3232 3235 3242
f 3242 3235 3243
f 3245 3246 3244
f 3244 3246 3247
f 3248 3249 3245
f 3245 3249 3246
f 3251 3252 3250
f 3250 3252 3253
f 3255 3252 3254
f 3254 3252 3251
f 3256 3257 3259
f 3259 3257 3258
f 3261 3262 3260
f 3260 3262 3263
f 3265 3263 3264
f 3264 3263 3262
f 3256 3259 3266
f 3266 3259 3267
f 3269 3270 3268
f 3268 3270 3271
f 3269 3272 3270
f 3270 3272 3273
f 3274 3275 3277
f 3277 3275 3276
f 3278 3279 3276
f 3276 3279 3277
f 3281 3282 3280
f 3280 3282 3283
f 3280 3284 3281
f 3281 3284 3285
f 3287 3288 3286
f 3286 3288 3289
f 3290 3291 3288
f 3288 3291 3289
f 3234 3218 3235
f 3235 3218 3217
f 3232 3292 3233
f 3233 3292 3293
f 3239 3294 3236
f 3236 3294 3219
f 3233 3293 3237
f 3237 3293 3295
f 3296 3294 3241
f 3241 3294 3239
f 3240 3238 3297
f 3297 3238 3298
f 3217 3216 3235
f 3235 3216 3243
f 3297 3299 3240
f 3240 3299 3242
f 3246 3300 3247
f 3247 3300 3223
f 3301 3302 3254
f 3254 3302 3244
f 3249 3303 3246
f 3246 3303 3300
f 3245 3304 3248
f 3248 3304 3292
f 3252 3221 3253
f 3253 3221 3220
f 3250 3248 3299
f 3299 3248 3292
f 3222 3221 3255
f 3255 3221 3252
f 3297 3301 3251
f 3251 3301 3254
f 3258 3214 3259
f 3259 3214 3213
f 3257 3256 3304
f 3304 3256 3305
f 3263 3306 3260
f 3260 3306 3215
f 3261 3257 3302
f 3302 3257 3304
f 3307 3306 3265
f 3265 3306 3263
f 3262 3301 3264
f 3264 3301 3308
f 3259 3213 3267
f 3267 3213 3212
f 3308 3309 3264
f 3264 3309 3266
f 3270 3310 3271
f 3271 3310 3231
f 3311 3312 3278
f 3278 3312 3268
f 3270 3273 3310
f 3310 3273 3313
f 3272 3269 3305
f 3305 3269 3314
f 3277 3229 3274
f 3274 3229 3228
f 3275 3272 3309
f 3309 3272 3305
f 3279 3230 3277
f 3277 3230 3229
f 3276 3308 3278
f 3278 3308 3311
f 3281 3315 3282
f 3282 3315 3227
f 3290 3316 3283
f 3283 3316 3317
f 3281 3285 3315
f 3315 3285 3318
f 3284 3280 3314
f 3314 3280 3319
f 3289 3225 3286
f 3286 3225 3224
f 3287 3284 3312
f 3284 3314 3312
f 3291 3226 3289
f 3289 3226 3225
f 3288 3311 3290
f 3290 3311 3316
f 3212 3215 3307
f 3307 3215 3306
f 3294 3296 3219
f 3219 3296 3216
f 3303 3220 3300
f 3300 3220 3223
f 3224 3227 3318
f 3318 3227 3315
f 3228 3231 3313
f 3313 3231 3310
f 3234 3233 3236
f 3236 3233 3237
f 3243 3241 3242
f 3242 3241 3240
f 3247 3255 3244
f 3244 3255 3254
f 3253 3249 3250
f 3250 3249 3248
f 3260 3258 3261
f 3261 3258 3257
f 3266 3267 3264
f 3264 3267 3265
f 3268 3271 3278
f 3278 3271 3279
f 3274 3273 3275
f 3275 3273 3272
f 3283 3282 3290
f 3290 3282 3291
f 3286 3285 3287
f 3287 3285 3284
f 3218 3234 3219
f 3219 3234 3236
f 3295 3298 3237
f 3237 3298 3238
f 3216 3296 3243
f 3243 3296 3241
f 3242 3299 3232
f 3232 3299 3292
f 3223 3222 3247
f 3247 3222 3255
f 3244 3302 3245
f 3245 3302 3304
f 3303 3249 3220
f 3220 3249 3253
f 3297 3251 3299
f 3299 3251 3250
f 3215 3214 3260
f 3260 3214 3258
f 3301 3262 3302
f 3302 3262 3261
f 3212 3307 3267
f 3267 3307 3265
f 3266 3309 3256
f 3256 3309 3305
f 3271 3231 3279
f 3279 3231 3230
f 3268 3312 3269
f 3269 3312 3314
f 3228 3313 3274
f 3274 3313 3273
f 3308 3276 3309
f 3309 3276 3275
f 3282 3227 3291
f 3291 3227 3226
f 3317 3319 3283
f 3283 3319 3280
f 3224 3318 3286
f 3286 3318 3285
f 3312 3311 3287
f 3311 3288 3287
f 3320 3321 3194
f 3194 3321 3193
f 1375 3321 1121
f 1121 3321 3322
f 3323 3324 3322
f 3322 3324 3192
f 3175 1124 3176
f 3176 1124 1123
f 3179 3195 3180
f 3180 3195 3196
f 3181 1131 3182
f 3182 1131 1130
f 3207 3185 3186
f 3186 3185 3187
f 1136 3188 1133
f 1133 3188 3187
f 3190 3188 1137
f 1137 3188 1136
f 3193 1159 3175
f 3175 1159 1124
f 3179 1128 3181
f 3181 1128 1131
f 1533 3198 1123
f 1123 3198 3176
f 3321 1375 3193
f 3193 1375 1159
f 3321 3320 3322
f 3322 3320 3323
f 1122 1121 3192
f 3192 1121 3322
f 3194 3210 3320
f 3320 3210 3325
f 3324 3323 3327
f 3327 3323 3326
f 3320 3325 3323
f 3323 3325 3326
f 3208 3328 3205
f 3205 3328 3329
f 3330 3206 3329
f 3329 3206 3205
f 3203 3331 3204
f 3204 3331 3332
f 3210 3333 3325
f 3325 3333 3334
f 3325 3334 3326
f 3326 3334 3335
f 3327 3326 3336
f 3336 3326 3335
f 3327 3209 3324
f 3324 3209 3191
f 3190 3192 3191
f 3191 3192 3324
f 3338 3339 3337
f 3337 3339 3340
f 3338 3341 3339
f 3339 3341 3342
f 3341 3343 3342
f 3342 3343 3344
f 3343 3345 3344
f 3344 3345 3346
f 3345 3347 3346
f 3346 3347 3348
f 3347 3349 3348
f 3348 3349 3350
f 3337 3340 3351
f 3351 3340 3352
f 3351 3352 3353
f 3353 3352 3354
f 3353 3354 3355
f 3355 3354 3356
f 3350 3349 3357
f 3357 3349 3358
f 3355 3356 3359
f 3359 3356 3360
f 3359 3360 3361
f 3361 3360 3362
f 3361 3362 3363
f 3363 3362 3364
f 3363 3364 3358
f 3358 3364 3357
f 3339 3342 3365
f 3365 3342 3366
f 3342 3344 3366
f 3366 3344 3367
f 3344 3346 3367
f 3367 3346 3368
f 3346 3348 3368
f 3368 3348 3369
f 3348 3350 3369
f 3369 3350 3370
f 3368 3369 3371
f 3371 3369 3372
f 3369 3370 3372
f 3372 3370 3373
f 3373 3374 3372
f 3372 3374 3375
f 3377 3378 3376
f 3376 3378 3379
f 3377 3375 3378
f 3378 3375 3374
f 3375 3380 3372
f 3372 3380 3371
f 3377 3381 3375
f 3375 3381 3380
f 3376 3382 3377
f 3377 3382 3381
f 3384 3385 3383
f 3383 3385 3386
f 3384 3383 3388
f 3388 3383 3387
f 3388 3387 3389
f 3389 3387 3390
f 3392 3385 3391
f 3391 3385 3384
f 3388 3393 3384
f 3384 3393 3391
f 3389 3394 3388
f 3388 3394 3393
f 3389 3395 3394
f 3394 3395 3396
f 3395 3389 3397
f 3397 3389 3390
f 3339 3365 3340
f 3340 3365 3398
f 3340 3398 3352
f 3352 3398 3399
f 3371 3400 3368
f 3368 3400 3367
f 3400 3401 3367
f 3367 3401 3366
f 3366 3401 3365
f 3365 3401 3402
f 3398 3365 3403
f 3403 3365 3402
f 3398 3403 3399
f 3399 3403 3404
f 3403 3405 3404
f 3404 3405 3406
f 3352 3399 3354
f 3354 3399 3407
f 3399 3404 3407
f 3407 3404 3408
f 3404 3406 3408
f 3408 3406 3409
f 3405 3410 3406
f 3406 3410 3411
f 3410 3412 3411
f 3411 3412 3413
f 3397 3414 3395
f 3395 3414 3415
f 3417 3415 3416
f 3416 3415 3412
f 3410 3418 3412
f 3412 3418 3416
f 3410 3405 3418
f 3418 3405 3419
f 3405 3403 3419
f 3419 3403 3402
f 3370 3350 3420
f 3420 3350 3357
f 3373 3370 3421
f 3421 3370 3420
f 3374 3373 3422
f 3422 3373 3421
f 3378 3374 3423
f 3423 3374 3422
f 3378 3423 3379
f 3379 3423 3424
f 3424 3425 3379
f 3379 3425 3386
f 3383 3426 3387
f 3387 3426 3427
f 3387 3427 3390
f 3390 3427 3428
f 3390 3428 3397
f 3397 3428 3429
f 3429 3430 3397
f 3397 3430 3414
f 3411 3413 3431
f 3431 3413 3432
f 3406 3411 3409
f 3409 3411 3431
f 3401 3400 3335
f 3335 3400 3336
f 3401 3335 3402
f 3402 3335 3334
f 3402 3334 3419
f 3419 3334 3333
f 3419 3333 3418
f 3418 3333 3433
f 3418 3433 3416
f 3416 3433 3434
f 3435 3417 3434
f 3434 3417 3416
f 3394 3396 3436
f 3436 3396 3437
f 3393 3394 3332
f 3332 3394 3436
f 3393 3332 3391
f 3391 3332 3331
f 3330 3392 3331
f 3331 3392 3391
f 3382 3329 3381
f 3381 3329 3328
f 3354 3407 3356
f 3356 3407 3438
f 3356 3438 3360
f 3360 3438 3439
f 3360 3439 3362
f 3362 3439 3440
f 3362 3440 3364
f 3364 3440 3441
f 3364 3441 3357
f 3357 3441 3420
f 3421 3420 3442
f 3442 3420 3441
f 3442 3441 3443
f 3443 3441 3440
f 3443 3440 3444
f 3444 3440 3439
f 3444 3439 3445
f 3445 3439 3438
f 3445 3438 3408
f 3408 3438 3407
f 3422 3421 3446
f 3446 3421 3442
f 3446 3442 3447
f 3447 3442 3443
f 3447 3443 3448
f 3448 3443 3444
f 3448 3444 3449
f 3449 3444 3445
f 3449 3445 3409
f 3409 3445 3408
f 3409 3431 3449
f 3449 3431 3450
f 3449 3450 3448
f 3448 3450 3451
f 3451 3452 3448
f 3448 3452 3447
f 3447 3452 3446
f 3446 3452 3453
f 3446 3453 3422
f 3422 3453 3423
f 3424 3423 3454
f 3454 3423 3453
f 3452 3455 3453
f 3453 3455 3454
f 3452 3451 3455
f 3455 3451 3456
f 3450 3457 3451
f 3451 3457 3456
f 3431 3432 3450
f 3450 3432 3457
f 3454 3458 3424
f 3424 3458 3425
f 3427 3426 3459
f 3459 3426 3460
f 3428 3427 3461
f 3461 3427 3459
f 3428 3461 3429
f 3429 3461 3462
f 3462 3463 3429
f 3429 3463 3430
f 3464 3465 3462
f 3462 3465 3463
f 3455 3466 3454
f 3454 3466 3458
f 3465 3464 3466
f 3466 3464 3467
f 3461 3459 3468
f 3468 3459 3469
f 3468 3469 3464
f 3464 3469 3467
f 3464 3462 3468
f 3468 3462 3461
f 3459 3460 3469
f 3469 3460 3467
f 3295 3351 3298
f 3298 3351 3353
f 3353 3355 3298
f 3298 3355 3297
f 3297 3355 3301
f 3301 3355 3359
f 3301 3359 3308
f 3308 3359 3361
f 3308 3361 3311
f 3311 3361 3363
f 3311 3363 3316
f 3316 3363 3358
f 3316 3358 3317
f 3317 3358 3349
f 3349 3347 3317
f 3317 3347 3319
f 3347 3345 3319
f 3319 3345 3314
f 3345 3343 3314
f 3314 3343 3305
f 3343 3341 3305
f 3305 3341 3304
f 3304 3341 3292
f 3292 3341 3338
f 3292 3338 3293
f 3293 3338 3337
f 3293 3337 3295
f 3295 3337 3351
f 3437 3202 3436
f 3436 3202 3201
f 3436 3201 3332
f 3332 3201 3204
f 3433 3200 3434
f 3434 3200 3199
f 3211 3435 3199
f 3199 3435 3434
f 3333 3210 3433
f 3433 3210 3200
f 3380 3470 3371
f 3400 3371 3336
f 3336 3371 3470
f 3381 3328 3380
f 3380 3328 3470
f 3470 3328 3209
f 3209 3328 3208
f 3336 3470 3327
f 3327 3470 3209
f 1545 1763 1546
f 1546 1763 1762
f 1403 1546 773
f 773 1546 770
f 1221 3013 1220
f 1220 3013 3471
f 1305 2877 1306
f 1306 2877 2879
f 1220 3471 828
f 828 3471 829
f 1217 1754 3472
f 3472 1754 1756
f 1049 3473 1048
f 1048 3473 3474
f 1371 1179 3473
f 3473 1179 3474
f 1074 3475 1179
f 1179 3475 3474
f 3474 3475 1048
f 1048 3475 1056
f 919 666 1345
f 1345 666 665
f 856 680 919
f 919 680 666
f 679 680 1449
f 1449 680 858
f 1367 878 1500
f 1500 878 877
f 1366 908 1367
f 1367 908 878
f 1512 916 1513
f 1513 916 915
f 947 1368 948
f 948 1368 1369
f 1047 1021 1044
f 1044 1021 1020
f 1370 1049 1019
f 1019 1049 1020
f 1173 1030 1174
f 1174 1030 1033
f 3126 1188 1464
f 1464 1188 1187
f 1800 1451 1512
f 1512 1451 916
f 1175 1174 1186
f 1186 1174 1187
f 1030 1173 1047
f 1047 1173 1021
f 1513 915 3476
f 3476 915 1481
f 1345 665 3477
f 3477 665 1483
f 1502 1501 876
f 876 1501 877
f 1205 1451 1803
f 1803 1451 1802
f 3479 2832 3478
f 3478 2832 2831
f 1449 858 2927
f 2927 858 2922
f 908 1366 947
f 947 1366 1368
f 949 948 3126
f 3126 948 1188
f 3480 3135 1502
f 1502 3135 1501
f 2927 2922 3157
f 3157 2922 3152
f 3477 1483 3479
f 3479 1483 2832
f 1803 1802 3151
f 3151 1802 3152
f 663 658 664
f 664 658 657
f 655 658 939
f 939 658 706
f 1512 870 1800
f 1800 870 869
f 875 874 876
f 876 874 873
f 849 874 905
f 905 874 958
f 949 962 946
f 946 962 961
f 978 3126 979
f 979 3126 1464
f 1031 1168 1032
f 1032 1168 1022
f 1045 1013 1046
f 1046 1013 1012
f 1045 1044 1056
f 1056 1044 1048
f 1047 1046 1030
f 1030 1046 1031
f 939 706 940
f 940 706 1450
f 979 1464 1032
f 1032 1464 1033
f 3480 1478 3476
f 3476 1478 3134
f 2829 1487 2830
f 2830 1487 1486
f 848 1230 873
f 873 1230 1479
f 867 870 933
f 933 870 1514
f 1800 869 1801
f 1801 869 1799
f 2830 1486 1325
f 1325 1486 2833
f 940 1450 2925
f 2925 1450 2928
f 946 961 907
f 907 961 958
f 959 962 977
f 977 962 978
f 3476 3134 1513
f 1513 3134 1514
f 2925 2928 3155
f 3155 2928 3158
f 1325 2833 656
f 656 2833 657
f 1801 1799 3157
f 3157 1799 3158
f 1074 1055 3475
f 3475 1055 1056
f 1371 3473 1370
f 1370 3473 1049
f 2884 615 3481
f 3481 615 618
f 3478 2831 2846
f 2846 2831 617
f 2831 1484 617
f 617 1484 618
f 1484 1487 618
f 618 1487 3481
f 2848 3481 2829
f 2829 3481 1487
f 1480 1517 1161
f 1161 1517 1162
f 3129 1323 1455
f 1455 1323 1322
f 3129 3134 1323
f 1323 3134 1478
f 1535 3173 1515
f 1515 3173 1516
f 3085 3095 3137
f 3137 3095 3094
f 3137 3094 3138
f 3138 3094 3104
f 3117 3139 3105
f 3105 3139 3106
f 1138 1141 3127
f 3127 1141 3128
f 3081 3131 1264
f 1264 3131 3130
f 1227 1226 3132
f 3132 1226 3133
f 1264 3130 1229
f 1229 3130 1322
f 1160 1501 1161
f 1161 1501 3135
f 1141 1476 3128
f 3128 1476 3136
f 1226 1163 3133
f 3133 1163 1162
f 1363 1138 1515
f 1515 1138 3127
f 3084 3095 3081
f 3081 3095 3131
f 3089 884 3105
f 3105 884 3140
f 884 883 3140
f 3140 883 3141
f 883 3482 3141
f 3141 3482 3142
f 3476 1481 3480
f 3480 1481 3135
f 1502 1479 3480
f 3480 1479 1478
f 3168 463 440
f 714 1880 715
f 715 1880 2905
f 896 732 2970
f 2970 732 731
f 1263 834 3082
f 3082 834 833
f 898 1231 853
f 853 1231 854
f 3125 890 2931
f 2931 890 889
f 1237 893 2851
f 2851 893 892
f 898 853 899
f 899 853 963
f 988 987 989
f 989 987 986
f 1002 1007 1003
f 1003 1007 1006
f 1038 1036 1007
f 1007 1036 1004
f 1070 1052 1005
f 1005 1052 1006
f 1069 1067 1070
f 1070 1067 1052
f 1130 1129 1134
f 1134 1129 1135
f 879 1167 880
f 880 1167 1166
f 1171 1169 1037
f 1037 1169 1038
f 1085 1180 1069
f 1069 1180 1067
f 1209 1210 879
f 879 1210 1167
f 2885 1215 1754
f 1754 1215 1214
f 1263 855 834
f 834 855 854
f 708 1244 1826
f 1826 1244 1243
f 2909 894 1254
f 1254 894 893
f 1228 1361 964
f 964 1361 1360
f 2908 2907 1436
f 1436 2907 1437
f 2990 1440 2991
f 2991 1440 1439
f 964 1360 965
f 965 1360 1454
f 950 1457 951
f 951 1457 1456
f 970 1463 971
f 971 1463 1462
f 1025 1169 984
f 984 1169 986
f 1084 1097 1469
f 1469 1097 1470
f 1096 1115 1474
f 1474 1115 1475
f 1140 1361 1141
f 1141 1361 1476
f 1212 1495 2828
f 2828 1495 1494
f 880 1166 1452
f 1452 1166 1499
f 715 2905 1504
f 1504 2905 2906
f 954 1519 955
f 955 1519 1518
f 1026 1520 992
f 992 1520 1518
f 1029 1520 1043
f 1043 1520 1521
f 997 1522 1040
f 1040 1522 1521
f 1015 1522 1016
f 1016 1522 1523
f 1523 996 1524
f 1524 996 1062
f 1057 1060 1525
f 1525 1060 1524
f 1094 1528 1082
f 1082 1528 1527
f 1526 1528 1089
f 1089 1528 1529
f 1090 1531 1108
f 1108 1531 1530
f 1125 1533 1126
f 1126 1533 1532
f 3483 1755 727
f 727 1755 1214
f 735 1814 707
f 707 1814 1813
f 2891 1834 1246
f 1246 1834 1243
f 2904 1881 1847
f 1847 1881 1848
f 1852 1855 1853
f 1853 1855 1858
f 1902 2903 1877
f 1877 2903 1878
f 2903 2904 1878
f 1878 2904 1847
f 714 713 1848
f 1848 713 1849
f 1440 2990 1883
f 1883 2990 2989
f 1883 2989 1852
f 1852 2989 1855
f 2895 1888 2892
f 2892 1888 1887
f 774 777 1877
f 1877 777 1903
f 1251 2835 1252
f 1252 2835 2834
f 1213 2844 1212
f 1212 2844 1495
f 2851 892 1213
f 1213 892 2844
f 3123 2911 3124
f 3124 2911 2910
f 887 2929 888
f 888 2929 889
f 1435 2963 1436
f 1436 2963 2961
f 1253 1438 1254
f 1254 1438 1437
f 2970 731 735
f 735 731 1814
f 733 732 2885
f 2885 732 1215
f 2901 2902 2976
f 2976 2902 2977
f 2975 2982 2976
f 2976 2982 2979
f 2899 2900 2981
f 2981 2900 2979
f 2899 2981 2898
f 2898 2981 2983
f 2986 2985 2984
f 2984 2985 2983
f 2897 2985 2896
f 2896 2985 2988
f 2991 1439 2987
f 2987 1439 2988
f 777 2978 1903
f 1903 2978 2977
f 1885 1888 1858
f 1858 1888 1853
f 3090 3088 836
f 836 3088 833
f 3083 3088 3097
f 3097 3088 3096
f 3097 3096 3104
f 3104 3096 3106
f 3111 3116 3108
f 3108 3116 3109
f 3112 3111 3114
f 3114 3111 3108
f 3113 3122 3114
f 3114 3122 3115
f 891 890 2837
f 2837 890 2834
f 951 1456 954
f 954 1456 1519
f 967 1457 936
f 936 1457 1454
f 971 1462 902
f 902 1462 963
f 1461 1463 988
f 988 1463 987
f 1466 1468 1474
f 1474 1468 1470
f 1089 1529 1090
f 1090 1529 1531
f 1184 1181 1469
f 1469 1181 1180
f 1082 1527 1061
f 1061 1527 1525
f 1129 1473 1135
f 1135 1473 1475
f 1108 1530 1105
f 1105 1530 1532
f 1452 1499 3132
f 3132 1499 3136
f 3109 3116 3139
f 3139 3116 3138
f 2912 2911 887
f 887 2911 2929
f 2836 2835 1497
f 1497 2835 1494
f 2913 3102 2910
f 2910 3102 3115
f 1133 3187 1134
f 1134 3187 3185
f 3177 3176 3197
f 3197 3176 3198
f 3203 3183 3206
f 3206 3183 3207
f 3196 3202 3197
f 3197 3202 3211
f 3183 3182 3207
f 3207 3182 3185
f 1125 3180 1533
f 1533 3180 3198
f 3331 3203 3330
f 3330 3203 3206
f 3376 3379 3385
f 3385 3379 3386
f 3382 3376 3392
f 3392 3376 3385
f 3412 3415 3413
f 3413 3415 3414
f 3417 3396 3415
f 3415 3396 3395
f 3383 3386 3426
f 3426 3386 3425
f 3413 3414 3432
f 3432 3414 3430
f 3437 3396 3435
f 3435 3396 3417
f 3329 3382 3330
f 3330 3382 3392
f 3426 3425 3460
f 3460 3425 3458
f 3432 3430 3457
f 3457 3430 3463
f 3457 3463 3456
f 3456 3463 3465
f 3460 3458 3467
f 3467 3458 3466
f 3466 3455 3465
f 3465 3455 3456
f 3202 3437 3211
f 3211 3437 3435
f 3104 3106 3138
f 3138 3106 3139
f 3132 3136 1227
f 1227 3136 1476
f 943 687 600
f 600 687 601
f 596 625 667
f 667 625 1297
f 687 686 601
f 601 686 653
f 1319 784 711
f 711 784 712
f 1811 607 783
f 783 607 712
f 862 921 917
f 917 921 920
f 3478 925 3479
f 3479 925 924
f 2846 926 3478
f 3478 926 925
f 659 662 929
f 929 662 930
f 856 921 857
f 857 921 1204
f 1206 864 1207
f 1207 864 863
f 2876 1219 2877
f 2877 1219 1218
f 667 1297 593
f 593 1297 1296
f 917 920 1333
f 1333 920 1346
f 686 693 653
f 653 693 930
f 1277 913 1498
f 1498 913 1207
f 592 1536 610
f 610 1536 711
f 864 1206 1805
f 1805 1206 1804
f 1317 1536 1900
f 1900 1536 1809
f 1900 1809 1295
f 1295 1809 1296
f 3479 924 3477
f 3477 924 2824
f 927 926 1203
f 1203 926 2847
f 3484 2859 3032
f 3032 2859 3033
f 3472 2878 1217
f 1217 2878 1218
f 2889 2888 2880
f 2880 2888 2881
f 2886 2883 2887
f 2887 2883 2882
f 929 928 2847
f 2847 928 1203
f 857 1204 2921
f 2921 1204 2926
f 1820 1819 2882
f 2882 1819 2881
f 1821 2883 2876
f 2876 2883 1219
f 782 2889 783
f 783 2889 2880
f 1352 3034 1353
f 1353 3034 3033
f 3031 3034 3041
f 3041 3034 3043
f 944 943 3043
f 3043 943 600
f 1339 3145 1498
f 1498 3145 3143
f 1208 882 3148
f 3148 882 3143
f 2921 2926 3151
f 3151 2926 3156
f 3477 2824 1345
f 1345 2824 1346
f 1805 1804 3154
f 3154 1804 3156
f 886 3103 883
f 883 3103 3482
f 841 1248 3485
f 3485 1248 3121
f 2811 2819 2812
f 2812 2819 2816
f 2818 2815 2817
f 2817 2815 2806
f 2817 2816 2818
f 2818 2816 2819
f 2793 2795 2819
f 2819 2795 2818
f 243 352 2793
f 2793 352 2795
f 242 353 243
f 243 353 352
f 359 191 242
f 242 191 353
f 247 192 359
f 359 192 191
f 157 193 247
f 247 193 192
f 156 194 157
f 157 194 193
f 378 261 156
f 156 261 194
f 378 381 261
f 261 381 195
f 195 381 196
f 196 381 376
f 196 376 198
f 198 376 375
f 375 1776 198
f 198 1776 197
f 1776 1767 197
f 197 1767 274
f 181 274 199
f 199 274 1767
f 568 566 564
f 564 566 563
f 568 569 566
f 566 569 567
f 501 1773 1771
f 1771 1773 578
f 547 579 1773
f 1773 579 578
f 3486 470 474
f 474 470 469
f 450 582 3487
f 3487 582 3488
f 582 583 3488
f 3488 583 3489
f 583 584 3489
f 3489 584 3490
f 3490 584 3491
f 3491 584 543
f 470 3486 466
f 466 3486 467
f 3489 3490 503
f 503 3490 504
f 503 3492 3489
f 3489 3492 3488
f 3492 503 3493
f 3493 503 502
f 3495 3492 3494
f 3494 3492 3493
f 3487 3488 3495
f 3495 3488 3492
f 468 1774 465
f 465 1774 570
f 3494 3493 1775
f 1775 3493 1771
f 3490 3491 504
f 504 3491 1772
f 3491 543 1772
f 1772 543 548
f 450 3487 474
f 474 3487 3486
f 3495 467 3487
f 3487 467 3486
f 3494 468 3495
f 3495 468 467
f 468 3494 1774
f 1774 3494 1775
f 501 1771 502
f 502 1771 3493
f 527 366 384
f 384 366 365
f 522 524 527
f 527 524 366
f 521 534 522
f 522 534 524
f 530 535 521
f 521 535 534
f 508 486 513
f 513 486 532
f 513 532 541
f 541 532 535
f 667 668 596
f 596 668 597
f 1294 1297 624
f 624 1297 625
f 603 641 604
f 604 641 640
f 1290 1293 650
f 650 1293 651
f 1758 691 660
f 660 691 661
f 602 671 599
f 599 671 670
f 654 662 690
f 690 662 661
f 2856 598 695
f 695 598 597
f 602 654 671
f 671 654 690
f 604 640 676
f 676 640 704
f 1826 1829 708
f 708 1829 709
f 1288 1284 740
f 740 1284 741
f 755 754 758
f 758 754 759
f 2853 2856 932
f 932 2856 695
f 689 691 1192
f 1192 691 1193
f 784 1319 1240
f 1240 1319 1241
f 1813 1816 1244
f 1244 1816 1245
f 754 1288 759
f 759 1288 740
f 1894 1242 1318
f 1318 1242 1241
f 2867 1348 1418
f 1418 1348 1347
f 676 704 673
f 673 704 1347
f 1284 1287 741
f 741 1287 1419
f 1421 1426 1422
f 1422 1426 1425
f 1758 660 615
f 615 660 616
f 1192 1191 1421
f 1421 1191 1426
f 2962 1839 1504
f 1504 1839 1505
f 941 1194 1759
f 1759 1194 1193
f 1287 1537 1419
f 1419 1537 1760
f 1882 2893 1823
f 1823 2893 1824
f 1886 1891 1827
f 1827 1891 1828
f 1887 1886 1834
f 1834 1886 1827
f 1841 716 1838
f 1838 716 1505
f 782 784 1850
f 1850 784 1240
f 1239 1242 1863
f 1863 1242 1864
f 1242 1894 1864
f 1864 1894 1873
f 1822 1239 1823
f 1823 1239 1863
f 1318 1317 1895
f 1895 1317 1900
f 1894 1896 1873
f 1873 1896 1897
f 1291 1896 1292
f 1292 1896 1895
f 605 1898 606
f 606 1898 1897
f 1258 1257 2854
f 2854 1257 2855
f 1257 1351 2855
f 2855 1351 2857
f 1351 1353 2857
f 2857 1353 2858
f 1353 3033 2858
f 2858 3033 2859
f 2860 2861 3036
f 3036 2861 3037
f 2862 2863 2870
f 2870 2863 3039
f 2870 2869 2862
f 2862 2869 2864
f 2868 2865 2869
f 2869 2865 2864
f 1764 2866 2868
f 2868 2866 2865
f 1537 1199 1760
f 1760 1199 1348
f 615 2884 1758
f 1758 2884 1759
f 1825 1246 2890
f 2890 1246 1245
f 2893 2892 1824
f 1824 2892 2891
f 761 2960 758
f 758 2960 2906
f 3000 2943 2940
f 2940 2943 2941
f 2968 710 2950
f 2950 710 709
f 1764 1423 2866
f 2866 1423 2953
f 1423 645 2953
f 2953 645 2954
f 645 644 2954
f 2954 644 2955
f 644 738 2955
f 2955 738 2956
f 738 764 2956
f 2956 764 2957
f 764 763 2957
f 2957 763 2958
f 763 2908 2958
f 2958 2908 2959
f 2908 1436 2959
f 2959 1436 2961
f 1837 2964 1435
f 1435 2964 2963
f 1837 2937 2964
f 2964 2937 2965
f 2936 2968 2966
f 2966 2968 2950
f 1840 2942 1838
f 1838 2942 2941
f 2939 2949 2940
f 2940 2949 3006
f 2939 2942 2966
f 2966 2942 2965
f 1822 1825 1850
f 1850 1825 2890
f 1891 3005 1828
f 1828 3005 3006
f 3035 3038 3045
f 3045 3038 3042
f 3045 3044 3035
f 3035 3044 3040
f 669 1422 3045
f 3045 1422 3044
f 599 670 3041
f 3041 670 3042
f 931 3067 932
f 932 3067 3065
f 2853 3066 2854
f 2854 3066 3076
f 3067 3496 3065
f 3065 3496 3497
f 3066 3498 3076
f 3076 3498 3499
f 707 1813 708
f 708 1813 1244
f 2960 2962 2906
f 2906 2962 1504
f 2892 1887 2891
f 2891 1887 1834
f 1839 2962 2963
f 2963 2962 2961
f 595 626 596
f 596 626 625
f 623 626 3484
f 3484 626 2859
f 1291 1290 606
f 606 1290 603
f 1290 650 603
f 603 650 641
f 641 650 642
f 642 650 649
f 2860 2863 649
f 649 2863 642
f 3036 3039 2860
f 2860 3039 2863
f 3035 3040 3036
f 3036 3040 3039
f 1294 1293 1295
f 1295 1293 1292
f 624 651 1294
f 1294 651 1293
f 623 652 624
f 624 652 651
f 3484 2861 623
f 623 2861 652
f 3032 3037 3484
f 3484 3037 2861
f 3031 3038 3032
f 3032 3038 3037
f 3481 2848 2884
f 2884 2848 942
f 2846 617 1427
f 1427 617 616
f 3049 3167 3048
f 3048 3167 3500
f 1906 3048 3070
f 3070 3048 3500
f 1337 1768 3501
f 3501 1768 3502
f 3020 3503 3021
f 3021 3503 3024
f 2914 3023 3020
f 3020 3023 3503
f 859 1770 860
f 860 1770 3504
f 1336 3505 1768
f 1768 3505 3502
f 3065 3497 3066
f 3066 3497 3498
f 2814 3075 3067
f 3067 3075 3496
f 2839 3174 766
f 766 3174 3017
f 1337 3501 1338
f 1338 3501 1769
f 767 3018 3026
f 3026 3018 3506
f 3076 3499 3064
f 3064 3499 3507
f 727 730 3483
f 3483 730 3030
f 3064 3507 2871
f 2871 3507 3077
f 3100 3160 1786
f 1786 3160 1784
f 3026 3506 752
f 752 3506 3015
f 860 3504 2923
f 2923 3504 3508
f 753 3016 3027
f 3027 3016 3509
f 3027 3509 3008
f 3008 3509 3028
f 1782 1785 1783
f 1783 1785 3022
f 2923 3508 3153
f 3153 3508 3161
f 3148 3149 1208
f 1208 3149 3150
f 1335 1328 3510
f 3510 1328 1327
f 1336 1335 3505
f 3505 1335 3510
f 866 3511 1340
f 1340 3511 3146
f 865 1808 866
f 866 1808 3511
f 842 841 3159
f 3159 841 3485
f 2849 3512 1329
f 1329 3512 1326
f 1202 1331 2849
f 2849 1331 3512
f 3514 3515 3513
f 3513 3515 3516
f 3518 3516 3517
f 3517 3516 3515
f 3519 3520 3514
f 3514 3520 3515
f 3522 3523 3521
f 3521 3523 3524
f 3526 3527 3525
f 3525 3527 3528
f 3530 3531 3529
f 3529 3531 3532
f 3534 3535 3533
f 3533 3535 3536
f 3529 3532 3537
f 3537 3532 3538
f 3537 3539 3529
f 3529 3539 3540
f 3542 3543 3541
f 3541 3543 3544
f 3546 3547 3545
f 3545 3547 3548
f 3550 3534 3549
f 3549 3534 3533
f 3550 3543 3551
f 3551 3543 3552
f 3537 3545 3539
f 3539 3545 3548
f 3553 3554 3556
f 3556 3554 3555
f 3537 3557 3545
f 3545 3557 3546
f 3558 3559 3561
f 3561 3559 3560
f 3563 3564 3562
f 3562 3564 3565
f 3564 3563 3566
f 3566 3563 3567
f 3569 3570 3568
f 3568 3570 3571
f 3573 3574 3572
f 3572 3574 3575
f 3577 3578 3576
f 3576 3578 3579
f 3581 3582 3580
f 3580 3582 3583
f 3585 3586 3584
f 3584 3586 3579
f 3586 3587 3579
f 3579 3587 3576
f 3589 3590 3588
f 3588 3590 3591
f 3592 3593 3595
f 3595 3593 3594
f 3597 3598 3596
f 3596 3598 3595
f 3583 3600 3599
f 3599 3600 3601
f 3603 3599 3602
f 3602 3599 3601
f 3605 3606 3604
f 3604 3606 3607
f 3608 3555 3596
f 3596 3555 3554
f 3597 3610 3609
f 3609 3610 3565
f 3564 3611 3565
f 3565 3611 3609
f 3611 3564 3612
f 3612 3564 3566
f 3613 3614 3569
f 3569 3614 3570
f 3615 3616 3573
f 3573 3616 3574
f 3517 3617 3518
f 3518 3617 3618
f 3620 3621 3619
f 3619 3621 3622
f 3624 3625 3623
f 3623 3625 3626
f 3628 3629 3627
f 3627 3629 3630
f 3632 3633 3631
f 3631 3633 3634
f 3636 3637 3635
f 3635 3637 3638
f 3640 3641 3639
f 3639 3641 3642
f 3643 3644 3639
f 3639 3644 3640
f 3646 3513 3645
f 3645 3513 3647
f 3648 3514 3646
f 3646 3514 3513
f 3649 3519 3648
f 3648 3519 3514
f 3650 3651 3527
f 3527 3651 3652
f 3654 3651 3653
f 3653 3651 3650
f 3568 3571 3655
f 3655 3571 3656
f 3657 3658 3653
f 3653 3658 3659
f 3661 3662 3660
f 3660 3662 3658
f 3664 3665 3663
f 3663 3665 3666
f 3667 3657 3650
f 3650 3657 3653
f 3669 3523 3668
f 3668 3523 3670
f 3672 3673 3671
f 3671 3673 3674
f 3676 3677 3675
f 3675 3677 3678
f 3671 3674 3676
f 3676 3674 3677
f 3680 3681 3679
f 3679 3681 3682
f 3683 3684 3680
f 3680 3684 3681
f 3685 3686 3661
f 3661 3686 3662
f 3686 3687 3662
f 3662 3687 3688
f 3684 3683 3689
f 3689 3683 3690
f 3692 3693 3691
f 3691 3693 3694
f 3691 3694 3695
f 3695 3694 3696
f 3698 3699 3697
f 3697 3699 3700
f 3702 3703 3701
f 3701 3703 3704
f 3705 3706 3519
f 3519 3706 3520
f 3673 3672 3707
f 3707 3672 3708
f 3709 3710 3682
f 3682 3710 3679
f 3711 3712 3692
f 3692 3712 3693
f 3714 3715 3713
f 3713 3715 3716
f 3718 3700 3717
f 3717 3700 3699
f 3720 3721 3719
f 3719 3721 3722
f 3724 3725 3723
f 3723 3725 3726
f 3727 3728 3730
f 3730 3728 3729
f 3722 3721 3731
f 3731 3721 3732
f 3697 3700 3733
f 3733 3700 3714
f 3733 3714 3734
f 3734 3714 3713
f 3721 3723 3732
f 3732 3723 3735
f 3720 3736 3724
f 3724 3736 3737
f 3700 3718 3714
f 3714 3718 3715
f 3717 3699 3738
f 3738 3699 3739
f 3536 3740 3533
f 3533 3740 3540
f 3742 3743 3741
f 3741 3743 3744
f 3746 3747 3745
f 3745 3747 3748
f 3750 3751 3749
f 3749 3751 3752
f 3627 3632 3628
f 3628 3632 3631
f 3754 3755 3753
f 3753 3755 3626
f 3562 3565 3756
f 3756 3565 3610
f 3527 3652 3528
f 3528 3652 3757
f 3758 3524 3669
f 3669 3524 3523
f 3582 3598 3583
f 3583 3598 3600
f 3759 3670 3522
f 3522 3670 3523
f 3675 3678 3760
f 3760 3678 3761
f 3762 3763 3690
f 3690 3763 3689
f 3765 3766 3764
f 3764 3766 3767
f 3768 3739 3698
f 3698 3739 3699
f 3726 3725 3770
f 3770 3725 3769
f 3645 3647 3771
f 3771 3647 3772
f 3645 3678 3646
f 3646 3678 3677
f 3646 3677 3648
f 3648 3677 3674
f 3673 3649 3674
f 3674 3649 3648
f 3707 3773 3673
f 3673 3773 3649
f 3775 3776 3774
f 3774 3776 3777
f 3779 3526 3778
f 3778 3526 3525
f 3526 3779 3667
f 3667 3779 3780
f 3780 3781 3667
f 3667 3781 3657
f 3672 3679 3708
f 3708 3679 3710
f 3671 3680 3672
f 3672 3680 3679
f 3676 3683 3671
f 3671 3683 3680
f 3675 3690 3676
f 3676 3690 3683
f 3760 3762 3675
f 3675 3762 3690
f 3682 3681 3783
f 3783 3681 3782
f 3689 3784 3684
f 3684 3784 3785
f 3684 3785 3681
f 3681 3785 3782
f 3786 3709 3783
f 3783 3709 3682
f 3784 3689 3787
f 3787 3689 3763
f 3789 3557 3788
f 3788 3557 3790
f 3792 3793 3791
f 3791 3793 3794
f 3616 3615 3795
f 3795 3615 3796
f 3797 3798 3727
f 3727 3798 3728
f 3800 3801 3799
f 3799 3801 3802
f 3803 3578 3592
f 3592 3578 3593
f 3805 3806 3804
f 3804 3806 3807
f 3599 3603 3585
f 3585 3603 3586
f 3587 3586 3604
f 3604 3586 3603
f 3588 3591 3794
f 3794 3591 3791
f 3581 3803 3582
f 3582 3803 3592
f 3594 3561 3608
f 3608 3561 3790
f 3662 3688 3808
f 3808 3688 3809
f 3665 3664 3810
f 3810 3664 3811
f 3719 3812 3720
f 3720 3812 3736
f 3717 3813 3718
f 3718 3813 3737
f 3723 3721 3724
f 3724 3721 3720
f 3813 3717 3814
f 3814 3717 3738
f 3815 3816 303
f 303 3816 304
f 3818 3819 3817
f 3817 3819 3820
f 3578 3803 3579
f 3579 3803 3584
f 3558 3593 3577
f 3577 3593 3578
f 3822 3823 3821
f 3821 3823 3824
f 3546 3826 3825
f 3825 3826 3827
f 3828 3829 3547
f 3547 3829 3541
f 3831 3542 3830
f 3830 3542 3832
f 3834 3822 3833
f 3833 3822 3821
f 3835 3836 3827
f 3827 3836 3825
f 3800 3799 3828
f 3828 3799 3829
f 3830 3832 3837
f 3837 3832 3838
f 331 330 3551
f 3551 330 3839
f 3831 333 3552
f 3552 333 332
f 3819 3797 3841
f 3841 3797 3840
f 3513 3516 3647
f 3647 3516 3746
f 337 336 3745
f 3745 336 3772
f 3525 3528 3775
f 3775 3528 3749
f 3610 3597 3554
f 3554 3597 3596
f 3706 3702 3520
f 3520 3702 3701
f 3756 3610 3553
f 3553 3610 3554
f 3757 3750 3528
f 3528 3750 3749
f 3517 3515 3701
f 3701 3515 3520
f 3842 3584 3581
f 3581 3584 3803
f 3525 3775 3778
f 3778 3775 3774
f 3638 3843 3635
f 3635 3843 3618
f 3617 3621 3618
f 3618 3621 3635
f 3617 3517 3704
f 3704 3517 3701
f 3521 3624 3522
f 3522 3624 3623
f 3749 3844 3775
f 3775 3844 3776
f 3846 3847 3845
f 3845 3847 3848
f 3843 3747 3618
f 3618 3747 3518
f 3850 3851 3849
f 3849 3851 3748
f 3853 3854 3852
f 3852 3854 3855
f 3856 3857 3622
f 3622 3857 3619
f 3859 3860 3858
f 3858 3860 3861
f 3862 3844 3752
f 3752 3844 3749
f 3863 3759 3623
f 3623 3759 3522
f 3864 3777 3630
f 3630 3777 3776
f 3713 3865 3734
f 3734 3865 3866
f 3868 3869 3867
f 3867 3869 3870
f 3872 3873 3871
f 3871 3873 3874
f 3876 3877 3875
f 3875 3877 3878
f 3879 3880 3878
f 3878 3880 3881
f 3882 3883 3885
f 3885 3883 3884
f 3780 3886 3781
f 3781 3886 3887
f 3888 3685 3869
f 3869 3685 3661
f 3880 3879 3883
f 3883 3879 3884
f 3693 3783 3694
f 3694 3783 3782
f 3696 3785 3764
f 3764 3785 3784
f 3694 3782 3696
f 3696 3782 3785
f 3693 3786 3783
f 3787 3765 3784
f 3784 3765 3764
f 386 385 3765
f 3765 385 3766
f 3695 3889 3691
f 3691 3889 3890
f 3691 3890 3692
f 3692 3890 3891
f 3892 3711 3891
f 3891 3711 3692
f 3767 3893 3695
f 3695 3893 3889
f 3766 3894 3767
f 3767 3894 3893
f 3882 3885 3895
f 3895 3885 3896
f 3898 3698 3897
f 3897 3698 3697
f 3897 3697 3899
f 3899 3697 3733
f 3899 3733 3900
f 3900 3733 3734
f 3901 3768 3898
f 3898 3768 3698
f 3901 3902 3768
f 3768 3902 3903
f 3904 3905 3907
f 3907 3905 3906
f 3869 3661 3870
f 3870 3661 3660
f 3908 3909 3896
f 3896 3909 3895
f 3909 3758 3895
f 3895 3758 3669
f 3751 3531 3752
f 3752 3531 3848
f 3858 3536 3854
f 3854 3536 3535
f 3652 3562 3757
f 3757 3562 3756
f 3651 3654 3563
f 3563 3654 3567
f 3655 3656 3808
f 3808 3656 3659
f 3530 3740 3845
f 3845 3740 3861
f 3751 3750 3556
f 3556 3750 3553
f 3817 3820 3796
f 3796 3820 3795
f 410 409 3910
f 3910 409 3855
f 3750 3757 3553
f 3553 3757 3756
f 3908 3886 3909
f 3909 3886 3780
f 409 411 3855
f 3855 411 3851
f 413 412 3760
f 3760 412 3762
f 415 414 3763
f 3763 414 3787
f 3790 3557 3538
f 3538 3557 3537
f 3555 3608 3538
f 3538 3608 3790
f 3574 3911 3575
f 3575 3911 3912
f 3535 3534 3910
f 3910 3534 3839
f 3831 3552 3542
f 3542 3552 3543
f 3534 3550 3839
f 3839 3550 3551
f 3543 3550 3544
f 3544 3550 3549
f 3913 3914 3916
f 3916 3914 3915
f 3806 3805 3589
f 3589 3805 3590
f 3849 3843 3917
f 3917 3843 3638
f 3853 3644 3859
f 3859 3644 3742
f 3747 3746 3518
f 3518 3746 3516
f 3695 3696 3767
f 3767 3696 3764
f 3903 3918 3768
f 3768 3918 3739
f 3738 3739 3816
f 3816 3739 3918
f 3919 3920 3769
f 3769 3920 3770
f 3921 3726 3922
f 3922 3726 3770
f 3678 3645 3761
f 3761 3645 3771
f 3924 3913 3923
f 3923 3913 3916
f 3802 3925 3838
f 3838 3925 3837
f 3577 3926 3558
f 3558 3926 3559
f 3815 3919 3814
f 3814 3919 3769
f 3927 3928 3822
f 3822 3928 3823
f 3829 3832 3541
f 3541 3832 3542
f 3834 3927 3822
f 3832 3829 3838
f 3838 3829 3799
f 3745 3772 3746
f 3746 3772 3647
f 3849 3748 3843
f 3843 3748 3747
f 3854 3853 3858
f 3858 3853 3859
f 3854 3535 3855
f 3855 3535 3910
f 3557 3789 3546
f 3546 3789 3826
f 3923 3823 3924
f 3924 3823 3928
f 3823 3923 3929
f 3929 3923 3930
f 3531 3751 3532
f 3532 3751 3556
f 3532 3556 3538
f 3538 3556 3555
f 3932 3634 3931
f 3931 3634 3633
f 3814 3769 3813
f 3813 3769 3725
f 3620 3636 3621
f 3621 3636 3635
f 3847 3862 3848
f 3848 3862 3752
f 3531 3530 3848
f 3848 3530 3845
f 3933 3934 3830
f 3830 3934 3831
f 3925 3933 3837
f 3837 3933 3830
f 3934 440 3831
f 3831 440 333
f 3925 3802 3833
f 3833 3802 3801
f 3776 3844 3630
f 3630 3844 3627
f 3808 3659 3662
f 3662 3659 3658
f 3667 3650 3526
f 3526 3650 3527
f 3935 3666 3936
f 3936 3666 3665
f 3718 3737 3715
f 3715 3737 3736
f 3663 3809 3664
f 3664 3809 3688
f 3807 3806 3938
f 3938 3806 3937
f 445 413 3761
f 3761 413 3760
f 3902 447 3903
f 3903 447 446
f 3897 3890 3898
f 3898 3890 3889
f 3899 3891 3897
f 3897 3891 3890
f 3898 3889 3901
f 3901 3889 3893
f 3893 3894 3901
f 3901 3894 3902
f 414 386 3787
f 3787 386 3765
f 3940 3941 3939
f 3939 3941 3942
f 3840 3797 3943
f 3943 3797 3727
f 3665 3810 3936
f 3936 3810 3944
f 3921 3735 3726
f 3726 3735 3723
f 3920 3945 3770
f 3770 3945 3922
f 3521 3524 3774
f 3774 3524 3778
f 3864 3946 3625
f 3625 3946 3947
f 3773 3705 3649
f 3649 3705 3519
f 3779 3778 3758
f 3758 3778 3524
f 3812 3716 3736
f 3736 3716 3715
f 3624 3521 3777
f 3777 3521 3774
f 3703 3856 3704
f 3704 3856 3622
f 3900 3892 3899
f 3899 3892 3891
f 3641 3917 3642
f 3642 3917 3948
f 3895 3669 3882
f 3882 3669 3668
f 3855 3851 3852
f 3852 3851 3850
f 3894 458 3902
f 3902 458 447
f 3781 3887 3660
f 3660 3887 3870
f 3570 3566 3571
f 3571 3566 3567
f 3950 3576 3949
f 3949 3576 3587
f 3605 3602 3614
f 3614 3602 3612
f 3614 3612 3570
f 3570 3612 3566
f 3571 3567 3656
f 3656 3567 3654
f 3660 3658 3781
f 3781 3658 3657
f 3604 3607 3587
f 3587 3607 3949
f 3653 3659 3654
f 3654 3659 3656
f 3529 3540 3530
f 3530 3540 3740
f 3687 3811 3688
f 3688 3811 3664
f 3813 3725 3737
f 3737 3725 3724
f 3919 3815 461
f 461 3815 303
f 3818 3798 3819
f 3819 3798 3797
f 3819 3841 3820
f 3820 3841 3951
f 3816 3815 3738
f 3738 3815 3814
f 3540 3539 3533
f 3533 3539 3549
f 3548 3547 3544
f 3544 3547 3541
f 3539 3548 3549
f 3549 3548 3544
f 3741 3931 3860
f 3860 3931 3846
f 3801 3800 3835
f 3835 3800 3836
f 3934 3933 3824
f 3824 3933 3821
f 3825 3828 3546
f 3546 3828 3547
f 3833 3821 3925
f 3925 3821 3933
f 3800 3828 3836
f 3836 3828 3825
f 3824 3952 3934
f 3934 3952 440
f 3860 3846 3861
f 3861 3846 3845
f 3629 3946 3630
f 3630 3946 3864
f 3740 3536 3861
f 3861 3536 3858
f 3833 3801 3834
f 3834 3801 3835
f 3583 3599 3580
f 3580 3599 3585
f 3651 3563 3652
f 3652 3563 3562
f 3758 3909 3779
f 3779 3909 3780
f 3621 3617 3622
f 3622 3617 3704
f 3625 3947 3626
f 3626 3947 3753
f 3633 3632 3847
f 3847 3632 3862
f 3852 3850 3640
f 3640 3850 3641
f 3644 3853 3640
f 3640 3853 3852
f 3859 3742 3860
f 3860 3742 3741
f 3632 3627 3862
f 3862 3627 3844
f 3755 3863 3626
f 3626 3863 3623
f 3917 3638 3948
f 3948 3638 3637
f 3644 3643 3742
f 3742 3643 3743
f 3931 3633 3846
f 3846 3633 3847
f 3625 3624 3864
f 3864 3624 3777
f 3917 3641 3849
f 3849 3641 3850
f 3744 3932 3741
f 3741 3932 3931
f 3903 446 3918
f 3918 446 464
f 3953 3954 3956
f 3956 3954 3955
f 3958 3959 3957
f 3957 3959 3960
f 3876 3958 3877
f 3877 3958 3957
f 3877 3957 3961
f 3961 3957 3962
f 3963 3964 3958
f 3958 3964 3959
f 3965 3966 3876
f 3876 3966 3958
f 3966 3963 3958
f 3966 3967 3963
f 3963 3967 3968
f 3878 3877 3879
f 3879 3877 3961
f 3967 3969 3968
f 3968 3969 3970
f 3969 3971 3970
f 3970 3971 3972
f 3974 3904 3973
f 3973 3904 3907
f 3971 3975 3972
f 3972 3975 3976
f 3976 3975 3978
f 3978 3975 3977
f 3979 3980 3977
f 3977 3980 3978
f 3981 3982 3979
f 3979 3982 3980
f 3983 3984 3981
f 3981 3984 3982
f 3972 3985 3970
f 3970 3985 3986
f 3871 3987 3969
f 3969 3987 3971
f 3872 3871 3967
f 3967 3871 3969
f 3965 3872 3966
f 3966 3872 3967
f 3970 3986 3968
f 3968 3986 3988
f 3879 3961 3884
f 3884 3961 3940
f 3884 3940 3885
f 3885 3940 3939
f 3989 3990 3992
f 3992 3990 3991
f 3942 3993 3995
f 3995 3993 3994
f 3994 3996 3995
f 3995 3996 3974
f 3997 3998 3994
f 3994 3998 3996
f 3999 3997 3993
f 3993 3997 3994
f 4001 3996 4000
f 4000 3996 3998
f 4000 3998 4002
f 4002 3998 4003
f 4004 4003 3997
f 3997 4003 3998
f 3997 3999 4004
f 4004 3999 4005
f 4006 3995 3973
f 3973 3995 3974
f 3939 3942 4006
f 4006 3942 3995
f 3906 3887 3907
f 3907 3887 3886
f 3887 3906 3870
f 3870 3906 3867
f 3908 3973 3886
f 3886 3973 3907
f 3865 4007 3866
f 3866 4007 4008
f 3984 3983 4009
f 4009 3983 4010
f 3961 3962 3940
f 3940 3962 3941
f 4012 3868 4011
f 4011 3868 3867
f 4013 3975 3987
f 3987 3975 3971
f 4014 3977 4013
f 4013 3977 3975
f 4015 4010 4007
f 4007 4010 3983
f 4007 3983 4008
f 4008 3983 3981
f 4008 3981 4016
f 4016 3981 3979
f 4017 3984 4018
f 4018 3984 4009
f 3977 4014 3979
f 3979 4014 4016
f 3982 3984 4019
f 4019 3984 4017
f 4021 4022 4020
f 4020 4022 4023
f 4022 4012 4023
f 4023 4012 4011
f 4023 3904 4020
f 4020 3904 3974
f 4024 4025 4018
f 4018 4025 4017
f 4026 4027 4024
f 4024 4027 4025
f 4028 4026 4029
f 4029 4026 4024
f 4018 4021 4024
f 4024 4021 4029
f 4030 4031 4026
f 4026 4031 4027
f 4032 4030 4028
f 4028 4030 4026
f 4029 4001 4028
f 4028 4001 4000
f 4028 4000 4032
f 4032 4000 4002
f 4034 4035 4033
f 4033 4035 4036
f 4037 4038 4019
f 4019 4038 4039
f 4041 4039 4040
f 4040 4039 4038
f 4040 4038 4042
f 4042 4038 4036
f 4042 4036 4043
f 4043 4036 4035
f 3985 4044 4046
f 4046 4044 4045
f 4047 4048 4045
f 4045 4048 4046
f 4047 4049 4048
f 4048 4049 4050
f 4042 4047 4040
f 4040 4047 4045
f 4043 4049 4042
f 4042 4049 4047
f 4040 4045 4041
f 4041 4045 4044
f 4052 3959 4051
f 4051 3959 3964
f 4053 4054 4051
f 4051 4054 4055
f 3956 3960 4052
f 4052 3960 3959
f 3953 3956 4056
f 4056 3956 4052
f 4058 3953 4057
f 4057 3953 4056
f 4060 4061 4059
f 4059 4061 4062
f 4063 4064 4054
f 4054 4064 4057
f 4054 4053 4063
f 4063 4053 4065
f 4066 4067 4069
f 4069 4067 4068
f 4048 4050 4063
f 4063 4050 4064
f 4063 4065 4048
f 4048 4065 4046
f 3985 4046 3986
f 3986 4046 4065
f 3986 4065 3988
f 3988 4065 4053
f 3988 4053 3964
f 3964 4053 4051
f 3976 3978 4044
f 4044 3978 4041
f 3980 3982 4039
f 4039 3982 4019
f 4039 4041 3980
f 3980 4041 3978
f 3973 3908 4006
f 4006 3908 3896
f 3885 3939 3896
f 3896 3939 4006
f 4031 4034 4027
f 4027 4034 4033
f 4027 4033 4025
f 4025 4033 4037
f 4019 4017 4037
f 4037 4017 4025
f 3993 3942 4070
f 4070 3942 3941
f 3999 3993 4071
f 4071 3993 4070
f 3999 4071 4005
f 4005 4071 4072
f 4073 4074 4076
f 4076 4074 4075
f 4078 4079 4077
f 4077 4079 4080
f 4082 4080 4081
f 4081 4080 4079
f 4084 4085 4083
f 4083 4085 4086
f 4087 4088 4090
f 4090 4088 4089
f 4092 4093 4091
f 4091 4093 4094
f 4096 4097 4095
f 4095 4097 4098
f 4100 4101 4099
f 4099 4101 4102
f 4103 4104 4106
f 4106 4104 4105
f 4108 4109 4107
f 4107 4109 4110
f 4112 4113 4111
f 4111 4113 4114
f 4116 4117 4115
f 4115 4117 4118
f 4120 4121 4119
f 4119 4121 4122
f 4123 4124 4126
f 4126 4124 4125
f 4127 4128 4130
f 4130 4128 4129
f 4132 4133 4131
f 4131 4133 4134
f 4136 4108 4135
f 4135 4108 4107
f 4138 4139 4137
f 4137 4139 4140
f 4141 4142 4088
f 4088 4142 4089
f 4144 4145 4143
f 4143 4145 4146
f 4148 4149 4147
f 4147 4149 4150
f 4152 4153 4151
f 4151 4153 4154
f 4156 4082 4155
f 4155 4082 4081
f 4157 4158 4160
f 4160 4158 4159
f 4161 4162 4164
f 4164 4162 4163
f 4166 4122 4165
f 4165 4122 4121
f 4168 4152 4167
f 4167 4152 4151
f 4169 4170 4172
f 4172 4170 4171
f 4174 4175 4173
f 4173 4175 4176
f 4178 4149 4177
f 4177 4149 4179
f 4173 4176 4180
f 4180 4176 4181
f 4156 4085 4182
f 4182 4085 4183
f 4182 4184 4156
f 4156 4184 4082
f 4185 4186 4184
f 4184 4186 4187
f 4186 4188 4187
f 4187 4188 4189
f 4190 4191 4073
f 4073 4191 4074
f 4177 4179 4158
f 4158 4179 4159
f 4193 4127 4192
f 4192 4127 4130
f 4144 4194 4151
f 4151 4194 4167
f 4196 4197 4195
f 4195 4197 4198
f 4095 4199 4096
f 4096 4199 4200
f 4201 4202 4204
f 4204 4202 4203
f 4205 4206 4208
f 4208 4206 4207
f 4121 4120 4209
f 4209 4120 4210
f 4212 4213 4211
f 4211 4213 4214
f 4216 4217 4215
f 4215 4217 4218
f 4220 4221 4219
f 4219 4221 4222
f 4224 4196 4223
f 4223 4196 4195
f 4225 4226 4134
f 4134 4226 4131
f 4228 4229 4227
f 4227 4229 4230
f 4232 4233 4231
f 4231 4233 4098
f 4235 4236 4234
f 4234 4236 4237
f 4239 4240 4238
f 4238 4240 4241
f 4242 4243 4245
f 4245 4243 4244
f 4246 4247 4249
f 4249 4247 4248
f 4251 4252 4250
f 4250 4252 4253
f 4255 4256 4254
f 4254 4256 4257
f 4259 4260 4258
f 4258 4260 4261
f 4263 4264 4262
f 4262 4264 4265
f 4267 4268 4266
f 4266 4268 4269
f 4271 4199 4270
f 4270 4199 4272
f 4273 4274 4276
f 4276 4274 4275
f 4115 4118 4277
f 4277 4118 4278
f 4280 4281 4279
f 4279 4281 4282
f 4211 4283 4212
f 4212 4283 4284
f 4286 4287 4285
f 4285 4287 4288
f 4165 4121 4289
f 4289 4121 4209
f 4291 4286 4290
f 4290 4286 4285
f 4293 4294 4292
f 4292 4294 4295
f 4297 4298 4296
f 4296 4298 4299
f 4301 4302 4300
f 4300 4302 4303
f 4299 4304 4296
f 4296 4304 4305
f 4306 4292 4307
f 4307 4292 4295
f 4307 4308 4306
f 4306 4308 4309
f 4310 4309 4075
f 4075 4309 4308
f 4299 4298 4312
f 4312 4298 4311
f 4302 4301 4293
f 4293 4301 4294
f 3735 3921 4313
f 4313 3921 4314
f 4315 4314 3922
f 3922 4314 3921
f 4316 3945 829
f 829 3945 830
f 4289 4317 4165
f 4165 4317 4318
f 4320 4321 4319
f 4319 4321 4322
f 4324 4325 4323
f 4323 4325 4326
f 4327 4328 4330
f 4330 4328 4329
f 4290 4331 4291
f 4291 4331 4332
f 4165 4318 4166
f 4166 4318 4333
f 4334 4335 4337
f 4337 4335 4336
f 4339 4340 4338
f 4338 4340 4341
f 4168 4343 4342
f 4342 4343 4344
f 4346 4347 4345
f 4345 4347 4348
f 4350 4351 4349
f 4349 4351 4352
f 4354 4355 4353
f 4353 4355 4356
f 4357 4358 4324
f 4324 4358 4325
f 4337 4359 4334
f 4334 4359 4360
f 4362 4363 4361
f 4361 4363 4364
f 4366 4367 4365
f 4365 4367 4368
f 4369 4370 4372
f 4372 4370 4371
f 4331 4290 4374
f 4374 4290 4373
f 4373 4376 4375
f 4375 4376 4377
f 4379 4380 4378
f 4378 4380 4381
f 4217 4382 4218
f 4218 4382 4383
f 4385 4386 4384
f 4384 4386 4387
f 4388 4389 4338
f 4338 4389 4390
f 4337 4336 4392
f 4392 4336 4391
f 4394 4362 4393
f 4393 4362 4361
f 4396 4397 4395
f 4395 4397 4398
f 4400 4401 4399
f 4399 4401 4402
f 4345 4403 4346
f 4346 4403 4404
f 4405 4406 4342
f 4342 4406 4407
f 4409 4410 4408
f 4408 4410 4411
f 4408 4412 4409
f 4409 4412 4413
f 4181 4415 4414
f 4414 4415 4416
f 4182 4183 4417
f 4417 4183 4418
f 4419 4353 4311
f 4311 4353 4312
f 4421 4422 4420
f 4420 4422 4423
f 4353 4356 4312
f 4312 4356 4424
f 4166 4333 4425
f 4425 4333 4426
f 4425 4143 4166
f 4166 4143 4122
f 4427 4107 4428
f 4428 4107 4110
f 4429 4430 4174
f 4174 4430 4175
f 4335 4431 4336
f 4336 4431 4390
f 4336 4390 4391
f 4391 4390 4389
f 4432 4433 4435
f 4435 4433 4434
f 4437 4438 4436
f 4436 4438 4439
f 4441 4442 4440
f 4440 4442 4443
f 4359 4444 4361
f 4361 4444 4393
f 4446 4447 4445
f 4445 4447 4448
f 4338 4341 4388
f 4388 4341 4449
f 4450 4451 4398
f 4398 4451 4395
f 4453 4454 4452
f 4452 4454 4455
f 4457 4458 4456
f 4456 4458 4459
f 4460 4461 4448
f 4448 4461 4445
f 4463 4464 4462
f 4462 4464 4465
f 4462 4465 4466
f 4466 4465 4467
f 4468 4469 4467
f 4467 4469 4466
f 4469 4468 4470
f 4470 4468 4471
f 4472 4473 4471
f 4471 4473 4470
f 4475 4476 4474
f 4474 4476 4477
f 4479 4480 4478
f 4478 4480 4481
f 4483 4484 4482
f 4482 4484 4485
f 4487 4488 4486
f 4486 4488 4489
f 4491 4492 4490
f 4490 4492 4493
f 4494 4495 4493
f 4493 4495 4490
f 4496 4497 4494
f 4494 4497 4495
f 4497 4496 4498
f 4498 4496 4499
f 4500 4501 4503
f 4503 4501 4502
f 4505 4506 4504
f 4504 4506 4507
f 4466 4508 4462
f 4462 4508 4509
f 4470 4510 4469
f 4469 4510 4511
f 4513 4479 4512
f 4512 4479 4478
f 4515 4443 4514
f 4514 4443 4442
f 4516 4517 4519
f 4519 4517 4518
f 4521 4495 4520
f 4520 4495 4497
f 4522 4490 4521
f 4521 4490 4495
f 4491 4523 4488
f 4488 4523 4524
f 4525 4489 4524
f 4524 4489 4488
f 4484 4526 4485
f 4485 4526 4527
f 4503 4528 4500
f 4500 4528 4529
f 4530 4531 4533
f 4533 4531 4532
f 4535 4506 4534
f 4534 4506 4530
f 4486 4536 4487
f 4487 4536 4537
f 4487 4537 4492
f 4492 4537 4538
f 4494 4539 4496
f 4496 4539 4540
f 4542 4533 4541
f 4541 4533 4499
f 4544 4545 4543
f 4543 4545 4546
f 4548 4549 4547
f 4547 4549 4550
f 4536 4551 4537
f 4537 4551 4552
f 4537 4552 4538
f 4538 4552 4553
f 4554 4539 4556
f 4556 4539 4555
f 4557 4540 4554
f 4554 4540 4539
f 4559 4557 4558
f 4558 4557 4560
f 4540 4557 4541
f 4541 4557 4559
f 4562 4563 4561
f 4561 4563 4564
f 4546 4565 4543
f 4543 4565 4566
f 4547 4567 4548
f 4548 4567 4568
f 4570 4571 4569
f 4569 4571 4572
f 4574 4575 4573
f 4573 4575 4576
f 4578 4579 4577
f 4577 4579 4580
f 4582 4583 4581
f 4581 4583 4584
f 4585 4586 4588
f 4588 4586 4587
f 4589 4585 4590
f 4590 4585 4588
f 4592 4593 4591
f 4591 4593 4594
f 4596 4597 4595
f 4595 4597 4598
f 4600 4601 4599
f 4599 4601 4602
f 4563 4604 4603
f 4603 4604 4605
f 4603 4606 4608
f 4608 4606 4607
f 4609 4610 4594
f 4594 4610 4591
f 4611 4612 4614
f 4614 4612 4613
f 4616 4617 4615
f 4615 4617 4618
f 4602 4620 4619
f 4619 4620 4621
f 4619 4622 4602
f 4602 4622 4599
f 4605 4599 4623
f 4623 4599 4622
f 4605 4623 4603
f 4603 4623 4606
f 4625 4626 4624
f 4624 4626 4627
f 4438 4437 4628
f 4628 4437 4629
f 4442 4441 4630
f 4630 4441 4631
f 4630 4632 4442
f 4442 4632 4514
f 4633 4634 4529
f 4529 4634 4500
f 4500 4634 4501
f 4501 4634 4635
f 4637 4546 4636
f 4636 4546 4545
f 4639 4565 4638
f 4638 4565 4640
f 4573 4576 4641
f 4641 4576 4642
f 4593 4643 4594
f 4594 4643 4644
f 4645 4609 4644
f 4644 4609 4594
f 4647 4648 4646
f 4646 4648 4649
f 4651 4652 4650
f 4650 4652 4653
f 4654 4498 4519
f 4519 4498 4532
f 4520 4508 4521
f 4521 4508 4511
f 4522 4510 4523
f 4523 4510 4655
f 4524 4656 4525
f 4525 4656 4657
f 4514 4529 4515
f 4515 4529 4528
f 4658 4659 4661
f 4661 4659 4660
f 4496 4540 4499
f 4499 4540 4541
f 4493 4555 4494
f 4494 4555 4539
f 4549 4483 4550
f 4550 4483 4482
f 4545 4544 4501
f 4501 4544 4502
f 4636 4545 4635
f 4635 4545 4501
f 4589 4663 4662
f 4662 4663 4664
f 4662 4665 4558
f 4558 4665 4559
f 4569 4586 4570
f 4570 4586 4560
f 4552 4666 4553
f 4553 4666 4667
f 4668 4669 4670
f 4670 4669 4666
f 4672 4673 4671
f 4671 4673 4674
f 4287 4675 4288
f 4288 4675 4676
f 4678 4679 4677
f 4677 4679 4680
f 4681 4678 4682
f 4682 4678 4677
f 4682 4683 4681
f 4681 4683 4684
f 4161 4164 4685
f 4685 4164 4686
f 4414 4687 4689
f 4689 4687 4688
f 4405 4690 4346
f 4346 4690 4347
f 4691 4399 4693
f 4693 4399 4692
f 1209 4694 4365
f 4365 4694 4366
f 4650 1211 4651
f 4651 1211 1210
f 4695 4696 4255
f 4255 4696 4256
f 4697 4698 4218
f 4218 4698 4215
f 4700 4701 4699
f 4699 4701 4702
f 4703 4704 4303
f 4303 4704 4300
f 4315 3922 4316
f 4316 3922 3945
f 4653 4706 4705
f 4705 4706 4707
f 4709 4710 4708
f 4708 4710 4711
f 4335 4334 4713
f 4713 4334 4712
f 4714 4340 4321
f 4321 4340 4322
f 4716 4717 4715
f 4715 4717 4718
f 4238 4241 4719
f 4719 4241 4720
f 4231 4721 4307
f 4307 4721 4308
f 4723 4724 4722
f 4722 4724 4725
f 4727 4728 4726
f 4726 4728 4729
f 4730 4731 4327
f 4327 4731 4328
f 4733 4734 4732
f 4732 4734 4735
f 4720 4381 4736
f 4736 4381 4737
f 4738 4739 4741
f 4741 4739 4740
f 4743 4744 4742
f 4742 4744 4745
f 4338 4390 4339
f 4339 4390 4431
f 4746 4747 4431
f 4431 4747 4339
f 4291 4332 4289
f 4289 4332 4317
f 4289 4209 4291
f 4291 4209 4286
f 4287 4286 4210
f 4210 4286 4209
f 4749 4750 4748
f 4748 4750 4751
f 4212 4284 4752
f 4752 4284 4753
f 4752 4754 4212
f 4212 4754 4213
f 4252 4251 4225
f 4225 4251 4226
f 4227 4230 4248
f 4248 4230 4249
f 4205 4755 4757
f 4757 4755 4756
f 4708 4711 4758
f 4758 4711 4647
f 4367 4366 4759
f 4759 4366 4760
f 4526 4513 4527
f 4527 4513 4512
f 4420 4423 4385
f 4385 4423 4386
f 4705 4761 4653
f 4653 4761 4650
f 4761 1279 4650
f 4650 1279 1211
f 4762 4763 3944
f 3944 4763 3936
f 4274 4273 4765
f 4765 4273 4764
f 4767 4768 4766
f 4766 4768 4769
f 4770 4771 4769
f 4769 4771 4766
f 4771 4770 4242
f 4242 4770 4243
f 4093 4163 4094
f 4094 4163 4162
f 4772 4773 4775
f 4775 4773 4774
f 4777 4778 4776
f 4776 4778 4779
f 4417 4185 4182
f 4182 4185 4184
f 4780 4078 4781
f 4781 4078 4077
f 4781 4077 4782
f 4782 4077 4189
f 4188 4783 4189
f 4189 4783 4782
f 4295 4232 4307
f 4307 4232 4231
f 4785 4786 4784
f 4784 4786 4787
f 4784 1307 4785
f 4785 1307 1306
f 4078 4780 4096
f 4096 4780 4097
f 4075 4074 4310
f 4310 4074 4788
f 4788 4074 4789
f 4789 4074 4191
f 4789 4191 4059
f 4059 4191 4790
f 4791 4277 4792
f 4792 4277 4278
f 3732 3735 4793
f 4793 3735 4313
f 4793 4794 3732
f 3732 4794 3731
f 4792 4795 4791
f 4791 4795 4796
f 4797 4798 4799
f 4799 4798 4724
f 4763 4800 3936
f 3936 4800 3935
f 4801 4062 3729
f 3729 4062 3730
f 4713 4712 4802
f 4802 4712 4803
f 4146 4804 4119
f 4119 4804 4805
f 4498 4654 4497
f 4497 4654 4520
f 4806 4807 1326
f 1326 4807 1327
f 4689 4688 1330
f 1330 4688 1331
f 4801 4789 4062
f 4062 4789 4059
f 3730 4062 4808
f 4808 4062 4061
f 4810 4811 4809
f 4809 4811 4812
f 4813 4403 4814
f 4814 4403 4345
f 4815 4816 4349
f 4349 4816 4350
f 4817 4818 4820
f 4820 4818 4819
f 4406 4821 4407
f 4407 4821 4822
f 4823 4161 4824
f 4824 4161 4685
f 4181 4414 4825
f 4825 4414 4689
f 4741 4740 4826
f 4826 4740 4827
f 4828 4829 4827
f 4827 4829 4826
f 4142 4141 4415
f 4415 4141 4148
f 4830 1354 4761
f 4761 1354 1279
f 4832 4833 4831
f 4831 4833 4834
f 4835 4836 4626
f 4626 4836 4421
f 4451 4709 4395
f 4395 4709 4708
f 4627 4420 4837
f 4837 4420 4385
f 4837 1365 4838
f 4838 1365 1364
f 4397 4396 4839
f 4839 4396 4840
f 4842 4628 4841
f 4841 4628 4629
f 4671 4674 4631
f 4631 4674 4630
f 4674 4659 4630
f 4630 4659 4632
f 4633 4632 4658
f 4658 4632 4659
f 4658 4504 4633
f 4633 4504 4634
f 4635 4634 4507
f 4507 4634 4504
f 4843 4636 4507
f 4507 4636 4635
f 4844 4637 4843
f 4843 4637 4636
f 4637 4844 4640
f 4640 4844 4664
f 4638 4663 4642
f 4642 4663 4845
f 4847 4643 4846
f 4846 4643 4641
f 4644 4848 4645
f 4645 4848 4849
f 4851 4852 4850
f 4850 4852 4853
f 4855 4856 4854
f 4854 4856 4857
f 4859 4860 4858
f 4858 4860 4857
f 4715 4718 4859
f 4859 4718 4860
f 4862 4863 4861
f 4861 4863 4864
f 4866 4867 4865
f 4865 4867 4868
f 4870 4871 4869
f 4869 4871 4872
f 4869 4872 4116
f 4116 4872 4117
f 4820 4819 4874
f 4874 4819 4873
f 4876 4877 4875
f 4875 4877 4878
f 4880 4881 4879
f 4879 4881 4882
f 4884 4885 4883
f 4883 4885 4886
f 4887 4888 4280
f 4280 4888 4281
f 4818 4817 4889
f 4889 4817 4890
f 4891 4193 4823
f 4823 4193 4192
f 4892 4893 4228
f 4228 4893 4229
f 4158 4157 4894
f 4894 4157 4895
f 4896 4897 4132
f 4132 4897 4133
f 4099 4683 4100
f 4100 4683 4682
f 4101 4100 4899
f 4899 4100 4898
f 4150 4106 4147
f 4147 4106 4900
f 4100 4682 4898
f 4898 4682 4677
f 4080 4082 4187
f 4187 4082 4184
f 4077 4080 4189
f 4189 4080 4187
f 4191 4190 4790
f 4790 4190 4901
f 4177 4158 4680
f 4680 4158 4894
f 4108 4136 4752
f 4752 4136 4754
f 4752 4753 4108
f 4108 4753 4109
f 4817 4902 4890
f 4890 4902 4903
f 4904 4905 4907
f 4907 4905 4906
f 4909 4910 4908
f 4908 4910 4911
f 4913 4914 4912
f 4912 4914 4915
f 4916 4917 4919
f 4919 4917 4918
f 4312 4424 4299
f 4299 4424 4304
f 4920 4921 4297
f 4297 4921 4298
f 4194 4922 4167
f 4167 4922 4923
f 4924 4400 4691
f 4691 4400 4399
f 4395 4708 4396
f 4396 4708 4758
f 4367 4925 4368
f 4368 4925 4926
f 4919 4918 4873
f 4873 4918 4874
f 4836 4927 4421
f 4421 4927 4422
f 4921 4928 4298
f 4298 4928 4311
f 4143 4146 4122
f 4122 4146 4119
f 4929 4930 4455
f 4455 4930 4452
f 4932 4933 4931
f 4931 4933 4934
f 4935 4936 4932
f 4932 4936 4933
f 4461 4460 4457
f 4457 4460 4458
f 4480 4479 4475
f 4475 4479 4476
f 4660 4673 4517
f 4517 4673 4937
f 4661 4505 4658
f 4658 4505 4504
f 4484 4483 4489
f 4489 4483 4486
f 4462 4509 4463
f 4463 4509 4518
f 4469 4511 4466
f 4466 4511 4508
f 4655 4473 4656
f 4656 4473 4477
f 4476 4657 4477
f 4477 4657 4656
f 4479 4513 4476
f 4476 4513 4657
f 4489 4525 4484
f 4484 4525 4526
f 4483 4549 4486
f 4486 4549 4536
f 4549 4548 4536
f 4536 4548 4551
f 4548 4568 4551
f 4551 4568 4670
f 4663 4589 4845
f 4845 4589 4590
f 4668 4577 4938
f 4938 4577 4580
f 4940 4938 4939
f 4939 4938 4941
f 4940 4942 4669
f 4669 4942 4943
f 4587 4582 4944
f 4944 4582 4581
f 4848 4847 4608
f 4608 4847 4564
f 4616 4945 4613
f 4613 4945 4598
f 4615 4946 4616
f 4616 4946 4945
f 4947 4939 4948
f 4948 4939 4946
f 4599 4605 4600
f 4600 4605 4604
f 4608 4607 4848
f 4848 4607 4849
f 4613 4612 4616
f 4616 4612 4617
f 4835 4949 4709
f 4709 4949 4710
f 4357 1477 4837
f 4837 1477 1365
f 4712 4950 4803
f 4803 4950 4951
f 4401 4952 4402
f 4402 4952 4953
f 4759 4760 4402
f 4402 4760 4399
f 4508 4520 4509
f 4509 4520 4654
f 4510 4522 4511
f 4511 4522 4521
f 4513 4526 4657
f 4657 4526 4525
f 4632 4633 4514
f 4514 4633 4529
f 4931 4934 4453
f 4453 4934 4454
f 4153 4954 4154
f 4154 4954 4955
f 4957 4958 4956
f 4956 4958 4959
f 4961 4962 4960
f 4960 4962 4963
f 4120 4964 4210
f 4210 4964 4965
f 4967 4968 4966
f 4966 4968 4969
f 4349 4692 4815
f 4815 4692 4970
f 4652 4971 4653
f 4653 4971 4706
f 4758 4647 4972
f 4972 4647 4646
f 4973 4363 4646
f 4646 4363 4972
f 4950 4360 4974
f 4974 4360 4364
f 4431 4335 4746
f 4746 4335 4713
f 4358 4714 4325
f 4325 4714 4321
f 4765 4764 4266
f 4266 4764 4975
f 4202 4976 4203
f 4203 4976 4977
f 4917 4978 4918
f 4918 4978 4979
f 4279 4282 4854
f 4854 4282 4269
f 4820 4880 4817
f 4817 4880 4902
f 4890 4903 4980
f 4980 4903 4886
f 4982 4983 4981
f 4981 4983 4123
f 4795 4851 4796
f 4796 4851 4850
f 4918 4979 4874
f 4874 4979 4881
f 4809 4404 4810
f 4810 4404 4403
f 4354 4985 4984
f 4984 4985 4986
f 1364 1516 4838
f 4838 1516 4987
f 4759 4988 4367
f 4367 4988 4925
f 4989 4990 4481
f 4481 4990 4478
f 4443 4515 4990
f 4990 4515 4991
f 4527 4512 4992
f 4992 4512 4991
f 4528 4503 4992
f 4992 4503 4993
f 4993 4994 4485
f 4485 4994 4482
f 4544 4995 4502
f 4502 4995 4994
f 4995 4996 4550
f 4550 4996 4547
f 4998 4999 4997
f 4997 4999 4566
f 4998 5000 4578
f 4578 5000 4579
f 5001 5002 4596
f 4596 5002 4597
f 5003 4591 5004
f 5004 4591 4610
f 4626 4421 4627
f 4627 4421 4420
f 4837 4838 4627
f 4627 4838 4624
f 4761 4705 4830
f 4830 4705 5005
f 4705 4707 5005
f 5005 4707 5006
f 4308 4721 4075
f 4075 4721 4076
f 5007 4200 4797
f 4797 4200 4798
f 4685 4686 5008
f 5008 4686 5009
f 4889 4890 5010
f 5010 4890 4980
f 4323 1541 4324
f 4324 1541 1540
f 4385 4384 4358
f 4358 4384 4714
f 4396 4758 4840
f 4840 4758 4972
f 4866 4852 5011
f 5011 4852 5012
f 5013 4260 4980
f 4980 4260 5010
f 4875 4878 5014
f 5014 4878 5015
f 5017 5018 5016
f 5016 5018 5019
f 5016 5019 5020
f 5020 5019 5021
f 5023 5024 5022
f 5022 5024 5025
f 5027 5028 5026
f 5026 5028 5029
f 5031 5032 5030
f 5030 5032 5033
f 5035 5036 5034
f 5034 5036 5037
f 5039 5040 5038
f 5038 5040 5041
f 5043 5044 5042
f 5042 5044 5045
f 5038 5046 5039
f 5039 5046 5047
f 5049 5050 5048
f 5048 5050 5051
f 5053 5054 5052
f 5052 5054 5055
f 5057 5024 5056
f 5056 5024 5058
f 5060 5061 5059
f 5059 5061 5062
f 5064 5065 5063
f 5063 5065 5066
f 5043 5050 5064
f 5064 5050 5065
f 5038 5041 5067
f 5067 5041 5068
f 5070 5071 5069
f 5069 5071 5072
f 5074 5075 5073
f 5073 5075 5076
f 5034 5077 5035
f 5035 5077 5078
f 5080 5081 5079
f 5079 5081 5082
f 5084 5085 5083
f 5083 5085 5086
f 5085 5084 5087
f 5087 5084 5088
f 5090 5091 5089
f 5089 5091 5092
f 5094 5095 5093
f 5093 5095 5096
f 5098 5099 5097
f 5097 5099 5100
f 5102 5103 5101
f 5101 5103 5104
f 5105 5106 5108
f 5108 5106 5107
f 5110 5111 5109
f 5109 5111 5112
f 5114 5094 5113
f 5113 5094 5093
f 5116 5117 5115
f 5115 5117 5118
f 5120 5121 5119
f 5119 5121 5122
f 5124 5125 5123
f 5123 5125 5126
f 5128 5129 5127
f 5127 5129 5130
f 5097 5131 5098
f 5098 5131 5132
f 5134 5135 5133
f 5133 5135 5122
f 5084 5125 5088
f 5088 5125 5136
f 5138 5139 5137
f 5137 5139 5140
f 5142 5102 5141
f 5141 5102 5101
f 5106 5143 5107
f 5107 5143 5144
f 5146 5147 5145
f 5145 5147 5148
f 5149 5150 5109
f 5109 5150 5110
f 5151 5110 5152
f 5152 5110 5150
f 4715 5140 4716
f 4716 5140 5139
f 5143 4870 5144
f 5144 4870 4869
f 4115 5146 4116
f 4116 5146 5145
f 4791 4796 5149
f 5149 4796 5150
f 4796 4850 5150
f 5150 4850 5152
f 4858 5142 4859
f 4859 5142 5141
f 5153 5154 5115
f 5115 5154 5105
f 5156 5157 5155
f 5155 5157 5158
f 5159 5160 5053
f 5053 5160 5054
f 5161 5162 5020
f 5020 5162 5068
f 5026 5029 5163
f 5163 5029 5021
f 5083 5086 5164
f 5164 5086 5165
f 5090 5167 5166
f 5166 5167 5168
f 5169 5170 5172
f 5172 5170 5171
f 5174 5175 5173
f 5173 5175 5176
f 5177 5109 5178
f 5178 5109 5112
f 5179 5180 5182
f 5182 5180 5181
f 5123 5126 5120
f 5120 5126 5121
f 5180 5167 5181
f 5181 5167 5183
f 5184 5185 5179
f 5179 5185 5180
f 5186 5149 5177
f 5177 5149 5109
f 4868 5184 4865
f 4865 5184 5179
f 5188 5189 5187
f 5187 5189 5190
f 4277 4791 5186
f 5186 4791 5149
f 5179 5182 4865
f 4865 5182 4853
f 5189 4862 5190
f 5190 4862 4861
f 5156 5075 5191
f 5191 5075 5192
f 5036 5035 5193
f 5193 5035 5194
f 5115 5118 5153
f 5153 5118 5195
f 5022 5025 5196
f 5196 5025 5197
f 5155 5158 5069
f 5069 5158 5062
f 5063 5066 5198
f 5198 5066 5199
f 5073 5076 5200
f 5200 5076 5072
f 5202 5131 5201
f 5201 5131 5203
f 5143 5106 5204
f 5204 5106 5205
f 5114 5113 5206
f 5206 5113 5127
f 5098 5132 5193
f 5193 5132 5195
f 5204 5207 5143
f 5143 5207 4870
f 5088 5136 5208
f 5208 5136 5092
f 5209 5210 5089
f 5089 5210 5183
f 5211 5018 5060
f 5060 5018 5061
f 5017 5040 5070
f 5070 5040 5071
f 5191 5160 5156
f 5156 5160 5157
f 5048 5028 5049
f 5049 5028 5058
f 5207 5204 4858
f 4858 5204 5142
f 4859 5141 4715
f 4715 5141 5140
f 5212 5162 5042
f 5042 5162 5051
f 5182 5152 4853
f 4853 5152 4850
f 5214 5134 5213
f 5213 5134 5133
f 5164 5165 5133
f 5133 5165 5213
f 5215 5216 5201
f 5201 5216 5217
f 5147 5218 5148
f 5148 5218 5219
f 5147 5177 5218
f 5218 5177 5178
f 5141 5101 5140
f 5140 5101 5137
f 5201 5217 5202
f 5202 5217 5104
f 5146 5186 5147
f 5147 5186 5177
f 4277 5186 4115
f 4115 5186 5146
f 5191 5192 5031
f 5031 5192 5032
f 5052 5055 5220
f 5220 5055 5197
f 4116 5145 4869
f 4869 5145 5144
f 5034 5037 5214
f 5214 5037 5134
f 5097 5100 5114
f 5114 5100 5094
f 5108 5107 5219
f 5219 5107 5148
f 5221 5135 5116
f 5116 5135 5117
f 5124 5111 5209
f 5209 5111 5210
f 5107 5144 5148
f 5148 5144 5145
f 5152 5182 5151
f 5151 5182 5181
f 5208 5222 5088
f 5088 5222 5087
f 5222 5208 5171
f 5171 5208 5172
f 5223 1756 4698
f 4698 1756 1755
f 4427 5224 4107
f 4107 5224 4135
f 4178 4679 5225
f 5225 4679 5226
f 5227 5228 4892
f 4892 5228 4893
f 5229 5230 4171
f 4171 5230 4172
f 4855 4268 4884
f 4884 4268 4885
f 4884 4871 4855
f 4855 4871 4856
f 4684 5231 4896
f 4896 5231 4897
f 4768 4767 5009
f 5009 4767 5008
f 5205 5154 5102
f 5102 5154 5103
f 5099 5098 5194
f 5194 5098 5193
f 5198 5199 5079
f 5079 5199 5033
f 5102 5142 5205
f 5205 5142 5204
f 5224 4427 4681
f 4681 4427 4678
f 3712 3711 5232
f 5232 3711 5233
f 3968 3988 3963
f 3963 3988 3964
f 3976 4044 3972
f 3972 4044 3985
f 4038 4037 4036
f 4036 4037 4033
f 4794 4762 3731
f 3731 4762 3944
f 3731 3944 3722
f 3722 3944 3810
f 3874 5234 5232
f 5232 5234 3712
f 3906 3905 3867
f 3867 3905 4011
f 3904 4023 3905
f 3905 4023 4011
f 3719 3722 3811
f 3811 3722 3810
f 3812 3719 3687
f 3687 3719 3811
f 3716 3812 3686
f 3686 3812 3687
f 3713 3716 3685
f 3685 3716 3686
f 4810 4403 5235
f 5235 4403 4813
f 4345 1770 4814
f 4814 1770 1769
f 4067 4066 4058
f 4058 4066 5236
f 4043 4068 4049
f 4049 4068 4050
f 4034 5237 3989
f 3989 5237 3990
f 4031 4030 4072
f 4072 4030 4005
f 4003 4004 4002
f 4002 4004 4032
f 4004 4005 4032
f 4032 4005 4030
f 4067 4064 4068
f 4068 4064 4050
f 4058 4057 4067
f 4067 4057 4064
f 4035 4034 5238
f 5238 4034 3989
f 5236 5239 4058
f 4058 5239 5240
f 5234 3874 5241
f 5241 3874 3873
f 5241 3873 3881
f 3881 3873 3878
f 4800 4763 4788
f 4788 4763 4310
f 4763 4762 4310
f 4310 4762 4309
f 4762 4794 4309
f 4309 4794 4306
f 4794 4793 4306
f 4306 4793 4292
f 4293 4313 4302
f 4302 4313 4314
f 4302 4314 4303
f 4303 4314 4315
f 4303 4315 4703
f 4703 4315 4316
f 4035 4069 4043
f 4043 4069 4068
f 4324 1540 4357
f 4357 1540 1477
f 5232 3987 3874
f 3874 3987 3871
f 3987 5232 4013
f 4013 5232 5233
f 4013 5233 4014
f 4014 5233 5242
f 3888 4015 3865
f 3865 4015 4007
f 3866 4008 5243
f 5243 4008 4016
f 3873 5244 3878
f 3878 5244 3875
f 3965 5244 3872
f 3872 5244 3873
f 3876 3875 3965
f 3965 3875 5244
f 5243 4016 5242
f 5242 4016 4014
f 5246 5247 5245
f 5245 5247 5248
f 3576 3950 3577
f 3577 3950 3926
f 3584 3842 3585
f 3585 3842 3580
f 5249 5247 1784
f 1784 5247 1785
f 5250 5251 5253
f 5253 5251 5252
f 5255 5252 5254
f 5254 5252 5256
f 5254 5256 5258
f 5258 5256 5257
f 5258 5257 5260
f 5260 5257 5259
f 4356 5261 4424
f 4424 5261 5259
f 4355 5262 4356
f 4356 5262 5261
f 4924 5264 5263
f 5263 5264 5265
f 4693 5266 4691
f 4691 5266 5267
f 4351 5268 4352
f 4352 5268 5269
f 1808 1807 4351
f 4351 1807 5268
f 3580 3842 3581
f 3799 3802 3838
f 4800 4788 4801
f 4801 4788 4789
f 3729 3935 4801
f 4801 3935 4800
f 3728 3666 3729
f 3729 3666 3935
f 3728 3798 3666
f 3666 3798 3663
f 3798 3818 3663
f 3663 3818 3809
f 3818 3817 3809
f 3809 3817 3808
f 3796 3655 3817
f 3817 3655 3808
f 3615 3568 3796
f 3796 3568 3655
f 3573 3569 3615
f 3615 3569 3568
f 3572 3613 3573
f 3573 3613 3569
f 3792 3606 3572
f 3572 3606 3613
f 3607 3791 3949
f 3949 3791 3591
f 3590 3950 3591
f 3591 3950 3949
f 3805 3926 3590
f 3590 3926 3950
f 3804 3559 3805
f 3805 3559 3926
f 3804 3914 3559
f 3559 3914 3560
f 3924 3789 3913
f 3913 3789 3788
f 3924 3928 3789
f 3789 3928 3826
f 3928 3927 3826
f 3826 3927 3827
f 3927 3834 3827
f 3827 3834 3835
f 4079 4078 5270
f 5270 4078 5007
f 5271 5272 4233
f 4233 5272 5273
f 5275 5276 5274
f 5274 5276 5277
f 5278 5279 4236
f 4236 5279 4237
f 5278 5280 5271
f 5271 5280 5272
f 4235 5281 4236
f 4236 5281 5282
f 5284 5285 5283
f 5283 5285 5286
f 5288 5289 5287
f 5287 5289 5290
f 5292 5293 5291
f 5291 5293 5294
f 5287 5290 4726
f 4726 5290 5295
f 4293 4292 4313
f 4313 4292 4793
f 4720 4736 4719
f 4719 4736 5296
f 5297 4909 5298
f 5298 4909 4908
f 5299 5300 4976
f 4976 5300 5301
f 5302 4202 5303
f 5303 4202 4201
f 5304 5305 4983
f 4983 5305 5306
f 5308 5309 5307
f 5307 5309 5310
f 4722 4725 5283
f 5283 4725 5311
f 5291 5294 4125
f 4125 5294 4126
f 5313 5314 5312
f 5312 5314 5315
f 5316 5317 5319
f 5319 5317 5318
f 5321 5308 5320
f 5320 5308 5307
f 4819 4981 4873
f 4873 4981 5322
f 4981 4123 5322
f 5322 4123 4126
f 5324 5325 5323
f 5323 5325 5326
f 4764 5327 4975
f 4975 5327 5328
f 4172 5327 4169
f 4169 5327 5329
f 4768 4171 4769
f 4769 4171 4170
f 4243 4755 4244
f 4244 4755 5330
f 4755 4205 5330
f 5330 4205 4208
f 4206 4906 4207
f 4207 4906 4905
f 4686 5014 5009
f 5009 5014 5229
f 4756 4770 4170
f 4170 4770 4769
f 4170 4169 4756
f 4756 4169 4757
f 4273 5329 4764
f 4764 5329 5327
f 4276 5331 4273
f 4273 5331 5329
f 4770 4756 4243
f 4243 4756 4755
f 5333 4889 5332
f 5332 4889 5010
f 4877 5332 4878
f 4878 5332 4259
f 4875 4164 4876
f 4876 4164 4163
f 5334 5335 5324
f 5324 5335 5325
f 4983 5306 4123
f 4123 5306 4124
f 4818 4982 4819
f 4819 4982 4981
f 5332 5010 4259
f 4259 5010 4260
f 5014 4686 4875
f 4875 4686 4164
f 4171 4768 5229
f 5229 4768 5009
f 5337 4916 5336
f 5336 4916 4919
f 5293 5337 5294
f 5294 5337 5336
f 4982 4818 5333
f 5333 4818 4889
f 5338 5339 4262
f 4262 5339 5340
f 5307 5310 5338
f 5338 5310 5339
f 5341 5342 4204
f 4204 5342 5309
f 5336 4919 5322
f 5322 4919 4873
f 5294 5336 4126
f 4126 5336 5322
f 5323 5326 5343
f 5343 5326 5286
f 4914 5344 4915
f 4915 5344 5345
f 5312 5315 5344
f 5344 5315 5345
f 5347 5348 5346
f 5346 5348 5349
f 5350 5351 4832
f 4832 5351 4833
f 5352 5353 5349
f 5349 5353 5346
f 5354 5338 4265
f 4265 5338 4262
f 5320 5307 5354
f 5354 5307 5338
f 4201 5308 5303
f 5303 5308 5321
f 5356 5357 5355
f 5355 5357 4799
f 5358 5359 5334
f 5334 5359 5335
f 5358 5360 4093
f 4093 5360 4163
f 5360 5305 4163
f 4163 5305 4876
f 5305 5304 4876
f 4876 5304 4877
f 5270 4778 4079
f 4079 4778 4081
f 4779 5361 4774
f 4774 5361 5357
f 5356 5359 4775
f 4775 5359 4092
f 5333 5304 4982
f 4982 5304 4983
f 5332 4877 5333
f 5333 4877 5304
f 5015 4258 5230
f 5230 4258 5328
f 5327 4172 5328
f 5328 4172 5230
f 4169 5329 4757
f 4757 5329 5331
f 4757 5331 4205
f 4205 5331 4206
f 5331 4276 4206
f 4206 4276 4906
f 4276 4275 4906
f 4906 4275 4907
f 4275 4888 4907
f 4907 4888 4744
f 4887 4717 4745
f 4745 4717 4864
f 4716 5139 4861
f 4861 5139 5190
f 5139 5138 5190
f 5190 5138 5187
f 5138 5216 5187
f 5187 5216 5176
f 5215 5362 5173
f 5173 5362 5130
f 5364 5365 5363
f 5363 5365 5340
f 4742 4863 5366
f 5366 4863 4867
f 4862 5189 4868
f 4868 5189 5184
f 5189 5188 5184
f 5184 5188 5185
f 5188 5175 5185
f 5185 5175 5168
f 3560 3788 3561
f 3561 3788 3790
f 3596 3595 3608
f 3608 3595 3594
f 3598 3582 3595
f 3595 3582 3592
f 3600 3609 3601
f 3601 3609 3611
f 3602 3601 3612
f 3612 3601 3611
f 3606 3605 3613
f 3613 3605 3614
f 3793 5367 3794
f 3794 5367 5368
f 3598 3597 3600
f 3600 3597 3609
f 3793 3792 3575
f 3575 3792 3572
f 3561 3594 3558
f 3558 3594 3593
f 3807 3915 3804
f 3804 3915 3914
f 3916 3915 5370
f 5370 3915 5369
f 3602 3605 3603
f 3603 3605 3604
f 3606 3792 3607
f 3607 3792 3791
f 3914 3913 3560
f 3560 3913 3788
f 5174 5129 5166
f 5166 5129 5371
f 5170 5169 5093
f 5093 5169 5113
f 5166 5371 5090
f 5090 5371 5091
f 5128 5169 5372
f 5372 5169 5172
f 5127 5113 5128
f 5128 5113 5169
f 5114 5206 5203
f 5203 5206 5362
f 5200 5373 5073
f 5073 5373 5096
f 5374 5375 5200
f 5200 5375 5373
f 5039 5047 5374
f 5374 5047 5375
f 5087 5046 5085
f 5085 5046 5376
f 5212 5377 5067
f 5067 5377 5376
f 5042 5045 5212
f 5212 5045 5377
f 5064 5378 5043
f 5043 5378 5044
f 5063 5077 5064
f 5064 5077 5378
f 5079 5082 5198
f 5198 5082 5078
f 5099 5081 5100
f 5100 5081 5379
f 5100 5379 5094
f 5094 5379 5095
f 5381 5382 5380
f 5380 5382 5383
f 5385 5386 5384
f 5384 5386 5383
f 5385 5387 5386
f 5386 5387 5388
f 5390 5391 5389
f 5389 5391 5392
f 5393 5394 5396
f 5396 5394 5395
f 5398 5399 5397
f 5397 5399 5400
f 5402 5403 5401
f 5401 5403 5404
f 5406 5407 5405
f 5405 5407 5404
f 5408 5409 5163
f 5163 5409 5410
f 5411 5412 5414
f 5414 5412 5413
f 5057 5416 5415
f 5415 5416 5417
f 5393 5416 5418
f 5418 5416 5419
f 5396 5395 5420
f 5420 5395 5421
f 5423 5424 5422
f 5422 5424 5425
f 5415 5417 5220
f 5220 5417 5426
f 5418 5391 5393
f 5393 5391 5394
f 5414 5388 5411
f 5411 5388 5392
f 5059 5427 5060
f 5060 5427 5428
f 5423 5427 5429
f 5429 5427 5430
f 5432 5382 5431
f 5431 5382 5425
f 5429 5407 5423
f 5423 5407 5424
f 5380 5409 5381
f 5381 5409 5433
f 5381 5433 5422
f 5422 5433 5428
f 5027 5412 5056
f 5056 5412 5419
f 5435 5436 5434
f 5434 5436 5437
f 5159 5439 5438
f 5438 5439 5440
f 5053 5436 5159
f 5159 5436 5439
f 5441 5403 5398
f 5398 5403 5399
f 5163 5410 5026
f 5026 5410 5413
f 5438 5440 5442
f 5442 5440 5430
f 5444 5445 5443
f 5443 5445 5446
f 5447 5448 5450
f 5450 5448 5449
f 5451 5446 5452
f 5452 5446 5445
f 5454 5455 5453
f 5453 5455 5451
f 5456 5454 5458
f 5458 5454 5457
f 5460 5461 5459
f 5459 5461 5462
f 5464 5465 5463
f 5463 5465 5466
f 5468 5469 5467
f 5467 5469 5470
f 5472 5473 5471
f 5471 5473 5474
f 5475 5476 5478
f 5478 5476 5477
f 5479 5480 5482
f 5482 5480 5481
f 5483 5484 5448
f 5448 5484 5485
f 5448 5485 5449
f 5449 5485 5486
f 5487 5476 5488
f 5488 5476 5475
f 5490 5491 5489
f 5489 5491 5492
f 5494 5495 5493
f 5493 5495 5496
f 5498 5494 5497
f 5497 5494 5493
f 5500 5501 5499
f 5499 5501 5502
f 5503 5504 5446
f 5446 5504 5443
f 5506 5507 5505
f 5505 5507 5508
f 5510 5511 5509
f 5509 5511 5512
f 5514 5515 5513
f 5513 5515 5516
f 5518 5519 5517
f 5517 5519 5520
f 5495 5521 5496
f 5496 5521 5522
f 5524 5525 5523
f 5523 5525 5526
f 5527 5528 5494
f 5494 5528 5495
f 5499 5502 5529
f 5529 5502 5530
f 5531 5532 5485
f 5485 5532 5486
f 5485 5484 5531
f 5531 5484 5533
f 5482 5481 5534
f 5534 5481 5535
f 5536 5512 5506
f 5506 5512 5511
f 5455 5503 5451
f 5451 5503 5446
f 5467 5470 5511
f 5511 5470 5537
f 5538 5467 5510
f 5510 5467 5511
f 5540 5541 5539
f 5539 5541 5542
f 5543 5544 5546
f 5546 5544 5545
f 5548 5472 5547
f 5547 5472 5471
f 5493 5496 5549
f 5549 5496 5550
f 5496 5522 5550
f 5550 5522 5551
f 5553 5554 5552
f 5552 5554 5555
f 5557 5447 5556
f 5556 5447 5558
f 5557 5483 5447
f 5447 5483 5448
f 5478 5477 5553
f 5553 5477 5559
f 5477 5560 5559
f 5559 5560 5561
f 5476 5562 5477
f 5477 5562 5560
f 5476 5487 5562
f 5562 5487 5563
f 5560 5564 5561
f 5561 5564 5565
f 5564 5560 5566
f 5566 5560 5562
f 5563 5567 5562
f 5562 5567 5566
f 5569 5521 5568
f 5568 5521 5570
f 5481 5572 5571
f 5571 5572 5573
f 5574 5535 5571
f 5571 5535 5481
f 5576 5577 5575
f 5575 5577 5578
f 5579 5580 5456
f 5456 5580 5581
f 5475 5582 5488
f 5488 5582 5583
f 5584 5536 5505
f 5505 5536 5506
f 5585 5586 5588
f 5588 5586 5587
f 5590 5591 5589
f 5589 5591 5592
f 5519 5593 5520
f 5520 5593 5594
f 5595 5596 5462
f 5462 5596 5597
f 5599 5600 5598
f 5598 5600 5514
f 5602 5603 5601
f 5601 5603 5604
f 5524 5543 5525
f 5525 5543 5546
f 5543 5524 5606
f 5606 5524 5605
f 5607 5608 5500
f 5500 5608 5501
f 5610 5551 5609
f 5609 5551 5522
f 5611 5510 5598
f 5598 5510 5509
f 5612 5597 5457
f 5457 5597 5458
f 5510 5611 5538
f 5538 5611 5613
f 5580 5508 5581
f 5581 5508 5507
f 5615 5616 5614
f 5614 5616 5617
f 5619 5620 5618
f 5618 5620 5621
f 5623 5624 5622
f 5622 5624 5625
f 5627 5624 5626
f 5626 5624 5623
f 5629 5630 5628
f 5628 5630 5631
f 5633 5634 5632
f 5632 5634 5466
f 5635 5636 5463
f 5463 5636 5637
f 5523 5638 5524
f 5524 5638 5605
f 5639 5640 5641
f 5641 5640 5595
f 5611 5513 5613
f 5613 5513 5642
f 5643 5586 5608
f 5608 5586 5501
f 5622 5625 5590
f 5590 5625 5591
f 5598 5514 5611
f 5611 5514 5513
f 5645 5646 5644
f 5644 5646 5647
f 5620 5619 5491
f 5491 5619 5648
f 5649 5643 5492
f 5492 5643 5608
f 5650 5651 5653
f 5653 5651 5652
f 5463 5466 5635
f 5635 5466 5634
f 5597 5612 5462
f 5462 5612 5459
f 5635 5634 5523
f 5523 5634 5638
f 5654 5638 5633
f 5633 5638 5634
f 5655 5656 5525
f 5525 5656 5526
f 5658 5659 5657
f 5657 5659 5527
f 5660 5464 5637
f 5637 5464 5463
f 5632 5466 5661
f 5661 5466 5465
f 5661 5662 5632
f 5632 5662 5658
f 5662 5663 5658
f 5658 5663 5659
f 5665 5659 5664
f 5664 5659 5663
f 5632 5658 5633
f 5633 5658 5657
f 5666 5629 5530
f 5530 5629 5667
f 5528 5527 5665
f 5665 5527 5659
f 5668 5669 5570
f 5570 5669 5568
f 5669 5668 5670
f 5670 5668 5671
f 5646 5672 5673
f 5672 5674 5673
f 5673 5674 5675
f 5674 5460 5675
f 5675 5460 5459
f 5461 5676 5462
f 5462 5676 5595
f 5677 5678 5680
f 5680 5678 5679
f 5628 5681 5629
f 5629 5681 5667
f 5682 5529 5667
f 5667 5529 5530
f 5675 5459 5683
f 5683 5459 5612
f 5585 5666 5502
f 5502 5666 5530
f 5589 5684 5602
f 5602 5684 5603
f 5646 5645 5663
f 5663 5645 5664
f 5685 5647 5673
f 5673 5647 5646
f 5686 5687 5683
f 5683 5687 5685
f 5688 5689 5533
f 5533 5689 5531
f 5690 5691 5535
f 5535 5691 5534
f 5692 5690 5574
f 5574 5690 5535
f 5685 5687 5689
f 5689 5687 5693
f 5489 5694 5490
f 5490 5694 5695
f 5690 5692 5696
f 5696 5692 5697
f 5696 5644 5690
f 5690 5644 5691
f 5447 5450 5558
f 5558 5450 5698
f 5699 5700 5642
f 5642 5700 5613
f 5701 5702 5540
f 5540 5702 5541
f 5431 5703 5432
f 5432 5703 5697
f 5385 5384 5574
f 5574 5384 5692
f 5389 5387 5573
f 5573 5387 5571
f 5565 5390 5573
f 5573 5390 5389
f 5390 5565 5704
f 5704 5565 5564
f 5566 5705 5564
f 5564 5705 5704
f 5569 5441 5609
f 5609 5441 5398
f 5568 5405 5569
f 5569 5405 5441
f 5670 5706 5669
f 5669 5706 5406
f 5703 5431 5670
f 5670 5431 5706
f 5432 5697 5384
f 5384 5697 5692
f 5574 5571 5385
f 5385 5571 5387
f 5607 5707 5489
f 5489 5707 5694
f 5518 5708 5519
f 5519 5708 5709
f 5711 5576 5710
f 5710 5576 5575
f 5713 5714 5712
f 5712 5714 5715
f 5553 5552 5478
f 5478 5552 5716
f 5717 5475 5716
f 5716 5475 5478
f 5718 5719 5605
f 5605 5719 5606
f 5505 5622 5584
f 5584 5622 5590
f 5508 5623 5505
f 5505 5623 5622
f 5626 5623 5580
f 5580 5623 5508
f 5580 5579 5626
f 5626 5579 5720
f 5579 5721 5720
f 5720 5721 5722
f 5666 5585 5723
f 5723 5585 5588
f 5724 5725 5639
f 5639 5725 5640
f 5554 5726 5555
f 5555 5726 5727
f 5453 5728 5729
f 5689 5688 5685
f 5685 5688 5647
f 5604 5730 5512
f 5512 5730 5509
f 5628 5631 5618
f 5618 5631 5592
f 5601 5604 5536
f 5536 5604 5512
f 5732 5676 5731
f 5731 5676 5660
f 5730 5604 5733
f 5733 5604 5603
f 5563 5487 5551
f 5551 5487 5550
f 5489 5492 5607
f 5607 5492 5608
f 5573 5572 5565
f 5565 5572 5561
f 5609 5522 5569
f 5569 5522 5521
f 5499 5734 5500
f 5500 5734 5735
f 5596 5736 5721
f 5721 5736 5722
f 5737 5600 5594
f 5594 5600 5520
f 5599 5730 5517
f 5517 5730 5733
f 5660 5738 5731
f 5731 5738 5739
f 5648 5649 5491
f 5491 5649 5492
f 5501 5586 5502
f 5502 5586 5585
f 5525 5546 5655
f 5655 5546 5740
f 5600 5599 5520
f 5520 5599 5517
f 5708 5739 5709
f 5709 5739 5738
f 5636 5635 5526
f 5526 5635 5523
f 5670 5671 5703
f 5703 5671 5741
f 5490 5695 5742
f 5742 5695 5743
f 5682 5678 5744
f 5744 5678 5677
f 5678 5681 5679
f 5679 5681 5621
f 5742 5743 5679
f 5679 5743 5680
f 5618 5621 5628
f 5628 5621 5681
f 5725 5724 5589
f 5589 5724 5684
f 5456 5458 5579
f 5579 5458 5721
f 5675 5683 5673
f 5673 5683 5685
f 5529 5682 5745
f 5745 5682 5744
f 5721 5458 5596
f 5596 5458 5597
f 5701 5540 5719
f 5719 5540 5606
f 5703 5741 5697
f 5697 5741 5696
f 5500 5735 5607
f 5607 5735 5707
f 5549 5746 5493
f 5493 5746 5497
f 5700 5747 5613
f 5613 5747 5538
f 5420 5421 5434
f 5434 5421 5400
f 5689 5693 5531
f 5531 5693 5532
f 5705 5566 5748
f 5748 5566 5567
f 5609 5398 5610
f 5610 5398 5397
f 5669 5406 5568
f 5568 5406 5405
f 5488 5583 5549
f 5549 5583 5746
f 5714 5713 5710
f 5710 5713 5711
f 5747 5468 5538
f 5538 5468 5467
f 5548 5547 5749
f 5749 5547 5750
f 5733 5603 5751
f 5751 5603 5684
f 5589 5602 5590
f 5590 5602 5584
f 5636 5752 5614
f 5614 5752 5615
f 5753 5754 5738
f 5738 5754 5755
f 5602 5601 5584
f 5584 5601 5536
f 5723 5736 5630
f 5630 5736 5640
f 5595 5640 5596
f 5596 5640 5736
f 5734 5499 5745
f 5745 5499 5529
f 5627 5587 5643
f 5643 5587 5586
f 5553 5559 5554
f 5554 5559 5480
f 5559 5561 5480
f 5480 5561 5572
f 5554 5480 5726
f 5726 5480 5479
f 5749 5750 5715
f 5715 5750 5712
f 5683 5612 5686
f 5686 5612 5457
f 5678 5682 5681
f 5681 5682 5667
f 5598 5509 5599
f 5599 5509 5730
f 5679 5621 5742
f 5742 5621 5620
f 5652 5616 5653
f 5653 5616 5615
f 5220 5426 5052
f 5052 5426 5437
f 5487 5488 5550
f 5550 5488 5549
f 5742 5620 5490
f 5490 5620 5491
f 5551 5610 5563
f 5563 5610 5567
f 5610 5397 5567
f 5567 5397 5748
f 5614 5617 5753
f 5753 5617 5754
f 5480 5572 5481
f 5755 5756 5738
f 5738 5756 5709
f 5745 5744 5758
f 5758 5744 5757
f 5745 5758 5734
f 5734 5758 5759
f 5735 5734 5760
f 5760 5734 5759
f 5707 5735 5761
f 5761 5735 5760
f 5744 5677 5757
f 5757 5677 5762
f 5677 5680 5762
f 5762 5680 5763
f 5763 5680 5764
f 5764 5680 5743
f 5765 5766 5762
f 5762 5766 5757
f 5768 5769 5767
f 5767 5769 5770
f 5771 5772 5770
f 5770 5772 5767
f 5770 5769 5774
f 5774 5769 5773
f 5775 5776 5774
f 5774 5776 5777
f 5773 5778 5774
f 5774 5778 5775
f 5779 5766 5773
f 5773 5766 5778
f 5777 5771 5774
f 5774 5771 5770
f 5780 5781 5783
f 5783 5781 5782
f 5781 5780 5771
f 5771 5780 5772
f 5773 5769 5779
f 5779 5769 5768
f 5768 5759 5779
f 5779 5759 5758
f 5768 5784 5759
f 5759 5784 5760
f 5767 5785 5768
f 5768 5785 5784
f 5785 5767 5786
f 5786 5767 5772
f 5766 5779 5757
f 5757 5779 5758
f 5780 5787 5772
f 5772 5787 5786
f 5785 5786 5788
f 5788 5786 5789
f 5786 5787 5789
f 5789 5787 5790
f 5788 5789 5791
f 5791 5789 5792
f 5791 5793 5788
f 5788 5793 5794
f 5795 5792 5790
f 5790 5792 5789
f 5785 5788 5784
f 5784 5788 5794
f 5784 5794 5760
f 5760 5794 5761
f 5787 5780 5796
f 5796 5780 5783
f 5775 5778 5797
f 5797 5778 5766
f 5797 5798 5775
f 5775 5798 5776
f 5766 5765 5797
f 5797 5765 5799
f 5798 5797 5800
f 5800 5797 5799
f 5798 5801 5776
f 5776 5801 5802
f 5707 5761 5694
f 5694 5761 5803
f 5695 5804 5743
f 5743 5804 5764
f 5804 5695 5803
f 5803 5695 5694
f 5803 5793 5804
f 5804 5793 5805
f 5793 5791 5805
f 5805 5791 5806
f 5804 5805 5764
f 5764 5805 5807
f 5803 5761 5793
f 5793 5761 5794
f 5808 5763 5807
f 5807 5763 5764
f 5808 5765 5763
f 5763 5765 5762
f 5809 5799 5808
f 5808 5799 5765
f 5809 5808 5810
f 5810 5808 5807
f 5811 5809 5812
f 5812 5809 5810
f 5805 5806 5807
f 5807 5806 5810
f 5806 5813 5810
f 5810 5813 5812
f 5799 5809 5800
f 5800 5809 5811
f 5815 5800 5814
f 5814 5800 5811
f 5814 5817 5816
f 5816 5817 5818
f 5814 5811 5817
f 5817 5811 5812
f 5814 5816 5815
f 5815 5816 5796
f 5815 5796 5801
f 5801 5796 5783
f 5801 5798 5815
f 5815 5798 5800
f 5791 5792 5806
f 5806 5792 5813
f 5818 5813 5795
f 5795 5813 5792
f 5818 5817 5813
f 5813 5817 5812
f 5816 5818 5790
f 5790 5818 5795
f 5790 5787 5816
f 5816 5787 5796
f 5771 5777 5781
f 5781 5777 5782
f 5782 5802 5783
f 5783 5802 5801
f 5782 5777 5802
f 5802 5777 5776
f 5588 5587 5722
f 5722 5587 5720
f 5591 5619 5592
f 5592 5619 5618
f 5625 5624 5648
f 5648 5624 5649
f 5624 5627 5649
f 5649 5627 5643
f 5631 5630 5725
f 5725 5630 5640
f 5625 5648 5591
f 5591 5648 5619
f 5588 5722 5723
f 5723 5722 5736
f 5631 5725 5592
f 5592 5725 5589
f 5723 5630 5666
f 5666 5630 5629
f 5587 5627 5720
f 5720 5627 5626
f 5820 5821 5819
f 5819 5821 5822
f 5824 5825 5823
f 5823 5825 5826
f 5823 5826 5827
f 5827 5826 5828
f 5829 5830 5832
f 5832 5830 5831
f 5518 5833 5708
f 5708 5833 5834
f 5835 5836 5824
f 5824 5836 5825
f 5838 5839 5837
f 5837 5839 5840
f 5751 5684 5842
f 5842 5684 5841
f 5843 5841 5724
f 5724 5841 5684
f 5845 5846 5844
f 5844 5846 5847
f 5848 5830 5836
f 5836 5830 5825
f 5518 5751 5833
f 5833 5751 5842
f 5839 5838 5821
f 5821 5838 5849
f 5850 5848 5822
f 5822 5848 5836
f 5851 5845 5828
f 5828 5845 5852
f 5854 5855 5853
f 5853 5855 5856
f 5845 5844 5852
f 5852 5844 5857
f 5858 5827 5852
f 5852 5827 5828
f 5851 5828 5829
f 5829 5828 5826
f 5819 5859 5820
f 5820 5859 5860
f 5835 5861 5819
f 5819 5861 5859
f 5851 5829 5862
f 5862 5829 5832
f 5844 5847 5837
f 5837 5847 5834
f 5819 5822 5835
f 5835 5822 5836
f 5823 5863 5824
f 5824 5863 5864
f 5849 5850 5821
f 5821 5850 5822
f 5825 5830 5826
f 5826 5830 5829
f 5820 5860 5865
f 5865 5860 5866
f 5858 5854 5867
f 5867 5854 5853
f 5854 5857 5855
f 5855 5857 5840
f 5855 5865 5856
f 5856 5865 5866
f 5837 5840 5844
f 5844 5840 5857
f 5827 5858 5868
f 5868 5858 5867
f 5824 5864 5835
f 5835 5864 5861
f 5732 5731 5862
f 5862 5731 5846
f 5863 5823 5868
f 5868 5823 5827
f 5843 5831 5848
f 5848 5831 5830
f 5854 5858 5857
f 5857 5858 5852
f 5855 5840 5865
f 5865 5840 5839
f 5865 5839 5820
f 5820 5839 5821
f 5868 5867 5870
f 5870 5867 5869
f 5868 5870 5863
f 5863 5870 5871
f 5863 5871 5864
f 5864 5871 5872
f 5864 5872 5861
f 5861 5872 5873
f 5867 5853 5869
f 5869 5853 5874
f 5853 5856 5874
f 5874 5856 5875
f 5856 5866 5875
f 5875 5866 5876
f 5877 5878 5874
f 5874 5878 5869
f 5880 5881 5879
f 5879 5881 5882
f 5883 5884 5880
f 5880 5884 5881
f 5881 5884 5886
f 5886 5884 5885
f 5887 5888 5886
f 5886 5888 5889
f 5885 5890 5886
f 5886 5890 5887
f 5889 5882 5886
f 5886 5882 5881
f 5882 5891 5879
f 5879 5891 5892
f 5885 5884 5893
f 5893 5884 5883
f 5883 5871 5893
f 5893 5871 5870
f 5883 5894 5871
f 5871 5894 5872
f 5880 5895 5883
f 5883 5895 5894
f 5896 5895 5879
f 5879 5895 5880
f 5893 5878 5885
f 5885 5878 5890
f 5878 5893 5869
f 5869 5893 5870
f 5897 5896 5892
f 5892 5896 5879
f 5895 5896 5898
f 5898 5896 5899
f 5896 5897 5899
f 5899 5897 5900
f 5898 5899 5901
f 5901 5899 5902
f 5901 5903 5898
f 5898 5903 5904
f 5900 5905 5899
f 5899 5905 5902
f 5898 5904 5895
f 5895 5904 5894
f 5894 5904 5872
f 5872 5904 5873
f 5897 5892 5907
f 5907 5892 5906
f 5892 5891 5906
f 5906 5891 5908
f 5887 5890 5909
f 5909 5890 5878
f 5888 5887 5910
f 5910 5887 5909
f 5878 5877 5909
f 5909 5877 5911
f 5909 5911 5910
f 5910 5911 5912
f 5913 5914 5910
f 5910 5914 5888
f 5908 5914 5906
f 5906 5914 5913
f 5861 5873 5859
f 5859 5873 5915
f 5860 5916 5866
f 5866 5916 5876
f 5916 5860 5915
f 5915 5860 5859
f 5915 5903 5916
f 5916 5903 5917
f 5903 5901 5917
f 5917 5901 5918
f 5916 5917 5876
f 5876 5917 5919
f 5903 5915 5904
f 5904 5915 5873
f 5920 5875 5919
f 5919 5875 5876
f 5920 5877 5875
f 5875 5877 5874
f 5920 5921 5877
f 5877 5921 5911
f 5921 5920 5922
f 5922 5920 5919
f 5923 5921 5924
f 5924 5921 5922
f 5917 5918 5919
f 5919 5918 5922
f 5918 5925 5922
f 5922 5925 5924
f 5921 5923 5911
f 5911 5923 5912
f 5927 5912 5926
f 5926 5912 5923
f 5926 5929 5928
f 5928 5929 5930
f 5926 5923 5929
f 5929 5923 5924
f 5926 5928 5927
f 5927 5928 5907
f 5927 5907 5913
f 5913 5907 5906
f 5913 5910 5927
f 5927 5910 5912
f 5901 5902 5918
f 5918 5902 5925
f 5930 5925 5905
f 5905 5925 5902
f 5930 5929 5925
f 5925 5929 5924
f 5928 5930 5900
f 5900 5930 5905
f 5900 5897 5928
f 5928 5897 5907
f 5882 5889 5891
f 5891 5889 5908
f 5908 5889 5914
f 5914 5889 5888
f 5832 5831 5641
f 5641 5831 5639
f 5833 5838 5834
f 5834 5838 5837
f 5842 5841 5849
f 5849 5841 5850
f 5841 5843 5850
f 5850 5843 5848
f 5847 5846 5739
f 5739 5846 5731
f 5842 5849 5833
f 5833 5849 5838
f 5862 5832 5732
f 5732 5832 5641
f 5847 5739 5834
f 5834 5739 5708
f 5862 5846 5851
f 5851 5846 5845
f 5831 5843 5639
f 5639 5843 5724
f 5676 5732 5595
f 5595 5732 5641
f 5676 5461 5660
f 5660 5461 5464
f 5461 5460 5464
f 5464 5460 5465
f 5460 5674 5465
f 5465 5674 5661
f 5931 5932 5934
f 5934 5932 5933
f 5936 5937 5935
f 5935 5937 5938
f 5935 5938 5939
f 5939 5938 5940
f 5942 5943 5941
f 5941 5943 5944
f 5945 5946 5936
f 5936 5946 5937
f 5948 5949 5947
f 5947 5949 5950
f 5951 5952 5519
f 5519 5952 5593
f 5953 5951 5709
f 5709 5951 5519
f 5955 5956 5954
f 5954 5956 5957
f 5958 5942 5946
f 5946 5942 5937
f 5948 5959 5949
f 5949 5959 5933
f 5960 5958 5934
f 5934 5958 5946
f 5961 5955 5940
f 5940 5955 5962
f 5963 5964 5966
f 5966 5964 5965
f 5955 5954 5962
f 5962 5954 5967
f 5968 5939 5962
f 5962 5939 5940
f 5961 5940 5941
f 5941 5940 5938
f 5931 5969 5932
f 5932 5969 5970
f 5945 5971 5931
f 5931 5971 5969
f 5941 5944 5961
f 5961 5944 5972
f 5954 5957 5947
f 5947 5957 5973
f 5945 5931 5946
f 5946 5931 5934
f 5935 5974 5936
f 5936 5974 5975
f 5959 5960 5933
f 5933 5960 5934
f 5937 5942 5938
f 5938 5942 5941
f 5932 5970 5976
f 5976 5970 5977
f 5968 5964 5978
f 5978 5964 5963
f 5965 5964 5950
f 5950 5964 5967
f 5976 5977 5965
f 5965 5977 5966
f 5947 5950 5954
f 5954 5950 5967
f 5939 5968 5979
f 5979 5968 5978
f 5936 5975 5945
f 5945 5975 5971
f 5972 5754 5956
f 5956 5754 5617
f 5974 5935 5979
f 5979 5935 5939
f 5953 5943 5958
f 5958 5943 5942
f 5964 5968 5967
f 5967 5968 5962
f 5965 5950 5976
f 5976 5950 5949
f 5976 5949 5932
f 5932 5949 5933
f 5979 5978 5981
f 5981 5978 5980
f 5979 5981 5974
f 5974 5981 5982
f 5974 5982 5975
f 5975 5982 5983
f 5975 5983 5971
f 5971 5983 5984
f 5978 5963 5980
f 5980 5963 5985
f 5963 5966 5985
f 5985 5966 5986
f 5986 5966 5987
f 5987 5966 5977
f 5988 5989 5985
f 5985 5989 5980
f 5991 5992 5990
f 5990 5992 5993
f 5994 5995 5991
f 5991 5995 5992
f 5992 5995 5997
f 5997 5995 5996
f 5998 5999 5997
f 5997 5999 6000
f 5996 6001 5997
f 5997 6001 5998
f 6000 5993 5997
f 5997 5993 5992
f 6002 6003 5993
f 5993 6003 5990
f 5995 5994 5996
f 5996 5994 6004
f 5994 5982 6004
f 6004 5982 5981
f 5994 6005 5982
f 5982 6005 5983
f 5991 6006 5994
f 5994 6006 6005
f 6006 5991 6007
f 6007 5991 5990
f 5996 6004 6001
f 6001 6004 5989
f 5989 6004 5980
f 5980 6004 5981
f 6003 6008 5990
f 5990 6008 6007
f 6009 6006 6010
f 6010 6006 6007
f 6008 6011 6007
f 6007 6011 6010
f 6012 6009 6013
f 6013 6009 6010
f 6009 6012 6015
f 6015 6012 6014
f 6011 6016 6010
f 6010 6016 6013
f 6006 6009 6005
f 6005 6009 6015
f 6005 6015 5983
f 5983 6015 5984
f 6008 6003 6018
f 6018 6003 6017
f 6003 6002 6017
f 6017 6002 6019
f 5998 6001 6020
f 6020 6001 5989
f 5999 5998 6021
f 6021 5998 6020
f 5989 5988 6020
f 6020 5988 6022
f 6021 6020 6023
f 6023 6020 6022
f 6021 6024 5999
f 5999 6024 6025
f 6019 6025 6017
f 6017 6025 6024
f 5971 5984 5969
f 5969 5984 6026
f 5970 6027 5977
f 5977 6027 5987
f 6027 5970 6026
f 6026 5970 5969
f 6026 6014 6027
f 6027 6014 6028
f 6014 6012 6028
f 6028 6012 6029
f 6027 6028 5987
f 5987 6028 6030
f 6026 5984 6014
f 6014 5984 6015
f 6031 5986 6030
f 6030 5986 5987
f 6031 5988 5986
f 5986 5988 5985
f 6032 6022 6031
f 6031 6022 5988
f 6032 6031 6033
f 6033 6031 6030
f 6034 6032 6035
f 6035 6032 6033
f 6028 6029 6030
f 6030 6029 6033
f 6029 6036 6033
f 6033 6036 6035
f 6032 6034 6022
f 6022 6034 6023
f 6038 6023 6037
f 6037 6023 6034
f 6037 6040 6039
f 6039 6040 6041
f 6037 6034 6040
f 6040 6034 6035
f 6037 6039 6038
f 6038 6039 6018
f 6038 6018 6024
f 6024 6018 6017
f 6024 6021 6038
f 6038 6021 6023
f 6012 6013 6029
f 6029 6013 6036
f 6041 6036 6016
f 6016 6036 6013
f 6041 6040 6036
f 6036 6040 6035
f 6041 6016 6039
f 6039 6016 6011
f 6011 6008 6039
f 6039 6008 6018
f 5993 6000 6002
f 6002 6000 6019
f 6019 6000 6025
f 6025 6000 5999
f 5943 5756 5944
f 5944 5756 5755
f 6042 5948 5973
f 5973 5948 5947
f 5952 5951 5959
f 5959 5951 5960
f 5951 5953 5960
f 5960 5953 5958
f 5616 5957 5617
f 5617 5957 5956
f 6042 5952 5948
f 5948 5952 5959
f 5944 5755 5972
f 5972 5755 5754
f 5957 5616 5973
f 5973 5616 5652
f 5956 5955 5972
f 5972 5955 5961
f 5943 5953 5756
f 5756 5953 5709
f 6044 6045 6043
f 6043 6045 6046
f 6048 6049 6047
f 6047 6049 6050
f 6047 6050 6051
f 6051 6050 6052
f 6054 6055 6053
f 6053 6055 6056
f 6057 6058 6060
f 6060 6058 6059
f 6061 6062 6048
f 6048 6062 6049
f 6063 6064 6066
f 6066 6064 6065
f 6067 6068 6070
f 6070 6068 6069
f 6071 6069 5653
f 5653 6069 6068
f 6072 6073 6075
f 6075 6073 6074
f 6062 6076 6049
f 6049 6076 6054
f 6058 6067 6059
f 6059 6067 6070
f 6064 6077 6065
f 6065 6077 6045
f 6078 6076 6046
f 6046 6076 6062
f 6073 6080 6079
f 6079 6080 6052
f 6082 6083 6081
f 6081 6083 6084
f 6072 6085 6073
f 6073 6085 6080
f 6086 6051 6080
f 6080 6051 6052
f 6079 6052 6053
f 6053 6052 6050
f 6043 6087 6044
f 6044 6087 6088
f 6061 6089 6043
f 6043 6089 6087
f 6053 6056 6079
f 6079 6056 6090
f 6063 6072 6060
f 6060 6072 6075
f 6043 6046 6061
f 6061 6046 6062
f 6047 6091 6048
f 6048 6091 6092
f 6077 6078 6045
f 6045 6078 6046
f 6049 6054 6050
f 6050 6054 6053
f 6044 6088 6093
f 6093 6088 6094
f 6086 6082 6095
f 6095 6082 6081
f 6083 6082 6066
f 6066 6082 6085
f 6093 6094 6083
f 6083 6094 6084
f 6072 6063 6085
f 6085 6063 6066
f 6051 6086 6096
f 6096 6086 6095
f 6048 6092 6061
f 6061 6092 6089
f 5656 5655 6090
f 6090 5655 6074
f 6091 6047 6096
f 6096 6047 6051
f 6071 6055 6076
f 6076 6055 6054
f 6082 6086 6085
f 6085 6086 6080
f 6093 6083 6065
f 6065 6083 6066
f 6044 6093 6045
f 6045 6093 6065
f 6096 6095 6098
f 6098 6095 6097
f 6096 6098 6091
f 6091 6098 6099
f 6091 6099 6092
f 6092 6099 6100
f 6092 6100 6089
f 6089 6100 6101
f 6095 6081 6097
f 6097 6081 6102
f 6081 6084 6102
f 6102 6084 6103
f 6103 6084 6104
f 6104 6084 6094
f 6106 6097 6105
f 6105 6097 6102
f 6107 6108 6110
f 6110 6108 6109
f 6111 6112 6108
f 6108 6112 6109
f 6109 6112 6114
f 6114 6112 6113
f 6114 6115 6117
f 6117 6115 6116
f 6113 6118 6114
f 6114 6118 6115
f 6117 6110 6114
f 6114 6110 6109
f 6110 6119 6107
f 6107 6119 6120
f 6112 6111 6113
f 6113 6111 6121
f 6111 6099 6121
f 6121 6099 6098
f 6111 6122 6099
f 6099 6122 6100
f 6123 6122 6108
f 6108 6122 6111
f 6124 6123 6107
f 6107 6123 6108
f 6113 6121 6118
f 6118 6121 6106
f 6106 6121 6097
f 6097 6121 6098
f 6125 6124 6120
f 6120 6124 6107
f 6126 6123 6127
f 6127 6123 6124
f 6125 6128 6124
f 6124 6128 6127
f 6129 6126 6130
f 6130 6126 6127
f 6126 6129 6132
f 6132 6129 6131
f 6128 6133 6127
f 6127 6133 6130
f 6123 6126 6122
f 6122 6126 6132
f 6122 6132 6100
f 6100 6132 6101
f 6120 6134 6125
f 6125 6134 6135
f 6120 6119 6134
f 6134 6119 6136
f 6115 6118 6137
f 6137 6118 6106
f 6115 6137 6116
f 6116 6137 6138
f 6137 6106 6139
f 6139 6106 6105
f 6138 6137 6140
f 6140 6137 6139
f 6141 6142 6138
f 6138 6142 6116
f 6136 6142 6134
f 6134 6142 6141
f 6089 6101 6087
f 6087 6101 6143
f 6088 6144 6094
f 6094 6144 6104
f 6143 6144 6087
f 6087 6144 6088
f 6131 6145 6143
f 6143 6145 6144
f 6129 6146 6131
f 6131 6146 6145
f 6144 6145 6104
f 6104 6145 6147
f 6143 6101 6131
f 6131 6101 6132
f 6148 6103 6147
f 6147 6103 6104
f 6103 6148 6102
f 6102 6148 6105
f 6148 6149 6105
f 6105 6149 6139
f 6149 6148 6150
f 6150 6148 6147
f 6151 6149 6152
f 6152 6149 6150
f 6145 6146 6147
f 6147 6146 6150
f 6146 6153 6150
f 6150 6153 6152
f 6149 6151 6139
f 6139 6151 6140
f 6155 6140 6154
f 6154 6140 6151
f 6154 6157 6156
f 6156 6157 6158
f 6154 6151 6157
f 6157 6151 6152
f 6154 6156 6155
f 6155 6156 6135
f 6155 6135 6141
f 6141 6135 6134
f 6141 6138 6155
f 6155 6138 6140
f 6146 6129 6153
f 6153 6129 6130
f 6158 6153 6133
f 6133 6153 6130
f 6158 6157 6153
f 6153 6157 6152
f 6156 6158 6128
f 6128 6158 6133
f 6128 6125 6156
f 6156 6125 6135
f 6110 6117 6119
f 6119 6117 6136
f 6136 6117 6142
f 6142 6117 6116
f 6055 5615 6056
f 6056 5615 5752
f 6060 6059 6063
f 6063 6059 6064
f 6077 6070 6078
f 6078 6070 6069
f 6069 6071 6078
f 6078 6071 6076
f 6159 6057 6075
f 6075 6057 6060
f 6059 6070 6064
f 6064 6070 6077
f 6056 5752 6090
f 6090 5752 5656
f 6090 6074 6079
f 6079 6074 6073
f 6055 6071 5615
f 5615 6071 5653
f 5547 5471 6160
f 6160 5471 6161
f 5729 5577 6163
f 6163 5577 6162
f 5577 5576 6162
f 6162 5576 6164
f 5713 6165 5711
f 5711 6165 6166
f 5474 5729 6167
f 6167 5729 6163
f 5750 5547 6168
f 6168 5547 6160
f 5471 5474 6161
f 6161 5474 6167
f 6169 5712 6168
f 6168 5712 5750
f 5711 6166 5576
f 5576 6166 6164
f 6165 5713 6169
f 6169 5713 5712
f 6168 6170 6169
f 6169 6170 6171
f 6169 6171 6165
f 6165 6171 6172
f 6165 6172 6166
f 6166 6172 6173
f 6166 6173 6164
f 6164 6173 6174
f 6168 6160 6170
f 6170 6160 6175
f 6160 6161 6175
f 6175 6161 6176
f 6161 6167 6176
f 6176 6167 6177
f 6179 6170 6178
f 6178 6170 6175
f 6181 6182 6180
f 6180 6182 6183
f 6184 6185 6181
f 6181 6185 6182
f 6186 6187 6185
f 6185 6187 6182
f 6186 6188 6187
f 6187 6188 6189
f 6190 6183 6187
f 6187 6183 6182
f 6183 6190 6191
f 6191 6190 6192
f 6191 6193 6183
f 6183 6193 6180
f 6186 6185 6194
f 6194 6185 6184
f 6184 6172 6194
f 6194 6172 6171
f 6184 6195 6172
f 6172 6195 6173
f 6181 6196 6184
f 6184 6196 6195
f 6196 6181 6197
f 6197 6181 6180
f 6186 6194 6188
f 6188 6194 6179
f 6179 6194 6170
f 6170 6194 6171
f 6193 6198 6180
f 6180 6198 6197
f 6199 6196 6200
f 6200 6196 6197
f 6198 6201 6197
f 6197 6201 6200
f 6202 6199 6203
f 6203 6199 6200
f 6199 6202 6205
f 6205 6202 6204
f 6201 6206 6200
f 6200 6206 6203
f 6196 6199 6195
f 6195 6199 6205
f 6195 6205 6173
f 6173 6205 6174
f 6198 6193 6208
f 6208 6193 6207
f 6193 6191 6207
f 6207 6191 6192
f 6189 6188 6209
f 6209 6188 6179
f 6210 6189 6211
f 6211 6189 6209
f 6209 6179 6212
f 6212 6179 6178
f 6211 6209 6213
f 6213 6209 6212
f 6211 6214 6210
f 6210 6214 6215
f 6192 6215 6207
f 6207 6215 6214
f 6190 6187 6210
f 6210 6187 6189
f 6192 6190 6215
f 6215 6190 6210
f 6162 6164 6216
f 6216 6164 6174
f 6167 6163 6177
f 6177 6163 6217
f 6216 6217 6162
f 6162 6217 6163
f 6204 6218 6216
f 6216 6218 6217
f 6202 6219 6204
f 6204 6219 6218
f 6217 6218 6177
f 6177 6218 6220
f 6216 6174 6204
f 6204 6174 6205
f 6221 6176 6220
f 6220 6176 6177
f 6176 6221 6175
f 6175 6221 6178
f 6221 6222 6178
f 6178 6222 6212
f 6222 6221 6223
f 6223 6221 6220
f 6224 6222 6225
f 6225 6222 6223
f 6218 6219 6220
f 6220 6219 6223
f 6219 6226 6223
f 6223 6226 6225
f 6222 6224 6212
f 6212 6224 6213
f 6228 6213 6227
f 6227 6213 6224
f 6229 6227 6231
f 6231 6227 6230
f 6227 6224 6230
f 6230 6224 6225
f 6227 6229 6228
f 6228 6229 6208
f 6228 6208 6214
f 6214 6208 6207
f 6214 6211 6228
f 6228 6211 6213
f 6219 6202 6226
f 6226 6202 6203
f 6231 6226 6206
f 6206 6226 6203
f 6231 6230 6226
f 6226 6230 6225
f 6229 6231 6201
f 6201 6231 6206
f 6201 6198 6229
f 6229 6198 6208
f 5674 5672 5661
f 5661 5672 5662
f 5662 5672 5663
f 5663 5672 5646
f 5651 6042 5652
f 5652 6042 5973
f 5518 5517 5751
f 5751 5517 5733
f 5738 5660 5753
f 5753 5660 5637
f 5752 5636 5656
f 5656 5636 5526
f 5952 6042 5593
f 5593 6042 5651
f 5593 5651 5594
f 5594 5651 5650
f 5600 5737 5514
f 5514 5737 5515
f 5546 5545 5740
f 5740 5545 6232
f 6232 6058 5740
f 5740 6058 6057
f 6067 6058 6233
f 6233 6058 6232
f 6233 6232 6234
f 6234 6232 5545
f 6234 5545 6235
f 6235 5545 5544
f 5606 6236 5543
f 5543 6236 5544
f 6235 5544 5539
f 5539 5544 6236
f 6237 6235 5542
f 5542 6235 5539
f 6235 6237 6234
f 6234 6237 6238
f 6234 6238 6233
f 6233 6238 6239
f 5653 6068 5650
f 5650 6068 6239
f 5642 5513 6240
f 6240 5513 5516
f 5539 6236 5540
f 5540 6236 5606
f 5636 5614 5637
f 5637 5614 5753
f 6239 5737 5650
f 5650 5737 5594
f 6239 6068 6233
f 6233 6068 6067
f 6075 6074 6159
f 6159 6074 5655
f 6057 6159 5740
f 5740 6159 5655
f 5515 5737 6238
f 6238 5737 6239
f 6238 6237 5515
f 5515 6237 5516
f 5542 6240 6237
f 6237 6240 5516
f 6240 5542 5642
f 5642 5542 5541
f 5702 5699 5541
f 5541 5699 5642
f 5582 5475 5717
f 5470 5443 5537
f 5537 5443 5504
f 5469 5444 5470
f 5470 5444 5443
f 5726 5557 5727
f 5727 5557 5556
f 5537 5504 5511
f 5511 5504 5506
f 5504 5503 5506
f 5506 5503 5507
f 5503 5455 5507
f 5507 5455 5581
f 5455 5454 5581
f 5581 5454 5456
f 5473 5453 5474
f 5474 5453 5729
f 5457 5454 5473
f 5473 5454 5453
f 5473 5472 5457
f 5457 5472 5686
f 5472 5548 5686
f 5686 5548 5687
f 5749 5693 5548
f 5548 5693 5687
f 5715 5532 5749
f 5749 5532 5693
f 5714 5486 5715
f 5715 5486 5532
f 5714 5710 5486
f 5486 5710 5449
f 5728 5578 5729
f 5729 5578 5577
f 5452 5445 5698
f 5698 5445 5558
f 5445 5444 5558
f 5558 5444 5556
f 5444 5469 5556
f 5556 5469 5727
f 5469 5468 5727
f 5727 5468 5555
f 5468 5747 5555
f 5555 5747 5552
f 5747 5700 5552
f 5552 5700 5716
f 5700 5699 5716
f 5716 5699 5717
f 5699 5702 5717
f 5717 5702 5582
f 5702 5701 5582
f 5582 5701 5583
f 5726 5479 5557
f 5557 5479 5483
f 5483 5479 5484
f 5484 5479 5482
f 5534 5533 5482
f 5482 5533 5484
f 5691 5688 5534
f 5534 5688 5533
f 5644 5647 5691
f 5691 5647 5688
f 5719 5746 5701
f 5701 5746 5583
f 5718 5497 5719
f 5719 5497 5746
f 5718 5605 5654
f 5654 5605 5638
f 5498 5654 5657
f 5657 5654 5633
f 5497 5718 5498
f 5498 5718 5654
f 5657 5527 5498
f 5498 5527 5494
f 5528 5570 5495
f 5495 5570 5521
f 5665 5668 5528
f 5528 5668 5570
f 5664 5671 5665
f 5665 5671 5668
f 5645 5741 5664
f 5664 5741 5671
f 5644 5696 5645
f 5645 5696 5741
f 5710 5575 5449
f 5449 5575 5450
f 5575 5578 5450
f 5450 5578 5698
f 5578 5728 5698
f 5698 5728 5452
f 5452 5728 5451
f 5451 5728 5453
f 3619 6241 3620
f 3620 6241 6242
f 6243 6244 3628
f 3628 6244 3629
f 6245 6246 3634
f 3634 6246 3631
f 6247 6248 3636
f 3636 6248 3637
f 6249 6250 3642
f 3642 6250 3639
f 3639 6250 3643
f 3643 6250 6251
f 3743 6252 3744
f 3744 6252 6253
f 6246 6243 3631
f 3631 6243 3628
f 3753 6254 3754
f 3754 6254 6255
f 3857 6256 3619
f 3619 6256 6241
f 6257 6245 3932
f 3932 6245 3634
f 6242 6247 3620
f 3620 6247 3636
f 6258 6259 3946
f 3946 6259 3947
f 6260 6249 3948
f 3948 6249 3642
f 6244 6258 3629
f 3629 6258 3946
f 3947 6259 3753
f 3753 6259 6254
f 6248 6260 3637
f 3637 6260 3948
f 3643 6251 3743
f 3743 6251 6252
f 3744 6253 3932
f 3932 6253 6257
f 6250 6249 6251
f 6251 6249 6252
f 6245 6261 6246
f 6246 6261 6262
f 6263 6264 6247
f 6247 6264 6248
f 6252 6265 6253
f 6253 6265 6266
f 6246 6262 6243
f 6243 6262 6267
f 6268 6261 6257
f 6257 6261 6245
f 6269 6263 6242
f 6242 6263 6247
f 6270 6271 6260
f 6260 6271 6249
f 6264 6270 6248
f 6248 6270 6260
f 6253 6266 6257
f 6257 6266 6268
f 6249 6271 6252
f 6252 6271 6265
f 6254 6259 6272
f 6272 6259 6273
f 6266 6265 6270
f 6270 6265 6271
f 6268 6266 6264
f 6264 6266 6270
f 6261 6268 6263
f 6263 6268 6264
f 6269 6262 6263
f 6263 6262 6261
f 4186 4185 6274
f 6274 4185 6275
f 6241 6276 6242
f 6242 6276 6269
f 6258 6244 6277
f 6277 6244 6278
f 6256 6279 6241
f 6241 6279 6276
f 6259 6258 6273
f 6273 6258 6277
f 6243 6267 6244
f 6244 6267 6278
f 6276 6267 6269
f 6269 6267 6262
f 6254 6272 6255
f 6255 6272 6280
f 3865 3713 3888
f 3888 3713 3685
f 5242 5233 3892
f 3892 5233 3711
f 3900 5243 3892
f 3892 5243 5242
f 3734 3866 3900
f 3900 3866 5243
f 4117 6281 4118
f 4118 6281 6282
f 4118 6282 4278
f 4278 6282 4879
f 4717 4887 4718
f 4718 4887 4280
f 4792 4278 4882
f 4882 4278 4879
f 4795 4792 6283
f 6283 4792 4882
f 4852 4851 5012
f 5012 4851 6284
f 4856 5207 4857
f 4857 5207 4858
f 4860 4279 4857
f 4857 4279 4854
f 4718 4280 4860
f 4860 4280 4279
f 4864 4863 4745
f 4745 4863 4742
f 5366 4867 5011
f 5011 4867 4866
f 4871 4884 4872
f 4872 4884 4883
f 4872 4883 4117
f 4117 4883 6281
f 6284 4851 6283
f 6283 4851 4795
f 4852 4866 4853
f 4853 4866 4865
f 4871 4870 4856
f 4856 4870 5207
f 4717 4716 4864
f 4864 4716 4861
f 4868 4867 4862
f 4862 4867 4863
f 4268 4855 4269
f 4269 4855 4854
f 4281 4274 4282
f 4282 4274 4765
f 4744 4743 4907
f 4907 4743 4904
f 4874 4881 4820
f 4820 4881 4880
f 4885 5013 4886
f 4886 5013 4980
f 4888 4275 4281
f 4281 4275 4274
f 4902 6282 4903
f 4903 6282 6281
f 6283 4979 6284
f 6284 4979 4978
f 4282 4765 4269
f 4269 4765 4266
f 4880 4879 4902
f 4902 4879 6282
f 4903 6281 4886
f 4886 6281 4883
f 4882 4881 6283
f 6283 4881 4979
f 5013 4885 4267
f 4267 4885 4268
f 4888 4887 4744
f 4744 4887 4745
f 4410 6285 4411
f 4411 6285 4812
f 4750 4749 6286
f 6286 4749 6287
f 6289 4695 6288
f 6288 4695 4255
f 4750 4675 4751
f 4751 4675 4965
f 6290 6291 4963
f 4963 6291 4960
f 4807 4806 4411
f 4411 4806 4408
f 6292 6293 4959
f 4959 6293 4956
f 4958 6294 4959
f 4959 6294 4955
f 4962 4964 4963
f 4963 4964 4805
f 4962 4961 4751
f 4751 4961 4748
f 6296 6297 6295
f 6295 6297 6298
f 6299 6300 6288
f 6288 6300 4735
f 6302 4961 6301
f 6301 4961 4960
f 6304 6287 6303
f 6303 6287 4749
f 4968 6305 4969
f 4969 6305 6306
f 4413 6308 6307
f 6307 6308 4900
f 6301 4960 6309
f 6309 4960 6291
f 4412 4408 6310
f 6310 4408 4806
f 4696 6311 4256
f 4256 6311 6312
f 6303 4749 6313
f 6313 4749 4748
f 6313 4748 6302
f 6302 4748 4961
f 6315 6316 6314
f 6314 6316 6317
f 4084 6318 6315
f 6315 6318 6316
f 4083 6319 4084
f 4084 6319 6318
f 4112 6320 4083
f 4083 6320 6319
f 6322 4138 6321
f 6321 4138 4137
f 6324 4128 6323
f 6323 4128 4127
f 4127 4193 6323
f 6323 4193 6325
f 4193 4891 6325
f 6325 4891 6326
f 4891 6327 6326
f 6326 6327 6328
f 6327 4824 5227
f 5227 4824 5228
f 5231 4684 6329
f 6329 4684 4683
f 4683 4099 6329
f 6329 4099 6330
f 4099 4102 6330
f 6330 4102 6331
f 4174 4826 4429
f 4429 4826 4829
f 4173 4741 4174
f 4174 4741 4826
f 4180 4738 4173
f 4173 4738 4741
f 6332 6333 4180
f 4180 6333 4738
f 6274 6334 4186
f 4186 6334 4188
f 4181 4825 4180
f 4180 4825 6332
f 5044 5213 5045
f 5045 5213 5165
f 5046 5087 5047
f 5047 5087 5222
f 5077 5063 5078
f 5078 5063 5198
f 5081 5099 5082
f 5082 5099 5194
f 5095 5074 5096
f 5096 5074 5073
f 5373 5170 5096
f 5096 5170 5093
f 5375 5171 5373
f 5373 5171 5170
f 5047 5222 5375
f 5375 5222 5171
f 5046 5038 5376
f 5376 5038 5067
f 5377 5086 5376
f 5376 5086 5085
f 5045 5165 5377
f 5377 5165 5086
f 5378 5214 5044
f 5044 5214 5213
f 5077 5034 5378
f 5378 5034 5214
f 5082 5194 5078
f 5078 5194 5035
f 5081 5080 5379
f 5379 5080 6335
f 5379 6335 5095
f 5095 6335 5074
f 5032 5080 5033
f 5033 5080 5079
f 5040 5017 5041
f 5041 5017 5016
f 5050 5043 5051
f 5051 5043 5042
f 5065 5023 5066
f 5066 5023 5022
f 5050 5049 5065
f 5065 5049 5023
f 5041 5016 5068
f 5068 5016 5020
f 5071 5374 5072
f 5072 5374 5200
f 5075 5156 5076
f 5076 5156 5155
f 5162 5212 5068
f 5068 5212 5067
f 5075 5074 5192
f 5192 5074 6335
f 5066 5022 5199
f 5199 5022 5196
f 5076 5155 5072
f 5072 5155 5069
f 5040 5039 5071
f 5071 5039 5374
f 5162 5161 5051
f 5051 5161 5048
f 5192 6335 5032
f 5032 6335 5080
f 5199 5196 5033
f 5033 5196 5030
f 5018 5211 5019
f 5019 5211 5408
f 5019 5408 5021
f 5021 5408 5163
f 5024 5057 5025
f 5025 5057 5415
f 5028 5048 5029
f 5029 5048 5161
f 5054 5031 5055
f 5055 5031 5030
f 5024 5023 5058
f 5058 5023 5049
f 5061 5070 5062
f 5062 5070 5069
f 5157 5438 5158
f 5158 5438 5442
f 5160 5191 5054
f 5054 5191 5031
f 5029 5161 5021
f 5021 5161 5020
f 5025 5415 5197
f 5197 5415 5220
f 5158 5442 5062
f 5062 5442 5059
f 5018 5017 5061
f 5061 5017 5070
f 5160 5159 5157
f 5157 5159 5438
f 5028 5027 5058
f 5058 5027 5056
f 5055 5030 5197
f 5197 5030 5196
f 5409 5380 5410
f 5410 5380 6336
f 5026 5413 5027
f 5027 5413 5412
f 5396 5417 5393
f 5393 5417 5416
f 5416 5057 5419
f 5419 5057 5056
f 5417 5396 5426
f 5426 5396 5420
f 5427 5423 5428
f 5428 5423 5422
f 5427 5059 5430
f 5430 5059 5442
f 5409 5408 5433
f 5433 5408 5211
f 5433 5211 5428
f 5428 5211 5060
f 5412 5411 5419
f 5419 5411 5418
f 5436 5053 5437
f 5437 5053 5052
f 5439 5402 5440
f 5440 5402 5401
f 5436 5435 5439
f 5439 5435 5402
f 5410 6336 5413
f 5413 6336 5414
f 5440 5401 5430
f 5430 5401 5429
f 5426 5420 5437
f 5437 5420 5434
f 5382 5432 5383
f 5383 5432 5384
f 5386 6336 5383
f 5383 6336 5380
f 6336 5386 5414
f 5414 5386 5388
f 5391 5418 5392
f 5392 5418 5411
f 5705 5395 5704
f 5704 5395 5394
f 5399 5435 5400
f 5400 5435 5434
f 5403 5441 5404
f 5404 5441 5405
f 5407 5429 5404
f 5404 5429 5401
f 5395 5705 5421
f 5421 5705 5748
f 5424 5706 5425
f 5425 5706 5431
f 5391 5390 5394
f 5394 5390 5704
f 5392 5388 5389
f 5389 5388 5387
f 5382 5381 5425
f 5425 5381 5422
f 5407 5406 5424
f 5424 5406 5706
f 5403 5402 5399
f 5399 5402 5435
f 5421 5748 5400
f 5400 5748 5397
f 4097 4721 4098
f 4098 4721 4231
f 4233 5273 4098
f 4098 5273 4095
f 6337 6338 4785
f 4785 6338 4786
f 4076 4780 4073
f 4073 4780 4781
f 4782 4190 4781
f 4781 4190 4073
f 4783 4901 4782
f 4782 4901 4190
f 4780 4076 4097
f 4097 4076 4721
f 6337 2879 4701
f 4701 2879 2878
f 5280 6339 5272
f 5272 6339 6340
f 5282 5281 6341
f 6341 5281 6342
f 4109 6302 4110
f 4110 6302 6301
f 4283 6304 4284
f 4284 6304 6303
f 6305 4379 6306
f 6306 4379 4378
f 4110 6301 4428
f 4428 6301 6309
f 6310 4688 4412
f 4412 4688 4687
f 4284 6303 4753
f 4753 6303 6313
f 4753 6313 4109
f 4109 6313 6302
f 6343 5226 4428
f 4428 5226 4427
f 4147 4900 4416
f 4416 4900 6308
f 6312 6311 4241
f 4241 6311 4720
f 5223 6344 4702
f 4702 6344 4699
f 4221 4220 6345
f 6345 4220 6346
f 5276 5275 6347
f 6347 5275 6348
f 5275 4728 6348
f 6348 4728 6349
f 4727 6350 5284
f 5284 6350 5285
f 6351 6352 6354
f 6354 6352 6353
f 5313 5312 5292
f 5292 5312 5293
f 5312 5344 5293
f 5293 5344 5337
f 5344 4914 5337
f 5337 4914 4916
f 4914 4913 4916
f 4916 4913 4917
f 4913 6355 4917
f 4917 6355 4978
f 6356 6357 6284
f 6284 6357 5012
f 6357 6358 5012
f 5012 6358 5011
f 5011 6358 5366
f 5366 6358 6359
f 6360 4742 6359
f 6359 4742 5366
f 4743 6361 4904
f 4904 6361 5364
f 5363 4905 5364
f 5364 4905 4904
f 5363 6362 4905
f 4905 6362 4207
f 6362 6363 4207
f 4207 6363 4208
f 6363 5342 4208
f 4208 5342 5330
f 5342 5341 5330
f 5330 5341 4244
f 5341 6364 4244
f 4244 6364 4245
f 6364 6365 4245
f 4245 6365 4246
f 6366 6367 4253
f 4253 6367 4250
f 4214 6368 4211
f 4211 6368 4380
f 4380 4379 4211
f 4211 4379 4283
f 4379 6305 4283
f 4283 6305 6304
f 6305 4968 6304
f 6304 4968 6287
f 4968 4967 6287
f 6287 4967 6286
f 4967 6297 6286
f 6286 6297 4676
f 6296 4376 4288
f 4288 4376 4285
f 4376 4373 4285
f 4285 4373 4290
f 6369 6370 6372
f 6372 6370 6371
f 5245 6373 5246
f 5246 6373 6374
f 4317 6375 4318
f 4318 6375 6376
f 4331 6377 4332
f 4332 6377 6378
f 6379 4333 6376
f 6376 4333 4318
f 4343 6380 4344
f 4344 6380 6381
f 4347 6382 4348
f 4348 6382 6383
f 4374 6371 4331
f 4331 6371 6377
f 4333 6379 4426
f 4426 6379 6384
f 4690 6385 4347
f 4347 6385 6382
f 4332 6378 4317
f 4317 6378 6375
f 4922 6386 4923
f 4923 6386 6387
f 6388 6389 4375
f 4375 6389 6390
f 6355 6356 4978
f 4978 6356 6284
f 4742 6360 4743
f 4743 6360 6361
f 6391 4238 6392
f 6392 4238 4719
f 6392 4719 6393
f 6393 4719 5296
f 6395 6396 6394
f 6394 6396 6397
f 6399 6400 6398
f 6398 6400 6401
f 6402 5302 6403
f 6403 5302 5303
f 5303 5321 6403
f 6403 5321 6404
f 5320 6405 5321
f 5321 6405 6404
f 5319 6406 5350
f 5350 6406 5351
f 5319 5318 6406
f 6406 5318 6407
f 5288 4197 6408
f 6408 4197 6409
f 4217 4216 6410
f 6410 4216 6411
f 5227 6412 6327
f 6327 6412 6328
f 4892 6413 5227
f 5227 6413 6412
f 4228 6414 4892
f 4892 6414 6413
f 4227 6415 4228
f 4228 6415 6414
f 4248 6416 4227
f 4227 6416 6415
f 4247 6417 4248
f 4248 6417 6416
f 6417 4247 6419
f 6419 4247 6418
f 6419 6418 6421
f 6421 6418 6420
f 6422 5301 6423
f 6423 5301 5300
f 6423 5300 6424
f 6424 5300 6399
f 6408 6409 6398
f 6398 6409 6425
f 6426 6427 6397
f 6397 6427 6394
f 6428 4224 6429
f 6429 4224 4223
f 6347 6346 5276
f 5276 6346 4220
f 6346 6347 6341
f 6341 6347 6339
f 5280 5278 5282
f 5282 5278 4236
f 4896 5224 4684
f 4684 5224 4681
f 4132 4135 4896
f 4896 4135 5224
f 4131 4136 4132
f 4132 4136 4135
f 4226 4754 4131
f 4131 4754 4136
f 4251 4213 4226
f 4226 4213 4754
f 4250 4214 4251
f 4251 4214 4213
f 4250 6367 4214
f 4214 6367 6368
f 6367 4910 6368
f 6368 4910 4737
f 4909 5297 4736
f 4736 5297 5296
f 5297 6395 5296
f 5296 6395 6393
f 6427 6430 6394
f 6394 6430 6431
f 6429 4383 6428
f 6428 4383 4382
f 4219 5277 4220
f 4220 5277 5276
f 4222 4697 4383
f 4383 4697 4218
f 6345 4699 4221
f 4221 4699 6344
f 6342 4700 6345
f 6345 4700 4699
f 4235 4786 5281
f 5281 4786 6338
f 4234 4787 4235
f 4235 4787 4786
f 5279 5278 6432
f 6432 5278 5271
f 4237 5279 6433
f 6433 5279 6432
f 4787 4234 6433
f 6433 4234 4237
f 6435 6436 6434
f 6434 6436 6437
f 6359 6438 6360
f 6360 6438 6437
f 6439 6440 6441
f 6441 6440 6438
f 6443 6439 6442
f 6442 6439 6441
f 6357 6356 6442
f 6442 6356 6444
f 6444 6446 6445
f 6445 6446 6447
f 4912 6446 4913
f 4913 6446 6355
f 6361 6436 5364
f 5364 6436 5365
f 5319 5350 5316
f 5316 5350 6448
f 4832 6449 5350
f 5350 6449 6448
f 4831 6450 4832
f 4832 6450 6449
f 5354 6451 5320
f 5320 6451 6405
f 4265 6452 5354
f 5354 6452 6451
f 4264 6453 4265
f 4265 6453 6452
f 6450 4831 6447
f 6447 4831 6445
f 4263 6435 4264
f 4264 6435 6434
f 6454 6453 6439
f 6439 6453 6440
f 6439 6443 6454
f 6454 6443 4834
f 4833 6455 4834
f 4834 6455 6454
f 5351 6456 4833
f 4833 6456 6455
f 6457 6391 6458
f 6458 6391 6392
f 6458 6392 6431
f 6431 6392 6393
f 5298 6396 5297
f 5297 6396 6395
f 6402 6400 5302
f 5302 6400 5299
f 6402 6403 6459
f 6459 6403 6460
f 6460 6403 6461
f 6461 6403 6404
f 6405 6462 6404
f 6404 6462 6461
f 6406 6462 5351
f 5351 6462 6456
f 6406 6407 6462
f 6462 6407 6461
f 6407 6463 6461
f 6461 6463 6460
f 6463 6464 6460
f 6460 6464 6459
f 6464 6465 6459
f 6459 6465 6401
f 6430 6466 6431
f 6431 6466 6458
f 6466 6410 6458
f 6458 6410 6457
f 6410 6411 6457
f 6457 6411 6467
f 6396 6424 6397
f 6397 6424 6425
f 6393 6395 6431
f 6431 6395 6394
f 6451 6456 6405
f 6405 6456 6462
f 6452 6455 6451
f 6451 6455 6456
f 6453 6454 6452
f 6452 6454 6455
f 6443 6445 4834
f 4834 6445 4831
f 6440 6453 6434
f 6434 6453 4264
f 6468 5306 5360
f 5360 5306 5305
f 6469 4124 6468
f 6468 4124 5306
f 6470 4125 6469
f 6469 4125 4124
f 6471 5291 6470
f 6470 5291 4125
f 6353 5292 6471
f 6471 5292 5291
f 5292 6353 5313
f 5313 6353 6352
f 5347 5314 6352
f 6352 5314 5313
f 5353 5318 5346
f 5346 5318 5317
f 5334 6468 5358
f 5358 6468 5360
f 5324 6469 5334
f 5334 6469 6468
f 5323 6470 5324
f 5324 6470 6469
f 5343 6471 5323
f 5323 6471 6470
f 6354 6353 5343
f 5343 6353 6471
f 6348 6349 4270
f 4270 6349 5311
f 5272 6340 5273
f 5273 6340 4272
f 6432 5271 4232
f 4232 5271 4233
f 4294 6432 4295
f 4295 6432 4232
f 6432 4294 6433
f 6433 4294 4301
f 4301 4300 6433
f 6433 4300 4787
f 4704 4784 4300
f 4300 4784 4787
f 4704 3013 4784
f 4784 3013 1307
f 5103 6472 5104
f 5104 6472 5202
f 5108 5116 5105
f 5105 5116 5115
f 5111 5124 5112
f 5112 5124 5123
f 5154 5205 5105
f 5105 5205 5106
f 5167 5180 5168
f 5168 5180 5185
f 5175 5188 5176
f 5176 5188 5187
f 5112 5123 5178
f 5178 5123 5120
f 5167 5090 5183
f 5183 5090 5089
f 5210 5151 5183
f 5183 5151 5181
f 5216 5138 5217
f 5217 5138 5137
f 5218 5119 5219
f 5219 5119 5221
f 5218 5178 5119
f 5119 5178 5120
f 5217 5137 5104
f 5104 5137 5101
f 5116 5108 5221
f 5221 5108 5219
f 5111 5110 5210
f 5210 5110 5151
f 5154 5153 5103
f 5103 5153 6472
f 5216 5215 5176
f 5176 5215 5173
f 5175 5174 5168
f 5168 5174 5166
f 5091 5172 5092
f 5092 5172 5208
f 5117 5037 5118
f 5118 5037 5036
f 5121 5164 5122
f 5122 5164 5133
f 5125 5084 5126
f 5126 5084 5083
f 5129 5174 5130
f 5130 5174 5173
f 5131 5202 5132
f 5132 5202 6472
f 5135 5221 5122
f 5122 5221 5119
f 5125 5124 5136
f 5136 5124 5209
f 5126 5083 5121
f 5121 5083 5164
f 5118 5036 5195
f 5195 5036 5193
f 5131 5097 5203
f 5203 5097 5114
f 5132 6472 5195
f 5195 6472 5153
f 5136 5209 5092
f 5092 5209 5089
f 5135 5134 5117
f 5117 5134 5037
f 5362 5206 5130
f 5130 5206 5127
f 5372 5371 5128
f 5128 5371 5129
f 5371 5372 5091
f 5091 5372 5172
f 5362 5215 5203
f 5203 5215 5201
f 6463 6407 5353
f 5353 6407 5318
f 6464 6463 5352
f 5352 6463 5353
f 6408 6465 5288
f 5288 6465 5289
f 4196 4224 6426
f 6426 4224 6427
f 6430 6427 6428
f 6428 6427 4224
f 6466 6430 4382
f 4382 6430 6428
f 6410 6466 4217
f 4217 6466 4382
f 4240 4239 3015
f 3015 4239 3016
f 4254 4257 3017
f 3017 4257 3018
f 6473 6474 4732
f 4732 6474 6475
f 6474 6374 6475
f 6475 6374 6373
f 5246 6374 3022
f 3022 6374 3023
f 4254 6299 4255
f 4255 6299 6288
f 6473 6300 3024
f 3024 6300 3025
f 6476 4257 6312
f 6312 4257 4256
f 4240 6476 4241
f 4241 6476 6312
f 6477 4239 6391
f 6391 4239 4238
f 6467 6477 6457
f 6457 6477 6391
f 6411 3029 6467
f 6467 3029 3028
f 4216 3030 6411
f 6411 3030 3029
f 6479 6480 6478
f 6478 6480 6481
f 6483 6484 6482
f 6482 6484 6485
f 6486 6487 4102
f 4102 6487 6331
f 6483 6488 6478
f 6478 6488 6489
f 4429 4829 6490
f 6490 4829 6479
f 6491 6486 4101
f 4101 6486 4102
f 4895 6491 4899
f 4899 6491 4101
f 4160 6488 4157
f 4157 6488 6492
f 6489 4087 6490
f 6490 4087 4090
f 4267 4261 5013
f 5013 4261 4260
f 4258 4261 5328
f 5328 4261 4975
f 4261 4267 4975
f 4975 4267 4266
f 5367 3793 3912
f 3912 3793 3575
f 6494 3616 6493
f 6493 3616 3795
f 6496 3589 6495
f 6495 3589 3588
f 6495 3588 5368
f 5368 3588 3794
f 3841 3840 3050
f 3050 3840 3051
f 3912 3911 3052
f 3052 3911 3053
f 3929 3930 3054
f 3054 3930 3055
f 5370 3930 3916
f 3916 3930 3923
f 3938 5369 3807
f 3807 5369 3915
f 3589 6496 3806
f 3806 6496 3937
f 3938 3937 3056
f 3056 3937 3057
f 3051 3840 3058
f 3058 3840 3943
f 3730 4808 3727
f 3727 4808 3943
f 3820 3951 3795
f 3795 3951 6493
f 3951 3841 3059
f 3059 3841 3050
f 3911 3574 6494
f 6494 3574 3616
f 3823 3929 3824
f 3824 3929 3952
f 4061 4060 3060
f 3060 4060 3061
f 6497 6498 4901
f 4901 6498 4790
f 6333 6499 4738
f 4738 6499 4739
f 6500 6501 6314
f 6314 6501 4418
f 6502 6275 4417
f 4417 6275 4185
f 6503 6497 4783
f 4783 6497 4901
f 6498 4060 4790
f 4790 4060 4059
f 4808 4061 3069
f 3069 4061 3060
f 5367 3071 5368
f 5368 3071 3070
f 5369 3073 5370
f 5370 3073 3072
f 6274 6275 3074
f 3074 6275 3075
f 6499 6504 4739
f 4739 6504 6317
f 6333 6332 3077
f 3077 6332 3078
f 6334 6274 3079
f 3079 6274 3074
f 6332 4825 3078
f 3078 4825 3080
f 6334 6503 4188
f 4188 6503 4783
f 4825 4689 3080
f 3080 4689 1330
f 6506 4747 6505
f 6505 4747 4746
f 6505 6507 6506
f 6506 6507 6508
f 4297 6509 4920
f 4920 6509 6510
f 4296 6511 4297
f 4297 6511 6509
f 6506 6508 4319
f 4319 6508 6512
f 4372 4371 6514
f 6514 4371 6513
f 6511 4296 5251
f 5251 4296 4305
f 5251 5250 6511
f 6511 5250 6515
f 6516 6509 6515
f 6515 6509 6511
f 6517 6507 6519
f 6519 6507 6518
f 6512 6520 6513
f 6513 6520 6514
f 6507 6517 6508
f 6508 6517 6521
f 5249 6523 6522
f 6522 6523 6524
f 6525 6370 5253
f 5253 6370 6526
f 4370 4323 4371
f 4371 4323 4326
f 4370 3103 4323
f 4323 3103 1541
f 6521 6517 6527
f 6527 6517 6519
f 6520 6528 6514
f 6514 6528 6529
f 6531 6532 6530
f 6530 6532 6533
f 5250 6534 6515
f 6515 6534 6535
f 6530 6533 6536
f 6536 6533 6537
f 6526 6538 6534
f 6534 6538 6537
f 6515 6535 6516
f 6516 6535 6539
f 4325 4321 4326
f 4326 4321 4320
f 4371 4326 6513
f 6513 4326 4320
f 6531 4731 6541
f 6541 4731 6540
f 4731 4730 6540
f 6540 4730 6542
f 4730 3121 6542
f 6542 3121 3120
f 6530 4328 6531
f 6531 4328 4731
f 4328 6530 4329
f 4329 6530 6536
f 4329 6536 6524
f 6524 6536 6543
f 6544 6545 6522
f 6522 6545 5248
f 6389 6388 5245
f 5245 6388 6373
f 6388 6546 6373
f 6373 6546 6475
f 4733 6546 6295
f 6295 6546 4377
f 4732 6475 4733
f 4733 6475 6546
f 4393 4432 4394
f 4394 4432 4435
f 4434 4672 4842
f 4842 4672 4671
f 4440 4439 4441
f 4441 4439 4438
f 4436 4450 4437
f 4437 4450 4398
f 4447 4444 4448
f 4448 4444 4392
f 4446 4464 4433
f 4433 4464 6547
f 4454 4423 4455
f 4455 4423 4422
f 4452 4481 4453
f 4453 4481 4480
f 4458 4389 4459
f 4459 4389 4388
f 4456 4471 4457
f 4457 4471 4468
f 4391 4460 4392
f 4392 4460 4448
f 4461 4467 4445
f 4445 4467 4465
f 4437 4398 4629
f 4629 4398 4397
f 4438 4628 4441
f 4441 4628 4631
f 4841 4629 4839
f 4839 4629 4397
f 4628 4842 4631
f 4631 4842 4671
f 4930 4989 4452
f 4452 4989 4481
f 4929 4927 4436
f 4436 4927 4450
f 4933 4387 4934
f 4934 4387 4386
f 4931 4475 4932
f 4932 4475 4474
f 4936 4449 4933
f 4933 4449 4387
f 4935 4472 4456
f 4456 4472 4471
f 4389 4458 4391
f 4391 4458 4460
f 4457 4468 4461
f 4461 4468 4467
f 4934 4386 4454
f 4454 4386 4423
f 4453 4480 4931
f 4931 4480 4475
f 4575 4997 4576
f 4576 4997 4639
f 4579 4596 4580
f 4580 4596 4595
f 4583 4582 4572
f 4572 4582 4569
f 4587 4944 4588
f 4588 4944 4562
f 4588 4562 4590
f 4590 4562 4561
f 4576 4639 4642
f 4642 4639 4638
f 4642 4845 4641
f 4641 4845 4846
f 4845 4590 4846
f 4846 4590 4561
f 4941 4938 4595
f 4595 4938 4580
f 4938 4940 4668
f 4668 4940 4669
f 4583 4942 4584
f 4584 4942 4947
f 4582 4587 4569
f 4569 4587 4586
f 5000 5001 4579
f 4579 5001 4596
f 4558 4560 4585
f 4585 4560 4586
f 4565 4639 4566
f 4566 4639 4997
f 4568 4567 4577
f 4577 4567 4578
f 4570 4554 4571
f 4571 4554 4556
f 4640 4565 4637
f 4637 4565 4546
f 4662 4664 4665
f 4665 4664 4844
f 4662 4558 4589
f 4589 4558 4585
f 4554 4570 4557
f 4557 4570 4560
f 4571 4667 4572
f 4572 4667 4943
f 4551 4670 4552
f 4552 4670 4666
f 4640 4664 4638
f 4638 4664 4663
f 4670 4568 4668
f 4668 4568 4577
f 4999 4996 4566
f 4566 4996 4543
f 4608 4564 4603
f 4603 4564 4563
f 4573 4593 4574
f 4574 4593 4592
f 4597 4614 4598
f 4598 4614 4613
f 4601 4600 4584
f 4584 4600 4581
f 4563 4562 4604
f 4604 4562 4944
f 4643 4593 4641
f 4641 4593 4573
f 4643 4847 4644
f 4644 4847 4848
f 4564 4847 4561
f 4561 4847 4846
f 4945 4941 4598
f 4598 4941 4595
f 4941 4945 4939
f 4939 4945 4946
f 4601 4948 4602
f 4602 4948 4620
f 4600 4604 4581
f 4581 4604 4944
f 5002 5003 4597
f 4597 5003 4614
f 4988 4759 4953
f 4953 4759 4402
f 4706 6548 4707
f 4707 6548 6549
f 4311 4928 4419
f 4419 4928 6550
f 4921 4920 6551
f 6551 4920 6552
f 4925 6553 4926
f 4926 6553 6554
f 4928 4921 4802
f 4802 4921 6551
f 6555 4985 6550
f 6550 4985 4419
f 4952 6556 4953
f 4953 6556 4649
f 4971 6557 4706
f 4706 6557 6548
f 4988 4648 4925
f 4925 4648 6553
f 4707 6549 5006
f 5006 6549 4987
f 4920 6510 6552
f 6552 6510 6518
f 6558 6510 6516
f 6516 6510 6509
f 6559 6558 6539
f 6539 6558 6516
f 6531 6541 6532
f 6532 6541 6560
f 6540 6561 6541
f 6541 6561 6529
f 6542 6562 6540
f 6540 6562 6561
f 6542 3120 6562
f 6562 3120 3142
f 4366 6563 4760
f 4760 6563 4970
f 4815 6564 4816
f 4816 6564 6565
f 3147 3146 6565
f 6565 3146 4816
f 6564 6563 6565
f 6565 6563 6566
f 4837 4385 4357
f 4357 4385 4358
f 6565 6566 3147
f 3147 6566 3149
f 4694 1209 3150
f 5247 5249 5248
f 5248 5249 6522
f 6372 6390 6545
f 6545 6390 6389
f 6375 5254 6376
f 6376 5254 5258
f 6377 6525 6378
f 6378 6525 5255
f 5260 6379 5258
f 5258 6379 6376
f 6380 6567 6381
f 6381 6567 6568
f 6382 6569 6383
f 6383 6569 6570
f 6377 6371 6525
f 6525 6371 6370
f 6379 5260 6384
f 6384 5260 6571
f 6385 6572 6382
f 6382 6572 6569
f 6378 5255 6375
f 6375 5255 5254
f 6386 6573 6387
f 6387 6573 6574
f 6545 6389 5248
f 5248 6389 5245
f 4675 4750 4676
f 4676 4750 6286
f 4734 6289 4735
f 4735 6289 6288
f 4804 6290 4805
f 4805 6290 4963
f 4811 4807 4812
f 4812 4807 4411
f 4954 6292 4955
f 4955 6292 4959
f 4964 4962 4965
f 4965 4962 4751
f 6285 4821 4812
f 4812 4821 4809
f 4675 4287 4965
f 4965 4287 4210
f 6294 4145 4955
f 4955 4145 4154
f 4964 4120 4805
f 4805 4120 4119
f 6298 4966 4734
f 4734 4966 6289
f 6300 6473 4735
f 4735 6473 4732
f 6297 6296 4676
f 4676 6296 4288
f 6523 3160 4330
f 4330 3160 3159
f 5253 5252 6525
f 6525 5252 5255
f 5256 5252 4305
f 4305 5252 5251
f 4304 5257 4305
f 4305 5257 5256
f 4424 5259 4304
f 4304 5259 5257
f 5261 6571 5259
f 5259 6571 5260
f 5262 6573 5261
f 5261 6573 6571
f 5264 6567 5265
f 5265 6567 6574
f 5266 6572 5267
f 5267 6572 6568
f 5268 6570 5269
f 5269 6570 6569
f 1807 3161 5268
f 5268 3161 6570
f 6524 6523 4329
f 4329 6523 4330
f 5253 6526 5250
f 5250 6526 6534
f 6543 6538 6544
f 6544 6538 6369
f 6524 6543 6522
f 6522 6543 6544
f 3071 5367 3052
f 3052 5367 3912
f 6493 3163 6494
f 6494 3163 3162
f 3164 445 3771
f 3771 445 3761
f 461 3165 3919
f 3919 3165 3920
f 330 410 3839
f 3839 410 3910
f 332 331 3552
f 3552 331 3551
f 464 304 3918
f 3918 304 3816
f 385 458 3766
f 3766 458 3894
f 412 415 3762
f 3762 415 3763
f 3166 337 3748
f 3748 337 3745
f 3072 3055 5370
f 5370 3055 3930
f 3073 5369 3056
f 3056 5369 3938
f 3167 3057 6496
f 6496 3057 3937
f 3069 3058 4808
f 4808 3058 3943
f 411 3166 3851
f 3851 3166 3748
f 3059 3163 3951
f 3951 3163 6493
f 336 3164 3772
f 3772 3164 3771
f 3053 3911 3162
f 3162 3911 6494
f 3054 3168 3929
f 3929 3168 3952
f 3165 830 3920
f 3920 830 3945
f 3170 3169 6497
f 6497 3169 6498
f 3171 1354 5005
f 5005 1354 4830
f 3172 3170 6503
f 6503 3170 6497
f 3169 3061 6498
f 6498 3061 4060
f 3173 3171 5006
f 5006 3171 5005
f 3079 3172 6334
f 6334 3172 6503
f 3174 3025 6299
f 6299 3025 6300
f 6576 6577 6575
f 6575 6577 6578
f 4612 4611 6579
f 6579 4611 6580
f 6582 6583 6581
f 6581 6583 6584
f 6584 6585 4618
f 4618 6585 4621
f 6586 6587 6589
f 6589 6587 6588
f 6588 6587 6590
f 6590 6587 6591
f 6592 4606 6590
f 6590 4606 4623
f 6594 6576 6593
f 6593 6576 6575
f 6595 6582 6579
f 6579 6582 6581
f 6580 6597 6596
f 6596 6597 6598
f 6577 6576 6599
f 6599 6576 6600
f 6595 6596 6601
f 6601 6596 6602
f 6583 6582 6603
f 6603 6582 6604
f 6586 6606 6605
f 6605 6606 6607
f 6587 6586 6608
f 6608 6586 6605
f 6587 6608 6591
f 6591 6608 6609
f 6576 6594 6600
f 6600 6594 6610
f 6582 6595 6604
f 6604 6595 6601
f 6599 6611 6577
f 6577 6611 6598
f 6613 6614 6612
f 6612 6614 6615
f 6617 6618 6616
f 6616 6618 6619
f 6621 6622 6620
f 6620 6622 6623
f 6625 6626 6624
f 6624 6626 6627
f 6629 6630 6628
f 6628 6630 6631
f 6633 6634 6632
f 6632 6634 6635
f 6637 6638 6636
f 6636 6638 6639
f 6640 6641 6637
f 6637 6641 6638
f 6643 6633 6642
f 6642 6633 6632
f 6645 6646 6644
f 6644 6646 6647
f 6646 6648 6647
f 6647 6648 6649
f 6651 6652 6650
f 6650 6652 6653
f 6653 6652 6654
f 6654 6652 6655
f 6656 6657 6659
f 6659 6657 6658
f 6661 6662 6660
f 6660 6662 6663
f 6662 6661 6664
f 6664 6661 6665
f 6667 6657 6666
f 6666 6657 6656
f 6669 6670 6668
f 6668 6670 6671
f 6672 6673 6670
f 6670 6673 6671
f 6674 6675 6677
f 6677 6675 6676
f 6675 6678 6676
f 6676 6678 6679
f 6681 6682 6680
f 6680 6682 6683
f 6684 6685 6683
f 6683 6685 6680
f 6687 6688 6686
f 6686 6688 6689
f 6687 6690 6688
f 6688 6690 6691
f 6619 6618 6633
f 6633 6618 6634
f 6632 6635 6693
f 6693 6635 6692
f 6617 6694 6636
f 6636 6694 6637
f 6695 6692 6639
f 6639 6692 6635
f 6637 6694 6640
f 6640 6694 6696
f 6698 6638 6697
f 6697 6638 6641
f 6643 6616 6633
f 6633 6616 6619
f 6642 6699 6641
f 6641 6699 6697
f 6646 6645 6700
f 6700 6645 6621
f 6644 6701 6654
f 6654 6701 6702
f 6700 6703 6646
f 6646 6703 6648
f 6693 6704 6649
f 6649 6704 6647
f 6620 6623 6651
f 6651 6623 6652
f 6693 6649 6699
f 6699 6649 6650
f 6652 6623 6655
f 6655 6623 6622
f 6654 6702 6653
f 6653 6702 6697
f 6615 6614 6657
f 6657 6614 6658
f 6705 6656 6704
f 6704 6656 6659
f 6613 6706 6660
f 6660 6706 6661
f 6704 6659 6701
f 6701 6659 6663
f 6661 6706 6665
f 6665 6706 6707
f 6708 6702 6664
f 6664 6702 6662
f 6612 6615 6667
f 6667 6615 6657
f 6666 6709 6664
f 6664 6709 6708
f 6629 6710 6669
f 6669 6710 6670
f 6668 6711 6679
f 6679 6711 6712
f 6713 6672 6710
f 6710 6672 6670
f 6714 6671 6705
f 6705 6671 6673
f 6628 6631 6674
f 6674 6631 6675
f 6705 6673 6709
f 6709 6673 6677
f 6631 6630 6675
f 6675 6630 6678
f 6712 6708 6679
f 6679 6708 6676
f 6625 6715 6682
f 6682 6715 6683
f 6716 6717 6681
f 6681 6717 6691
f 6718 6684 6715
f 6715 6684 6683
f 6719 6680 6714
f 6714 6680 6685
f 6624 6627 6686
f 6686 6627 6687
f 6689 6711 6685
f 6685 6711 6714
f 6627 6626 6687
f 6687 6626 6690
f 6717 6712 6691
f 6691 6712 6688
f 6612 6707 6613
f 6613 6707 6706
f 6616 6696 6617
f 6617 6696 6694
f 6703 6700 6620
f 6620 6700 6621
f 6715 6625 6718
f 6718 6625 6624
f 6710 6629 6713
f 6713 6629 6628
f 6639 6635 6636
f 6636 6635 6634
f 6641 6640 6642
f 6642 6640 6643
f 6654 6655 6644
f 6644 6655 6645
f 6651 6650 6648
f 6648 6650 6649
f 6659 6658 6663
f 6663 6658 6660
f 6665 6667 6664
f 6664 6667 6666
f 6678 6669 6679
f 6679 6669 6668
f 6673 6672 6677
f 6677 6672 6674
f 6690 6682 6691
f 6691 6682 6681
f 6685 6684 6689
f 6689 6684 6686
f 6636 6634 6617
f 6617 6634 6618
f 6638 6698 6639
f 6639 6698 6695
f 6640 6696 6643
f 6643 6696 6616
f 6693 6699 6632
f 6632 6699 6642
f 6655 6622 6645
f 6645 6622 6621
f 6704 6701 6647
f 6647 6701 6644
f 6651 6648 6620
f 6620 6648 6703
f 6650 6653 6699
f 6699 6653 6697
f 6613 6660 6614
f 6614 6660 6658
f 6663 6662 6701
f 6701 6662 6702
f 6665 6707 6667
f 6667 6707 6612
f 6705 6709 6656
f 6656 6709 6666
f 6630 6629 6678
f 6678 6629 6669
f 6714 6711 6671
f 6671 6711 6668
f 6672 6713 6674
f 6674 6713 6628
f 6677 6676 6709
f 6709 6676 6708
f 6626 6625 6690
f 6690 6625 6682
f 6680 6719 6681
f 6681 6719 6716
f 6684 6718 6686
f 6686 6718 6624
f 6711 6689 6712
f 6689 6688 6712
f 6593 6720 6594
f 6594 6720 6721
f 6722 6720 4607
f 4607 6720 4849
f 6592 6723 6722
f 6722 6723 6724
f 4610 4609 6578
f 6578 4609 6575
f 6596 6595 6580
f 6580 6595 6579
f 4618 4617 6584
f 6584 4617 6581
f 6589 6585 6586
f 6586 6585 6606
f 4622 4619 6588
f 6588 4619 6589
f 4622 6588 4623
f 4623 6588 6590
f 4609 4645 6575
f 6575 4645 6593
f 4617 4612 6581
f 6581 4612 6579
f 5004 4610 6597
f 6597 4610 6578
f 4645 4849 6593
f 6593 4849 6720
f 6724 6721 6722
f 6722 6721 6720
f 6722 4607 6592
f 6592 4607 4606
f 6725 6610 6721
f 6721 6610 6594
f 6723 6726 6724
f 6724 6726 6727
f 6727 6725 6724
f 6724 6725 6721
f 6728 6729 6605
f 6605 6729 6608
f 6605 6607 6728
f 6728 6607 6730
f 6731 6732 6604
f 6604 6732 6603
f 6733 6734 6725
f 6725 6734 6610
f 6735 6733 6727
f 6727 6733 6725
f 6735 6727 6736
f 6736 6727 6726
f 6591 6609 6723
f 6723 6609 6726
f 6723 6592 6591
f 6591 6592 6590
f 6738 6739 6737
f 6737 6739 6740
f 6740 6739 6742
f 6742 6739 6741
f 6743 6744 6741
f 6741 6744 6742
f 6745 6746 6743
f 6743 6746 6744
f 6747 6748 6745
f 6745 6748 6746
f 6749 6750 6747
f 6747 6750 6748
f 6752 6738 6751
f 6751 6738 6737
f 6754 6752 6753
f 6753 6752 6751
f 6756 6754 6755
f 6755 6754 6753
f 6758 6750 6757
f 6757 6750 6749
f 6760 6756 6759
f 6759 6756 6755
f 6762 6760 6761
f 6761 6760 6759
f 6764 6762 6763
f 6763 6762 6761
f 6757 6764 6758
f 6758 6764 6763
f 6766 6741 6765
f 6765 6741 6739
f 6767 6743 6766
f 6766 6743 6741
f 6768 6745 6767
f 6767 6745 6743
f 6769 6747 6768
f 6768 6747 6745
f 6770 6749 6769
f 6769 6749 6747
f 6772 6769 6771
f 6771 6769 6768
f 6773 6770 6772
f 6772 6770 6769
f 6774 6775 6772
f 6772 6775 6773
f 6777 6778 6776
f 6776 6778 6779
f 6775 6774 6778
f 6778 6774 6779
f 6771 6780 6772
f 6772 6780 6774
f 6780 6781 6774
f 6774 6781 6779
f 6781 6782 6779
f 6779 6782 6776
f 6784 6785 6783
f 6783 6785 6786
f 6786 6787 6783
f 6783 6787 6788
f 6790 6788 6789
f 6789 6788 6787
f 6786 6785 6791
f 6791 6785 6792
f 6791 6793 6786
f 6786 6793 6787
f 6793 6794 6787
f 6787 6794 6789
f 6795 6796 6794
f 6794 6796 6789
f 6790 6789 6797
f 6797 6789 6796
f 6798 6765 6738
f 6738 6765 6739
f 6799 6798 6752
f 6752 6798 6738
f 6767 6800 6768
f 6768 6800 6771
f 6766 6801 6767
f 6767 6801 6800
f 6802 6801 6765
f 6765 6801 6766
f 6798 6803 6765
f 6765 6803 6802
f 6804 6803 6799
f 6799 6803 6798
f 6805 6806 6804
f 6804 6806 6803
f 6807 6799 6754
f 6754 6799 6752
f 6808 6804 6807
f 6807 6804 6799
f 6809 6805 6808
f 6808 6805 6804
f 6810 6811 6805
f 6805 6811 6806
f 6812 6813 6810
f 6810 6813 6811
f 6814 6815 6796
f 6796 6815 6797
f 6813 6814 6816
f 6816 6814 6817
f 6816 6818 6813
f 6813 6818 6811
f 6819 6806 6818
f 6818 6806 6811
f 6802 6803 6819
f 6819 6803 6806
f 6757 6749 6820
f 6820 6749 6770
f 6820 6770 6821
f 6821 6770 6773
f 6821 6773 6822
f 6822 6773 6775
f 6822 6775 6823
f 6823 6775 6778
f 6824 6823 6777
f 6777 6823 6778
f 6784 6825 6777
f 6777 6825 6824
f 6826 6827 6788
f 6788 6827 6783
f 6828 6826 6790
f 6790 6826 6788
f 6829 6828 6797
f 6797 6828 6790
f 6815 6830 6797
f 6797 6830 6829
f 6832 6812 6831
f 6831 6812 6810
f 6831 6810 6809
f 6809 6810 6805
f 6736 6800 6735
f 6735 6800 6801
f 6733 6735 6802
f 6802 6735 6801
f 6734 6733 6819
f 6819 6733 6802
f 6833 6734 6818
f 6818 6734 6819
f 6834 6833 6816
f 6816 6833 6818
f 6816 6817 6834
f 6834 6817 6835
f 6837 6795 6836
f 6836 6795 6794
f 6836 6794 6731
f 6731 6794 6793
f 6732 6731 6791
f 6791 6731 6793
f 6791 6792 6732
f 6732 6792 6730
f 6729 6728 6781
f 6781 6728 6782
f 6838 6807 6756
f 6756 6807 6754
f 6839 6838 6760
f 6760 6838 6756
f 6840 6839 6762
f 6762 6839 6760
f 6841 6840 6764
f 6764 6840 6762
f 6820 6841 6757
f 6757 6841 6764
f 6841 6820 6842
f 6842 6820 6821
f 6840 6841 6843
f 6843 6841 6842
f 6839 6840 6844
f 6844 6840 6843
f 6838 6839 6845
f 6845 6839 6844
f 6807 6838 6808
f 6808 6838 6845
f 6842 6821 6846
f 6846 6821 6822
f 6843 6842 6847
f 6847 6842 6846
f 6844 6843 6848
f 6848 6843 6847
f 6845 6844 6849
f 6849 6844 6848
f 6808 6845 6809
f 6809 6845 6849
f 6850 6831 6849
f 6849 6831 6809
f 6851 6850 6848
f 6848 6850 6849
f 6847 6852 6848
f 6848 6852 6851
f 6853 6852 6846
f 6846 6852 6847
f 6846 6822 6853
f 6853 6822 6823
f 6853 6823 6854
f 6854 6823 6824
f 6854 6855 6853
f 6853 6855 6852
f 6856 6851 6855
f 6855 6851 6852
f 6856 6857 6851
f 6851 6857 6850
f 6857 6832 6850
f 6850 6832 6831
f 6825 6858 6824
f 6824 6858 6854
f 6860 6827 6859
f 6859 6827 6826
f 6859 6826 6861
f 6861 6826 6828
f 6862 6861 6829
f 6829 6861 6828
f 6830 6863 6829
f 6829 6863 6862
f 6863 6864 6862
f 6862 6864 6865
f 6858 6866 6854
f 6854 6866 6855
f 6867 6865 6866
f 6866 6865 6864
f 6869 6859 6868
f 6868 6859 6861
f 6867 6869 6865
f 6865 6869 6868
f 6861 6862 6868
f 6868 6862 6865
f 6867 6860 6869
f 6869 6860 6859
f 6753 6751 6698
f 6698 6751 6695
f 6697 6755 6698
f 6698 6755 6753
f 6759 6755 6702
f 6702 6755 6697
f 6761 6759 6708
f 6708 6759 6702
f 6763 6761 6712
f 6712 6761 6708
f 6758 6763 6717
f 6717 6763 6712
f 6750 6758 6716
f 6716 6758 6717
f 6719 6748 6716
f 6716 6748 6750
f 6714 6746 6719
f 6719 6746 6748
f 6705 6744 6714
f 6714 6744 6746
f 6704 6742 6705
f 6705 6742 6744
f 6740 6742 6693
f 6693 6742 6704
f 6737 6740 6692
f 6692 6740 6693
f 6751 6737 6695
f 6695 6737 6692
f 6601 6602 6836
f 6836 6602 6837
f 6604 6601 6731
f 6731 6601 6836
f 6599 6600 6834
f 6834 6600 6833
f 6834 6835 6599
f 6599 6835 6611
f 6600 6610 6833
f 6833 6610 6734
f 6780 6771 6870
f 6870 6771 6736
f 6736 6771 6800
f 6870 6729 6780
f 6780 6729 6781
f 6608 6729 6609
f 6609 6729 6870
f 6609 6870 6726
f 6726 6870 6736
f 5014 5015 5229
f 5229 5015 5230
f 4258 5015 4259
f 4259 5015 4878
f 3471 3013 4703
f 4703 3013 4704
f 2879 6337 1306
f 1306 6337 4785
f 829 3471 4316
f 4316 3471 4703
f 4702 3472 5223
f 5223 3472 1756
f 6871 6872 4534
f 4534 6872 4535
f 6871 4665 6872
f 6872 4665 4844
f 6871 6873 4665
f 4665 6873 4559
f 6871 4534 6873
f 6873 4534 4542
f 4153 4152 4822
f 4822 4152 4407
f 4152 4168 4407
f 4407 4168 4342
f 4343 4168 4923
f 4923 4168 4167
f 4363 4362 4972
f 4972 4362 4840
f 4362 4394 4840
f 4840 4394 4839
f 4401 4400 4986
f 4986 4400 4984
f 4435 4434 4841
f 4841 4434 4842
f 4506 4505 4530
f 4530 4505 4531
f 4506 4535 4507
f 4507 4535 4843
f 4661 4660 4516
f 4516 4660 4517
f 4673 4672 4937
f 4937 4672 6547
f 4400 4924 4984
f 4984 4924 5263
f 4673 4660 4674
f 4674 4660 4659
f 4505 4661 4531
f 4531 4661 4516
f 4952 4401 6874
f 6874 4401 4986
f 4954 4153 6875
f 6875 4153 4822
f 4363 4973 4364
f 4364 4973 4974
f 5264 4924 5267
f 5267 4924 4691
f 6293 6292 6876
f 6876 6292 6877
f 6380 4343 6387
f 6387 4343 4923
f 4394 4435 4839
f 4839 4435 4841
f 4672 4434 6547
f 6547 4434 4433
f 4973 6556 4974
f 4974 6556 6878
f 6567 6380 6574
f 6574 6380 6387
f 6292 4954 6877
f 6877 4954 6875
f 6567 5264 6568
f 6568 5264 5267
f 4145 4144 4154
f 4154 4144 4151
f 4194 4144 4425
f 4425 4144 4143
f 4355 4354 5263
f 5263 4354 4984
f 4360 4359 4364
f 4364 4359 4361
f 4444 4359 4392
f 4392 4359 4337
f 4447 4446 4432
f 4432 4446 4433
f 4464 4463 6547
f 6547 4463 4937
f 4519 4518 4654
f 4654 4518 4509
f 4533 4532 4499
f 4499 4532 4498
f 4533 4542 4530
f 4530 4542 4534
f 4519 4532 4516
f 4516 4532 4531
f 4922 4194 4426
f 4426 4194 4425
f 4463 4518 4937
f 4937 4518 4517
f 6555 4951 6874
f 6874 4951 6878
f 4958 4957 6290
f 6290 4957 6291
f 4334 4360 4712
f 4712 4360 4950
f 4985 4354 4419
f 4419 4354 4353
f 5262 4355 5265
f 5265 4355 5263
f 6294 4958 4804
f 4804 4958 6290
f 6386 4922 6384
f 6384 4922 4426
f 4444 4447 4393
f 4393 4447 4432
f 4464 4446 4465
f 4465 4446 4445
f 4985 6555 4986
f 4986 6555 6874
f 6573 6386 6571
f 6571 6386 6384
f 4145 6294 4146
f 4146 6294 4804
f 6573 5262 6574
f 6574 5262 5265
f 4542 4541 6873
f 6873 4541 4559
f 4535 6872 4843
f 4843 6872 4844
f 4104 4103 6879
f 6879 4103 6343
f 4105 6293 6307
f 6307 6293 6876
f 4104 4956 4105
f 4105 4956 6293
f 4956 4104 4957
f 4957 4104 6879
f 4957 6879 6291
f 6291 6879 6309
f 4648 4988 4649
f 4649 4988 4953
f 4802 4803 4928
f 4928 4803 6550
f 6550 4803 6555
f 6555 4803 4951
f 1516 3173 4987
f 4987 3173 5006
f 6519 6518 6558
f 6558 6518 6510
f 6527 6519 6559
f 6559 6519 6558
f 6528 6560 6529
f 6529 6560 6541
f 6548 4625 6549
f 6549 4625 4624
f 6551 6552 4746
f 4746 6552 6505
f 6553 4711 6554
f 6554 4711 4710
f 4802 6551 4713
f 4713 6551 4746
f 6556 4973 4649
f 4649 4973 4646
f 6557 4949 6548
f 6548 4949 4625
f 4648 4647 6553
f 6553 4647 4711
f 6549 4624 4987
f 4987 4624 4838
f 6552 6518 6505
f 6505 6518 6507
f 6561 4372 6529
f 6529 4372 6514
f 6562 4369 6561
f 6561 4369 4372
f 3142 3482 6562
f 6562 3482 4369
f 6556 4952 6878
f 6878 4952 6874
f 4951 4950 6878
f 6878 4950 4974
f 3168 440 3952
f 4204 4203 5341
f 5341 4203 6364
f 4219 4222 6429
f 6429 4222 4383
f 4319 4322 6506
f 6506 4322 4747
f 4340 4714 4341
f 4341 4714 4384
f 4375 4377 6388
f 6388 4377 6546
f 4378 4381 6311
f 6311 4381 4720
f 4449 4341 4387
f 4387 4341 4384
f 4473 4472 4477
f 4477 4472 4474
f 4492 4491 4487
f 4487 4491 4488
f 4523 4491 4522
f 4522 4491 4490
f 4492 4538 4493
f 4493 4538 4555
f 4538 4553 4555
f 4555 4553 4556
f 4620 4615 4621
f 4621 4615 4618
f 4652 4651 4368
f 4368 4651 4365
f 4523 4655 4524
f 4524 4655 4656
f 4553 4667 4556
f 4556 4667 4571
f 4651 1210 4365
f 4365 1210 1209
f 4698 4697 5223
f 5223 4697 6344
f 4340 4339 4322
f 4322 4339 4747
f 4726 4729 5287
f 5287 4729 4198
f 4381 4380 4737
f 4737 4380 6368
f 4836 4835 4451
f 4451 4835 4709
f 4910 6367 4911
f 4911 6367 6366
f 4912 4915 6450
f 6450 4915 6449
f 4927 4836 4450
f 4450 4836 4451
f 4930 4929 4439
f 4439 4929 4436
f 4936 4935 4459
f 4459 4935 4456
f 4473 4655 4470
f 4470 4655 4510
f 4942 4583 4943
f 4943 4583 4572
f 4948 4601 4947
f 4947 4601 4584
f 4949 4835 4625
f 4625 4835 4626
f 4966 4969 6289
f 6289 4969 4695
f 4971 4652 4926
f 4926 4652 4368
f 4203 4977 6364
f 6364 4977 6365
f 4990 4989 4443
f 4443 4989 4440
f 4990 4991 4478
f 4478 4991 4512
f 4992 4991 4528
f 4528 4991 4515
f 4992 4993 4527
f 4527 4993 4485
f 4994 4993 4502
f 4502 4993 4503
f 4994 4995 4482
f 4482 4995 4550
f 4543 4996 4544
f 4544 4996 4995
f 4999 4998 4567
f 4567 4998 4578
f 5000 4998 4575
f 4575 4998 4997
f 5002 5001 4592
f 4592 5001 4574
f 5003 5004 4614
f 4614 5004 4611
f 3483 4215 1755
f 1755 4215 4698
f 5274 5277 4195
f 4195 5277 4223
f 4726 5295 4727
f 4727 5295 6350
f 5309 5342 5310
f 5310 5342 6363
f 5315 5314 5316
f 5316 5314 5317
f 5339 6362 5340
f 5340 6362 5363
f 5310 6363 5339
f 5339 6363 6362
f 4204 5309 4201
f 4201 5309 5308
f 4915 5345 6449
f 6449 5345 6448
f 5345 5315 6448
f 6448 5315 5316
f 5348 5347 6351
f 6351 5347 6352
f 5365 4263 5340
f 5340 4263 4262
f 6295 6298 4733
f 4733 6298 4734
f 4969 6306 4695
f 4695 6306 4696
f 6306 4378 4696
f 4696 4378 6311
f 6369 6372 6544
f 6544 6372 6545
f 4375 6390 4373
f 4373 6390 4374
f 6421 6422 4911
f 4911 6422 4908
f 4910 4909 4737
f 4737 4909 4736
f 5277 4219 4223
f 4223 4219 6429
f 4697 4222 6344
f 6344 4222 4221
f 6436 6361 6437
f 6437 6361 6360
f 6438 6440 6437
f 6437 6440 6434
f 6438 6359 6441
f 6441 6359 6358
f 6442 6441 6357
f 6357 6441 6358
f 6442 6444 6443
f 6443 6444 6445
f 6446 6444 6355
f 6355 6444 6356
f 6446 4912 6447
f 6447 4912 6450
f 6436 6435 5365
f 5365 6435 4263
f 5314 5347 5317
f 5317 5347 5346
f 4319 6512 4320
f 4320 6512 6513
f 6520 6512 6521
f 6521 6512 6508
f 6528 6520 6527
f 6527 6520 6521
f 6532 6539 6533
f 6533 6539 6535
f 6533 6535 6537
f 6537 6535 6534
f 6538 6543 6537
f 6537 6543 6536
f 6295 4377 6296
f 6296 4377 4376
f 4989 4930 4440
f 4440 4930 4439
f 4927 4929 4422
f 4422 4929 4455
f 4449 4936 4388
f 4388 4936 4459
f 4472 4935 4474
f 4474 4935 4932
f 4942 4940 4947
f 4947 4940 4939
f 5001 5000 4574
f 4574 5000 4575
f 4669 4943 4666
f 4666 4943 4667
f 4996 4999 4547
f 4547 4999 4567
f 4948 4946 4620
f 4620 4946 4615
f 5003 5002 4591
f 4591 5002 4592
f 6557 4971 6554
f 6554 4971 4926
f 6532 6560 6539
f 6539 6560 6559
f 6390 6372 4374
f 4374 6372 6371
f 4966 6298 4967
f 4967 6298 6297
f 6538 6526 6369
f 6369 6526 6370
f 6585 6589 4621
f 4621 6589 4619
f 6597 6578 6598
f 6598 6578 6577
f 6606 6583 6607
f 6607 6583 6603
f 6611 6602 6598
f 6598 6602 6596
f 6585 6584 6606
f 6606 6584 6583
f 6597 6580 5004
f 5004 6580 4611
f 6607 6603 6730
f 6730 6603 6732
f 6776 6785 6777
f 6777 6785 6784
f 6785 6776 6792
f 6792 6776 6782
f 6815 6814 6812
f 6812 6814 6813
f 6817 6814 6795
f 6795 6814 6796
f 6825 6784 6827
f 6827 6784 6783
f 6830 6815 6832
f 6832 6815 6812
f 6817 6795 6835
f 6835 6795 6837
f 6792 6782 6730
f 6730 6782 6728
f 6858 6825 6860
f 6860 6825 6827
f 6863 6830 6857
f 6857 6830 6832
f 6864 6863 6856
f 6856 6863 6857
f 6866 6858 6867
f 6867 6858 6860
f 6866 6864 6855
f 6855 6864 6856
f 6835 6837 6611
f 6611 6837 6602
f 6560 6528 6559
f 6559 6528 6527
f 4949 6557 4710
f 4710 6557 6554
f 4430 4090 4175
f 4175 4090 4089
f 4777 4113 4155
f 4155 4113 4086
f 4175 4089 4176
f 4176 4089 4142
f 4199 4271 4200
f 4200 4271 4798
f 4199 4095 4272
f 4272 4095 5273
f 4406 4405 4404
f 4404 4405 4346
f 4410 4409 6877
f 6877 4409 6876
f 4409 4413 6876
f 6876 4413 6307
f 4415 4148 4416
f 4416 4148 4147
f 4690 4405 4344
f 4344 4405 4342
f 4693 4692 4352
f 4352 4692 4349
f 4701 4700 6337
f 6337 4700 6338
f 4778 4777 4081
f 4081 4777 4155
f 4821 4406 4809
f 4809 4406 4404
f 4176 4142 4181
f 4181 4142 4415
f 4760 4970 4399
f 4399 4970 4692
f 4200 5007 4096
f 4096 5007 4078
f 5266 4693 5269
f 5269 4693 4352
f 5270 5007 5361
f 5361 5007 4797
f 4778 5270 4779
f 4779 5270 5361
f 6285 4410 6875
f 6875 4410 6877
f 6308 4413 4687
f 4687 4413 4412
f 6480 6320 6481
f 6481 6320 6880
f 4701 2878 4702
f 4702 2878 3472
f 6339 6347 6340
f 6340 6347 6348
f 6341 6342 6346
f 6346 6342 6345
f 4416 6308 4414
f 4414 6308 4687
f 6385 4690 6381
f 6381 4690 4344
f 5282 6341 5280
f 5280 6341 6339
f 4700 6342 6338
f 6338 6342 5281
f 6340 6348 4272
f 4272 6348 4270
f 6480 6479 4828
f 4828 6479 4829
f 6490 6479 6489
f 6489 6479 6478
f 4090 4430 6490
f 6490 4430 4429
f 6563 6564 4970
f 4970 6564 4815
f 4694 6566 4366
f 4366 6566 6563
f 6572 6385 6568
f 6568 6385 6381
f 4821 6285 4822
f 4822 6285 6875
f 6572 5266 6569
f 6569 5266 5269
f 3482 3103 4369
f 4369 3103 4370
f 3121 4730 3485
f 3485 4730 4327
f 6277 6280 6273
f 6273 6280 6272
f 6267 6276 6278
f 6278 6276 6279
f 6278 6279 6277
f 6277 6279 6280
f 6279 6256 6280
f 6280 6256 6255
f 6256 3857 6255
f 6255 3857 3754
f 3857 3856 3754
f 3754 3856 3755
f 3856 3703 3755
f 3755 3703 3863
f 3703 3702 3863
f 3863 3702 3759
f 3702 3706 3759
f 3759 3706 3670
f 3706 3705 3670
f 3670 3705 3668
f 3705 3773 3668
f 3668 3773 3882
f 3882 3773 3883
f 3883 3773 3707
f 3707 3708 3883
f 3883 3708 3880
f 3708 3710 3880
f 3880 3710 3881
f 3709 5241 3710
f 3710 5241 3881
f 5241 3709 5234
f 5234 3709 3786
f 3693 3712 3786
f 3786 3712 5234
f 4051 4055 4052
f 4052 4055 4056
f 4056 4055 4057
f 4057 4055 4054
f 4066 5238 5236
f 5236 5238 3989
f 4066 4069 5238
f 5238 4069 4035
f 6881 3962 3960
f 3960 3962 3957
f 6883 4070 6882
f 6882 4070 3941
f 4070 6883 4071
f 4071 6883 6884
f 4071 6884 4072
f 4072 6884 6885
f 6885 6886 4072
f 4072 6886 4031
f 3955 6881 3956
f 3956 6881 3960
f 6884 3991 6885
f 6885 3991 3990
f 6883 6887 6884
f 6884 6887 3991
f 6887 6888 3991
f 3991 6888 3992
f 6888 6887 6889
f 6889 6887 6890
f 6887 6883 6890
f 6890 6883 6882
f 4058 5240 3953
f 3953 5240 3954
f 5236 6888 5239
f 5239 6888 6889
f 5237 6886 3990
f 3990 6886 6885
f 4034 4031 5237
f 5237 4031 6886
f 6881 6882 3962
f 3962 6882 3941
f 6881 3955 6882
f 6882 3955 6890
f 3955 3954 6890
f 6890 3954 6889
f 5239 6889 5240
f 5240 6889 3954
f 6888 5236 3992
f 3992 5236 3989
f 3869 3868 3888
f 3888 3868 4015
f 3868 4012 4015
f 4015 4012 4010
f 4012 4022 4010
f 4010 4022 4009
f 4022 4021 4009
f 4009 4021 4018
f 4020 3974 4001
f 4001 3974 3996
f 4021 4020 4029
f 4029 4020 4001
f 4085 4156 4086
f 4086 4156 4155
f 4113 4777 4114
f 4114 4777 4776
f 4130 4129 4094
f 4094 4129 4091
f 4139 4773 4140
f 4140 4773 4772
f 4149 4178 4150
f 4150 4178 5225
f 4160 4159 4087
f 4087 4159 4088
f 4149 4148 4179
f 4179 4148 4141
f 4085 4084 4183
f 4183 4084 6315
f 4179 4141 4159
f 4159 4141 4088
f 4192 4130 4162
f 4162 4130 4094
f 4197 5288 4198
f 4198 5288 5287
f 4229 4766 4230
f 4230 4766 4771
f 4245 4246 4242
f 4242 4246 4249
f 4183 6315 4418
f 4418 6315 6314
f 4679 4178 4680
f 4680 4178 4177
f 4724 4798 4725
f 4725 4798 4271
f 4728 5275 4729
f 4729 5275 5274
f 4230 4771 4249
f 4249 4771 4242
f 4724 4723 4799
f 4799 4723 5355
f 4823 4824 4891
f 4891 4824 6327
f 4823 4192 4161
f 4161 4192 4162
f 4893 4767 4229
f 4229 4767 4766
f 4894 4895 4898
f 4898 4895 4899
f 4106 4150 4103
f 4103 4150 5225
f 4680 4894 4677
f 4677 4894 4898
f 6420 4977 5301
f 5301 4977 4976
f 4679 4678 5226
f 5226 4678 4427
f 5228 5008 4893
f 4893 5008 4767
f 5285 6354 5286
f 5286 6354 5343
f 5289 5352 5290
f 5290 5352 5349
f 5290 5349 5295
f 5295 5349 5348
f 5302 5299 4202
f 4202 5299 4976
f 4725 4271 5311
f 5311 4271 4270
f 5325 4723 5326
f 5326 4723 4722
f 5335 5355 5325
f 5325 5355 4723
f 5326 4722 5286
f 5286 4722 5283
f 4799 5357 4797
f 4797 5357 5361
f 5359 5356 5335
f 5335 5356 5355
f 4775 4774 5356
f 5356 4774 5357
f 5359 5358 4092
f 4092 5358 4093
f 6316 4740 6317
f 6317 4740 4739
f 6318 4827 6316
f 6316 4827 4740
f 6319 4828 6318
f 6318 4828 4827
f 6320 6480 6319
f 6319 6480 4828
f 6484 6322 6485
f 6485 6322 6321
f 6487 6324 6331
f 6331 6324 6323
f 6331 6323 6330
f 6330 6323 6325
f 6325 6326 6330
f 6330 6326 6329
f 6326 6328 6329
f 6329 6328 5231
f 4824 4685 5228
f 5228 4685 5008
f 5226 6343 5225
f 5225 6343 4103
f 4728 4727 6349
f 6349 4727 5284
f 6350 6351 5285
f 5285 6351 6354
f 4247 4246 6418
f 6418 4246 6365
f 6400 6402 6401
f 6401 6402 6459
f 4197 4196 6409
f 6409 4196 6426
f 6412 4897 6328
f 6328 4897 5231
f 6413 4133 6412
f 6412 4133 4897
f 6414 4134 6413
f 6413 4134 4133
f 6415 4225 6414
f 6414 4225 4134
f 6416 4252 6415
f 6415 4252 4225
f 6417 4253 6416
f 6416 4253 4252
f 4253 6417 6366
f 6366 6417 6419
f 6366 6419 4911
f 4911 6419 6421
f 6422 6423 4908
f 4908 6423 5298
f 5298 6423 6396
f 6396 6423 6424
f 6409 6426 6425
f 6425 6426 6397
f 5300 5299 6399
f 6399 5299 6400
f 6465 6408 6401
f 6401 6408 6398
f 6424 6399 6425
f 6425 6399 6398
f 6349 5284 5311
f 5311 5284 5283
f 6465 6464 5289
f 5289 6464 5352
f 6488 6483 6492
f 6492 6483 6482
f 6486 6491 6482
f 6482 6491 6492
f 6491 4895 6492
f 6492 4895 4157
f 6488 4160 6489
f 6489 4160 4087
f 6501 6502 4418
f 4418 6502 4417
f 6504 6500 6317
f 6317 6500 6314
f 3497 3496 6501
f 6501 3496 6502
f 3499 3498 6504
f 6504 3498 6500
f 4729 5274 4198
f 4198 5274 4195
f 6418 6365 6420
f 6420 6365 4977
f 5295 5348 6350
f 6350 5348 6351
f 5301 6422 6420
f 6420 6422 6421
f 4113 4112 4086
f 4086 4112 4083
f 6320 4112 6880
f 6880 4112 4111
f 4091 4772 4092
f 4092 4772 4775
f 4129 4140 4091
f 4091 4140 4772
f 4137 4140 4128
f 4128 4140 4129
f 4128 6324 4137
f 4137 6324 6321
f 6324 6487 6321
f 6321 6487 6485
f 6487 6486 6485
f 6485 6486 6482
f 4774 4773 4779
f 4779 4773 4776
f 4773 4139 4776
f 4776 4139 4114
f 4139 4138 4114
f 4114 4138 4111
f 4138 6322 4111
f 4111 6322 6880
f 6322 6484 6880
f 6880 6484 6481
f 6484 6483 6481
f 6481 6483 6478
f 6879 6343 6309
f 6309 6343 4428
f 4106 4105 4900
f 4900 4105 6307
f 3500 3167 6495
f 6495 3167 6496
f 3500 6495 3070
f 3070 6495 5368
f 3502 5235 3501
f 3501 5235 4813
f 3024 3503 6473
f 6473 3503 6474
f 3503 3023 6474
f 6474 3023 6374
f 3504 1770 4348
f 4348 1770 4345
f 3502 3505 5235
f 5235 3505 4810
f 3498 3497 6500
f 6500 3497 6501
f 3496 3075 6502
f 6502 3075 6275
f 6299 4254 3174
f 3174 4254 3017
f 1769 3501 4814
f 4814 3501 4813
f 3506 3018 6476
f 6476 3018 4257
f 3507 3499 6499
f 6499 3499 6504
f 3030 4216 3483
f 3483 4216 4215
f 3077 3507 6333
f 6333 3507 6499
f 1784 3160 5249
f 5249 3160 6523
f 3015 3506 4240
f 4240 3506 6476
f 3508 3504 6383
f 6383 3504 4348
f 3509 3016 6477
f 6477 3016 4239
f 3028 3509 6467
f 6467 3509 6477
f 3022 1785 5246
f 5246 1785 5247
f 3161 3508 6570
f 6570 3508 6383
f 3150 3149 4694
f 4694 3149 6566
f 1327 4807 3510
f 3510 4807 4811
f 3510 4811 3505
f 3505 4811 4810
f 3146 3511 4816
f 4816 3511 4350
f 3511 1808 4350
f 4350 1808 4351
f 3485 4327 3159
f 3159 4327 4330
f 1326 3512 4806
f 4806 3512 6310
f 3512 1331 6310
f 6310 1331 4688
