v -0.0412527434527874 0.5052759051322937 3.3768346309661865
v -0.04394802078604698 0.4907072186470032 3.3853116035461426
v -0.03542394936084747 0.48747777938842773 3.3743653297424316
v -0.0326278917491436 0.4984171986579895 3.363783597946167
v -0.03624167665839195 0.4780759811401367 3.382100820541382
v -0.04441067948937416 0.47855621576309204 3.389151096343994
v -0.030283669009804726 0.48181623220443726 3.364102602005005
v -0.028279131278395653 0.4895324110984802 3.3521389961242676
v -0.022852756083011627 0.4463641047477722 3.3520896434783936
v -0.02077316865324974 0.4420078992843628 3.341275453567505
v -0.022368555888533592 0.45450860261917114 3.3440825939178467
v -0.02504291571676731 0.4554125666618347 3.3536925315856934
v -0.022589048370718956 0.42064160108566284 3.3491485118865967
v -0.02577575296163559 0.4117051959037781 3.358574390411377
v -0.02528047189116478 0.40280967950820923 3.348188877105713
v -0.023399202153086662 0.4115716218948364 3.338094472885132
v -0.052712332457304 0.4227254390716553 3.386887311935425
v -0.04745522886514664 0.4169052839279175 3.385059356689453
v -0.04413226991891861 0.4238716959953308 3.383692502975464
v -0.050172947347164154 0.42880403995513916 3.38492488861084
v -0.0609436072409153 0.4316475987434387 3.394150733947754
v -0.06083865091204643 0.4371106028556824 3.3910369873046875
v -0.06493724137544632 0.44066983461380005 3.397110939025879
v -0.0640186294913292 0.4345242977142334 3.4006829261779785
v -0.05762791261076927 0.41701632738113403 3.3877451419830322
v -0.05207059532403946 0.41089338064193726 3.3849802017211914
v -0.05718579143285751 0.4278233051300049 3.3889994621276855
v -0.05853487178683281 0.42337846755981445 3.3918325901031494
v -0.059245817363262177 0.41718119382858276 3.4018359184265137
v -0.058394309133291245 0.42211592197418213 3.400620698928833
v -0.06030433252453804 0.4229779839515686 3.407137632369995
v -0.06106087192893028 0.41731560230255127 3.4061965942382812
v -0.05816919729113579 0.4164806604385376 3.3919851779937744
v -0.05756297707557678 0.41939878463745117 3.39450740814209
v -0.05911674350500107 0.4155195951461792 3.3971242904663086
v -0.06086433306336403 0.4133983254432678 3.3949878215789795
v -0.06090965494513512 0.42701560258865356 3.3967204093933105
v -0.06259162724018097 0.429110586643219 3.4043591022491455
v -0.06508972495794296 0.43021655082702637 3.411341667175293
v -0.06293857097625732 0.42244553565979004 3.414534091949463
v -0.03775351494550705 0.40462636947631836 3.37629771232605
v -0.042053308337926865 0.41089171171188354 3.3812007904052734
v -0.04664948210120201 0.4056495428085327 3.3820526599884033
v -0.042522724717855453 0.4007475972175598 3.3788022994995117
v -0.060242582112550735 0.41068947315216064 3.391306161880493
v -0.05585157498717308 0.3959157466888428 3.3906772136688232
v -0.05578866973519325 0.3996492028236389 3.390751600265503
v -0.06085473671555519 0.40010082721710205 3.3955540657043457
v -0.0602700412273407 0.3966219425201416 3.395428419113159
v -0.034150224179029465 0.39125490188598633 3.3660709857940674
v -0.0388774573802948 0.3897305727005005 3.3719489574432373
v -0.03885351121425629 0.38323915004730225 3.368671178817749
v -0.034659676253795624 0.3834705650806427 3.36253023147583
v -0.04114484414458275 0.37771424651145935 3.3687896728515625
v -0.036840856075286865 0.3760595917701721 3.360480785369873
v -0.045339781790971756 0.3622555732727051 3.362016201019287
v -0.04074115306138992 0.36851757764816284 3.3611948490142822
v -0.04439951851963997 0.37224438786506653 3.370002508163452
v -0.04834204167127609 0.3671443462371826 3.374178647994995
v -0.05728290602564812 0.37031421065330505 3.383357524871826
v -0.062060367316007614 0.3685586750507355 3.387173891067505
v -0.057972829788923264 0.357552707195282 3.3839733600616455
v -0.05309692397713661 0.36152780055999756 3.37947678565979
v -0.05688343942165375 0.39001038670539856 3.3860085010528564
v -0.053812384605407715 0.39034369587898254 3.3829309940338135
v -0.05302715301513672 0.3919297456741333 3.384958505630493
v -0.0561765693128109 0.39255964756011963 3.3884387016296387
v -0.05070394650101662 0.3903106451034546 3.3798460960388184
v -0.04927237704396248 0.390163779258728 3.378756284713745
v -0.04920699819922447 0.3913869261741638 3.379932403564453
v -0.05075036361813545 0.390935480594635 3.3802857398986816
v -0.052433475852012634 0.3904504179954529 3.381192207336426
v -0.053394418209791183 0.3885788023471832 3.3815243244171143
v -0.05156960338354111 0.3894273638725281 3.3800134658813477
v -0.05602927878499031 0.38753649592399597 3.384605884552002
v -0.06561450660228729 0.3846049904823303 3.395732879638672
v -0.062446095049381256 0.3852725625038147 3.3931937217712402
v -0.0642693042755127 0.3893176019191742 3.392862319946289
v -0.06699725985527039 0.389030396938324 3.394864797592163
v -0.05058404058218002 0.39310622215270996 3.3824563026428223
v -0.048429496586322784 0.39484983682632446 3.381556987762451
v -0.05135656148195267 0.39729225635528564 3.3850114345550537
v -0.05245524272322655 0.3945956826210022 3.3856587409973145
v -0.04599812254309654 0.39704447984695435 3.380434513092041
v -0.04732159152626991 0.3928260803222656 3.379570484161377
v -0.044472161680459976 0.39390987157821655 3.3786587715148926
v -0.04996725171804428 0.38857507705688477 3.3787310123443604
v -0.04764699935913086 0.38725191354751587 3.3767409324645996
v -0.04679671302437782 0.38973385095596313 3.377519130706787
v -0.04931759834289551 0.38417643308639526 3.3772382736206055
v -0.05181986466050148 0.3866943120956421 3.3801348209381104
v -0.05430513247847557 0.38481536507606506 3.3834168910980225
v -0.05753980204463005 0.3828943967819214 3.3877365589141846
v -0.055641308426856995 0.3786374032497406 3.3838672637939453
v -0.051966357976198196 0.3813409209251404 3.3804547786712646
v -0.04974115267395973 0.4013402462005615 3.3849706649780273
v -0.043349187821149826 0.3896031081676483 3.3750972747802734
v -0.04037008807063103 0.3958248496055603 3.374915838241577
v -0.043713465332984924 0.385152131319046 3.3736090660095215
v -0.04559246078133583 0.3809840977191925 3.3739993572235107
v -0.048869479447603226 0.37704357504844666 3.376755714416504
v -0.05268767848610878 0.3734501302242279 3.379838228225708
v -0.057982925325632095 0.3499506711959839 3.3723666667938232
v -0.05157847702503204 0.35554012656211853 3.36899733543396
v -0.04604422673583031 0.470586359500885 3.3872458934783936
v -0.03838248550891876 0.47043687105178833 3.383380651473999
v -0.038241978734731674 0.462738573551178 3.3785698413848877
v -0.03674950450658798 0.4649413824081421 3.377329111099243
v -0.041090939193964005 0.46614938974380493 3.3817696571350098
v -0.041715655475854874 0.46345293521881104 3.3814213275909424
v -0.028964078053832054 0.45659077167510986 3.3600077629089355
v -0.032347336411476135 0.4577574133872986 3.3652503490448
v -0.031946755945682526 0.45435142517089844 3.3643693923950195
v -0.0268922820687294 0.4502531886100769 3.3587591648101807
v -0.036650147289037704 0.4463232159614563 3.372575521469116
v -0.03346903622150421 0.44790124893188477 3.3686604499816895
v -0.037152815610170364 0.4539981484413147 3.371659755706787
v -0.03934701532125473 0.45294952392578125 3.37490177154541
v -0.042269740253686905 0.4521554708480835 3.3778653144836426
v -0.04583512619137764 0.4520057439804077 3.3807034492492676
v -0.04530441388487816 0.44665801525115967 3.3796279430389404
v -0.04087216407060623 0.44617408514022827 3.3767406940460205
v -0.0471716970205307 0.46655428409576416 3.384357213973999
v -0.0541653074324131 0.4652244448661804 3.385983943939209
v -0.052815601229667664 0.4624212980270386 3.384575366973877
v -0.04672202840447426 0.4635322093963623 3.3839592933654785
v -0.06281346082687378 0.4551376700401306 3.382481575012207
v -0.061702173203229904 0.45761770009994507 3.3831682205200195
v -0.06475228816270828 0.45875686407089233 3.3852410316467285
v -0.06543537229299545 0.4544694423675537 3.384464979171753
v -0.06299711018800735 0.4515712261199951 3.383502244949341
v -0.061399783939123154 0.4536716938018799 3.3824522495269775
v -0.05199238657951355 0.5265116095542908 3.375784158706665
v -0.052747469395399094 0.5091878771781921 3.388411521911621
v -0.039561379700899124 0.5205556750297546 3.362818479537964
v -0.030602961778640747 0.509843111038208 3.350193977355957
v -0.026094656437635422 0.4966300129890442 3.3395869731903076
v -0.029366791248321533 0.3957853317260742 3.3577029705047607
v -0.02933158539235592 0.3874847888946533 3.35213041305542
v -0.025662165135145187 0.3944598436355591 3.338819742202759
v -0.028267916291952133 0.3852062523365021 3.3348515033721924
v -0.031833767890930176 0.37788110971450806 3.348668336868286
v -0.044875942170619965 0.36018621921539307 3.348655939102173
v -0.036844704300165176 0.3682248294353485 3.3480374813079834
v -0.034060221165418625 0.375742107629776 3.3301737308502197
v -0.03141740337014198 0.3876526355743408 3.3137996196746826
v -0.026928042992949486 0.3947559595108032 3.3212108612060547
v -0.03179387375712395 0.4030455946922302 3.3022027015686035
v -0.03839762881398201 0.3803010880947113 3.3055758476257324
v -0.0361429788172245 0.40170854330062866 3.2951066493988037
v -0.04884269833564758 0.3456338346004486 3.313605785369873
v -0.046254537999629974 0.3337452709674835 3.3120508193969727
v -0.03861721605062485 0.3403710424900055 3.298053026199341
v -0.03982735052704811 0.35205769538879395 3.300481081008911
v -0.024042315781116486 0.40274888277053833 3.3274388313293457
v -0.024012094363570213 0.4657388925552368 3.3354456424713135
v -0.025391938164830208 0.4649660587310791 3.3471550941467285
v -0.021492425352334976 0.4526791572570801 3.332343816757202
v -0.029831085354089737 0.5258581638336182 3.3153188228607178
v -0.030442174524068832 0.5196295380592346 3.334080457687378
v -0.02425169013440609 0.5039823055267334 3.3256115913391113
v -0.0246588084846735 0.5104560256004333 3.310018539428711
v -0.056345678865909576 0.5583649277687073 3.3295974731445312
v -0.05231108143925667 0.5447571873664856 3.355522871017456
v -0.04018883407115936 0.5342649817466736 3.344742774963379
v -0.04176747426390648 0.5453801155090332 3.3234379291534424
v -0.025589296594262123 0.5125439763069153 3.2946765422821045
v -0.02897290140390396 0.5128539800643921 3.277395486831665
v -0.03727120906114578 0.5270999073982239 3.271080493927002
v -0.03361363708972931 0.5300843119621277 3.2929651737213135
v -0.05176577344536781 0.544996440410614 3.2667040824890137
v -0.04675683379173279 0.548214316368103 3.293583869934082
v -0.03767957165837288 0.38772717118263245 3.2871034145355225
v -0.03846722096204758 0.4065083861351013 3.283114194869995
v -0.04124245047569275 0.36526697874069214 3.3040215969085693
v -0.03741937130689621 0.37161996960639954 3.2878470420837402
v -0.07094530761241913 0.5564481616020203 3.267103433609009
v -0.0644894614815712 0.5623126029968262 3.2972753047943115
v -0.049966972321271896 0.48945826292037964 3.2344815731048584
v -0.047141849994659424 0.5065390467643738 3.241384506225586
v -0.03539828956127167 0.4953431487083435 3.254812717437744
v -0.03896088898181915 0.481428325176239 3.2469542026519775
v -0.0647481232881546 0.4980754256248474 3.222177028656006
v -0.06282474845647812 0.5179361701011658 3.2299211025238037
v -0.05563846603035927 0.4339309334754944 3.2386586666107178
v -0.058087944984436035 0.41601163148880005 3.2460975646972656
v -0.06905108690261841 0.4170198440551758 3.2369744777679443
v -0.06797157973051071 0.43560653924942017 3.227109909057617
v -0.03118252009153366 0.47482436895370483 3.372269630432129
v -0.03344123065471649 0.46859198808670044 3.3768117427825928
v -0.03114786185324192 0.465934157371521 3.3705735206604004
v -0.028748508542776108 0.4701472520828247 3.3643951416015625
v -0.027699913829565048 0.47419917583465576 3.354332208633423
v -0.02665805257856846 0.4784945845603943 3.341787576675415
v -0.02291950024664402 0.49018293619155884 3.3179566860198975
v -0.022390907630324364 0.4974139928817749 3.3047919273376465
v -0.025647105649113655 0.49940770864486694 3.2795896530151367
v -0.02318296581506729 0.49913346767425537 3.29323148727417
v -0.03061775118112564 0.4827975034713745 3.2625224590301514
v -0.03366204351186752 0.47415000200271606 3.2583541870117188
v -0.04264751821756363 0.4163393974304199 3.269496440887451
v -0.04342005029320717 0.39419084787368774 3.2716078758239746
v -0.0518605038523674 0.39676058292388916 3.2605316638946533
v -0.05051073059439659 0.41639643907546997 3.256577730178833
v -0.06922938674688339 0.3986093997955322 3.2430803775787354
v -0.06074397265911102 0.39781028032302856 3.2512080669403076
v -0.04092348739504814 0.36065807938575745 3.2736363410949707
v -0.039123691618442535 0.3466774821281433 3.270125150680542
v -0.04433922842144966 0.34982192516326904 3.2573840618133545
v -0.04780464619398117 0.36289533972740173 3.260801076889038
v -0.051485512405633926 0.3497948944568634 3.2470924854278564
v -0.061159197241067886 0.34868282079696655 3.240208864212036
v -0.06552865356206894 0.36311042308807373 3.2417054176330566
v -0.057055167853832245 0.3634607195854187 3.2490103244781494
v -0.06543092429637909 0.3244699239730835 3.3275561332702637
v -0.0647907704114914 0.31423336267471313 3.3246376514434814
v -0.0547882579267025 0.31807589530944824 3.319211721420288
v -0.0569976344704628 0.3287663161754608 3.3214170932769775
v -0.035890135914087296 0.3355136811733246 3.266841411590576
v -0.039896160364151 0.33986061811447144 3.2529335021972656
v -0.046331506222486496 0.4331246614456177 3.251417875289917
v -0.040518175810575485 0.4349469542503357 3.2613203525543213
v -0.046526312828063965 0.3400028944015503 3.2417967319488525
v -0.05929631367325783 0.37971800565719604 3.2520201206207275
v -0.05094718188047409 0.3781396746635437 3.2612295150756836
v -0.08135607838630676 0.3999245762825012 3.2371675968170166
v -0.08209650963544846 0.41802388429641724 3.229591131210327
v -0.05587594956159592 0.4333260655403137 3.387798309326172
v -0.05503903701901436 0.4487413763999939 3.382819890975952
v -0.0546407476067543 0.4526309370994568 3.38250470161438
v -0.05859871208667755 0.4531294107437134 3.3830387592315674
v -0.05939149856567383 0.45000094175338745 3.3836522102355957
v -0.0663299635052681 0.4884893298149109 3.4002268314361572
v -0.06654828041791916 0.47118300199508667 3.3992927074432373
v -0.054643355309963226 0.47636938095092773 3.395780324935913
v -0.05468565225601196 0.4907847046852112 3.394052267074585
v -0.028534168377518654 0.4229435920715332 3.370225429534912
v -0.036145295947790146 0.42737311124801636 3.3781394958496094
v -0.038151536136865616 0.41807979345321655 3.380131244659424
v -0.03301679715514183 0.4116097092628479 3.373812675476074
v -0.03447944298386574 0.45888471603393555 3.3698837757110596
v -0.033179014921188354 0.46091699600219727 3.3688738346099854
v -0.03496547415852547 0.4603593945503235 3.3724563121795654
v -0.03573177009820938 0.39838266372680664 3.3714208602905273
v -0.030488966032862663 0.4038075804710388 3.365496873855591
v -0.021137598901987076 0.4381163716316223 3.3306057453155518
v -0.02721775881946087 0.4635278582572937 3.3572559356689453
v -0.07702523469924927 0.566552996635437 3.3384714126586914
v -0.07012429088354111 0.550452470779419 3.3673722743988037
v -0.09156370908021927 0.5651653409004211 3.2717666625976562
v -0.08514998108148575 0.5708909630775452 3.3038554191589355
v -0.0816892459988594 0.5258721709251404 3.2238025665283203
v -0.0828823447227478 0.5043373703956604 3.2148029804229736
v -0.10137447714805603 0.5089707374572754 3.211195230484009
v -0.10137876123189926 0.532856822013855 3.223106622695923
v -0.0827704444527626 0.43721532821655273 3.2195303440093994
v -0.07209019362926483 0.3479335904121399 3.2328615188598633
v -0.07617781311273575 0.36450982093811035 3.2363011837005615
v -0.06657946109771729 0.5291314125061035 3.3856735229492188
v -0.06545593589544296 0.5081409215927124 3.3959639072418213
v -0.02447165548801422 0.4834507703781128 3.32955265045166
v -0.02189435251057148 0.43718141317367554 3.354374885559082
v -0.025795798748731613 0.44388604164123535 3.3610730171203613
v -0.02705555222928524 0.43927931785583496 3.365138292312622
v -0.02330739051103592 0.42984455823898315 3.3592352867126465
v -0.021007614210247993 0.42974644899368286 3.343651294708252
v -0.022535063326358795 0.423420250415802 3.3305492401123047
v -0.02437126263976097 0.41722601652145386 3.3157742023468018
v -0.027925467118620872 0.40787142515182495 3.308602809906006
v -0.03315646946430206 0.5079763531684875 3.26308012008667
v -0.04459964111447334 0.5209833383560181 3.250831127166748
v -0.05812502279877663 0.5341399312019348 3.2443785667419434
v -0.07700195163488388 0.5434865951538086 3.2408804893493652
v -0.029506731778383255 0.49699097871780396 3.2672057151794434
v -0.09704063832759857 0.5516882538795471 3.243861436843872
v -0.06190046668052673 0.4044484496116638 3.3952560424804688
v -0.05601140484213829 0.40514063835144043 3.389237642288208
v -0.06367729604244232 0.40820473432540894 3.395759344100952
v -0.06109495833516121 0.3812727630138397 3.391713857650757
v -0.06469341367483139 0.380144327878952 3.3936820030212402
v -0.06411139667034149 0.37538573145866394 3.389695882797241
v -0.05985943228006363 0.3766227662563324 3.3873980045318604
v -0.06146889925003052 0.3482232391834259 3.3574633598327637
v -0.05373667925596237 0.35349783301353455 3.352565050125122
v -0.06557174772024155 0.3340597152709961 3.3312244415283203
v -0.05789829045534134 0.33870840072631836 3.3244569301605225
v -0.06327950954437256 0.4158356785774231 3.401031255722046
v -0.06471893936395645 0.4160299301147461 3.4017131328582764
v -0.06532660126686096 0.4152330756187439 3.399427652359009
v -0.06350769847631454 0.41530197858810425 3.39865779876709
v -0.05170465633273125 0.39151766896247864 3.3826651573181152
v -0.06434141099452972 0.3959749937057495 3.3980648517608643
v -0.06708930432796478 0.3954980969429016 3.3995821475982666
v -0.06696899235248566 0.3922945261001587 3.3978652954101562
v -0.06413567066192627 0.3925129473209381 3.3959453105926514
v -0.04463065788149834 0.36461758613586426 3.3282759189605713
v -0.04920065775513649 0.35661250352859497 3.3183796405792236
v -0.036401744931936264 0.34258684515953064 3.284891128540039
v -0.03732345253229141 0.35673320293426514 3.286878824234009
v -0.04219706729054451 0.3764263391494751 3.273118734359741
v -0.06827832013368607 0.38150811195373535 3.242866277694702
v -0.07849834114313126 0.3821970522403717 3.2372918128967285
v -0.10269524157047272 0.3843185007572174 3.2349960803985596
v -0.10709922015666962 0.40068167448043823 3.233637571334839
v -0.09354020655155182 0.40033912658691406 3.2326600551605225
v -0.09084358811378479 0.3835047483444214 3.2356479167938232
v -0.05564815178513527 0.3526393473148346 3.3388659954071045
v -0.06406205147504807 0.3469207286834717 3.3443963527679443
v -0.06554049998521805 0.3425776958465576 3.336425542831421
v -0.05785604193806648 0.3479181230068207 3.329972267150879
v -0.0678991973400116 0.412614107131958 3.4032225608825684
v -0.06880649924278259 0.4112851023674011 3.4044759273529053
v -0.06890353560447693 0.40949761867523193 3.401247978210449
v -0.06740043312311172 0.41163450479507446 3.40018630027771
v -0.06299115717411041 0.41368550062179565 3.396402359008789
v -0.06504487991333008 0.41268640756607056 3.3974037170410156
v -0.06460297852754593 0.4107189178466797 3.3963305950164795
v -0.06170593202114105 0.4157721996307373 3.4015700817108154
v -0.06182849779725075 0.4147021174430847 3.3983101844787598
v -0.06513077765703201 0.41567105054855347 3.406964063644409
v -0.0628633201122284 0.41583341360092163 3.4044394493103027
v -0.06406176835298538 0.41511422395706177 3.4110107421875
v -0.0668255165219307 0.41392552852630615 3.4012529850006104
v -0.06666169315576553 0.4129626154899597 3.399292230606079
v -0.06401819735765457 0.4145449995994568 3.397470712661743
v -0.06553798913955688 0.4141196608543396 3.3977887630462646
v -0.06537415832281113 0.4158220887184143 3.404402494430542
v -0.06394841521978378 0.41596001386642456 3.4029080867767334
v -0.06685526669025421 0.4368970990180969 3.4074480533599854
v -0.07188213616609573 0.4371079206466675 3.410858631134033
v -0.07051347196102142 0.42990660667419434 3.415304183959961
v -0.06914740800857544 0.421832799911499 3.4191277027130127
v -0.06909714639186859 0.41419219970703125 3.415600061416626
v -0.0724308118224144 0.3390924334526062 3.3393189907073975
v -0.07284843921661377 0.33094269037246704 3.3353664875030518
v -0.0807884931564331 0.505820631980896 3.401069164276123
v -0.07850200682878494 0.48587465286254883 3.4033188819885254
v -0.05137467756867409 0.39050355553627014 3.380488872528076
v -0.05467939376831055 0.46912217140197754 3.389766216278076
v -0.03143038973212242 0.4366406798362732 3.3716635704040527
v -0.04962379112839699 0.43521493673324585 3.3830113410949707
v -0.043226443231105804 0.4314858317375183 3.3804306983947754
v -0.044198427349328995 0.4394436478614807 3.3798086643218994
v -0.04991469159722328 0.44163429737091064 3.3820345401763916
v -0.06323647499084473 0.4652632474899292 3.3909106254577637
v -0.07025333493947983 0.46044450998306274 3.3975017070770264
v -0.06789178401231766 0.45955419540405273 3.39025616645813
v -0.06815220415592194 0.45316261053085327 3.3892719745635986
v -0.06936962902545929 0.45098066329956055 3.396684169769287
v -0.06564810872077942 0.4451969265937805 3.3918402194976807
v -0.06523624062538147 0.44850778579711914 3.3870160579681396
v -0.03608909621834755 0.46146464347839355 3.374812364578247
v -0.03430702164769173 0.4633617401123047 3.3737759590148926
v -0.060913462191820145 0.4417714476585388 3.388221263885498
v -0.055556681007146835 0.43834608793258667 3.3848142623901367
v -0.05541611462831497 0.44362473487854004 3.383098602294922
v -0.060605280101299286 0.445634126663208 3.384605646133423
v -0.03780569136142731 0.4373604655265808 3.376683473587036
v -0.029950758442282677 0.4620821475982666 3.364408016204834
v -0.03203555569052696 0.45089250802993774 3.3659775257110596
v -0.03610118106007576 0.43972551822662354 3.2694852352142334
v -0.037507884204387665 0.4279344081878662 3.2755768299102783
v -0.027736837044358253 0.4169575572013855 3.290147542953491
v -0.02946179173886776 0.4125722050666809 3.2938356399536133
v -0.03508906066417694 0.41534316539764404 3.291288375854492
v -0.030585113912820816 0.41982871294021606 3.2875630855560303
v -0.025507433339953423 0.4705352783203125 3.2783775329589844
v -0.026784969493746758 0.4778478741645813 3.2760095596313477
v -0.02500193379819393 0.47810208797454834 3.282925605773926
v -0.025647854432463646 0.4706307053565979 3.281064748764038
v -0.024363407865166664 0.4729793667793274 3.2876832485198975
v -0.023982996121048927 0.4761922359466553 3.2897934913635254
v -0.02409082092344761 0.46799707412719727 3.290663719177246
v -0.02469848096370697 0.4684332013130188 3.2873406410217285
v -0.02287779562175274 0.48658913373947144 3.291537284851074
v -0.022448968142271042 0.4834299683570862 3.301377058029175
v -0.02387944981455803 0.47207385301589966 3.2973780632019043
v -0.023658515885472298 0.4667850732803345 3.319915533065796
v -0.02509305626153946 0.45765137672424316 3.3068268299102783
v -0.024561438709497452 0.4657822847366333 3.3028783798217773
v -0.023532778024673462 0.47684425115585327 3.3110625743865967
v -0.028127126395702362 0.41668397188186646 3.2985520362854004
v -0.027163680642843246 0.4233359098434448 3.3024559020996094
v -0.03756461292505264 0.41943979263305664 3.2832765579223633
v -0.12226273864507675 0.5172519087791443 3.217315196990967
v -0.12093120813369751 0.5405784845352173 3.2323758602142334
v -0.051994439214468 0.47196054458618164 3.232579231262207
v -0.06599964201450348 0.47717708349227905 3.2198781967163086
v -0.041610121726989746 0.46621567010879517 3.2445836067199707
v -0.03556692600250244 0.46197813749313354 3.256563663482666
v -0.08091463893651962 0.4837643504142761 3.2108778953552246
v -0.09655365347862244 0.48363882303237915 3.2085397243499756
v -0.022139888256788254 0.44953715801239014 3.318613052368164
v -0.025547675788402557 0.44531893730163574 3.306945562362671
v -0.05354664847254753 0.45265305042266846 3.233252763748169
v -0.06701600551605225 0.45691418647766113 3.2216079235076904
v -0.04379212483763695 0.4493710994720459 3.245695114135742
v -0.03775900974869728 0.448932945728302 3.2572085857391357
v -0.08341433107852936 0.4630357623100281 3.213156223297119
v -0.0980781614780426 0.43575721979141235 3.2160816192626953
v -0.10041210055351257 0.4587442874908447 3.2096877098083496
v -0.026633774861693382 0.42807525396347046 3.291398525238037
v -0.02698543295264244 0.4255363345146179 3.295661687850952
v -0.02705567330121994 0.4195210933685303 3.293497085571289
v -0.02494124136865139 0.42224544286727905 3.2915561199188232
v -0.02311878092586994 0.4342724680900574 3.3162343502044678
v -0.025709405541419983 0.43383586406707764 3.304257869720459
v -0.06797710806131363 0.4436342120170593 3.4032015800476074
v -0.0747552365064621 0.45163577795028687 3.4022178649902344
v -0.07320821285247803 0.44429898262023926 3.4069788455963135
v -0.07610228657722473 0.46035468578338623 3.4010066986083984
v -0.10544418543577194 0.5721368193626404 3.3149709701538086
v -0.09825960546731949 0.5667623281478882 3.345834255218506
v -0.11722314357757568 0.5584003925323486 3.2564034461975098
v -0.11167329549789429 0.5696766376495361 3.2849953174591064
v -0.06620556116104126 0.36766868829727173 3.3913140296936035
v -0.06341996788978577 0.35506653785705566 3.386803388595581
v -0.06590501219034195 0.4034388065338135 3.3982737064361572
v -0.06848595291376114 0.40260112285614014 3.3996548652648926
v -0.06771121919155121 0.39887458086013794 3.399442195892334
v -0.06503302603960037 0.3996850848197937 3.3982691764831543
v -0.060655757784843445 0.46273308992385864 3.3861613273620605
v -0.09626150876283646 0.41868096590042114 3.2264792919158936
v -0.08759048581123352 0.36535564064979553 3.23348069190979
v -0.0839836522936821 0.3483680486679077 3.2300384044647217
v -0.056193068623542786 0.3383121192455292 3.2336692810058594
v -0.06700868904590607 0.3371675908565521 3.2291479110717773
v -0.06905481964349747 0.4061421751976013 3.4000487327575684
v -0.06678075343370438 0.40693598985671997 3.3983657360076904
v -0.06637444347143173 0.41550779342651367 3.4037301540374756
v -0.0602605864405632 0.39285117387771606 3.393033742904663
v -0.06709511578083038 0.4098288416862488 3.3991053104400635
v -0.06656037271022797 0.41170549392700195 3.3984055519104004
v -0.0706227496266365 0.40877366065979004 3.4023234844207764
v -0.07047220319509506 0.4056507349014282 3.4003353118896484
v -0.050012778490781784 0.44751179218292236 3.381455421447754
v -0.05017498508095741 0.4522625207901001 3.3817381858825684
v -0.067342609167099 0.412696897983551 3.408323049545288
v -0.06719671189785004 0.4140787720680237 3.4058005809783936
v -0.07027294486761093 0.4114301800727844 3.4092729091644287
v -0.0440773069858551 0.3224819600582123 3.3096201419830322
v -0.03677661344408989 0.32757315039634705 3.295389413833618
v -0.06898176670074463 0.39499157667160034 3.3995816707611084
v -0.06891176104545593 0.39166325330734253 3.397991895675659
v -0.09059403091669083 0.5503175854682922 3.374800682067871
v -0.11309321224689484 0.43259936571121216 3.2179811000823975
v -0.11685606837272644 0.4524088501930237 3.2125003337860107
v -0.026239639148116112 0.4519060254096985 3.2987563610076904
v -0.0254782997071743 0.4488094449043274 3.292894124984741
v -0.0249799694865942 0.4558027982711792 3.291318655014038
v -0.025750063359737396 0.4595305919647217 3.297250509262085
v -0.07278868556022644 0.3216486871242523 3.3314425945281982
v -0.03455056622624397 0.3311115801334381 3.2806053161621094
v -0.07968853414058685 0.33618026971817017 3.2250864505767822
v -0.034747328609228134 0.4570707082748413 3.368551731109619
v -0.035730991512537 0.45559364557266235 3.3699021339416504
v -0.05811404436826706 0.4606075882911682 3.3846564292907715
v -0.12109542638063431 0.48350608348846436 3.210758924484253
v -0.059050362557172775 0.38619866967201233 3.389693260192871
v -0.06071695312857628 0.38978779315948486 3.390676498413086
v -0.09915588051080704 0.3669993281364441 3.2335124015808105
v -0.07042956352233887 0.3434655964374542 3.3483457565307617
v -0.07001665234565735 0.4106069803237915 3.4055705070495605
v -0.11030884087085724 0.41669154167175293 3.2273900508880615
v -0.024656914174556732 0.46297115087509155 3.2835307121276855
v -0.022426173090934753 0.46123892068862915 3.2860162258148193
v -0.022842545062303543 0.4583784341812134 3.2856178283691406
v -0.02463877946138382 0.4591673016548157 3.2849700450897217
v -0.020927807316184044 0.463873028755188 3.2904083728790283
v -0.0201581958681345 0.46125519275665283 3.2879886627197266
v -0.018713170662522316 0.4639819860458374 3.2872018814086914
v -0.01998901553452015 0.46724849939346313 3.289339780807495
v -0.024576235562562943 0.4648086428642273 3.2939836978912354
v -0.022772740572690964 0.4603917598724365 3.2919065952301025
v -0.018296532332897186 0.46598631143569946 3.2857913970947266
v -0.01830301247537136 0.4686480164527893 3.28763747215271
v -0.02119530737400055 0.46990203857421875 3.2864246368408203
v -0.02510668896138668 0.46993839740753174 3.284271001815796
v -0.016809813678264618 0.4698733687400818 3.283433675765991
v -0.020800983533263206 0.4718326926231384 3.2824409008026123
v -0.015388566069304943 0.47047239542007446 3.2788777351379395
v -0.020359104499220848 0.4729188084602356 3.278001070022583
v -0.015061629004776478 0.46799737215042114 3.273130416870117
v -0.020782185718417168 0.46958714723587036 3.2725625038146973
v -0.026578249409794807 0.43314796686172485 3.296877861022949
v -0.02756275050342083 0.4348298907279968 3.2905209064483643
v -0.015042535029351711 0.4631757140159607 3.268996477127075
v -0.021280182525515556 0.4637143015861511 3.2694051265716553
v -0.01573319546878338 0.4566701650619507 3.267019510269165
v -0.021526576951146126 0.4567716121673584 3.2666544914245605
v -0.016939854249358177 0.44942671060562134 3.267075300216675
v -0.021786214783787727 0.44932764768600464 3.266538143157959
v -0.017739970237016678 0.44225072860717773 3.268233299255371
v -0.022494060918688774 0.4408465027809143 3.2670774459838867
v -0.01885158196091652 0.4349297881126404 3.271364688873291
v -0.023544136434793472 0.43153637647628784 3.2709250450134277
v -0.01861010491847992 0.4683399200439453 3.2783656120300293
v -0.01825614459812641 0.4656919836997986 3.2736992835998535
v -0.027463650330901146 0.4668436646461487 3.277662515640259
v -0.018606703728437424 0.4682130813598633 3.282649517059326
v -0.02589726261794567 0.4545031189918518 3.278841733932495
v -0.027409788221120834 0.45621126890182495 3.2791264057159424
v -0.026207007467746735 0.4546371102333069 3.2801029682159424
v -0.0278319101780653 0.45344042778015137 3.277503252029419
v -0.026075810194015503 0.44130903482437134 3.2924299240112305
v -0.025497615337371826 0.4419180154800415 3.288268804550171
v -0.025318944826722145 0.44764792919158936 3.2895865440368652
v -0.0269141998142004 0.4379549026489258 3.287724733352661
v -0.02795080654323101 0.4396185874938965 3.287395477294922
v -0.02835262008011341 0.4427693486213684 3.287438154220581
v -0.02925705909729004 0.44735509157180786 3.2888684272766113
v -0.028183694928884506 0.43815749883651733 3.2849254608154297
v -0.026748696342110634 0.43655580282211304 3.2857449054718018
v -0.029125967994332314 0.4395402669906616 3.2856929302215576
v -0.029275447130203247 0.44021379947662354 3.2866926193237305
v -0.03050142340362072 0.44215261936187744 3.2856340408325195
v -0.030584532767534256 0.4456098675727844 3.2837533950805664
v -0.02637835592031479 0.44219183921813965 3.2978410720825195
v -0.030804548412561417 0.44267362356185913 3.275357246398926
v -0.032554492354393005 0.4337514042854309 3.278625726699829
v -0.020549222826957703 0.42947232723236084 3.2764928340911865
v -0.02350390888750553 0.42352235317230225 3.2766504287719727
v -0.023033123463392258 0.41967839002609253 3.288191318511963
v -0.02279353328049183 0.41887664794921875 3.282895803451538
v -0.028855077922344208 0.46207594871520996 3.2754569053649902
v -0.029110601171851158 0.4563426375389099 3.2723541259765625
v -0.03240073844790459 0.4261023998260498 3.283710241317749
v -0.029475601390004158 0.4501655697822571 3.27274489402771
v -0.02052990533411503 0.43885552883148193 3.273207187652588
v -0.022588731721043587 0.43491268157958984 3.2768397331237793
v -0.01895863004028797 0.4439859390258789 3.270864963531494
v -0.025672249495983124 0.4330194592475891 3.286083936691284
v -0.023808084428310394 0.4272471070289612 3.2876486778259277
v -0.021825702860951424 0.4273311495780945 3.2825093269348145
v -0.024408996105194092 0.4331538677215576 3.281464099884033
v -0.021464476361870766 0.44175004959106445 3.275817394256592
v -0.02436045929789543 0.43883997201919556 3.2781713008880615
v -0.024488041177392006 0.44419538974761963 3.276059150695801
v -0.027084389701485634 0.44169849157333374 3.278855323791504
v -0.027870088815689087 0.43947792053222656 3.2829337120056152
v -0.026150796562433243 0.4371291399002075 3.28210186958313
v -0.03075380250811577 0.44372957944869995 3.2796921730041504
v -0.027820458635687828 0.44731611013412476 3.2777748107910156
v -0.030064325779676437 0.44091445207595825 3.2838099002838135
v -0.02214495651423931 0.4473164677619934 3.2758045196533203
v -0.02006768062710762 0.4508628249168396 3.2751057147979736
v -0.021807100623846054 0.45306187868118286 3.2781476974487305
v -0.024732688441872597 0.4503002166748047 3.2771663665771484
v -0.01911025680601597 0.44983619451522827 3.2696051597595215
v -0.018387064337730408 0.4500170350074768 3.2726547718048096
v -0.01950683258473873 0.4454609751701355 3.2736902236938477
v -0.01801072061061859 0.4553266763687134 3.272723913192749
v -0.01869058795273304 0.456167995929718 3.269606351852417
v -0.01906653121113777 0.4548878073692322 3.275052070617676
v -0.02003261260688305 0.455639123916626 3.277437210083008
v -0.018167052417993546 0.4632272720336914 3.2753090858459473
v -0.01814388297498226 0.4598582983016968 3.2734336853027344
v -0.017999378964304924 0.4617346525192261 3.27068829536438
v -0.01855618692934513 0.45833444595336914 3.275653839111328
v -0.01901436410844326 0.4612431526184082 3.277617931365967
v -0.01993497647345066 0.4591889977455139 3.2780120372772217
v -0.019395925104618073 0.4579119086265564 3.277336359024048
v -0.0205770805478096 0.4656001925468445 3.28433895111084
v -0.02138170413672924 0.46395033597946167 3.286287784576416
v -0.019906187430024147 0.4660884141921997 3.2817676067352295
v -0.021924883127212524 0.4661826491355896 3.283087730407715
v -0.02113153785467148 0.4640193581581116 3.281982898712158
v -0.023134829476475716 0.46505850553512573 3.283298969268799
v -0.021865587681531906 0.46207451820373535 3.282355546951294
v -0.02374301105737686 0.4594925045967102 3.2816507816314697
v -0.06203271821141243 0.28865185379981995 3.3191254138946533
v -0.0634041503071785 0.30174869298934937 3.321460485458374
v -0.07340595871210098 0.29724040627479553 3.3241889476776123
v -0.07333425432443619 0.2846467196941376 3.321108102798462
v -0.02090081386268139 0.46049433946609497 3.28001070022583
v -0.020156672224402428 0.4630756974220276 3.279864549636841
v -0.019239621236920357 0.4658206105232239 3.2788686752319336
v -0.02312358282506466 0.4566534161567688 3.2797343730926514
v -0.021913273259997368 0.45588982105255127 3.2793376445770264
v -0.021051596850156784 0.4571373462677002 3.278601884841919
v -0.022233612835407257 0.4585065245628357 3.2805800437927246
v -0.02559642307460308 0.45165008306503296 3.2895615100860596
v -0.02801557257771492 0.4505084753036499 3.2865984439849854
v -0.028322583064436913 0.4484185576438904 3.2818527221679688
v -0.028904195874929428 0.27719631791114807 3.3041844367980957
v -0.013796770013868809 0.2873711884021759 3.294328212738037
v -0.02145594358444214 0.2963607907295227 3.2918410301208496
v -0.03429431468248367 0.28829145431518555 3.301640748977661
v -0.019347213208675385 0.24980607628822327 3.3165416717529297
v -0.018143068999052048 0.23002463579177856 3.322263479232788
v 3.1746381864650175e-05 0.23588097095489502 3.3176791667938232
v 0.00322975916787982 0.2607998549938202 3.30612850189209
v -0.0016946910182014108 0.2155860960483551 3.3274331092834473
v -0.018082361668348312 0.210709810256958 3.3300814628601074
v -0.0028585647232830524 0.16166988015174866 3.352451801300049
v -0.0027000908739864826 0.17901429533958435 3.344524383544922
v -0.018362030386924744 0.17609304189682007 3.3479299545288086
v -0.01835380122065544 0.15845704078674316 3.355060577392578
v 0.027188070118427277 0.08288809657096863 3.368084192276001
v 0.015230673365294933 0.08337387442588806 3.373385429382324
v 0.00901790615171194 0.06771233677864075 3.3686819076538086
v 0.02248518168926239 0.0653080940246582 3.3617565631866455
v 0.05172262340784073 0.1903112828731537 3.315023183822632
v 0.058470889925956726 0.18283957242965698 3.3099160194396973
v 0.06198717653751373 0.19692933559417725 3.3065879344940186
v 0.05494489520788193 0.2050519585609436 3.3103678226470947
v 0.021402522921562195 0.30283379554748535 3.269469738006592
v 0.011235370300710201 0.3076724410057068 3.266997814178467
v 0.00430126441642642 0.29080188274383545 3.283586263656616
v 0.014334692619740963 0.28484833240509033 3.288731813430786
v 0.06584136933088303 0.10785651206970215 3.3222718238830566
v 0.05944361537694931 0.11462341248989105 3.333937406539917
v 0.05853951722383499 0.10144065320491791 3.3376874923706055
v 0.06373243033885956 0.09393936395645142 3.3279385566711426
v 0.0369635745882988 0.02180028147995472 3.296091318130493
v 0.024022601544857025 0.017435485497117043 3.3108460903167725
v 0.02357649803161621 -0.0014217705465853214 3.3057453632354736
v 0.03749309480190277 0.0030326112173497677 3.290332794189453
v 0.06793025881052017 0.05815112590789795 3.2426955699920654
v 0.06428392231464386 0.042379483580589294 3.2369375228881836
v 0.06318942457437515 0.048744142055511475 3.2126760482788086
v 0.06603250652551651 0.06348362565040588 3.217935800552368
v 0.02354089915752411 0.16412615776062012 3.3428001403808594
v 0.024008341133594513 0.18108025193214417 3.3352324962615967
v 0.011491025798022747 0.1805310845375061 3.339362859725952
v 0.011285367421805859 0.16345232725143433 3.3478541374206543
v 0.18470868468284607 0.10482847690582275 3.2638750076293945
v 0.16855883598327637 0.1241864562034607 3.268460750579834
v 0.15761306881904602 0.11408324539661407 3.2629411220550537
v 0.17361804842948914 0.09493426978588104 3.257683515548706
v 0.06631020456552505 -0.04574686288833618 3.2199416160583496
v 0.0681113749742508 -0.060682523995637894 3.218299150466919
v 0.06830994039773941 -0.052877772599458694 3.194096088409424
v 0.06578554213047028 -0.03726992756128311 3.1973533630371094
v 0.1157028079032898 0.22541901469230652 3.298860549926758
v 0.1275848150253296 0.24200952053070068 3.2893779277801514
v 0.11663711071014404 0.2553083896636963 3.290426254272461
v 0.10505570471286774 0.2393958568572998 3.3034393787384033
v 0.05662568658590317 0.1581571102142334 3.3181912899017334
v 0.057066045701503754 0.16992178559303284 3.3136253356933594
v 0.05007687956094742 0.17594748735427856 3.3197407722473145
v 0.049352213740348816 0.162120521068573 3.324549913406372
v 0.07498232275247574 0.09410315752029419 3.2200491428375244
v 0.07702809572219849 0.11175739765167236 3.2223050594329834
v 0.07847215235233307 0.10756489634513855 3.241666555404663
v 0.07711505889892578 0.0897180587053299 3.2429003715515137
v 0.07424146682024002 0.07319825887680054 3.2436323165893555
v 0.07179834693670273 0.07787129282951355 3.219261407852173
v 0.042506732046604156 0.16348600387573242 3.33089542388916
v 0.04226585477590561 0.18008887767791748 3.325010061264038
v 0.034186169505119324 0.18085795640945435 3.329698085784912
v 0.03387020528316498 0.16407281160354614 3.337545156478882
v 0.00045830701128579676 0.05476583540439606 3.3585445880889893
v 0.01617221161723137 0.05168803036212921 3.3497679233551025
v 0.06186245381832123 -0.06890128552913666 3.2412502765655518
v 0.060747772455215454 -0.05475040525197983 3.242267370223999
v 0.04990434646606445 -0.06306172162294388 3.261230230331421
v 0.05046820640563965 -0.07648932933807373 3.26106333732605
v 0.008002816699445248 0.031418219208717346 3.325676679611206
v 0.02231401950120926 0.03382688760757446 3.3154327869415283
v 0.025045841932296753 0.0439223051071167 3.327544689178467
v 0.010212543420493603 0.04310289025306702 3.3361897468566895
v 0.035221368074417114 -0.0825004130601883 3.2781784534454346
v 0.03485402464866638 -0.0700121819972992 3.277452230453491
v 0.0180637426674366 -0.07550255954265594 3.2916338443756104
v 0.018363334238529205 -0.08916603773832321 3.2936127185821533
v -0.0025177528150379658 0.1968582570552826 3.3358662128448486
v -0.018180403858423233 0.19308310747146606 3.339289903640747
v 0.04689527302980423 0.08642029762268066 3.353788375854492
v 0.0381665974855423 0.08416154980659485 3.3612475395202637
v 0.0345919132232666 0.06614013016223907 3.3546459674835205
v 0.04485524445772171 0.06942141056060791 3.3464362621307373
v 0.0696326345205307 0.16394317150115967 3.2889695167541504
v 0.07223425805568695 0.1727598011493683 3.2818546295166016
v 0.06910022348165512 0.18576523661613464 3.2974071502685547
v 0.06484989076852798 0.17345267534255981 3.301448106765747
v 0.07307486981153488 -0.06798947602510452 3.192301034927368
v 0.07188141345977783 -0.0742107555270195 3.2174432277679443
v 0.03767336905002594 -0.09478741139173508 3.2802646160125732
v 0.0203438438475132 -0.10136494785547256 3.2965002059936523
v 0.08475422859191895 0.17987507581710815 3.2153196334838867
v 0.08286671340465546 0.17977693676948547 3.227640151977539
v 0.0802810788154602 0.17521798610687256 3.2296643257141113
v 0.08299240469932556 0.17579376697540283 3.2171237468719482
v -0.02479836903512478 0.08308142423629761 3.3753466606140137
v -0.014951406978070736 0.0646626353263855 3.3675875663757324
v -0.0030067418701946735 0.07643523812294006 3.3741559982299805
v -0.010673602111637592 0.09192487597465515 3.377257823944092
v 0.041169941425323486 0.05580046772956848 3.333556652069092
v 0.02952536940574646 0.05236583948135376 3.3411834239959717
v 0.03789060562849045 0.04724034667015076 3.3185009956359863
v -0.039861731231212616 0.0748213529586792 3.3679699897766113
v -0.028848400339484215 0.05314752459526062 3.3544814586639404
v -0.034732844680547714 0.18875694274902344 3.341404438018799
v -0.03490558639168739 0.17233240604400635 3.349841833114624
v -0.03524200618267059 0.20680558681488037 3.333620071411133
v -0.03617189824581146 0.2240029275417328 3.3274006843566895
v -0.05360671505331993 0.21927618980407715 3.3305583000183105
v -0.052288539707660675 0.2011508047580719 3.3364217281341553
v -0.03823177143931389 0.24214667081832886 3.3232507705688477
v -0.055159956216812134 0.23621347546577454 3.326655626296997
v -0.044995490461587906 0.26942020654678345 3.311980724334717
v -0.04838233068585396 0.2813214063644409 3.3097145557403564
v 0.06356906145811081 0.16189783811569214 3.3045403957366943
v 0.0634310394525528 0.15102139115333557 3.3084025382995605
v 0.05312499403953552 -0.08840474486351013 3.2615904808044434
v 0.03202836215496063 0.26189762353897095 3.170708417892456
v 0.04895789176225662 0.26172468066215515 3.179908037185669
v 0.04492180049419403 0.24814993143081665 3.1708571910858154
v 0.02854650467634201 0.2473943829536438 3.1614878177642822
v 0.027885042130947113 0.28172579407691956 3.2908544540405273
v 0.03193366527557373 0.30087363719940186 3.271374464035034
v 0.07907947897911072 0.19734317064285278 3.183791160583496
v 0.07672367990016937 0.19044554233551025 3.185831069946289
v 0.07152551412582397 0.1862889528274536 3.182999610900879
v 0.07163439691066742 0.19460827112197876 3.180800676345825
v 0.08680374920368195 0.18418020009994507 3.196786642074585
v 0.08789108693599701 0.18943259119987488 3.192275047302246
v 0.09588952362537384 0.1848328709602356 3.188490867614746
v 0.09361724555492401 0.1797696352005005 3.1932461261749268
v 0.06262309849262238 -0.04616172984242439 3.172762393951416
v 0.059818997979164124 -0.029119295999407768 3.1749989986419678
v 0.04219836741685867 0.08912251889705658 3.160619020462036
v 0.05070309340953827 0.10549929738044739 3.1644139289855957
v 0.060011379420757294 0.09410977363586426 3.1799726486206055
v 0.05278334021568298 0.07817631959915161 3.1764943599700928
v -0.06531690061092377 0.23164597153663635 3.157592296600342
v -0.04652000591158867 0.23730668425559998 3.155427932739258
v -0.04596015065908432 0.22378119826316833 3.149808168411255
v -0.06489472836256027 0.21709370613098145 3.1520373821258545
v -0.004920289386063814 0.2679426670074463 3.1651699542999268
v -0.026865463703870773 0.26013630628585815 3.161716938018799
v -0.02654566615819931 0.272433340549469 3.1687488555908203
v -0.003488116431981325 0.28046637773513794 3.1738646030426025
v 0.012845388613641262 0.2593924403190613 3.1626439094543457
v 0.0103101572021842 0.24425360560417175 3.153813362121582
v 0.07086802273988724 0.10132354497909546 3.2014548778533936
v 0.0736275464296341 0.1181166023015976 3.205169916152954
v 0.07592996954917908 0.14393439888954163 3.207003355026245
v 0.07750663161277771 0.15335598587989807 3.20812726020813
v 0.07815426588058472 0.14925843477249146 3.221623420715332
v 0.07744185626506805 0.1393391638994217 3.2218141555786133
v 0.0010741980513557792 0.3137548863887787 3.2648825645446777
v 0.012063167057931423 0.31899309158325195 3.246882677078247
v -0.0005659838789142668 0.3235149681568146 3.243906021118164
v -0.034289147704839706 0.3088737428188324 3.1985716819763184
v -0.024175826460123062 0.31274375319480896 3.2041239738464355
v -0.019377827644348145 0.3089779317378998 3.199625253677368
v -0.033330366015434265 0.30437061190605164 3.1941304206848145
v -0.040951915085315704 0.15716853737831116 3.1292648315429688
v -0.03865501657128334 0.13482259213924408 3.1282832622528076
v -0.06001909077167511 0.13505354523658752 3.127378225326538
v -0.06139927729964256 0.15596222877502441 3.12862491607666
v 0.07725130021572113 0.16637852787971497 3.1979856491088867
v 0.07507023960351944 0.17215073108673096 3.19022536277771
v 0.07763896137475967 0.1779550015926361 3.1918222904205322
v 0.07907497137784958 0.17293599247932434 3.19752836227417
v 0.07304631173610687 0.16423210501670837 3.188300132751465
v 0.07554429769515991 0.15851494669914246 3.197068691253662
v 0.07375209033489227 0.14960604906082153 3.19589900970459
v 0.07016006112098694 0.15687435865402222 3.1858205795288086
v 0.057815492153167725 0.12066654860973358 3.1709086894989014
v 0.062245167791843414 0.13631677627563477 3.176448345184326
v 0.06775231659412384 0.1274140179157257 3.1894874572753906
v 0.0652540996670723 0.11041222512722015 3.184772491455078
v -0.05900387093424797 0.0671527236700058 3.1295526027679443
v -0.05928069353103638 0.08802936971187592 3.126242160797119
v -0.03989628702402115 0.08753177523612976 3.12764048576355
v -0.040312204509973526 0.06647010147571564 3.1283068656921387
v 0.08625252544879913 0.17803141474723816 3.2479233741760254
v 0.09349948167800903 0.16764727234840393 3.2430214881896973
v 0.0933590829372406 0.16958698630332947 3.2584762573242188
v 0.08631633222103119 0.17830246686935425 3.263263463973999
v 0.1132112443447113 0.19468745589256287 3.1839139461517334
v 0.11699071526527405 0.19978547096252441 3.1851742267608643
v 0.12606558203697205 0.19417262077331543 3.184443950653076
v 0.12234115600585938 0.1898152232170105 3.1826887130737305
v 0.10361543297767639 0.1493716537952423 3.2231080532073975
v 0.11416304111480713 0.13261841237545013 3.217536687850952
v 0.11339220404624939 0.13503894209861755 3.2335891723632812
v 0.10225558280944824 0.1527310311794281 3.238765001296997
v 0.04594690352678299 0.3084319829940796 3.24649715423584
v 0.03605420142412186 0.31243449449539185 3.2487192153930664
v 0.04320249706506729 0.29853755235671997 3.272937536239624
v 0.09749278426170349 0.16363051533699036 3.2054648399353027
v 0.09921228885650635 0.16697826981544495 3.195852756500244
v 0.10943743586540222 0.1552724838256836 3.18979811668396
v 0.10653990507125854 0.150590181350708 3.198781967163086
v 0.19661164283752441 0.11492837965488434 3.2616801261901855
v 0.1807994544506073 0.13494300842285156 3.2665629386901855
v 0.12957996129989624 0.11458475887775421 3.1982059478759766
v 0.11548548936843872 0.1318603903055191 3.204664945602417
v 0.1183837354183197 0.13491156697273254 3.192955493927002
v 0.13481613993644714 0.11830727756023407 3.187190532684326
v 0.046629518270492554 0.06325812637805939 3.1742289066314697
v 0.03443840146064758 0.07277041673660278 3.158592939376831
v 0.03762789070606232 -0.03583325445652008 3.1363601684570312
v 0.03356121480464935 -0.016048988327383995 3.1397178173065186
v 0.047926537692546844 -0.022026730701327324 3.155031681060791
v 0.05179695785045624 -0.04049054533243179 3.1521754264831543
v 0.06637144088745117 -0.06287682801485062 3.168660879135132
v 0.04092685878276825 -0.05608095973730087 3.1338014602661133
v 0.05545983463525772 -0.05894274637103081 3.1488263607025146
v -0.02134588360786438 0.32965314388275146 3.24664568901062
v -0.010775656439363956 0.3273228406906128 3.2450597286224365
v -0.02170269936323166 0.32706788182258606 3.2276155948638916
v -0.030468329787254333 0.3309597373008728 3.2324411869049072
v 0.09961625933647156 -0.1719115674495697 3.1632273197174072
v 0.10318708419799805 -0.17108815908432007 3.1925747394561768
v 0.10370373725891113 -0.19445686042308807 3.184476137161255
v 0.09890522062778473 -0.1993696093559265 3.1578943729400635
v -0.05201011896133423 0.3185233175754547 3.2075400352478027
v -0.05745844542980194 0.3243480920791626 3.215155601501465
v -0.04326814413070679 0.3274337947368622 3.221707344055176
v -0.03621631860733032 0.3228711783885956 3.215980291366577
v 0.09862406551837921 -0.14643818140029907 3.166903018951416
v 0.10160219669342041 -0.1481313705444336 3.1950392723083496
v -0.01981195993721485 0.3217202425003052 3.263230800628662
v -0.008468800224363804 0.31806445121765137 3.263840913772583
v -0.021874533966183662 0.3126417100429535 3.277697801589966
v -0.012436279095709324 0.3067439794540405 3.278701066970825
v -0.028335094451904297 0.3055974841117859 3.291180372238159
v 0.09940548241138458 -0.17332208156585693 3.216773271560669
v 0.1028347909450531 -0.1955421268939972 3.212296962738037
v -0.03985430300235748 0.33420950174331665 3.236877202987671
v -0.05131078511476517 0.3316252827644348 3.226910352706909
v -0.0626533254981041 0.32986775040626526 3.221801519393921
v -0.07615800201892853 0.3278703987598419 3.218397855758667
v -0.0910109207034111 0.32673919200897217 3.2181849479675293
v -0.09422667324542999 0.3346063494682312 3.2217321395874023
v 0.07930658012628555 -0.08215123414993286 3.192627191543579
v 0.07407470047473907 -0.07839135825634003 3.1672682762145996
v 0.04996388405561447 -0.3169616460800171 3.110935926437378
v 0.054292231798172 -0.3318675458431244 3.128622531890869
v 0.02079533040523529 -0.33521029353141785 3.120316982269287
v 0.02172798663377762 -0.3226511776447296 3.1040985584259033
v -0.0513179786503315 -0.31139490008354187 3.097043991088867
v -0.012093455530703068 -0.32094141840934753 3.098994731903076
v -0.015849187970161438 -0.33381661772727966 3.1172688007354736
v -0.05311890318989754 -0.3250363767147064 3.1169800758361816
v -0.04581998661160469 -0.18267612159252167 3.0683047771453857
v -0.044088155031204224 -0.16055862605571747 3.0742781162261963
v -0.014544100500643253 -0.16117694973945618 3.074244499206543
v -0.015253559686243534 -0.18306419253349304 3.0680203437805176
v 0.06279858946800232 -0.07618551701307297 3.1451492309570312
v 0.04785223305225372 -0.07477458566427231 3.1288702487945557
v 0.07687559723854065 -0.08696351200342178 3.217164993286133
v 0.11449465155601501 -0.3042204976081848 3.2696726322174072
v 0.11547933518886566 -0.3366996943950653 3.281531572341919
v 0.11918984353542328 -0.34656068682670593 3.2417714595794678
v 0.12099331617355347 -0.31511780619621277 3.2283248901367188
v 0.08471876382827759 -0.368079274892807 3.176995277404785
v 0.05302770435810089 -0.37406185269355774 3.1625144481658936
v 0.05367843806743622 -0.3520895838737488 3.1453428268432617
v 0.08724485337734222 -0.3417366147041321 3.1640827655792236
v 0.001753132208250463 -0.10685527324676514 3.3103408813476562
v 0.0029218862764537334 -0.11946819722652435 3.3142201900482178
v 0.02187126874923706 -0.11305118352174759 3.298536777496338
v -0.05724450945854187 -0.11531927436590195 3.332256555557251
v -0.05807271972298622 -0.12789197266101837 3.3369340896606445
v -0.03754814341664314 -0.12650422751903534 3.332681655883789
v -0.03621391952037811 -0.11361361294984818 3.327821731567383
v -0.050608497112989426 -0.21496377885341644 3.3243210315704346
v -0.04672925919294357 -0.19372490048408508 3.3231678009033203
v -0.06273993104696274 -0.19707925617694855 3.3294451236724854
v -0.06433498114347458 -0.2161879986524582 3.325039863586426
v 0.08910849690437317 -0.17488457262516022 3.2389485836029053
v 0.0869748592376709 -0.1572948843240738 3.2431042194366455
v 0.07017098367214203 -0.16060377657413483 3.2667393684387207
v 0.07205290347337723 -0.1759147047996521 3.2662606239318848
v -0.01884862780570984 -0.3424866795539856 3.1421356201171875
v -0.0538703091442585 -0.33192527294158936 3.1403911113739014
v 0.09556064009666443 -0.29288238286972046 3.3070297241210938
v 0.09929704666137695 -0.32530835270881653 3.317957639694214
v 0.07229875028133392 -0.3178807497024536 3.3455305099487305
v 0.07026904821395874 -0.28688326478004456 3.3329226970672607
v 0.03740245848894119 -0.286729633808136 3.344259738922119
v 0.038345061242580414 -0.3165138065814972 3.3558473587036133
v -0.06490695476531982 -0.2760260999202728 3.2727251052856445
v -0.06377187371253967 -0.28501561284065247 3.278477430343628
v -0.04788515344262123 -0.2647753059864044 3.2943315505981445
v -0.05421113222837448 -0.25497594475746155 3.290692090988159
v -0.049415361136198044 -0.27530530095100403 3.0745208263397217
v -0.015969887375831604 -0.280666321516037 3.0746407508850098
v -0.014444754458963871 -0.3018641173839569 3.084686279296875
v -0.04979157820343971 -0.2950567305088043 3.0845625400543213
v 0.029957786202430725 -0.07458413392305374 3.1166155338287354
v 0.024196669459342957 -0.053810179233551025 3.122485637664795
v 0.006074908655136824 -0.0526968352496624 3.1152524948120117
v 0.0032509597949683666 -0.029414353892207146 3.118434190750122
v 0.021952323615550995 -0.03123411349952221 3.1256675720214844
v 0.002294174861162901 0.09480254352092743 3.137437105178833
v 0.011057949624955654 0.113051638007164 3.138162612915039
v 0.02788495272397995 0.09972953796386719 3.1474955081939697
v 0.020082075148820877 0.08338722586631775 3.146841287612915
v -0.027425609529018402 0.2457854449748993 3.1541316509246826
v -0.026887405663728714 0.23128741979599 3.14742374420166
v 0.014672706834971905 -0.3726311922073364 3.157742738723755
v 0.023014038801193237 -0.3979033827781677 3.176452875137329
v -0.013576307334005833 -0.3926839828491211 3.179771900177002
v -0.029909495264291763 -0.3577513098716736 3.1624181270599365
v 0.0839313417673111 -0.39394015073776245 3.1949477195739746
v 0.10888305306434631 -0.35714977979660034 3.2059648036956787
v 0.10590378940105438 -0.3857842683792114 3.2201478481292725
v 0.11436715722084045 -0.3657618761062622 3.294799566268921
v 0.11698468029499054 -0.37613746523857117 3.256089925765991
v 0.07198475301265717 -0.3487405776977539 3.356503963470459
v 0.03826253116130829 -0.34708932042121887 3.3648457527160645
v -0.04761246591806412 -0.33973589539527893 3.3138341903686523
v -0.044707346707582474 -0.3650856018066406 3.3173749446868896
v -0.02496536821126938 -0.35757532715797424 3.3412792682647705
v -0.026102088391780853 -0.33050718903541565 3.3373584747314453
v -0.012282040901482105 -0.20820416510105133 3.304779529571533
v -0.0026207719929516315 -0.22238826751708984 3.307035446166992
v 0.025120988488197327 -0.20599466562271118 3.2974822521209717
v 0.022462427616119385 -0.19159208238124847 3.2947139739990234
v -0.03537427634000778 -0.10147465020418167 3.3251702785491943
v -0.052355021238327026 -0.10363844037055969 3.328381061553955
v 0.0005229929811321199 -0.09450642764568329 3.3075199127197266
v -0.018013887107372284 -0.09848294407129288 3.3184237480163574
v -0.0176023431122303 -0.11143934726715088 3.3214638233184814
v -0.03106415644288063 -0.0318261981010437 3.3374440670013428
v -0.033358022570610046 -0.052136532962322235 3.3337035179138184
v -0.013757982291281223 -0.04943455755710602 3.324730157852173
v -0.010946822352707386 -0.029317019507288933 3.32883882522583
v -0.00804529432207346 -0.006910568568855524 3.3332769870758057
v -0.02868717536330223 -0.008967532776296139 3.3415660858154297
v -0.028892576694488525 0.035049036145210266 3.3401620388031006
v -0.008952570147812366 0.03227308392524719 3.3339602947235107
v -0.0077741933055222034 0.04500588774681091 3.344881772994995
v -0.05171327665448189 0.18376347422599792 3.3432555198669434
v -0.0513027124106884 0.1667742133140564 3.3493142127990723
v 0.09507781267166138 -0.19318732619285583 3.2464895248413086
v -0.05656258389353752 -0.35673192143440247 3.1910064220428467
v -0.042742740362882614 -0.38778436183929443 3.198138475418091
v -0.05649679899215698 -0.3832471966743469 3.227597713470459
v -0.0637066662311554 -0.3563786745071411 3.2243237495422363
v 0.09717467427253723 -0.15325966477394104 3.220630645751953
v 0.06474289298057556 -0.08121256530284882 3.240767478942871
v 0.06896446645259857 -0.09318795800209045 3.2412567138671875
v 0.06259255111217499 0.05558164417743683 3.272794723510742
v 0.058876752853393555 0.03694300353527069 3.260645866394043
v 0.004628501366823912 0.08642321825027466 3.3763089179992676
v 0.0018846684833988547 0.0979987382888794 3.3768105506896973
v 0.11148151755332947 -0.32756325602531433 3.1901938915252686
v 0.07127685844898224 -0.3785807490348816 3.364612579345703
v 0.038315609097480774 -0.3779732286930084 3.3720827102661133
v 0.03717963397502899 -0.4084966778755188 3.3776021003723145
v 0.06946825236082077 -0.4083058834075928 3.371466875076294
v -0.04876774549484253 -0.40015941858291626 3.2933592796325684
v -0.04088616371154785 -0.4296214282512665 3.2992639541625977
v -0.03423075005412102 -0.4218915104866028 3.3237383365631104
v -0.0402526892721653 -0.3929556608200073 3.320758104324341
v -0.03255580738186836 -0.45811739563941956 3.3063440322875977
v -0.025792591273784637 -0.48556724190711975 3.3128559589385986
v -0.02239004150032997 -0.4809280335903168 3.3367440700531006
v -0.02789754420518875 -0.45140478014945984 3.33152174949646
v 0.09957978129386902 -0.3557499051094055 3.3299734592437744
v 0.10935062170028687 -0.4207327365875244 3.3191332817077637
v 0.11190487444400787 -0.39312663674354553 3.307269811630249
v 0.09705157577991486 -0.3846936523914337 3.3400893211364746
v 0.09531699120998383 -0.41364210844039917 3.350037097930908
v 0.056249961256980896 -0.399422824382782 3.1838457584381104
v -0.06010140851140022 -0.3479067385196686 3.2897655963897705
v -0.05599037557840347 -0.3719571828842163 3.2890405654907227
v -0.031477831304073334 -0.44292783737182617 3.2491354942321777
v -0.04378621280193329 -0.4134290814399719 3.239154577255249
v -0.027267150580883026 -0.41960808634757996 3.213218927383423
v -0.015004892833530903 -0.44853419065475464 3.22711443901062
v 0.08918000757694244 -0.4430218040943146 3.2313735485076904
v 0.08684808015823364 -0.41891348361968994 3.2160351276397705
v 0.10615114867687225 -0.4112672507762909 3.2396247386932373
v 0.10652950406074524 -0.43598902225494385 3.2557783126831055
v 0.11456182599067688 -0.4022710919380188 3.2728097438812256
v 0.11274725198745728 -0.4285441040992737 3.286618232727051
v 0.1058678925037384 -0.4747709333896637 3.3431615829467773
v 0.10708542168140411 -0.44782349467277527 3.3304460048675537
v 0.09262016415596008 -0.4420110583305359 3.359935998916626
v 0.09061852097511292 -0.46998050808906555 3.369434118270874
v 0.11149388551712036 -0.4797742962837219 3.3126988410949707
v 0.11198058724403381 -0.4539722502231598 3.2982594966888428
v 0.1077183187007904 -0.4841976761817932 3.28499436378479
v 0.10730995237827301 -0.46057575941085815 3.269954204559326
v 0.09344279766082764 -0.48829254508018494 3.262564182281494
v 0.09174209833145142 -0.46616387367248535 3.24619460105896
v 0.07417736947536469 -0.49225959181785583 3.2476046085357666
v 0.07013309001922607 -0.47119399905204773 3.2311630249023438
v 0.044464580714702606 -0.4745621383190155 3.225599527359009
v 0.05123143643140793 -0.4951551556587219 3.241678237915039
v 0.027313917875289917 -0.49637460708618164 3.243011713027954
v 0.018880032002925873 -0.47519344091415405 3.229619026184082
v -0.011330806650221348 -0.4942145347595215 3.268686294555664
v -0.020591076463460922 -0.46994173526763916 3.260114908218384
v -0.004406989086419344 -0.4739992022514343 3.23998761177063
v 0.00539033068343997 -0.49665772914886475 3.2527453899383545
v 0.02194403111934662 -0.5695309042930603 3.2954049110412598
v 0.012863016687333584 -0.5532582402229309 3.2919015884399414
v 0.032312363386154175 -0.5498528480529785 3.2868361473083496
v 0.04068011790513992 -0.5651371479034424 3.292696475982666
v 0.05803215503692627 -0.5619419813156128 3.2899696826934814
v 0.05119634419679642 -0.5469092130661011 3.2860472202301025
v 0.06948968023061752 -0.5447827577590942 3.2857112884521484
v 0.07678961753845215 -0.5600996017456055 3.2898473739624023
v 0.10009099543094635 -0.545010507106781 3.3063418865203857
v 0.10541628301143646 -0.5636650919914246 3.3113157749176025
v 0.09335669875144958 -0.5602120161056519 3.296247720718384
v 0.08695939183235168 -0.5438430905342102 3.291363000869751
v 0.11397445201873779 -0.547404408454895 3.3245973587036133
v 0.1164407730102539 -0.5680056214332581 3.3286242485046387
v 0.1147746741771698 -0.550807535648346 3.34824538230896
v 0.11425173282623291 -0.5744034051895142 3.351120710372925
v 0.10046049952507019 -0.554801881313324 3.372424364089966
v 0.09895026683807373 -0.5801213979721069 3.372309923171997
v -0.009952292777597904 -0.5579285025596619 3.3427343368530273
v -0.01087991800159216 -0.5561762452125549 3.324028730392456
v -0.003027052152901888 -0.5760215520858765 3.320833444595337
v -0.003983445931226015 -0.5800238251686096 3.3408989906311035
v 0.015665695071220398 -0.5603939294815063 3.383317708969116
v 0.020462695509195328 -0.5862844586372375 3.374251365661621
v 0.03463515639305115 -0.5864275097846985 3.39335560798645
v 0.03330010920763016 -0.5590164065361023 3.4017550945281982
v 0.10423444211483002 -0.5019090175628662 3.356515884399414
v 0.11124710738658905 -0.5042315125465393 3.3267478942871094
v 0.10843504965305328 -0.5061456561088562 3.30021595954895
v 0.09480220079421997 -0.5084142684936523 3.2807579040527344
v -0.0028370809741318226 -0.5160477757453918 3.278891086578369
v 0.014966103248298168 -0.5162895917892456 3.2657225131988525
v -0.018154609948396683 -0.5089719295501709 3.342836618423462
v -0.02072414755821228 -0.5114316344261169 3.3193655014038086
v 0.06015139818191528 -0.528305172920227 3.405080556869507
v 0.08566217124462128 -0.5276632905006409 3.389895439147949
v 0.08837273716926575 -0.49862757325172424 3.380971908569336
v 0.062075577676296234 -0.49740296602249146 3.395094633102417
v 0.1135605126619339 -0.5270652770996094 3.338942050933838
v 0.11020596325397491 -0.5268201231956482 3.3130571842193604
v 0.09674118459224701 -0.5268428325653076 3.2945291996002197
v 0.06354095041751862 -0.5294592380523682 3.274231195449829
v 0.08214430510997772 -0.5277886390686035 3.280008316040039
v 0.043887458741664886 -0.5312635898590088 3.2740108966827393
v 0.0048522124998271465 -0.5352480411529541 3.2839460372924805
v 0.024030357599258423 -0.5337800979614258 3.276654005050659
v -0.01308183092623949 -0.5346458554267883 3.344827890396118
v -0.015554630197584629 -0.5348412394523621 3.3224146366119385
v 0.059026069939136505 -0.5854193568229675 3.400419235229492
v 0.08368705213069916 -0.5837360620498657 3.39203143119812
v 0.0834963321685791 -0.5569390058517456 3.3937108516693115
v 0.059386804699897766 -0.5583794713020325 3.407674789428711
v 0.05974490940570831 -0.6093157529830933 3.3870925903320312
v 0.038257695734500885 -0.6092415452003479 3.3812975883483887
v 0.08075515180826187 -0.5758248567581177 3.2866828441619873
v 0.06496861577033997 -0.5776982307434082 3.2867941856384277
v 0.09786590933799744 -0.5781212449073792 3.2938907146453857
v 0.1121397614479065 -0.598438560962677 3.3486082553863525
v 0.11808060109615326 -0.5882762670516968 3.3252108097076416
v 0.0976574718952179 -0.6066631078720093 3.368696689605713
v 0.08129428327083588 -0.6069379448890686 3.384024143218994
v 0.012536144815385342 -0.6151049137115479 3.3055248260498047
v 0.01050655823200941 -0.6214970946311951 3.321948766708374
v 0.0021895836107432842 -0.5975111126899719 3.3318991661071777
v 0.006052553188055754 -0.594813883304596 3.316462278366089
v 0.03403981029987335 -0.6040873527526855 3.2813470363616943
v 0.030767284333705902 -0.5856401920318604 3.2956204414367676
v 0.047722116112709045 -0.5815508365631104 3.2912983894348145
v 0.05074237287044525 -0.5980896353721619 3.2728967666625977
v 0.08813229203224182 -0.5947675704956055 3.2734148502349854
v 0.06950730830430984 -0.5947387218475342 3.2702486515045166
v 0.10499364137649536 -0.5964543223381042 3.281482696533203
v 0.11987540125846863 -0.6121411919593811 3.3176066875457764
v 0.11842280626296997 -0.6020026803016663 3.296323537826538
v 0.11071492731571198 -0.581205427646637 3.306246757507324
v 0.1119576245546341 -0.6243616938591003 3.3421990871429443
v 0.0907311886548996 -0.6624261140823364 3.3469078540802
v 0.1138649731874466 -0.6519677639007568 3.3321661949157715
v 0.08929683268070221 -0.6342542767524719 3.359325647354126
v 0.06754797697067261 -0.74973464012146 3.3011200428009033
v 0.06783170253038406 -0.7798117995262146 3.28402042388916
v 0.08979299664497375 -0.7774034738540649 3.2867867946624756
v 0.0922255665063858 -0.7476418018341064 3.3033719062805176
v 0.014021283946931362 -0.6387637853622437 3.2893142700195312
v 0.013689006678760052 -0.6456577181816101 3.30755877494812
v 0.05318327248096466 -0.6188599467277527 3.253789186477661
v 0.03398241102695465 -0.6245100498199463 3.2609798908233643
v 0.12672241032123566 -0.6642690300941467 3.2924516201019287
v 0.12527230381965637 -0.6523623466491699 3.2693698406219482
v 0.12262019515037537 -0.6260042786598206 3.2842681407928467
v 0.12346740067005157 -0.6377540826797485 3.3072264194488525
v 0.015013298951089382 -0.7293646931648254 3.2612392902374268
v 0.012569083832204342 -0.7004062533378601 3.276360511779785
v 0.013536366634070873 -0.692086935043335 3.2561655044555664
v 0.01606951653957367 -0.7219083905220032 3.2428572177886963
v 0.05186539143323898 -0.6436959505081177 3.2344579696655273
v 0.052325740456581116 -0.6725949048995972 3.21998929977417
v 0.034148797392845154 -0.6781936287879944 3.227766752243042
v 0.03206733614206314 -0.6493555307388306 3.2424468994140625
v 0.12384386360645294 -0.7258832454681396 3.2657740116119385
v 0.12375018000602722 -0.715590238571167 3.2435057163238525
v 0.12625575065612793 -0.6823544502258301 3.255841016769409
v 0.12680365145206451 -0.6937653422355652 3.278961181640625
v 0.09271743893623352 -0.68975430727005 3.3334505558013916
v 0.09435169398784637 -0.7180812954902649 3.318418025970459
v 0.11653023958206177 -0.7070890069007874 3.3034286499023438
v 0.11661402881145477 -0.678650438785553 3.3173141479492188
v 0.06573690474033356 -0.6918052434921265 3.33135724067688
v 0.06767094135284424 -0.7199527025222778 3.3166637420654297
v 0.02852710336446762 -0.788489818572998 3.2199862003326416
v 0.02763628214597702 -0.7967156171798706 3.233849048614502
v 0.021019943058490753 -0.7626197934150696 3.2480642795562744
v 0.02198544144630432 -0.7543555498123169 3.231536626815796
v 0.054378315806388855 -0.7044045925140381 3.2086148262023926
v 0.05691913515329361 -0.7394647598266602 3.2010161876678467
v 0.04040013998746872 -0.7431623339653015 3.207301139831543
v 0.03629071265459061 -0.7092857360839844 3.21596360206604
v 0.11324843764305115 -0.7945338487625122 3.2375857830047607
v 0.11198394000530243 -0.7862857580184937 3.2190537452697754
v 0.11873121559619904 -0.7510573267936707 3.232346534729004
v 0.11913827061653137 -0.7595923542976379 3.2521159648895264
v 0.08764581382274628 -0.8094474077224731 3.2681219577789307
v 0.10632699728012085 -0.8034166097640991 3.2572145462036133
v 0.11041611433029175 -0.7697893381118774 3.274430274963379
v 0.06740054488182068 -0.8115894198417664 3.2669484615325928
v 0.06636165082454681 -0.8437209129333496 3.2498836517333984
v 0.08357349038124084 -0.8422187566757202 3.251039981842041
v 0.032834962010383606 -0.8218259215354919 3.206712007522583
v 0.033697277307510376 -0.82867431640625 3.219801425933838
v 0.044569455087184906 -0.8125226497650146 3.187924861907959
v 0.04394581913948059 -0.7780269980430603 3.1976983547210693
v 0.05828898400068283 -0.774049699306488 3.192556619644165
v 0.05767921358346939 -0.8079667687416077 3.182062864303589
v 0.09164085984230042 -0.7767949104309082 3.1936752796173096
v 0.0878792554140091 -0.8108513355255127 3.184208393096924
v 0.07327916473150253 -0.8073808550834656 3.1807632446289062
v 0.07515420019626617 -0.7735407948493958 3.189363956451416
v 0.10383394360542297 -0.8186570405960083 3.2060317993164062
v 0.09760943055152893 -0.8136777281761169 3.1930058002471924
v 0.10417434573173523 -0.7800167798995972 3.202406644821167
v 0.10708977282047272 -0.8261920809745789 3.2237801551818848
v 0.10074354708194733 -0.835945725440979 3.2417261600494385
v -0.07053712755441666 -0.3262346684932709 3.204679012298584
v -0.06302114576101303 -0.3347950875759125 3.1950061321258545
v -0.06782372295856476 -0.33741408586502075 3.2294771671295166
v -0.07141947001218796 -0.32565370202064514 3.236469268798828
v -0.017326675355434418 -0.41618582606315613 3.35040020942688
v -0.020883571356534958 -0.385466992855072 3.346127510070801
v -0.010337055660784245 -0.476643830537796 3.360109567642212
v -0.01308902446180582 -0.4466591477394104 3.356663703918457
v -0.006378856021910906 -0.5061386823654175 3.3639016151428223
v -0.0001755511184455827 -0.5597509145736694 3.3636670112609863
v -0.002022069413214922 -0.5344544053077698 3.366909980773926
v 0.0037714908830821514 -0.5824366211891174 3.3560726642608643
v 0.011265202425420284 -0.6044985055923462 3.347580909729004
v 0.017470259219408035 -0.6290168762207031 3.3378331661224365
v 0.023146189749240875 -0.6796257495880127 3.311530828475952
v 0.021812543272972107 -0.653140664100647 3.324460029602051
v 0.013240776024758816 -0.6722452044487 3.2917957305908203
v 0.025281496345996857 -0.7383986115455627 3.2805843353271484
v 0.023493923246860504 -0.7080404162406921 3.2961626052856445
v 0.035032063722610474 -0.8048012256622314 3.247215747833252
v 0.029663115739822388 -0.7715213298797607 3.264375925064087
v 0.04117932915687561 -0.8361484408378601 3.2335987091064453
v 0.0029635424725711346 -0.27052053809165955 3.333808422088623
v 0.002168539445847273 -0.25057974457740784 3.3209314346313477
v -0.02438710629940033 -0.2677527368068695 3.3205716609954834
v -0.02556542307138443 -0.28453949093818665 3.3264307975769043
v -0.07320836186408997 -0.2948070764541626 3.2490174770355225
v -0.0733097493648529 -0.3007332980632782 3.250434637069702
v -0.06982516497373581 -0.2951316833496094 3.264345645904541
v -0.070277638733387 -0.2882128953933716 3.259214162826538
v 0.10357677936553955 -0.528532862663269 3.367408514022827
v 0.07803971320390701 -0.5109341144561768 3.265908718109131
v 0.036015093326568604 -0.5149728655815125 3.2601277828216553
v 0.057345688343048096 -0.5129351615905762 3.2580862045288086
v 0.011835667304694653 -0.5329276323318481 3.3869917392730713
v 0.03309635818004608 -0.5294181108474731 3.401418685913086
v 0.03364146500825882 -0.49909278750419617 3.395491600036621
v 0.010560537688434124 -0.5028710961341858 3.383009910583496
v 0.06306879967451096 -0.6674008965492249 3.3442187309265137
v 0.039272040128707886 -0.6617138385772705 3.337303876876831
v 0.042020879685878754 -0.6875101327896118 3.323730707168579
v 0.062313295900821686 -0.6447707414627075 3.3581862449645996
v 0.11143054068088531 -0.6182827353477478 3.2669355869293213
v 0.09416380524635315 -0.6150531768798828 3.256021738052368
v 0.07439673691987991 -0.6396591067314148 3.2331314086914062
v 0.07392116636037827 -0.6153882741928101 3.2520816326141357
v 0.09663160145282745 -0.6393496990203857 3.237893581390381
v 0.008545915596187115 -0.4433930218219757 3.3753254413604736
v 0.008409558795392513 -0.47331947088241577 3.380383253097534
v 0.0347432941198349 -0.46896934509277344 3.389639377593994
v 0.035762324929237366 -0.4389713704586029 3.383819103240967
v 0.029548048973083496 0.0038105337880551815 3.1459343433380127
v 0.043505191802978516 -0.0032293186523020267 3.1600911617279053
v 0.061024002730846405 0.07214939594268799 3.3188369274139404
v 0.05187394469976425 0.0623035728931427 3.326066493988037
v 0.05064667761325836 0.05336557328701019 3.308676242828369
v 0.06150617450475693 0.06380569934844971 3.299182176589966
v 0.06893274933099747 0.07700502872467041 3.2936882972717285
v 0.0671510398387909 0.08447715640068054 3.313262462615967
v 0.07293610274791718 0.0916864424943924 3.2894058227539062
v 0.07066337019205093 0.09897711873054504 3.3088438510894775
v 0.07218614220619202 0.16010206937789917 3.2720351219177246
v 0.07359499484300613 0.1699385643005371 3.267545461654663
v -0.05080302804708481 0.032351359724998474 3.344985008239746
v -0.050112150609493256 0.01144945714622736 3.3475496768951416
v -0.027761783450841904 0.013294422067701817 3.3431649208068848
v -0.017415519803762436 -0.12341458350419998 3.3255045413970947
v -0.005658008623868227 -0.18294011056423187 3.3034005165100098
v -0.0281754769384861 -0.1881716102361679 3.3144400119781494
v -0.034961361438035965 -0.2116781324148178 3.3132569789886475
v -0.06819827109575272 -0.2608239948749542 3.28977108001709
v -0.07570378482341766 -0.2719021737575531 3.27636981010437
v -0.07624614983797073 -0.2861045300960541 3.2587926387786865
v -0.07615703344345093 -0.29310092329978943 3.246577501296997
v -0.021453239023685455 0.06260263919830322 3.130634069442749
v -0.020395763218402863 0.08342418074607849 3.131383180618286
v -0.0658368170261383 0.24484843015670776 3.1634349822998047
v -0.04646081477403641 0.25159600377082825 3.1618831157684326
v -0.04731268063187599 0.27503377199172974 3.1740899085998535
v -0.0662262886762619 0.2694416642189026 3.1743264198303223
v -0.06750103831291199 0.2787846326828003 3.179044723510742
v -0.04867729917168617 0.28484049439430237 3.180521249771118
v -0.07451824098825455 0.3199883997440338 3.2105212211608887
v -0.07191777229309082 0.31302589178085327 3.2035131454467773
v -0.07551778852939606 -0.3049904704093933 3.2345428466796875
v -0.07536046952009201 -0.3110312521457672 3.227512836456299
v -0.07333584129810333 -0.307582288980484 3.2500250339508057
v -0.048660460859537125 -0.3178340792655945 3.3135623931884766
v -0.04832721874117851 -0.29965898394584656 3.314655065536499
v -0.062375616282224655 -0.31243255734443665 3.2926812171936035
v -0.06205487996339798 -0.32823681831359863 3.2910265922546387
v 0.12058700621128082 -0.2806072533130646 3.220233678817749
v 0.11224028468132019 -0.27180057764053345 3.2600131034851074
v 0.018004000186920166 -0.3513508141040802 3.140228271484375
v 0.17209193110466003 0.08509525656700134 3.181967258453369
v 0.15277913212776184 0.1023310124874115 3.1845791339874268
v 0.1623096764087677 0.10878394544124603 3.176884412765503
v 0.18182125687599182 0.09170225262641907 3.1761884689331055
v -0.018192797899246216 0.158672034740448 3.130129814147949
v -0.010924984700977802 0.13179442286491394 3.131361961364746
v -0.0038873297162353992 0.29958388209342957 3.280189275741577
v 0.06584277749061584 0.291761577129364 3.277329206466675
v 0.05418244004249573 0.2948969602584839 3.274630308151245
v 0.051138222217559814 0.27782437205314636 3.293782949447632
v 0.06079189479351044 0.2757391333580017 3.2970476150512695
v 0.06434600055217743 0.2723621428012848 3.195251703262329
v 0.05181799829006195 0.27447599172592163 3.188581705093384
v 0.05427056550979614 0.2871681749820709 3.2033743858337402
v 0.06593231856822968 0.284147173166275 3.2098262310028076
v -0.016568366438150406 -0.2075599879026413 3.0638365745544434
v -0.047148022800683975 -0.2068883627653122 3.0651588439941406
v -0.038159504532814026 0.0012638210318982601 3.11977481842041
v -0.04034037888050079 0.023299576714634895 3.124077558517456
v -0.021325886249542236 0.01944717951118946 3.1236989498138428
v -0.018522512167692184 -0.002533754799515009 3.1192898750305176
v 0.010950240306556225 0.14512664079666138 3.135834217071533
v 0.024556390941143036 0.12820002436637878 3.1421682834625244
v -0.045013125985860825 0.09746795892715454 3.37195086479187
v -0.029934896156191826 0.10362765192985535 3.375063180923462
v -0.032399605959653854 0.1217435896396637 3.3706793785095215
v -0.04814000427722931 0.1171574592590332 3.3688735961914062
v 0.15912151336669922 0.1514889895915985 3.1783714294433594
v 0.15264248847961426 0.1352478563785553 3.1753456592559814
v 0.1328079104423523 0.1491791307926178 3.17874813079834
v 0.13591638207435608 0.16145309805870056 3.1785619258880615
v 0.08618327975273132 -0.31731241941452026 3.146019220352173
v 0.1109650582075119 -0.28992462158203125 3.172534942626953
v 0.05496875196695328 0.02336624450981617 3.183130979537964
v 0.05346372723579407 0.0056900097988545895 3.180745840072632
v 0.041551150381565094 0.014577598311007023 3.1633758544921875
v 0.04367126524448395 0.031942591071128845 3.1646976470947266
v 0.06060706079006195 0.06993287801742554 3.195905923843384
v 0.05616377294063568 0.05543607473373413 3.1922683715820312
v 0.06681139767169952 0.0849091112613678 3.1982791423797607
v 0.08602267503738403 0.18057158589363098 3.203202724456787
v 0.08294573426246643 0.17768403887748718 3.206089735031128
v 0.08239482343196869 0.18127688765525818 3.1986477375030518
v -0.025453295558691025 -0.3052369952201843 3.3311665058135986
v -0.026105783879756927 -0.24296419322490692 3.3077569007873535
v -0.03382069244980812 -0.2345896065235138 3.30526065826416
v -0.07550651580095291 -0.2982063293457031 3.235752820968628
v -0.07639869302511215 -0.29689493775367737 3.2361645698547363
v -0.03356271982192993 0.31612733006477356 3.29301381111145
v -0.029484670609235764 0.3206104636192322 3.2782933712005615
v 0.10530421137809753 0.14865201711654663 3.210474729537964
v 0.09642860293388367 0.16302508115768433 3.216867208480835
v 0.07924265414476395 0.15804561972618103 3.220367670059204
v 0.08041101694107056 0.16623428463935852 3.2179293632507324
v 0.07881391793489456 0.1662144660949707 3.2333035469055176
v 0.07774955779314041 0.15655142068862915 3.235872507095337
v 0.07893795520067215 0.16119718551635742 3.2074599266052246
v 0.08034323900938034 0.16853806376457214 3.2062156200408936
v 0.04388429969549179 0.19548970460891724 3.3191511631011963
v 0.046273842453956604 0.21165776252746582 3.314629316329956
v 0.03661447763442993 0.2147952914237976 3.317657709121704
v 0.03469274938106537 0.19843915104866028 3.3237595558166504
v 0.02438385784626007 0.19902783632278442 3.327085018157959
v 0.02604582905769348 0.21758303046226501 3.3199355602264404
v 0.013229037635028362 0.21763759851455688 3.3229029178619385
v 0.011947917751967907 0.19862085580825806 3.331557512283325
v -0.007248316425830126 0.2767208516597748 3.2993178367614746
v -0.02378000319004059 0.26588672399520874 3.3099918365478516
v -0.041589926928281784 0.25762423872947693 3.3175106048583984
v -0.057638008147478104 0.2521398067474365 3.323010206222534
v -0.0670691430568695 0.30666932463645935 3.1969423294067383
v -0.0456630140542984 0.3115110993385315 3.1999289989471436
v -0.048546094447374344 0.3024456202983856 3.192000389099121
v -0.06656981259584427 0.29817214608192444 3.1910500526428223
v -0.08570448309183121 0.2942720353603363 3.190061569213867
v -0.08708669990301132 0.30236098170280457 3.195824146270752
v -0.038636043667793274 0.3004762828350067 3.302328109741211
v -0.0505385622382164 0.29402047395706177 3.312633752822876
v -0.061044443398714066 0.27585726976394653 3.317451238632202
v 0.20858553051948547 0.12452965974807739 3.2532436847686768
v 0.193448007106781 0.1438467800617218 3.2580926418304443
v -0.0324249267578125 0.333029180765152 3.2495453357696533
v -0.029068056493997574 0.3272174000740051 3.2638907432556152
v 0.21727722883224487 0.13018257915973663 3.2397146224975586
v 0.20186689496040344 0.14962446689605713 3.243546485900879
v 0.035482197999954224 0.25766485929489136 3.304448366165161
v 0.04665554314851761 0.25590232014656067 3.3044652938842773
v 0.04017271846532822 0.2796165943145752 3.2923007011413574
v -0.04158632457256317 0.3117975890636444 3.30546498298645
v -0.05209525302052498 0.30614060163497925 3.316159248352051
v 0.11609593033790588 -0.24646598100662231 3.217974901199341
v 0.10637183487415314 -0.23994876444339752 3.252119541168213
v 0.0639851912856102 -0.030053233727812767 3.221440315246582
v 0.05973987281322479 -0.03924286365509033 3.243262767791748
v -0.07390780746936798 -0.035143472254276276 3.3411529064178467
v -0.0749494805932045 -0.05479211360216141 3.3378915786743164
v -0.05409910902380943 -0.05375956743955612 3.3376071453094482
v -0.05222032964229584 -0.03380230814218521 3.342053174972534
v -0.07354075461626053 0.029862361028790474 3.3448164463043213
v -0.07331297546625137 0.008419462479650974 3.345905065536499
v -0.0730949267745018 0.3102489709854126 3.327941656112671
v -0.03617501258850098 -0.0866394191980362 3.324944019317627
v -0.03517260402441025 -0.0701524168252945 3.3289573192596436
v -0.055474746972322464 -0.0712062418460846 3.3319242000579834
v -0.05702534317970276 -0.08984626829624176 3.3261632919311523
v -0.06608585268259048 -0.10759487748146057 3.3295247554779053
v -0.06760240346193314 -0.11316393315792084 3.3312642574310303
v -0.05503921955823898 -0.2302107810974121 3.3180947303771973
v -0.06532149016857147 -0.231220543384552 3.320646047592163
v 0.13014325499534607 0.1740877628326416 3.285093307495117
v 0.14345577359199524 0.1867978572845459 3.2844903469085693
v 0.13326367735862732 0.20016717910766602 3.2900168895721436
v 0.12046852707862854 0.18692553043365479 3.289379835128784
v 0.0010880896588787436 -0.07974141091108322 3.3065359592437744
v -0.017406441271305084 -0.08357110619544983 3.3183677196502686
v 0.06886771321296692 0.1535511314868927 3.29182505607605
v 0.07195905596017838 0.1491471529006958 3.2756407260894775
v -0.051778312772512436 0.05099284648895264 3.3516857624053955
v -0.01397612038999796 0.10863257944583893 3.375854730606079
v -0.016460875049233437 0.1251184195280075 3.3706741333007812
v 0.00015152936975937337 0.11323222517967224 3.3743720054626465
v -0.0014165794709697366 0.12863045930862427 3.368018865585327
v -0.07693398743867874 -0.29831451177597046 3.220829725265503
v -0.07649028301239014 -0.3036751449108124 3.230609893798828
v 0.1442587971687317 0.21896913647651672 3.205031633377075
v 0.14072713255882263 0.21267595887184143 3.198530673980713
v 0.13054218888282776 0.22039145231246948 3.1978681087493896
v 0.13458195328712463 0.22756654024124146 3.203538656234741
v -0.06450380384922028 -0.3539857864379883 3.262042284011841
v -0.06731124967336655 -0.3356267809867859 3.2635204792022705
v -0.05742604658007622 -0.32997632026672363 3.1652114391326904
v -0.07159453630447388 -0.3225197494029999 3.1784274578094482
v -0.07721947133541107 -0.31973549723625183 3.174834966659546
v -0.07682625204324722 -0.31687918305397034 3.1594345569610596
v 0.0038635763339698315 -0.35170218348503113 3.358246326446533
v 0.003818764816969633 -0.3216280937194824 3.350618600845337
v 0.0052959914319217205 -0.382665753364563 3.364858865737915
v 0.006411220412701368 -0.41382133960723877 3.371253728866577
v 0.025749951601028442 -0.6093770861625671 3.3621554374694824
v 0.0359412357211113 -0.6353522539138794 3.3531148433685303
v 0.044130876660346985 -0.7153018712997437 3.3081228733062744
v 0.045758605003356934 -0.7450342774391174 3.292106866836548
v 0.04767210781574249 -0.7769810557365417 3.2756433486938477
v 0.05308256298303604 -0.8406573534011841 3.242495059967041
v 0.04987383633852005 -0.810073733329773 3.2590491771698
v 0.22139069437980652 0.1327691674232483 3.2246580123901367
v 0.22208812832832336 0.13014328479766846 3.209182024002075
v 0.20488241314888 0.15094441175460815 3.2102794647216797
v 0.20463082194328308 0.1543799638748169 3.227304697036743
v 0.1276645064353943 0.11503028869628906 3.212949752807617
v 0.14284679293632507 0.09830501675605774 3.2096824645996094
v 0.14236456155776978 0.09906700253486633 3.224449634552002
v 0.1274554431438446 0.11695684492588043 3.2294089794158936
v 0.15930593013763428 0.08095294237136841 3.2052953243255615
v 0.14602085947990417 0.09965686500072479 3.1958727836608887
v 0.16434425115585327 0.08246347308158875 3.1926040649414062
v 0.19208261370658875 0.10185852646827698 3.1745190620422363
v 0.1728699803352356 0.1188669353723526 3.175304412841797
v 0.1825467050075531 0.13056333363056183 3.1778361797332764
v 0.20242485404014587 0.1113160103559494 3.177574872970581
v 0.21867820620536804 0.12522822618484497 3.1962616443634033
v 0.21185818314552307 0.11866000294685364 3.1847341060638428
v 0.19356268644332886 0.1383545845746994 3.185659170150757
v 0.20147201418876648 0.14508923888206482 3.197019100189209
v 0.16520678997039795 0.08784526586532593 3.2470576763153076
v 0.14945411682128906 0.10680939257144928 3.252655267715454
v 0.14437592029571533 0.10166172683238983 3.239605188369751
v 0.15977615118026733 0.08276958763599396 3.234199285507202
v 0.1569066345691681 0.19797468185424805 3.2737538814544678
v 0.14576265215873718 0.21492046117782593 3.2835943698883057
v 0.0748404860496521 0.1816270351409912 3.2770092487335205
v 0.07942244410514832 0.1837339997291565 3.2694060802459717
v 0.08376781642436981 0.18608680367469788 3.283578634262085
v 0.07734385132789612 0.18811637163162231 3.290323257446289
v 0.16603168845176697 0.15474596619606018 3.2730512619018555
v 0.1796032190322876 0.16333645582199097 3.2633347511291504
v 0.16695773601531982 0.18222162127494812 3.270167112350464
v 0.15376034379005432 0.17177844047546387 3.279012680053711
v 0.13398873805999756 0.12560054659843445 3.2576584815979004
v 0.11829844117164612 0.14234484732151031 3.263903856277466
v 0.11429652571678162 0.13822980225086212 3.2493886947631836
v 0.1289667785167694 0.11993256211280823 3.2443037033081055
v 0.12432920932769775 0.1415500044822693 3.1847927570343018
v 0.14276382327079773 0.12546508014202118 3.1801998615264893
v 0.10852807760238647 0.17455387115478516 3.282087802886963
v 0.117270827293396 0.16325843334197998 3.279287815093994
v 0.06901277601718903 0.1424843668937683 3.2948224544525146
v 0.07709707319736481 0.14717435836791992 3.238502025604248
v 0.07716924697160721 0.13643524050712585 3.2395639419555664
v 0.052472010254859924 0.07460096478462219 3.3386197090148926
v 0.05258208513259888 0.08913084864616394 3.346282720565796
v 0.07697505503892899 0.10604389011859894 3.2641749382019043
v 0.07494546473026276 0.08859112858772278 3.2663869857788086
v 0.05682719498872757 0.09145992994308472 3.3396360874176025
v 0.058861151337623596 0.08245767652988434 3.33254337310791
v 0.009609322063624859 0.015018374659121037 3.324118137359619
v -0.05973220244050026 0.26378342509269714 3.3186700344085693
v 0.12732255458831787 0.14864346385002136 3.272369623184204
v 0.14011737704277039 0.1585385799407959 3.277803421020508
v 0.11972707509994507 0.16994237899780273 3.180572271347046
v 0.11475694179534912 0.1618971824645996 3.18351411819458
v 0.10202577710151672 0.1725441813468933 3.1888022422790527
v 0.10613319277763367 0.17824840545654297 3.18437123298645
v 0.040282487869262695 0.17076805233955383 3.1514158248901367
v 0.04762066900730133 0.158207505941391 3.1572036743164062
v 0.03780148923397064 0.1425323784351349 3.149386167526245
v 0.027745574712753296 0.15675854682922363 3.1422808170318604
v 0.15374043583869934 0.22273528575897217 3.21806263923645
v 0.1448187530040741 0.23437488079071045 3.2197024822235107
v 0.15033552050590515 0.23500502109527588 3.2301042079925537
v 0.15997183322906494 0.22093525528907776 3.227888345718384
v 0.15401554107666016 0.2322009801864624 3.245717763900757
v 0.155205637216568 0.2239707112312317 3.2637414932250977
v 0.16448360681533813 0.20810812711715698 3.260378837585449
v 0.1639469861984253 0.21616202592849731 3.2432520389556885
v 0.10877341032028198 -0.2213103175163269 3.1869094371795654
v 0.10053426027297974 -0.22609426081180573 3.152139186859131
v 0.03991985321044922 -0.10677343606948853 3.281599283218384
v 0.05643320083618164 -0.10040687024593353 3.2633087635040283
v 0.022663451731204987 -0.17469003796577454 3.297870635986328
v -0.06388149410486221 -0.293377548456192 3.2874372005462646
v -0.04736064746975899 -0.2752818465232849 3.305055618286133
v -0.05929895117878914 -0.37836718559265137 3.259394884109497
v 0.10873693227767944 -0.2181311994791031 3.2164571285247803
v -0.03928807005286217 -0.43623456358909607 3.2742056846618652
v -0.04963329806923866 -0.4069015681743622 3.2660181522369385
v 0.010207029990851879 -0.4513917565345764 3.2130579948425293
v -2.596954072942026e-05 -0.42391180992126465 3.196669340133667
v 0.030878692865371704 -0.4262879192829132 3.1925437450408936
v 0.037814632058143616 -0.452070415019989 3.2108256816864014
v 0.06109192967414856 -0.4245716333389282 3.200965642929077
v 0.0654294490814209 -0.4489471912384033 3.217283248901367
v 0.06577067077159882 -0.4670494794845581 3.3852994441986084
v 0.07486189901828766 -0.6693880558013916 3.2180817127227783
v 0.09605273604393005 -0.7034963369369507 3.2117011547088623
v 0.07527769356966019 -0.7023746371269226 3.206313371658325
v 0.09708704054355621 -0.669370174407959 3.2238168716430664
v 0.11450500786304474 -0.6438767313957214 3.2509140968322754
v 0.11490274965763092 -0.6735752820968628 3.2365734577178955
v 0.11395770311355591 -0.737313985824585 3.289170265197754
v 0.07593632489442825 -0.7378469705581665 3.1986045837402344
v 0.09445023536682129 -0.7401147484779358 3.2025723457336426
v 0.11347034573554993 -0.70790034532547 3.2257120609283447
v 0.10952769219875336 -0.7438076734542847 3.2143940925598145
v -0.06855430454015732 -0.3215492367744446 3.267822504043579
v -0.07694859057664871 -0.3191053569316864 3.1421103477478027
v 0.08519800007343292 -0.2348862588405609 3.2768964767456055
v 0.09041306376457214 -0.2622401714324951 3.2874765396118164
v 0.0007707136101089418 -0.23438617587089539 3.308514356613159
v 0.0287100151181221 -0.2213602066040039 3.308919906616211
v 0.035697996616363525 -0.05540149658918381 3.278287887573242
v 0.019063342362642288 -0.060538291931152344 3.2930924892425537
v 0.036905594170093536 -0.017410797998309135 3.2856552600860596
v 0.03642308712005615 -0.03768642246723175 3.2812390327453613
v 0.049751922488212585 -0.030065512284636497 3.2653908729553223
v 0.04971092939376831 -0.010591446422040462 3.2688844203948975
v 0.06335273385047913 0.00601693382486701 3.228423833847046
v 0.06288107484579086 -0.012630312703549862 3.224858045578003
v 0.06129585951566696 -0.0034617395140230656 3.2020514011383057
v 0.061815619468688965 0.014872678555548191 3.20483660697937
v 0.05548301339149475 -0.012077569030225277 3.1779189109802246
v 0.0629289522767067 -0.021048760041594505 3.199552536010742
v -0.003707536030560732 0.03578764200210571 3.131992816925049
v -0.003197592217475176 0.05632033944129944 3.1346981525421143
v 0.013685989193618298 0.049080222845077515 3.1410975456237793
v 0.012882399372756481 0.029456065967679024 3.1387522220611572
v -0.044472455978393555 -0.2299504429101944 3.3110251426696777
v -0.07014483958482742 -0.3026607632637024 3.2687385082244873
v 0.003462787251919508 -0.2943178415298462 3.3433594703674316
v 0.033886075019836426 -0.2600982189178467 3.3271546363830566
v 0.06482842564582825 -0.258510023355484 3.315431594848633
v 0.09524723887443542 0.16487595438957214 3.22955060005188
v 0.06646225601434708 0.18120810389518738 3.1788995265960693
v 0.06473258882761002 0.19108498096466064 3.1763393878936768
v 0.17472892999649048 0.19136232137680054 3.2545957565307617
v 0.17421427369117737 0.19931232929229736 3.2383053302764893
v 0.10682934522628784 0.15734976530075073 3.2686870098114014
v 0.12436071038246155 0.2124505639076233 3.2946114540100098
v 0.1032748818397522 0.20827248692512512 3.298363208770752
v 0.11186420917510986 0.1973864734172821 3.293555498123169
v 0.04887104034423828 -0.1811768114566803 3.280322790145874
v 0.05190257728099823 -0.1968483328819275 3.2833054065704346
v 0.07616613060235977 -0.19295035302639008 3.267320394515991
v -0.07488663494586945 -0.317546010017395 3.1940886974334717
v -0.07700160890817642 -0.3147648870944977 3.1850080490112305
v -0.024248670786619186 -0.25372314453125 3.3118414878845215
v -0.02204851061105728 -0.4902631938457489 3.290454864501953
v -0.029923029243946075 -0.46439844369888306 3.283703565597534
v -0.015286588110029697 -0.5138895511627197 3.296761989593506
v -0.008585558272898197 -0.5353083610534668 3.302567481994629
v -0.002122413832694292 -0.5548902153968811 3.305607557296753
v 0.00625313026830554 -0.573617696762085 3.303380012512207
v 0.01653527095913887 -0.5912094116210938 3.304849624633789
v 0.021480098366737366 -0.6103440523147583 3.2929165363311768
v 0.01352596189826727 -0.6643992066383362 3.2715580463409424
v 0.02004021778702736 -0.6310927867889404 3.2734322547912598
v 0.019850939512252808 -0.6563134789466858 3.255434513092041
v 0.02143765240907669 -0.6849685907363892 3.240476608276367
v 0.029066257178783417 -0.7484207153320312 3.217890739440918
v 0.02366701513528824 -0.7148386240005493 3.226973056793213
v 0.034140706062316895 -0.7817798852920532 3.2059454917907715
v 0.037388406693935394 -0.8163760304450989 3.1955831050872803
v -0.07656683027744293 -0.3053210377693176 3.2167913913726807
v -0.076117143034935 -0.31183233857154846 3.2065677642822266
v 0.022278018295764923 0.2591388523578644 3.3043205738067627
v 0.07476428896188736 0.15781766176223755 3.253559112548828
v 0.07539627701044083 0.1669847071170807 3.249561309814453
v 0.098041832447052 0.1700516939163208 3.2738893032073975
v -0.0770481675863266 -0.3144337832927704 3.1229734420776367
v -0.07812780886888504 -0.3020898103713989 3.103534460067749
v 0.18479841947555542 0.16175159811973572 3.195507526397705
v 0.18874099850654602 0.1698848307132721 3.2090132236480713
v 0.1023297905921936 0.1557331085205078 3.254621744155884
v 0.07459880411624908 0.17736756801605225 3.2595162391662598
v 0.07851655781269073 0.1818109154701233 3.2532312870025635
v 0.2388233244419098 0.053090810775756836 3.320150136947632
v 0.2366570234298706 0.04416707158088684 3.337998867034912
v 0.2481757402420044 0.04517754912376404 3.338526964187622
v 0.2508808970451355 0.05347827076911926 3.3195717334747314
v 0.22750157117843628 0.0480351448059082 3.3181092739105225
v 0.226973295211792 0.038461655378341675 3.3347132205963135
v 0.22491145133972168 -0.006830504629760981 3.296865463256836
v 0.22895514965057373 -0.013177244924008846 3.315869092941284
v 0.22141200304031372 -0.002867503557354212 3.3184070587158203
v 0.2175229787826538 0.003965811338275671 3.2997095584869385
v 0.2203492820262909 0.02048608846962452 3.34732985496521
v 0.21972855925559998 0.030020030215382576 3.3311283588409424
v 0.21638146042823792 0.019257383421063423 3.3258554935455322
v 0.2183018922805786 0.010541149415075779 3.342785358428955
v 0.25081494450569153 -0.01549167837947607 3.29443621635437
v 0.24641850590705872 -0.011501378379762173 3.2745258808135986
v 0.25939813256263733 -0.007100975606590509 3.2759151458740234
v 0.26279202103614807 -0.010349034331738949 3.2960100173950195
v 0.2093954086303711 0.02392660267651081 3.2223942279815674
v 0.20726846158504486 0.03059832938015461 3.214755058288574
v 0.20964312553405762 0.019445689395070076 3.2094528675079346
v 0.21411442756652832 0.012321011163294315 3.219449281692505
v 0.24344640970230103 0.07126882672309875 3.2836086750030518
v 0.24073061347007751 0.06233812868595123 3.3019094467163086
v 0.25325125455856323 0.0612797737121582 3.3005857467651367
v 0.2554805278778076 0.0679190456867218 3.280163288116455
v 0.21289542317390442 0.04491029679775238 3.2718489170074463
v 0.21551856398582458 0.05279959738254547 3.252384901046753
v 0.21108201146125793 0.03954383730888367 3.246352434158325
v 0.21009814739227295 0.03140653669834137 3.265411376953125
v 0.259186327457428 0.07309594750404358 3.259448289871216
v 0.24724411964416504 0.0781702846288681 3.264008045196533
v 0.21419259905815125 0.02780848927795887 3.308100938796997
v 0.2129344940185547 0.036672353744506836 3.290292739868164
v 0.21136921644210815 0.02398434467613697 3.2842931747436523
v 0.21419879794120789 0.015954265370965004 3.3032784461975098
v 0.2559012174606323 -0.022127998992800713 3.3345303535461426
v 0.2539801597595215 -0.019016696140170097 3.314676284790039
v 0.2647446393966675 -0.013324982486665249 3.315864086151123
v 0.26560813188552856 -0.01615503989160061 3.335876226425171
v 0.22022563219070435 0.0005513965152204037 3.339017629623413
v 0.2173939347267151 0.008167610503733158 3.321371555328369
v 0.22488924860954285 -0.009397863410413265 3.3370022773742676
v 0.2663392722606659 0.026394294574856758 3.352017641067505
v 0.2696995139122009 0.03268712759017944 3.3327181339263916
v 0.25956085324287415 0.04063744843006134 3.3355250358581543
v 0.25661468505859375 0.033326104283332825 3.355239152908325
v 0.21611720323562622 0.006682665552943945 3.257364511489868
v 0.22036010026931763 -0.0003469274379312992 3.2775073051452637
v 0.21375519037246704 0.010969170369207859 3.280012369155884
v 0.2111039161682129 0.01832992024719715 3.260631561279297
v 0.2296144962310791 0.06650838255882263 3.2826905250549316
v 0.22820141911506653 0.05729508399963379 3.300844430923462
v 0.2724277973175049 0.038255855441093445 3.3122684955596924
v 0.27419596910476685 0.04292018711566925 3.2914223670959473
v 0.2647796869277954 0.05435726046562195 3.2961599826812744
v 0.26229429244995117 0.047757893800735474 3.3163869380950928
v 0.27764463424682617 0.03211873769760132 3.264831304550171
v 0.2777930796146393 0.028723182156682014 3.2864842414855957
v 0.2751530110836029 0.014332407154142857 3.282059669494629
v 0.2731066942214966 0.017462516203522682 3.2603561878204346
v 0.220176100730896 0.004233160521835089 3.23551344871521
v 0.21315741539001465 0.016007671132683754 3.2384469509124756
v 0.24058428406715393 -0.006940147373825312 3.2543396949768066
v 0.23364964127540588 -0.0018747583962976933 3.233975648880005
v 0.24811193346977234 8.253891428466886e-05 3.233518362045288
v 0.25447598099708557 -0.0037400485016405582 3.2548539638519287
v 0.23278552293777466 0.07652130722999573 3.2310702800750732
v 0.2279762327671051 0.07349903881549835 3.241760015487671
v 0.2396874725818634 0.08180330693721771 3.2448923587799072
v 0.24493879079818726 0.0843234658241272 3.232205867767334
v 0.253107488155365 0.08371788263320923 3.2444708347320557
v 0.2574375867843628 0.08568178117275238 3.228907585144043
v 0.26373499631881714 0.08483520150184631 3.207709550857544
v 0.2664421796798706 0.08143177628517151 3.212315797805786
v 0.2659569978713989 0.07274600863456726 3.2040014266967773
v 0.2621236741542816 0.07831054925918579 3.1994669437408447
v 0.2729789614677429 0.03344698250293732 3.2215795516967773
v 0.27607017755508423 0.03292900323867798 3.24332857131958
v 0.26886823773384094 0.01802423782646656 3.238499164581299
v 0.26376572251319885 0.01973515935242176 3.2171378135681152
v 0.24426066875457764 0.01381854061037302 3.197890281677246
v 0.2530243694782257 0.009625122882425785 3.2141201496124268
v 0.24025171995162964 0.0032581700943410397 3.2144615650177
v 0.23143956065177917 0.008043990470468998 3.199998140335083
v 0.19848395884037018 0.04997500777244568 3.1845808029174805
v 0.21127766370773315 0.037577658891677856 3.18332576751709
v 0.20248663425445557 0.033927902579307556 3.1915464401245117
v 0.19128093123435974 0.0463126003742218 3.193870782852173
v 0.19545124471187592 0.040438130497932434 3.2133915424346924
v 0.19893726706504822 0.04710462689399719 3.224733352661133
v 0.19137731194496155 0.056684985756874084 3.232403516769409
v 0.186537966132164 0.05001184344291687 3.219773530960083
v 0.23576897382736206 0.09138375520706177 3.2397894859313965
v 0.23951631784439087 0.08447805047035217 3.2338266372680664
v 0.2511470317840576 0.09136620163917542 3.228259563446045
v 0.24564218521118164 0.09855513274669647 3.2302558422088623
v 0.26827168464660645 0.03537815809249878 3.2041397094726562
v 0.2560068368911743 0.023069294169545174 3.1979310512542725
v 0.20110701024532318 0.03154517710208893 3.2077884674072266
v 0.2052282989025116 0.025054963305592537 3.2058887481689453
v 0.2046090066432953 0.035346269607543945 3.2127058506011963
v 0.20299527049064636 0.04007694125175476 3.2169911861419678
v 0.21864527463912964 0.05995529890060425 3.2300148010253906
v 0.21769502758979797 0.055894285440444946 3.2229886054992676
v 0.2263340950012207 0.06683547794818878 3.226243257522583
v 0.22731369733810425 0.07011713087558746 3.2300214767456055
v 0.23943281173706055 0.07980743050575256 3.2304131984710693
v 0.2366945743560791 0.0776558518409729 3.228156328201294
v 0.24933898448944092 0.08477762341499329 3.226707935333252
v 0.25167131423950195 0.08733662962913513 3.226008176803589
v 0.2635011374950409 0.04177969694137573 3.1933798789978027
v 0.2567981481552124 0.046002328395843506 3.1859655380249023
v 0.2612162232398987 0.05577872693538666 3.189772605895996
v 0.2671097218990326 0.05126270651817322 3.19805645942688
v 0.2220965027809143 0.015092172659933567 3.1923208236694336
v 0.23356583714485168 0.01999637670814991 3.1884605884552
v 0.215934157371521 0.05462813377380371 3.222949981689453
v 0.2092088758945465 0.04709106683731079 3.2185261249542236
v 0.20880037546157837 0.04157175123691559 3.2191951274871826
v 0.2604767680168152 0.08701275289058685 3.2206835746765137
v 0.20686493813991547 0.05489015579223633 3.1788136959075928
v 0.1915954053401947 0.06783415377140045 3.1801228523254395
v 0.20031458139419556 0.07444198429584503 3.174882411956787
v 0.2152966856956482 0.06122124195098877 3.174212694168091
v 0.18377363681793213 0.06311620771884918 3.187675952911377
v 0.1777239739894867 0.0605907142162323 3.198725700378418
v 0.1803140640258789 0.06990230083465576 3.240354299545288
v 0.1750626266002655 0.06445538997650146 3.2274811267852783
v 0.18878963589668274 0.07729487121105194 3.250732421875
v 0.1997421681880951 0.06425558030605316 3.242105484008789
v 0.21043851971626282 0.07300275564193726 3.249157428741455
v 0.1990036964416504 0.08624251186847687 3.2573564052581787
v 0.22368571162223816 0.10613046586513519 3.2473599910736084
v 0.23282167315483093 0.11214746534824371 3.234666109085083
v 0.24987348914146423 0.10017967224121094 3.2188656330108643
v 0.23739266395568848 0.11348044872283936 3.221116304397583
v 0.19691121578216553 0.03557907044887543 3.201817750930786
v 0.20466065406799316 0.025987805798649788 3.1984806060791016
v 0.27724000811576843 0.025084825232625008 3.3071253299713135
v 0.2751905918121338 0.020854445174336433 3.3273093700408936
v 0.27544090151786804 0.007968933321535587 3.322355031967163
v 0.2762179970741272 0.011523173190653324 3.3024864196777344
v 0.27187108993530273 -0.003791606519371271 3.3182942867279053
v 0.27141594886779785 -0.006975910160690546 3.338486433029175
v 0.21893161535263062 0.048564612865448 3.29641056060791
v 0.21902918815612793 0.03908562660217285 3.314100503921509
v 0.22541368007659912 0.02951674349606037 3.3525002002716064
v 0.22345715761184692 0.06546790897846222 3.227466344833374
v 0.21992960572242737 0.06149102747440338 3.235462188720703
v 0.2577744722366333 0.0702441930770874 3.1915152072906494
v 0.25060009956359863 0.07800912857055664 3.1880786418914795
v 0.2554405629634857 0.08483481407165527 3.1969640254974365
v 0.2717881500720978 0.05194292962551117 3.2099528312683105
v 0.26781195402145386 0.06599986553192139 3.2134737968444824
v 0.2692696452140808 0.06503528356552124 3.232933282852173
v 0.2744499444961548 0.05058299005031586 3.226597309112549
v 0.24765771627426147 0.05093882977962494 3.1803855895996094
v 0.23727917671203613 0.059060871601104736 3.1754894256591797
v 0.24494442343711853 0.0687248557806015 3.1807897090911865
v 0.2539274990558624 0.06076537072658539 3.1846072673797607
v 0.22281596064567566 0.08224406838417053 3.246954917907715
v 0.22711360454559326 0.07431875169277191 3.2376134395599365
v 0.234670490026474 0.10617046058177948 3.195610761642456
v 0.23831841349601746 0.11073482036590576 3.206846237182617
v 0.25028902292251587 0.09810306131839752 3.2065823078155518
v 0.24654147028923035 0.09407354891300201 3.196751117706299
v 0.2583242654800415 0.09025348722934723 3.2064685821533203
v 0.22815725207328796 0.10089361667633057 3.1856822967529297
v 0.24098211526870728 0.08776472508907318 3.187084197998047
v 0.21123626828193665 0.09634976089000702 3.2561964988708496
v 0.22493034601211548 0.07097868621349335 3.174696922302246
v 0.21014109253883362 0.08409775793552399 3.1740434169769287
v 0.21994486451148987 0.0930977314710617 3.1777937412261963
v 0.23379427194595337 0.07979956269264221 3.1791810989379883
v 0.27109089493751526 -0.0009640217758715153 3.2985119819641113
v 0.2688094973564148 0.001883090939372778 3.2783803939819336
v 0.21860265731811523 0.010977805592119694 3.2043769359588623
v 0.22579148411750793 0.004287892486900091 3.215789318084717
v 0.2119397521018982 0.018444078043103218 3.1988000869750977
v 0.23691242933273315 -0.014736569486558437 3.2951629161834717
v 0.24097010493278503 -0.01930656097829342 3.3147072792053223
v 0.22663739323616028 -0.0024612382985651493 3.255331516265869
v 0.23180019855499268 -0.009056090377271175 3.2750864028930664
v 0.2750317454338074 0.046746253967285156 3.269735336303711
v 0.23199743032455444 0.03360617160797119 3.1811683177948
v 0.24318373203277588 0.026680203154683113 3.1861507892608643
v 0.22274237871170044 0.02768920548260212 3.1842079162597656
v 0.173972487449646 0.06110954284667969 3.2132256031036377
v 0.18695276975631714 0.04626131057739258 3.2063868045806885
v 0.2566186487674713 0.03213575482368469 3.190439462661743
v 0.15764161944389343 0.08007010817527771 3.2190170288085938
v 0.2661019563674927 0.07815538346767426 3.222243547439575
v 0.2572973370552063 0.09319598972797394 3.218116283416748
v 0.26040002703666687 0.08857467770576477 3.217580556869507
v 0.2453182339668274 0.0370810329914093 3.3564505577087402
v 0.21938782930374146 0.05757854878902435 3.27815318107605
v 0.2139013409614563 0.049213990569114685 3.2309157848358154
v 0.2093220353126526 0.03593920171260834 3.226769208908081
v 0.22013983130455017 0.04357796907424927 3.1786696910858154
v 0.22840750217437744 0.05017249286174774 3.1750030517578125
v 0.23981517553329468 0.04169797897338867 3.178492307662964
v 0.2061932235956192 0.05544714629650116 3.2331759929656982
v 0.21653521060943604 0.06481194496154785 3.2402327060699463
v 0.24388015270233154 -0.023147059604525566 3.3336760997772217
v 0.2090587615966797 0.04961781203746796 3.2251293659210205
v 0.26338285207748413 0.07690149545669556 3.238572359085083
v -0.06611289829015732 0.25767651200294495 3.1685380935668945
v -0.08282747864723206 0.24207019805908203 3.164583206176758
v -0.08331851661205292 0.25401997566223145 3.1699111461639404
v 0.07099030911922455 0.07269175350666046 3.268930673599243
v 0.03559015691280365 0.03812521696090698 3.304011583328247
v 0.04884393513202667 0.044423043727874756 3.2902140617370605
v 0.07443919032812119 0.14779621362686157 3.2572057247161865
v 0.07521206140518188 0.1353841871023178 3.259270191192627
v 0.07984168827533722 0.18053942918777466 3.2397968769073486
v 0.0767863392829895 0.1760251522064209 3.244385004043579
v 0.07454639673233032 0.10732629895210266 3.2852120399475098
v -0.028959235176444054 0.4741056561470032 3.270967960357666
v -0.03145715966820717 0.46746063232421875 3.267220973968506
v -0.026967454701662064 0.4868825674057007 3.2712628841400146
v -0.06731734424829483 -0.09961612522602081 3.326371431350708
v -0.08029633015394211 -0.11388268321752548 3.3298704624176025
v -0.080364890396595 -0.11866722255945206 3.333355188369751
v -0.02523444965481758 0.45741724967956543 3.28106427192688
v -0.027799881994724274 0.45185601711273193 3.2772040367126465
v -0.023470647633075714 0.4544835686683655 3.2783477306365967
v -0.024915028363466263 0.45886731147766113 3.2829859256744385
v -0.025254657492041588 0.45798712968826294 3.282670736312866
v -0.02457626536488533 0.4879458546638489 3.2813103199005127
v -0.032896529883146286 0.45986413955688477 3.2659552097320557
v -0.03415777161717415 0.4505199193954468 3.266482353210449
v -0.024814482778310776 0.4739529490470886 3.285285234451294
v -0.02935221418738365 -0.07450053840875626 3.100738286972046
v -0.024405043572187424 -0.09575512260198593 3.0943963527679443
v -0.05028073862195015 -0.09448573738336563 3.092698335647583
v -0.053295768797397614 -0.07281925529241562 3.1003260612487793
v -0.07836194336414337 -0.11160023510456085 3.086108446121216
v -0.07862281054258347 -0.09055628627538681 3.0925793647766113
v -0.046923376619815826 -0.11769038438796997 3.0859694480895996
v 0.07238396257162094 -0.1537403017282486 3.115212917327881
v 0.06882116198539734 -0.13052672147750854 3.117223024368286
v 0.08452720940113068 -0.12758688628673553 3.1400625705718994
v 0.08824354410171509 -0.14968259632587433 3.138599395751953
v 0.08875438570976257 -0.10922470688819885 3.1662278175354004
v 0.09465068578720093 -0.12614168226718903 3.16719126701355
v 0.07787880301475525 -0.10872173309326172 3.1412832736968994
v 0.0925799310207367 -0.1115298643708229 3.19364333152771
v 0.09770986437797546 -0.12843245267868042 3.195192575454712
v 0.08920451998710632 -0.11612427234649658 3.2210330963134766
v 0.09382712841033936 -0.13387297093868256 3.221503734588623
v 0.08365517854690552 -0.13993482291698456 3.245203971862793
v 0.06744257360696793 -0.14542576670646667 3.2662079334259033
v 0.04776899516582489 -0.1660957634449005 3.281771421432495
v 0.04693377763032913 -0.15150198340415955 3.2853550910949707
v 0.024064525961875916 -0.15768569707870483 3.299985647201538
v -0.0001674597879173234 -0.16379062831401825 3.313302516937256
v -0.022921059280633926 -0.16905330121517181 3.3224098682403564
v -0.043199993669986725 -0.1731630563735962 3.3288321495056152
v -0.06117973476648331 -0.17594735324382782 3.33449649810791
v -0.0772760733962059 -0.176949143409729 3.3352832794189453
v -0.07641201466321945 -0.1982918679714203 3.330897569656372
v 0.016311265528202057 0.23792532086372375 3.3148627281188965
v 0.004756092559546232 0.3204146921634674 3.2263073921203613
v 0.024287037551403046 0.315292090177536 3.248847723007202
v 0.016399942338466644 0.31640198826789856 3.2265374660491943
v 0.036135002970695496 0.27473101019859314 3.1787188053131104
v 0.01636461168527603 0.2716832458972931 3.1697444915771484
v 0.01902523636817932 0.284565806388855 3.181069850921631
v 0.038986749947071075 0.2894849479198456 3.1937248706817627
v -0.00574766518548131 0.31520092487335205 3.21063494682312
v -0.013238498009741306 0.31715890765190125 3.2113730907440186
v 0.0032471860758960247 0.3119475841522217 3.2084484100341797
v -0.012853221036493778 0.30548641085624695 3.1956725120544434
v -0.030570626258850098 0.2996009886264801 3.189070701599121
v 0.06751607358455658 0.29743117094039917 3.2522735595703125
v 0.08015847206115723 0.2922818958759308 3.2572810649871826
v 0.07768180966377258 0.28929033875465393 3.233612537384033
v 0.06716260313987732 0.29366734623908997 3.228052854537964
v 0.06228761374950409 0.2598969340324402 3.184824228286743
v 0.07288964092731476 0.25891247391700745 3.191311836242676
v 0.07058925926685333 0.2465084195137024 3.1830878257751465
v 0.05932746082544327 0.2471420168876648 3.1770341396331787
v 0.12009647488594055 0.26539257168769836 3.270291805267334
v 0.13223741948604584 0.2551664710044861 3.2721776962280273
v 0.13105519115924835 0.25948989391326904 3.2508161067962646
v 0.11772549152374268 0.26974034309387207 3.249690294265747
v 0.07442967593669891 0.2708599865436554 3.2036800384521484
v 0.0023960652761161327 0.16623982787132263 3.133820056915283
v 0.01997712254524231 0.17351210117340088 3.13944935798645
v 0.03431059420108795 0.18351203203201294 3.147285223007202
v 0.06408267468214035 0.2008722722530365 3.175865650177002
v 0.058367326855659485 0.18559813499450684 3.1698665618896484
v 0.056156374514102936 0.19719749689102173 3.1685869693756104
v 0.07321129739284515 0.20347508788108826 3.180389881134033
v 0.08012457191944122 0.2055230438709259 3.183833122253418
v 0.09370331466197968 0.21939674019813538 3.3019256591796875
v 0.08366897702217102 0.20090168714523315 3.298098087310791
v 0.09224516153335571 0.19351232051849365 3.291422128677368
v 0.0938490778207779 0.20260092616081238 3.188704252243042
v 0.0913618803024292 0.19866302609443665 3.1891651153564453
v 0.08399201929569244 0.19775879383087158 3.1888427734375
v 0.08591802418231964 0.20187193155288696 3.1873390674591064
v 0.05568672716617584 0.3025132119655609 3.2479958534240723
v 0.12577219307422638 0.25784146785736084 3.231809616088867
v 0.12254370748996735 0.2541256248950958 3.219179391860962
v 0.10897503793239594 0.26021310687065125 3.21756649017334
v 0.11234067380428314 0.2659045457839966 3.230226993560791
v 0.11741475760936737 0.2479148805141449 3.2080259323120117
v 0.11305010318756104 0.2399497628211975 3.19960880279541
v 0.10138751566410065 0.24475082755088806 3.1981918811798096
v 0.10527054965496063 0.25268006324768066 3.2056374549865723
v 0.09715060889720917 0.2072581946849823 3.1877450942993164
v 0.08783327043056488 0.20768582820892334 3.187032699584961
v 0.13743048906326294 0.22779196500778198 3.2860145568847656
v 0.0909828394651413 0.2794194221496582 3.2874159812927246
v 0.07802866399288177 0.2867569029331207 3.2827835083007812
v 0.07131925225257874 0.2707427442073822 3.30167293548584
v 0.08285386860370636 0.26141172647476196 3.303579807281494
v 0.08659103512763977 0.1764485239982605 3.2345080375671387
v 0.08859454095363617 0.17501062154769897 3.2216227054595947
v 0.09030716121196747 0.17389613389968872 3.2087666988372803
v 0.08146288990974426 0.18702775239944458 3.1919748783111572
v 0.09158304333686829 0.17593136429786682 3.200270175933838
v 0.0897534042596817 0.17980921268463135 3.278346300125122
v 0.09970083832740784 0.1864260733127594 3.287815570831299
v 0.06322413682937622 0.24802303314208984 3.309196949005127
v 0.07274281978607178 0.2403641641139984 3.310126543045044
v 0.14427366852760315 0.24048322439193726 3.268181324005127
v 0.14316727221012115 0.2469034194946289 3.248281955718994
v 0.11098498106002808 0.18956735730171204 3.182765483856201
v 0.10082828998565674 0.19385135173797607 3.1860733032226562
v 0.10330106317996979 0.19865891337394714 3.1860437393188477
v 0.07653990387916565 0.1845192015171051 3.187628984451294
v 0.0812591165304184 0.1934438943862915 3.1891753673553467
v 0.09328526258468628 0.2860448360443115 3.2620561122894287
v 0.1343131810426712 0.24494361877441406 3.2179598808288574
v 0.13917867839336395 0.24815359711647034 3.230649471282959
v 0.09367147088050842 0.2562536597251892 3.202312469482422
v 0.08299963176250458 0.2578079104423523 3.1966724395751953
v 0.08466833829879761 0.26850420236587524 3.2076077461242676
v 0.09635120630264282 0.2638886272907257 3.212498664855957
v 0.11923512816429138 0.22676986455917358 3.195225715637207
v 0.12451745569705963 0.23380917310714722 3.2004780769348145
v 0.08070538938045502 0.2468653917312622 3.1913082599639893
v 0.09067733585834503 0.24635100364685059 3.1961710453033447
v 0.10675396025180817 0.20403975248336792 3.1872591972351074
v 0.055064186453819275 0.2537846863269806 3.3062949180603027
v 0.04138907790184021 0.23417052626609802 3.3123462200164795
v 0.05052318423986435 0.23180261254310608 3.310626268386841
v 0.05778826028108597 0.22605791687965393 3.3108298778533936
v 0.06640633940696716 0.21697354316711426 3.3087351322174072
v 0.0750349909067154 0.2074570655822754 3.3056280612945557
v 0.03018934279680252 0.23638445138931274 3.3132686614990234
v 0.24876275658607483 0.03566932678222656 3.18400502204895
v 0.10940271615982056 0.1840268075466156 3.1830737590789795
v 0.12158316373825073 0.18434083461761475 3.1814334392547607
v 0.1214296817779541 0.1777907907962799 3.1809258460998535
v 0.1749608814716339 0.156315416097641 3.1852920055389404
v -0.06755761057138443 0.37973839044570923 3.395329236984253
v -0.06749818474054337 0.3748365342617035 3.3913259506225586
v -0.0699874758720398 0.4021264314651489 3.4000802040100098
v -0.06948880106210709 0.39868706464767456 3.400482177734375
v 0.2629717290401459 0.06374117732048035 3.1972873210906982
v 0.26646876335144043 0.061143726110458374 3.20272159576416
v 0.27606406807899475 0.050756946206092834 3.2479751110076904
v 0.2690706253051758 0.06416149437427521 3.2535746097564697
v 0.2673625349998474 0.06031632423400879 3.275547981262207
v 0.2343425452709198 0.07537263631820679 3.263201951980591
v 0.2229413092136383 0.06628623604774475 3.258878231048584
v 0.2103247344493866 0.027512462809681892 3.2416422367095947
v 0.26036059856414795 0.00818572286516428 3.234921455383301
v 0.22922280430793762 0.018348494544625282 3.3892486095428467
v 0.22690534591674805 0.00966534111648798 3.4048783779144287
v 0.23670348525047302 0.013230004347860813 3.4071269035339355
v 0.2397795021533966 0.02079084701836109 3.3910000324249268
v 0.22505047917366028 0.0038338019512593746 3.420957565307617
v 0.2205403447151184 0.002680064644664526 3.40238094329834
v 0.22005972266197205 -0.0037976191379129887 3.4184954166412354
v 0.21884748339653015 -0.00521430978551507 3.3991122245788574
v 0.21921619772911072 -0.011881708167493343 3.415419340133667
v 0.22199413180351257 -0.019828228279948235 3.412313938140869
v 0.22092288732528687 -0.013394198380410671 3.3961479663848877
v 0.22551894187927246 -0.0212536733597517 3.3943614959716797
v 0.22717010974884033 -0.026797590777277946 3.411717414855957
v 0.22998756170272827 -0.021961083635687828 3.3742685317993164
v 0.23794400691986084 -0.02872822992503643 3.3733954429626465
v 0.23969221115112305 -0.03310948610305786 3.3929691314697266
v 0.23199144005775452 -0.028081713244318962 3.3933873176574707
v 0.2572809159755707 -0.03469878435134888 3.4118709564208984
v 0.25746142864227295 -0.033087462186813354 3.392887830734253
v 0.26419174671173096 -0.026873042806982994 3.3949620723724365
v 0.2634051442146301 -0.02944321744143963 3.413299798965454
v 0.2692127823829651 -0.003906367812305689 3.381880760192871
v 0.2680340111255646 -0.008236019872128963 3.400845527648926
v 0.26768139004707336 -0.01848701946437359 3.3979992866516113
v 0.2687407433986664 -0.01426930632442236 3.3777589797973633
v 0.26831310987472534 -0.011547877453267574 3.4176454544067383
v 0.2648019790649414 0.00015072662790771574 3.404463768005371
v 0.26416096091270447 -0.002811654005199671 3.419910430908203
v 0.22355663776397705 0.020824553444981575 3.3694562911987305
v 0.2320065200328827 0.02706107683479786 3.3723013401031494
v 0.23434031009674072 0.03577226400375366 3.356046199798584
v 0.21962237358093262 -0.00574691453948617 3.379213333129883
v 0.2186150848865509 0.002918252255767584 3.382718563079834
v 0.21896564960479736 0.012105592526495457 3.3655006885528564
v 0.21859705448150635 0.002664425875991583 3.361802816390991
v 0.23253580927848816 -0.018072066828608513 3.3350865840911865
v 0.23563134670257568 -0.02333757095038891 3.3537864685058594
v 0.22759264707565308 -0.015359683893620968 3.355706214904785
v 0.2236407995223999 -0.014016120694577694 3.37616229057312
v 0.2217787802219391 -0.006451597902923822 3.35806941986084
v 0.24780037999153137 -0.03185803443193436 3.373075485229492
v 0.24878999590873718 -0.035208843648433685 3.3930671215057373
v 0.25030893087387085 0.018480846658349037 3.3905882835388184
v 0.24744585156440735 0.01176652405411005 3.407097101211548
v 0.2568887770175934 0.006734953727573156 3.4065613746643066
v 0.259510338306427 0.013116666115820408 3.389000177383423
v 0.24617940187454224 -0.02725755237042904 3.3534955978393555
v 0.2533402144908905 0.02597917802631855 3.3731510639190674
v 0.26290684938430786 0.019848676398396492 3.371184825897217
v 0.26670247316360474 0.005383843090385199 3.385920763015747
v 0.26958367228507996 0.010878273285925388 3.3677902221679688
v 0.24563312530517578 0.007251338567584753 3.422091007232666
v 0.23468467593193054 0.008224905468523502 3.422442674636841
v 0.24278420209884644 0.02912330813705921 3.3742542266845703
v 0.25775283575057983 -0.029976291581988335 3.3732733726501465
v 0.25700417160987854 -0.02579997293651104 3.3533339500427246
v 0.26583972573280334 -0.019667482003569603 3.355569839477539
v 0.2652404010295868 -0.023314019665122032 3.3749074935913086
v 0.27393320202827454 0.004759782459586859 3.3425259590148926
v 0.2716483473777771 0.00035027554258704185 3.363048791885376
v 0.2703225314617157 -0.010241835378110409 3.358365058898926
v 0.26750048995018005 -0.021733609959483147 3.4155514240264893
v 0.2723870277404785 0.016058625653386116 3.3474819660186768
v 0.233014315366745 -0.006263344082981348 3.4964730739593506
v 0.22576814889907837 -0.0007494078017771244 3.5009865760803223
v 0.22095760703086853 -0.005200772080570459 3.4937233924865723
v 0.22899174690246582 -0.010745077393949032 3.488299608230591
v 0.20846113562583923 -0.013916133902966976 3.4774723052978516
v 0.2026229351758957 -0.00512033561244607 3.4844839572906494
v 0.19898396730422974 -0.0010766671039164066 3.4771955013275146
v 0.20361745357513428 -0.009541808627545834 3.468242883682251
v 0.220503568649292 0.0062026395462453365 3.5032808780670166
v 0.21526920795440674 0.000918061938136816 3.4971086978912354
v 0.2183646857738495 0.012868107296526432 3.500713348388672
v 0.22488650679588318 0.011764676310122013 3.5086629390716553
v 0.22617590427398682 0.018831999972462654 3.5058348178863525
v 0.23107609152793884 0.022643210366368294 3.511784553527832
v 0.23867672681808472 0.026202352717518806 3.508794069290161
v 0.23279714584350586 0.023778947070240974 3.4980227947235107
v 0.2560015022754669 0.016693206503987312 3.4898760318756104
v 0.25752460956573486 0.018880488350987434 3.504815101623535
v 0.26544636487960815 0.012488962151110172 3.5025382041931152
v 0.2635946273803711 0.01040992233902216 3.487884521484375
v 0.2744593620300293 -0.003610192332416773 3.4958508014678955
v 0.27203357219696045 -0.004173217806965113 3.482675075531006
v 0.26789313554763794 0.003345371689647436 3.485711097717285
v 0.2697615921497345 0.004564793314784765 3.5000627040863037
v 0.24483203887939453 -0.013652085326611996 3.490431785583496
v 0.24036917090415955 -0.010498165152966976 3.492496967315674
v 0.23753872513771057 -0.01497980859130621 3.4838128089904785
v 0.24249547719955444 -0.018426058813929558 3.4813618659973145
v 0.21172183752059937 0.019691379740834236 3.4970273971557617
v 0.21131733059883118 0.016642214730381966 3.4995718002319336
v 0.22102311253547668 0.018634947016835213 3.4970598220825195
v 0.22083386778831482 0.020706864073872566 3.4908788204193115
v 0.2430846095085144 -0.037297338247299194 3.459505081176758
v 0.23753052949905396 -0.03380829095840454 3.458420753479004
v 0.2355392575263977 -0.0344412624835968 3.447052478790283
v 0.24192002415657043 -0.03816580772399902 3.4469058513641357
v 0.2142930030822754 -0.021583793684840202 3.453124761581421
v 0.21319591999053955 -0.010711430571973324 3.4466583728790283
v 0.2166270613670349 -0.015151112340390682 3.439606189727783
v 0.22089198231697083 -0.02538817934691906 3.446821451187134
v 0.20882266759872437 -0.016559896990656853 3.460174083709717
v 0.20572686195373535 -0.00036313990131020546 3.4626662731170654
v 0.2094671130180359 -0.006215004716068506 3.454141139984131
v 0.20088303089141846 0.006353647913783789 3.473086357116699
v 0.25168150663375854 -0.041325122117996216 3.4438743591308594
v 0.2536380887031555 -0.04288676381111145 3.4538180828094482
v 0.23226475715637207 0.023964764550328255 3.559375047683716
v 0.23235216736793518 0.023531677201390266 3.553865671157837
v 0.23489418625831604 0.01960158534348011 3.5552313327789307
v 0.23481252789497375 0.02003544755280018 3.5606634616851807
v 0.2685833275318146 -0.03319600224494934 3.4487318992614746
v 0.2662108540534973 -0.034331679344177246 3.4420838356018066
v 0.26966530084609985 -0.02631249837577343 3.4414308071136475
v 0.2708720862865448 -0.024368850514292717 3.4482765197753906
v 0.271611750125885 -0.03220286965370178 3.4562153816223145
v 0.2728818655014038 -0.021853504702448845 3.456108808517456
v 0.23994529247283936 0.033505186438560486 3.560812473297119
v 0.24094507098197937 0.033008962869644165 3.5542547702789307
v 0.23646169900894165 0.03140443563461304 3.5542235374450684
v 0.23561295866966248 0.03164428472518921 3.5598578453063965
v 0.23496386408805847 -0.0019552395679056644 3.504754066467285
v 0.2282361090183258 0.003646464552730322 3.507871389389038
v 0.23332473635673523 0.008820981718599796 3.522952079772949
v 0.23004144430160522 0.013407410122454166 3.521880865097046
v 0.229087233543396 0.008599073626101017 3.514927864074707
v 0.2357061505317688 0.002366186585277319 3.513672113418579
v 0.2504172921180725 -0.00921159889549017 3.5066471099853516
v 0.24545833468437195 -0.004442720208317041 3.5108132362365723
v 0.24432188272476196 -0.007399736437946558 3.5009896755218506
v 0.24927952885627747 -0.012137471698224545 3.4974160194396973
v 0.2556200325489044 -0.021187065169215202 3.495680809020996
v 0.2588460445404053 -0.02589779905974865 3.4961435794830322
v 0.26090362668037415 -0.0238893311470747 3.503283977508545
v 0.25748515129089355 -0.018292216584086418 3.5036628246307373
v 0.25668179988861084 -0.009721755050122738 3.5217902660369873
v 0.26029258966445923 -0.013542919419705868 3.5208945274353027
v 0.2623836100101471 -0.010611443780362606 3.528116464614868
v 0.2586876153945923 -0.007148711476475 3.5290403366088867
v 0.26522064208984375 -0.03451225161552429 3.435105085372925
v 0.2691355347633362 -0.02630293183028698 3.435379981994629
v 0.2814081311225891 -0.02054634504020214 3.4894073009490967
v 0.2842816412448883 -0.021588889881968498 3.498035430908203
v 0.28383615612983704 -0.031058399006724358 3.496516704559326
v 0.28111350536346436 -0.0300405602902174 3.4875521659851074
v 0.2694217562675476 -0.015121369622647762 3.4487252235412598
v 0.268867552280426 -0.016672400757670403 3.443082332611084
v 0.2447463572025299 0.0320286899805069 3.5615906715393066
v 0.2459215521812439 0.031796157360076904 3.5557098388671875
v 0.20744141936302185 0.01357507798820734 3.4723172187805176
v 0.21299341320991516 0.007366330828517675 3.461092472076416
v 0.2169908881187439 0.0016090883873403072 3.4519295692443848
v 0.21900850534439087 -0.002484737429767847 3.4451401233673096
v 0.21944895386695862 -0.005031912121921778 3.439117193222046
v 0.2400934100151062 0.0015212311409413815 3.5183699131011963
v 0.2404143214225769 -0.006783633027225733 3.49855375289917
v 0.24749967455863953 -0.01652929000556469 3.489025115966797
v 0.263288676738739 -0.03802207112312317 3.486211061477661
v 0.2589418888092041 -0.03271371126174927 3.4883196353912354
v 0.25533589720726013 -0.034167587757110596 3.4824209213256836
v 0.26254361867904663 -0.041129350662231445 3.4775400161743164
v 0.27680981159210205 -0.03712823987007141 3.488065481185913
v 0.278675377368927 -0.0366264283657074 3.496978282928467
v 0.2729378640651703 -0.03721323609352112 3.499356746673584
v 0.27107134461402893 -0.03843855857849121 3.4906792640686035
v 0.21025985479354858 0.023423345759510994 3.4937338829040527
v 0.21744945645332336 0.02149328775703907 3.4850263595581055
v 0.2626078724861145 -0.04068487882614136 3.450425148010254
v 0.2598155736923218 -0.04039198160171509 3.4420711994171143
v 0.25854432582855225 -0.03803420066833496 3.4355809688568115
v 0.24000000953674316 -0.0270784180611372 3.4705822467803955
v 0.23714423179626465 -0.024570820853114128 3.472048044204712
v 0.2290208339691162 -0.029937682673335075 3.459817409515381
v 0.23399120569229126 -0.032041698694229126 3.458564519882202
v 0.22297388315200806 -0.017405955120921135 3.480393409729004
v 0.21501722931861877 -0.010890751145780087 3.4865708351135254
v 0.21547892689704895 -0.02186649851500988 3.4690732955932617
v 0.22935283184051514 -0.031013457104563713 3.4469501972198486
v 0.22836342453956604 -0.029654888436198235 3.436647415161133
v 0.235221266746521 -0.03371572494506836 3.436699867248535
v 0.2427692711353302 -0.03710263967514038 3.4367423057556152
v 0.2512524127960205 -0.03931969404220581 3.434800148010254
v 0.22806277871131897 -0.02924436144530773 3.426377296447754
v 0.23489025235176086 -0.033601805567741394 3.426551580429077
v 0.24298030138015747 -0.03667667508125305 3.4267239570617676
v 0.25100961327552795 -0.03767108917236328 3.426378011703491
v 0.26871612668037415 -0.014240740798413754 3.4287917613983154
v 0.2687190771102905 -0.016429899260401726 3.4364049434661865
v 0.26857244968414307 -0.024322031065821648 3.427161693572998
v 0.2186894714832306 -0.01486393716186285 3.429548978805542
v 0.22279945015907288 -0.02326616458594799 3.427015542984009
v 0.22209244966506958 -0.024316517636179924 3.437098503112793
v 0.22003263235092163 -0.005425764713436365 3.431013584136963
v 0.19944262504577637 0.0017977370880544186 3.4896836280822754
v 0.20550969243049622 0.0028567626141011715 3.494990348815918
v 0.20211368799209595 0.0074539496563375 3.4989993572235107
v 0.1967884749174118 0.006969244685024023 3.494750738143921
v 0.22792771458625793 0.01634240336716175 3.51430606842041
v 0.23034217953681946 0.019869836047291756 3.5201754570007324
v 0.2342740297317505 0.025321127846837044 3.518721342086792
v 0.2571857273578644 -0.043344646692276 3.463066816329956
v 0.24854332208633423 -0.03786161541938782 3.467503070831299
v 0.2377135455608368 0.006620229687541723 3.5251176357269287
v 0.24177134037017822 0.032315731048583984 3.547562837600708
v 0.2419494390487671 0.03066420741379261 3.5354220867156982
v 0.23666071891784668 0.028350474312901497 3.5350053310394287
v 0.23685145378112793 0.030506642535328865 3.547069549560547
v 0.2431977093219757 0.009152323938906193 3.532681941986084
v 0.243739515542984 0.012835116125643253 3.5394749641418457
v 0.23833748698234558 0.01277309749275446 3.5373642444610596
v 0.23791736364364624 0.010264427401125431 3.530733823776245
v 0.26371991634368896 -0.018887875601649284 3.518446922302246
v 0.2654014825820923 -0.016428468748927116 3.524848461151123
v 0.2565479874610901 0.01817476935684681 3.519359588623047
v 0.24872520565986633 0.024681808426976204 3.5050957202911377
v 0.2501469850540161 0.02611631341278553 3.517516613006592
v 0.2543761134147644 -0.013750731013715267 3.504739761352539
v 0.2590254843235016 -0.015882281586527824 3.5131192207336426
v 0.25559914112091064 -0.011804877780377865 3.5134117603302
v 0.2423422932624817 0.0013968362472951412 3.5208852291107178
v 0.2459387183189392 -0.0022651241160929203 3.5178754329681396
v 0.24597114324569702 0.0007616295479238033 3.524282455444336
v 0.24184435606002808 0.004797191824764013 3.52597713470459
v 0.27274277806282043 -0.03928461670875549 3.479079008102417
v 0.278084397315979 -0.030166206881403923 3.4766385555267334
v 0.2332371175289154 0.027922214940190315 3.553226947784424
v 0.2328721284866333 0.028174521401524544 3.5588901042938232
v 0.2641654908657074 -0.03215053677558899 3.4269049167633057
v 0.2580566108226776 -0.03644685447216034 3.426283121109009
v 0.2526121735572815 -0.016405640169978142 3.496412754058838
v 0.24614635109901428 0.021660776808857918 3.4927191734313965
v 0.2497669756412506 -0.020184306427836418 3.4870355129241943
v 0.278359591960907 -0.012827216647565365 3.5143508911132812
v 0.2793542444705963 -0.012216328643262386 3.5216636657714844
v 0.2763408124446869 -0.01765778474509716 3.5220608711242676
v 0.2766384780406952 -0.019789962098002434 3.5152575969696045
v 0.24459829926490784 0.016444863751530647 3.5510897636413574
v 0.24475356936454773 0.01819026656448841 3.5576272010803223
v 0.23962867259979248 0.01763719506561756 3.5568556785583496
v 0.23910275101661682 0.01608497090637684 3.54950213432312
v 0.2338731288909912 0.012564809061586857 3.5281600952148438
v 0.23423540592193604 0.015082062222063541 3.535918951034546
v 0.23211073875427246 0.019420893862843513 3.5341956615448
v 0.2313319444656372 0.016788961365818977 3.5269885063171387
v 0.2323848009109497 0.022231103852391243 3.526212215423584
v 0.2333444356918335 0.024384619668126106 3.5343704223632812
v 0.24925345182418823 0.020223530009388924 3.5507588386535645
v 0.24888187646865845 0.01719612069427967 3.5403027534484863
v 0.2508625388145447 0.023886414244771004 3.5378642082214355
v 0.250127375125885 0.0264033991843462 3.5502145290374756
v 0.26933014392852783 -0.0052588568069040775 3.469525098800659
v 0.27611327171325684 -0.012408494018018246 3.480238676071167
v 0.2731975317001343 -0.012957542203366756 3.467536449432373
v 0.2766004800796509 -0.0036856220103800297 3.508312940597534
v 0.27875179052352905 -0.0141735365614295 3.5046825408935547
v 0.27843591570854187 -0.012370972894132137 3.4931387901306152
v 0.27852416038513184 -0.020097939297556877 3.4786713123321533
v 0.252879798412323 0.01126879546791315 3.530322313308716
v 0.257530152797699 0.014085144735872746 3.528028726577759
v 0.251691997051239 0.01934892125427723 3.5280632972717285
v 0.25285667181015015 -0.025863705202937126 3.486140012741089
v 0.23346850275993347 0.02707180567085743 3.5463461875915527
v 0.23638170957565308 0.007966787554323673 3.4457874298095703
v 0.2374543845653534 0.010392249561846256 3.4527223110198975
v 0.2506341338157654 0.00806549284607172 3.4536187648773193
v 0.24773970246315002 0.006496460642665625 3.4455132484436035
v 0.23467567563056946 0.018561633303761482 3.5483450889587402
v 0.23211437463760376 0.02243724651634693 3.5468451976776123
v 0.26818686723709106 -0.023279188200831413 3.517852544784546
v 0.2730106711387634 -0.024994490668177605 3.5192997455596924
v 0.2731468677520752 -0.021592168137431145 3.523564100265503
v 0.2693159580230713 -0.019986597821116447 3.52366304397583
v 0.2757408320903778 -0.020310936495661736 3.4667446613311768
v 0.28646761178970337 -0.023444918915629387 3.504305362701416
v 0.2852120101451874 -0.032700538635253906 3.503418207168579
v 0.2711544334888458 -0.013793914578855038 3.457026481628418
v 0.26484301686286926 -0.00674733379855752 3.449772596359253
v 0.26683735847473145 -0.006076096091419458 3.4579861164093018
v 0.26979976892471313 0.004343660082668066 3.5162055492401123
v 0.265281081199646 0.0013635172508656979 3.4721057415008545
v 0.2625509202480316 0.0005284263752400875 3.460440158843994
v 0.25917956233024597 0.0005423738621175289 3.450693368911743
v 0.25696560740470886 4.19630559918005e-05 3.44453501701355
v 0.263507217168808 -0.007153897080570459 3.44441819190979
v 0.24690929055213928 0.031211288645863533 3.548433542251587
v 0.249170184135437 0.027392061427235603 3.5569324493408203
v 0.26309049129486084 -0.005487574730068445 3.4300665855407715
v 0.2628590762615204 -0.007114945445209742 3.4378933906555176
v 0.2551184296607971 0.00042037805542349815 3.4316177368164062
v 0.2555479109287262 -0.0003131316043436527 3.4388105869293213
v 0.25083115696907043 0.011584670282900333 3.464132785797119
v 0.25740957260131836 0.0063977851532399654 3.4626002311706543
v 0.25399231910705566 0.013920188881456852 3.476565361022949
v 0.2608526945114136 0.007837981916964054 3.474830389022827
v 0.2659223675727844 0.013453871943056583 3.516265630722046
v 0.24674412608146667 0.02477853186428547 3.572491407394409
v 0.24454966187477112 0.021146254613995552 3.5723354816436768
v 0.2447006106376648 0.01934097893536091 3.564107894897461
v 0.24749857187271118 0.023235278204083443 3.564345121383667
v 0.24834999442100525 0.02182975597679615 3.5573978424072266
v 0.24811828136444092 0.028190182521939278 3.5636916160583496
v 0.24344170093536377 0.01822415180504322 3.4794251918792725
v 0.24724102020263672 0.004326911177486181 3.530247688293457
v 0.23696550726890564 0.014087916351854801 3.4652111530303955
v 0.22627484798431396 0.019694508984684944 3.475837230682373
v 0.2318454086780548 0.022437574341893196 3.4857263565063477
v 0.2229037880897522 0.013093621470034122 3.4609146118164062
v 0.22615066170692444 0.008032799698412418 3.4517595767974854
v 0.2257959246635437 0.0021249069832265377 3.4402475357055664
v 0.22660964727401733 0.004369558300822973 3.4447546005249023
v 0.22472962737083435 0.0017294450663030148 3.432921886444092
v 0.21655523777008057 0.018010737374424934 3.472264051437378
v 0.235139399766922 0.020227955654263496 3.5678820610046387
v 0.23207029700279236 0.024076314643025398 3.5673558712005615
v 0.23489144444465637 0.005744011607021093 3.44039249420166
v 0.233953058719635 0.0057250275276601315 3.434166193008423
v 0.20919981598854065 -0.0034987912513315678 3.4916744232177734
v 0.24646395444869995 -0.024105457589030266 3.478616952896118
v 0.24854692816734314 -0.028634218499064445 3.4777708053588867
v 0.25202131271362305 -0.03591272234916687 3.4758851528167725
v 0.259662002325058 -0.04231569170951843 3.4714341163635254
v 0.2452612817287445 0.005357877817004919 3.432903528213501
v 0.23368996381759644 -0.03245420753955841 3.4121227264404297
v 0.24164417386054993 -0.035915061831474304 3.411813735961914
v 0.25574544072151184 0.002865911927074194 3.4220151901245117
v 0.23228588700294495 0.02831430919468403 3.567244052886963
v 0.2656704783439636 -0.005226461682468653 3.5305912494659424
v 0.2637409567832947 -0.004080979619175196 3.5314040184020996
v 0.19607943296432495 0.004841358866542578 3.4837870597839355
v 0.19409579038619995 0.010242016054689884 3.4912078380584717
v 0.19947418570518494 0.021328451111912727 3.4897656440734863
v 0.2028018832206726 0.01790294237434864 3.4811174869537354
v 0.19735434651374817 0.011380762793123722 3.4810876846313477
v 0.19526366889476776 0.015609056688845158 3.489129066467285
v 0.24209636449813843 -0.029072431847453117 3.4702699184417725
v 0.24488550424575806 -0.032130420207977295 3.470228433609009
v 0.27505847811698914 -0.030753670260310173 3.466134786605835
v 0.2699591815471649 -0.039771586656570435 3.468315839767456
v 0.23614636063575745 0.02678731270134449 3.5264203548431396
v 0.24202361702919006 0.028741629794239998 3.5256285667419434
v 0.24138155579566956 0.028092892840504646 3.5178918838500977
v 0.2479436993598938 0.02912682481110096 3.535841464996338
v 0.24850240349769592 0.013580919243395329 3.5333731174468994
v 0.24957913160324097 0.009104014374315739 3.532343626022339
v 0.23148268461227417 -0.021592287346720695 3.4751620292663574
v 0.22295093536376953 -0.027238694950938225 3.4635703563690186
v 0.20847558975219727 0.011051089502871037 3.4998905658721924
v 0.2113429307937622 0.006450475659221411 3.497758150100708
v 0.25093603134155273 -0.007120369467884302 3.5151000022888184
v 0.2684403657913208 0.0070951892994344234 3.5275564193725586
v 0.26521575450897217 0.013681710697710514 3.5259580612182617
v 0.2515036463737488 -0.004637448582798243 3.522170305252075
v 0.2347012758255005 0.031693026423454285 3.5680811405181885
v 0.23894569277763367 0.03357291221618652 3.5688483715057373
v 0.24907028675079346 0.027098597958683968 3.5263748168945312
v 0.2625467777252197 -0.0215184073895216 3.5116922855377197
v 0.2670900225639343 0.0011001243256032467 3.5305464267730713
v 0.27055084705352783 -0.00027352431789040565 3.5230093002319336
v 0.28000694513320923 -0.03651392459869385 3.503227710723877
v 0.24604451656341553 0.004971147980540991 3.4404327869415283
v 0.2396295666694641 0.018086763098835945 3.5623669624328613
v 0.23993772268295288 0.01869879849255085 3.569697618484497
v 0.2467007040977478 0.028635995462536812 3.5706570148468018
v 0.24393314123153687 0.032228559255599976 3.569572925567627
v 0.266404390335083 -0.039909958839416504 3.459310293197632
v 0.24461978673934937 -0.021136222407221794 3.479724884033203
v 0.24987643957138062 -0.03682667016983032 3.4119319915771484
v 0.2106112539768219 0.021622242406010628 3.4816017150878906
v 0.20565587282180786 0.02465933747589588 3.4909918308258057
v 0.25243183970451355 -0.002387134823948145 3.5283987522125244
v 0.28122931718826294 -0.019660023972392082 3.5093202590942383
v 0.2734397053718567 -0.0010113702155649662 3.526996374130249
v 0.27890530228614807 -0.004527597222477198 3.5232656002044678
v 0.27789199352264404 -0.0042230174876749516 3.5168678760528564
v 0.26933687925338745 -0.0028932378627359867 3.530592679977417
v 0.2433820366859436 0.03278322517871857 3.5762500762939453
v 0.24610593914985657 0.0292691458016634 3.5770998001098633
v 0.23843666911125183 0.0342562198638916 3.576014518737793
v 0.2343997359275818 0.03195032477378845 3.5741536617279053
v 0.23230037093162537 0.028591277077794075 3.5730977058410645
v 0.24620938301086426 0.02568763680756092 3.578256607055664
v 0.2441388964653015 0.022278176620602608 3.577761650085449
v 0.23984196782112122 0.019923271611332893 3.5755343437194824
v 0.24577239155769348 0.02589312382042408 3.5835771560668945
v 0.2454967200756073 0.029700415208935738 3.583824396133423
v 0.23636123538017273 0.034549325704574585 3.58839750289917
v 0.2390841543674469 0.03479492664337158 3.589679479598999
v 0.2398507297039032 0.03461743891239166 3.5868425369262695
v 0.23811474442481995 0.03485316038131714 3.582897901535034
v 0.23610731959342957 0.03399378061294556 3.593031406402588
v 0.23914256691932678 0.0348307341337204 3.5947189331054688
v 0.24269133806228638 0.0337061882019043 3.5904431343078613
v 0.2425181269645691 0.03344361484050751 3.5855236053466797
v 0.2428627610206604 0.0337740033864975 3.5954205989837646
v 0.24493461847305298 0.030786754563450813 3.595365524291992
v 0.2445235252380371 0.030695201829075813 3.5905370712280273
v 0.24424895644187927 0.031267791986465454 3.5868964195251465
v 0.24292311072349548 0.033334508538246155 3.58217453956604
v 0.23746243119239807 0.03309375047683716 3.5980224609375
v 0.24090319871902466 0.03111344762146473 3.6006081104278564
v 0.24261954426765442 0.03339260816574097 3.599680185317993
v 0.239465594291687 0.034486085176467896 3.598055839538574
v 0.23436379432678223 0.032313764095306396 3.580211639404297
v 0.23418626189231873 0.03212179243564606 3.5871994495391846
v 0.23440232872962952 0.03151850402355194 3.5929057598114014
v 0.23599651455879211 0.030457111075520515 3.597348690032959
v 0.23271921277046204 0.028947534039616585 3.5866291522979736
v 0.2339109182357788 0.028679819777607918 3.5926122665405273
v 0.2356366515159607 0.027893664315342903 3.5961720943450928
v 0.23320168256759644 0.025541068986058235 3.5865180492401123
v 0.23482978343963623 0.026108862832188606 3.592780113220215
v 0.23244401812553406 0.02892930991947651 3.5791025161743164
v 0.23254403471946716 0.02505822665989399 3.5778968334198
v 0.23603832721710205 0.02636614628136158 3.5952699184417725
v 0.2396191656589508 0.02860000915825367 3.5997228622436523
v 0.24560490250587463 0.028149666264653206 3.589451789855957
v 0.24542030692100525 0.02799147553741932 3.595158576965332
v 0.24536263942718506 0.025617526844143867 3.5892069339752197
v 0.2448347508907318 0.025740893557667732 3.594938039779663
v 0.24497684836387634 0.031046302989125252 3.5989902019500732
v 0.2443416714668274 0.028706999495625496 3.5989627838134766
v 0.23231381177902222 0.024524660781025887 3.5730621814727783
v 0.23565933108329773 0.020984234288334846 3.573747158050537
v 0.23557478189468384 0.021676408126950264 3.5790083408355713
v 0.23612695932388306 0.022240059450268745 3.5870988368988037
v 0.2398553192615509 0.020769448950886726 3.580390214920044
v 0.24388998746871948 0.022810297086834908 3.583224058151245
v 0.24368226528167725 0.023325862362980843 3.5890908241271973
v 0.24049252271652222 0.021602796390652657 3.588444471359253
v 0.24296805262565613 0.023924576118588448 3.5939016342163086
v 0.24042445421218872 0.022939981892704964 3.5934548377990723
v 0.23728910088539124 0.023819850757718086 3.593043088912964
v 0.24145925045013428 0.02485940046608448 3.5970993041992188
v 0.24312487244606018 0.026522116735577583 3.598369836807251
v 0.23861518502235413 0.02650943584740162 3.597637891769409
v 0.23798546195030212 0.02507856674492359 3.5957400798797607
v 0.24003320932388306 0.024137483909726143 3.5958073139190674
v 0.25609976053237915 0.004665957298129797 3.5683741569519043
v 0.25544339418411255 0.005073340144008398 3.5607423782348633
v 0.2582003176212311 0.0015636100433766842 3.5608954429626465
v 0.25889959931373596 0.0010665818117558956 3.567979097366333
v 0.26198810338974 0.015167863108217716 3.567308187484741
v 0.2621181309223175 0.015544653870165348 3.559953451156616
v 0.2575766444206238 0.012915403582155704 3.5608065128326416
v 0.2574741840362549 0.012112961150705814 3.5674567222595215
v 0.2676607072353363 0.013310731388628483 3.567021131515503
v 0.2680743932723999 0.013932199217379093 3.560210704803467
v 0.26172930002212524 0.016111643984913826 3.5518109798431396
v 0.2597694993019104 0.014854551292955875 3.53836727142334
v 0.2549092471599579 0.011263997294008732 3.5385031700134277
v 0.2570839822292328 0.012946070171892643 3.5529305934906006
v 0.26406559348106384 -0.0026614353992044926 3.539109230041504
v 0.25938040018081665 -0.0028650150634348392 3.537708282470703
v 0.2556604743003845 0.008902461268007755 3.561210870742798
v 0.2557089328765869 0.008378730155527592 3.5684361457824707
v 0.2658141553401947 -0.0010351822711527348 3.5532243251800537
v 0.26688599586486816 -0.0005865083076059818 3.5621402263641357
v 0.26224324107170105 -0.0006815181113779545 3.5611634254455566
v 0.26119381189346313 -0.0010616765357553959 3.553044557571411
v 0.25440216064453125 7.674236258026212e-05 3.5375897884368896
v 0.2507086992263794 0.004195870365947485 3.5379464626312256
v 0.25183871388435364 0.007999182678759098 3.5391130447387695
v 0.26978805661201477 0.002388180699199438 3.553537607192993
v 0.2683134078979492 0.0016655339859426022 3.540266990661621
v 0.26962870359420776 0.00809949729591608 3.5387020111083984
v 0.2708479166030884 0.008247257210314274 3.552380084991455
v 0.2544851303100586 0.009039313532412052 3.5528147220611572
v 0.25690415501594543 0.001669080462306738 3.5523297786712646
v 0.25397658348083496 0.005112828221172094 3.5525434017181396
v 0.2677459716796875 0.014190108515322208 3.551774501800537
v 0.27090540528297424 0.007893563248217106 3.5602867603302
v 0.2705309987068176 0.003676952328532934 3.5781283378601074
v 0.26844704151153564 0.00029011210426688194 3.5790202617645264
v 0.267476886510849 -0.0006150887347757816 3.568800926208496
v 0.2702793776988983 0.00282503804191947 3.568831205368042
v 0.26993757486343384 0.002539218869060278 3.5616543292999268
v 0.27075275778770447 0.007987515069544315 3.5679781436920166
v 0.2603035867214203 0.0007403208874166012 3.578904390335083
v 0.2569793164730072 0.004185514058917761 3.578385353088379
v 0.25630319118499756 0.007814795710146427 3.5782744884490967
v 0.2665819227695465 0.01434281561523676 3.537956953048706
v 0.2580660283565521 0.011272550560534 3.5779507160186768
v 0.26217591762542725 0.014372826553881168 3.577166795730591
v 0.26302629709243774 -0.001060976181179285 3.5685179233551025
v 0.2644062340259552 -0.0009552673436701298 3.579371929168701
v 0.2705967128276825 0.008102447725832462 3.5767459869384766
v 0.26771652698516846 0.012900413013994694 3.57637357711792
v 0.2680109739303589 0.012277410365641117 3.584674119949341
v 0.2707069218158722 0.007974655367434025 3.5850441455841064
v 0.26276838779449463 0.013924331404268742 3.5848886966705322
v 0.25875145196914673 0.011098281480371952 3.584670066833496
v 0.2572767734527588 0.00783343706279993 3.5848402976989746
v 0.27079811692237854 0.00441020866855979 3.585758686065674
v 0.26896774768829346 0.0013237907551229 3.5855162143707275
v 0.2651928961277008 -0.00029809633269906044 3.5853278636932373
v 0.2713072896003723 0.004553662147372961 3.5927937030792236
v 0.27135199308395386 0.007873238064348698 3.592974901199341
v 0.2641192078590393 0.011940971948206425 3.6044137477874756
v 0.26705944538116455 0.012918994762003422 3.604755163192749
v 0.2662951946258545 0.012869969941675663 3.5996406078338623
v 0.26346537470817566 0.0128182927146554 3.599074363708496
v 0.2665547728538513 0.0129701504483819 3.5964574813842773
v 0.2640884816646576 0.013606862165033817 3.592961311340332
v 0.26936954259872437 0.01180338952690363 3.5984363555908203
v 0.26906585693359375 0.011484743095934391 3.5959696769714355
v 0.271259069442749 0.01206678245216608 3.605635643005371
v 0.27297621965408325 0.008937195874750614 3.6052093505859375
v 0.27138641476631165 0.008832857944071293 3.5996129512786865
v 0.27060145139694214 0.009168894030153751 3.595978260040283
v 0.26632413268089294 0.011212334968149662 3.609684467315674
v 0.268105685710907 0.012871772982180119 3.6091229915618896
v 0.2687200605869293 0.011838377453386784 3.5916295051574707
v 0.2599574029445648 0.011025995947420597 3.5907959938049316
v 0.2608282268047333 0.010639877058565617 3.5985751152038574
v 0.2622523605823517 0.009825841523706913 3.604708671569824
v 0.2647629976272583 0.008742139674723148 3.6095149517059326
v 0.2591489553451538 0.00742335757240653 3.5974349975585938
v 0.2613407373428345 0.00715303560718894 3.604445219039917
v 0.2640927731990814 0.006407724227756262 3.608268976211548
v 0.2598291337490082 0.0037819459103047848 3.5974090099334717
v 0.2621341645717621 0.004261316265910864 3.6036694049835205
v 0.2580302953720093 0.007654534187167883 3.5897092819213867
v 0.2587548792362213 0.0041520013473927975 3.590237855911255
v 0.264106810092926 0.004775436129420996 3.6065468788146973
v 0.2685163617134094 0.007287116255611181 3.6108667850494385
v 0.27025851607322693 0.00977285299450159 3.611612558364868
v 0.2719361186027527 0.012314246036112309 3.6102914810180664
v 0.2717781960964203 0.006664858665317297 3.5995891094207764
v 0.2724672555923462 0.006639511790126562 3.6047914028167725
v 0.2719148099422455 0.004443691577762365 3.5986790657043457
v 0.2724331021308899 0.004756735172122717 3.605363607406616
v 0.27377739548683167 0.009330094791948795 3.6094939708709717
v 0.2729700207710266 0.007556290831416845 3.6100876331329346
v 0.25812429189682007 0.004316241946071386 3.5852866172790527
v 0.26108884811401367 0.0011465265415608883 3.584939479827881
v 0.26163315773010254 0.0009691282175481319 3.590071439743042
v 0.26300865411758423 0.0007396205328404903 3.5974957942962646
v 0.26583632826805115 -0.00016961853543762118 3.590397596359253
v 0.2696065604686737 0.0016535683535039425 3.5913939476013184
v 0.27044448256492615 0.0021263225935399532 3.598151206970215
v 0.267301470041275 0.00032594939693808556 3.5980138778686523
v 0.27082768082618713 0.003003822173923254 3.6039175987243652
v 0.268207848072052 0.0015695407055318356 3.6033806800842285
v 0.26478660106658936 0.0018813773058354855 3.603238105773926
v 0.26990437507629395 0.0038502677343785763 3.6076390743255615
v 0.2715524137020111 0.005453126039355993 3.6089298725128174
v 0.26729682087898254 0.005124510731548071 3.6093859672546387
v 0.2661789059638977 0.0034746392630040646 3.607172966003418
v 0.2683632969856262 0.002783061470836401 3.606858730316162
v 0.2720744013786316 -0.012869193218648434 3.558227300643921
v 0.27108970284461975 -0.011951475404202938 3.5519649982452393
v 0.27249976992607117 -0.01629265956580639 3.5505576133728027
v 0.27328306436538696 -0.017504168674349785 3.556584358215332
v 0.279865562915802 -0.005582271609455347 3.557486057281494
v 0.27877673506736755 -0.003867922816425562 3.550485134124756
v 0.27487826347351074 -0.005100487265735865 3.5519747734069824
v 0.2762752175331116 -0.0064180330373346806 3.5578835010528564
v 0.28391626477241516 -0.007916017435491085 3.5565989017486572
v 0.28341078758239746 -0.006625412497669458 3.549506187438965
v 0.2774334251880646 -0.0027444944716989994 3.543675661087036
v 0.2754535675048828 -0.0018677697516977787 3.5345075130462646
v 0.27076056599617004 -0.004079668316990137 3.5366525650024414
v 0.27313634753227234 -0.0042423889972269535 3.5462677478790283
v 0.2722790539264679 -0.007985605858266354 3.5527195930480957
v 0.2736101746559143 -0.00896052923053503 3.558790922164917
v 0.2775413691997528 -0.0199811439961195 3.5428829193115234
v 0.2791683077812195 -0.020235268399119377 3.5495240688323975
v 0.2756822109222412 -0.019293932244181633 3.5497825145721436
v 0.27419519424438477 -0.018576322123408318 3.543323516845703
v 0.2680608928203583 -0.015419541858136654 3.5328311920166016
v 0.26637110114097595 -0.011144517920911312 3.5347042083740234
v 0.2676110565662384 -0.007483153138309717 3.5357961654663086
v 0.2816826403141022 -0.01794460229575634 3.5416064262390137
v 0.27868279814720154 -0.01743045262992382 3.5309841632843018
v 0.28166598081588745 -0.012012570165097713 3.5299317836761475
v 0.28416916728019714 -0.012192725203931332 3.5415899753570557
v 0.27035650610923767 -0.007481543812900782 3.5465564727783203
v 0.2706717252731323 -0.0158859770745039 3.5439298152923584
v 0.26927438378334045 -0.011433511041104794 3.5455360412597656
v 0.28211259841918945 -0.005832074675709009 3.5415852069854736
v 0.2850719094276428 -0.012633039616048336 3.548809289932251
v 0.28603267669677734 -0.01819196157157421 3.5654423236846924
v 0.2831871807575226 -0.021167514845728874 3.5654969215393066
v 0.2807152569293976 -0.02109329216182232 3.5559582710266113
v 0.2842554450035095 -0.018328441306948662 3.5558106899261475
v 0.28301548957824707 -0.01822270266711712 3.5492289066314697
v 0.2857285141944885 -0.013141094706952572 3.5557124614715576
v 0.27529972791671753 -0.018670422956347466 3.5660581588745117
v 0.2734583616256714 -0.014455228112637997 3.5665054321289062
v 0.2749461233615875 -0.010603546164929867 3.5668342113494873
v 0.2804092764854431 -0.0049478099681437016 3.5316507816314697
v 0.27442091703414917 -0.0200099628418684 3.531186580657959
v 0.27759966254234314 -0.008217989467084408 3.5677380561828613
v 0.2808915078639984 -0.007323323283344507 3.567265033721924
v 0.2768631875514984 -0.020521728321909904 3.556504487991333
v 0.2791413366794586 -0.02131923846900463 3.56573224067688
v 0.28690141439437866 -0.0136794438585639 3.56548810005188
v 0.2849935293197632 -0.009063555859029293 3.5657057762145996
v 0.2858782112598419 -0.0098121901974082 3.572866439819336
v 0.28816887736320496 -0.014075486920773983 3.572401523590088
v 0.28182846307754517 -0.007913722656667233 3.574066400527954
v 0.2784748077392578 -0.009256764315068722 3.5736124515533447
v 0.2762240469455719 -0.011549084447324276 3.573685884475708
v 0.2872708737850189 -0.01830209605395794 3.5726287364959717
v 0.284637451171875 -0.020792020484805107 3.5723626613616943
v 0.28044289350509644 -0.02130594663321972 3.5710551738739014
v 0.2882666289806366 -0.018810374662280083 3.5777249336242676
v 0.2888277769088745 -0.014728664420545101 3.5786375999450684
v 0.2833157181739807 -0.010237722657620907 3.590697765350342
v 0.2855592966079712 -0.010318606160581112 3.5906949043273926
v 0.2844577431678772 -0.010193168185651302 3.586045265197754
v 0.2823660671710968 -0.009515970014035702 3.5858778953552246
v 0.2845322787761688 -0.009653850458562374 3.582566976547241
v 0.28283822536468506 -0.008665039204061031 3.580040216445923
v 0.2879676818847656 -0.011227860115468502 3.5856549739837646
v 0.28695741295814514 -0.010965167544782162 3.581484079360962
v 0.2891141474246979 -0.01162837352603674 3.590364933013916
v 0.290477991104126 -0.015182598493993282 3.589167833328247
v 0.2890797257423401 -0.014737903140485287 3.5845320224761963
v 0.2884954512119293 -0.01349626388400793 3.5812385082244873
v 0.2852804958820343 -0.011358722113072872 3.594602108001709
v 0.2868598401546478 -0.010624079965054989 3.593902826309204
v 0.2864364981651306 -0.010542421601712704 3.578138589859009
v 0.27926403284072876 -0.00983112957328558 3.5789742469787598
v 0.2797851264476776 -0.010701089166104794 3.585075616836548
v 0.2810317575931549 -0.011667936109006405 3.59040904045105
v 0.28309857845306396 -0.01328341569751501 3.594029426574707
v 0.2779269218444824 -0.0132599463686347 3.5842843055725098
v 0.2795617878437042 -0.01409208681434393 3.5896284580230713
v 0.2815999984741211 -0.015331133268773556 3.592642068862915
v 0.277267724275589 -0.016344187781214714 3.5835812091827393
v 0.27924761176109314 -0.016694186255335808 3.5889158248901367
v 0.2770557403564453 -0.012402488850057125 3.5783185958862305
v 0.2762049436569214 -0.015613525174558163 3.576855421066284
v 0.28108417987823486 -0.01684105210006237 3.591353178024292
v 0.2864971458911896 -0.01613566093146801 3.5951154232025146
v 0.28873783349990845 -0.01383416261523962 3.5957980155944824
v 0.29020988941192627 -0.011950208805501461 3.594578742980957
v 0.2896820604801178 -0.01702023856341839 3.5837600231170654
v 0.2903493046760559 -0.017484081909060478 3.58882474899292
v 0.2885809540748596 -0.01942811720073223 3.583080530166626
v 0.28917282819747925 -0.019448695704340935 3.5884580612182617
v 0.2911939322948456 -0.014841689728200436 3.5926318168640137
v 0.2906259596347809 -0.016556886956095695 3.592942237854004
v 0.2751181423664093 -0.014952926896512508 3.572331666946411
v 0.2767227292060852 -0.018759561702609062 3.5712690353393555
v 0.27768781781196594 -0.01901097409427166 3.5759198665618896
v 0.2791503071784973 -0.01969595067203045 3.5829291343688965
v 0.2813131809234619 -0.021360648795962334 3.575434684753418
v 0.28536456823349 -0.020858360454440117 3.5770294666290283
v 0.2862017750740051 -0.021130410954356194 3.5826478004455566
v 0.2826773524284363 -0.021558044478297234 3.582289218902588
v 0.2867681384086609 -0.02082224003970623 3.5872108936309814
v 0.2840104401111603 -0.021124927327036858 3.587953805923462
v 0.2810107469558716 -0.0194909255951643 3.5884006023406982
v 0.2866329550743103 -0.01970103196799755 3.591609477996826
v 0.288921982049942 -0.01841956190764904 3.592482328414917
v 0.28433480858802795 -0.017667440697550774 3.593287706375122
v 0.2826986312866211 -0.018706409260630608 3.591367483139038
v 0.28460490703582764 -0.020178912207484245 3.590646266937256
v 0.27116623520851135 -0.018268851563334465 3.5313963890075684
v 0.28443872928619385 -0.03554438054561615 3.5357682704925537
v 0.2828611433506012 -0.03360271453857422 3.531433343887329
v 0.28340330719947815 -0.03700736165046692 3.5293381214141846
v 0.2849447727203369 -0.03901006281375885 3.5339083671569824
v 0.292961984872818 -0.030423833057284355 3.5345864295959473
v 0.2914890646934509 -0.027925102040171623 3.5295324325561523
v 0.2872806787490845 -0.02797776274383068 3.5314807891845703
v 0.2889811098575592 -0.03022935800254345 3.5359959602355957
v 0.29639360308647156 -0.03357931971549988 3.53265380859375
v 0.29519760608673096 -0.031235573813319206 3.527709722518921
v 0.2890688180923462 -0.02562442235648632 3.5238163471221924
v 0.2847096920013428 -0.02218138985335827 3.5150210857391357
v 0.2803833484649658 -0.023629097267985344 3.5179810523986816
v 0.2846454381942749 -0.026066867634654045 3.525940179824829
v 0.2806118428707123 -0.03658169507980347 3.507377862930298
v 0.28267714381217957 -0.03754085302352905 3.512960433959961
v 0.27939799427986145 -0.036264508962631226 3.514962673187256
v 0.27661287784576416 -0.03559771180152893 3.50907826423645
v 0.28405171632766724 -0.030289052054286003 3.5319278240203857
v 0.2860386371612549 -0.03238014876842499 3.536647319793701
v 0.28659337759017944 -0.03946712613105774 3.52181077003479
v 0.28883492946624756 -0.04122161865234375 3.5266027450561523
v 0.28561267256736755 -0.039735257625579834 3.528264284133911
v 0.2832867205142975 -0.03821137547492981 3.5235188007354736
v 0.27353590726852417 -0.03304159641265869 3.5119376182556152
v 0.2772647440433502 -0.03372335433959961 3.517751455307007
v 0.2764575183391571 -0.030031709000468254 3.518807888031006
v 0.27206164598464966 -0.029271988198161125 3.5154778957366943
v 0.2775014042854309 -0.027016935870051384 3.5195465087890625
v 0.29024428129196167 -0.03832235932350159 3.5199103355407715
v 0.28615209460258484 -0.0364132821559906 3.511692523956299
v 0.28936874866485596 -0.03258666396141052 3.51019287109375
v 0.2932542562484741 -0.03456318378448486 3.520324230194092
v 0.2817161977291107 -0.02862521819770336 3.5266785621643066
v 0.2811915874481201 -0.035604625940322876 3.5253167152404785
v 0.28067299723625183 -0.03179967403411865 3.5263421535491943
v 0.2927752435207367 -0.028634576126933098 3.52101993560791
v 0.29519301652908325 -0.03650951385498047 3.525189161300659
v 0.2963314950466156 -0.04475635290145874 3.535654067993164
v 0.2931865453720093 -0.04573069512844086 3.5365922451019287
v 0.29062315821647644 -0.043390557169914246 3.5308260917663574
v 0.2943473756313324 -0.04238206148147583 3.5297842025756836
v 0.29273664951324463 -0.04018256068229675 3.5257084369659424
v 0.29684895277023315 -0.03863528370857239 3.530607223510742
v 0.2871488928794861 -0.04141297936439514 3.53910493850708
v 0.28666773438453674 -0.038025498390197754 3.541403293609619
v 0.28815487027168274 -0.03498438000679016 3.5419368743896484
v 0.2892725467681885 -0.02502608112990856 3.5114383697509766
v 0.2910707890987396 -0.033107489347457886 3.5427939891815186
v 0.294659823179245 -0.03318929672241211 3.54111647605896
v 0.28717249631881714 -0.04181770980358124 3.531979560852051
v 0.28975430130958557 -0.04427829384803772 3.5380358695983887
v 0.2985095679759979 -0.04125523567199707 3.536796808242798
v 0.2977474331855774 -0.03627268970012665 3.538402557373047
v 0.2995356023311615 -0.0380476713180542 3.544041395187378
v 0.3002646565437317 -0.0429377555847168 3.542344808578491
v 0.29610660672187805 -0.03511318564414978 3.546074151992798
v 0.292427122592926 -0.034923478960990906 3.5464894771575928
v 0.28973421454429626 -0.036772340536117554 3.545640230178833
v 0.29790207743644714 -0.046322450041770935 3.5412232875823975
v 0.29489293694496155 -0.046768918633461 3.541463613510132
v 0.29172271490097046 -0.0451473742723465 3.54172945022583
v 0.29929590225219727 -0.04742209613323212 3.545353889465332
v 0.3017389476299286 -0.04418979585170746 3.547508955001831
v 0.2978207767009735 -0.03960748016834259 3.5591979026794434
v 0.29985010623931885 -0.039823710918426514 3.5585782527923584
v 0.29916614294052124 -0.03900234401226044 3.5556113719940186
v 0.2968941628932953 -0.038185328245162964 3.555461883544922
v 0.2989638149738312 -0.038467153906822205 3.5522472858428955
v 0.29729485511779785 -0.036930784583091736 3.5506792068481445
v 0.30176690220832825 -0.040884628891944885 3.5540263652801514
v 0.3007669448852539 -0.04023104906082153 3.5502288341522217
v 0.3030916154384613 -0.04174666106700897 3.557697057723999
v 0.3035318851470947 -0.0457320362329483 3.5557518005371094
v 0.3027648627758026 -0.04471513628959656 3.5520858764648438
v 0.30209752917289734 -0.04313996434211731 3.5498697757720947
v 0.29966768622398376 -0.0413418710231781 3.562060594558716
v 0.3010631501674652 -0.04072684049606323 3.5610079765319824
v 0.30041542649269104 -0.03935427963733673 3.5482664108276367
v 0.2938700020313263 -0.036568716168403625 3.550963878631592
v 0.2946944534778595 -0.038234323263168335 3.555426597595215
v 0.2959895730018616 -0.04026377201080322 3.5600485801696777
v 0.29800552129745483 -0.04284408688545227 3.5625007152557373
v 0.29275837540626526 -0.03972291946411133 3.5545597076416016
v 0.2944304943084717 -0.04180590808391571 3.5591347217559814
v 0.2963276207447052 -0.04400898516178131 3.560793876647949
v 0.2915816307067871 -0.041881248354911804 3.552989959716797
v 0.29350993037223816 -0.04359737038612366 3.5575244426727295
v 0.2911691665649414 -0.03793376684188843 3.549067258834839
v 0.2899496555328369 -0.040255457162857056 3.5481231212615967
v 0.2951725125312805 -0.04471766948699951 3.559560537338257
v 0.2999575138092041 -0.04571723937988281 3.562018632888794
v 0.30220717191696167 -0.044440120458602905 3.562119722366333
v 0.30392295122146606 -0.042847707867622375 3.560793876647949
v 0.3023681342601776 -0.046985164284706116 3.551020383834839
v 0.30299612879753113 -0.04799620807170868 3.5562314987182617
v 0.3003048300743103 -0.04856009781360626 3.550182819366455
v 0.30097144842147827 -0.04914937913417816 3.5560905933380127
v 0.3043496012687683 -0.04568617045879364 3.5592262744903564
v 0.3029579818248749 -0.047141969203948975 3.5590691566467285
v 0.288417786359787 -0.0395456999540329 3.5448288917541504
v 0.28888756036758423 -0.042578160762786865 3.5427591800689697
v 0.29035940766334534 -0.043540701270103455 3.5465948581695557
v 0.29193630814552307 -0.04482549428939819 3.5515084266662598
v 0.29291635751724243 -0.04630419611930847 3.5453262329101562
v 0.296142578125 -0.04770977795124054 3.5445666313171387
v 0.2974151372909546 -0.048892319202423096 3.5497255325317383
v 0.29421916604042053 -0.04765580594539642 3.5497827529907227
v 0.2982766032218933 -0.04917962849140167 3.555001974105835
v 0.2958943545818329 -0.04806426167488098 3.5557303428649902
v 0.2939149737358093 -0.045928165316581726 3.5563313961029053
v 0.2986055910587311 -0.048027947545051575 3.559270143508911
v 0.3008755147457123 -0.048061564564704895 3.55981183052063
v 0.29781240224838257 -0.046268031001091 3.5608980655670166
v 0.2960123121738434 -0.04628024995326996 3.5593228340148926
v 0.29691383242607117 -0.04760965704917908 3.558515787124634
v 0.28388136625289917 -0.03566959500312805 3.5067591667175293
v 0.20533213019371033 0.027011306956410408 3.502871036529541
v 0.2071191370487213 0.02331581898033619 3.5055837631225586
v 0.20279520750045776 0.014270276762545109 3.5067763328552246
v 0.19767212867736816 0.011749179102480412 3.505481481552124
v 0.19277599453926086 0.012661279179155827 3.5019991397857666
v 0.1908484399318695 0.016431333497166634 3.4997763633728027
v 0.19178041815757751 0.021145613864064217 3.499044418334961
v 0.20643489062786102 0.01893523521721363 3.506906747817993
v 0.20146016776561737 0.028975071385502815 3.5008597373962402
v 0.1956816017627716 0.02628815360367298 3.499002456665039
v 0.19160091876983643 0.03131738305091858 3.506741762161255
v 0.1977788358926773 0.03370934724807739 3.508227586746216
v 0.18737263977527618 0.02594912238419056 3.5062196254730225
v 0.18691304326057434 0.02034914679825306 3.506476640701294
v 0.1896251142024994 0.015909047797322273 3.5075364112854004
v 0.20256997644901276 0.03127008676528931 3.510477304458618
v 0.20458748936653137 0.02667233534157276 3.5115530490875244
v 0.20363673567771912 0.021246852353215218 3.5123350620269775
v 0.1992911994457245 0.03544551134109497 3.516225576400757
v 0.19374939799308777 0.03934028744697571 3.5173184871673584
v 0.18007603287696838 0.03434175252914429 3.524440050125122
v 0.1807500422000885 0.03831091523170471 3.5233967304229736
v 0.1820872724056244 0.0362335741519928 3.5198910236358643
v 0.18106994032859802 0.031996965408325195 3.5198729038238525
v 0.1838618814945221 0.03529709577560425 3.5177104473114014
v 0.1837804615497589 0.03110841102898121 3.515077590942383
v 0.18522405624389648 0.040915608406066895 3.5201759338378906
v 0.1866261214017868 0.038938939571380615 3.518200159072876
v 0.1897519826889038 0.04305189847946167 3.521815061569214
v 0.18987718224525452 0.04134872555732727 3.5191385746002197
v 0.18340444564819336 0.043313562870025635 3.5232620239257812
v 0.1799657642841339 0.040441542863845825 3.5262439250946045
v 0.18237322568893433 0.044039636850357056 3.526923894882202
v 0.17995652556419373 0.037894487380981445 3.528240919113159
v 0.18828150629997253 0.03640264272689819 3.51505184173584
v 0.1841166913509369 0.024086060002446175 3.5138161182403564
v 0.1817634552717209 0.02744266577064991 3.520249366760254
v 0.18089503049850464 0.03089103288948536 3.526041030883789
v 0.1817556470632553 0.03472912311553955 3.5293562412261963
v 0.18492263555526733 0.02348417229950428 3.5216286182403564
v 0.1842193901538849 0.02827596850693226 3.5268354415893555
v 0.184861421585083 0.032396554946899414 3.5299649238586426
v 0.1897907704114914 0.022513391450047493 3.522343873977661
v 0.18802529573440552 0.027864249423146248 3.527649402618408
v 0.18719489872455597 0.01902044005692005 3.5139529705047607
v 0.19247953593730927 0.017043741419911385 3.515183448791504
v 0.187362402677536 0.031215908005833626 3.529850721359253
v 0.18506985902786255 0.03883698582649231 3.5314207077026367
v 0.18275198340415955 0.04217490553855896 3.5298867225646973
v 0.19331961870193481 0.04186782240867615 3.5227904319763184
v 0.1880965679883957 0.04496052861213684 3.5247488021850586
v 0.19117474555969238 0.04351583123207092 3.525810718536377
v 0.19667395949363708 0.0387381911277771 3.523167371749878
v 0.19339105486869812 0.04055914282798767 3.527308464050293
v 0.18595463037490845 0.04575634002685547 3.526360511779785
v 0.18778906762599945 0.0442025363445282 3.528797149658203
v 0.19467294216156006 0.01428333017975092 3.5099635124206543
v 0.1997509002685547 0.016390295699238777 3.5118422508239746
v 0.19769850373268127 0.01935693807899952 3.5160927772521973
v 0.19491395354270935 0.02452436275780201 3.5238590240478516
v 0.20166711509227753 0.024527283385396004 3.5174267292022705
v 0.20219379663467407 0.030652673915028572 3.5173048973083496
v 0.19844891130924225 0.03453439474105835 3.524031639099121
v 0.19820788502693176 0.029260100796818733 3.5245256423950195
v 0.19438445568084717 0.036869972944259644 3.5281431674957275
v 0.19386807084083557 0.03306335210800171 3.528139352798462
v 0.1914770007133484 0.029681595042347908 3.52809476852417
v 0.19067984819412231 0.03733816742897034 3.530608654022217
v 0.18948706984519958 0.040906280279159546 3.530532121658325
v 0.18725532293319702 0.03569310903549194 3.531233787536621
v 0.1891937106847763 0.03309240937232971 3.5303726196289062
v 0.19123588502407074 0.03473570942878723 3.530064582824707
v 0.27447861433029175 -0.036391645669937134 3.505098581314087
v 0.27037471532821655 -0.03301405906677246 3.507460832595825
v 0.2685130834579468 -0.03377580642700195 3.50128436088562
v 0.26594793796539307 -0.03578662872314453 3.4943230152130127
v 0.2683759927749634 -0.03976094722747803 3.4855399131774902
v 0.26214689016342163 -0.03087863139808178 3.495845317840576
v 0.2648501694202423 -0.029078004881739616 3.5030336380004883
v 0.2674119174480438 -0.027408627793192863 3.5112080574035645
v 0.2569117546081543 -0.028010455891489983 3.4907407760620117
v -0.04234246909618378 0.46203112602233887 3.380688428878784
v -0.03945045918226242 0.4612787961959839 3.376603603363037
v -0.0385131910443306 0.4563043713569641 3.3732666969299316
v -0.04052174836397171 0.4554678797721863 3.3753628730773926
v -0.043214574456214905 0.4548966884613037 3.3774685859680176
v -0.0466458797454834 0.4546002745628357 3.3794984817504883
v -0.05206412076950073 0.461015522480011 3.3829329013824463
v -0.046749260276556015 0.4619404077529907 3.3819892406463623
v -0.06140480190515518 0.45525074005126953 3.381700038909912
v -0.05972322076559067 0.4567330479621887 3.38181734085083
v -0.060579217970371246 0.4544296860694885 3.381803274154663
v -0.054468635469675064 0.4545510411262512 3.3821303844451904
v -0.05827530845999718 0.4547111392021179 3.3820183277130127
v -0.03639627993106842 0.4597976803779602 3.3722474575042725
v -0.03582581505179405 0.45902007818222046 3.370948553085327
v -0.037639543414115906 0.46067506074905396 3.3743529319763184
v -0.05060933902859688 0.4545714259147644 3.3811399936676025
v -0.036139875650405884 0.4581284523010254 3.3706250190734863
v -0.03709462657570839 0.4572548270225525 3.371537685394287
v -0.05658078193664551 0.4593808054924011 3.3831870555877686
v -0.04307235777378082 0.4572213292121887 3.378237009048462
v -0.04656616970896721 0.45678848028182983 3.380070686340332
v -0.0511491559445858 0.4588513970375061 3.3821682929992676
v -0.0465279184281826 0.4594181776046753 3.3809258937835693
v -0.05428505688905716 0.4560703635215759 3.38200306892395
v -0.05682755261659622 0.4558224678039551 3.381728410720825
v -0.040501292794942856 0.4573201537132263 3.3757870197296143
v -0.05059055984020233 0.45647120475769043 3.381375551223755
v -0.04259302094578743 0.4595065116882324 3.378836154937744
v -0.05730472505092621 0.45673972368240356 3.382223129272461
v -0.05510960891842842 0.4578014016151428 3.382491111755371
v -0.03652295097708702 0.45865416526794434 3.3711392879486084
v -0.03668445721268654 0.4584645628929138 3.3719840049743652
v -0.06949366629123688 0.21507620811462402 3.3324148654937744
v -0.06859438866376877 0.19613265991210938 3.337954044342041
v -0.04001558944582939 0.4595326781272888 3.3770384788513184
v -0.03746623918414116 0.45791488885879517 3.3722493648529053
v -0.03872626647353172 0.4577658176422119 3.374363660812378
v -0.0383637472987175 0.4591909646987915 3.374556541442871
v -0.037172865122556686 0.45898211002349854 3.372915267944336
v 0.1526566445827484 0.1422821581363678 3.27268648147583
v 0.14167889952659607 0.13252952694892883 3.2679522037506104
v 0.18741002678871155 0.17160961031913757 3.248128652572632
v 0.18689754605293274 0.17911571264266968 3.227564811706543
v -0.015776481479406357 -0.06702389568090439 3.321159601211548
v 0.027725979685783386 0.02239549346268177 3.1487622261047363
v 0.02930436283349991 0.04063814878463745 3.1497817039489746
v -0.040634047240018845 0.04552534222602844 3.127047538757324
v -0.02186054363846779 0.041258662939071655 3.127599000930786
v 0.05908598005771637 -0.002490235958248377 3.2500314712524414
v 0.05889506638050079 -0.021549655124545097 3.246532678604126
v 0.022198118269443512 -0.022493412718176842 3.3001668453216553
v 0.020921573042869568 -0.042780399322509766 3.2966768741607666
v 0.05001404881477356 -0.04780060052871704 3.2626051902770996
v 0.0008621210581623018 -0.0060640485025942326 3.1229331493377686
v -0.0025447537191212177 0.014049806632101536 3.1270382404327393
v 0.014056562446057796 0.009029136039316654 3.13435959815979
v 0.01754152402281761 -0.011208056472241879 3.128821849822998
v -0.06015249341726303 0.02585587091743946 3.1289243698120117
v -0.059266120195388794 0.04713514447212219 3.131019115447998
v 0.0648152232170105 0.02463567443192005 3.231539726257324
v 0.06341949105262756 0.0322585254907608 3.208061456680298
v 0.044928692281246185 0.04817810654640198 3.167896032333374
v 0.030927136540412903 0.057114377617836 3.153698205947876
v -0.0016722051659598947 0.07534432411193848 3.136747121810913
v 0.015441271476447582 0.06653007864952087 3.143796920776367
v 0.009172077290713787 -0.004462203476577997 3.3202805519104004
v -0.00739338668063283 0.01390573475509882 3.335041046142578
v 0.0599985271692276 0.017138535156846046 3.2553915977478027
v -0.05056097358465195 -0.011470421217381954 3.345364570617676
v -0.039343055337667465 0.1101856529712677 3.1274256706237793
v -0.01794501021504402 0.1065233051776886 3.131516218185425
v 0.05622173100709915 0.04000687599182129 3.1866605281829834
v -0.051292210817337036 0.15078291296958923 3.357888698577881
v -0.0501270554959774 0.1338217854499817 3.3641085624694824
v -0.03380294516682625 0.13808566331863403 3.363799571990967
v -0.034655824303627014 0.15500742197036743 3.357110023498535
v -0.017861085012555122 0.14165154099464417 3.3630592823028564
v -0.002447031904011965 0.14464062452316284 3.360628843307495
v 0.011474172584712505 0.14683228731155396 3.3568615913391113
v 0.042936086654663086 0.14779022336006165 3.338819980621338
v 0.03394809365272522 0.14834409952163696 3.3453619480133057
v 0.0570189505815506 0.14526256918907166 3.322894334793091
v 0.0502309650182724 0.1471855640411377 3.331730604171753
v 0.06433430314064026 0.1385721117258072 3.3124208450317383
v 0.07022647559642792 0.1299593448638916 3.2983758449554443
v 0.07391597330570221 0.12218430638313293 3.281496524810791
v 0.07253184169530869 0.1369602382183075 3.2777788639068604
v 0.07045048475265503 0.11489799618721008 3.3023931980133057
v 0.0652829259634018 0.12373173236846924 3.317412853240967
v 0.05858548730611801 0.1295585185289383 3.3289711475372314
v -0.0610429048538208 0.09234172105789185 3.367628574371338
v -0.05721283331513405 0.07082918286323547 3.362569808959961
v -0.07062576711177826 0.23278763890266418 3.327016592025757
v 0.2648589611053467 0.004324072506278753 3.257251024246216
v 0.22236508131027222 0.011147701181471348 3.38462233543396
v -0.04868835583329201 0.29469776153564453 3.185915946960449
v -0.06840956211090088 0.2877713143825531 3.1843621730804443
v -0.0833749994635582 0.2774733901023865 3.180147171020508
v -0.08370895683765411 0.28752267360687256 3.18550705909729
v 0.028028100728988647 0.31151384115219116 3.2240829467773438
v 0.011495298705995083 0.30595627427101135 3.2037365436553955
v -0.008666344918310642 0.29872721433639526 3.1901094913482666
v -0.02939590811729431 0.29142308235168457 3.1830034255981445
v 0.04903039336204529 0.028608696535229683 3.2805657386779785
v -0.04747399315237999 0.2628423571586609 3.1666579246520996
v -0.02733379602432251 0.2828453779220581 3.176719903945923
v -0.00437732832506299 0.29072293639183044 3.183082103729248
v 0.01727645844221115 0.29725199937820435 3.194471836090088
v 0.040597014129161835 0.3036138117313385 3.216416120529175
v 0.0556192621588707 0.2979223430156708 3.2231523990631104
v 0.07560388743877411 0.2812816798686981 3.2150421142578125
v 0.08643010258674622 0.27722105383872986 3.2213315963745117
v 0.089822918176651 0.28400105237960815 3.239548921585083
v 0.10319201648235321 0.27754056453704834 3.24484920501709
v 0.098978191614151 0.27217987179756165 3.2270495891571045
v 0.16773375868797302 0.20689243078231812 3.2240734100341797
v 0.1735224723815918 0.19452112913131714 3.2159464359283447
v 0.17386063933372498 0.1850982904434204 3.2049248218536377
v 0.16985923051834106 0.1769064962863922 3.194272518157959
v 0.16130423545837402 0.1713399887084961 3.18609619140625
v 0.14892026782035828 0.17006519436836243 3.182755947113037
v 0.13487103581428528 0.17299890518188477 3.18100905418396
v 0.0990729033946991 0.19038531184196472 3.1872048377990723
v 0.08960582315921783 0.19542169570922852 3.1891207695007324
v 0.073190838098526 0.1787775754928589 3.1854465007781982
v 0.06962820887565613 0.17264139652252197 3.1827926635742188
v 0.04815012216567993 0.13027498126029968 3.15914249420166
v 0.055261075496673584 0.1470055878162384 3.16609525680542
v 0.038302868604660034 0.11537538468837738 3.1519246101379395
v 0.023563921451568604 -0.11610870808362961 3.0966122150421143
v 0.01714429259300232 -0.09610965847969055 3.1023550033569336
v 0.03773214668035507 -0.09328724443912506 3.1113390922546387
v 0.04392057657241821 -0.11344870924949646 3.1066231727600098
v -0.054894693195819855 -0.04993350803852081 3.1120190620422363
v -0.03285307064652443 -0.050801146775484085 3.109750270843506
v 0.08626237511634827 -0.09629292786121368 3.1924686431884766
v 0.08123646676540375 -0.09376773238182068 3.165269613265991
v 0.07037387043237686 -0.09259495884180069 3.1428956985473633
v 0.05531333386898041 -0.09244678169488907 3.1244821548461914
v 0.08368878066539764 -0.10039089620113373 3.219411611557007
v 0.0029941308312118053 -0.13218238949775696 3.315112590789795
v 0.023282736539840698 -0.12637798488140106 3.3004844188690186
v -0.05921242758631706 -0.14087054133415222 3.3388593196868896
v -0.03910413384437561 -0.13978572189807892 3.3339974880218506
v 0.07464314997196198 -0.10681436210870743 3.2438671588897705
v -0.018208198249340057 -0.13676217198371887 3.32684063911438
v 0.04264190047979355 -0.12007561326026917 3.2835233211517334
v 0.06067001074552536 -0.11369124054908752 3.2645719051361084
v 0.010864759795367718 -0.07469360530376434 3.108107328414917
v -0.008603108115494251 -0.07409952580928802 3.102843999862671
v -0.012378563173115253 -0.051363274455070496 3.1107914447784424
v -0.043574340641498566 0.176650732755661 3.1304540634155273
v -0.023498790338635445 0.17967787384986877 3.13120174407959
v -0.0031784106977283955 0.1839885115623474 3.1341564655303955
v 0.011240831576287746 0.2097800076007843 3.1424834728240967
v 0.026918768882751465 0.2151855230331421 3.149843215942383
v 0.029543057084083557 0.19898462295532227 3.147106170654297
v 0.014090648852288723 0.19248497486114502 3.1396942138671875
v 0.05440744012594223 0.22114667296409607 3.169517993927002
v 0.0657668262720108 0.22212299704551697 3.1748464107513428
v 0.06452496349811554 0.2109946608543396 3.175055980682373
v 0.054471224546432495 0.20860815048217773 3.1678719520568848
v 0.07466831803321838 0.21257013082504272 3.1790127754211426
v 0.08239723742008209 0.21434667706489563 3.1831090450286865
v 0.09067952632904053 0.2149452567100525 3.187458038330078
v 0.10083150863647461 0.21406298875808716 3.188823699951172
v 0.10834434628486633 0.23232290148735046 3.194413900375366
v 0.09784001111984253 0.2347714900970459 3.1926236152648926
v 0.05615335702896118 0.23384368419647217 3.1714847087860107
v 0.041933685541152954 0.23355329036712646 3.16263747215271
v -0.045503199100494385 0.20736396312713623 3.1434166431427
v -0.06407619267702103 0.20186224579811096 3.1460704803466797
v 0.07617779076099396 0.1211121529340744 3.2619893550872803
v 0.0774005800485611 0.12266123294830322 3.240370988845825
v 0.07629485428333282 0.1265527755022049 3.221510887145996
v 0.07398446649312973 0.13209819793701172 3.2062108516693115
v 0.07132858037948608 0.13925233483314514 3.1928718090057373
v 0.06698596477508545 0.14741098880767822 3.1817336082458496
v 0.06124819815158844 0.15687903761863708 3.1723551750183105
v 0.06535258889198303 0.1656736135482788 3.1776645183563232
v 0.0558115616440773 0.1678190529346466 3.165614604949951
v 0.061750538647174835 0.17503616213798523 3.1726627349853516
v 0.050633788108825684 0.17905521392822266 3.160709857940674
v 0.045780301094055176 0.19128042459487915 3.157581329345703
v 0.042570583522319794 0.20511707663536072 3.157923698425293
v 0.04113973677158356 0.2193002700805664 3.1593177318573
v 0.009924798272550106 0.22736826539039612 3.1468920707702637
v 0.026189632713794708 0.23172757029533386 3.154547929763794
v -0.0074874055571854115 0.23887419700622559 3.149012327194214
v -0.006442822981625795 0.25470924377441406 3.15669584274292
v -0.006332010496407747 0.2020849585533142 3.1368699073791504
v -0.007327683735638857 0.2217504382133484 3.142073631286621
v -0.011174132116138935 0.32297831773757935 3.222750186920166
v -0.028777945786714554 0.31782814860343933 3.209677219390869
v 0.13489395380020142 0.18846619129180908 3.1840267181396484
v 0.14164555072784424 0.1808759570121765 3.182960033416748
v 0.13201138377189636 0.18125313520431519 3.1812641620635986
v 0.1295953094959259 0.18648505210876465 3.182746648788452
v 0.1500561237335205 0.1839306354522705 3.1870102882385254
v 0.14690735936164856 0.19706422090530396 3.1916825771331787
v 0.1569361686706543 0.188828706741333 3.1937878131866455
v 0.14105281233787537 0.1921100616455078 3.1873087882995605
v 0.16111144423484802 0.19592583179473877 3.2019195556640625
v 0.1508168876171112 0.20394068956375122 3.198643207550049
v 0.16257378458976746 0.20272916555404663 3.2088539600372314
v 0.15349018573760986 0.20974284410476685 3.2045035362243652
v 0.15447556972503662 0.2148025631904602 3.209792375564575
v 0.16024905443191528 0.21201646327972412 3.2144410610198975
v 0.12876439094543457 0.24051621556282043 3.2090389728546143
v 0.13953238725662231 0.23183172941207886 3.209777355194092
v 0.14847764372825623 0.2222192883491516 3.210280418395996
v 0.11079758405685425 0.21034842729568481 3.1877968311309814
v 0.12159818410873413 0.20569005608558655 3.187285900115967
v 0.13162454962730408 0.19935357570648193 3.1871001720428467
v 0.13670116662979126 0.20560592412948608 3.191617727279663
v 0.126309335231781 0.21248120069503784 3.190808057785034
v 0.1149420291185379 0.21808093786239624 3.1905553340911865
v -0.04497724026441574 0.19158756732940674 3.1355581283569336
v -0.026030194014310837 0.1971862018108368 3.1350440979003906
v 0.07643063366413116 0.22349414229393005 3.1795523166656494
v 0.08522181212902069 0.22377479076385498 3.1849193572998047
v 0.09396682679653168 0.22337520122528076 3.1889779567718506
v 0.10411374270915985 0.22250834107398987 3.1910057067871094
v 0.08795686066150665 0.23489424586296082 3.188058376312256
v 0.07863907516002655 0.234842449426651 3.183151960372925
v 0.06778399646282196 0.23406755924224854 3.1772401332855225
v -0.026626791805028915 0.21368196606636047 3.140681028366089
v -0.06335978955030441 0.18692034482955933 3.1367666721343994
v 0.08366470038890839 0.22922557592391968 3.3066635131835938
v 0.09479984641075134 0.2501331865787506 3.303220510482788
v 0.10502301156520844 0.2668718695640564 3.2891931533813477
v 0.10661390423774719 0.27778351306915283 3.2680411338806152
v -0.08849523216485977 0.31038427352905273 3.202908992767334
v 0.2124536633491516 0.023795070126652718 3.1894338130950928
v -0.07893187552690506 0.13458406925201416 3.124931812286377
v -0.08031152933835983 0.15465164184570312 3.1263678073883057
v -0.0767211988568306 0.06782448291778564 3.1335949897766113
v -0.07728562504053116 0.088049978017807 3.1265439987182617
v -0.035431038588285446 -0.023925749585032463 3.115497350692749
v -0.05649660900235176 -0.021409621462225914 3.12005615234375
v -0.058601319789886475 0.0026384382508695126 3.124727725982666
v -0.07933313399553299 -0.07115551084280014 3.1009154319763184
v -0.07874522358179092 -0.04885231330990791 3.115485191345215
v -0.0771791934967041 0.003947855439037085 3.1308906078338623
v -0.07718993723392487 0.026506366208195686 3.1364333629608154
v -0.05942820757627487 0.11128956079483032 3.124988555908203
v -0.06225982680916786 0.1731126308441162 3.1286606788635254
v -0.08124936372041702 0.1849808692932129 3.13808536529541
v -0.08132819086313248 0.19808202981948853 3.145955801010132
v -0.08216855674982071 0.21421045064926147 3.152132749557495
v 0.025258854031562805 0.11680614948272705 3.365037441253662
v 0.024135708808898926 0.13238677382469177 3.3589303493499756
v 0.012004702351987362 0.13132858276367188 3.3642966747283936
v 0.013233265839517117 0.11587709188461304 3.369948148727417
v 0.044524870812892914 0.11829137802124023 3.351245164871216
v 0.043688490986824036 0.132971853017807 3.34612774848938
v 0.03453679382801056 0.13294482231140137 3.352799892425537
v 0.036029040813446045 0.11748799681663513 3.3591017723083496
v 0.051468513906002045 0.1320771872997284 3.3378372192382812
v 0.05239284038543701 0.11768701672554016 3.3430869579315186
v 0.026675254106521606 0.10059726238250732 3.3690078258514404
v 0.03727775812149048 0.10153456032276154 3.362290143966675
v 0.014705701731145382 0.09987415373325348 3.3738720417022705
v 0.052769847214221954 0.10323293507099152 3.3469741344451904
v 0.04575686156749725 0.10274448990821838 3.354801893234253
v -0.06767579168081284 0.3451802134513855 3.360434055328369
v -0.06468669325113297 0.34707531332969666 3.3752527236938477
v -0.06799428910017014 0.3839278519153595 3.396426200866699
v -0.06899336725473404 0.38847485184669495 3.395857334136963
v -0.0791970044374466 0.3373079299926758 3.3410022258758545
v -0.07992222905158997 0.3294603228569031 3.336667060852051
v -0.07011312991380692 0.3673115670681 3.390813112258911
v -0.06937364488840103 0.35417062044143677 3.3887147903442383
v -0.07141765207052231 0.40858036279678345 3.4024605751037598
v -0.07155640423297882 0.4055823087692261 3.401076078414917
v -0.07056505233049393 0.3949335813522339 3.400388717651367
v -0.07054664939641953 0.39130261540412903 3.3981997966766357
v -0.08025245368480682 0.31891635060310364 3.3328375816345215
v -0.07724058628082275 0.34266725182533264 3.3495254516601562
v -0.082648366689682 0.2933920621871948 3.3248584270477295
v -0.08346700668334961 0.2809722423553467 3.320164680480957
v -0.07309426367282867 0.27212661504745483 3.318345308303833
v -0.072354257106781 0.2594394385814667 3.319293975830078
v -0.06341184675693512 0.1124839335680008 3.3663330078125
v -0.0671549066901207 0.1600097119808197 3.348219394683838
v -0.06693841516971588 0.14659112691879272 3.357424020767212
v -0.0679435059428215 0.1776183843612671 3.3432867527008057
v -0.07134495675563812 0.24652576446533203 3.322922468185425
v -0.08150562644004822 0.30649513006210327 3.3295581340789795
v -0.06990304589271545 0.3793116807937622 3.3962552547454834
v -0.07028862088918686 0.37446799874305725 3.39218807220459
v -0.07130321115255356 0.40174055099487305 3.3997859954833984
v -0.07092491537332535 0.39847469329833984 3.400400400161743
v -0.08418747782707214 0.21229299902915955 3.332185745239258
v -0.08396835625171661 0.19330060482025146 3.3382833003997803
v -0.06554551422595978 0.12942638993263245 3.363142967224121
v -0.07657662779092789 0.0902303159236908 3.3663063049316406
v -0.0751534029841423 0.06800630688667297 3.3607404232025146
v -0.08441822975873947 0.23028066754341125 3.327261447906494
v -0.07456229627132416 0.04856616258621216 3.3500537872314453
v 0.09401236474514008 -0.2814851701259613 3.140899419784546
v 0.07617238163948059 -0.3025674521923065 3.126312255859375
v 0.06559373438358307 -0.29062163829803467 3.106981039047241
v 0.07964476943016052 -0.2755931615829468 3.1165292263031006
v 0.08823144435882568 -0.2298043966293335 3.1290557384490967
v 0.08838680386543274 -0.204244464635849 3.133693218231201
v 0.0892396867275238 -0.17687954008579254 3.136234998703003
v 0.04504445195198059 -0.30038386583328247 3.0974180698394775
v 0.014498545788228512 -0.282430499792099 3.0798373222351074
v 0.018279220908880234 -0.30393218994140625 3.0889039039611816
v 0.07400893419981003 -0.18051959574222565 3.114063024520874
v 0.07386375963687897 -0.2074185609817505 3.1123881340026855
v 0.07040218263864517 -0.27046531438827515 3.1081762313842773
v 0.07218192517757416 -0.25498077273368835 3.1082019805908203
v 0.0864267349243164 -0.25463157892227173 3.123530626296997
v 0.040007226169109344 -0.28051766753196716 3.088505506515503
v 0.05902582406997681 -0.2767459452152252 3.0990331172943115
v -0.01925593987107277 -0.1186060756444931 3.0880584716796875
v -0.01573988050222397 -0.14005759358406067 3.0815443992614746
v -0.04393843933939934 -0.1392156183719635 3.080150604248047
v 0.06286606192588806 -0.11022592335939407 3.121365785598755
v 0.049609363079071045 -0.1342727392911911 3.102221965789795
v -0.07860134541988373 -0.2862633466720581 3.08941912651062
v 0.05646678805351257 -0.25823357701301575 3.0955793857574463
v 0.011215328238904476 -0.25833559036254883 3.0728909969329834
v 0.03682631254196167 -0.25924476981163025 3.083001136779785
v 0.011372248642146587 -0.18344621360301971 3.0732367038726807
v 0.03522055596113205 -0.18398983776569366 3.0829803943634033
v 0.033797651529312134 -0.20899614691734314 3.0796358585357666
v 0.010474237613379955 -0.2078767567873001 3.069603443145752
v 0.05582159757614136 -0.18321773409843445 3.0965471267700195
v 0.05351385474205017 -0.15784668922424316 3.0983493328094482
v 0.010941601358354092 -0.16073650121688843 3.0784215927124023
v 0.03339698165655136 -0.15943263471126556 3.0862274169921875
v 0.029308006167411804 -0.13647077977657318 3.0912158489227295
v 0.055799782276153564 -0.21011625230312347 3.0946085453033447
v 0.009775145910680294 -0.2331700176000595 3.0687432289123535
v -0.018899712711572647 -0.23212039470672607 3.063443660736084
v -0.049231380224227905 -0.22973552346229553 3.0654942989349365
v -0.07968553155660629 -0.2308952361345291 3.0686867237091064
v -0.07973940670490265 -0.20762048661708832 3.0670928955078125
v 0.007777925115078688 -0.1382334977388382 3.0847625732421875
v -0.002898306120187044 -0.09544195234775543 3.096808433532715
v 0.003670032601803541 -0.11654704064130783 3.0910804271698
v -0.016120407730340958 -0.027131451293826103 3.1157422065734863
v 0.06606648117303848 -0.4388885498046875 3.3798038959503174
v -0.07407229393720627 -0.3186814486980438 3.2169551849365234
v -0.07304079085588455 -0.3158004581928253 3.2457919120788574
v 0.10018420219421387 -0.21500417590141296 3.2461612224578857
v 0.1119537353515625 -0.2523210346698761 3.177490234375
v 0.10018625855445862 -0.25499168038368225 3.144443988800049
v -0.0631604716181755 -0.30157706141471863 3.29294753074646
v -0.04760712757706642 -0.28623637557029724 3.3122060298919678
v 0.08189757913351059 -0.21253633499145508 3.276045560836792
v 0.032132647931575775 -0.23888105154037476 3.3206868171691895
v -0.0696372240781784 -0.31106194853782654 3.2689707279205322
v 0.07266835868358612 -0.2331830859184265 3.110969066619873
v 0.05558197200298309 -0.23596173524856567 3.09419584274292
v 0.03456072509288788 -0.23493903875350952 3.079730749130249
v -0.01768970489501953 -0.25718793272972107 3.066923141479492
v -0.04955402389168739 -0.25373607873916626 3.0686464309692383
v -0.07921095192432404 -0.2521626651287079 3.074716806411743
v -0.055307306349277496 -0.24330691993236542 3.304605722427368
v -0.06720239669084549 -0.2403125911951065 3.3103177547454834
v -0.05900605395436287 -0.2394709289073944 3.312709093093872
v -0.07527217268943787 -0.23079802095890045 3.3173792362213135
v -0.07566560804843903 -0.24067655205726624 3.3096442222595215
v -0.06709382683038712 -0.24863071739673615 3.3010733127593994
v -0.07567356526851654 -0.25019752979278564 3.299665927886963
v -0.07562673836946487 -0.26355236768722534 3.2919692993164062
v 0.002259425353258848 -0.1470572054386139 3.314209461212158
v 0.024177931249141693 -0.14151987433433533 3.3012499809265137
v -0.06032119318842888 -0.156939297914505 3.337822914123535
v -0.04097481071949005 -0.15512557327747345 3.3326308727264404
v 0.07959398627281189 -0.12244316190481186 3.24497127532959
v -0.02000512182712555 -0.15168049931526184 3.3253934383392334
v 0.04491765797138214 -0.13537821173667908 3.285046100616455
v 0.0646623969078064 -0.12892694771289825 3.266465902328491
v -0.08004278689622879 -0.1586998552083969 3.073577880859375
v -0.07905180007219315 -0.1348303109407425 3.0793509483337402
v -0.07837919145822525 -0.15797540545463562 3.339838981628418
v -0.07127632200717926 0.34576117992401123 3.3768036365509033
v -0.07463721930980682 0.34402942657470703 3.3608460426330566
v -0.08521883189678192 0.5280925631523132 3.3926212787628174
v -0.09626408666372299 0.3489779531955719 3.2293410301208496
v -0.07711870968341827 0.47098010778427124 3.4028425216674805
v -0.07076442986726761 0.3881853520870209 3.396536111831665
v -0.07092797011137009 0.41028910875320435 3.405337333679199
v -0.08356373012065887 0.2691068649291992 3.3168845176696777
v -0.08365511149168015 0.2563261091709137 3.316610336303711
v -0.0773930624127388 -0.3045658767223358 3.2106590270996094
v -0.08395811915397644 0.243943452835083 3.3221960067749023
v -0.07726235687732697 -0.3099055588245392 3.1986472606658936
v -0.07680624723434448 0.047962039709091187 3.1370692253112793
v 0.038299448788166046 -0.8583059906959534 3.2121689319610596
v 0.03675178438425064 -0.8521281480789185 3.1981043815612793
v 0.0398968830704689 -0.8803840279579163 3.1931395530700684
v 0.04025159031152725 -0.8848364949226379 3.2057366371154785
v 0.05577342212200165 -0.8393729329109192 3.173433303833008
v 0.04407097399234772 -0.8436996340751648 3.1798720359802246
v 0.07021226733922958 -0.8383083343505859 3.171776294708252
v 0.08342769742012024 -0.8403523564338684 3.176009178161621
v 0.07847584784030914 -0.8692685961723328 3.1685256958007812
v 0.06711316853761673 -0.8672168850898743 3.1626288890838623
v 0.09141236543655396 -0.84388667345047 3.18522047996521
v 0.09316426515579224 -0.8749382495880127 3.187180519104004
v 0.09710264205932617 -0.848069965839386 3.19681715965271
v 0.10084289312362671 -0.854774534702301 3.2133922576904297
v 0.09580470621585846 -0.88036048412323 3.2045321464538574
v 0.0940479189157486 -0.8638815879821777 3.229508876800537
v 0.09015055000782013 -0.887653648853302 3.2203822135925293
v 0.08001432567834854 -0.8694424033164978 3.2391679286956787
v 0.044823259115219116 -0.8643355369567871 3.2244083881378174
v 0.04471953213214874 -0.8901780843734741 3.220160484313965
v 0.05394124239683151 -0.868681788444519 3.164586067199707
v 0.0449908971786499 -0.8730078935623169 3.173096179962158
v 0.04168027639389038 -0.8770518898963928 3.1832005977630615
v 0.03882084786891937 -0.8481093645095825 3.188088893890381
v 0.040551528334617615 -0.9074901938438416 3.1885628700256348
v 0.0366220697760582 -0.9114987850189209 3.203402280807495
v 0.05257274955511093 -0.8968815207481384 3.1560983657836914
v 0.04748544096946716 -0.9010646343231201 3.1684646606445312
v 0.07463540136814117 -0.896515429019928 3.1612162590026855
v 0.06527256965637207 -0.8947446346282959 3.153020143508911
v 0.09353819489479065 -0.9013192653656006 3.179802656173706
v 0.08373251557350159 -0.8986146450042725 3.170527935028076
v 0.08619748055934906 -0.8716664910316467 3.177615165710449
v 0.09466680884361267 -0.9045647978782654 3.194993734359741
v 0.0892028957605362 -0.9105485081672668 3.21439528465271
v 0.042446769773960114 -0.9150346517562866 3.219226360321045
v 0.04449235647916794 -0.9044391512870789 3.178952693939209
v 0.12293773889541626 -0.9919703602790833 3.3516831398010254
v 0.12118519842624664 -0.9879928231239319 3.3510303497314453
v 0.1171579658985138 -0.9881688356399536 3.353020668029785
v 0.11676591634750366 -0.9926274418830872 3.3541624546051025
v 0.08834204077720642 -0.9941303730010986 3.3706135749816895
v 0.0858282744884491 -0.9846690893173218 3.3723628520965576
v 0.07772812247276306 -0.987174928188324 3.3720529079437256
v 0.07755042612552643 -0.9985260367393494 3.371290445327759
v 0.10493072867393494 -0.9931418299674988 3.365333318710327
v 0.10533973574638367 -0.9967778921127319 3.3624393939971924
v 0.10985291004180908 -0.9962613582611084 3.3605005741119385
v 0.11180756986141205 -0.9923495650291443 3.3623619079589844
v 0.13682061433792114 -0.9897778034210205 3.3176321983337402
v 0.136815145611763 -0.9947975277900696 3.3164970874786377
v 0.14047235250473022 -0.9943810105323792 3.3137454986572266
v 0.14154183864593506 -0.990134060382843 3.313401937484741
v 0.12758299708366394 -0.9926729798316956 3.3395493030548096
v 0.1276126205921173 -0.9970166683197021 3.336671829223633
v 0.131067156791687 -0.996238648891449 3.3338115215301514
v 0.132806658744812 -0.9929639101028442 3.3350706100463867
v 0.08321407437324524 -0.9839587807655334 3.3488681316375732
v 0.06934971362352371 -0.9849217534065247 3.349888563156128
v 0.07372845709323883 -0.9869749546051025 3.3628902435302734
v 0.0855361670255661 -0.9831322431564331 3.362464427947998
v 0.06817193329334259 -0.9968674778938293 3.36177396774292
v 0.0631183609366417 -0.9964459538459778 3.346440076828003
v 0.07066400349140167 -1.0034356117248535 3.345461845397949
v 0.07489008456468582 -1.0009875297546387 3.3586366176605225
v 0.08375097811222076 -1.0013420581817627 3.345329523086548
v 0.0865069031715393 -0.9991564154624939 3.35722279548645
v 0.09051841497421265 -0.9930599331855774 3.346909284591675
v 0.09464183449745178 -0.9906854629516602 3.360295534133911
v 0.10870352387428284 -0.9904285073280334 3.3440237045288086
v 0.10323686897754669 -0.983972430229187 3.345066547393799
v 0.10826516151428223 -0.9858776330947876 3.356740951538086
v 0.11393226683139801 -0.9909706115722656 3.3539721965789795
v 0.09318788349628448 -0.9851707816123962 3.3490891456604004
v 0.10068356990814209 -0.9866275191307068 3.3596487045288086
v 0.09088355302810669 -0.9952378869056702 3.350615978240967
v 0.09551501274108887 -1.0003507137298584 3.3461062908172607
v 0.10111984610557556 -0.9978991150856018 3.3567862510681152
v 0.0963929146528244 -0.9932160973548889 3.3614838123321533
v 0.10429900884628296 -0.998558521270752 3.3432505130767822
v 0.10916359722614288 -0.9973968267440796 3.3537890911102295
v 0.11810439825057983 -0.9836700558662415 3.3345444202423096
v 0.10878084599971771 -0.9849016666412354 3.339134454727173
v 0.11383852362632751 -0.9874197244644165 3.347794771194458
v 0.1210634708404541 -0.9862989187240601 3.344752311706543
v 0.1105075478553772 -0.9951421618461609 3.3502674102783203
v 0.1065923273563385 -0.9946247935295105 3.3413431644439697
v 0.1114540696144104 -0.9986783266067505 3.3373043537139893
v 0.11546477675437927 -0.9976053833961487 3.3466362953186035
v 0.12002044916152954 -0.9973634481430054 3.333627939224243
v 0.12232586741447449 -0.9971094131469727 3.3442940711975098
v 0.12362942099571228 -0.9893776178359985 3.334268093109131
v 0.12606336176395416 -0.9908055067062378 3.343198776245117
v 0.13435779511928558 -0.9894802570343018 3.3176162242889404
v 0.13026222586631775 -0.9832166433334351 3.318309783935547
v 0.13230177760124207 -0.9863553047180176 3.3283965587615967
v 0.1348573863506317 -0.9922250509262085 3.3272433280944824
v 0.12374716997146606 -0.9841976761817932 3.324195384979248
v 0.12695714831352234 -0.9860250353813171 3.3315203189849854
v 0.12250974774360657 -0.9908673763275146 3.3342902660369873
v 0.12183183431625366 -0.9896915555000305 3.3278744220733643
v 0.12403769791126251 -0.9977771639823914 3.3238847255706787
v 0.12489986419677734 -0.9980898499488831 3.3321313858032227
v 0.13135077059268951 -0.9973675608634949 3.3185458183288574
v 0.13178887963294983 -0.9978448748588562 3.328744888305664
v 0.1399776041507721 -0.9835233092308044 3.3001937866210938
v 0.14156484603881836 -0.9847714304924011 3.308081865310669
v 0.14330467581748962 -0.9903688430786133 3.3067309856414795
v 0.1418101191520691 -0.9901220202445984 3.297309637069702
v 0.13455811142921448 -0.9828878045082092 3.306032657623291
v 0.13592515885829926 -0.9847486615180969 3.312127113342285
v 0.13267940282821655 -0.9898919463157654 3.3144690990448
v 0.1334151327610016 -0.988095760345459 3.3083388805389404
v 0.1334037482738495 -0.9966825246810913 3.3061704635620117
v 0.13401515781879425 -0.9962359666824341 3.311849355697632
v 0.13857541978359222 -0.9960696697235107 3.3003766536712646
v 0.14027465879917145 -0.9963012933731079 3.308706045150757
v 0.08360448479652405 -0.9850292801856995 3.3350751399993896
v 0.06573333591222763 -0.9834670424461365 3.335240125656128
v 0.0788397267460823 -0.9992406964302063 3.3670406341552734
v 0.05972888320684433 -0.9967995285987854 3.3320319652557373
v 0.085320383310318 -0.9980942010879517 3.3661370277404785
v 0.08458340167999268 -1.0026459693908691 3.332850694656372
v 0.06785355508327484 -1.0051032304763794 3.3308117389678955
v 0.0878036618232727 -0.9942159056663513 3.341963291168213
v 0.10935777425765991 -0.9873731732368469 3.3620855808258057
v 0.10313110053539276 -1.0010831356048584 3.3277101516723633
v 0.10460743308067322 -0.9935970306396484 3.335991621017456
v 0.10466966032981873 -0.9877199530601501 3.3635528087615967
v 0.1008996069431305 -0.9833039045333862 3.3292925357818604
v 0.11579875648021698 -0.9838618636131287 3.3172473907470703
v 0.11852702498435974 -0.9962831735610962 3.3517086505889893
v 0.1220862865447998 -0.9963608980178833 3.350463390350342
v 0.11911933124065399 -0.9999684691429138 3.317283868789673
v 0.12182602286338806 -0.9891907572746277 3.3253018856048584
v 0.1323373019695282 -0.9882113933563232 3.33437442779541
v 0.1303095519542694 -0.9990227818489075 3.303513526916504
v 0.13338430225849152 -0.9887457489967346 3.3090033531188965
v 0.12868881225585938 -0.9885962605476379 3.336742877960205
v 0.12882930040359497 -0.9823825359344482 3.303292751312256
v 0.1397351324558258 -0.9880805611610413 3.3139760494232178
v 0.1367800086736679 -0.9984263181686401 3.2908167839050293
v 0.14040787518024445 -0.9907821416854858 3.2863821983337402
v 0.1372397094964981 -0.987225353717804 3.3160970211029053
v 0.13762231171131134 -0.9823110103607178 3.290374279022217
v 0.053879447281360626 -0.8933617472648621 3.229386329650879
v 0.053876109421253204 -0.8689360618591309 3.2343432903289795
v 0.06546993553638458 -0.8708236813545227 3.2382705211639404
v 0.06488277018070221 -0.8945618867874146 3.232530355453491
v 0.07755926251411438 -0.8927156925201416 3.2308509349823
v 0.05313783138990402 -0.9165666103363037 3.230496644973755
v 0.0654035210609436 -0.9162777066230774 3.232771873474121
v 0.07724826037883759 -0.9153175354003906 3.2276198863983154
v 0.09926947951316833 -0.9243319034576416 3.1867716312408447
v 0.09520833194255829 -0.920477032661438 3.171708345413208
v 0.08449244499206543 -0.9182817935943604 3.16157865524292
v 0.07547885179519653 -0.9169794321060181 3.1520979404449463
v 0.06451091915369034 -0.9163917303085327 3.144866466522217
v 0.041558414697647095 -0.9362380504608154 3.2229180335998535
v 0.05230160057544708 -0.9358301162719727 3.239213228225708
v 0.06608453392982483 -0.9343343377113342 3.2437970638275146
v 0.07991625368595123 -0.933480441570282 3.235208034515381
v 0.05740848928689957 -0.9814366102218628 3.319687843322754
v 0.07515072077512741 -0.9770475029945374 3.3178772926330566
v 0.06727439910173416 -0.9707325100898743 3.3015472888946533
v 0.05359916388988495 -0.9814205765724182 3.300248622894287
v 0.09195607900619507 -0.9779762029647827 3.3120675086975098
v 0.08448798954486847 -0.9687032103538513 3.294522762298584
v 0.10711437463760376 -0.9782184958457947 3.3010706901550293
v 0.09952765703201294 -0.9714542031288147 3.2850005626678467
v 0.12105554342269897 -0.9791156649589539 3.2891952991485596
v 0.11311142146587372 -0.9736542701721191 3.272871971130371
v 0.13322743773460388 -0.980755627155304 3.2782745361328125
v 0.125785231590271 -0.9782124161720276 3.262603521347046
v 0.13930866122245789 -0.9898321628570557 3.2733726501464844
v 0.13346752524375916 -0.9866375923156738 3.2564656734466553
v 0.052710168063640594 -0.9977632164955139 3.3167636394500732
v 0.05078646540641785 -0.9963078498840332 3.2958247661590576
v 0.0628524050116539 -1.0080699920654297 3.3124616146087646
v 0.06094830483198166 -1.0087183713912964 3.2921173572540283
v 0.07911109924316406 -1.0067070722579956 3.3094470500946045
v 0.0755305290222168 -1.0075801610946655 3.2874577045440674
v 0.12996968626976013 -0.9988194704055786 3.257391929626465
v 0.13464593887329102 -1.0006929636001587 3.275691032409668
v 0.09617301821708679 -1.0049139261245728 3.302081823348999
v 0.09186169505119324 -1.00498366355896 3.2802231311798096
v 0.11167293787002563 -1.0046793222427368 3.2932991981506348
v 0.1070244312286377 -1.0042883157730103 3.2717056274414062
v 0.1243511289358139 -1.0035101175308228 3.2835094928741455
v 0.1198788583278656 -1.0032793283462524 3.2638044357299805
v 0.059218451380729675 -0.9648137092590332 3.2795870304107666
v 0.07692953944206238 -0.9571604132652283 3.2766616344451904
v 0.09133048355579376 -0.9604041576385498 3.2655303478240967
v 0.1051090657711029 -0.9650833606719971 3.2536394596099854
v 0.11787094175815582 -0.9721547961235046 3.242443799972534
v 0.1264570653438568 -0.9805892109870911 3.2353293895721436
v 0.10109856724739075 -0.9518842697143555 3.228708028793335
v 0.11086226999759674 -0.9669592380523682 3.2179529666900635
v 0.11748942732810974 -0.9769001007080078 3.2142252922058105
v 0.11067157983779907 -0.973537802696228 3.1918892860412598
v 0.10694220662117004 -0.9612250924110413 3.192958116531372
v 0.0960039496421814 -0.9560754895210266 3.1548867225646973
v 0.10139486193656921 -0.9575006365776062 3.171591281890869
v 0.10605171322822571 -0.9703050851821899 3.1695826053619385
v 0.10079070925712585 -0.9701626300811768 3.152038812637329
v 0.1008278876543045 -0.9468814134597778 3.201442241668701
v 0.09769631922245026 -0.9418789148330688 3.1792969703674316
v 0.09171758592128754 -0.9382262825965881 3.1633715629577637
v 0.08361339569091797 -0.969086766242981 3.132441997528076
v 0.0818360447883606 -0.9528264999389648 3.133354425430298
v 0.09033459424972534 -0.9548598527908325 3.1434438228607178
v 0.09417997300624847 -0.9694786667823792 3.140392780303955
v 0.06756591796875 -0.97177654504776 3.129037380218506
v 0.06591424345970154 -0.9547891020774841 3.128228187561035
v 0.05144096910953522 -0.9600505828857422 3.1395695209503174
v 0.052718326449394226 -0.9758274555206299 3.139075756072998
v 0.07790157943964005 -0.9345776438713074 3.142807722091675
v 0.08530952036380768 -0.9361823201179504 3.1519129276275635
v 0.06519447267055511 -0.9350318312644958 3.1366970539093018
v 0.05271121859550476 -0.9389704465866089 3.1447105407714844
v 0.04574495553970337 -0.9639039635658264 3.157956123352051
v 0.04706575721502304 -0.9438189268112183 3.1623079776763916
v 0.04573342204093933 -0.9789509773254395 3.1563282012939453
v 0.05094447731971741 -0.9794250130653381 3.275913953781128
v 0.05195951461791992 -0.9915300607681274 3.2709386348724365
v 0.08578643202781677 -0.9466208815574646 3.2488131523132324
v 0.0699358806014061 -0.9459733366966248 3.258652925491333
v 0.05226769298315048 -0.9538741707801819 3.2536282539367676
v 0.046343788504600525 -0.9750008583068848 3.2501230239868164
v 0.05171488970518112 -0.9873605966567993 3.2448887825012207
v 0.04362285137176514 -0.972984790802002 3.2255923748016357
v 0.05077622830867767 -0.9839684963226318 3.222019672393799
v 0.060217149555683136 -1.0009629726409912 3.2675118446350098
v 0.06028560549020767 -0.9928109645843506 3.2415597438812256
v 0.058274269104003906 -0.9885889887809753 3.2169113159179688
v 0.042288169264793396 -0.970518171787262 3.204277515411377
v 0.04763125628232956 -0.9818829894065857 3.2003071308135986
v 0.044087156653404236 -0.9671997427940369 3.185342788696289
v 0.04616621136665344 -0.9805917143821716 3.184218406677246
v 0.04528449475765228 -0.979902446269989 3.1710121631622314
v 0.045408107340335846 -0.9651603102684021 3.171424388885498
v 0.04360064119100571 -0.9487046599388123 3.185760021209717
v 0.04563795030117035 -0.9452797770500183 3.1735141277313232
v 0.041777610778808594 -0.9526751637458801 3.2023849487304688
v 0.04178273677825928 -0.955345869064331 3.226252317428589
v 0.12427368760108948 -0.9935311079025269 3.236445426940918
v 0.11705335974693298 -0.9876783490180969 3.214834690093994
v 0.10928657650947571 -0.9828402400016785 3.1928000450134277
v 0.10371468961238861 -0.981759250164032 3.1706950664520264
v 0.09671522676944733 -0.9819744825363159 3.154226541519165
v 0.09014114737510681 -0.9818265438079834 3.1440489292144775
v 0.0811997577548027 -0.9814776182174683 3.137591600418091
v 0.06808553636074066 -0.9822032451629639 3.1363768577575684
v 0.05702380836009979 -0.9849064350128174 3.1429038047790527
v 0.05252276360988617 -0.9884907007217407 3.1570050716400146
v 0.051951900124549866 -0.9900528788566589 3.169276714324951
v 0.0550980344414711 -0.9887934923171997 3.197420120239258
v 0.05265532433986664 -0.989936351776123 3.181818962097168
v 0.03763297200202942 -0.9336530566215515 3.2022714614868164
v 0.04000850021839142 -0.929499626159668 3.186350107192993
v 0.04360856115818024 -0.9260200262069702 3.1753625869750977
v 0.05317261815071106 -0.9190215468406677 3.1510767936706543
v 0.047865092754364014 -0.9227424263954163 3.165567398071289
v 0.07305992394685745 -1.0032916069030762 3.2624757289886475
v 0.0883905291557312 -1.0009753704071045 3.2550923824310303
v 0.1029030978679657 -0.9997975826263428 3.247392416000366
v 0.11495715379714966 -0.99854576587677 3.2411465644836426
v 0.10948920249938965 -0.9927918910980225 3.2180676460266113
v 0.09829039871692657 -0.9942833185195923 3.2229039669036865
v 0.08448170125484467 -0.9958574175834656 3.2300570011138916
v 0.07081300020217896 -0.9954462647438049 3.2373034954071045
v 0.10236066579818726 -0.9890915751457214 3.196812152862549
v 0.09242144227027893 -0.9913539290428162 3.201138496398926
v 0.07963205873966217 -0.9925277829170227 3.206186532974243
v 0.06785483658313751 -0.9924794435501099 3.213129758834839
v 0.06371615827083588 -0.9924763441085815 3.192415237426758
v 0.07392942160367966 -0.9919071793556213 3.1860687732696533
v 0.08546434342861176 -0.990731954574585 3.1819586753845215
v 0.09484672546386719 -0.9877541065216064 3.1763036251068115
v 0.08846285939216614 -0.9867457747459412 3.160109758377075
v 0.07979822158813477 -0.9894151091575623 3.1668577194213867
v 0.06942421942949295 -0.9910120964050293 3.1712002754211426
v 0.061071574687957764 -0.992327094078064 3.1773416996002197
v 0.08358688652515411 -0.9864128828048706 3.1517016887664795
v 0.06951218843460083 -0.9862443208694458 3.1437525749206543
v 0.07766803354024887 -0.9858030676841736 3.145378351211548
v 0.062103405594825745 -0.988024115562439 3.147092580795288
v 0.059860959649086 -0.9902029633522034 3.156876564025879
v 0.05989306420087814 -0.9912800788879395 3.166233539581299
v 0.06634106487035751 -0.9890009760856628 3.1552505493164062
v 0.06751666963100433 -0.9901235103607178 3.1625254154205322
v 0.07655330747365952 -0.9883192777633667 3.158010721206665
v 0.07336419820785522 -0.9875324368476868 3.152087926864624
v 0.06613489985466003 -0.9878356456756592 3.149988889694214
v 0.06974035501480103 -0.9871964454650879 3.1485402584075928
v 0.09142546355724335 -0.9326457381248474 3.212836265563965
v -0.09013592451810837 0.3180932402610779 3.2103703022003174
v -0.08351529389619827 0.26590487360954285 3.174696207046509
v 0.04604164510965347 -0.6240805983543396 3.3686604499816895
v 0.06073392927646637 -0.6261186003684998 3.3708791732788086
v 0.07697529345750809 -0.6237969994544983 3.372685670852661
v 0.05685514211654663 -0.2137041985988617 3.2954845428466797
v 0.0025417055003345013 -0.06382618844509125 3.3076751232147217
v 0.007067244034260511 -0.026263369247317314 3.3152759075164795
v 0.004546138923615217 -0.04633647948503494 3.3107352256774902
v 0.061584025621414185 -0.23474816977977753 3.308401584625244
v 0.0501016229391098 0.009386182762682438 3.274778366088867
v -0.07887360453605652 -0.27034854888916016 3.082477569580078
v -0.08236213028430939 0.22850757837295532 3.159019947052002
v 0.023525409400463104 0.1479663848876953 3.350922107696533
v -0.07984580844640732 -0.1831369400024414 3.0697503089904785
v -0.022109434008598328 0.4584376811981201 3.288146734237671
v -0.024478565901517868 0.45699435472488403 3.287996292114258
v -0.025143355131149292 0.45379358530044556 3.2865633964538574
v -0.026482857763767242 0.4524955153465271 3.2829573154449463
v -0.02740377187728882 0.4508124589920044 3.279435873031616
v -0.028963806107640266 0.45041364431381226 3.2767677307128906
v -0.024411655962467194 0.4548805356025696 3.283475875854492
v -0.026725735515356064 0.45770853757858276 3.2816102504730225
v -0.025074681267142296 0.4573879837989807 3.283754348754883
v -0.023657966405153275 0.45648491382598877 3.2850162982940674
v -0.08316788077354431 0.17362326383590698 3.341799020767212
v -0.08245578408241272 0.1566571295261383 3.347412347793579
v -0.08134910464286804 0.14434894919395447 3.3582875728607178
v -0.07981475442647934 0.1272648274898529 3.362316370010376
v -0.07002712041139603 0.38375207781791687 3.3975558280944824
v -0.07990365475416183 -0.10807817429304123 3.327576160430908
v -0.07900147140026093 -0.09968353062868118 3.326108932495117
v -0.07751267403364182 -0.019824622198939323 3.125401735305786
v -0.07950124144554138 -0.12705418467521667 3.3386058807373047
v -0.07780955731868744 -0.08850955963134766 3.3272323608398438
v -0.07764764875173569 0.11182558536529541 3.1236164569854736
v -0.07798176258802414 0.10939304530620575 3.36567759513855
v -0.07886387407779694 -0.1409178525209427 3.3406591415405273
v -0.08051738888025284 0.17239367961883545 3.128582000732422
v -0.07625173032283783 -0.0730646550655365 3.332956552505493
v -0.07567587494850159 -0.2166009545326233 3.324317455291748
v -0.07347406446933746 -0.01392414327710867 3.3449344635009766
v -0.1269196718931198 0.4972660541534424 3.3931283950805664
v -0.13830241560935974 0.4889211654663086 3.384824752807617
v -0.13004659116268158 0.47902846336364746 3.3921430110931396
v -0.11809900403022766 0.4839130640029907 3.3989381790161133
v -0.12394559383392334 0.4703977108001709 3.3969719409942627
v -0.11325174570083618 0.4727880358695984 3.4020283222198486
v -0.14585009217262268 0.47788912057876587 3.3762545585632324
v -0.13822391629219055 0.47212278842926025 3.385082960128784
v -0.14248071610927582 0.4363631010055542 3.376570463180542
v -0.1413477212190628 0.44546669721603394 3.3760030269622803
v -0.1481008380651474 0.44327419996261597 3.369452953338623
v -0.14780455827713013 0.43101030588150024 3.367393970489502
v -0.1395692080259323 0.410150945186615 3.372943162918091
v -0.14213581383228302 0.4016740918159485 3.361820697784424
v -0.1347648650407791 0.39361143112182617 3.3705897331237793
v -0.1317109316587448 0.40271735191345215 3.380420446395874
v -0.0973639264702797 0.4190465807914734 3.3956820964813232
v -0.101100392639637 0.424638032913208 3.395092248916626
v -0.106649249792099 0.41870802640914917 3.3959784507751465
v -0.1021500825881958 0.41246265172958374 3.3961095809936523
v -0.08821820467710495 0.429659366607666 3.398991346359253
v -0.08315566927194595 0.4332045316696167 3.404214382171631
v -0.08490761369466782 0.43882113695144653 3.399815559387207
v -0.09036275744438171 0.4346088171005249 3.396197557449341
v -0.0918194055557251 0.41433852910995483 3.3951408863067627
v -0.09670118242502213 0.40743619203567505 3.3941073417663574
v -0.09040698409080505 0.42090827226638794 3.3980581760406494
v -0.09308285266160965 0.4250447154045105 3.3964502811431885
v -0.08446304500102997 0.4153323769569397 3.4062411785125732
v -0.08078633248806 0.41606611013412476 3.4101717472076416
v -0.0820428878068924 0.4215254783630371 3.4115660190582275
v -0.08635874092578888 0.41991835832595825 3.4053075313568115
v -0.08946199715137482 0.4141932725906372 3.398371458053589
v -0.08546162396669388 0.4114498496055603 3.3992810249328613
v -0.08621782064437866 0.4136348366737366 3.4023144245147705
v -0.08908943086862564 0.4173358678817749 3.401378870010376
v -0.08651752769947052 0.42496246099472046 3.401918888092041
v -0.0821995958685875 0.4273824095726013 3.4074201583862305
v -0.07696447521448135 0.42909014225006104 3.41328501701355
v -0.07658419758081436 0.42151927947998047 3.4165310859680176
v -0.11227860301733017 0.3987886905670166 3.3919079303741455
v -0.10626654326915741 0.39575862884521484 3.3922431468963623
v -0.10177792608737946 0.40147584676742554 3.393846035003662
v -0.10736047476530075 0.4057038426399231 3.3949527740478516
v -0.08685724437236786 0.40862196683883667 3.396425724029541
v -0.0881662666797638 0.3931262493133545 3.397176742553711
v -0.08222144097089767 0.3947065472602844 3.400142192840576
v -0.08245201408863068 0.398495614528656 3.3999240398406982
v -0.08896244317293167 0.3970295786857605 3.3972809314727783
v -0.11769967526197433 0.3843371868133545 3.3830041885375977
v -0.11797913908958435 0.37661880254745483 3.3794915676116943
v -0.1106407418847084 0.37761086225509644 3.3841726779937744
v -0.11077645421028137 0.3839274048805237 3.3867716789245605
v -0.10809686034917831 0.37217065691947937 3.382587432861328
v -0.11568881571292877 0.3691149055957794 3.376386880874634
v -0.10476578027009964 0.35624223947525024 3.3751702308654785
v -0.09797410666942596 0.36237791180610657 3.3840346336364746
v -0.10370850563049316 0.36696553230285645 3.3817825317382812
v -0.11088620126247406 0.3622228503227234 3.3747801780700684
v -0.08549054712057114 0.3681933879852295 3.389864683151245
v -0.09092751145362854 0.35816285014152527 3.3878097534179688
v -0.08301377296447754 0.3551581799983978 3.389220952987671
v -0.07926442474126816 0.3673398196697235 3.3909831047058105
v -0.08783434331417084 0.3877096176147461 3.3930768966674805
v -0.08777793496847153 0.39003604650497437 3.395343065261841
v -0.09221483021974564 0.3889296054840088 3.3927547931671143
v -0.0920405462384224 0.38713228702545166 3.3904857635498047
v -0.09630440920591354 0.3868902325630188 3.389401912689209
v -0.09618982672691345 0.3875361979007721 3.390613317489624
v -0.0977017804980278 0.3879857659339905 3.3905563354492188
v -0.09804122895002365 0.3865485191345215 3.3887696266174316
v -0.09441783279180527 0.3870810866355896 3.390089750289917
v -0.0952826514840126 0.3859213590621948 3.389080286026001
v -0.09295013546943665 0.3853709101676941 3.390598773956299
v -0.08907154202461243 0.38480648398399353 3.3927299976348877
v -0.07510799169540405 0.38378867506980896 3.3980634212493896
v -0.07481993734836578 0.38811585307121277 3.3963799476623535
v -0.07806964218616486 0.38794562220573425 3.396008253097534
v -0.07893403619527817 0.3837445378303528 3.3966689109802246
v -0.09603241831064224 0.3894452750682831 3.3914201259613037
v -0.09316100925207138 0.39133673906326294 3.3943581581115723
v -0.0945829302072525 0.3942682147026062 3.3949573040008545
v -0.09830144047737122 0.3911072611808777 3.3918113708496094
v -0.10148505121469498 0.3931805491447449 3.3917343616485596
v -0.10378336161375046 0.38922470808029175 3.3894143104553223
v -0.1001291498541832 0.3886294364929199 3.3896989822387695
v -0.09704975038766861 0.3848777711391449 3.3882808685302734
v -0.10070077329874039 0.38575685024261475 3.3878488540649414
v -0.09990297257900238 0.3830125331878662 3.38655686378479
v -0.09754075855016708 0.3803075850009918 3.387150526046753
v -0.0946291834115982 0.3832266628742218 3.3891377449035645
v -0.09087375551462173 0.3818839192390442 3.3917245864868164
v -0.09367185086011887 0.37792909145355225 3.389143228530884
v -0.0883064866065979 0.3760867118835449 3.391338586807251
v -0.08569583296775818 0.3805910646915436 3.394547700881958
v -0.0972200334072113 0.3975619673728943 3.3940646648406982
v -0.10494469106197357 0.38486993312835693 3.3873894214630127
v -0.10907964408397675 0.39021897315979004 3.388930320739746
v -0.10451625287532806 0.3803735375404358 3.386237859725952
v -0.10200227797031403 0.37624961137771606 3.3856372833251953
v -0.09213212132453918 0.3700997829437256 3.389047145843506
v -0.09788206219673157 0.3728336989879608 3.3871257305145264
v -0.09614314883947372 0.3507082462310791 3.37764310836792
v -0.08685541152954102 0.3470584452152252 3.379241704940796
v -0.1196908950805664 0.46384716033935547 3.397303819656372
v -0.11082592606544495 0.46506673097610474 3.399775981903076
v -0.1201113685965538 0.4562426209449768 3.3935959339141846
v -0.11605881154537201 0.45725029706954956 3.395138740539551
v -0.11689701676368713 0.4597812294960022 3.395761251449585
v -0.12207195162773132 0.45851677656173706 3.393796443939209
v -0.1350993514060974 0.4481258988380432 3.3810131549835205
v -0.13619837164878845 0.44122374057769775 3.3802402019500732
v -0.13012973964214325 0.4462894797325134 3.3833181858062744
v -0.12971507012844086 0.450095534324646 3.384105920791626
v -0.12084998935461044 0.4389146566390991 3.3888728618621826
v -0.11870479583740234 0.44604378938674927 3.390603542327881
v -0.12209706008434296 0.44679898023605347 3.3891022205352783
v -0.12570026516914368 0.44016599655151367 3.386965751647949
v -0.11457177251577377 0.4456232786178589 3.391880750656128
v -0.11555872112512589 0.43933409452438354 3.391188383102417
v -0.11045639216899872 0.4406443238258362 3.3920209407806396
v -0.11030080914497375 0.44609326124191284 3.3924553394317627
v -0.11004561930894852 0.46087759733200073 3.395765542984009
v -0.11044232547283173 0.45819205045700073 3.3959221839904785
v -0.10438299179077148 0.45798689126968384 3.3937065601348877
v -0.10303439199924469 0.46112293004989624 3.394395112991333
v -0.09506596624851227 0.4520975947380066 3.388068675994873
v -0.09185325354337692 0.4518081545829773 3.3887200355529785
v -0.09259723871946335 0.4557377099990845 3.3889620304107666
v -0.0958959311246872 0.45429545640945435 3.3885700702667236
v -0.09595514088869095 0.450101375579834 3.3877675533294678
v -0.09383629262447357 0.4487481117248535 3.3891570568084717
v -0.12067075073719025 0.5203930139541626 3.389523983001709
v -0.13633382320404053 0.5114952921867371 3.382124900817871
v -0.1123368889093399 0.5034239292144775 3.3989312648773193
v -0.1471872180700302 0.49930793046951294 3.373056411743164
v -0.154494509100914 0.4846169352531433 3.366103172302246
v -0.13675883412361145 0.3851239085197449 3.362626075744629
v -0.12742413580417633 0.37892603874206543 3.3719191551208496
v -0.12617093324661255 0.38782998919487 3.3782730102539062
v -0.13506169617176056 0.37534889578819275 3.3558075428009033
v -0.12525469064712524 0.36934393644332886 3.367339849472046
v -0.11124303936958313 0.35376057028770447 3.360687017440796
v -0.12000767886638641 0.3605433404445648 3.3628807067871094
v -0.1438721865415573 0.3843224048614502 3.3425633907318115
v -0.14096599817276 0.3774574100971222 3.334135055541992
v -0.13032019138336182 0.36622872948646545 3.34824800491333
v -0.1486300379037857 0.39172524213790894 3.3227133750915527
v -0.14716890454292297 0.3895707130432129 3.314371347427368
v -0.1368357092142105 0.3703053593635559 3.3222131729125977
v -0.11979874968528748 0.3368321359157562 3.322324752807617
v -0.13318407535552979 0.3411348760128021 3.313143014907837
v -0.13430798053741455 0.3286750912666321 3.307708740234375
v -0.1218593567609787 0.32451578974723816 3.319761276245117
v -0.1447310447692871 0.392880380153656 3.351449728012085
v -0.15235239267349243 0.45405107736587524 3.362769842147827
v -0.1536588817834854 0.4408843517303467 3.3594985008239746
v -0.14605429768562317 0.45415282249450684 3.3727481365203857
v -0.1654045730829239 0.5158463716506958 3.343787908554077
v -0.17023657262325287 0.49827760457992554 3.340777635574341
v -0.16280311346054077 0.4919900894165039 3.354147434234619
v -0.15719299018383026 0.5088446736335754 3.360551357269287
v -0.1393039971590042 0.550933301448822 3.346534252166748
v -0.15395250916481018 0.5352293252944946 3.3456695079803467
v -0.14566810429096222 0.5252423882484436 3.3670969009399414
v -0.13077223300933838 0.5377878546714783 3.371461868286133
v -0.17533914744853973 0.500678539276123 3.3254647254943848
v -0.17131146788597107 0.5192380547523499 3.3223516941070557
v -0.17636831104755402 0.5157114863395691 3.301276683807373
v -0.17935575544834137 0.500436007976532 3.3097686767578125
v -0.16142454743385315 0.5385733246803284 3.3184890747070312
v -0.16771826148033142 0.5354936122894287 3.2930843830108643
v -0.15052074193954468 0.3940778374671936 3.3042919635772705
v -0.14572787284851074 0.3756149113178253 3.3046505451202393
v -0.14269119501113892 0.35997986793518066 3.3042185306549072
v -0.13278497755527496 0.3551909625530243 3.31815767288208
v -0.15258760750293732 0.5494840741157532 3.2861835956573486
v -0.1464643031358719 0.5551881194114685 3.315697193145752
v -0.17400547862052917 0.4783707857131958 3.262752056121826
v -0.17726285755634308 0.4685230851173401 3.2769012451171875
v -0.1800110638141632 0.48256438970565796 3.286020517349243
v -0.17673945426940918 0.4954182505607605 3.270673990249634
v -0.16740262508392334 0.48868483304977417 3.2461860179901123
v -0.16996188461780548 0.5084905624389648 3.255345106124878
v -0.15654833614826202 0.424970805644989 3.2579853534698486
v -0.15242336690425873 0.4278939366340637 3.2438015937805176
v -0.14202886819839478 0.41111356019973755 3.2497739791870117
v -0.14600184559822083 0.40881991386413574 3.262211799621582
v -0.13189122080802917 0.46621960401535034 3.3920726776123047
v -0.13645730912685394 0.46082204580307007 3.386028528213501
v -0.1303902417421341 0.4578227996826172 3.3894476890563965
v -0.12613347172737122 0.4613572359085083 3.3939967155456543
v -0.14989252388477325 0.4666520953178406 3.368417501449585
v -0.1431938111782074 0.46353328227996826 3.377734422683716
v -0.16406024992465973 0.47724300622940063 3.347280263900757
v -0.17084231972694397 0.4832993149757385 3.3363332748413086
v -0.17873527109622955 0.48640578985214233 3.3126766681671143
v -0.17552168667316437 0.485856831073761 3.325160026550293
v -0.17663171887397766 0.46011537313461304 3.287363290786743
v -0.17838844656944275 0.46954435110092163 3.2941641807556152
v -0.15427425503730774 0.4033433198928833 3.2898030281066895
v -0.1499709039926529 0.405676007270813 3.274750232696533
v -0.14376911520957947 0.3871237635612488 3.274803400039673
v -0.14821413159370422 0.38247036933898926 3.2887330055236816
v -0.1340533047914505 0.3937961459159851 3.2532849311828613
v -0.13820357620716095 0.39144575595855713 3.2637381553649902
v -0.1426437497138977 0.3500097990036011 3.282987117767334
v -0.13911253213882446 0.35429835319519043 3.269301176071167
v -0.1401640921831131 0.34130993485450745 3.266033172607422
v -0.14147362112998962 0.3364695906639099 3.2783432006835938
v -0.13306505978107452 0.3434907793998718 3.2543692588806152
v -0.13307173550128937 0.3573697805404663 3.257517099380493
v -0.12613269686698914 0.3586713969707489 3.247620105743408
v -0.12517230212688446 0.34351950883865356 3.2432172298431396
v -0.09703203290700912 0.3203622102737427 3.3313586711883545
v -0.10833178460597992 0.3221853971481323 3.3263370990753174
v -0.1111832857131958 0.31083032488822937 3.3236582279205322
v -0.0989612564444542 0.30971434712409973 3.3279426097869873
v -0.14364704489707947 0.32564330101013184 3.2750096321105957
v -0.14233945310115814 0.3310149312019348 3.2602779865264893
v -0.15904685854911804 0.4224293828010559 3.273132801055908
v -0.16177250444889069 0.4215308427810669 3.284282684326172
v -0.13649773597717285 0.3328928053379059 3.2477314472198486
v -0.1400499939918518 0.36926203966140747 3.271960973739624
v -0.13413946330547333 0.37312060594558716 3.2612860202789307
v -0.12771287560462952 0.3953852653503418 3.244046449661255
v -0.13520362973213196 0.4125248193740845 3.2395477294921875
v -0.09574633091688156 0.42995917797088623 3.395172595977783
v -0.10088784992694855 0.44470536708831787 3.391507625579834
v -0.09699933230876923 0.4465706944465637 3.3906009197235107
v -0.09843263030052185 0.4494551420211792 3.3902838230133057
v -0.10181514173746109 0.448203980922699 3.39104962348938
v -0.09116402268409729 0.4859563708305359 3.404862403869629
v -0.10481885075569153 0.4859057664871216 3.4031076431274414
v -0.10095378011465073 0.47228139638900757 3.4037363529205322
v -0.08798874914646149 0.46909815073013306 3.402280569076538
v -0.126264750957489 0.4144778847694397 3.3894166946411133
v -0.11911138147115707 0.4046294689178467 3.391430139541626
v -0.1127496212720871 0.41194379329681396 3.3947324752807617
v -0.11658711731433868 0.42083513736724854 3.394294261932373
v -0.12628063559532166 0.45153385400772095 3.386949300765991
v -0.1250111609697342 0.45316511392593384 3.389535903930664
v -0.12797459959983826 0.4535534977912903 3.387939214706421
v -0.11546748876571655 0.39186203479766846 3.3873579502105713
v -0.1233413815498352 0.39611589908599854 3.384960174560547
v -0.152051642537117 0.4261884093284607 3.3560168743133545
v -0.13914579153060913 0.4539923667907715 3.3794314861297607
v -0.11965242773294449 0.5626053214073181 3.3473126888275146
v -0.11149761825799942 0.5468827486038208 3.3752799034118652
v -0.1278766244649887 0.5671300292015076 3.3129775524139404
v -0.13419660925865173 0.5615849494934082 3.2820358276367188
v -0.15665499866008759 0.5187057852745056 3.242532253265381
v -0.14035287499427795 0.5292655229568481 3.2344374656677246
v -0.14019684493541718 0.5050827264785767 3.222048044204712
v -0.15571177005767822 0.497106671333313 3.232691526412964
v -0.14336390793323517 0.4313572645187378 3.231088161468506
v -0.11795982718467712 0.36120763421058655 3.2396562099456787
v -0.1165274903178215 0.34449300169944763 3.2356467247009277
v -0.10401882231235504 0.5259895920753479 3.392916679382324
v -0.09654668718576431 0.5054731965065002 3.4020845890045166
v -0.15719129145145416 0.470794677734375 3.357548475265503
v -0.14064821600914001 0.42730939388275146 3.377983331680298
v -0.13582459092140198 0.4198704957962036 3.381725788116455
v -0.13157962262630463 0.43059587478637695 3.386603593826294
v -0.13527828454971313 0.43512481451034546 3.382976531982422
v -0.14474935829639435 0.419447124004364 3.368889093399048
v -0.14801833033561707 0.4125615954399109 3.3562796115875244
v -0.15142716467380524 0.40609413385391235 3.341111660003662
v -0.15026965737342834 0.3965032696723938 3.331237316131592
v -0.17737382650375366 0.509922444820404 3.280531167984009
v -0.18038898706436157 0.49535197019577026 3.295201063156128
v -0.15620015561580658 0.5368900895118713 3.2610015869140625
v -0.1702173799276352 0.5247218012809753 3.2702715396881104
v -0.17997944355010986 0.48400163650512695 3.299654722213745
v -0.13846659660339355 0.5480274558067322 3.2544655799865723
v -0.08254112303256989 0.4028059244155884 3.399538516998291
v -0.08141321688890457 0.40690648555755615 3.3994643688201904
v -0.09040491282939911 0.40263140201568604 3.396618366241455
v -0.08034766465425491 0.3794737160205841 3.395634651184082
v -0.08257962018251419 0.3750120997428894 3.3937735557556152
v -0.0771859809756279 0.37455564737319946 3.3927204608917236
v -0.07574823498725891 0.3792235553264618 3.3962643146514893
v -0.08981416374444962 0.34508514404296875 3.3637032508850098
v -0.1002352386713028 0.34858372807502747 3.362236261367798
v -0.09580665826797485 0.33034729957580566 3.334984302520752
v -0.10686046630144119 0.3324604332447052 3.329832077026367
v -0.08104050904512405 0.41439974308013916 3.404571771621704
v -0.08184640109539032 0.41384053230285645 3.402357578277588
v -0.0798657163977623 0.41418153047561646 3.4022457599639893
v -0.07954325526952744 0.4147636890411377 3.4043970108032227
v -0.09467251598834991 0.38822370767593384 3.391679286956787
v -0.07727763801813126 0.39507484436035156 3.401123523712158
v -0.07745002210140228 0.39147716760635376 3.3993654251098633
v -0.07435876131057739 0.3913576602935791 3.3992207050323486
v -0.07415930926799774 0.39467179775238037 3.400617837905884
v -0.12010876834392548 0.3564152419567108 3.3412864208221436
v -0.11887697130441666 0.3484077751636505 3.328890085220337
v -0.13990606367588043 0.3326997756958008 3.2952187061309814
v -0.14128607511520386 0.3451388478279114 3.2986176013946533
v -0.14471177756786346 0.36514562368392944 3.2866549491882324
v -0.1287156343460083 0.37584930658340454 3.2501277923583984
v -0.1215457171201706 0.3786486089229584 3.243109703063965
v -0.11261913925409317 0.38104599714279175 3.237112522125244
v -0.11866284161806107 0.3976791501045227 3.23659610748291
v -0.10378196835517883 0.3472657799720764 3.3470637798309326
v -0.10548314452171326 0.34174227714538574 3.3368732929229736
v -0.09448716789484024 0.3388407528400421 3.3411755561828613
v -0.09240347892045975 0.34380844235420227 3.350780487060547
v -0.07531803101301193 0.4119536280632019 3.4042775630950928
v -0.07658135890960693 0.4110875129699707 3.4024558067321777
v -0.0744687095284462 0.409013569355011 3.4023444652557373
v -0.07356677949428558 0.41084176301956177 3.405090093612671
v -0.08278834819793701 0.41218215227127075 3.400556802749634
v -0.08074914664030075 0.4095202684402466 3.3995814323425293
v -0.0805615559220314 0.4114379286766052 3.400139808654785
v -0.08326356112957001 0.41302961111068726 3.4022703170776367
v -0.08221199363470078 0.41412580013275146 3.4049718379974365
v -0.07679940015077591 0.4146783947944641 3.4087564945220947
v -0.0756334662437439 0.41469377279281616 3.413648843765259
v -0.07982813566923141 0.4145997166633606 3.40763783454895
v -0.07741706073284149 0.41331273317337036 3.4038829803466797
v -0.07796729356050491 0.4121186137199402 3.4011127948760986
v -0.08012856543064117 0.41307008266448975 3.400787115097046
v -0.08176779747009277 0.4131619334220886 3.40130352973938
v -0.07755988836288452 0.4149397015571594 3.40729022026062
v -0.07954078167676926 0.41481882333755493 3.406339645385742
v -0.07785467058420181 0.43564528226852417 3.4086766242980957
v -0.08696669340133667 0.3291793763637543 3.3369970321655273
v -0.08556365221738815 0.3376789689064026 3.3426456451416016
v -0.09556224942207336 0.3870948553085327 3.389655828475952
v -0.101503886282444 0.46472275257110596 3.398420572280884
v -0.1247834786772728 0.4287315607070923 3.3910536766052246
v -0.1034996435046196 0.4308345317840576 3.3945436477661133
v -0.10466402769088745 0.43674224615097046 3.392599582672119
v -0.11046627163887024 0.43366312980651855 3.393254041671753
v -0.10950782895088196 0.4261108636856079 3.3949644565582275
v -0.09285149723291397 0.46224480867385864 3.3956358432769775
v -0.08808107674121857 0.4574875235557556 3.3934035301208496
v -0.0829608216881752 0.45903676748275757 3.3984739780426025
v -0.08715935051441193 0.45095354318618774 3.3915724754333496
v -0.09014670550823212 0.4461737871170044 3.391362428665161
v -0.08705100417137146 0.4431886672973633 3.395348072052002
v -0.08210323750972748 0.44962507486343384 3.3985707759857178
v -0.12557736039161682 0.456292986869812 3.391080379486084
v -0.12304830551147461 0.4548456072807312 3.3921139240264893
v -0.09233473241329193 0.4388321042060852 3.393549919128418
v -0.09446606040000916 0.4425252676010132 3.3908066749572754
v -0.09929099678993225 0.4397163391113281 3.39205265045166
v -0.09773032367229462 0.4346719980239868 3.393012046813965
v -0.11702069640159607 0.4305015206336975 3.3921711444854736
v -0.13292792439460754 0.4536014795303345 3.3842813968658447
v -0.12872189283370972 0.44257766008377075 3.3843624591827393
v -0.15845632553100586 0.4154047966003418 3.2976512908935547
v -0.1643899530172348 0.426646888256073 3.294431209564209
v -0.15659424662590027 0.4061623811721802 3.315521717071533
v -0.1566394567489624 0.40832632780075073 3.3117265701293945
v -0.15123708546161652 0.4032304286956787 3.311518669128418
v -0.15288108587265015 0.40184205770492554 3.316452980041504
v -0.17548967897891998 0.4572444558143616 3.3088085651397705
v -0.17429570853710175 0.4570937156677246 3.312417984008789
v -0.17503200471401215 0.46364837884902954 3.3142175674438477
v -0.17648100852966309 0.4635450839996338 3.306114912033081
v -0.17297445237636566 0.45854651927948 3.3185698986053467
v -0.1718258261680603 0.4549381732940674 3.318624496459961
v -0.17096179723739624 0.4540742039680481 3.321884870529175
v -0.1726696491241455 0.46139711141586304 3.3214311599731445
v -0.16907934844493866 0.458169162273407 3.328077793121338
v -0.169913649559021 0.4692961573600769 3.332455635070801
v -0.17410095036029816 0.4726637005805969 3.323469400405884
v -0.15889766812324524 0.45370548963546753 3.3492350578308105
v -0.16427718102931976 0.46338075399398804 3.340564012527466
v -0.16465801000595093 0.45249223709106445 3.3318092823028564
v -0.1617690622806549 0.44377684593200684 3.334967851638794
v -0.15529711544513702 0.4112144112586975 3.3279078006744385
v -0.15430112183094025 0.4045964479446411 3.322567939758301
v -0.15376679599285126 0.40737003087997437 3.304908275604248
v -0.16350550949573517 0.4679725170135498 3.2423245906829834
v -0.17094308137893677 0.4605135917663574 3.257765531539917
v -0.17341867089271545 0.4536537528038025 3.27200984954834
v -0.17319485545158386 0.4486016035079956 3.284158229827881
v -0.15487068891525269 0.47681522369384766 3.2291836738586426
v -0.1421058624982834 0.4790809750556946 3.220048189163208
v -0.15786226093769073 0.4369330406188965 3.3469884395599365
v -0.15923532843589783 0.4327954649925232 3.3342742919921875
v -0.16500666737556458 0.44191974401474 3.2559268474578857
v -0.15886269509792328 0.4473835825920105 3.2406771183013916
v -0.16713260114192963 0.43778908252716064 3.2706122398376465
v -0.16828179359436035 0.43604665994644165 3.2830288410186768
v -0.14973586797714233 0.4562939405441284 3.2275476455688477
v -0.13462691009044647 0.45576733350753784 3.2182083129882812
v -0.13002102077007294 0.4331887364387512 3.2227916717529297
v -0.16144241392612457 0.4141998291015625 3.3194332122802734
v -0.16143383085727692 0.4085697531700134 3.3191699981689453
v -0.15803217887878418 0.40745091438293457 3.3195760250091553
v -0.15856245160102844 0.41262567043304443 3.3228840827941895
v -0.15772345662117004 0.42170166969299316 3.3317999839782715
v -0.1548934131860733 0.42220985889434814 3.342738628387451
v -0.07958304136991501 0.4422758221626282 3.4042909145355225
v -0.07571864128112793 0.3541402220726013 3.390029191970825
v -0.07429123669862747 0.3673309087753296 3.3918211460113525
v -0.07732247561216354 0.4025915265083313 3.4004032611846924
v -0.0773560181260109 0.398801326751709 3.401463747024536
v -0.07425804436206818 0.39839792251586914 3.4014475345611572
v -0.07424988597631454 0.4019300937652588 3.4005112648010254
v -0.09666310250759125 0.45933061838150024 3.392212390899658
v -0.12450847774744034 0.4149118661880493 3.2309024333953857
v -0.10890531539916992 0.3636972904205322 3.235114336013794
v -0.10674718022346497 0.3468194901943207 3.2318432331085205
v -0.1276630014181137 0.33284929394721985 3.2381396293640137
v -0.11730252951383591 0.33262908458709717 3.231174945831299
v -0.07417719811201096 0.40563350915908813 3.4007034301757812
v -0.07710077613592148 0.4062315821647644 3.4005045890808105
v -0.07717971503734589 0.4144003391265869 3.405226469039917
v -0.08217918127775192 0.3909115195274353 3.398099660873413
v -0.07810073345899582 0.41101741790771484 3.4012134075164795
v -0.07720637321472168 0.40907931327819824 3.401334762573242
v -0.07233420759439468 0.40864264965057373 3.402789831161499
v -0.07262488454580307 0.4053928852081299 3.4007389545440674
v -0.10532120615243912 0.44245588779449463 3.3919694423675537
v -0.10579927265644073 0.44708961248397827 3.392545700073242
v -0.07532773911952972 0.413412868976593 3.407416343688965
v -0.07367929816246033 0.41234350204467773 3.409550189971924
v -0.12442242354154587 0.3129623830318451 3.3156895637512207
v -0.13551141321659088 0.3168301284313202 3.303797721862793
v -0.07223689556121826 0.39131465554237366 3.398757219314575
v -0.07215113937854767 0.3947766423225403 3.4008989334106445
v -0.16307364404201508 0.4383906126022339 3.3269784450531006
v -0.16545574367046356 0.44544661045074463 3.3256804943084717
v -0.16741570830345154 0.44150251150131226 3.3208577632904053
v -0.16492179036140442 0.4354562759399414 3.3212859630584717
v -0.08797647058963776 0.31965771317481995 3.3330719470977783
v -0.14149287343025208 0.32062485814094543 3.288959264755249
v -0.10614725202322006 0.33358389139175415 3.2258617877960205
v -0.12481759488582611 0.44809114933013916 3.3873045444488525
v -0.12607276439666748 0.44972777366638184 3.386082887649536
v -0.09930524230003357 0.45678722858428955 3.3910341262817383
v -0.08385244756937027 0.3841426372528076 3.3957951068878174
v -0.08250897377729416 0.38774651288986206 3.395007371902466
v -0.08352484554052353 0.34210139513015747 3.3507401943206787
v -0.07188551127910614 0.41040509939193726 3.4058616161346436
v -0.1700170487165451 0.4496091604232788 3.314870834350586
v -0.1692133992910385 0.44594961404800415 3.314805269241333
v -0.1713772714138031 0.44477808475494385 3.316701889038086
v -0.17173375189304352 0.4478510022163391 3.317971706390381
v -0.1725093573331833 0.45032960176467896 3.323014736175537
v -0.1742721050977707 0.4535217881202698 3.3219401836395264
v -0.17545191943645477 0.4502367377281189 3.3203372955322266
v -0.173634871840477 0.4475056529045105 3.319981575012207
v -0.1689462661743164 0.45087218284606934 3.3249170780181885
v -0.1701652556657791 0.44648778438568115 3.3221375942230225
v -0.17723728716373444 0.45484358072280884 3.3212718963623047
v -0.1769816279411316 0.45227986574172974 3.31921124458313
v -0.17331087589263916 0.45614850521087646 3.31606388092041
v -0.1751292496919632 0.4564153552055359 3.319523572921753
v -0.17735664546489716 0.4586111903190613 3.31593656539917
v -0.18042989075183868 0.4562032222747803 3.318263053894043
v -0.18041136860847473 0.4589402675628662 3.310296058654785
v -0.18395370244979858 0.45585185289382935 3.313453435897827
v -0.1813066005706787 0.4560958743095398 3.304739236831665
v -0.1852976530790329 0.45340675115585327 3.307318925857544
v -0.16013666987419128 0.4203001856803894 3.324483633041382
v -0.16051620244979858 0.42203426361083984 3.317629098892212
v -0.18112212419509888 0.45038604736328125 3.300647020339966
v -0.18589180707931519 0.4488155245780945 3.3037405014038086
v -0.18049076199531555 0.4433249831199646 3.2977914810180664
v -0.1849687248468399 0.44225066900253296 3.3007383346557617
v -0.17884096503257751 0.43474966287612915 3.2965924739837646
v -0.18262793123722076 0.4350664019584656 3.2993924617767334
v -0.17645666003227234 0.4275791645050049 3.2985177040100098
v -0.18010646104812622 0.4282987117767334 3.3009531497955322
v -0.17278464138507843 0.4182665944099426 3.3008642196655273
v -0.17667701840400696 0.4212660789489746 3.303499698638916
v -0.18119674921035767 0.4519460201263428 3.307269811630249
v -0.17991580069065094 0.4543362259864807 3.3111817836761475
v -0.17402364313602448 0.45418626070022583 3.3063225746154785
v -0.17810401320457458 0.45465797185897827 3.316523790359497
v -0.1694680154323578 0.44144582748413086 3.3073599338531494
v -0.1684301644563675 0.43947386741638184 3.3069381713867188
v -0.17042776942253113 0.43949371576309204 3.310295581817627
v -0.16873732209205627 0.4421956539154053 3.3086910247802734
v -0.1659952998161316 0.43400251865386963 3.3177053928375244
v -0.16528579592704773 0.4286929965019226 3.316693067550659
v -0.16381841897964478 0.42840123176574707 3.320685863494873
v -0.1631241887807846 0.42508888244628906 3.315049171447754
v -0.1628887951374054 0.42971670627593994 3.3145341873168945
v -0.16288556158542633 0.4266665577888489 3.314377546310425
v -0.16262221336364746 0.4341725707054138 3.315213918685913
v -0.16349931061267853 0.42544078826904297 3.3130385875701904
v -0.16394895315170288 0.4234734773635864 3.3131330013275146
v -0.16262173652648926 0.42634665966033936 3.3116064071655273
v -0.16222187876701355 0.42739176750183105 3.3133490085601807
v -0.16162383556365967 0.4294009208679199 3.3125226497650146
v -0.1624913066625595 0.4326803684234619 3.3107845783233643
v -0.16200077533721924 0.42942172288894653 3.3259236812591553
v -0.1626884639263153 0.42110979557037354 3.303121566772461
v -0.16740632057189941 0.42943769693374634 3.3018136024475098
v -0.17252901196479797 0.4161633849143982 3.308626174926758
v -0.16923870146274567 0.4106764793395996 3.3065786361694336
v -0.16372215747833252 0.40592843294143677 3.3171768188476562
v -0.16635631024837494 0.4059883952140808 3.3120224475860596
v -0.17276769876480103 0.4494059085845947 3.3041024208068848
v -0.17214995622634888 0.44309598207473755 3.3011200428009033
v -0.15896223485469818 0.4144415855407715 3.307965040206909
v -0.17062918841838837 0.43687331676483154 3.3005666732788086
v -0.17491574585437775 0.42491012811660767 3.304727554321289
v -0.17142680287361145 0.4216398596763611 3.308560848236084
v -0.17827099561691284 0.4299967288970947 3.3030576705932617
v -0.16433575749397278 0.4200686812400818 3.3153412342071533
v -0.1681724637746811 0.42000991106033325 3.312472343444824
v -0.16892755031585693 0.41394370794296265 3.312910318374634
v -0.16520334780216217 0.41358059644699097 3.3167285919189453
v -0.1695478856563568 0.4253290295600891 3.3090660572052
v -0.17335811257362366 0.42775851488113403 3.3069534301757812
v -0.16677536070346832 0.42780154943466187 3.307741165161133
v -0.1703408658504486 0.43030184507369995 3.3061673641204834
v -0.16472014784812927 0.426022469997406 3.3105523586273193
v -0.1663431078195572 0.42382943630218506 3.311359167098999
v -0.1635766625404358 0.4299156069755554 3.3063130378723145
v -0.1672648787498474 0.4337794780731201 3.3054990768432617
v -0.16264395415782928 0.42748886346817017 3.309786796569824
v -0.17359189689159393 0.4332212805747986 3.306342840194702
v -0.1709398776292801 0.4365285038948059 3.3066275119781494
v -0.17406588792800903 0.4391966462135315 3.309039831161499
v -0.17618916928768158 0.43680912256240845 3.3076303005218506
v -0.1765090525150299 0.4313564896583557 3.305701971054077
v -0.17901116609573364 0.435798704624176 3.3056795597076416
v -0.1796484738588333 0.4358130693435669 3.301563262939453
v -0.1801428496837616 0.4411278963088989 3.3056983947753906
v -0.18095892667770386 0.44215625524520874 3.3024940490722656
v -0.17824697494506836 0.4406580328941345 3.308054208755493
v -0.1764073371887207 0.4413483738899231 3.310068130493164
v -0.18187269568443298 0.4479641914367676 3.3045175075531006
v -0.18050630390644073 0.4458901882171631 3.3068065643310547
v -0.1800643354654312 0.4495127201080322 3.3090500831604004
v -0.17901113629341125 0.4442770481109619 3.3091959953308105
v -0.1783915013074875 0.4470863342285156 3.3108439445495605
v -0.17749421298503876 0.44360560178756714 3.310548782348633
v -0.17662863433361053 0.44497358798980713 3.311507225036621
v -0.1744171679019928 0.4519570469856262 3.3169026374816895
v -0.17294174432754517 0.4503822326660156 3.3184807300567627
v -0.1763981729745865 0.4525824189186096 3.315215826034546
v -0.1748427450656891 0.45029693841934204 3.3145313262939453
v -0.17384319007396698 0.45145028829574585 3.315272331237793
v -0.17234236001968384 0.4506576657295227 3.315697431564331
v -0.17361053824424744 0.44813013076782227 3.3144962787628174
v -0.17171308398246765 0.44648033380508423 3.3130109310150146
v -0.1035308912396431 0.28418707847595215 3.3217105865478516
v -0.09237664937973022 0.2825563848018646 3.3217592239379883
v -0.09069362282752991 0.29521188139915466 3.3257696628570557
v -0.10121875256299973 0.2970536947250366 3.324568033218384
v -0.17656603455543518 0.44885194301605225 3.312252998352051
v -0.1751495599746704 0.4464753270149231 3.313378095626831
v -0.1782677173614502 0.4517673850059509 3.3115592002868652
v -0.17299753427505493 0.44290393590927124 3.3101401329040527
v -0.1738746166229248 0.44459813833236694 3.3123254776000977
v -0.17511095106601715 0.4428365230560303 3.3113632202148438
v -0.17414818704128265 0.4417549967765808 3.3105311393737793
v -0.16620565950870514 0.4380510449409485 3.317479372024536
v -0.1650112420320511 0.4369519352912903 3.313401460647583
v -0.16566281020641327 0.4349539279937744 3.3090813159942627
v -0.1389756202697754 0.2702147364616394 3.302874803543091
v -0.13425098359584808 0.280659556388855 3.30285382270813
v -0.14971840381622314 0.2872551381587982 3.292782783508301
v -0.15560828149318695 0.27857041358947754 3.292236089706421
v -0.14877277612686157 0.2441166639328003 3.3121497631073
v -0.17216075956821442 0.2524474263191223 3.299543857574463
v -0.16800498962402344 0.22807490825653076 3.312079668045044
v -0.1497960239648819 0.2236548662185669 3.3172295093536377
v -0.16563351452350616 0.20757362246513367 3.3215460777282715
v -0.14984624087810516 0.20439797639846802 3.324618339538574
v -0.16105607151985168 0.15291950106620789 3.347460985183716
v -0.14593636989593506 0.15204447507858276 3.3511993885040283
v -0.1473771035671234 0.16926032304763794 3.3425421714782715
v -0.1625950038433075 0.17043554782867432 3.33902907371521
v -0.17698664963245392 0.07623201608657837 3.366424322128296
v -0.17030538618564606 0.06027798354625702 3.359583616256714
v -0.1573665291070938 0.0633472353219986 3.3657426834106445
v -0.16557437181472778 0.07781846821308136 3.3709709644317627
v -0.21711526811122894 0.1751089096069336 3.3083407878875732
v -0.22129885852336884 0.19148313999176025 3.3045132160186768
v -0.2283499538898468 0.18225303292274475 3.3003413677215576
v -0.22328804433345795 0.16660410165786743 3.3034462928771973
v -0.19198402762413025 0.29116350412368774 3.2632851600646973
v -0.1842036247253418 0.2741644084453583 3.2820188999176025
v -0.17496053874492645 0.2814250588417053 3.2783710956573486
v -0.18299756944179535 0.2971624433994293 3.262583017349243
v -0.21982237696647644 0.09362462162971497 3.3195135593414307
v -0.21532602608203888 0.0816519558429718 3.3263938426971436
v -0.21148668229579926 0.08842676877975464 3.335468053817749
v -0.21474003791809082 0.10022863745689392 3.3302297592163086
v -0.18495681881904602 0.018436500802636147 3.29677414894104
v -0.1869056522846222 0.00029680272564291954 3.2919819355010986
v -0.17204630374908447 -0.0034218342043459415 3.306964874267578
v -0.17086094617843628 0.014789224602282047 3.310981035232544
v -0.21995067596435547 0.05041500926017761 3.240941286087036
v -0.22219863533973694 0.05479925870895386 3.2157747745513916
v -0.22125765681266785 0.04226967692375183 3.210909366607666
v -0.2200375646352768 0.03619162738323212 3.2357611656188965
v -0.1866379678249359 0.15227770805358887 3.337195873260498
v -0.17473375797271729 0.15314629673957825 3.342552661895752
v -0.17640534043312073 0.17020520567893982 3.334235906600952
v -0.1885221153497696 0.16911381483078003 3.3290772438049316
v -0.35418277978897095 0.09600967168807983 3.2763755321502686
v -0.3436749577522278 0.0857328325510025 3.2709836959838867
v -0.32710546255111694 0.10392433404922485 3.2736849784851074
v -0.33743011951446533 0.11442768573760986 3.2785706520080566
v -0.22388263046741486 -0.043328024446964264 3.2148678302764893
v -0.22307753562927246 -0.03525166213512421 3.1924257278442383
v -0.22547343373298645 -0.05164642632007599 3.1905720233917236
v -0.22541630268096924 -0.05867737531661987 3.2133710384368896
v -0.2794255018234253 0.21550524234771729 3.294842481613159
v -0.2698838412761688 0.22796878218650818 3.2958908081054688
v -0.2790409326553345 0.24642428755760193 3.2841763496398926
v -0.28990575671195984 0.23352622985839844 3.284210443496704
v -0.21798695623874664 0.14069756865501404 3.3107643127441406
v -0.21154889464378357 0.14599552750587463 3.318559408187866
v -0.21414892375469208 0.16016024351119995 3.3131744861602783
v -0.22018882632255554 0.15289220213890076 3.3062310218811035
v -0.2308940291404724 0.07998853921890259 3.2181556224823
v -0.23011377453804016 0.07588836550712585 3.2404017448425293
v -0.23331135511398315 0.09182669222354889 3.237541437149048
v -0.23420558869838715 0.09564562141895294 3.2173268795013428
v -0.2257542908191681 0.06201764941215515 3.241270065307617
v -0.22699439525604248 0.06617340445518494 3.2177176475524902
v -0.20517238974571228 0.14901500940322876 3.325143814086914
v -0.19673222303390503 0.15080338716506958 3.331422805786133
v -0.1987714171409607 0.1675441861152649 3.3247900009155273
v -0.2066473364830017 0.16528621315956116 3.3189706802368164
v -0.16332608461380005 0.048503607511520386 3.3475472927093506
v -0.14791527390480042 0.05224807560443878 3.3558461666107178
v -0.21945291757583618 -0.06622740626335144 3.235212802886963
v -0.20843856036663055 -0.07391539216041565 3.2555065155029297
v -0.2074144035577774 -0.06028743088245392 3.256815195083618
v -0.21829421818256378 -0.0520579069852829 3.237555742263794
v -0.15458472073078156 0.02966720052063465 3.3244552612304688
v -0.15720263123512268 0.0406470000743866 3.3334951400756836
v -0.17140880227088928 0.04081428050994873 3.3246500492095947
v -0.1691376119852066 0.030687721446156502 3.3142473697662354
v -0.19389232993125916 -0.08075200766324997 3.272085666656494
v -0.17707844078540802 -0.0873512476682663 3.288247585296631
v -0.17504411935806274 -0.07362864911556244 3.2881720066070557
v -0.19218572974205017 -0.0673917904496193 3.2734649181365967
v -0.16416703164577484 0.18864482641220093 3.3306145668029785
v -0.14881066977977753 0.1867561936378479 3.333916187286377
v -0.19666238129138947 0.07729779183864594 3.3521108627319336
v -0.19290007650852203 0.062346577644348145 3.3448729515075684
v -0.18232575058937073 0.060287877917289734 3.3524839878082275
v -0.18758103251457214 0.07621480524539948 3.3592913150787354
v -0.23109981417655945 0.14639857411384583 3.2804369926452637
v -0.2281070053577423 0.155892014503479 3.293747663497925
v -0.2347910851240158 0.1711069643497467 3.2922027111053467
v -0.23475950956344604 0.15601277351379395 3.2771036624908447
v -0.22810374200344086 -0.06725504994392395 3.1894218921661377
v -0.22802318632602692 -0.07277016341686249 3.212791919708252
v -0.19625256955623627 -0.09369874000549316 3.2735798358917236
v -0.17921338975429535 -0.0998915359377861 3.289731025695801
v -0.2533833086490631 0.1551729440689087 3.2086145877838135
v -0.24741005897521973 0.15213873982429504 3.2103006839752197
v -0.24577806890010834 0.1516427993774414 3.2236826419830322
v -0.25115111470222473 0.15539556741714478 3.2217798233032227
v -0.12737169861793518 0.08049178123474121 3.37239670753479
v -0.1430244892835617 0.08766454458236694 3.375041961669922
v -0.1476777046918869 0.07246288657188416 3.371760129928589
v -0.13432149589061737 0.062267810106277466 3.3649394512176514
v -0.18881313502788544 0.05023178458213806 3.3324005603790283
v -0.18509288132190704 0.042553797364234924 3.3176181316375732
v -0.17691080272197723 0.047865986824035645 3.339642286300659
v -0.1110769659280777 0.07374206185340881 3.366001844406128
v -0.11895646154880524 0.051539480686187744 3.3533217906951904
v -0.13227790594100952 0.18398505449295044 3.3368353843688965
v -0.13111115992069244 0.16774630546569824 3.345762252807617
v -0.1326093226671219 0.2011452615261078 3.3296523094177246
v -0.11571676284074783 0.19804683327674866 3.333444833755493
v -0.11438261717557907 0.21585649251937866 3.3277437686920166
v -0.13151691854000092 0.21947923302650452 3.323247194290161
v -0.11219066381454468 0.23397782444953918 3.3243331909179688
v -0.1292053461074829 0.23797985911369324 3.3190455436706543
v -0.1215861439704895 0.26447921991348267 3.3113489151000977
v -0.1181645393371582 0.27576902508735657 3.3122007846832275
v -0.22534838318824768 0.14421844482421875 3.2971205711364746
v -0.22367247939109802 0.1331309676170349 3.3007407188415527
v -0.2109222412109375 -0.08684805780649185 3.255648136138916
v -0.1963905543088913 0.2507469654083252 3.1640090942382812
v -0.1914685219526291 0.23697435855865479 3.155787944793701
v -0.20857787132263184 0.23597335815429688 3.1639440059661865
v -0.21337240934371948 0.2490936815738678 3.1719095706939697
v -0.20278652012348175 0.28779929876327515 3.2654318809509277
v -0.19760926067829132 0.26980867981910706 3.2836685180664062
v -0.24319452047348022 0.17980653047561646 3.1763484477996826
v -0.23398134112358093 0.17914104461669922 3.1726572513580322
v -0.23440468311309814 0.1697627305984497 3.174706220626831
v -0.24061527848243713 0.17244189977645874 3.1782712936401367
v -0.25428441166877747 0.16077595949172974 3.1912355422973633
v -0.2631821930408478 0.15724307298660278 3.1902689933776855
v -0.26668184995651245 0.16312366724014282 3.187079668045044
v -0.25527676939964294 0.16714012622833252 3.188166856765747
v -0.2195754051208496 -0.044334784150123596 3.1694579124450684
v -0.21596309542655945 -0.027987947687506676 3.1706879138946533
v -0.19958344101905823 0.08352930843830109 3.155195951461792
v -0.21016596257686615 0.07138898968696594 3.173511266708374
v -0.2180359959602356 0.08427777886390686 3.1765425205230713
v -0.2098323404788971 0.09710335731506348 3.1599581241607666
v -0.10002811253070831 0.23031708598136902 3.155045509338379
v -0.09909327328205109 0.2163020372390747 3.1493215560913086
v -0.11745427548885345 0.2207288146018982 3.147523880004883
v -0.11842012405395508 0.2348526120185852 3.1539270877838135
v -0.15897966921329498 0.26086825132369995 3.162646532058716
v -0.16146965324878693 0.272388219833374 3.1704249382019043
v -0.1397526115179062 0.26758360862731934 3.167653799057007
v -0.13838574290275574 0.2552572786808014 3.159909963607788
v -0.17678385972976685 0.24975305795669556 3.157700538635254
v -0.17327041923999786 0.23550361394882202 3.1499500274658203
v -0.23262159526348114 0.10258913040161133 3.19978928565979
v -0.2285795360803604 0.0878022164106369 3.198443651199341
v -0.2366797924041748 0.12648871541023254 3.1990694999694824
v -0.23738253116607666 0.12144032120704651 3.2136926651000977
v -0.23921114206314087 0.13094237446784973 3.213207483291626
v -0.23915007710456848 0.13406169414520264 3.1979312896728516
v -0.17505569756031036 0.3035930395126343 3.2615816593170166
v -0.1745997965335846 0.3138969838619232 3.2421839237213135
v -0.18498797714710236 0.3082449734210968 3.2431118488311768
v -0.13867656886577606 0.305698037147522 3.197352170944214
v -0.1384378969669342 0.3011610209941864 3.1929547786712646
v -0.15222671627998352 0.3046533167362213 3.1984479427337646
v -0.14942584931850433 0.3081752061843872 3.2023496627807617
v -0.1187891960144043 0.1557983160018921 3.1259548664093018
v -0.09883884340524673 0.15421724319458008 3.1249868869781494
v -0.09784727543592453 0.1335824728012085 3.1236331462860107
v -0.11903323233127594 0.13391555845737457 3.125317096710205
v -0.23990994691848755 0.14637747406959534 3.1884684562683105
v -0.24307012557983398 0.15164485573768616 3.189920663833618
v -0.24168242514133453 0.15716975927352905 3.1839547157287598
v -0.237788125872612 0.15333735942840576 3.1819636821746826
v -0.23465824127197266 0.14832115173339844 3.1804347038269043
v -0.23131060600280762 0.14130447804927826 3.1774792671203613
v -0.23447832465171814 0.13315901160240173 3.1877007484436035
v -0.23708806931972504 0.14107295870780945 3.188722848892212
v -0.21792000532150269 0.11009180545806885 3.1657750606536865
v -0.22432385385036469 0.09813828766345978 3.1811838150024414
v -0.2296874225139618 0.11149857938289642 3.184070587158203
v -0.2246149480342865 0.12264341115951538 3.170790433883667
v -0.0941835418343544 0.06736788153648376 3.1280391216278076
v -0.11244403570890427 0.06660193204879761 3.1249938011169434
v -0.11359941959381104 0.08769954741001129 3.1246721744537354
v -0.09465370327234268 0.08839674293994904 3.124580144882202
v -0.255491703748703 0.1565227210521698 3.2468979358673096
v -0.2560676634311676 0.1585477590560913 3.2627055644989014
v -0.2638847529888153 0.1512213945388794 3.259091854095459
v -0.2641434371471405 0.14836525917053223 3.242927312850952
v -0.2861920893192291 0.17375779151916504 3.182529926300049
v -0.29635846614837646 0.169200599193573 3.1833903789520264
v -0.3000556528568268 0.17425665259361267 3.184774160385132
v -0.2899222671985626 0.17967134714126587 3.1837260723114014
v -0.275674968957901 0.13070747256278992 3.225862741470337
v -0.27387315034866333 0.13539521396160126 3.240211248397827
v -0.2854209840297699 0.1190665066242218 3.2383508682250977
v -0.28671884536743164 0.11487455666065216 3.2224175930023193
v -0.2149248868227005 0.2937738001346588 3.240699529647827
v -0.2132933884859085 0.28429511189460754 3.2655673027038574
v -0.20533792674541473 0.29857999086380005 3.242941379547119
v -0.2689150869846344 0.14177024364471436 3.204127073287964
v -0.2792569696903229 0.1305869221687317 3.2012548446655273
v -0.2824712097644806 0.13448059558868408 3.191878318786621
v -0.2708256244659424 0.14530083537101746 3.194833755493164
v -0.36619192361831665 0.10766695439815521 3.274399518966675
v -0.34972622990608215 0.1260240525007248 3.2767350673675537
v -0.30337512493133545 0.09782913327217102 3.2069668769836426
v -0.30935144424438477 0.10072693228721619 3.1961476802825928
v -0.2920786738395691 0.11464729905128479 3.1978821754455566
v -0.28823384642601013 0.11305937170982361 3.20912766456604
v -0.1923452615737915 0.06997033953666687 3.152667284011841
v -0.20511989295482635 0.058844029903411865 3.168717622756958
v -0.19482016563415527 -0.034868016839027405 3.134737730026245
v -0.20911318063735962 -0.0392429381608963 3.14992356300354
v -0.2044191211462021 -0.02062865160405636 3.1521477699279785
v -0.18973058462142944 -0.01502638217061758 3.136664390563965
v -0.22138382494449615 -0.06313607841730118 3.16760516166687
v -0.19766448438167572 -0.055974993854761124 3.133857011795044
v -0.21171845495700836 -0.05837807059288025 3.1493003368377686
v -0.1565699428319931 0.32108157873153687 3.2481470108032227
v -0.14813800156116486 0.3235352635383606 3.2329766750335693
v -0.15467143058776855 0.31957951188087463 3.2273318767547607
v -0.16520464420318604 0.31813815236091614 3.2435789108276367
v -0.25699397921562195 -0.17283354699611664 3.1666016578674316
v -0.25751835107803345 -0.20087529718875885 3.1623921394348145
v -0.26214247941970825 -0.19735850393772125 3.189410448074341
v -0.26004689931869507 -0.1721593290567398 3.1947643756866455
v -0.12372852861881256 0.31432944536209106 3.207798719406128
v -0.14045870304107666 0.3168695271015167 3.2156267166137695
v -0.13555952906608582 0.3217061758041382 3.2227320671081543
v -0.12051477283239365 0.31902962923049927 3.2158262729644775
v -0.25736624002456665 -0.14841577410697937 3.196195602416992
v -0.25462600588798523 -0.1473557949066162 3.1689021587371826
v -0.1579095870256424 0.3121255934238434 3.2650632858276367
v -0.1667253077030182 0.30817508697509766 3.2628889083862305
v -0.1604122668504715 0.29604512453079224 3.2776284217834473
v -0.15254268050193787 0.302505224943161 3.280609369277954
v -0.1434253603219986 0.29615676403045654 3.2950220108032227
v -0.2599554657936096 -0.1972762495279312 3.2210404872894287
v -0.2557218074798584 -0.17443063855171204 3.2219040393829346
v -0.14122143387794495 0.3267356753349304 3.24003267288208
v -0.13071377575397491 0.32576656341552734 3.229524612426758
v -0.11860884726047516 0.32515761256217957 3.223252773284912
v -0.10611599683761597 0.3248482048511505 3.2197349071502686
v -0.22851501405239105 -0.07960494607686996 3.1662278175354004
v -0.23403525352478027 -0.08271453529596329 3.1893343925476074
v -0.20811665058135986 -0.3186017870903015 3.1149380207061768
v -0.17961633205413818 -0.3232935070991516 3.1060004234313965
v -0.17808707058429718 -0.3373437225818634 3.1215672492980957
v -0.21199536323547363 -0.33432692289352417 3.1306512355804443
v -0.10566411167383194 -0.3113328814506531 3.0963706970214844
v -0.10189250856637955 -0.3253912627696991 3.1169369220733643
v -0.14086417853832245 -0.333892285823822 3.1177852153778076
v -0.14514653384685516 -0.32103803753852844 3.0996525287628174
v -0.11457866430282593 -0.18322476744651794 3.068572759628296
v -0.14519555866718292 -0.18386639654636383 3.0695879459381104
v -0.14551714062690735 -0.16043621301651 3.0750300884246826
v -0.11555171012878418 -0.15953311324119568 3.073394298553467
v -0.20412641763687134 -0.07497776299715042 3.130563259124756
v -0.2184470295906067 -0.07644489407539368 3.147012710571289
v -0.232634037733078 -0.08693310618400574 3.212972402572632
v -0.26971620321273804 -0.3090038299560547 3.271456480026245
v -0.27761930227279663 -0.31911978125572205 3.2315495014190674
v -0.274666428565979 -0.35105815529823303 3.243398904800415
v -0.2689104974269867 -0.3415027856826782 3.28082013130188
v -0.24077995121479034 -0.37202203273773193 3.182121992111206
v -0.24309976398944855 -0.34534943103790283 3.1628434658050537
v -0.2097194790840149 -0.3555612564086914 3.14825439453125
v -0.20809897780418396 -0.37840259075164795 3.167206048965454
v -0.16081994771957397 -0.10525437444448471 3.3043577671051025
v -0.18062913417816162 -0.11219698190689087 3.2919039726257324
v -0.16221366822719574 -0.1181488037109375 3.307711601257324
v -0.10351485013961792 -0.11456689983606339 3.3298399448394775
v -0.12447986006736755 -0.1127174124121666 3.3243541717529297
v -0.1231406182050705 -0.12583668529987335 3.328772783279419
v -0.10211832076311111 -0.12760624289512634 3.334930181503296
v -0.10325709730386734 -0.21547763049602509 3.320774555206299
v -0.08780094981193542 -0.2166895568370819 3.3244478702545166
v -0.09092546254396439 -0.19753871858119965 3.3289570808410645
v -0.107843317091465 -0.19457092881202698 3.322291612625122
v -0.2458721399307251 -0.17667211592197418 3.2459633350372314
v -0.22714988887310028 -0.17721334099769592 3.2664456367492676
v -0.2261446714401245 -0.16298577189445496 3.266599655151367
v -0.24250465631484985 -0.15929177403450012 3.2442760467529297
v -0.10016322880983353 -0.33200928568840027 3.1398656368255615
v -0.1347530484199524 -0.34508344531059265 3.1399972438812256
v -0.2508050203323364 -0.33063602447509766 3.316359281539917
v -0.24922658503055573 -0.2981487214565277 3.302898645401001
v -0.22107195854187012 -0.3227253258228302 3.345489740371704
v -0.18536946177482605 -0.31994113326072693 3.3559556007385254
v -0.18467019498348236 -0.2907661199569702 3.343331813812256
v -0.22008264064788818 -0.2920416295528412 3.3312082290649414
v -0.08619818091392517 -0.27638474106788635 3.2705063819885254
v -0.09827370941638947 -0.2554015815258026 3.289684534072876
v -0.10340932756662369 -0.26497599482536316 3.2927958965301514
v -0.0887245163321495 -0.2850258946418762 3.275557041168213
v -0.1091962605714798 -0.2752232253551483 3.075117826461792
v -0.10837914794683456 -0.2942659556865692 3.0843844413757324
v -0.14371483027935028 -0.3022966980934143 3.0845558643341064
v -0.14322786033153534 -0.28028127551078796 3.074911117553711
v -0.18143518269062042 -0.05416752025485039 3.122551918029785
v -0.18737637996673584 -0.07504373043775558 3.1178061962127686
v -0.16366000473499298 -0.05283389613032341 3.1146936416625977
v -0.17819665372371674 -0.03128591179847717 3.1234726905822754
v -0.16013886034488678 -0.02840566448867321 3.1168954372406006
v -0.15869756042957306 0.09323492646217346 3.1306822299957275
v -0.1766628921031952 0.08116281032562256 3.138951063156128
v -0.18487317860126495 0.09603197872638702 3.1413159370422363
v -0.1677468866109848 0.11064352095127106 3.1316261291503906
v -0.1360723376274109 0.22733387351036072 3.1449830532073975
v -0.1371811181306839 0.24196535348892212 3.1521949768066406
v -0.16871631145477295 -0.3754763901233673 3.1574761867523193
v -0.12384563684463501 -0.36098670959472656 3.161994695663452
v -0.1403259038925171 -0.3948213458061218 3.1804678440093994
v -0.17686855792999268 -0.40121784806251526 3.1778006553649902
v -0.23855453729629517 -0.3980567157268524 3.199796676635742
v -0.2599415183067322 -0.39013659954071045 3.2217459678649902
v -0.2645714581012726 -0.3616148829460144 3.209470510482788
v -0.2709121108055115 -0.3811442255973816 3.259246826171875
v -0.26637664437294006 -0.3705957531929016 3.2966957092285156
v -0.22108040750026703 -0.35283294320106506 3.3581149578094482
v -0.18441380560398102 -0.3510841131210327 3.366529703140259
v -0.10063646733760834 -0.3402581214904785 3.3146398067474365
v -0.12076830863952637 -0.33217155933380127 3.3378567695617676
v -0.1220962256193161 -0.3588482737541199 3.341480016708374
v -0.10298808664083481 -0.36579692363739014 3.315829277038574
v -0.14272750914096832 -0.2077794224023819 3.2996366024017334
v -0.1775638610124588 -0.19169452786445618 3.289459228515625
v -0.17773225903511047 -0.20781712234020233 3.2945704460144043
v -0.14863362908363342 -0.222977876663208 3.3011481761932373
v -0.10727810859680176 -0.10282552987337112 3.326082706451416
v -0.12393447756767273 -0.10025370866060257 3.321475028991699
v -0.14228875935077667 -0.10950686037540436 3.315934181213379
v -0.141034796833992 -0.09726765006780624 3.3136003017425537
v -0.1591193825006485 -0.09296739846467972 3.3023080825805664
v -0.11756755411624908 -0.03318983316421509 3.3383843898773193
v -0.1380670815706253 -0.030876150354743004 3.329845666885376
v -0.13714699447155 -0.05067749321460724 3.325000286102295
v -0.11714217066764832 -0.05302949994802475 3.333329439163208
v -0.11826968193054199 -0.010637923143804073 3.342076539993286
v -0.13876979053020477 -0.00876977201551199 3.33311128616333
v -0.11717011779546738 0.03332298994064331 3.3401193618774414
v -0.13984733819961548 0.04305577278137207 3.343231678009033
v -0.13738586008548737 0.03053620643913746 3.333125114440918
v -0.11562807112932205 0.18025875091552734 3.3398587703704834
v -0.11458706855773926 0.1639370620250702 3.34738826751709
v -0.25050100684165955 -0.19566665589809418 3.245784282684326
v -0.09728984534740448 -0.3589562773704529 3.191622495651245
v -0.08750325441360474 -0.35707888007164 3.222315788269043
v -0.09484530985355377 -0.38427257537841797 3.225154399871826
v -0.11043739318847656 -0.3891453146934509 3.1972877979278564
v -0.25299400091171265 -0.1535862386226654 3.2217860221862793
v -0.2217329889535904 -0.07947927713394165 3.235280752182007
v -0.22603997588157654 -0.09282425045967102 3.2364938259124756
v -0.2112358659505844 0.04743392765522003 3.271231174468994
v -0.2116161435842514 0.031072648242115974 3.260830879211426
v -0.15591484308242798 0.09260693192481995 3.3732123374938965
v -0.15648384392261505 0.08109802007675171 3.3725221157073975
v -0.26815128326416016 -0.33102738857269287 3.1939187049865723
v -0.2193218469619751 -0.38291019201278687 3.366658926010132
v -0.21710938215255737 -0.4124224781990051 3.3743255138397217
v -0.1836925745010376 -0.4124220609664917 3.3802757263183594
v -0.18477682769298553 -0.38164985179901123 3.37343430519104
v -0.100269615650177 -0.4019330143928528 3.291684150695801
v -0.1078300029039383 -0.3945726752281189 3.3194081783294678
v -0.11351189762353897 -0.42402219772338867 3.324674129486084
v -0.10849741101264954 -0.43131452798843384 3.297430992126465
v -0.11569830775260925 -0.4604412913322449 3.3057260513305664
v -0.11963731050491333 -0.45383158326148987 3.3316595554351807
v -0.12420044839382172 -0.48336300253868103 3.33823823928833
v -0.12161455303430557 -0.48782670497894287 3.3140499591827393
v -0.2494020164012909 -0.36127084493637085 3.333616018295288
v -0.2587008476257324 -0.42601484060287476 3.3220701217651367
v -0.24429650604724884 -0.41816917061805725 3.353027105331421
v -0.24595753848552704 -0.3905547261238098 3.3444786071777344
v -0.26245713233947754 -0.3983606994152069 3.310800313949585
v -0.21044513583183289 -0.4031078517436981 3.186694860458374
v -0.09329003840684891 -0.37334495782852173 3.2883832454681396
v -0.08918148279190063 -0.3485848009586334 3.28912353515625
v -0.11845479905605316 -0.445493221282959 3.250579833984375
v -0.13572958111763 -0.4510482847690582 3.229810953140259
v -0.12450091540813446 -0.4219696521759033 3.214038372039795
v -0.10664406418800354 -0.4155849814414978 3.238388776779175
v -0.24054531753063202 -0.44674816727638245 3.2363524436950684
v -0.2576712369918823 -0.43993282318115234 3.2603626251220703
v -0.2582133710384369 -0.4153454005718231 3.243354558944702
v -0.23924553394317627 -0.42257267236709595 3.2201876640319824
v -0.2671254277229309 -0.4067906141281128 3.276371479034424
v -0.26367098093032837 -0.4329480528831482 3.2895355224609375
v -0.25373291969299316 -0.4800529479980469 3.347932815551758
v -0.23760394752025604 -0.4754931330680847 3.375087022781372
v -0.2416301965713501 -0.44626104831695557 3.3624422550201416
v -0.25582781434059143 -0.4531613290309906 3.334505081176758
v -0.25992491841316223 -0.48423469066619873 3.316955089569092
v -0.26138341426849365 -0.4589494466781616 3.302602529525757
v -0.2569131851196289 -0.4642733335494995 3.2738420963287354
v -0.2562669813632965 -0.48807963728904724 3.289315938949585
v -0.24189895391464233 -0.4916281998157501 3.267071008682251
v -0.24166326224803925 -0.4697813391685486 3.250835418701172
v -0.22019103169441223 -0.4743804931640625 3.2349202632904053
v -0.22247685492038727 -0.4950978755950928 3.2516942024230957
v -0.19424837827682495 -0.4770931899547577 3.2284433841705322
v -0.16830603778362274 -0.4772954285144806 3.2308053970336914
v -0.17536599934101105 -0.49827420711517334 3.2464046478271484
v -0.19920921325683594 -0.49751776456832886 3.2455546855926514
v -0.13618798553943634 -0.49636924266815186 3.2701380252838135
v -0.15316550433635712 -0.49819162487983704 3.254164457321167
v -0.14479030668735504 -0.4760885536670685 3.241225481033325
v -0.12815286219120026 -0.47259241342544556 3.2605369091033936
v -0.16274605691432953 -0.5698152780532837 3.300896644592285
v -0.18123289942741394 -0.565236508846283 3.2980237007141113
v -0.17445474863052368 -0.5505833029747009 3.291513681411743
v -0.15532903373241425 -0.5543763041496277 3.297724723815918
v -0.19870908558368683 -0.5618656873703003 3.293987274169922
v -0.21715831756591797 -0.5602306723594666 3.2940711975097656
v -0.21166419982910156 -0.5461167693138123 3.290179491043091
v -0.19372180104255676 -0.5481854677200317 3.2936007976531982
v -0.2434588074684143 -0.5474051833152771 3.310051918029785
v -0.2294432520866394 -0.5456534624099731 3.2957000732421875
v -0.2340945303440094 -0.5609183311462402 3.300307035446167
v -0.2473050355911255 -0.5646222829818726 3.31439471244812
v -0.2593112587928772 -0.5695933103561401 3.3330116271972656
v -0.2576359808444977 -0.5500471591949463 3.3284192085266113
v -0.25970640778541565 -0.5763379335403442 3.3547754287719727
v -0.26110607385635376 -0.554374098777771 3.352806806564331
v -0.24802061915397644 -0.5582252740859985 3.376788377761841
v -0.24673119187355042 -0.5832123756408691 3.3772201538085938
v -0.13320589065551758 -0.5604357719421387 3.3474950790405273
v -0.13869744539260864 -0.5824293494224548 3.345741033554077
v -0.13734890520572662 -0.5780360102653503 3.3272528648376465
v -0.13096095621585846 -0.5581768751144409 3.3283748626708984
v -0.16067911684513092 -0.5631566047668457 3.388036012649536
v -0.17811527848243713 -0.562009334564209 3.4057538509368896
v -0.1803739219903946 -0.5897287726402283 3.398829460144043
v -0.16404683887958527 -0.588600218296051 3.378621816635132
v -0.259248822927475 -0.5082913637161255 3.3309342861175537
v -0.25193196535110474 -0.506417453289032 3.3603506088256836
v -0.24120056629180908 -0.5116347670555115 3.285254955291748
v -0.25527331233024597 -0.5098255276679993 3.304511785507202
v -0.14333337545394897 -0.5175639390945435 3.280437469482422
v -0.16127799451351166 -0.5178212523460388 3.2684531211853027
v -0.1286013424396515 -0.5110293030738831 3.3447086811065674
v -0.12612232565879822 -0.5134313106536865 3.3211419582366943
v -0.20656463503837585 -0.5318514108657837 3.40848970413208
v -0.20767101645469666 -0.5020491480827332 3.3994572162628174
v -0.23498617112636566 -0.5037450194358826 3.3864786624908447
v -0.23226819932460785 -0.5325874090194702 3.395519256591797
v -0.25993260741233826 -0.5315404534339905 3.3439314365386963
v -0.25590085983276367 -0.5301579236984253 3.31905198097229
v -0.2416074275970459 -0.5299572348594666 3.3001396656036377
v -0.22659406065940857 -0.5302678346633911 3.2848703861236572
v -0.20771214365959167 -0.5314890742301941 3.2790191173553467
v -0.1880057454109192 -0.5328149199485779 3.278249740600586
v -0.16793181002140045 -0.5351428985595703 3.2803704738616943
v -0.14924532175064087 -0.5366427302360535 3.289016008377075
v -0.12830941379070282 -0.5370754599571228 3.3252320289611816
v -0.1311432123184204 -0.5370966792106628 3.3485639095306396
v -0.20603926479816437 -0.5889366865158081 3.4043679237365723
v -0.20594944059848785 -0.5622543692588806 3.4126298427581787
v -0.23096305131912231 -0.5606440901756287 3.398355722427368
v -0.23113718628883362 -0.5869950652122498 3.3955910205841064
v -0.207503080368042 -0.6127005815505981 3.392666816711426
v -0.1858033835887909 -0.612298309803009 3.3865208625793457
v -0.20427308976650238 -0.5770679712295532 3.2925288677215576
v -0.22094987332820892 -0.5755289196968079 3.2926201820373535
v -0.23771882057189941 -0.577864944934845 3.298880100250244
v -0.2616220712661743 -0.5889732837677002 3.3294296264648438
v -0.258455753326416 -0.5991267561912537 3.3517720699310303
v -0.24529772996902466 -0.6084532141685486 3.372356653213501
v -0.22927093505859375 -0.6094581484794617 3.3875086307525635
v -0.15402543544769287 -0.6154777407646179 3.313159465789795
v -0.14716015756130219 -0.5963752269744873 3.3242039680480957
v -0.14768244326114655 -0.601678192615509 3.340158700942993
v -0.15537483990192413 -0.6228687763214111 3.3300058841705322
v -0.17229770123958588 -0.6029701828956604 3.2886123657226562
v -0.1882205307483673 -0.5966039299964905 3.280035972595215
v -0.1873077154159546 -0.581498920917511 3.2978947162628174
v -0.17101523280143738 -0.5862213373184204 3.30247163772583
v -0.2091526836156845 -0.5922621488571167 3.2759549617767334
v -0.22812971472740173 -0.5917152762413025 3.278068780899048
v -0.2454003542661667 -0.5935958027839661 3.2853128910064697
v -0.26456376910209656 -0.6098794341087341 3.319328784942627
v -0.2540505826473236 -0.5806440711021423 3.31081223487854
v -0.25955572724342346 -0.5997176766395569 3.2998483180999756
v -0.2588486075401306 -0.6239147782325745 3.344902515411377
v -0.23949436843395233 -0.6620280146598816 3.349036693572998
v -0.23699870705604553 -0.6350715756416321 3.362180233001709
v -0.26121699810028076 -0.6501191258430481 3.3326914310455322
v -0.21716848015785217 -0.7477498650550842 3.3017890453338623
v -0.24207866191864014 -0.7446687817573547 3.302213191986084
v -0.23999124765396118 -0.7738463282585144 3.283930778503418
v -0.21826782822608948 -0.7775510549545288 3.2840161323547363
v -0.15874552726745605 -0.6457670331001282 3.3152520656585693
v -0.1563071459531784 -0.6378738284111023 3.2971324920654297
v -0.1730482429265976 -0.6220852732658386 3.2673380374908447
v -0.19116948544979095 -0.6151013970375061 3.258296012878418
v -0.27157413959503174 -0.6605378985404968 3.2928571701049805
v -0.2681604325771332 -0.6345486044883728 3.3078255653381348
v -0.26369547843933105 -0.6228190660476685 3.286778688430786
v -0.26636210083961487 -0.6480737328529358 3.2708582878112793
v -0.1612137258052826 -0.7276114821434021 3.266563653945923
v -0.15866316854953766 -0.7194546461105347 3.2481701374053955
v -0.15534009039402008 -0.6902560591697693 3.263117790222168
v -0.15826749801635742 -0.6990089416503906 3.282075881958008
v -0.19019335508346558 -0.6404173374176025 3.2413034439086914
v -0.172210693359375 -0.6472417116165161 3.2499728202819824
v -0.17320546507835388 -0.6749832630157471 3.234747886657715
v -0.19085243344306946 -0.6683277487754822 3.2255609035491943
v -0.27038612961769104 -0.7206824421882629 3.2635929584503174
v -0.27258631587028503 -0.6891055107116699 3.2777934074401855
v -0.267996609210968 -0.6771072745323181 3.2562029361724854
v -0.2665705680847168 -0.7095229029655457 3.2424075603485107
v -0.24171856045722961 -0.6885064244270325 3.334779977798462
v -0.26410388946533203 -0.676004946231842 3.317667245864868
v -0.26469361782073975 -0.703278124332428 3.302154779434204
v -0.24352602660655975 -0.7160628437995911 3.3184566497802734
v -0.21390318870544434 -0.6915380358695984 3.3347220420837402
v -0.21630173921585083 -0.7189271450042725 3.319068193435669
v -0.1730078160762787 -0.7860978841781616 3.2231693267822266
v -0.16538579761981964 -0.7521817684173584 3.2361958026885986
v -0.16754794120788574 -0.7607704401016235 3.250885248184204
v -0.17569002509117126 -0.7942846417427063 3.235985040664673
v -0.19394242763519287 -0.6998811364173889 3.2126808166503906
v -0.17673633992671967 -0.7049643397331238 3.2204041481018066
v -0.18167677521705627 -0.7400083541870117 3.211611032485962
v -0.19746814668178558 -0.7355093955993652 3.20417857170105
v -0.2611435353755951 -0.7893381714820862 3.2335312366485596
v -0.266497403383255 -0.7541937232017517 3.2486276626586914
v -0.26194900274276733 -0.7447765469551086 3.229140520095825
v -0.25633734464645386 -0.7806529998779297 3.215674638748169
v -0.23792265355587006 -0.8061501979827881 3.2638931274414062
v -0.259663462638855 -0.7653710246086121 3.2713887691497803
v -0.25588154792785645 -0.7990513443946838 3.2524187564849854
v -0.23495835065841675 -0.8388776183128357 3.2475733757019043
v -0.2184339463710785 -0.8410431742668152 3.2478015422821045
v -0.21802109479904175 -0.8089832663536072 3.264296531677246
v -0.1830427050590515 -0.8257942199707031 3.2211978435516357
v -0.17895859479904175 -0.8189517855644226 3.208754539489746
v -0.1889510601758957 -0.8091921806335449 3.1904170513153076
v -0.2013692557811737 -0.8040939569473267 3.1840295791625977
v -0.2004055380821228 -0.7700251936912537 3.1946372985839844
v -0.18664085865020752 -0.7749900817871094 3.20125675201416
v -0.2342453896999359 -0.7718220353126526 3.193812370300293
v -0.21745765209197998 -0.7691564559936523 3.191845178604126
v -0.21710935235023499 -0.8034255504608154 3.181674003601074
v -0.23220764100551605 -0.8060464262962341 3.18345046043396
v -0.24984699487686157 -0.8139187097549438 3.2045018672943115
v -0.24726243317127228 -0.7748041152954102 3.2025396823883057
v -0.24268946051597595 -0.8087639212608337 3.1904563903808594
v -0.2553241550922394 -0.8212011456489563 3.219433307647705
v -0.25163760781288147 -0.8317857384681702 3.2375991344451904
v -0.08383451402187347 -0.3255724608898163 3.2032382488250732
v -0.08144842088222504 -0.3253380358219147 3.2362260818481445
v -0.08399292081594467 -0.33778488636016846 3.2284257411956787
v -0.09013788402080536 -0.3357166647911072 3.1940724849700928
v -0.12906914949417114 -0.4189746677875519 3.3510804176330566
v -0.12561580538749695 -0.38740625977516174 3.3459253311157227
v -0.1359996348619461 -0.4792996346950531 3.362125873565674
v -0.13319961726665497 -0.44970938563346863 3.357952356338501
v -0.13900353014469147 -0.508622407913208 3.3673160076141357
v -0.1417376697063446 -0.5364555716514587 3.370004653930664
v -0.14340586960315704 -0.5629491209983826 3.3690879344940186
v -0.14811190962791443 -0.5861837267875671 3.363034248352051
v -0.15703865885734558 -0.6084717512130737 3.3557159900665283
v -0.16375300288200378 -0.6311060190200806 3.345381021499634
v -0.16890862584114075 -0.6799140572547913 3.3170807361602783
v -0.1581287384033203 -0.6716476082801819 3.29829740524292
v -0.16782361268997192 -0.6545742154121399 3.3317692279815674
v -0.17294548451900482 -0.7370339632034302 3.2851803302764893
v -0.17023803293704987 -0.7074235677719116 3.3018181324005127
v -0.17819510400295258 -0.769980788230896 3.2675907611846924
v -0.18472981452941895 -0.8027162551879883 3.249361515045166
v -0.19168643653392792 -0.8332347869873047 3.234030246734619
v -0.1519385278224945 -0.2729268968105316 3.3323171138763428
v -0.12288754433393478 -0.28625816106796265 3.326478958129883
v -0.1249697282910347 -0.2692442238330841 3.3193869590759277
v -0.15310300886631012 -0.25298646092414856 3.321631669998169
v -0.07978334277868271 -0.2949180603027344 3.2479522228240967
v -0.08191213011741638 -0.2883700132369995 3.2584540843963623
v -0.08385823667049408 -0.29504209756851196 3.261312484741211
v -0.08114835619926453 -0.300996333360672 3.2488412857055664
v -0.2505943775177002 -0.5328590869903564 3.3715577125549316
v -0.22433146834373474 -0.5136223435401917 3.2700140476226807
v -0.20365995168685913 -0.515338122844696 3.263279676437378
v -0.18216688930988312 -0.5166479349136353 3.2637932300567627
v -0.1574493646621704 -0.5361937880516052 3.3915555477142334
v -0.15573959052562714 -0.5059735774993896 3.3859615325927734
v -0.1784040629863739 -0.5031603574752808 3.3990743160247803
v -0.17750975489616394 -0.5330047011375427 3.405726909637451
v -0.2111818939447403 -0.667951226234436 3.3482794761657715
v -0.1890367865562439 -0.6875828504562378 3.328319787979126
v -0.18639948964118958 -0.662865936756134 3.3427462577819824
v -0.20979195833206177 -0.6463672518730164 3.362349510192871
v -0.23264262080192566 -0.6115500330924988 3.260725498199463
v -0.25063180923461914 -0.6146302223205566 3.269864559173584
v -0.2125871628522873 -0.6359243988990784 3.239067554473877
v -0.23424571752548218 -0.6357211470603943 3.24277663230896
v -0.21280734241008759 -0.6115072965621948 3.256819009780884
v -0.15478236973285675 -0.4468536078929901 3.3781774044036865
v -0.18209169805049896 -0.4429764747619629 3.387030839920044
v -0.1799589991569519 -0.4731754958629608 3.392030715942383
v -0.15424112975597382 -0.47580039501190186 3.3808538913726807
v -0.19808179140090942 -0.00393450865522027 3.1555678844451904
v -0.18433688580989838 0.004995064344257116 3.1412253379821777
v -0.2096027433872223 0.0628700852394104 3.3180651664733887
v -0.20948120951652527 0.05555301904678345 3.2979209423065186
v -0.1977449357509613 0.04736652970314026 3.3083388805389404
v -0.19958087801933289 0.05502232909202576 3.324903726577759
v -0.21802577376365662 0.06578348577022552 3.2922234535217285
v -0.21692796051502228 0.0728033185005188 3.312694787979126
v -0.22218725085258484 0.08523817360401154 3.3061275482177734
v -0.22417938709259033 0.07794734835624695 3.2873263359069824
v -0.23309780657291412 0.14271360635757446 3.263171672821045
v -0.23591648042201996 0.15106233954429626 3.2590811252593994
v -0.1180393397808075 0.012389891780912876 3.3422110080718994
v -0.09615082293748856 0.010850870050489902 3.346078395843506
v -0.09594373404979706 0.03175066411495209 3.343702554702759
v -0.1430550068616867 -0.12276063114404678 3.3194451332092285
v -0.15030457079410553 -0.18434035778045654 3.302243709564209
v -0.11963997781276703 -0.21264488995075226 3.3118467330932617
v -0.12715594470500946 -0.18903930485248566 3.31278920173645
v -0.0822732225060463 -0.2609977126121521 3.2892966270446777
v -0.13164107501506805 0.062446415424346924 3.1260862350463867
v -0.1334071308374405 0.08327794075012207 3.127138376235962
v -0.11962368339300156 0.24924138188362122 3.1603353023529053
v -0.10107945650815964 0.24486160278320312 3.1622934341430664
v -0.12040941417217255 0.2717355787754059 3.172921657562256
v -0.12033810466527939 0.2816510796546936 3.1788926124572754
v -0.10179675370454788 0.2775953412055969 3.179107427597046
v -0.1016722172498703 0.2678598165512085 3.173764705657959
v -0.10509197413921356 0.3180757462978363 3.211199998855591
v -0.10536260902881622 0.31103742122650146 3.204127788543701
v -0.07920262962579727 -0.3053286075592041 3.2328450679779053
v -0.08091471344232559 -0.30733373761177063 3.247856378555298
v -0.07963679730892181 -0.3107682168483734 3.2252049446105957
v -0.10014679282903671 -0.3181249499320984 3.3146800994873047
v -0.08775009214878082 -0.3281308710575104 3.292121648788452
v -0.0880599096417427 -0.312532514333725 3.292518138885498
v -0.10070478171110153 -0.3004683256149292 3.3141660690307617
v -0.26783305406570435 -0.27688172459602356 3.2613980770111084
v -0.2780812680721283 -0.2854544222354889 3.2231223583221436
v -0.17271509766578674 -0.3546835482120514 3.1401472091674805
v -0.34735581278800964 0.06950695812702179 3.1966938972473145
v -0.3574308156967163 0.07472574710845947 3.190048933029175
v -0.3375985324382782 0.09116166830062866 3.1887407302856445
v -0.32762837409973145 0.08536891639232635 3.196256637573242
v -0.14101864397525787 0.15647903084754944 3.1258394718170166
v -0.1466982215642929 0.13020513951778412 3.126662015914917
v -0.1673392504453659 0.2896559238433838 3.277585983276367
v -0.23372286558151245 0.276947021484375 3.2693989276885986
v -0.22855672240257263 0.2621300518512726 3.288546085357666
v -0.2193315476179123 0.2647428512573242 3.2858428955078125
v -0.22355201840400696 0.2807124853134155 3.2670700550079346
v -0.2301872968673706 0.2588532269001007 3.188943386077881
v -0.23244035243988037 0.2700071334838867 3.2028276920318604
v -0.22082623839378357 0.2740476727485657 3.197234630584717
v -0.2175453007221222 0.2620173692703247 3.1826696395874023
v -0.11296312510967255 -0.2066153883934021 3.0657386779785156
v -0.14422595500946045 -0.20714110136032104 3.064950704574585
v -0.11408941447734833 0.0005893646739423275 3.1171352863311768
v -0.13413624465465546 -0.0027114511467516422 3.1159048080444336
v -0.1317446380853653 0.019085170701146126 3.1201136112213135
v -0.11265813559293747 0.023062827065587044 3.1215827465057373
v -0.16993820667266846 0.14167021214962006 3.129956007003784
v -0.18343426287174225 0.12384447455406189 3.135874032974243
v -0.10935811698436737 0.09615814685821533 3.370037794113159
v -0.11032428592443466 0.11531555652618408 3.3667702674865723
v -0.12707628309726715 0.11797776818275452 3.3678722381591797
v -0.12643492221832275 0.10003596544265747 3.3728766441345215
v -0.33400416374206543 0.13268771767616272 3.185058355331421
v -0.31088775396347046 0.14108507335186005 3.183424949645996
v -0.30710649490356445 0.12946659326553345 3.1845242977142334
v -0.32822883129119873 0.11628314852714539 3.1838085651397705
v -0.2686215341091156 -0.2951844334602356 3.170474052429199
v -0.24324174225330353 -0.3198411762714386 3.145350217819214
v -0.21251441538333893 0.021325992420315742 3.1786298751831055
v -0.2004835307598114 0.03052312321960926 3.158782482147217
v -0.1976376175880432 0.01353053841739893 3.1574485301971436
v -0.20967726409435272 0.004741483833640814 3.1760730743408203
v -0.2182750701904297 0.06204831600189209 3.1935276985168457
v -0.2152351588010788 0.049811720848083496 3.1887173652648926
v -0.22409284114837646 0.07401087880134583 3.1963818073272705
v -0.2470652461051941 0.1584063172340393 3.1918978691101074
v -0.24767491221427917 0.15437009930610657 3.199064254760742
v -0.2534506022930145 0.15654602646827698 3.198756217956543
v -0.12138166278600693 -0.30749115347862244 3.3319649696350098
v -0.12458828091621399 -0.2429448366165161 3.302107572555542
v -0.11804649978876114 -0.23406901955604553 3.3003032207489014
v -0.07834241539239883 -0.2983211874961853 3.2353551387786865
v -0.1457403004169464 0.3104483485221863 3.2846622467041016
v -0.13849952816963196 0.30594828724861145 3.298956871032715
v -0.26757827401161194 0.1416005790233612 3.216365098953247
v -0.2773343026638031 0.1289065033197403 3.2119407653808594
v -0.24137404561042786 0.13874360918998718 3.2126054763793945
v -0.23928740620613098 0.1380184441804886 3.227719783782959
v -0.2422505021095276 0.1445305049419403 3.2251038551330566
v -0.24391353130340576 0.14464500546455383 3.210472345352173
v -0.24396765232086182 0.14689764380455017 3.198535919189453
v -0.24143092334270477 0.14178821444511414 3.199166774749756
v -0.2095751315355301 0.18120095133781433 3.313159227371216
v -0.2003503441810608 0.1851038932800293 3.318676710128784
v -0.20288793742656708 0.20243969559669495 3.3126935958862305
v -0.21263083815574646 0.198529452085495 3.3091177940368652
v -0.19037437438964844 0.18720078468322754 3.3227343559265137
v -0.1781146228313446 0.18831121921539307 3.3261804580688477
v -0.18014751374721527 0.20782750844955444 3.3184285163879395
v -0.19265960156917572 0.20635053515434265 3.3155059814453125
v -0.16247153282165527 0.268653005361557 3.295243740081787
v -0.14442138373851776 0.2601282298564911 3.3077869415283203
v -0.12570156157016754 0.25336650013923645 3.3152878284454346
v -0.1099046915769577 0.24853837490081787 3.3212413787841797
v -0.1052197813987732 0.3030458986759186 3.1961677074432373
v -0.10336777567863464 0.29524874687194824 3.189314603805542
v -0.1225520670413971 0.29870155453681946 3.1900742053985596
v -0.12703363597393036 0.3074783384799957 3.1983885765075684
v -0.1302061825990677 0.29159849882125854 3.306128740310669
v -0.11607605218887329 0.28719818592071533 3.3155248165130615
v -0.10510039329528809 0.2718125581741333 3.3184053897857666
v -0.378238320350647 0.11609351634979248 3.2653229236602783
v -0.3621155023574829 0.13386625051498413 3.2668039798736572
v -0.14773520827293396 0.3241870701313019 3.254333734512329
v -0.14891555905342102 0.3173038959503174 3.2701985836029053
v -0.37114715576171875 0.13982801139354706 3.252152919769287
v -0.3874208331108093 0.12161517143249512 3.2510125637054443
v -0.2031649649143219 0.24621981382369995 3.2982187271118164
v -0.20897094905376434 0.266940176486969 3.284193992614746
v -0.21352292597293854 0.24348124861717224 3.296811819076538
v -0.12728062272071838 0.3023805618286133 3.311008930206299
v -0.11416281014680862 0.2985827624797821 3.319439172744751
v -0.2715545892715454 -0.25126829743385315 3.2126758098602295
v -0.26027172803878784 -0.24379372596740723 3.245889663696289
v -0.21609804034233093 -0.03736758977174759 3.2402193546295166
v -0.22089719772338867 -0.028397833928465843 3.217693328857422
v -0.0959864929318428 -0.03480450063943863 3.3415236473083496
v -0.09584400057792664 -0.054299257695674896 3.3369598388671875
v -0.0892091691493988 0.3079284131526947 3.3290858268737793
v -0.12040471285581589 -0.08590181171894073 3.322490930557251
v -0.09976761043071747 -0.08935292810201645 3.327024221420288
v -0.09713596850633621 -0.07137306779623032 3.331787347793579
v -0.11807526648044586 -0.07046764343976974 3.327641487121582
v -0.09403575211763382 -0.10682684928178787 3.3277788162231445
v -0.0931977853178978 -0.11257178336381912 3.3295624256134033
v -0.09653041511774063 -0.23002034425735474 3.3142271041870117
v -0.08548851311206818 -0.2310686707496643 3.317068576812744
v -0.29741281270980835 0.1614970862865448 3.2872002124786377
v -0.28683486580848694 0.1744154691696167 3.289778470993042
v -0.2972486615180969 0.19011956453323364 3.290382146835327
v -0.3090817928314209 0.17581194639205933 3.286876678466797
v -0.13891644775867462 -0.08282390981912613 3.3155629634857178
v -0.15731410682201385 -0.07878449559211731 3.3035168647766113
v -0.22904635965824127 0.13591936230659485 3.283730983734131
v -0.23183369636535645 0.1322423219680786 3.2670645713806152
v -0.09634275734424591 0.050264835357666016 3.3508806228637695
v -0.14248426258563995 0.10391566157341003 3.3730390071868896
v -0.14348100125789642 0.11966374516487122 3.3672237396240234
v -0.15832874178886414 0.12135827541351318 3.3645803928375244
v -0.15733319520950317 0.10671177506446838 3.3711206912994385
v -0.07836060225963593 -0.30375197529792786 3.2310404777526855
v -0.31413519382476807 0.2036135196685791 3.2040631771087646
v -0.30380815267562866 0.2121172845363617 3.201049566268921
v -0.30109989643096924 0.2036830484867096 3.1942572593688965
v -0.3120270371437073 0.19612419605255127 3.197269916534424
v -0.08337126672267914 -0.33575350046157837 3.2623720169067383
v -0.08604291081428528 -0.35480257868766785 3.2590582370758057
v -0.0956764742732048 -0.3308255672454834 3.1634278297424316
v -0.08284872025251389 -0.32192718982696533 3.176356554031372
v -0.15056733787059784 -0.3545311987400055 3.359127998352051
v -0.1508350670337677 -0.32410338521003723 3.3517274856567383
v -0.15016134083271027 -0.38544392585754395 3.365227699279785
v -0.15224739909172058 -0.41655388474464417 3.3718459606170654
v -0.17118440568447113 -0.6120163798332214 3.368765115737915
v -0.18305149674415588 -0.6377319097518921 3.3598337173461914
v -0.19169065356254578 -0.7147088646888733 3.312121629714966
v -0.19406142830848694 -0.7439150214195251 3.295210361480713
v -0.1974632740020752 -0.775420606136322 3.277456760406494
v -0.20050960779190063 -0.8076552152633667 3.2576820850372314
v -0.2038629949092865 -0.8386178612709045 3.242410659790039
v -0.392980694770813 0.12263190746307373 3.2351953983306885
v -0.37568989396095276 0.14274275302886963 3.2349207401275635
v -0.3771757483482361 0.1375720053911209 3.2193222045898438
v -0.3947794735431671 0.11794206500053406 3.2212533950805664
v -0.2998161315917969 0.09788493812084198 3.220320224761963
v -0.2988188862800598 0.10116654634475708 3.2363016605377197
v -0.31436172127723694 0.08448228240013123 3.23478627204895
v -0.3159419894218445 0.08250382542610168 3.219693899154663
v -0.33357658982276917 0.06608939170837402 3.218515396118164
v -0.3393350839614868 0.06675614416599274 3.2063379287719727
v -0.3201296329498291 0.08290359377861023 3.2061264514923096
v -0.36829036474227905 0.08404098451137543 3.188039779663086
v -0.3781767785549164 0.09441132843494415 3.190157175064087
v -0.357953816652298 0.11249594390392303 3.1873972415924072
v -0.34884732961654663 0.10016077756881714 3.185800075531006
v -0.3924991488456726 0.11143031716346741 3.2075133323669434
v -0.37512731552124023 0.12955564260482788 3.20611834526062
v -0.36851930618286133 0.12146688997745514 3.1949446201324463
v -0.3868701457977295 0.10300798714160919 3.1970136165618896
v -0.33588165044784546 0.07703462243080139 3.2607674598693848
v -0.33132946491241455 0.07070387899875641 3.2475357055664062
v -0.3157651424407959 0.08902785181999207 3.2500009536743164
v -0.3198120892047882 0.09528876841068268 3.2633540630340576
v -0.3090852200984955 0.20569482445716858 3.2817647457122803
v -0.32089030742645264 0.1887882649898529 3.277907371520996
v -0.2413232922554016 0.16296252608299255 3.271331310272217
v -0.24438904225826263 0.17138823866844177 3.2850167751312256
v -0.2515627443790436 0.16837245225906372 3.280634880065918
v -0.24809789657592773 0.16359132528305054 3.266399383544922
v -0.33392423391342163 0.1438012719154358 3.2798211574554443
v -0.3205835521221161 0.1603255271911621 3.2832865715026855
v -0.33303898572921753 0.1712600588798523 3.2736732959747314
v -0.34697219729423523 0.15189465880393982 3.269178867340088
v -0.30309590697288513 0.11180230975151062 3.26603364944458
v -0.2995634078979492 0.10572934150695801 3.2523298263549805
v -0.285150408744812 0.12366437911987305 3.255070686340332
v -0.2880997061729431 0.12842151522636414 3.2698428630828857
v -0.31786614656448364 0.10609430074691772 3.188220262527466
v -0.2986215054988861 0.12010273337364197 3.1893975734710693
v -0.2768937647342682 0.15961259603500366 3.2833242416381836
v -0.28655198216438293 0.14753875136375427 3.281156539916992
v -0.22797268629074097 0.1249127984046936 3.2875967025756836
v -0.23595017194747925 0.11888368427753448 3.231811285018921
v -0.23733767867088318 0.1293220967054367 3.230543375015259
v -0.20184630155563354 0.06641948223114014 3.3382644653320312
v -0.20367085933685303 0.07902935147285461 3.344646453857422
v -0.2274090051651001 0.07512909173965454 3.2641448974609375
v -0.23129786550998688 0.09045347571372986 3.260014533996582
v -0.20915928483009338 0.07250979542732239 3.3320653438568115
v -0.2082996815443039 0.08019709587097168 3.33797025680542
v -0.15587112307548523 0.012866326607763767 3.3241100311279297
v -0.10690474510192871 0.260394424200058 3.3180432319641113
v -0.3081182539463043 0.1473255753517151 3.2837259769439697
v -0.2965902090072632 0.13665840029716492 3.27872896194458
v -0.29358524084091187 0.14968150854110718 3.183544158935547
v -0.2788800597190857 0.15722239017486572 3.184738874435425
v -0.2742162048816681 0.15107250213623047 3.1881651878356934
v -0.28861579298973083 0.1415972113609314 3.186558246612549
v -0.20134541392326355 0.16140055656433105 3.144547939300537
v -0.18748852610588074 0.15148842334747314 3.1364927291870117
v -0.19796839356422424 0.135809063911438 3.142889976501465
v -0.20936967432498932 0.1476687788963318 3.150740623474121
v -0.32069140672683716 0.21093961596488953 3.2188198566436768
v -0.3259522318840027 0.21002542972564697 3.229844093322754
v -0.3147232234477997 0.2246476411819458 3.2305710315704346
v -0.310488760471344 0.2222437858581543 3.2174839973449707
v -0.3177799582481384 0.22396355867385864 3.2466824054718018
v -0.3303406536579132 0.20590516924858093 3.243350028991699
v -0.3292084336280823 0.19891607761383057 3.2611114978790283
v -0.31688040494918823 0.217598557472229 3.2650434970855713
v -0.2591197192668915 -0.22927802801132202 3.1573641300201416
v -0.26651516556739807 -0.2243296205997467 3.188575506210327
v -0.21411415934562683 -0.09981898963451385 3.25691294670105
v -0.1982809454202652 -0.10624764114618301 3.2750775814056396
v -0.1787070333957672 -0.17697779834270477 3.2963271141052246
v -0.10275088250637054 -0.2754412293434143 3.302022933959961
v -0.08788249641656876 -0.2933651804924011 3.2841947078704834
v -0.09105602651834488 -0.37993693351745605 3.2587711811065674
v -0.26534759998321533 -0.22100070118904114 3.2167694568634033
v -0.09998089075088501 -0.4089409112930298 3.2658071517944336
v -0.10999733954668045 -0.43849337100982666 3.274411916732788
v -0.1610550433397293 -0.45400160551071167 3.215670585632324
v -0.18923373520374298 -0.45453941822052 3.213142156600952
v -0.1837473213672638 -0.42909568548202515 3.1963417530059814
v -0.1523817479610443 -0.42689675092697144 3.1990740299224854
v -0.21707196533679962 -0.45179879665374756 3.2199766635894775
v -0.21384119987487793 -0.42726564407348633 3.203697919845581
v -0.21044395864009857 -0.4720122814178467 3.3900654315948486
v -0.2128223478794098 -0.6646823287010193 3.2226202487945557
v -0.23535838723182678 -0.698544442653656 3.2140231132507324
v -0.2354840338230133 -0.6639238595962524 3.2265372276306152
v -0.2145550549030304 -0.6976073980331421 3.2101221084594727
v -0.2541884183883667 -0.6686261296272278 3.238377094268799
v -0.25340718030929565 -0.6390275359153748 3.253345251083374
v -0.262594610452652 -0.733518123626709 3.2879440784454346
v -0.21652933955192566 -0.7330639362335205 3.2004878520965576
v -0.23599311709403992 -0.7338213920593262 3.2026026248931885
v -0.2545081675052643 -0.7015072107315063 3.225165367126465
v -0.25158920884132385 -0.7374071478843689 3.212888240814209
v -0.08280231058597565 -0.3214413523674011 3.265050172805786
v -0.24693426489830017 -0.2686455249786377 3.294583797454834
v -0.2419910728931427 -0.24160072207450867 3.2868897914886475
v -0.18061463534832 -0.22472089529037476 3.3065481185913086
v -0.15186338126659393 -0.23739215731620789 3.311929941177368
v -0.17340077459812164 -0.05948072671890259 3.291640520095825
v -0.1905718296766281 -0.053569160401821136 3.2768850326538086
v -0.18786033987998962 -0.018322264775633812 3.2859373092651367
v -0.202214315533638 -0.012108168564736843 3.2694895267486572
v -0.20349042117595673 -0.029634689912199974 3.2639384269714355
v -0.1892031580209732 -0.03698067367076874 3.280806303024292
v -0.21929462254047394 0.0035697980783879757 3.225790500640869
v -0.21917219460010529 0.012310423888266087 3.2012228965759277
v -0.21748656034469604 -0.004046297166496515 3.1980507373809814
v -0.21928764879703522 -0.012362203560769558 3.221853017807007
v -0.21964752674102783 -0.019276758655905724 3.1945676803588867
v -0.21076259016990662 -0.01198387797921896 3.1731374263763428
v -0.14953088760375977 0.03589168190956116 3.126450777053833
v -0.16715647280216217 0.029443057253956795 3.1330153942108154
v -0.16828656196594238 0.04876859486103058 3.134075880050659
v -0.15039750933647156 0.05624164640903473 3.12911319732666
v -0.10827021300792694 -0.22924356162548065 3.3071587085723877
v -0.08292516320943832 -0.30265119671821594 3.266145706176758
v -0.15132249891757965 -0.2969018518924713 3.342080593109131
v -0.1844703108072281 -0.26466286182403564 3.3307323455810547
v -0.21762454509735107 -0.263688862323761 3.3170132637023926
v -0.26608067750930786 0.14399579167366028 3.228940010070801
v -0.22701489925384521 0.1767643690109253 3.168403148651123
v -0.22886641323566437 0.16609406471252441 3.1700799465179443
v -0.34191930294036865 0.18837997317314148 3.241711139678955
v -0.341009259223938 0.18092364072799683 3.257652997970581
v -0.2767624258995056 0.14185640215873718 3.2728259563446045
v -0.28779271245002747 0.2025706171989441 3.2933409214019775
v -0.2775256335735321 0.18496087193489075 3.2919528484344482
v -0.2686328589916229 0.1963147521018982 3.295964479446411
v -0.20435617864131927 -0.18387602269649506 3.2837603092193604
v -0.23135341703891754 -0.19551268219947815 3.2708284854888916
v -0.20655083656311035 -0.20042626559734344 3.2877206802368164
v -0.07998339086771011 -0.31699827313423157 3.192915439605713
v -0.1258615106344223 -0.2551467716693878 3.3113484382629395
v -0.11804728209972382 -0.46675676107406616 3.283499240875244
v -0.12509267032146454 -0.49268656969070435 3.291799545288086
v -0.13040249049663544 -0.5159659385681152 3.2981443405151367
v -0.13499054312705994 -0.5372849702835083 3.30629301071167
v -0.13925690948963165 -0.5565597414970398 3.309986114501953
v -0.1464635580778122 -0.5746833086013794 3.3108270168304443
v -0.1558573842048645 -0.5921055674552917 3.3109214305877686
v -0.1615748554468155 -0.6096758842468262 3.299924850463867
v -0.15544526278972626 -0.6627476811408997 3.278594732284546
v -0.16069968044757843 -0.6548530459403992 3.262871742248535
v -0.16153228282928467 -0.6305128335952759 3.2815897464752197
v -0.16139817237854004 -0.6821356415748596 3.2468421459198
v -0.16375039517879486 -0.7126109004020691 3.233215808868408
v -0.17103013396263123 -0.745289146900177 3.221261978149414
v -0.17731162905693054 -0.7788423299789429 3.209136962890625
v -0.18154817819595337 -0.8131362199783325 3.1982953548431396
v -0.07838624715805054 -0.30472201108932495 3.2163164615631104
v -0.07924427837133408 -0.31087473034858704 3.206226110458374
v -0.1907351166009903 0.2490423619747162 3.2985920906066895
v -0.23591427505016327 0.14019685983657837 3.2456600666046143
v -0.23834647238254547 0.1475752294063568 3.2417123317718506
v -0.26789072155952454 0.1521618366241455 3.274869203567505
v -0.35822540521621704 0.14613673090934753 3.203209161758423
v -0.36049872636795044 0.15555745363235474 3.215593099594116
v -0.2732234597206116 0.13965612649917603 3.257809638977051
v -0.24065952003002167 0.15721610188484192 3.2538793087005615
v -0.24654996395111084 0.16050106287002563 3.2505009174346924
v -0.4552675187587738 0.041107192635536194 3.339775562286377
v -0.46789419651031494 0.04056277871131897 3.334920883178711
v -0.47097283601760864 0.03138697147369385 3.3528213500976562
v -0.4587451219558716 0.031221287325024605 3.3571362495422363
v -0.44306015968322754 0.036173999309539795 3.342643976211548
v -0.44738611578941345 0.026350902393460274 3.358980655670166
v -0.4301619529724121 -0.019690876826643944 3.3232383728027344
v -0.42455995082855225 -0.0082821911200881 3.3286795616149902
v -0.43388256430625916 -0.015843985602259636 3.3444886207580566
v -0.4401959478855133 -0.026332912966609 3.339796781539917
v -0.4438936412334442 0.007802085485309362 3.3726718425750732
v -0.4397444725036621 -0.002184479031711817 3.36934232711792
v -0.43268153071403503 0.006892965640872717 3.3538875579833984
v -0.4383942782878876 0.017673688009381294 3.35718035697937
v -0.4545968174934387 -0.028546815738081932 3.312788724899292
v -0.4669661521911621 -0.023446639999747276 3.3099873065948486
v -0.45739132165908813 -0.019637612625956535 3.292041301727295
v -0.4444231390953064 -0.023695988580584526 3.295570135116577
v -0.3925163447856903 0.014108524657785892 3.2580902576446533
v -0.3967079222202301 0.0017609535716474056 3.2533576488494873
v -0.38821113109588623 0.009178043343126774 3.243534803390503
v -0.3853560984134674 0.021486850455403328 3.248835802078247
v -0.4488825798034668 0.061023637652397156 3.305040121078491
v -0.46034514904022217 0.057649195194244385 3.2971737384796143
v -0.4640249013900757 0.049835383892059326 3.316208839416504
v -0.45169711112976074 0.05150845646858215 3.3229434490203857
v -0.4134996235370636 0.035463228821754456 3.3043320178985596
v -0.40806645154953003 0.021659018471837044 3.299070119857788
v -0.4030400514602661 0.03133632242679596 3.280848264694214
v -0.4099777638912201 0.0448249876499176 3.2848544120788574
v -0.44664523005485535 0.06937997043132782 3.285527229309082
v -0.4566781222820282 0.06424596905708313 3.2779784202575684
v -0.42588192224502563 0.01645672507584095 3.338136911392212
v -0.42313534021377563 0.0038942634128034115 3.332900047302246
v -0.41506779193878174 0.012947500683367252 3.3164265155792236
v -0.4193425178527832 0.02602112479507923 3.3219993114471436
v -0.4719894826412201 -0.036292366683483124 3.3481132984161377
v -0.4825444519519806 -0.03076859377324581 3.3457581996917725
v -0.4753095507621765 -0.02736802212893963 3.3271825313568115
v -0.4638517498970032 -0.03251173347234726 3.3298935890197754
v -0.4398661255836487 -0.012502438388764858 3.3650898933410645
v -0.4430524408817291 -0.022782867774367332 3.3610026836395264
v -0.4315759539604187 -0.004513828549534082 3.3490853309631348
v -0.492241770029068 0.012354002334177494 3.3590002059936523
v -0.48457902669906616 0.019171835854649544 3.3652446269989014
v -0.4811611473560333 0.02734115906059742 3.346090316772461
v -0.48897162079811096 0.019255610182881355 3.3400094509124756
v -0.410759836435318 -0.003647549543529749 3.2894256114959717
v -0.4072965383529663 0.008659631945192814 3.2942094802856445
v -0.4152723252773285 -0.0002822638489305973 3.311103582382202
v -0.4203263521194458 -0.011948018334805965 3.306356430053711
v -0.4345226585865021 0.05811914801597595 3.3087399005889893
v -0.4383392333984375 0.04710519313812256 3.3256325721740723
v -0.4855708181858063 0.02462184615433216 3.319709300994873
v -0.47768768668174744 0.035274893045425415 3.327265501022339
v -0.4734680652618408 0.042476266622543335 3.308382511138916
v -0.4795677363872528 0.03135085105895996 3.3008646965026855
v -0.4734993875026703 0.020281406119465828 3.275794267654419
v -0.4667164385318756 0.005352930631488562 3.273444652557373
v -0.4754176735877991 0.0025315149687230587 3.291545867919922
v -0.4806458353996277 0.01698927767574787 3.295182228088379
v -0.4010395407676697 0.004924112465232611 3.2721197605133057
v -0.4077754318714142 -0.006793199572712183 3.267754554748535
v -0.43323221802711487 -0.019012464210391045 3.2796993255615234
v -0.44661766290664673 -0.01590622030198574 3.275136709213257
v -0.4350557029247284 -0.011606021784245968 3.2575979232788086
v -0.42057615518569946 -0.013357146643102169 3.261611223220825
v -0.4171631336212158 0.0702628493309021 3.2613818645477295
v -0.4316416382789612 0.07633475959300995 3.2582225799560547
v -0.43234962224960327 0.07294879853725433 3.271157741546631
v -0.4191063642501831 0.06515191495418549 3.2715137004852295
v -0.4447004795074463 0.0747496634721756 3.26669979095459
v -0.4426683485507965 0.07779251039028168 3.2514760494232178
v -0.44071313738822937 0.07564359903335571 3.2267239093780518
v -0.43891116976737976 0.06747624278068542 3.2182388305664062
v -0.4449520409107208 0.0620722621679306 3.224217414855957
v -0.4468501806259155 0.07234695553779602 3.232433319091797
v -0.4569832980632782 0.023441271856427193 3.237781047821045
v -0.4456166625022888 0.010399923659861088 3.2353971004486084
v -0.4568611681461334 0.007839740253984928 3.2545132637023926
v -0.4662086069583893 0.022034646943211555 3.2565195560455322
v -0.422294944524765 0.0040979846380651 3.221910238265991
v -0.4102032482624054 -0.0016940743662416935 3.2283544540405273
v -0.42233502864837646 -0.006970411632210016 3.2403740882873535
v -0.434795081615448 -0.0003651515580713749 3.2359201908111572
v -0.3736335337162018 0.03700895607471466 3.205044746398926
v -0.3663251996040344 0.03459158539772034 3.214545965194702
v -0.37795335054397583 0.02275906689465046 3.2144534587860107
v -0.38670268654823303 0.025481196120381355 3.2067527770996094
v -0.36860954761505127 0.029582219198346138 3.237569570541382
v -0.35928645730018616 0.04015730321407318 3.240604877471924
v -0.3625149726867676 0.046109944581985474 3.252122640609741
v -0.3713640868663788 0.037430018186569214 3.248774528503418
v -0.4078834056854248 0.08474871516227722 3.258258581161499
v -0.4181724786758423 0.09112733602523804 3.2473130226135254
v -0.4255310893058777 0.08469262719154358 3.247270107269287
v -0.41398710012435913 0.0783710926771164 3.2551026344299316
v -0.4474412798881531 0.02486497350037098 3.221930742263794
v -0.4337417483329773 0.013434887863695621 3.2188780307769775
v -0.37554100155830383 0.02198551781475544 3.2366247177124023
v -0.3762827515602112 0.03159722685813904 3.246058702468872
v -0.3805188536643982 0.02637130208313465 3.245957851409912
v -0.3812008798122406 0.015834616497159004 3.238295555114746
v -0.39228758215904236 0.05262511968612671 3.257537603378296
v -0.40265408158302307 0.06483010947704315 3.2568743228912354
v -0.4043068587779999 0.062151432037353516 3.2563769817352295
v -0.39428672194480896 0.05002850294113159 3.2545669078826904
v -0.4156807065010071 0.07488870620727539 3.2552871704101562
v -0.4286820590496063 0.08004909753799438 3.2464160919189453
v -0.42940372228622437 0.07911299169063568 3.250840663909912
v -0.41594934463500977 0.07289858162403107 3.2554421424865723
v -0.440154105424881 0.030050428584218025 3.2127902507781982
v -0.44448405504226685 0.04072423279285431 3.217578411102295
v -0.43755173683166504 0.0438239723443985 3.210397243499756
v -0.43232619762420654 0.03368400037288666 3.2055232524871826
v -0.40980979800224304 0.00923019740730524 3.2145683765411377
v -0.3987087905406952 0.003995777573436499 3.2208805084228516
v -0.39698851108551025 0.047111183404922485 3.2573142051696777
v -0.38850900530815125 0.03356155753135681 3.2544960975646973
v -0.3850930333137512 0.03810583055019379 3.2525875568389893
v -0.4400641918182373 0.0794723778963089 3.241854667663574
v -0.3819378614425659 0.04115442931652069 3.198782444000244
v -0.39090365171432495 0.0473400354385376 3.193661689758301
v -0.3761640191078186 0.05939064919948578 3.192242383956909
v -0.36718374490737915 0.05310624837875366 3.1980433464050293
v -0.359264612197876 0.04934883117675781 3.2060165405273438
v -0.35242098569869995 0.04769742488861084 3.216309070587158
v -0.34721794724464417 0.05306601524353027 3.2437710762023926
v -0.3512195944786072 0.059369638562202454 3.2572011947631836
v -0.3589620888233185 0.06778338551521301 3.2675459384918213
v -0.36904555559158325 0.07809391617774963 3.2731192111968994
v -0.38161706924438477 0.06547555327415466 3.26889705657959
v -0.3704841732978821 0.05527563393115997 3.262239694595337
v -0.3939267694950104 0.09848438203334808 3.2618327140808105
v -0.4038998782634735 0.104220911860466 3.2489442825317383
v -0.4233623147010803 0.09200918674468994 3.234896421432495
v -0.4098156690597534 0.10463081300258636 3.2348363399505615
v -0.3796854317188263 0.014979691244661808 3.2260143756866455
v -0.3712225556373596 0.024085702374577522 3.2255899906158447
v -0.4869040548801422 0.012645022012293339 3.314647674560547
v -0.4831562638282776 -0.0011783228255808353 3.3100829124450684
v -0.4894363284111023 -0.005237220320850611 3.3297348022460938
v -0.49142295122146606 0.008119494654238224 3.3339993953704834
v -0.4898616373538971 -0.02096417360007763 3.346893072128296
v -0.4838277995586395 -0.01739281229674816 3.327735185623169
v -0.4326111078262329 0.027819963172078133 3.3414721488952637
v -0.4271637797355652 0.03785547614097595 3.325587272644043
v -0.45162683725357056 0.01632501371204853 3.3747568130493164
v -0.40640658140182495 0.05886511504650116 3.260028839111328
v -0.4082185924053192 0.05377134680747986 3.2689361572265625
v -0.43433743715286255 0.05827049911022186 3.2106728553771973
v -0.4310077428817749 0.07390758395195007 3.2149412631988525
v -0.42648404836654663 0.06537377834320068 3.2060177326202393
v -0.4520321786403656 0.03982192277908325 3.228282928466797
v -0.4600662291049957 0.04000818729400635 3.2433457374572754
v -0.45609915256500244 0.055976465344429016 3.250580310821533
v -0.4494975805282593 0.05528128147125244 3.2331185340881348
v -0.4234548807144165 0.039082109928131104 3.2002434730529785
v -0.4300568699836731 0.04906424880027771 3.203882932662964
v -0.42096787691116333 0.05651748180389404 3.199437379837036
v -0.4131724238395691 0.046742215752601624 3.1952946186065674
v -0.39439287781715393 0.07537329196929932 3.2665321826934814
v -0.4008457660675049 0.06812724471092224 3.261054039001465
v -0.40881896018981934 0.09408146142959595 3.209331750869751
v -0.4210774898529053 0.08273917436599731 3.212608814239502
v -0.42404377460479736 0.08809816837310791 3.2226645946502686
v -0.41186320781707764 0.09961292147636414 3.2215538024902344
v -0.4332008361816406 0.08111892640590668 3.2240753173828125
v -0.40333694219589233 0.08708599209785461 3.19994854927063
v -0.41620635986328125 0.07513265311717987 3.20273756980896
v -0.38135695457458496 0.08925309777259827 3.2716224193573
v -0.40074318647384644 0.05659790337085724 3.1922073364257812
v -0.40962305665016174 0.06631320714950562 3.1959216594696045
v -0.3957260847091675 0.07839152216911316 3.1929948329925537
v -0.3862209916114807 0.068577840924263 3.1902475357055664
v -0.47630584239959717 -0.013656391762197018 3.3090434074401855
v -0.4676721692085266 -0.00987876858562231 3.2908570766448975
v -0.39713847637176514 -1.5510722732869908e-05 3.2354001998901367
v -0.40791481733322144 -0.006636923644691706 3.246189594268799
v -0.388112872838974 0.007371233310550451 3.229091167449951
v -0.44124072790145874 -0.027206292375922203 3.317333936691284
v -0.4511406421661377 -0.032514117658138275 3.334933280944824
v -0.4196930229663849 -0.014062284491956234 3.2844746112823486
v -0.43072110414505005 -0.021130217239260674 3.30118727684021
v -0.4743192195892334 0.03567785024642944 3.2809765338897705
v -0.4074595272541046 0.021839158609509468 3.2041847705841064
v -0.3982328176498413 0.016225935891270638 3.209111213684082
v -0.4193403720855713 0.015846075490117073 3.209620475769043
v -0.3477950692176819 0.04991038143634796 3.2304818630218506
v -0.36098796129226685 0.03588475286960602 3.2274255752563477
v -0.43368732929229736 0.021434979513287544 3.210789680480957
v -0.3307194709777832 0.06648075580596924 3.231928586959839
v -0.4497906565666199 0.07093378901481628 3.2425427436828613
v -0.4376637935638428 0.08097493648529053 3.237346887588501
v -0.431850790977478 0.0849924087524414 3.2355141639709473
v -0.4732835292816162 0.022938059642910957 3.371312379837036
v -0.42230382561683655 0.048144325613975525 3.3082873821258545
v -0.39948588609695435 0.040194422006607056 3.2650022506713867
v -0.39327719807624817 0.02710832841694355 3.2620556354522705
v -0.41554272174835205 0.029419245198369026 3.2001538276672363
v -0.4041872024536133 0.03717564046382904 3.196192979812622
v -0.3953234553337097 0.030554236844182014 3.200542449951172
v -0.38916605710983276 0.05697640776634216 3.2637698650360107
v -0.37842071056365967 0.046604469418525696 3.2576425075531006
v -0.46015140414237976 -0.03717657923698425 3.351710319519043
v -0.3830956816673279 0.04078853130340576 3.2542619705200195
v -0.4541589915752411 0.06720580160617828 3.2571074962615967
v -0.10111012309789658 0.2565447688102722 3.1682310104370117
v -0.22117453813552856 0.06139378249645233 3.2676467895507812
v -0.1829121708869934 0.03383001685142517 3.303408622741699
v -0.19633007049560547 0.03939688205718994 3.2896862030029297
v -0.23370851576328278 0.11849752068519592 3.2522666454315186
v -0.23455604910850525 0.1302938014268875 3.2484779357910156
v -0.24261926114559174 0.15419113636016846 3.2397806644439697
v -0.24784377217292786 0.15776246786117554 3.2362220287323
v -0.22835364937782288 0.09208177030086517 3.281738758087158
v -0.17606131732463837 0.46017104387283325 3.300339937210083
v -0.17443110048770905 0.45372700691223145 3.2961246967315674
v -0.1789618730545044 0.47335225343704224 3.3033618927001953
v -0.09117697924375534 -0.09948671609163284 3.3268587589263916
v -0.17000074684619904 0.44476765394210815 3.3095412254333496
v -0.16819407045841217 0.4382377862930298 3.305260419845581
v -0.1723753809928894 0.4410396218299866 3.30854868888855
v -0.16922037303447723 0.4457123279571533 3.311614751815796
v -0.16924065351486206 0.4464859366416931 3.3116462230682373
v -0.17719458043575287 0.4742010831832886 3.313730001449585
v -0.17179082334041595 0.4459652900695801 3.2938356399536133
v -0.16900016367435455 0.43721723556518555 3.293416976928711
v -0.17347241938114166 0.4595460295677185 3.3166840076446533
v -0.12919151782989502 -0.07526171207427979 3.100140333175659
v -0.10422585904598236 -0.07354988902807236 3.0991930961608887
v -0.10720943659543991 -0.09554915875196457 3.0926709175109863
v -0.1339266151189804 -0.09711743146181107 3.0941803455352783
v -0.10999586433172226 -0.11739829927682877 3.085665464401245
v -0.22919254004955292 -0.15497618913650513 3.1190319061279297
v -0.24525348842144012 -0.14985796809196472 3.1414639949798584
v -0.24033473432064056 -0.12793134152889252 3.1424055099487305
v -0.2248346507549286 -0.1312999278306961 3.120601177215576
v -0.2447708398103714 -0.11000784486532211 3.166536569595337
v -0.23311592638492584 -0.11013639718294144 3.1431007385253906
v -0.25069326162338257 -0.12657494843006134 3.1682848930358887
v -0.25391629338264465 -0.12885649502277374 3.1958370208740234
v -0.24854670464992523 -0.11204160749912262 3.1935133934020996
v -0.24948275089263916 -0.13416215777397156 3.2218399047851562
v -0.24523408710956573 -0.11640966683626175 3.2194766998291016
v -0.23971621692180634 -0.14106161892414093 3.2447173595428467
v -0.2247285544872284 -0.1471107006072998 3.2646396160125732
v -0.20522283017635345 -0.1677260845899582 3.27815580368042
v -0.18118643760681152 -0.15804453194141388 3.2954154014587402
v -0.2045661062002182 -0.15241341292858124 3.28151535987854
v -0.1335161179304123 -0.16882212460041046 3.317286968231201
v -0.1571294069290161 -0.16375242173671722 3.306941509246826
v -0.09425921738147736 -0.17609499394893646 3.3329412937164307
v -0.11298656463623047 -0.17345796525478363 3.3262243270874023
v -0.1844896674156189 0.22713881731033325 3.3080337047576904
v -0.1763952672481537 0.3110805153846741 3.2237279415130615
v -0.18616315722465515 0.30566099286079407 3.222848892211914
v -0.19476038217544556 0.30288320779800415 3.2439193725585938
v -0.20065443217754364 0.26404842734336853 3.17520809173584
v -0.20482400059700012 0.2769526243209839 3.1896543502807617
v -0.18412642180919647 0.2767040431499481 3.180760383605957
v -0.1806735396385193 0.26379480957984924 3.169719934463501
v -0.16551561653614044 0.30831268429756165 3.2090985774993896
v -0.15933947265148163 0.3105199635028839 3.209665298461914
v -0.1727704256772995 0.30378615856170654 3.2060751914978027
v -0.13862797617912292 0.2949637770652771 3.187704086303711
v -0.15615254640579224 0.2995927035808563 3.1944189071655273
v -0.2351163923740387 0.28251731395721436 3.244225025177002
v -0.23422542214393616 0.2793218195438385 3.2210192680358887
v -0.24415603280067444 0.2752769887447357 3.2254390716552734
v -0.24642521142959595 0.27784132957458496 3.2482337951660156
v -0.22727347910404205 0.24651694297790527 3.178147554397583
v -0.2235400527715683 0.23362737894058228 3.1702325344085693
v -0.2351183295249939 0.23250249028205872 3.175279140472412
v -0.23793916404247284 0.2447124719619751 3.182955503463745
v -0.28248515725135803 0.25772830843925476 3.264402151107788
v -0.27959808707237244 0.25944697856903076 3.242445707321167
v -0.29280683398246765 0.25046807527542114 3.2453789710998535
v -0.29425254464149475 0.2465997338294983 3.266327381134033
v -0.24019141495227814 0.2563636600971222 3.194438934326172
v -0.16174796223640442 0.1621173620223999 3.1280953884124756
v -0.17960767447948456 0.16836047172546387 3.1339848041534424
v -0.19448789954185486 0.17530563473701477 3.1410021781921387
v -0.226022407412529 0.1871933937072754 3.167180299758911
v -0.21805432438850403 0.1848185658454895 3.1604981422424316
v -0.2201312780380249 0.17277365922927856 3.1611993312835693
v -0.23516613245010376 0.1886196732521057 3.1700642108917236
v -0.24415752291679382 0.18842247128486633 3.174592971801758
v -0.25913047790527344 0.17940491437911987 3.289994716644287
v -0.25081682205200195 0.18589463829994202 3.29494309425354
v -0.259400337934494 0.20695963501930237 3.2984871864318848
v -0.2618441581726074 0.18197190761566162 3.1833584308624268
v -0.2515755593776703 0.18318700790405273 3.180206060409546
v -0.24949920177459717 0.1775968074798584 3.1820058822631836
v -0.25981947779655457 0.17722302675247192 3.184133529663086
v -0.22468975186347961 0.287596195936203 3.2413406372070312
v -0.289338082075119 0.24683812260627747 3.2268106937408447
v -0.276006281375885 0.2538505494594574 3.224256992340088
v -0.27344828844070435 0.24694135785102844 3.211021900177002
v -0.2870851159095764 0.24081909656524658 3.214980363845825
v -0.2830841541290283 0.23353862762451172 3.202698230743408
v -0.270682692527771 0.23835033178329468 3.19916033744812
v -0.26756906509399414 0.2289215624332428 3.189746141433716
v -0.27948492765426636 0.22511351108551025 3.1936402320861816
v -0.2653774619102478 0.18754443526268005 3.1816890239715576
v -0.253827303647995 0.1899421215057373 3.179572820663452
v -0.29884836077690125 0.22064244747161865 3.284268379211426
v -0.2555660009384155 0.2662597894668579 3.278613805770874
v -0.24779433012008667 0.2503666281700134 3.296489715576172
v -0.2377050668001175 0.25729435682296753 3.2931928634643555
v -0.24403983354568481 0.2725975215435028 3.273874044418335
v -0.25861167907714844 0.15177178382873535 3.2188403606414795
v -0.2565136253833771 0.15465837717056274 3.2326226234436035
v -0.26003772020339966 0.15077579021453857 3.206543445587158
v -0.24678492546081543 0.16549062728881836 3.1872150897979736
v -0.26133108139038086 0.1525162160396576 3.1971988677978516
v -0.2596689760684967 0.16105294227600098 3.276726484298706
v -0.2678881585597992 0.17065230011940002 3.286458969116211
v -0.23914703726768494 0.2275521159172058 3.302536964416504
v -0.2300226390361786 0.2350144386291504 3.30114483833313
v -0.30545997619628906 0.2332550287246704 3.2666070461273193
v -0.3057904839515686 0.23836511373519897 3.2475736141204834
v -0.27452898025512695 0.17792659997940063 3.183321237564087
v -0.2722345292568207 0.17297053337097168 3.183607578277588
v -0.28417131304740906 0.16857212781906128 3.1835098266601562
v -0.2404230535030365 0.16496938467025757 3.1807456016540527
v -0.24729105830192566 0.17276686429977417 3.184142589569092
v -0.25739946961402893 0.2727504372596741 3.2546913623809814
v -0.3024519681930542 0.23721683025360107 3.2289252281188965
v -0.2993873655796051 0.23196816444396973 3.216031312942505
v -0.25914266705513 0.24114203453063965 3.193575859069824
v -0.2611704170703888 0.25097164511680603 3.205639362335205
v -0.2504388093948364 0.2539370656013489 3.1996984481811523
v -0.24853557348251343 0.2431701421737671 3.188251495361328
v -0.29281431436538696 0.21825498342514038 3.1961116790771484
v -0.2891148626804352 0.21024256944656372 3.1906919479370117
v -0.24614647030830383 0.2316565215587616 3.1798341274261475
v -0.25649651885032654 0.23060938715934753 3.1844053268432617
v -0.27796247601509094 0.18398180603981018 3.1822807788848877
v -0.22182857990264893 0.2409076690673828 3.2990293502807617
v -0.21696273982524872 0.2193073034286499 3.3053159713745117
v -0.20769141614437103 0.22254320979118347 3.306173324584961
v -0.23387935757637024 0.2035970687866211 3.3025400638580322
v -0.22530575096607208 0.2121918797492981 3.3036317825317383
v -0.24253658950328827 0.19326049089431763 3.2999112606048584
v -0.197147399187088 0.22567319869995117 3.30854868888855
v -0.4252718687057495 0.02521984465420246 3.205160140991211
v -0.28265830874443054 0.16318392753601074 3.183464527130127
v -0.29520779848098755 0.1575731337070465 3.18308162689209
v -0.2954842150211334 0.16389578580856323 3.182483434677124
v -0.349544882774353 0.1396154910326004 3.1931827068328857
v -0.07349050045013428 0.37452220916748047 3.393280267715454
v -0.07262233644723892 0.37919530272483826 3.396637439727783
v -0.07250233739614487 0.39833325147628784 3.40087890625
v -0.07274839282035828 0.4018312096595764 3.400639533996582
v -0.4404647946357727 0.05289626121520996 3.2167532444000244
v -0.4450450837612152 0.04930850863456726 3.22269868850708
v -0.4673793613910675 0.039043813943862915 3.2617712020874023
v -0.4683683514595032 0.04892262816429138 3.288823366165161
v -0.4629082977771759 0.05336371064186096 3.2692348957061768
v -0.43243589997291565 0.06744587421417236 3.289811372756958
v -0.41913101077079773 0.05883875489234924 3.289720296859741
v -0.39991647005081177 0.01745353825390339 3.276329278945923
v -0.446562260389328 -0.004017455969005823 3.254021644592285
v -0.46719473600387573 0.004452498164027929 3.408802032470703
v -0.478108286857605 0.006678046192973852 3.407376289367676
v -0.48016253113746643 -0.0010354281403124332 3.4246606826782227
v -0.46902209520339966 -0.003936117980629206 3.4252312183380127
v -0.4720096290111542 -0.010720609687268734 3.441537380218506
v -0.4651651382446289 -0.01828816346824169 3.4398810863494873
v -0.46148917078971863 -0.010817318223416805 3.4250245094299316
v -0.4630180597305298 -0.02673112414777279 3.437443971633911
v -0.45781388878822327 -0.019197067245841026 3.421536684036255
v -0.46452516317367554 -0.03492507338523865 3.4329493045806885
v -0.4686267375946045 -0.04220046103000641 3.4292914867401123
v -0.4618505835533142 -0.03539768606424332 3.414456367492676
v -0.4583704173564911 -0.027464916929602623 3.4178671836853027
v -0.4595524072647095 -0.03571806102991104 3.3946831226348877
v -0.46760448813438416 -0.04241759330034256 3.4112398624420166
v -0.47452834248542786 -0.04818146675825119 3.4071061611175537
v -0.46647438406944275 -0.043194279074668884 3.3903000354766846
v -0.49941933155059814 -0.051596157252788544 3.419661521911621
v -0.5062577128410339 -0.04607348144054413 3.419520854949951
v -0.5008077025413513 -0.04246698319911957 3.401520013809204
v -0.4932066798210144 -0.04853827506303787 3.4022209644317627
v -0.5037663578987122 -0.019897131249308586 3.387850522994995
v -0.5007457137107849 -0.029744287952780724 3.384082317352295
v -0.5060439109802246 -0.03394419699907303 3.403538703918457
v -0.5084658861160278 -0.02451436035335064 3.4067070484161377
v -0.5138554573059082 -0.027832379564642906 3.423262596130371
v -0.5113433003425598 -0.019060155376791954 3.4282426834106445
v -0.5071362257003784 -0.015693476423621178 3.4107563495635986
v -0.46195873618125916 0.021888257935643196 3.3746225833892822
v -0.4653371572494507 0.012869873084127903 3.3913393020629883
v -0.4550979733467102 0.007101306226104498 3.39132022857666
v -0.4519137740135193 -0.019329210743308067 3.4023168087005615
v -0.4456312954425812 -0.010496607981622219 3.3864850997924805
v -0.44828107953071594 -0.0010097906924784184 3.3903746604919434
v -0.4528692960739136 -0.010427488945424557 3.405651330947876
v -0.449517160654068 -0.03215804696083069 3.3558735847473145
v -0.4512942135334015 -0.029113424941897392 3.3784561157226562
v -0.4581916332244873 -0.03738349676132202 3.373739242553711
v -0.45441216230392456 -0.02764531783759594 3.398052930831909
v -0.4471394121646881 -0.01981702260673046 3.3825604915618896
v -0.47600996494293213 -0.0463433563709259 3.3864595890045166
v -0.4837685227394104 -0.0505269318819046 3.4045116901397705
v -0.4893263876438141 0.0038404627703130245 3.401649236679077
v -0.4977990686893463 -0.0015229941345751286 3.3971104621887207
v -0.5009748935699463 -0.008477910421788692 3.415534496307373
v -0.49203425645828247 -0.00344642112031579 3.4202797412872314
v -0.4682220220565796 -0.0417138934135437 3.3683745861053467
v -0.495017945766449 0.005364508833736181 3.3780975341796875
v -0.4870840907096863 0.01146500650793314 3.3836686611175537
v -0.5025957226753235 -0.009671985171735287 3.391772985458374
v -0.4992276430130005 -0.003727747593075037 3.373095989227295
v -0.4942690432071686 -0.008941932581365108 3.4366047382354736
v -0.48263129591941833 -0.007272808346897364 3.4407122135162354
v -0.4764155447483063 0.014525809325277805 3.388082981109619
v -0.4864533245563507 -0.0447186604142189 3.383788585662842
v -0.49526986479759216 -0.038562074303627014 3.383124828338623
v -0.48895570635795593 -0.034556932747364044 3.363710880279541
v -0.479245662689209 -0.04042048752307892 3.365035057067871
v -0.494149386882782 -0.009579821489751339 3.3486950397491455
v -0.4951803684234619 -0.024829229339957237 3.365412712097168
v -0.4988924264907837 -0.014420068822801113 3.368722677230835
v -0.5111398100852966 -0.03803005814552307 3.420210361480713
v -0.49542754888534546 0.0019062026403844357 3.3538153171539307
v -0.49731194972991943 -0.04295283555984497 3.510787010192871
v -0.49113985896110535 -0.04508465528488159 3.5032589435577393
v -0.4847300946712494 -0.04146552085876465 3.5112407207489014
v -0.49139970541000366 -0.03915753960609436 3.5179922580718994
v -0.46788111329078674 -0.04564914107322693 3.49678897857666
v -0.46083149313926697 -0.03898352384567261 3.4912641048431396
v -0.4588274359703064 -0.033686697483062744 3.502716541290283
v -0.464754581451416 -0.03950357437133789 3.5073952674865723
v -0.48683449625968933 -0.03348129987716675 3.5227622985839844
v -0.48012155294418335 -0.03663620352745056 3.5165822505950928
v -0.4840792715549469 -0.027007190510630608 3.5224268436431885
v -0.4924371838569641 -0.022389469668269157 3.5278639793395996
v -0.4921254515647888 -0.029978660866618156 3.5282857418060303
v -0.49778538942337036 -0.019830850884318352 3.5332298278808594
v -0.4972326159477234 -0.015152155421674252 3.5199503898620605
v -0.5048110485076904 -0.014620273374021053 3.529012680053711
v -0.518926739692688 -0.018335489556193352 3.506392002105713
v -0.5260627269744873 -0.02308267168700695 3.500636100769043
v -0.5312849879264832 -0.024521736428141594 3.5144472122192383
v -0.5231102705001831 -0.019747121259570122 3.5192277431488037
v -0.5394850969314575 -0.037743061780929565 3.5019781589508057
v -0.5360715389251709 -0.030949516221880913 3.509239435195923
v -0.5304175019264221 -0.02863621525466442 3.4956445693969727
v -0.533988893032074 -0.034719109535217285 3.490264654159546
v -0.5069093704223633 -0.04826834797859192 3.4997355937957764
v -0.5025269985198975 -0.050514936447143555 3.4912912845611572
v -0.49809321761131287 -0.047857195138931274 3.495727777481079
v -0.503001868724823 -0.04586377739906311 3.503483295440674
v -0.47662636637687683 -0.020355669781565666 3.523042678833008
v -0.48411107063293457 -0.017019061371684074 3.5159389972686768
v -0.48580315709114075 -0.020362643525004387 3.5212016105651855
v -0.47694265842437744 -0.02378964237868786 3.5250024795532227
v -0.49878257513046265 -0.06326135993003845 3.4666903018951416
v -0.4941844344139099 -0.06101004779338837 3.455739736557007
v -0.48762643337249756 -0.057032227516174316 3.4581336975097656
v -0.49303051829338074 -0.05941617488861084 3.468312978744507
v -0.4672589600086212 -0.04608556628227234 3.4718668460845947
v -0.4722276031970978 -0.04766091704368591 3.4633936882019043
v -0.4666120409965515 -0.03534799814224243 3.459946870803833
v -0.464803546667099 -0.03346869349479675 3.4686434268951416
v -0.46354416012763977 -0.04322165250778198 3.4803640842437744
v -0.462861567735672 -0.030945954844355583 3.4774436950683594
v -0.46132975816726685 -0.02833404950797558 3.488008499145508
v -0.4592360258102417 -0.025223908945918083 3.500016212463379
v -0.5033647418022156 -0.06316483020782471 3.4494800567626953
v -0.5078904628753662 -0.06680731475353241 3.4579129219055176
v -0.5099623799324036 -0.02888837270438671 3.576509475708008
v -0.5130953192710876 -0.03346849977970123 3.5760834217071533
v -0.5120102763175964 -0.03252206742763519 3.5714151859283447
v -0.5085190534591675 -0.027988476678729057 3.5711097717285156
v -0.5218051671981812 -0.05486741662025452 3.45200252532959
v -0.524642825126648 -0.04569506645202637 3.4536116123199463
v -0.5217311978340149 -0.0457787960767746 3.447582483291626
v -0.5176901817321777 -0.0547097772359848 3.4460368156433105
v -0.5271885991096497 -0.055638283491134644 3.45928692817688
v -0.528774619102478 -0.04526776075363159 3.461653232574463
v -0.516699492931366 -0.018645061179995537 3.5780932903289795
v -0.5121455192565918 -0.020476533100008965 3.5780558586120605
v -0.5115797519683838 -0.019466249272227287 3.572274923324585
v -0.5163126587867737 -0.017740381881594658 3.5716423988342285
v -0.49552783370018005 -0.03710353374481201 3.5245652198791504
v -0.5011464953422546 -0.04123657941818237 3.518550395965576
v -0.5046524405479431 -0.036353349685668945 3.5397231578826904
v -0.5044732093811035 -0.039833247661590576 3.528595447540283
v -0.49791568517684937 -0.03444358706474304 3.5323941707611084
v -0.50018310546875 -0.031770020723342896 3.539975643157959
v -0.5172566175460815 -0.04894092679023743 3.515162467956543
v -0.51358962059021 -0.049122512340545654 3.5064070224761963
v -0.5096911191940308 -0.04545912146568298 3.5123252868652344
v -0.5132576823234558 -0.045339345932006836 3.521106243133545
v -0.5197020769119263 -0.05792653560638428 3.501502752304077
v -0.5240265130996704 -0.057385146617889404 3.50964617729187
v -0.5272336602210999 -0.062480628490448 3.5067949295043945
v -0.5231049656867981 -0.062491416931152344 3.4997377395629883
v -0.5279303789138794 -0.052798181772232056 3.5284154415130615
v -0.5319291949272156 -0.05163085460662842 3.535731077194214
v -0.5352687835693359 -0.05432325601577759 3.5334506034851074
v -0.5312991142272949 -0.056116312742233276 3.526045322418213
v -0.5198028087615967 -0.04497523605823517 3.44171142578125
v -0.514705240726471 -0.05311936140060425 3.439589500427246
v -0.544955849647522 -0.052805155515670776 3.4912896156311035
v -0.5439474582672119 -0.061676979064941406 3.487379789352417
v -0.5493959188461304 -0.06502962112426758 3.495183229446411
v -0.5505120158195496 -0.055804699659347534 3.4992778301239014
v -0.5239970684051514 -0.03622841835021973 3.456724166870117
v -0.5219505429267883 -0.035939618945121765 3.4504268169403076
v -0.5220823884010315 -0.019830448552966118 3.5779778957366943
v -0.5217394828796387 -0.018862439319491386 3.571362257003784
v -0.4683777093887329 -0.020714877173304558 3.4859211444854736
v -0.46552667021751404 -0.018511859700083733 3.5000979900360107
v -0.47011417150497437 -0.022660760208964348 3.474980115890503
v -0.4708538055419922 -0.024064568802714348 3.4680380821228027
v -0.4697601795196533 -0.02416945807635784 3.4607434272766113
v -0.5098630785942078 -0.04162594676017761 3.530620813369751
v -0.5051180720329285 -0.04439225792884827 3.5110626220703125
v -0.5094911456108093 -0.05088356137275696 3.4980523586273193
v -0.5258771777153015 -0.07118424773216248 3.4871768951416016
v -0.5225951075553894 -0.07134181261062622 3.4797708988189697
v -0.5165804028511047 -0.0666966438293457 3.4859085083007812
v -0.5214662551879883 -0.0669451653957367 3.4907405376434326
v -0.5399738550186157 -0.06976744532585144 3.4863226413726807
v -0.5348515510559082 -0.07235977053642273 3.4904959201812744
v -0.5389773845672607 -0.07324600219726562 3.497620105743408
v -0.5447653532028198 -0.07189306616783142 3.494837522506714
v -0.4743269681930542 -0.01644524745643139 3.52227520942688
v -0.4789734184741974 -0.015201090835034847 3.5115883350372314
v -0.5165489912033081 -0.06316792964935303 3.4533724784851074
v -0.5116562843322754 -0.0609295517206192 3.447115421295166
v -0.5079821944236755 -0.05772039294242859 3.4408090114593506
v -0.4978872239589691 -0.055975645780563354 3.479555606842041
v -0.4890514016151428 -0.057471662759780884 3.468623638153076
v -0.48437562584877014 -0.055787503719329834 3.472531318664551
v -0.4950101375579834 -0.053831666707992554 3.4821135997772217
v -0.4828803539276123 -0.0493084192276001 3.495417594909668
v -0.47291964292526245 -0.050841718912124634 3.4867732524871826
v -0.47684648633003235 -0.04494485259056091 3.504302978515625
v -0.48129186034202576 -0.05349595844745636 3.460392951965332
v -0.4842754006385803 -0.05381259322166443 3.44873309135437
v -0.4774288535118103 -0.0494421124458313 3.4515726566314697
v -0.4921104311943054 -0.05758430063724518 3.445904016494751
v -0.5004873275756836 -0.05920855700969696 3.442380905151367
v -0.4807121455669403 -0.05134892463684082 3.43933367729187
v -0.4741916060447693 -0.046554192900657654 3.4425270557403564
v -0.4889807105064392 -0.05486442148685455 3.4366769790649414
v -0.49719667434692383 -0.055819422006607056 3.4340784549713135
v -0.517943799495697 -0.03070281259715557 3.435310125350952
v -0.5164163112640381 -0.04127998650074005 3.432630777359009
v -0.5202974081039429 -0.034288033843040466 3.443666458129883
v -0.466264009475708 -0.03181375563144684 3.450516939163208
v -0.4711076021194458 -0.0435013473033905 3.4545772075653076
v -0.4691739082336426 -0.04039476811885834 3.4459054470062256
v -0.4684147238731384 -0.022336019203066826 3.453091859817505
v -0.46277081966400146 -0.034978896379470825 3.5146684646606445
v -0.4612838625907898 -0.03210514783859253 3.52150559425354
v -0.467726469039917 -0.03286215662956238 3.5239436626434326
v -0.4700743854045868 -0.03493979573249817 3.5181801319122314
v -0.502453088760376 -0.018634675070643425 3.539652109146118
v -0.49905017018318176 -0.02494904212653637 3.540231466293335
v -0.4954490065574646 -0.027105627581477165 3.533888339996338
v -0.5062381029129028 -0.06607240438461304 3.4729979038238525
v -0.5139319896697998 -0.06961885094642639 3.465785264968872
v -0.50935959815979 -0.03862994909286499 3.5393340587615967
v -0.5156395435333252 -0.016961975023150444 3.5652778148651123
v -0.510452926158905 -0.018819106742739677 3.5654125213623047
v -0.5077391862869263 -0.01838311366736889 3.5538442134857178
v -0.5133332014083862 -0.01599348895251751 3.553295373916626
v -0.516104519367218 -0.03713631629943848 3.545971155166626
v -0.5106128454208374 -0.03625383973121643 3.5456347465515137
v -0.5121095776557922 -0.035867661237716675 3.5527522563934326
v -0.5178388953208923 -0.03544798493385315 3.5533106327056885
v -0.5377222299575806 -0.059406578540802 3.5282864570617676
v -0.5346722602844238 -0.0609256774187088 3.522728681564331
v -0.5253320932388306 -0.024145765230059624 3.532616138458252
v -0.5175769329071045 -0.016256673261523247 3.5337464809417725
v -0.5142986178398132 -0.01470941212028265 3.5242927074432373
v -0.5209931135177612 -0.053140074014663696 3.5122289657592773
v -0.5245729684829712 -0.05316963791847229 3.5202219486236572
v -0.5279589891433716 -0.05697861313819885 3.518388509750366
v -0.5130095481872559 -0.042187467217445374 3.533130407333374
v -0.51335209608078 -0.04035842418670654 3.5385634899139404
v -0.5172660946846008 -0.04353387653827667 3.534907579421997
v -0.5156571865081787 -0.04482811689376831 3.5277955532073975
v -0.538304328918457 -0.05857124924659729 3.477222204208374
v -0.533484935760498 -0.06922823190689087 3.477233648300171
v -0.5096731781959534 -0.024171842262148857 3.5768673419952393
v -0.5087147355079651 -0.023092610761523247 3.5720467567443848
v -0.5108728408813477 -0.049965545535087585 3.4316623210906982
v -0.5045142769813538 -0.0543040931224823 3.4328041076660156
v -0.5166332125663757 -0.05315616726875305 3.5037550926208496
v -0.5092812180519104 -0.014674722217023373 3.51177978515625
v -0.5116333365440369 -0.054364800453186035 3.49528431892395
v -0.5477808713912964 -0.05134899914264679 3.516772747039795
v -0.5472724437713623 -0.058735162019729614 3.515793800354004
v -0.5476326942443848 -0.05822518467903137 3.5239806175231934
v -0.550101637840271 -0.05239741504192352 3.524096965789795
v -0.5209302306175232 -0.03403198719024658 3.5641732215881348
v -0.515195906162262 -0.03482221066951752 3.564509630203247
v -0.5170748233795166 -0.03476032614707947 3.57053804397583
v -0.5225145220756531 -0.03376537561416626 3.57053804397583
v -0.5062551498413086 -0.03383786976337433 3.5453662872314453
v -0.5026649832725525 -0.029740972444415092 3.5452685356140137
v -0.5046913027763367 -0.028663692995905876 3.55240797996521
v -0.5076732039451599 -0.03328365087509155 3.5524444580078125
v -0.5024361610412598 -0.02371564321219921 3.545635461807251
v -0.5048350095748901 -0.02295292727649212 3.5538830757141113
v -0.5254027843475342 -0.029705507680773735 3.563890218734741
v -0.5255054831504822 -0.023084236308932304 3.5646300315856934
v -0.5237789154052734 -0.02312120608985424 3.5524020195007324
v -0.5228865146636963 -0.0305034052580595 3.5537569522857666
v -0.5284211039543152 -0.032441645860672 3.479017734527588
v -0.5317745208740234 -0.039066970348358154 3.4747822284698486
v -0.5372816920280457 -0.042131513357162476 3.4853241443634033
v -0.5427646636962891 -0.04556542634963989 3.496410846710205
v -0.5464209318161011 -0.05020156502723694 3.507160186767578
v -0.544354259967804 -0.040799081325531006 3.51383376121521
v -0.5390962958335876 -0.04897642135620117 3.4811015129089355
v -0.5242727398872375 -0.03320696949958801 3.5415267944335938
v -0.52284175157547 -0.025384826585650444 3.5428738594055176
v -0.5283162593841553 -0.029423220083117485 3.5397939682006836
v -0.5149884819984436 -0.059940844774246216 3.4920806884765625
v -0.5075196623802185 -0.022623879835009575 3.5657269954681396
v -0.4898112714290619 -0.014821677468717098 3.466418981552124
v -0.5014282464981079 -0.015997646376490593 3.463796377182007
v -0.5051282644271851 -0.017046568915247917 3.470507860183716
v -0.4919484853744507 -0.01505041029304266 3.473719596862793
v -0.5106216669082642 -0.032453879714012146 3.5645782947540283
v -0.507265031337738 -0.028036324307322502 3.5649919509887695
v -0.5391738414764404 -0.06447072327136993 3.520253896713257
v -0.5414267778396606 -0.0622459352016449 3.525843858718872
v -0.5451712608337402 -0.06306417286396027 3.5250136852264404
v -0.5443441867828369 -0.06506721675395966 3.5189778804779053
v -0.5337468385696411 -0.045989274978637695 3.4710867404937744
v -0.5531372427940369 -0.0678497701883316 3.5014495849609375
v -0.5543745756149292 -0.058509498834609985 3.5035200119018555
v -0.5271509885787964 -0.03693768382072449 3.4643354415893555
v -0.5235369801521301 -0.029988078400492668 3.4689040184020996
v -0.519661009311676 -0.02807178907096386 3.4610178470611572
v -0.5394684076309204 -0.03531324863433838 3.523470640182495
v -0.5246692299842834 -0.026951966807246208 3.483247756958008
v -0.5193312168121338 -0.024904845282435417 3.4729182720184326
v -0.5141509175300598 -0.022352365776896477 3.4645884037017822
v -0.5105248689651489 -0.02079629711806774 3.458536148071289
v -0.5170466303825378 -0.026728464290499687 3.454521656036377
v -0.5214044451713562 -0.018117038533091545 3.565037727355957
v -0.5259033441543579 -0.023530496284365654 3.5711820125579834
v -0.5147316455841064 -0.024443117901682854 3.447772264480591
v -0.5133017301559448 -0.0212439876049757 3.4399726390838623
v -0.5057021379470825 -0.016279740259051323 3.444070816040039
v -0.5078916549682617 -0.018970711156725883 3.451876401901245
v -0.5140371918678284 -0.020320115610957146 3.47758412361145
v -0.5075551271438599 -0.016557781025767326 3.4820258617401123
v -0.5202648043632507 -0.022077320143580437 3.488471269607544
v -0.5137799978256226 -0.01771068386733532 3.4939026832580566
v -0.5345108509063721 -0.02688261680305004 3.527087450027466
v -0.527519702911377 -0.029879732057452202 3.584801435470581
v -0.5266177654266357 -0.029619766399264336 3.577378988265991
v -0.5239683985710144 -0.03403650224208832 3.5766801834106445
v -0.525742769241333 -0.03389948606491089 3.584827423095703
v -0.5259631872177124 -0.02952718548476696 3.570512056350708
v -0.5261305570602417 -0.024127421900629997 3.5772061347961426
v -0.503471851348877 -0.01472610142081976 3.4992763996124268
v -0.5199571847915649 -0.04107089340686798 3.541152000427246
v -0.49393025040626526 -0.014946877025067806 3.4870336055755615
v -0.4933460056781769 -0.013188629411160946 3.507888078689575
v -0.48551490902900696 -0.013506530784070492 3.499953508377075
v -0.4797952175140381 -0.016396163031458855 3.475036859512329
v -0.4785229563713074 -0.015479176305234432 3.484624147415161
v -0.4777584969997406 -0.01694418303668499 3.4620816707611084
v -0.479059100151062 -0.017477406188845634 3.467594623565674
v -0.47523361444473267 -0.015111683867871761 3.4533557891845703
v -0.47469496726989746 -0.01432561781257391 3.498309850692749
v -0.5116838216781616 -0.030610261484980583 3.583826780319214
v -0.5153713226318359 -0.03488175570964813 3.58327317237854
v -0.4878518283367157 -0.014111249707639217 3.460625648498535
v -0.4851665198802948 -0.011784224770963192 3.452502727508545
v -0.4728298485279083 -0.039420634508132935 3.5122759342193604
v -0.5087664723396301 -0.060182273387908936 3.484896421432495
v -0.5064841508865356 -0.05583161115646362 3.487184524536133
v -0.519005298614502 -0.07107308506965637 3.4733216762542725
v -0.5118374228477478 -0.0666055977344513 3.480386257171631
v -0.49621304869651794 -0.012332825921475887 3.449138879776001
v -0.47497618198394775 -0.048031970858573914 3.4269933700561523
v -0.4826715290546417 -0.05207209289073944 3.4236514568328857
v -0.5035732984542847 -0.012812978588044643 3.4327800273895264
v -0.5110753178596497 -0.02586987428367138 3.584322452545166
v -0.5370020270347595 -0.048292145133018494 3.537994146347046
v -0.5384301543235779 -0.04884970188140869 3.5359561443328857
v -0.45742273330688477 -0.030239073559641838 3.511136531829834
v -0.4573691487312317 -0.02764454297721386 3.5195605754852295
v -0.4620628356933594 -0.017104385420680046 3.5195372104644775
v -0.4578860104084015 -0.022152094170451164 3.5188705921173096
v -0.45784902572631836 -0.023117272183299065 3.509937047958374
v -0.46310073137283325 -0.01726272515952587 3.510244131088257
v -0.500140905380249 -0.05791547894477844 3.478686571121216
v -0.5029137134552002 -0.06111091375350952 3.476781129837036
v -0.5328279733657837 -0.05666080117225647 3.4682326316833496
v -0.5282954573631287 -0.06699350476264954 3.4684062004089355
v -0.5055993795394897 -0.018446801230311394 3.5453827381134033
v -0.5094149112701416 -0.01505157258361578 3.5376601219177246
v -0.5117055177688599 -0.01597575657069683 3.5443801879882812
v -0.5197857022285461 -0.01735895685851574 3.552719831466675
v -0.5218763947486877 -0.036255404353141785 3.5437283515930176
v -0.5208734273910522 -0.03249995410442352 3.545974016189575
v -0.4788355529308319 -0.053908079862594604 3.478564977645874
v -0.4898422062397003 -0.05174320936203003 3.4874014854431152
v -0.47686952352523804 -0.03215646743774414 3.52075457572937
v -0.4745386242866516 -0.02912452630698681 3.524322032928467
v -0.5201136469841003 -0.04891952872276306 3.5234923362731934
v -0.5402946472167969 -0.03569349646568298 3.535101890563965
v -0.5361140966415405 -0.0288351159542799 3.5365140438079834
v -0.5226979851722717 -0.04823508858680725 3.5308847427368164
v -0.5176904201507568 -0.020244373008608818 3.5861425399780273
v -0.5132517218589783 -0.02223639003932476 3.58597469329834
v -0.5187478065490723 -0.017354635521769524 3.5424094200134277
v -0.5311914086341858 -0.06199201941490173 3.514249086380005
v -0.5416284203529358 -0.04181016981601715 3.529409170150757
v -0.5397639870643616 -0.04238449037075043 3.5368502140045166
v -0.5475037693977356 -0.0724489688873291 3.4999337196350098
v -0.4987281858921051 -0.014841466210782528 3.457547426223755
v -0.5186800956726074 -0.035820022225379944 3.57625412940979
v -0.5207791924476624 -0.03672035038471222 3.583141803741455
v -0.5267637372016907 -0.025365574285387993 3.5852231979370117
v -0.5229094624519348 -0.021366162225604057 3.585137128829956
v -0.5226474404335022 -0.06516373157501221 3.4603395462036133
v -0.5047830939292908 -0.052923619747161865 3.489459753036499
v -0.4912819266319275 -0.05339024215936661 3.420733690261841
v -0.4710400700569153 -0.013967989943921566 3.5100553035736084
v -0.4686790406703949 -0.014617620967328548 3.521097421646118
v -0.525367796421051 -0.047310322523117065 3.5370941162109375
v -0.5506463646888733 -0.05649033188819885 3.510282516479492
v -0.5472497940063477 -0.043353497982025146 3.520989179611206
v -0.5495592951774597 -0.045124396681785583 3.526836633682251
v -0.5450958013534546 -0.04285292327404022 3.5328609943389893
v -0.5418623685836792 -0.04591475427150726 3.5358800888061523
v -0.5277396440505981 -0.026117054745554924 3.5915117263793945
v -0.523892343044281 -0.02227298729121685 3.5914106369018555
v -0.518849790096283 -0.02108570747077465 3.592689275741577
v -0.5143936276435852 -0.02323405258357525 3.5915727615356445
v -0.5125510692596436 -0.02685507945716381 3.589901924133301
v -0.528455913066864 -0.030214620754122734 3.5909793376922607
v -0.5267692804336548 -0.033992499113082886 3.590869903564453
v -0.5220395922660828 -0.036661818623542786 3.5889954566955566
v -0.529371976852417 -0.03103850595653057 3.5964062213897705
v -0.5288007259368896 -0.02700565569102764 3.597892999649048
v -0.5198348760604858 -0.023521972820162773 3.6050333976745605
v -0.5204414129257202 -0.021961761638522148 3.6000754833221436
v -0.5230076313018799 -0.022995201870799065 3.6025550365448
v -0.5230001211166382 -0.02351897768676281 3.6055235862731934
v -0.5239996314048767 -0.024378476664423943 3.6097676753997803
v -0.5209401845932007 -0.025186507031321526 3.6096031665802
v -0.5256585478782654 -0.023804498836398125 3.600884199142456
v -0.5266531109809875 -0.02448667399585247 3.604423761367798
v -0.5290504097938538 -0.027326075360178947 3.6033008098602295
v -0.530292809009552 -0.0280169527977705 3.60784912109375
v -0.5279355049133301 -0.025243474170565605 3.609077215194702
v -0.5278993844985962 -0.02605789713561535 3.6004269123077393
v -0.5248905420303345 -0.02305668406188488 3.5967772006988525
v -0.5232915878295898 -0.026844767853617668 3.6131701469421387
v -0.5251301527023315 -0.025283215567469597 3.612809419631958
v -0.5285194516181946 -0.02635486237704754 3.613144874572754
v -0.5272095203399658 -0.02886250428855419 3.6133923530578613
v -0.5159748792648315 -0.023923097178339958 3.5978169441223145
v -0.5172644257545471 -0.025613529607653618 3.603231430053711
v -0.5190816521644592 -0.02765279822051525 3.6080191135406494
v -0.5217615365982056 -0.02954847924411297 3.611621379852295
v -0.5164365768432617 -0.029049498960375786 3.602504014968872
v -0.5191747546195984 -0.030661342665553093 3.608001708984375
v -0.5215135812759399 -0.03212197124958038 3.6099820137023926
v -0.5174571871757507 -0.032967954874038696 3.6019749641418457
v -0.5201480388641357 -0.03347325325012207 3.606935501098633
v -0.5147580504417419 -0.0318211168050766 3.5943639278411865
v -0.5141298174858093 -0.027463344857096672 3.5957133769989014
v -0.5218967795372009 -0.03359207510948181 3.609257459640503
v -0.5260828733444214 -0.03146083652973175 3.6131749153137207
v -0.5302896499633789 -0.029692841693758965 3.6023528575897217
v -0.531006932258606 -0.030758066102862358 3.6067862510681152
v -0.5302333831787109 -0.03237652778625488 3.6016156673431396
v -0.5305696129798889 -0.033254921436309814 3.6063854694366455
v -0.5306848883628845 -0.03074820153415203 3.6112968921661377
v -0.5307204723358154 -0.028379393741488457 3.611022710800171
v -0.5132784247398376 -0.031388431787490845 3.5890517234802246
v -0.5170157551765442 -0.035273224115371704 3.588038206100464
v -0.5183789730072021 -0.035650864243507385 3.5937530994415283
v -0.5206995606422424 -0.0365411639213562 3.601243495941162
v -0.5232526063919067 -0.036728039383888245 3.5939829349517822
v -0.5276473760604858 -0.03448730707168579 3.5957541465759277
v -0.5286411643028259 -0.034955158829689026 3.601235866546631
v -0.5253974199295044 -0.037113726139068604 3.6010682582855225
v -0.5288123488426208 -0.035373181104660034 3.6054985523223877
v -0.5263767838478088 -0.0364777147769928 3.6062135696411133
v -0.5228093862533569 -0.03569202125072479 3.6059558391571045
v -0.5278274416923523 -0.03489847481250763 3.6093432903289795
v -0.5295696258544922 -0.03310306370258331 3.6106154918670654
v -0.5249646306037903 -0.03349211812019348 3.6109960079193115
v -0.5261877775192261 -0.03559167683124542 3.6081035137176514
v -0.524027943611145 -0.03467930853366852 3.6087799072265625
v -0.5365769863128662 -0.04646861553192139 3.575658082962036
v -0.5397270321846008 -0.050512105226516724 3.5743885040283203
v -0.5376702547073364 -0.04842419922351837 3.5680298805236816
v -0.5344191789627075 -0.044684991240501404 3.5693860054016113
v -0.5410765409469604 -0.035247355699539185 3.575828790664673
v -0.5365696549415588 -0.038404643535614014 3.5764920711517334
v -0.5349894762039185 -0.03634147346019745 3.5703611373901367
v -0.5395866632461548 -0.0334157794713974 3.569146156311035
v -0.5467531085014343 -0.03653080761432648 3.5741217136383057
v -0.5454181432723999 -0.03473643958568573 3.5669949054718018
v -0.5375697612762451 -0.03154104948043823 3.5624563694000244
v -0.532800018787384 -0.03471088409423828 3.5631563663482666
v -0.5281939506530762 -0.03418581187725067 3.5505902767181396
v -0.5323432683944702 -0.030177203938364983 3.5493361949920654
v -0.5339881181716919 -0.049845680594444275 3.5446295738220215
v -0.5389090776443481 -0.04848496615886688 3.545750379562378
v -0.5353231430053711 -0.04244300723075867 3.5764522552490234
v -0.5334804654121399 -0.040517792105674744 3.57025146484375
v -0.5432172417640686 -0.0488559752702713 3.55804181098938
v -0.5387358665466309 -0.04982671141624451 3.5584816932678223
v -0.5415346622467041 -0.05059702694416046 3.566422939300537
v -0.5458874702453613 -0.049982860684394836 3.5657057762145996
v -0.525658905506134 -0.0424465537071228 3.548882246017456
v -0.529197096824646 -0.046956926584243774 3.545912742614746
v -0.5257967710494995 -0.038182616233825684 3.549891233444214
v -0.5469860434532166 -0.04519475996494293 3.557725191116333
v -0.5476875901222229 -0.03908336162567139 3.5588159561157227
v -0.5434667468070984 -0.03669553995132446 3.5458297729492188
v -0.5427238941192627 -0.04356458783149719 3.5454342365264893
v -0.5309121012687683 -0.039109811186790466 3.56290340423584
v -0.5347332954406738 -0.047442883253097534 3.5601348876953125
v -0.5314001441001892 -0.043595075607299805 3.561776876449585
v -0.5436137914657593 -0.032953083515167236 3.5601208209991455
v -0.5493143200874329 -0.04093159735202789 3.5657198429107666
v -0.5533422827720642 -0.0482998788356781 3.5817036628723145
v -0.5508264899253845 -0.04749391973018646 3.5727641582489014
v -0.5483338832855225 -0.05142587423324585 3.5724968910217285
v -0.5514819622039795 -0.052266016602516174 3.5814545154571533
v -0.5490049719810486 -0.0464792400598526 3.566162347793579
v -0.5507366061210632 -0.04202905297279358 3.5727758407592773
v -0.5399804711341858 -0.04888634383678436 3.5852620601654053
v -0.5434592962265015 -0.05266498029232025 3.584087371826172
v -0.5387073159217834 -0.04493147134780884 3.586369514465332
v -0.539381742477417 -0.030305711552500725 3.5468318462371826
v -0.5435077548027039 -0.0378219336271286 3.5847935676574707
v -0.53963303565979 -0.04114419221878052 3.585979700088501
v -0.5439525842666626 -0.052648305892944336 3.5732078552246094
v -0.5474381446838379 -0.05446842312812805 3.5823397636413574
v -0.5527507066726685 -0.04341685771942139 3.581143379211426
v -0.5488587617874146 -0.03855039179325104 3.582515001296997
v -0.5546830296516418 -0.0449768602848053 3.58866024017334
v -0.5511773824691772 -0.040558576583862305 3.590327739715576
v -0.5459693074226379 -0.039563313126564026 3.5917553901672363
v -0.5420986413955688 -0.042701512575149536 3.5920791625976562
v -0.5412468910217285 -0.0461965948343277 3.5920612812042236
v -0.5551862716674805 -0.04922850430011749 3.588275671005249
v -0.5535871386528015 -0.052745312452316284 3.588193893432617
v -0.5496129989624023 -0.05486437678337097 3.587808847427368
v -0.5575072169303894 -0.050349727272987366 3.5952000617980957
v -0.557426393032074 -0.046559736132621765 3.596468448638916
v -0.552052915096283 -0.044942110776901245 3.609354019165039
v -0.5499234199523926 -0.043075188994407654 3.6046085357666016
v -0.5531556606292725 -0.04317787289619446 3.6045167446136475
v -0.5549079179763794 -0.04374101758003235 3.6091201305389404
v -0.5493443012237549 -0.041180118918418884 3.5996108055114746
v -0.5525889992713928 -0.04238131642341614 3.601292610168457
v -0.555084228515625 -0.043469130992889404 3.5999319553375244
v -0.5569565296173096 -0.04404240846633911 3.6035408973693848
v -0.5589960813522339 -0.0469689816236496 3.6021335124969482
v -0.5611180067062378 -0.0477740615606308 3.6065890789031982
v -0.5591564178466797 -0.04445379972457886 3.608271360397339
v -0.5572515726089478 -0.04579395055770874 3.599041700363159
v -0.5569862723350525 -0.04455363750457764 3.61344051361084
v -0.5554819107055664 -0.04664738476276398 3.6128671169281006
v -0.5536304116249084 -0.042239293456077576 3.5963804721832275
v -0.5447055101394653 -0.04359599947929382 3.598147392272949
v -0.5472309589385986 -0.04525993764400482 3.6042325496673584
v -0.5503812432289124 -0.047470822930336 3.608926773071289
v -0.5542627573013306 -0.049481719732284546 3.612151861190796
v -0.5463884472846985 -0.04883551597595215 3.6035187244415283
v -0.5498812198638916 -0.05044730007648468 3.6082522869110107
v -0.5536109805107117 -0.051706790924072266 3.61086106300354
v -0.5474492907524109 -0.05270452797412872 3.6023433208465576
v -0.5509434938430786 -0.05330638587474823 3.607330799102783
v -0.5443465709686279 -0.05098086595535278 3.5954041481018066
v -0.5434365272521973 -0.04715271294116974 3.597144603729248
v -0.5534644722938538 -0.05316101014614105 3.6094985008239746
v -0.5600116848945618 -0.04814377427101135 3.613785743713379
v -0.5585146546363831 -0.050899386405944824 3.6128408908843994
v -0.5608893632888794 -0.04505029320716858 3.612994909286499
v -0.5592505931854248 -0.0492866188287735 3.6013176441192627
v -0.5611388683319092 -0.05030718445777893 3.6059930324554443
v -0.5596103072166443 -0.05161160230636597 3.6004579067230225
v -0.5613515377044678 -0.05242225527763367 3.6056313514709473
v -0.5623952746391296 -0.049945324659347534 3.610544443130493
v -0.5625745058059692 -0.04777666926383972 3.610304594039917
v -0.5424363017082214 -0.04993106424808502 3.5908496379852295
v -0.5455780625343323 -0.0533449649810791 3.589367389678955
v -0.5473375916481018 -0.054529398679733276 3.5938162803649902
v -0.5506044030189514 -0.05608712136745453 3.6008527278900146
v -0.5515033602714539 -0.05565103888511658 3.5924410820007324
v -0.5555383563041687 -0.05350308120250702 3.593214750289917
v -0.5580174922943115 -0.054253190755844116 3.5998055934906006
v -0.5548067688941956 -0.056473687291145325 3.5996251106262207
v -0.5596469640731812 -0.054430216550827026 3.605182409286499
v -0.5569374561309814 -0.05609935522079468 3.605032444000244
v -0.5535882115364075 -0.05565173923969269 3.6060445308685303
v -0.5595922470092773 -0.05407458543777466 3.6091248989105225
v -0.561513364315033 -0.05227959156036377 3.610182762145996
v -0.5569851994514465 -0.053027525544166565 3.611131429672241
v -0.5576534271240234 -0.05519895255565643 3.6080665588378906
v -0.5555731058120728 -0.05441594123840332 3.60911226272583
v -0.551052451133728 -0.060380369424819946 3.5601537227630615
v -0.5523757934570312 -0.06495341658592224 3.557600259780884
v -0.5504050850868225 -0.0628950297832489 3.552353620529175
v -0.5486410856246948 -0.05863295495510101 3.554292678833008
v -0.557643473148346 -0.051962703466415405 3.559386968612671
v -0.5545545816421509 -0.05318090319633484 3.560236692428589
v -0.5519194602966309 -0.05108270049095154 3.5554795265197754
v -0.5549288392066956 -0.04926401376724243 3.553093910217285
v -0.5613446831703186 -0.053691938519477844 3.556534767150879
v -0.5589951872825623 -0.0512842983007431 3.5502243041992188
v -0.5523195862770081 -0.04705810546875 3.5473408699035645
v -0.5488078594207764 -0.04946573078632355 3.5499796867370605
v -0.544252872467041 -0.0479184091091156 3.5407748222351074
v -0.5482993721961975 -0.04475270211696625 3.5390937328338623
v -0.5523414611816406 -0.05621775984764099 3.5611045360565186
v -0.5496041178703308 -0.054448455572128296 3.5555002689361572
v -0.5530535578727722 -0.06467163562774658 3.541968822479248
v -0.5501485466957092 -0.06439122557640076 3.543426513671875
v -0.5533115267753601 -0.06557120382785797 3.5502846240997314
v -0.5559854507446289 -0.06569020450115204 3.5481340885162354
v -0.5405101180076599 -0.05568528175354004 3.5389790534973145
v -0.5417874455451965 -0.0598246306180954 3.535355567932129
v -0.5416041612625122 -0.051734358072280884 3.5404582023620605
v -0.5567601919174194 -0.06133517622947693 3.5415799617767334
v -0.5587493181228638 -0.05530130863189697 3.541656255722046
v -0.554107666015625 -0.053542330861091614 3.532066583633423
v -0.5513122081756592 -0.05940237641334534 3.5315043926239014
v -0.5465599894523621 -0.053169071674346924 3.550278902053833
v -0.5471124649047852 -0.06188419461250305 3.5465080738067627
v -0.5457025766372681 -0.05743347108364105 3.549410820007324
v -0.5563702583312988 -0.04938063025474548 3.5434463024139404
v -0.5611948370933533 -0.056956931948661804 3.548414945602417
v -0.5661877393722534 -0.06568220257759094 3.563032627105713
v -0.562012791633606 -0.06399679183959961 3.55351185798645
v -0.5589544773101807 -0.06761690974235535 3.5541186332702637
v -0.5637593865394592 -0.06918416917324066 3.563403367996216
v -0.5594949126243591 -0.06276160478591919 3.5478506088256836
v -0.5634539723396301 -0.05865754187107086 3.554638385772705
v -0.5546088218688965 -0.0632956326007843 3.567213773727417
v -0.5565074682235718 -0.06754526495933533 3.5659258365631104
v -0.5559027791023254 -0.059372976422309875 3.568352699279785
v -0.552630603313446 -0.046908050775527954 3.5343549251556396
v -0.5476112365722656 -0.06326302886009216 3.5315120220184326
v -0.5609234571456909 -0.0552552193403244 3.5674686431884766
v -0.5580535531044006 -0.056513816118240356 3.5684168338775635
v -0.5554101467132568 -0.06785418093204498 3.5551979541778564
v -0.5598847270011902 -0.07010182738304138 3.563678503036499
v -0.5669600963592529 -0.06095972657203674 3.563241720199585
v -0.5647046566009521 -0.056393012404441833 3.5651628971099854
v -0.5698531270027161 -0.06258581578731537 3.569725751876831
v -0.567348062992096 -0.05835343897342682 3.571610689163208
v -0.5638144612312317 -0.05703851580619812 3.5744006633758545
v -0.5605922937393188 -0.05866444110870361 3.574526071548462
v -0.5584323406219482 -0.06146723031997681 3.573613166809082
v -0.5688394904136658 -0.06702658534049988 3.568505048751831
v -0.5664771199226379 -0.06984062492847443 3.5688095092773438
v -0.5623421669006348 -0.07087080180644989 3.568319797515869
v -0.571172833442688 -0.06833358108997345 3.573448657989502
v -0.5719460844993591 -0.06424224376678467 3.5750856399536133
v -0.5696074962615967 -0.062204375863075256 3.589916229248047
v -0.5672689080238342 -0.06078799068927765 3.5848379135131836
v -0.5694389343261719 -0.06129053235054016 3.58424711227417
v -0.5714707374572754 -0.06196574866771698 3.5882577896118164
v -0.5663085579872131 -0.05889010429382324 3.5793821811676025
v -0.5686520934104919 -0.06019410490989685 3.58099102973938
v -0.5707332491874695 -0.06112246215343475 3.5790374279022217
v -0.5727156400680542 -0.06201590597629547 3.58266282081604
v -0.5737735629081726 -0.06522165238857269 3.5803472995758057
v -0.5757929682731628 -0.06620161235332489 3.584216356277466
v -0.5747091770172119 -0.06298007071018219 3.586660146713257
v -0.5724002122879028 -0.06348678469657898 3.577685832977295
v -0.5732409358024597 -0.06270948052406311 3.5908079147338867
v -0.5719899535179138 -0.06376002728939056 3.5917768478393555
v -0.5694024562835693 -0.060018330812454224 3.5762217044830322
v -0.5625121593475342 -0.06017798185348511 3.579223155975342
v -0.5645194053649902 -0.06210319697856903 3.5844454765319824
v -0.5671675801277161 -0.06398734450340271 3.5889172554016113
v -0.5699991583824158 -0.06593622267246246 3.5912230014801025
v -0.5628027319908142 -0.06485334038734436 3.583331823348999
v -0.5656247735023499 -0.06657518446445465 3.587736129760742
v -0.5682836771011353 -0.06814947724342346 3.5896992683410645
v -0.5623719692230225 -0.06800615787506104 3.5818724632263184
v -0.5654028654098511 -0.06916914880275726 3.586200475692749
v -0.5597730278968811 -0.06623341143131256 3.576383113861084
v -0.5604768395423889 -0.06299002468585968 3.578376054763794
v -0.567558228969574 -0.06950977444648743 3.5881009101867676
v -0.5752957463264465 -0.06611508131027222 3.591148614883423
v -0.5733112096786499 -0.06862004101276398 3.59053373336792
v -0.5761881470680237 -0.06395089626312256 3.5900259017944336
v -0.5738672018051147 -0.06736147403717041 3.5788164138793945
v -0.5755485892295837 -0.06851790845394135 3.5831215381622314
v -0.5727295875549316 -0.06989239156246185 3.5777816772460938
v -0.5744780898094177 -0.07069668173789978 3.582667350769043
v -0.5765954256057739 -0.0682167261838913 3.58723783493042
v -0.5769456624984741 -0.06632746756076813 3.587264060974121
v -0.5575507879257202 -0.06489716470241547 3.5719172954559326
v -0.5589891076087952 -0.06848795711994171 3.5700690746307373
v -0.5611402988433838 -0.06947334110736847 3.574655532836914
v -0.5639116168022156 -0.07123866677284241 3.579916000366211
v -0.5643258094787598 -0.07164528965950012 3.5728187561035156
v -0.5682387948036194 -0.07073357701301575 3.572758197784424
v -0.5704606771469116 -0.07190044224262238 3.577530860900879
v -0.5671149492263794 -0.07287503778934479 3.5780222415924072
v -0.5724068880081177 -0.07237178087234497 3.582461357116699
v -0.5696725249290466 -0.07318674027919769 3.5829310417175293
v -0.5668959617614746 -0.0717671662569046 3.584592580795288
v -0.5728947520256042 -0.07185845077037811 3.586249351501465
v -0.5750720500946045 -0.07035195827484131 3.586799144744873
v -0.5713262557983398 -0.07024320960044861 3.5899524688720703
v -0.5708209872245789 -0.07250556349754333 3.5856220722198486
v -0.5691487789154053 -0.07116124033927917 3.587324380874634
v -0.5446630716323853 -0.062340378761291504 3.532517671585083
v -0.5614433884620667 -0.07660374045372009 3.53052020072937
v -0.5617168545722961 -0.07966578006744385 3.5285136699676514
v -0.5590421557426453 -0.07736288011074066 3.5250394344329834
v -0.5588444471359253 -0.07446505129337311 3.5271823406219482
v -0.5691220760345459 -0.070139080286026 3.529813289642334
v -0.5658453702926636 -0.07079759240150452 3.532271385192871
v -0.5627999305725098 -0.06821620464324951 3.528477430343628
v -0.5664756894111633 -0.06714040040969849 3.526599884033203
v -0.5718302130699158 -0.07264536619186401 3.526496410369873
v -0.5693068504333496 -0.06964047253131866 3.5227038860321045
v -0.5624536275863647 -0.0642612874507904 3.5216734409332275
v -0.5587969422340393 -0.06573610007762909 3.5248141288757324
v -0.5524067282676697 -0.06247599422931671 3.5182437896728516
v -0.5557499527931213 -0.05988004803657532 3.5147924423217773
v -0.5498340725898743 -0.07342822849750519 3.504862070083618
v -0.5463337302207947 -0.0731668472290039 3.5073702335357666
v -0.5509074926376343 -0.07515424489974976 3.5128095149993896
v -0.553428053855896 -0.0758729875087738 3.5088846683502197
v -0.5630857348442078 -0.07338449358940125 3.531911849975586
v -0.5600134134292603 -0.0711541622877121 3.5283820629119873
v -0.5595241189002991 -0.07881057262420654 3.516183853149414
v -0.5569804310798645 -0.07794737815856934 3.519275426864624
v -0.5604498386383057 -0.07964076101779938 3.522474765777588
v -0.5629363059997559 -0.080614373087883 3.519932985305786
v -0.5438489317893982 -0.07143357396125793 3.5105597972869873
v -0.543069064617157 -0.06857259571552277 3.5148608684539795
v -0.5484665632247925 -0.06969346106052399 3.5175998210906982
v -0.549147367477417 -0.07288756966590881 3.5154190063476562
v -0.549743115901947 -0.06653225421905518 3.5183238983154297
v -0.5626493692398071 -0.07691618800163269 3.514084815979004
v -0.5652249455451965 -0.07223393023014069 3.514840841293335
v -0.5590234398841858 -0.06878267228603363 3.506732940673828
v -0.5566264390945435 -0.07369543612003326 3.5078182220458984
v -0.5564085841178894 -0.06910702586174011 3.5248663425445557
v -0.555321455001831 -0.07560788094997406 3.5215084552764893
v -0.5552409887313843 -0.07234816253185272 3.5240299701690674
v -0.5654192566871643 -0.06647838652133942 3.5172278881073
v -0.5688691139221191 -0.07473227381706238 3.5197231769561768
v -0.5727831125259399 -0.0846031904220581 3.5270729064941406
v -0.5691984295845032 -0.0814865231513977 3.522402048110962
v -0.5660405158996582 -0.08324407041072845 3.523607015609741
v -0.5700157284736633 -0.0861450582742691 3.5282464027404785
v -0.5662633180618286 -0.07895585894584656 3.5187606811523438
v -0.5715046525001526 -0.07747019827365875 3.523348808288574
v -0.5649365186691284 -0.07945364713668823 3.5352680683135986
v -0.5651601552963257 -0.08251871168613434 3.5328869819641113
v -0.5668269395828247 -0.0765216052532196 3.5371086597442627
v -0.5594467520713806 -0.06137348711490631 3.509902000427246
v -0.5725797414779663 -0.07364901900291443 3.5352847576141357
v -0.5694180727005005 -0.07432131469249725 3.537276268005371
v -0.5632087588310242 -0.08206459879875183 3.525707244873047
v -0.5671873688697815 -0.0850244015455246 3.53049635887146
v -0.5751006603240967 -0.08079199492931366 3.5288050174713135
v -0.5750765204429626 -0.07604415714740753 3.5319693088531494
v -0.5781183242797852 -0.08313699066638947 3.5327136516571045
v -0.5780534148216248 -0.07842591404914856 3.5358774662017822
v -0.5752410888671875 -0.07607536017894745 3.539353370666504
v -0.5718210339546204 -0.07649236917495728 3.540506362915039
v -0.5690252184867859 -0.07855875790119171 3.539577007293701
v -0.5757554769515991 -0.08675402402877808 3.5314929485321045
v -0.5727177858352661 -0.0877419263124466 3.531752347946167
v -0.5698675513267517 -0.08644890785217285 3.5334858894348145
v -0.5780044198036194 -0.08791607618331909 3.535099506378174
v -0.5809271335601807 -0.08457376062870026 3.537600517272949
v -0.5800890326499939 -0.08228917419910431 3.5503735542297363
v -0.5782537460327148 -0.08042044937610626 3.547032117843628
v -0.580221951007843 -0.08109995722770691 3.546382427215576
v -0.5818902850151062 -0.08211790025234222 3.549466133117676
v -0.5774456262588501 -0.07850484549999237 3.5427680015563965
v -0.5796118974685669 -0.07973097264766693 3.543696403503418
v -0.5808389186859131 -0.08095769584178925 3.5407938957214355
v -0.5826206803321838 -0.08216361701488495 3.544325828552246
v -0.5833743214607239 -0.08502167463302612 3.542191743850708
v -0.5849205851554871 -0.08685600757598877 3.545534133911133
v -0.5846663117408752 -0.08339019119739532 3.547626256942749
v -0.5820155143737793 -0.08363240957260132 3.5399346351623535
v -0.5836714506149292 -0.08310189843177795 3.551556348800659
v -0.5825933814048767 -0.08413371443748474 3.5526411533355713
v -0.579738974571228 -0.08013981580734253 3.5388712882995605
v -0.5740252733230591 -0.0785357803106308 3.5432517528533936
v -0.5763437747955322 -0.080828458070755 3.548158645629883
v -0.5784856081008911 -0.08330933749675751 3.5510470867156982
v -0.5808979868888855 -0.08592177927494049 3.5525295734405518
v -0.5743462443351746 -0.0822780579328537 3.547161102294922
v -0.5768713355064392 -0.0848097950220108 3.5500595569610596
v -0.5791891813278198 -0.08712363243103027 3.55133318901062
v -0.5730015635490417 -0.08439745008945465 3.545293092727661
v -0.5758219957351685 -0.08648788928985596 3.548363447189331
v -0.5699908137321472 -0.0825362503528595 3.5410518646240234
v -0.571527898311615 -0.08014653623104095 3.542659044265747
v -0.5779730677604675 -0.08770114183425903 3.5500919818878174
v -0.5848597884178162 -0.08684194087982178 3.551316499710083
v -0.5827864408493042 -0.08829629421234131 3.55137300491333
v -0.5860753655433655 -0.08481191098690033 3.5500853061676025
v -0.5824940204620361 -0.08751095831394196 3.54062819480896
v -0.5842679142951965 -0.08912071585655212 3.545016288757324
v -0.5802248120307922 -0.08939559757709503 3.539548873901367
v -0.5821748971939087 -0.09063450992107391 3.5445733070373535
v -0.5852730870246887 -0.08881312608718872 3.5484800338745117
v -0.5861546397209167 -0.08724004030227661 3.547994613647461
v -0.5676167011260986 -0.08118847012519836 3.538499355316162
v -0.5679410099983215 -0.08408002555370331 3.536252737045288
v -0.570054292678833 -0.08538898825645447 3.5387179851531982
v -0.5730525851249695 -0.08698144555091858 3.543238639831543
v -0.5720096230506897 -0.08776018023490906 3.536421537399292
v -0.5751043558120728 -0.08879469335079193 3.5355403423309326
v -0.5775861740112305 -0.09026910364627838 3.539677858352661
v -0.5746653079986572 -0.08945409953594208 3.5406219959259033
v -0.5798900723457336 -0.0910087525844574 3.544837713241577
v -0.5775536894798279 -0.0903383195400238 3.5454862117767334
v -0.5759984850883484 -0.08849884569644928 3.546739101409912
v -0.5809807777404785 -0.09028258919715881 3.548583745956421
v -0.5832038521766663 -0.09003497660160065 3.5486979484558105
v -0.5806351900100708 -0.08890597522258759 3.550665855407715
v -0.579240620136261 -0.09007033705711365 3.548247814178467
v -0.5786803960800171 -0.08897432684898376 3.5494444370269775
v -0.5528833866119385 -0.07188655436038971 3.5037107467651367
v -0.4717627167701721 -0.015568076632916927 3.532309055328369
v -0.47438204288482666 -0.019564328715205193 3.5336291790008545
v -0.4653317332267761 -0.0315629243850708 3.5323288440704346
v -0.4707321226596832 -0.02915319614112377 3.5330867767333984
v -0.4597771167755127 -0.029840944334864616 3.5310792922973633
v -0.45691728591918945 -0.02060779742896557 3.529597520828247
v -0.45698365569114685 -0.025449929758906364 3.5304641723632812
v -0.4742920994758606 -0.024211613461375237 3.5342636108398438
v -0.466895192861557 -0.013498186133801937 3.531782627105713
v -0.46090343594551086 -0.015785304829478264 3.5308117866516113
v -0.465397447347641 -0.011714606545865536 3.5405147075653076
v -0.45922979712486267 -0.013931899331510067 3.5403590202331543
v -0.4551486670970917 -0.019098667427897453 3.5401532649993896
v -0.4553952217102051 -0.024725792929530144 3.5392749309539795
v -0.4584767818450928 -0.02929624728858471 3.5384700298309326
v -0.47071966528892517 -0.013755409978330135 3.541027307510376
v -0.47347643971443176 -0.018274573609232903 3.5403521060943604
v -0.47307589650154114 -0.02413719706237316 3.5404458045959473
v -0.46964937448501587 -0.01204830314964056 3.5488789081573486
v -0.4644675552845001 -0.009250490926206112 3.552608013153076
v -0.45284518599510193 -0.0168610792607069 3.561066150665283
v -0.45320555567741394 -0.0177441518753767 3.5558977127075195
v -0.45422741770744324 -0.013920276425778866 3.5568158626556396
v -0.4530392289161682 -0.012631474994122982 3.56074595451355
v -0.4543008506298065 -0.01727127842605114 3.550304412841797
v -0.4552677273750305 -0.014002262614667416 3.5540401935577393
v -0.45816656947135925 -0.010592459701001644 3.554821491241455
v -0.45723456144332886 -0.009214996360242367 3.557598114013672
v -0.4614908993244171 -0.008336066268384457 3.555713176727295
v -0.46190035343170166 -0.0068544731475412846 3.55855393409729
v -0.455864816904068 -0.007665364537388086 3.5614376068115234
v -0.4530552923679352 -0.011380194686353207 3.5644187927246094
v -0.45564407110214233 -0.007990031503140926 3.565397262573242
v -0.4534633755683899 -0.014464198611676693 3.565669059753418
v -0.45867985486984253 -0.012057780288159847 3.550626277923584
v -0.45425280928611755 -0.02343791536986828 3.5470190048217773
v -0.45379194617271423 -0.022122500464320183 3.55472731590271
v -0.45416033267974854 -0.020604608580470085 3.561436414718628
v -0.4557362496852875 -0.018025187775492668 3.565343141555786
v -0.45700302720069885 -0.026285437867045403 3.5543153285980225
v -0.45757120847702026 -0.023594407364726067 3.5606141090393066
v -0.4589384198188782 -0.020362375304102898 3.564486265182495
v -0.4619199335575104 -0.027518002316355705 3.553532123565674
v -0.46152547001838684 -0.024013696238398552 3.560333490371704
v -0.46282774209976196 -0.030330447480082512 3.5445194244384766
v -0.4573380947113037 -0.028358219191432 3.545257091522217
v -0.461342990398407 -0.021488068625330925 3.563425064086914
v -0.4568193554878235 -0.01074185874313116 3.5675511360168457
v -0.45959794521331787 -0.014511912129819393 3.5675199031829834
v -0.4656711518764496 -0.00800278689712286 3.5583336353302
v -0.46102121472358704 -0.0059707448817789555 3.5622355937957764
v -0.46456247568130493 -0.007781891617923975 3.5622916221618652
v -0.46919482946395874 -0.011012344621121883 3.557292938232422
v -0.46712034940719604 -0.0110931983217597 3.5625576972961426
v -0.46196848154067993 -0.008141993544995785 3.566675901412964
v -0.4593704342842102 -0.006014971528202295 3.564530611038208
v -0.46370041370391846 -0.031001446768641472 3.537693500518799
v -0.46913576126098633 -0.02895176224410534 3.539060354232788
v -0.46836939454078674 -0.0281007569283247 3.5445778369903564
v -0.46754178404808044 -0.02539387159049511 3.5539193153381348
v -0.4724116027355194 -0.02278217487037182 3.5459940433502197
v -0.47282874584198 -0.01666092686355114 3.5474817752838135
v -0.4711330831050873 -0.015550701878964901 3.556666612625122
v -0.4706171751022339 -0.020891336724162102 3.55477237701416
v -0.4680904746055603 -0.015053360722959042 3.56187105178833
v -0.4676321744918823 -0.01897403411567211 3.561067581176758
v -0.4650951027870178 -0.02217012457549572 3.5605223178863525
v -0.4650266170501709 -0.015567868016660213 3.565068244934082
v -0.463920921087265 -0.01196980383247137 3.566253185272217
v -0.4617921710014343 -0.01741844229400158 3.5659384727478027
v -0.4653664827346802 -0.017973272129893303 3.5637166500091553
v -0.46348413825035095 -0.019646434113383293 3.564551830291748
v -0.5425377488136292 -0.07346867024898529 3.5029711723327637
v -0.5390017032623291 -0.07117930054664612 3.5070669651031494
v -0.5350800156593323 -0.07107299566268921 3.501535415649414
v -0.5304374098777771 -0.07119789719581604 3.494582414627075
v -0.531093180179596 -0.07218724489212036 3.4848766326904297
v -0.5263893008232117 -0.067098468542099 3.4969935417175293
v -0.5315285325050354 -0.06708449125289917 3.504741907119751
v -0.5366166234016418 -0.06703799962997437 3.512460231781006
v -0.5196282863616943 -0.0631636381149292 3.4942171573638916
v -0.11915923655033112 0.4548320770263672 3.3922324180603027
v -0.11582692712545395 0.45570874214172363 3.393479585647583
v -0.1178906187415123 0.4489856958389282 3.390842914581299
v -0.12069544196128845 0.449374258518219 3.3898191452026367
v -0.11029578745365143 0.44887232780456543 3.391679286956787
v -0.11423894017934799 0.44863152503967285 3.3915419578552246
v -0.11096794903278351 0.45655256509780884 3.3941404819488525
v -0.10559968650341034 0.4565622806549072 3.393021821975708
v -0.09835889935493469 0.4532775282859802 3.38840913772583
v -0.0966387614607811 0.4519408941268921 3.388045310974121
v -0.0972050279378891 0.450896680355072 3.388254404067993
v -0.09932412952184677 0.45072323083877563 3.388763427734375
v -0.1026269719004631 0.4499664902687073 3.3900935649871826
v -0.12436754256486893 0.4519461989402771 3.388169288635254
v -0.12343724071979523 0.4529939293861389 3.3891313076019287
v -0.12157296389341354 0.45395857095718384 3.390890598297119
v -0.10630962252616882 0.44955164194107056 3.3919975757598877
v -0.1228870153427124 0.4501049518585205 3.388608694076538
v -0.12416999042034149 0.45097124576568604 3.38796329498291
v -0.10124444216489792 0.45536214113235474 3.3904671669006348
v -0.11070671677589417 0.45121848583221436 3.3926243782043457
v -0.11478236317634583 0.45082753896713257 3.3919620513916016
v -0.1110401377081871 0.454048752784729 3.3940176963806152
v -0.10630108416080475 0.45429784059524536 3.3932745456695557
v -0.10088478773832321 0.45184338092803955 3.389592409133911
v -0.10312658548355103 0.4517940878868103 3.3910975456237793
v -0.11808458715677261 0.45090174674987793 3.3914947509765625
v -0.10659728944301605 0.451593279838562 3.3921518325805664
v -0.11542874574661255 0.45344406366348267 3.3933663368225098
v -0.10249175131320953 0.45364660024642944 3.3911283016204834
v -0.10049457103013992 0.4528759717941284 3.3898353576660156
v -0.12354350835084915 0.4518929719924927 3.3893442153930664
v -0.12342283129692078 0.45119792222976685 3.3884387016296387
v -0.0989115834236145 0.21319907903671265 3.330366373062134
v -0.09942392259836197 0.19466760754585266 3.3364033699035645
v -0.11860883235931396 0.45276784896850586 3.391768217086792
v -0.12233740091323853 0.45099198818206787 3.389099597930908
v -0.12053804844617844 0.4508768916130066 3.3901820182800293
v -0.12096990644931793 0.4526386857032776 3.391221523284912
v -0.1226205825805664 0.4522244334220886 3.3900623321533203
v -0.3103832006454468 0.12019264698028564 3.274930715560913
v -0.3210144340991974 0.13093119859695435 3.280177354812622
v -0.35553500056266785 0.15963923931121826 3.2530605792999268
v -0.3570767045021057 0.16569656133651733 3.2321245670318604
v -0.137527197599411 -0.06765483319759369 3.3198935985565186
v -0.18308405578136444 0.021649928763508797 3.14227557182312
v -0.18528887629508972 0.04012037813663483 3.1430869102478027
v -0.1120641827583313 0.04559195041656494 3.1238842010498047
v -0.1310071349143982 0.041375234723091125 3.12386155128479
v -0.21434445679187775 -0.021212248131632805 3.2449777126312256
v -0.21333110332489014 -0.004563501570373774 3.249516725540161
v -0.17264950275421143 -0.04314129054546356 3.29599666595459
v -0.17235343158245087 -0.023744402453303337 3.301468849182129
v -0.20573881268501282 -0.04585070163011551 3.259965658187866
v -0.15542231500148773 -0.006146869156509638 3.118760824203491
v -0.17342010140419006 -0.010320945642888546 3.1259758472442627
v -0.16812822222709656 0.00909650418907404 3.1311838626861572
v -0.1508406698703766 0.014594369567930698 3.1235108375549316
v -0.09411456435918808 0.04712805151939392 3.1292636394500732
v -0.09433501958847046 0.025351958349347115 3.1274020671844482
v -0.22054257988929749 0.02028176374733448 3.2314114570617676
v -0.22088554501533508 0.028174342587590218 3.2058603763580322
v -0.2026498019695282 0.04572826623916626 3.162945508956909
v -0.18749934434890747 0.05597291886806488 3.147054433822632
v -0.17080333828926086 0.06602585315704346 3.1369309425354004
v -0.15286749601364136 0.07535430788993835 3.1308932304382324
v -0.15662801265716553 -0.0063803778029978275 3.320931911468506
v -0.13853083550930023 0.012045406736433506 3.334606885910034
v -0.2133427858352661 0.012930781580507755 3.2553622722625732
v -0.09632754325866699 -0.012506945990025997 3.3454158306121826
v -0.13798774778842926 0.10524392127990723 3.1255993843078613
v -0.11595599353313446 0.11014162003993988 3.1241817474365234
v -0.21454212069511414 0.036523014307022095 3.1826045513153076
v -0.1129479631781578 0.14838647842407227 3.3551554679870605
v -0.12989996373653412 0.15065497159957886 3.353731393814087
v -0.1285814791917801 0.13418133556842804 3.36116623878479
v -0.11161606013774872 0.1314345896244049 3.3617801666259766
v -0.14446794986724854 0.13564381003379822 3.3595082759857178
v -0.15955202281475067 0.1366250216960907 3.356153726577759
v -0.17317630350589752 0.1370593011379242 3.351938009262085
v -0.20361469686031342 0.13394007086753845 3.332552671432495
v -0.19502387940883636 0.13542558252811432 3.339566946029663
v -0.2171376645565033 0.1285373568534851 3.3166351318359375
v -0.21078558266162872 0.13197150826454163 3.3254706859588623
v -0.22307969629764557 0.12107452750205994 3.3058817386627197
v -0.22756943106651306 0.11290878057479858 3.292771577835083
v -0.2311175912618637 0.11966349184513092 3.2709574699401855
v -0.2304755598306656 0.10565871000289917 3.276526689529419
v -0.2261158972978592 0.09916254878044128 3.299872875213623
v -0.22195763885974884 0.10783353447914124 3.3132362365722656
v -0.21609185636043549 0.1145980954170227 3.3232028484344482
v -0.09369766712188721 0.07007777690887451 3.362128257751465
v -0.09289991855621338 0.0921224057674408 3.367250919342041
v -0.09753670543432236 0.23066627979278564 3.3254964351654053
v -0.45782095193862915 -0.006268455181270838 3.272386074066162
v -0.45776909589767456 -0.0017187581397593021 3.408355236053467
v -0.10217172652482986 0.2866427004337311 3.184013605117798
v -0.11998410522937775 0.29003962874412537 3.184129238128662
v -0.17948758602142334 0.29703617095947266 3.2006592750549316
v -0.19632717967033386 0.2995387315750122 3.2201125621795654
v -0.15882784128189087 0.2927699685096741 3.18935489654541
v -0.13870368897914886 0.2866981029510498 3.1820967197418213
v -0.19900092482566833 0.024065257981419563 3.2811670303344727
v -0.11963512748479843 0.2602490186691284 3.166168212890625
v -0.1396000236272812 0.2776370942592621 3.1749019622802734
v -0.16126924753189087 0.2838985025882721 3.180582284927368
v -0.18484610319137573 0.28858572244644165 3.1928672790527344
v -0.2084532082080841 0.29055851697921753 3.211359977722168
v -0.22341793775558472 0.2840946316719055 3.2169220447540283
v -0.2419203519821167 0.266928493976593 3.208211660385132
v -0.25196391344070435 0.26318594813346863 3.2141690254211426
v -0.2630668580532074 0.2590394616127014 3.2195751667022705
v -0.2666374742984772 0.2654786705970764 3.2366597652435303
v -0.2547566890716553 0.27030014991760254 3.230968713760376
v -0.3355860114097595 0.19555753469467163 3.2278854846954346
v -0.3433704376220703 0.18074291944503784 3.2207744121551514
v -0.345659077167511 0.16960972547531128 3.210036277770996
v -0.3433782756328583 0.16012704372406006 3.1998002529144287
v -0.3355334401130676 0.15378403663635254 3.1920218467712402
v -0.3237677812576294 0.14990925788879395 3.1869819164276123
v -0.30920252203941345 0.15325617790222168 3.1840813159942627
v -0.2706126272678375 0.16867801547050476 3.184473991394043
v -0.25859424471855164 0.1733694076538086 3.1855204105377197
v -0.23575422167778015 0.16127222776412964 3.1778738498687744
v -0.23174290359020233 0.1565253734588623 3.1738555431365967
v -0.21667948365211487 0.13518959283828735 3.1592962741851807
v -0.20873373746871948 0.12227538228034973 3.152985095977783
v -0.1973075270652771 0.10949838161468506 3.1460072994232178
v -0.18151885271072388 -0.11457515507936478 3.0978598594665527
v -0.20006418228149414 -0.11366991698741913 3.1094143390655518
v -0.19400420784950256 -0.09436992555856705 3.114318609237671
v -0.1751485913991928 -0.09586253762245178 3.103644371032715
v -0.12460239231586456 -0.050746116787195206 3.10831618309021
v -0.1009773388504982 -0.04940246045589447 3.109942674636841
v -0.2369183897972107 -0.0949682965874672 3.165327787399292
v -0.2417604625225067 -0.09717675298452377 3.1908061504364014
v -0.21119648218154907 -0.09284643828868866 3.1275906562805176
v -0.22529394924640656 -0.09453372657299042 3.144382953643799
v -0.23958177864551544 -0.10068047046661377 3.216299295425415
v -0.18163065612316132 -0.12596088647842407 3.295372724533081
v -0.1620158851146698 -0.1316329836845398 3.3099358081817627
v -0.1208893433213234 -0.13998956978321075 3.331892728805542
v -0.10001344978809357 -0.14169038832187653 3.3386383056640625
v -0.23129713535308838 -0.10698242485523224 3.2399606704711914
v -0.1415962129831314 -0.13641129434108734 3.322620153427124
v -0.21817979216575623 -0.11399766802787781 3.2607173919677734
v -0.20076338946819305 -0.1204475536942482 3.2787363529205322
v -0.1447964608669281 -0.05204649642109871 3.1102912425994873
v -0.14973074197769165 -0.07557927817106247 3.1031768321990967
v -0.16867832839488983 -0.07545574754476547 3.108581066131592
v -0.11706909537315369 0.1751512885093689 3.1278319358825684
v -0.1362801194190979 0.17743855714797974 3.1282601356506348
v -0.1560903936624527 0.1803383231163025 3.1290390491485596
v -0.1713251918554306 0.20303547382354736 3.1363604068756104
v -0.1735583245754242 0.18620902299880981 3.1335229873657227
v -0.18974316120147705 0.19065219163894653 3.140570878982544
v -0.18754549324512482 0.2065737545490265 3.142958879470825
v -0.2169322371482849 0.20816460251808167 3.162039279937744
v -0.21623462438583374 0.19644546508789062 3.160339117050171
v -0.226608008146286 0.19775328040122986 3.1671903133392334
v -0.2283974587917328 0.20833367109298706 3.1661882400512695
v -0.2368209958076477 0.19796425104141235 3.169180393218994
v -0.24640533328056335 0.1983361840248108 3.1738297939300537
v -0.25718092918395996 0.19736981391906738 3.1791393756866455
v -0.26936599612236023 0.19502341747283936 3.1819040775299072
v -0.27604907751083374 0.21587398648262024 3.187488317489624
v -0.2640703618526459 0.21867138147354126 3.183480739593506
v -0.21963492035865784 0.22076022624969482 3.1644136905670166
v -0.20429882407188416 0.22186535596847534 3.1570451259613037
v -0.11682302504777908 0.20517495274543762 3.140190362930298
v -0.09866064041852951 0.20140951871871948 3.144266128540039
v -0.23254810273647308 0.10475307703018188 3.2560057640075684
v -0.23441322147846222 0.10585032403469086 3.234243392944336
v -0.23541662096977234 0.10931310057640076 3.2150003910064697
v -0.2343406230211258 0.11509861052036285 3.1991703510284424
v -0.23179000616073608 0.12318587303161621 3.1852729320526123
v -0.2276083081960678 0.13280326128005981 3.173731803894043
v -0.2273908257484436 0.15073150396347046 3.169445276260376
v -0.22257985174655914 0.1436958909034729 3.1650502681732178
v -0.22337722778320312 0.16146889328956604 3.1640584468841553
v -0.2175815999507904 0.15551963448524475 3.157951593399048
v -0.21249741315841675 0.16766357421875 3.1533331871032715
v -0.2073765993118286 0.18036097288131714 3.150322914123535
v -0.20387858152389526 0.19442981481552124 3.1504132747650146
v -0.20257945358753204 0.2084193229675293 3.1527647972106934
v -0.18818101286888123 0.22213327884674072 3.1486027240753174
v -0.17152489721775055 0.2193806767463684 3.1417911052703857
v -0.15445560216903687 0.23215889930725098 3.1452419757843018
v -0.15667158365249634 0.24727076292037964 3.1537020206451416
v -0.15335802733898163 0.21488869190216064 3.1383376121520996
v -0.153562992811203 0.19821295142173767 3.132328748703003
v -0.16290684044361115 0.3150305449962616 3.2208657264709473
v -0.14523471891880035 0.3123122751712799 3.2081918716430664
v -0.3089635670185089 0.1682147979736328 3.1855645179748535
v -0.3036792278289795 0.16555586457252502 3.184000015258789
v -0.30633723735809326 0.16049432754516602 3.184023380279541
v -0.3160921335220337 0.16127878427505493 3.186499834060669
v -0.3249799609184265 0.16477161645889282 3.1907479763031006
v -0.32028841972351074 0.17951709032058716 3.1937174797058105
v -0.31542736291885376 0.17334067821502686 3.1896419525146484
v -0.33100733160972595 0.1711118221282959 3.196998119354248
v -0.333667516708374 0.1795494556427002 3.204923152923584
v -0.32302922010421753 0.18741166591644287 3.200329542160034
v -0.332999050617218 0.18872636556625366 3.2118101119995117
v -0.32385867834091187 0.19496256113052368 3.2060506343841553
v -0.32828080654144287 0.19951492547988892 3.2171688079833984
v -0.322861909866333 0.2015572190284729 3.2112064361572266
v -0.2961485683917999 0.2252277135848999 3.204704999923706
v -0.3072315454483032 0.21757382154464722 3.2076938152313232
v -0.3168443441390991 0.20816558599472046 3.2094149589538574
v -0.2818223536014557 0.19093084335327148 3.183169364929199
v -0.294325053691864 0.18645203113555908 3.185723304748535
v -0.30541783571243286 0.1801600456237793 3.187706708908081
v -0.30992603302001953 0.1869443655014038 3.191131353378296
v -0.2980037331581116 0.19454842805862427 3.1885838508605957
v -0.2858201563358307 0.19998463988304138 3.186023235321045
v -0.11621446907520294 0.1898505687713623 3.132725715637207
v -0.13436080515384674 0.19445830583572388 3.131190061569214
v -0.23962154984474182 0.20864221453666687 3.1706058979034424
v -0.2497466802597046 0.20818272233009338 3.175482988357544
v -0.2598559558391571 0.20691516995429993 3.1794302463531494
v -0.2725748121738434 0.20494040846824646 3.1833670139312744
v -0.2532632648944855 0.21958276629447937 3.178647041320801
v -0.2428586781024933 0.2200380563735962 3.173815965652466
v -0.23149214684963226 0.22032430768013 3.169114589691162
v -0.13483926653862 0.21039560437202454 3.1381378173828125
v -0.09830931574106216 0.18655109405517578 3.134700298309326
v -0.24956482648849487 0.21727710962295532 3.3005151748657227
v -0.25871139764785767 0.24034005403518677 3.298225164413452
v -0.2678222358226776 0.25750648975372314 3.2822647094726562
v -0.27015218138694763 0.26639288663864136 3.2595877647399902
v -0.3881913125514984 0.012539179064333439 3.216172933578491
v -0.09499777108430862 0.0036529689095914364 3.1231658458709717
v -0.09755031019449234 -0.021315081045031548 3.11749529838562
v -0.118194580078125 -0.024114904925227165 3.1126182079315186
v -0.0959225744009018 0.11126483976840973 3.1237471103668213
v -0.09812961518764496 0.17343884706497192 3.128826856613159
v -0.1816871166229248 0.10720133781433105 3.3619191646575928
v -0.17002852261066437 0.10774627327919006 3.3671908378601074
v -0.1714426577091217 0.1219133734703064 3.359754800796509
v -0.1833707094192505 0.12143337726593018 3.354694366455078
v -0.20069891214370728 0.1059161126613617 3.3473129272460938
v -0.19228453934192657 0.10637602210044861 3.35499906539917
v -0.19363243877887726 0.12077179551124573 3.3484551906585693
v -0.20241743326187134 0.1196027398109436 3.3411295413970947
v -0.20824100077152252 0.10434016585350037 3.33955979347229
v -0.20967842638492584 0.11818605661392212 3.332937717437744
v -0.19032424688339233 0.0919443666934967 3.360192060470581
v -0.180294007062912 0.09210577607154846 3.3667285442352295
v -0.1688203066587448 0.09276950359344482 3.37180233001709
v -0.205836683511734 0.09120309352874756 3.3436877727508545
v -0.19891901314258575 0.09165003895759583 3.351506471633911
v -0.08106058090925217 0.34382086992263794 3.363337516784668
v -0.07833367586135864 0.34578782320022583 3.3780758380889893
v -0.07217853516340256 0.3836633861064911 3.3980672359466553
v -0.07250412553548813 0.38796547055244446 3.3963770866394043
v -0.09476440399885178 0.2580762207508087 3.318983793258667
v -0.09364287555217743 0.27039623260498047 3.3185482025146484
v -0.09388776123523712 0.11117158830165863 3.366469144821167
v -0.09622738510370255 0.14583978056907654 3.356600046157837
v -0.0983157604932785 0.15893113613128662 3.3472354412078857
v -0.09921536594629288 0.17586395144462585 3.34116530418396
v -0.09647899121046066 0.24556571245193481 3.3214616775512695
v -0.09513145685195923 0.12848424911499023 3.362494945526123
v -0.2509510815143585 -0.2850433886051178 3.1415812969207764
v -0.2324579805135727 -0.3060612678527832 3.127415418624878
v -0.23818250000476837 -0.277668833732605 3.124188184738159
v -0.22364474833011627 -0.2925240099430084 3.113196849822998
v -0.24718046188354492 -0.2055061310529709 3.1386356353759766
v -0.24701717495918274 -0.23252663016319275 3.1352415084838867
v -0.24669566750526428 -0.17711563408374786 3.1401867866516113
v -0.20304948091506958 -0.30102044343948364 3.1012229919433594
v -0.17676129937171936 -0.30432412028312683 3.091919183731079
v -0.1739291548728943 -0.2828441560268402 3.0815541744232178
v -0.23195628821849823 -0.18115577101707458 3.1181702613830566
v -0.23223768174648285 -0.20786970853805542 3.1170883178710938
v -0.22922438383102417 -0.2728258967399597 3.1146926879882812
v -0.24511998891830444 -0.2570376396179199 3.1305973529815674
v -0.231122225522995 -0.2573621869087219 3.1146631240844727
v -0.1993722915649414 -0.28211385011672974 3.0926051139831543
v -0.21774965524673462 -0.27837714552879333 3.1056041717529297
v -0.13863353431224823 -0.119090236723423 3.087932586669922
v -0.11547486484050751 -0.13785910606384277 3.080003023147583
v -0.14413978159427643 -0.13834984600543976 3.081231117248535
v -0.2181214690208435 -0.1116318628191948 3.12314772605896
v -0.20745787024497986 -0.1314445585012436 3.1046159267425537
v -0.21628093719482422 -0.2599962055683136 3.1006155014038086
v -0.19694212079048157 -0.2594285309314728 3.086637258529663
v -0.17201685905456543 -0.2586025297641754 3.0749151706695557
v -0.17256268858909607 -0.1828487366437912 3.074387311935425
v -0.17178374528884888 -0.20732493698596954 3.0714688301086426
v -0.19514048099517822 -0.2084181308746338 3.0829620361328125
v -0.1957700401544571 -0.18259510397911072 3.08516788482666
v -0.21246051788330078 -0.15536081790924072 3.1008310317993164
v -0.21532832086086273 -0.181308314204216 3.0991740226745605
v -0.1711883842945099 -0.15916219353675842 3.0799062252044678
v -0.19308772683143616 -0.15738199651241302 3.0882692337036133
v -0.18782231211662292 -0.1343015879392624 3.093378782272339
v -0.21567046642303467 -0.20858582854270935 3.098677635192871
v -0.14177943766117096 -0.23218706250190735 3.0640933513641357
v -0.17059588432312012 -0.23435011506080627 3.0715339183807373
v -0.11028295755386353 -0.23088428378105164 3.065903902053833
v -0.16692735254764557 -0.13681335747241974 3.0861549377441406
v -0.1612929254770279 -0.11564000695943832 3.0917277336120605
v -0.15538524091243744 -0.09505833685398102 3.097275972366333
v -0.13975965976715088 -0.02689219079911709 3.113374710083008
v -0.21381187438964844 -0.44272083044052124 3.3831372261047363
v -0.0808204635977745 -0.31525686383247375 3.244769334793091
v -0.08099112659692764 -0.3176821768283844 3.2156693935394287
v -0.2558591365814209 -0.21843205392360687 3.2498674392700195
v -0.27007150650024414 -0.25570791959762573 3.184514284133911
v -0.2594473958015442 -0.2569616138935089 3.151322603225708
v -0.1023663729429245 -0.2865373194217682 3.3084990978240967
v -0.0882788747549057 -0.3017956018447876 3.290123462677002
v -0.23769505321979523 -0.21652255952358246 3.276991367340088
v -0.18345481157302856 -0.24174636602401733 3.317265033721924
v -0.08285339921712875 -0.3108106255531311 3.2683162689208984
v -0.2322874814271927 -0.2347118854522705 3.1161575317382812
v -0.21616683900356293 -0.23565231263637543 3.0987954139709473
v -0.19584518671035767 -0.23508362472057343 3.083559036254883
v -0.14175556600093842 -0.2577238976955414 3.0684239864349365
v -0.10916543006896973 -0.25332480669021606 3.0697717666625977
v -0.09605304151773453 -0.2429765909910202 3.3029417991638184
v -0.09277861565351486 -0.23891425132751465 3.310561180114746
v -0.08445984125137329 -0.24035105109214783 3.3101372718811035
v -0.08450533449649811 -0.24893565475940704 3.3004517555236816
v -0.18166667222976685 -0.1417599767446518 3.2963666915893555
v -0.1602337807416916 -0.14720915257930756 3.31024432182312
v -0.11725851893424988 -0.15506769716739655 3.3309485912323
v -0.0970829650759697 -0.15722209215164185 3.33663010597229
v -0.23593997955322266 -0.12335155159235 3.243069887161255
v -0.13830076158046722 -0.15174500644207 3.322026252746582
v -0.2219439446926117 -0.13007143139839172 3.2639079093933105
v -0.20268186926841736 -0.13635441660881042 3.280672311782837
v -0.18952539563179016 -0.8545922636985779 3.211052656173706
v -0.19259792566299438 -0.8804562091827393 3.2032244205474854
v -0.19297558069229126 -0.8739476203918457 3.187994956970215
v -0.1862628012895584 -0.8484117984771729 3.198293447494507
v -0.20101818442344666 -0.8351704478263855 3.172363042831421
v -0.18969851732254028 -0.8397175073623657 3.179410457611084
v -0.21553197503089905 -0.834076464176178 3.1703760623931885
v -0.21396410465240479 -0.8628732562065125 3.1583752632141113
v -0.2257775217294693 -0.865240216255188 3.163790702819824
v -0.22871004045009613 -0.8360843062400818 3.1723031997680664
v -0.23784250020980835 -0.8392608165740967 3.1806318759918213
v -0.24165096879005432 -0.8713628053665161 3.1826694011688232
v -0.24613028764724731 -0.8762561082839966 3.1998353004455566
v -0.24968001246452332 -0.8501759171485901 3.2087960243225098
v -0.24456964433193207 -0.8436723947525024 3.193436861038208
v -0.24631580710411072 -0.8603298664093018 3.224846601486206
v -0.24296589195728302 -0.8847893476486206 3.216160535812378
v -0.2327001988887787 -0.865901529788971 3.2340080738067627
v -0.197738379240036 -0.8600687384605408 3.2222564220428467
v -0.1975875198841095 -0.8858394622802734 3.2178211212158203
v -0.20055967569351196 -0.8634117841720581 3.160536289215088
v -0.19166269898414612 -0.867970883846283 3.1704800128936768
v -0.18475711345672607 -0.8442327976226807 3.187983751296997
v -0.1924854815006256 -0.8706009387969971 3.179439067840576
v -0.19242937862873077 -0.9020484685897827 3.185972213745117
v -0.18925033509731293 -0.9055136442184448 3.200761318206787
v -0.1994568407535553 -0.891718864440918 3.1518213748931885
v -0.19495457410812378 -0.8956915140151978 3.1651086807250977
v -0.22357723116874695 -0.8933387398719788 3.1568291187286377
v -0.21273761987686157 -0.8908031582832336 3.148285150527954
v -0.2426774799823761 -0.8985713720321655 3.173844337463379
v -0.23433154821395874 -0.8680741190910339 3.1724495887756348
v -0.23365983366966248 -0.8957746624946594 3.1645772457122803
v -0.2462690770626068 -0.9015301465988159 3.19112229347229
v -0.24307700991630554 -0.9071387052536011 3.210437536239624
v -0.19463768601417542 -0.9090679287910461 3.21677565574646
v -0.19616052508354187 -0.8975818157196045 3.1739282608032227
v -0.267230749130249 -0.9898147583007812 3.3523266315460205
v -0.2604280114173889 -0.9918016791343689 3.355441093444824
v -0.2606406509876251 -0.9863269925117493 3.353715181350708
v -0.2647213041782379 -0.9859458208084106 3.3517346382141113
v -0.23270824551582336 -0.9927660226821899 3.369748830795288
v -0.2215203195810318 -0.9969300031661987 3.3705475330352783
v -0.22209416329860687 -0.985572874546051 3.371844530105591
v -0.2302025854587555 -0.9831590056419373 3.3716373443603516
v -0.24950087070465088 -0.992124080657959 3.365549325942993
v -0.2572113573551178 -0.9909601807594299 3.3629531860351562
v -0.25451502203941345 -0.9955076575279236 3.361201286315918
v -0.24967636168003082 -0.9959222674369812 3.3626792430877686
v -0.280291348695755 -0.9864400625228882 3.319471597671509
v -0.2840942442417145 -0.9880405068397522 3.316945791244507
v -0.28377312421798706 -0.9902108311653137 3.3143270015716553
v -0.2795259952545166 -0.9919400811195374 3.3173024654388428
v -0.27199289202690125 -0.9898571968078613 3.339714765548706
v -0.27679991722106934 -0.9899115562438965 3.3354315757751465
v -0.275184690952301 -0.9934916496276855 3.334428548812866
v -0.27227064967155457 -0.9939009547233582 3.336125612258911
v -0.22793486714363098 -0.9792337417602539 3.3495371341705322
v -0.2305339276790619 -0.9802914261817932 3.363006830215454
v -0.2178966999053955 -0.9832184910774231 3.3630101680755615
v -0.21305198967456818 -0.979354977607727 3.350409746170044
v -0.21169225871562958 -0.9929388761520386 3.361187219619751
v -0.21878497302532196 -0.9976811408996582 3.357210159301758
v -0.21383455395698547 -0.9985877275466919 3.344242572784424
v -0.20643609762191772 -0.9904115200042725 3.3460237979888916
v -0.23131459951400757 -0.9968491196632385 3.3563461303710938
v -0.22790175676345825 -0.9978197813034058 3.3444058895111084
v -0.23552951216697693 -0.989585816860199 3.346496343612671
v -0.2401934713125229 -0.9885004758834839 3.360293388366699
v -0.2538142502307892 -0.9873978495597839 3.3444581031799316
v -0.25944891571998596 -0.988883376121521 3.3546149730682373
v -0.2535659074783325 -0.9832622408866882 3.3567757606506348
v -0.2478627860546112 -0.9800907373428345 3.345130681991577
v -0.2459712028503418 -0.9844687581062317 3.359924793243408
v -0.23793135583400726 -0.981484591960907 3.349414110183716
v -0.23510326445102692 -0.9918022751808167 3.3495230674743652
v -0.24073834717273712 -0.9914582371711731 3.3619234561920166
v -0.244674950838089 -0.996055543422699 3.356715202331543
v -0.2391924411058426 -0.9970548748970032 3.34536075592041
v -0.24815633893013 -0.9956693649291992 3.3433072566986084
v -0.25386083126068115 -0.995438277721405 3.353973388671875
v -0.262167364358902 -0.9800662994384766 3.3352468013763428
v -0.26452380418777466 -0.9847126603126526 3.3463971614837646
v -0.2577468752861023 -0.985498309135437 3.348857879638672
v -0.25323012471199036 -0.9814852476119995 3.3401761054992676
v -0.25400152802467346 -0.9929748773574829 3.3504698276519775
v -0.2587595582008362 -0.9957146644592285 3.3470184803009033
v -0.2549057900905609 -0.994866669178009 3.336953639984131
v -0.25038981437683105 -0.9915247559547424 3.341775894165039
v -0.2640957534313202 -0.9935041069984436 3.3337783813476562
v -0.26562583446502686 -0.9954008460044861 3.344691753387451
v -0.2681586742401123 -0.985021710395813 3.334378242492676
v -0.2694263458251953 -0.9896816611289978 3.3453760147094727
v -0.2784641683101654 -0.9851876497268677 3.3189547061920166
v -0.27815818786621094 -0.9899576902389526 3.3292479515075684
v -0.2750750184059143 -0.9844615459442139 3.3307852745056152
v -0.2740209400653839 -0.9799858927726746 3.3210761547088623
v -0.27012985944747925 -0.9842122793197632 3.3343050479888916
v -0.26761531829833984 -0.9803872108459473 3.3264031410217285
v -0.2671462297439575 -0.9879481196403503 3.33510160446167
v -0.2693091332912445 -0.9943684339523315 3.3314433097839355
v -0.26803135871887207 -0.9932664632797241 3.3237903118133545
v -0.2661091387271881 -0.9859574437141418 3.328648805618286
v -0.27558404207229614 -0.9944520592689514 3.3285882472991943
v -0.27491095662117004 -0.9927749633789062 3.3186209201812744
v -0.2827141284942627 -0.9799697399139404 3.3027007579803467
v -0.28436753153800964 -0.987027108669281 3.3000688552856445
v -0.28651997447013855 -0.9860007762908936 3.308014392852783
v -0.28434523940086365 -0.9808837175369263 3.3099381923675537
v -0.2788735628128052 -0.9810861945152283 3.314483404159546
v -0.2779276967048645 -0.9789882302284241 3.30877947807312
v -0.2765651345252991 -0.9852322936058044 3.3152542114257812
v -0.2774233818054199 -0.991707444190979 3.3120124340057373
v -0.27668479084968567 -0.9914541840553284 3.3060295581817627
v -0.2770015597343445 -0.983963131904602 3.3099958896636963
v -0.2835689187049866 -0.991162121295929 3.308368682861328
v -0.2815733253955841 -0.9909725785255432 3.3007118701934814
v -0.2089521586894989 -0.9764020442962646 3.336282968521118
v -0.22807756066322327 -0.9790255427360535 3.335357904434204
v -0.22306759655475616 -0.9971279501914978 3.365947961807251
v -0.20254763960838318 -0.9893056154251099 3.3323583602905273
v -0.23009197413921356 -0.9968416690826416 3.365283727645874
v -0.22807011008262634 -0.9975466132164001 3.332475185394287
v -0.21040625870227814 -0.9980872273445129 3.3294050693511963
v -0.23231171071529388 -0.990268349647522 3.341113805770874
v -0.25484830141067505 -0.9862461686134338 3.363007068634033
v -0.2488369643688202 -0.9894596338272095 3.3360612392425537
v -0.24638456106185913 -0.9963570237159729 3.3271448612213135
v -0.2505163550376892 -0.9867582321166992 3.3644115924835205
v -0.24525496363639832 -0.9779934883117676 3.3304147720336914
v -0.26063355803489685 -0.9773673415184021 3.317765474319458
v -0.26226481795310974 -0.9948859810829163 3.3522560596466064
v -0.26601442694664 -0.9943280220031738 3.3502118587493896
v -0.2632039487361908 -0.9944966435432434 3.3169093132019043
v -0.26567915081977844 -0.9853996634483337 3.326134443283081
v -0.2752736210823059 -0.9869997501373291 3.3365590572357178
v -0.2768174409866333 -0.9844375252723694 3.3100597858428955
v -0.2741294801235199 -0.993156909942627 3.3031656742095947
v -0.2728239893913269 -0.98569256067276 3.3378047943115234
v -0.27333828806877136 -0.976294994354248 3.304349422454834
v -0.28245341777801514 -0.9843776822090149 3.3156087398529053
v -0.2833560109138489 -0.9864059686660767 3.288482666015625
v -0.2796558737754822 -0.9933724999427795 3.2915430068969727
v -0.2803097665309906 -0.9836336374282837 3.3181350231170654
v -0.2812396287918091 -0.9776598811149597 3.292433500289917
v -0.206020325422287 -0.8662535548210144 3.2323882579803467
v -0.20650342106819153 -0.8894496560096741 3.227241039276123
v -0.21796147525310516 -0.868377149105072 3.235203266143799
v -0.2308357059955597 -0.8889413475990295 3.2249786853790283
v -0.21784576773643494 -0.8907792568206787 3.228229522705078
v -0.2059049904346466 -0.9110764861106873 3.228377342224121
v -0.23008231818675995 -0.9119094014167786 3.223388671875
v -0.21833160519599915 -0.9117025136947632 3.229475975036621
v -0.2444448471069336 -0.91867595911026 3.1655356884002686
v -0.2502095699310303 -0.9213994145393372 3.182750940322876
v -0.2331753969192505 -0.9165374040603638 3.157186269760132
v -0.21160954236984253 -0.9128826856613159 3.1393558979034424
v -0.22351756691932678 -0.9140983819961548 3.14752459526062
v -0.20493674278259277 -0.9282275438308716 3.2358222007751465
v -0.1943921595811844 -0.928050696849823 3.2192177772521973
v -0.21852603554725647 -0.9278557896614075 3.2394330501556396
v -0.23340249061584473 -0.9284687638282776 3.2308173179626465
v -0.200773686170578 -0.9723316431045532 3.3204293251037598
v -0.19793076813220978 -0.9709473252296448 3.2998476028442383
v -0.21224325895309448 -0.9613255262374878 3.3027000427246094
v -0.21916364133358002 -0.9699409008026123 3.3191323280334473
v -0.23003803193569183 -0.9612997770309448 3.2956013679504395
v -0.23630842566490173 -0.9710971713066101 3.3123886585235596
v -0.24535752832889557 -0.9633116722106934 3.2848339080810547
v -0.2515415847301483 -0.9714223742485046 3.302517890930176
v -0.2594001591205597 -0.9669873118400574 3.2743167877197266
v -0.26538369059562683 -0.972965657711029 3.291215181350708
v -0.2713300883769989 -0.9736208915710449 3.2630481719970703
v -0.2772362530231476 -0.9759702086448669 3.2803120613098145
v -0.2786198556423187 -0.983717143535614 3.257159948348999
v -0.28323057293891907 -0.9858179688453674 3.2744317054748535
v -0.19546416401863098 -0.9884041547775269 3.3163347244262695
v -0.1937798410654068 -0.9854392409324646 3.2955005168914795
v -0.20490065217018127 -0.9989838600158691 3.3120594024658203
v -0.20296210050582886 -0.9982312321662903 3.291491746902466
v -0.2215491533279419 -0.999191403388977 3.3091087341308594
v -0.21785445511341095 -0.9982032775878906 3.2873973846435547
v -0.273581326007843 -0.9950200915336609 3.2587132453918457
v -0.2775163948535919 -0.9959961771965027 3.2771308422088623
v -0.23871184885501862 -0.9981243014335632 3.301854372024536
v -0.23433998227119446 -0.997110903263092 3.2812204360961914
v -0.2541685998439789 -0.9982349872589111 3.2929792404174805
v -0.2495097815990448 -0.9973834156990051 3.272595167160034
v -0.266925185918808 -0.9978634119033813 3.2839338779449463
v -0.262641042470932 -0.9978774785995483 3.265087604522705
v -0.20629078149795532 -0.9541604518890381 3.2794599533081055
v -0.22476649284362793 -0.9489778876304626 3.2767131328582764
v -0.2404073178768158 -0.9528101682662964 3.2658703327178955
v -0.2535427510738373 -0.9595642685890198 3.2534899711608887
v -0.264464795589447 -0.9692756533622742 3.2420971393585205
v -0.2722174823284149 -0.9793025255203247 3.236957311630249
v -0.2515310049057007 -0.9477427005767822 3.226567506790161
v -0.25750795006752014 -0.9653656482696533 3.2175683975219727
v -0.26325011253356934 -0.9765636920928955 3.215311288833618
v -0.25268277525901794 -0.9608572125434875 3.1923775672912598
v -0.2555149495601654 -0.9735676050186157 3.1921708583831787
v -0.24130231142044067 -0.9567146301269531 3.1533915996551514
v -0.24488519132137299 -0.9722253680229187 3.151562452316284
v -0.24999192357063293 -0.9713689088821411 3.1699626445770264
v -0.24674728512763977 -0.9576011896133423 3.1704297065734863
v -0.2489994764328003 -0.9444026350975037 3.1986207962036133
v -0.24606472253799438 -0.9394400715827942 3.175478458404541
v -0.2397584617137909 -0.9366109371185303 3.1588120460510254
v -0.2283395528793335 -0.9704546332359314 3.1300582885742188
v -0.23861880600452423 -0.9718510508537292 3.1388168334960938
v -0.23566454648971558 -0.9561198949813843 3.141392230987549
v -0.22723525762557983 -0.9538770914077759 3.131096601486206
v -0.21103805303573608 -0.9535718560218811 3.124635934829712
v -0.2117592692375183 -0.9712550044059753 3.1279067993164062
v -0.19591888785362244 -0.9559193253517151 3.1356256008148193
v -0.1960739642381668 -0.9726119041442871 3.136782169342041
v -0.22475504875183105 -0.9333945512771606 3.138794183731079
v -0.2326509952545166 -0.9354034066200256 3.1482064723968506
v -0.21192064881324768 -0.932654619216919 3.1321067810058594
v -0.19832195341587067 -0.9348318576812744 3.1413350105285645
v -0.19639021158218384 -0.9372663497924805 3.1575589179992676
v -0.1936507672071457 -0.958191454410553 3.154029369354248
v -0.19086450338363647 -0.9736649990081787 3.154125928878784
v -0.19652427732944489 -0.9684840440750122 3.2760183811187744
v -0.19608193635940552 -0.9802117943763733 3.270305633544922
v -0.23773729801177979 -0.9403229355812073 3.246309757232666
v -0.22029012441635132 -0.9380107522010803 3.2570059299468994
v -0.20229047536849976 -0.9443444609642029 3.251600980758667
v -0.19363141059875488 -0.9643968939781189 3.249565601348877
v -0.19728480279445648 -0.9767662286758423 3.244598388671875
v -0.1969776302576065 -0.9745540618896484 3.220841646194458
v -0.19184260070323944 -0.962833821773529 3.2233173847198486
v -0.20329143106937408 -0.9904348850250244 3.267169237136841
v -0.20464831590652466 -0.9836093783378601 3.2420554161071777
v -0.20336656272411346 -0.9805533289909363 3.21771502494812
v -0.19408470392227173 -0.9737511873245239 3.1993567943573
v -0.1906469762325287 -0.961430549621582 3.201167583465576
v -0.1925647109746933 -0.9730665683746338 3.181953191757202
v -0.19224587082862854 -0.9594763517379761 3.1834495067596436
v -0.19315220415592194 -0.9585788249969482 3.169293165206909
v -0.19118905067443848 -0.9731664657592773 3.1682658195495605
v -0.19284358620643616 -0.9406889081001282 3.1840131282806396
v -0.19466137886047363 -0.9383739829063416 3.1715948581695557
v -0.19116412103176117 -0.9439886212348938 3.20096755027771
v -0.19293230772018433 -0.9453935623168945 3.2237963676452637
v -0.2681851089000702 -0.9914345145225525 3.2383968830108643
v -0.26109594106674194 -0.9870840907096863 3.2164907455444336
v -0.2532714307308197 -0.983353316783905 3.1941885948181152
v -0.24690966308116913 -0.982716977596283 3.1719045639038086
v -0.23972338438034058 -0.9832145571708679 3.1544342041015625
v -0.23320594429969788 -0.9830818772315979 3.144120693206787
v -0.21148982644081116 -0.9811896085739136 3.135542392730713
v -0.22458256781101227 -0.9817734956741333 3.136446475982666
v -0.200303316116333 -0.9818169474601746 3.141761302947998
v -0.19590908288955688 -0.9834582805633545 3.155564785003662
v -0.19596511125564575 -0.9846202731132507 3.168534994125366
v -0.19980672001838684 -0.9817672967910767 3.19645619392395
v -0.19709452986717224 -0.9840211272239685 3.1809959411621094
v -0.18830272555351257 -0.9259530901908875 3.199582576751709
v -0.1900482177734375 -0.9228410720825195 3.1832549571990967
v -0.19532988965511322 -0.9187893271446228 3.170421600341797
v -0.20069018006324768 -0.9130411744117737 3.145293712615967
v -0.19732214510440826 -0.9161843061447144 3.160555839538574
v -0.21577540040016174 -0.9940908551216125 3.263070583343506
v -0.23128795623779297 -0.9931719899177551 3.2561378479003906
v -0.24583539366722107 -0.9939892292022705 3.2488746643066406
v -0.25814974308013916 -0.9944291114807129 3.242478370666504
v -0.2529871165752411 -0.9906138777732849 3.2200844287872314
v -0.2417580634355545 -0.9905564188957214 3.2248499393463135
v -0.2278968095779419 -0.9900763034820557 3.23126482963562
v -0.21451584994792938 -0.9877099394798279 3.2379376888275146
v -0.24569246172904968 -0.9881414175033569 3.1982645988464355
v -0.23572036623954773 -0.9889383316040039 3.2027647495269775
v -0.2232055515050888 -0.9882568120956421 3.207145929336548
v -0.21194976568222046 -0.9862529635429382 3.214242696762085
v -0.20749212801456451 -0.9873082637786865 3.1928553581237793
v -0.21711844205856323 -0.9886635541915894 3.1867105960845947
v -0.22814568877220154 -0.9887397289276123 3.1825037002563477
v -0.23762494325637817 -0.9870826601982117 3.176593065261841
v -0.23132380843162537 -0.9866021871566772 3.1606874465942383
v -0.22231276333332062 -0.987515926361084 3.166529893875122
v -0.2124207317829132 -0.988121509552002 3.1715292930603027
v -0.20441517233848572 -0.9873292446136475 3.176422119140625
v -0.22630757093429565 -0.986187756061554 3.151974678039551
v -0.21250951290130615 -0.9848620295524597 3.143101453781128
v -0.21991433203220367 -0.9851401448249817 3.1453182697296143
v -0.20450660586357117 -0.9853627681732178 3.1457858085632324
v -0.20246374607086182 -0.986488401889801 3.1560537815093994
v -0.20295804738998413 -0.9874695539474487 3.166337728500366
v -0.21026472747325897 -0.9872369766235352 3.1622743606567383
v -0.20890465378761292 -0.9864280819892883 3.1550228595733643
v -0.21905958652496338 -0.986907422542572 3.157998561859131
v -0.21581287682056427 -0.9860363006591797 3.151865243911743
v -0.20863376557826996 -0.9858396649360657 3.1494979858398438
v -0.21211092174053192 -0.9856021404266357 3.1479101181030273
v -0.24411508440971375 -0.9285548329353333 3.209866523742676
v -0.2082735002040863 -0.6283358931541443 3.375811815261841
v -0.19342032074928284 -0.6263160109519958 3.374445676803589
v -0.2247069627046585 -0.6254813075065613 3.3761508464813232
v -0.20957788825035095 -0.21790826320648193 3.292604923248291
v -0.15607352554798126 -0.06369610875844955 3.3062984943389893
v -0.15653449296951294 -0.027507347986102104 3.3166520595550537
v -0.15569089353084564 -0.04719123989343643 3.3115367889404297
v -0.21394082903862 -0.23904231190681458 3.3037633895874023
v -0.20139603316783905 0.0057603283785283566 3.275373697280884
v -0.18494951725006104 0.13665828108787537 3.346322536468506
v -0.1713102012872696 0.4445876479148865 3.319140911102295
v -0.16925418376922607 0.44226717948913574 3.3173439502716064
v -0.16820268332958221 0.43973177671432495 3.315136194229126
v -0.16812536120414734 0.4382196068763733 3.3122305870056152
v -0.1679999679327011 0.4368066191673279 3.308434247970581
v -0.16728821396827698 0.4369620680809021 3.3056223392486572
v -0.17043454945087433 0.44099628925323486 3.313723564147949
v -0.168888121843338 0.4437679052352905 3.310361623764038
v -0.1690715253353119 0.4445974826812744 3.3127217292785645
v -0.1707284301519394 0.44279801845550537 3.3154985904693604
f 2 3 1
f 1 3 4
f 3 2 5
f 5 2 6
f 3 7 4
f 4 7 8
f 10 11 9
f 9 11 12
f 14 15 13
f 13 15 16
f 18 19 17
f 17 19 20
f 22 23 21
f 21 23 24
f 26 18 25
f 25 18 17
f 27 28 17
f 17 28 25
f 30 31 29
f 29 31 32
f 34 35 33
f 33 35 36
f 21 24 37
f 37 24 38
f 40 31 39
f 39 31 38
f 34 33 28
f 28 33 25
f 41 42 44
f 44 42 43
f 36 45 33
f 33 45 25
f 46 47 49
f 49 47 48
f 51 52 50
f 50 52 53
f 55 53 54
f 54 53 52
f 57 58 56
f 56 58 59
f 61 62 60
f 60 62 63
f 65 66 64
f 64 66 67
f 69 70 68
f 68 70 71
f 65 73 72
f 72 73 74
f 64 75 65
f 65 75 73
f 77 78 76
f 76 78 79
f 80 81 83
f 83 81 82
f 81 85 84
f 84 85 86
f 88 89 87
f 87 89 69
f 88 87 90
f 90 87 91
f 93 94 92
f 92 94 95
f 96 84 43
f 43 84 44
f 51 98 97
f 97 98 86
f 97 99 51
f 51 99 52
f 54 52 100
f 100 52 99
f 58 101 59
f 59 101 102
f 62 103 63
f 63 103 104
f 105 106 6
f 6 106 5
f 108 109 107
f 107 109 110
f 112 113 111
f 111 113 114
f 116 117 115
f 115 117 118
f 120 121 119
f 119 121 122
f 124 125 123
f 123 125 126
f 128 129 127
f 127 129 130
f 130 131 127
f 127 131 132
f 134 1 133
f 133 1 135
f 1 4 135
f 135 4 136
f 4 8 136
f 136 8 137
f 138 139 15
f 15 139 140
f 140 139 141
f 141 139 142
f 144 57 143
f 143 57 56
f 145 146 141
f 141 146 147
f 146 149 148
f 148 149 150
f 152 153 151
f 151 153 154
f 141 147 140
f 140 147 155
f 157 11 156
f 156 11 158
f 160 161 159
f 159 161 162
f 164 165 163
f 163 165 166
f 165 160 166
f 166 160 159
f 168 169 167
f 167 169 170
f 169 171 170
f 170 171 172
f 149 173 150
f 150 173 174
f 175 176 149
f 149 176 173
f 178 172 177
f 177 172 171
f 180 181 179
f 179 181 182
f 184 180 183
f 183 180 179
f 186 187 185
f 185 187 188
f 190 191 189
f 189 191 192
f 7 193 8
f 8 193 194
f 196 162 195
f 195 162 161
f 197 168 198
f 198 168 167
f 181 199 182
f 182 199 200
f 202 203 201
f 201 203 204
f 187 186 205
f 205 186 206
f 208 209 207
f 207 209 210
f 212 213 211
f 211 213 214
f 215 216 218
f 218 216 217
f 220 209 219
f 219 209 208
f 204 186 221
f 221 186 185
f 201 204 222
f 222 204 221
f 223 211 220
f 220 211 209
f 224 225 214
f 214 225 210
f 203 206 204
f 204 206 186
f 227 187 226
f 226 187 205
f 27 228 21
f 21 228 22
f 230 231 229
f 229 231 232
f 234 235 233
f 233 235 236
f 238 239 237
f 237 239 240
f 119 122 118
f 118 122 115
f 112 242 241
f 241 242 243
f 98 51 244
f 244 51 50
f 245 138 14
f 14 138 15
f 11 10 158
f 158 10 246
f 89 85 69
f 69 85 70
f 11 157 12
f 12 157 247
f 249 164 248
f 248 164 163
f 177 250 178
f 178 250 251
f 253 254 252
f 252 254 255
f 187 227 188
f 188 227 256
f 212 257 213
f 213 257 258
f 260 134 259
f 259 134 133
f 165 164 135
f 135 164 133
f 160 165 136
f 136 165 135
f 136 137 160
f 160 137 161
f 137 261 161
f 161 261 195
f 263 264 262
f 262 264 265
f 13 16 266
f 266 16 267
f 268 267 155
f 155 267 16
f 147 269 155
f 155 269 268
f 162 196 167
f 167 196 198
f 167 170 162
f 162 170 159
f 170 172 159
f 159 172 166
f 172 178 166
f 166 178 163
f 178 251 163
f 163 251 248
f 168 270 169
f 169 270 271
f 272 273 171
f 171 273 177
f 271 272 169
f 169 272 171
f 168 197 270
f 270 197 274
f 250 177 275
f 275 177 273
f 277 45 276
f 276 45 278
f 280 281 279
f 279 281 282
f 284 104 283
f 283 104 103
f 285 215 286
f 286 215 218
f 288 289 287
f 287 289 290
f 291 80 66
f 66 80 83
f 293 294 292
f 292 294 295
f 73 91 74
f 74 91 87
f 91 73 92
f 92 73 75
f 279 77 280
f 280 77 76
f 80 291 70
f 70 291 71
f 277 47 96
f 96 47 82
f 297 175 296
f 296 175 149
f 299 154 298
f 298 154 153
f 225 300 210
f 210 300 207
f 224 301 206
f 206 301 205
f 210 209 214
f 214 209 211
f 226 205 302
f 302 205 301
f 304 305 303
f 303 305 306
f 308 309 307
f 307 309 310
f 72 291 65
f 65 291 66
f 66 83 67
f 67 83 46
f 312 313 311
f 311 313 314
f 316 317 315
f 315 317 36
f 29 318 35
f 35 318 319
f 321 32 320
f 320 32 322
f 311 314 323
f 323 314 324
f 315 325 316
f 316 325 326
f 318 287 319
f 319 287 290
f 328 321 327
f 327 321 320
f 329 330 39
f 39 330 331
f 332 333 40
f 40 333 322
f 309 334 285
f 285 334 335
f 236 2 134
f 134 2 1
f 260 336 233
f 233 336 337
f 237 14 265
f 265 14 13
f 84 86 44
f 44 86 98
f 189 192 7
f 7 192 193
f 44 98 41
f 41 98 244
f 237 240 14
f 14 240 245
f 7 3 189
f 189 3 5
f 338 71 72
f 72 71 291
f 262 265 266
f 266 265 13
f 124 123 339
f 339 123 105
f 123 109 105
f 105 109 106
f 189 5 190
f 190 5 106
f 111 114 12
f 12 114 9
f 264 340 265
f 265 340 237
f 342 343 341
f 341 343 344
f 6 235 105
f 105 235 339
f 234 346 345
f 345 346 347
f 349 350 348
f 348 350 351
f 107 352 108
f 108 352 353
f 355 356 354
f 354 356 357
f 237 340 238
f 238 340 358
f 12 247 111
f 111 247 359
f 264 263 116
f 116 263 360
f 361 362 222
f 222 362 201
f 364 365 363
f 363 365 366
f 368 369 367
f 367 369 370
f 372 373 371
f 371 373 374
f 375 376 372
f 372 376 377
f 378 379 381
f 381 379 380
f 382 383 269
f 269 383 268
f 150 174 365
f 365 174 384
f 380 377 381
f 381 377 376
f 271 270 180
f 180 270 181
f 273 272 252
f 252 272 184
f 272 271 184
f 184 271 180
f 181 270 274
f 252 255 273
f 273 255 275
f 254 385 255
f 255 385 386
f 387 388 179
f 179 388 183
f 389 387 182
f 182 387 179
f 182 200 389
f 389 200 390
f 388 391 183
f 183 391 253
f 391 392 253
f 253 392 254
f 394 379 393
f 393 379 378
f 185 188 395
f 395 188 396
f 221 185 397
f 397 185 395
f 222 221 398
f 398 221 397
f 188 256 396
f 396 256 399
f 400 401 256
f 256 401 399
f 402 403 405
f 405 403 404
f 148 150 364
f 364 150 365
f 393 406 394
f 394 406 407
f 158 246 393
f 393 246 406
f 342 19 238
f 238 19 239
f 23 22 350
f 350 22 354
f 244 50 245
f 245 50 138
f 55 142 53
f 53 142 139
f 145 144 296
f 296 144 143
f 355 228 341
f 341 228 20
f 41 240 42
f 42 240 239
f 283 308 284
f 284 308 307
f 349 409 408
f 408 409 410
f 244 245 41
f 41 245 240
f 268 383 406
f 406 383 407
f 346 411 349
f 349 411 409
f 251 412 248
f 248 412 413
f 275 414 250
f 250 414 415
f 25 45 26
f 26 45 277
f 43 26 96
f 96 26 277
f 416 417 61
f 61 417 62
f 329 24 408
f 408 24 23
f 31 40 32
f 32 40 322
f 39 38 329
f 329 38 24
f 37 38 30
f 30 38 31
f 418 419 421
f 421 419 420
f 78 295 79
f 79 295 294
f 124 339 422
f 422 339 345
f 232 131 357
f 357 131 351
f 2 236 6
f 6 236 235
f 252 184 253
f 253 184 183
f 227 423 256
f 256 423 400
f 423 227 305
f 305 227 226
f 424 258 425
f 425 258 257
f 426 427 212
f 212 427 257
f 259 133 249
f 249 133 164
f 419 418 428
f 428 418 429
f 327 430 328
f 328 430 288
f 49 431 46
f 46 431 67
f 306 302 424
f 424 302 258
f 313 432 314
f 314 432 433
f 32 321 29
f 29 321 318
f 324 314 433
f 287 318 328
f 328 318 321
f 134 260 236
f 236 260 233
f 345 339 234
f 234 339 235
f 357 351 354
f 354 351 350
f 408 23 349
f 349 23 350
f 317 278 36
f 36 278 45
f 432 313 429
f 429 313 428
f 435 428 434
f 434 428 313
f 42 239 18
f 18 239 19
f 43 42 26
f 26 42 18
f 121 120 436
f 436 120 437
f 302 301 258
f 258 301 213
f 110 109 126
f 126 109 123
f 238 358 342
f 342 358 343
f 341 20 342
f 342 20 19
f 322 438 320
f 320 438 439
f 320 439 327
f 327 439 430
f 333 440 322
f 322 440 438
f 289 288 323
f 323 288 430
f 115 340 116
f 116 340 264
f 146 145 149
f 149 145 296
f 15 140 16
f 16 140 155
f 441 442 152
f 152 442 153
f 225 224 203
f 203 224 206
f 175 297 154
f 154 297 151
f 293 443 294
f 294 443 444
f 248 413 249
f 249 413 445
f 446 447 400
f 400 447 401
f 388 387 396
f 396 387 395
f 387 389 395
f 395 389 397
f 391 388 399
f 399 388 396
f 401 392 399
f 399 392 391
f 255 386 275
f 275 386 414
f 449 450 448
f 448 450 451
f 335 452 285
f 285 452 215
f 453 298 442
f 442 298 153
f 211 223 212
f 212 223 426
f 425 257 454
f 454 257 427
f 266 10 262
f 262 10 9
f 360 113 456
f 456 113 455
f 8 194 137
f 137 194 261
f 10 266 246
f 246 266 267
f 203 202 225
f 225 202 300
f 262 9 263
f 263 9 114
f 108 353 190
f 190 353 191
f 389 390 397
f 397 390 398
f 457 422 128
f 128 422 129
f 156 158 378
f 378 158 393
f 347 346 348
f 348 346 349
f 447 458 401
f 401 458 392
f 364 382 148
f 148 382 269
f 55 54 57
f 57 54 58
f 75 64 459
f 459 64 460
f 100 90 101
f 101 90 95
f 101 58 100
f 100 58 54
f 142 55 144
f 144 55 57
f 147 146 269
f 269 146 148
f 459 93 75
f 75 93 92
f 144 145 142
f 142 145 141
f 228 27 20
f 20 27 17
f 154 299 175
f 175 299 176
f 214 213 224
f 224 213 301
f 424 461 306
f 306 461 303
f 285 286 309
f 309 286 310
f 462 334 308
f 308 334 309
f 302 306 226
f 226 306 305
f 37 28 21
f 21 28 27
f 29 35 30
f 30 35 34
f 30 34 37
f 37 34 28
f 344 436 356
f 356 436 229
f 325 290 326
f 326 290 289
f 311 439 312
f 312 439 438
f 35 319 36
f 36 319 315
f 439 311 430
f 430 311 323
f 315 319 325
f 325 319 290
f 440 463 438
f 438 463 312
f 341 344 355
f 355 344 356
f 360 456 116
f 116 456 117
f 354 22 355
f 355 22 228
f 326 289 324
f 324 289 323
f 74 87 68
f 68 87 69
f 50 53 138
f 138 53 139
f 268 406 267
f 267 406 246
f 190 106 108
f 108 106 109
f 241 455 112
f 112 455 113
f 358 122 343
f 343 122 121
f 129 347 130
f 130 347 348
f 348 351 130
f 130 351 131
f 229 232 356
f 356 232 357
f 340 115 358
f 358 115 122
f 111 359 112
f 112 359 242
f 125 124 457
f 457 124 422
f 231 132 232
f 232 132 131
f 343 121 344
f 344 121 436
f 263 114 360
f 360 114 113
f 347 129 345
f 345 129 422
f 230 229 437
f 437 229 436
f 464 446 423
f 423 446 400
f 465 466 468
f 468 466 467
f 470 471 469
f 469 471 472
f 469 472 373
f 373 472 374
f 474 469 473
f 473 469 373
f 471 475 472
f 472 475 476
f 472 477 374
f 374 477 478
f 477 472 476
f 479 480 476
f 476 480 477
f 473 373 377
f 377 373 372
f 481 482 479
f 479 482 480
f 483 484 481
f 481 484 482
f 403 402 485
f 485 402 486
f 487 488 483
f 483 488 484
f 487 489 488
f 488 489 490
f 489 491 490
f 490 491 492
f 491 493 492
f 492 493 494
f 493 495 494
f 494 495 496
f 497 498 481
f 481 498 483
f 484 499 482
f 482 499 367
f 370 480 367
f 367 480 482
f 480 370 477
f 477 370 478
f 500 497 479
f 479 497 481
f 451 473 380
f 380 473 377
f 448 451 379
f 379 451 380
f 501 502 504
f 504 502 503
f 449 505 507
f 507 505 506
f 486 508 505
f 505 508 506
f 508 509 506
f 506 509 510
f 511 507 510
f 510 507 506
f 509 508 512
f 512 508 513
f 515 509 514
f 514 509 512
f 509 515 510
f 510 515 516
f 510 516 511
f 511 516 517
f 486 505 485
f 485 505 518
f 505 449 518
f 518 449 448
f 383 382 403
f 403 382 404
f 363 404 364
f 364 404 382
f 403 485 383
f 383 485 407
f 519 520 361
f 361 520 362
f 522 496 521
f 521 496 495
f 450 474 451
f 451 474 473
f 363 366 523
f 523 366 524
f 525 499 488
f 488 499 484
f 488 490 525
f 525 490 526
f 496 522 520
f 520 522 527
f 494 496 519
f 519 496 520
f 492 494 528
f 528 494 519
f 529 530 495
f 495 530 521
f 490 492 526
f 526 492 528
f 529 495 531
f 531 495 493
f 533 534 532
f 532 534 535
f 523 524 533
f 533 524 534
f 486 402 532
f 532 402 533
f 529 536 530
f 530 536 537
f 536 538 537
f 537 538 539
f 540 541 539
f 539 541 537
f 530 537 535
f 535 537 541
f 542 539 543
f 543 539 538
f 539 542 540
f 540 542 544
f 541 540 513
f 513 540 512
f 540 544 512
f 512 544 514
f 546 547 545
f 545 547 548
f 549 550 531
f 531 550 551
f 550 549 552
f 552 549 553
f 546 550 554
f 554 550 552
f 547 546 555
f 555 546 554
f 498 556 558
f 558 556 557
f 559 557 560
f 560 557 556
f 561 562 560
f 560 562 559
f 557 559 552
f 552 559 554
f 559 562 554
f 554 562 555
f 558 557 553
f 553 557 552
f 475 471 563
f 563 471 564
f 565 563 567
f 567 563 566
f 471 470 564
f 564 470 466
f 564 466 568
f 568 466 465
f 568 465 569
f 569 465 570
f 572 573 571
f 571 573 574
f 569 575 567
f 567 575 576
f 577 565 576
f 576 565 567
f 578 579 581
f 581 579 580
f 575 561 576
f 576 561 560
f 556 577 560
f 560 577 576
f 577 556 497
f 497 556 498
f 565 577 500
f 500 577 497
f 563 565 475
f 475 565 500
f 553 489 558
f 558 489 487
f 531 493 549
f 549 493 491
f 489 553 491
f 491 553 549
f 394 407 518
f 518 407 485
f 518 448 394
f 394 448 379
f 545 548 538
f 538 548 543
f 551 545 536
f 536 545 538
f 536 529 551
f 551 529 531
f 507 582 449
f 449 582 450
f 511 583 507
f 507 583 582
f 511 517 583
f 583 517 584
f 585 586 588
f 588 586 587
f 590 591 589
f 589 591 592
f 591 590 593
f 593 590 594
f 596 597 595
f 595 597 598
f 599 600 602
f 602 600 601
f 604 605 603
f 603 605 606
f 608 609 607
f 607 609 610
f 612 613 611
f 611 613 614
f 615 616 618
f 618 616 617
f 620 621 619
f 619 621 622
f 624 625 623
f 623 625 626
f 628 629 627
f 627 629 630
f 632 633 631
f 631 633 634
f 635 636 638
f 638 636 637
f 639 640 642
f 642 640 641
f 644 645 643
f 643 645 646
f 619 622 647
f 647 622 648
f 650 651 649
f 649 651 652
f 601 653 602
f 602 653 654
f 656 657 655
f 655 657 658
f 660 661 659
f 659 661 662
f 664 665 663
f 663 665 666
f 593 594 667
f 667 594 668
f 669 670 672
f 672 670 671
f 673 674 676
f 676 674 675
f 633 632 677
f 677 632 678
f 663 666 679
f 679 666 680
f 681 682 684
f 684 682 683
f 686 687 685
f 685 687 688
f 690 661 689
f 689 661 691
f 693 686 692
f 692 686 685
f 695 597 694
f 694 597 668
f 594 696 668
f 668 696 694
f 697 698 696
f 696 698 699
f 700 701 697
f 697 701 698
f 702 585 703
f 703 585 588
f 671 690 672
f 672 690 689
f 640 639 704
f 704 639 705
f 679 706 663
f 663 706 658
f 708 709 707
f 707 709 710
f 711 712 610
f 610 712 607
f 713 714 716
f 716 714 715
f 717 718 720
f 720 718 719
f 722 634 721
f 721 634 633
f 724 725 723
f 723 725 726
f 728 729 727
f 727 729 730
f 732 733 731
f 731 733 734
f 707 710 735
f 735 710 736
f 643 737 644
f 644 737 738
f 740 741 739
f 739 741 742
f 608 744 743
f 743 744 745
f 747 748 746
f 746 748 749
f 751 752 750
f 750 752 753
f 754 755 757
f 757 755 756
f 758 759 761
f 761 759 760
f 763 764 762
f 762 764 765
f 767 768 766
f 766 768 769
f 771 772 770
f 770 772 773
f 775 776 774
f 774 776 777
f 779 780 778
f 778 780 781
f 783 712 782
f 782 712 784
f 785 786 788
f 788 786 787
f 790 628 789
f 789 628 627
f 792 793 791
f 791 793 794
f 795 796 726
f 726 796 723
f 798 799 797
f 797 799 800
f 721 633 801
f 801 633 677
f 797 800 802
f 802 800 803
f 805 806 804
f 804 806 807
f 809 810 808
f 808 810 811
f 813 814 812
f 812 814 815
f 809 808 817
f 817 808 816
f 818 819 804
f 804 819 805
f 820 821 818
f 818 821 819
f 821 820 587
f 587 820 822
f 809 823 810
f 810 823 824
f 814 807 815
f 815 807 806
f 826 426 825
f 825 426 223
f 426 826 427
f 427 826 827
f 828 829 454
f 454 829 830
f 831 832 677
f 677 832 801
f 834 835 833
f 833 835 836
f 838 839 837
f 837 839 840
f 841 842 844
f 844 842 843
f 845 846 803
f 803 846 802
f 847 831 678
f 678 831 677
f 848 849 851
f 851 849 850
f 853 854 852
f 852 854 855
f 857 858 856
f 856 858 680
f 860 861 859
f 859 861 862
f 864 865 863
f 863 865 866
f 868 869 867
f 867 869 870
f 839 871 840
f 840 871 872
f 849 848 874
f 874 848 873
f 876 877 875
f 875 877 878
f 880 881 879
f 879 881 882
f 883 884 886
f 886 884 885
f 846 887 802
f 802 887 888
f 890 891 889
f 889 891 888
f 893 894 892
f 892 894 895
f 896 897 728
f 728 897 729
f 899 900 898
f 898 900 901
f 902 852 904
f 904 852 903
f 849 905 850
f 850 905 906
f 875 878 907
f 907 878 908
f 910 911 909
f 909 911 912
f 914 915 913
f 913 915 916
f 917 918 862
f 862 918 859
f 919 920 856
f 856 920 921
f 923 924 922
f 922 924 925
f 926 927 925
f 925 927 922
f 929 930 928
f 928 930 693
f 932 695 931
f 931 695 694
f 823 867 824
f 824 867 933
f 935 936 934
f 934 936 937
f 938 868 823
f 823 868 867
f 940 847 939
f 939 847 678
f 632 655 678
f 678 655 939
f 941 942 619
f 619 942 620
f 687 943 688
f 688 943 944
f 851 850 945
f 945 850 903
f 850 906 903
f 903 906 904
f 946 947 949
f 949 947 948
f 951 952 950
f 950 952 953
f 955 956 954
f 954 956 957
f 907 958 875
f 875 958 874
f 960 961 959
f 959 961 962
f 963 853 902
f 902 853 852
f 909 964 910
f 910 964 965
f 967 968 966
f 966 968 969
f 971 972 970
f 970 972 973
f 974 960 975
f 975 960 959
f 977 978 976
f 976 978 979
f 981 977 980
f 980 977 976
f 980 982 981
f 981 982 983
f 985 983 984
f 984 983 982
f 984 986 985
f 985 986 987
f 989 990 988
f 988 990 991
f 993 994 992
f 992 994 995
f 997 998 996
f 996 998 999
f 1001 1002 1000
f 1000 1002 1003
f 1005 1006 1004
f 1004 1006 1007
f 1004 1008 1005
f 1005 1008 1009
f 1008 1010 1009
f 1009 1010 1011
f 1013 1011 1012
f 1012 1011 1010
f 1014 1015 1017
f 1017 1015 1016
f 1019 1020 1018
f 1018 1020 1021
f 1022 1023 976
f 976 1023 980
f 1024 1025 982
f 982 1025 984
f 992 995 1026
f 1026 995 1027
f 956 955 1028
f 1028 955 1029
f 1030 1031 1033
f 1033 1031 1032
f 1010 1008 1034
f 1034 1008 1035
f 1008 1004 1035
f 1035 1004 1036
f 1037 1038 1002
f 1002 1038 1007
f 1002 1001 1037
f 1037 1001 1039
f 1040 1041 997
f 997 1041 998
f 1015 1014 1043
f 1043 1014 1042
f 1044 1045 1047
f 1047 1045 1046
f 1044 1020 1048
f 1048 1020 1049
f 1050 1051 1003
f 1003 1051 1000
f 1052 1050 1006
f 1006 1050 1003
f 1053 1054 1011
f 1011 1054 1009
f 1013 1045 1055
f 1055 1045 1056
f 1058 1059 1057
f 1057 1059 1060
f 1062 1063 1061
f 1061 1063 1064
f 1065 1066 1050
f 1050 1066 1051
f 1067 1065 1052
f 1052 1065 1050
f 1068 1069 1054
f 1054 1069 1070
f 1071 1068 1053
f 1053 1068 1054
f 1073 1071 1072
f 1072 1071 1074
f 1074 1071 1055
f 1055 1071 1053
f 1076 1077 1075
f 1075 1077 1078
f 1079 1080 1057
f 1057 1080 1058
f 1081 1082 1064
f 1064 1082 1061
f 1084 1085 1083
f 1083 1085 1086
f 1088 1089 1087
f 1087 1089 1090
f 1092 1093 1091
f 1091 1093 1094
f 1096 1097 1095
f 1095 1097 1098
f 1099 1100 1102
f 1102 1100 1101
f 1103 1104 1099
f 1099 1104 1100
f 1106 1107 1105
f 1105 1107 1108
f 1110 1111 1109
f 1109 1111 1112
f 1114 1115 1113
f 1113 1115 1116
f 1118 1119 1117
f 1117 1119 1077
f 1117 1120 1122
f 1122 1120 1121
f 1105 1123 1106
f 1106 1123 1124
f 1125 1126 1128
f 1128 1126 1127
f 1130 1131 1129
f 1129 1131 1132
f 1134 1135 1133
f 1133 1135 1114
f 1113 1136 1114
f 1114 1136 1133
f 1118 1137 1113
f 1113 1137 1136
f 1118 1117 1137
f 1137 1117 1122
f 1139 1140 1138
f 1138 1140 1141
f 1143 953 1142
f 1142 953 952
f 1145 957 1144
f 1144 957 956
f 1028 1146 956
f 956 1146 1144
f 1014 1147 1042
f 1042 1147 1148
f 1014 1017 1147
f 1147 1017 1149
f 1059 1058 1150
f 1150 1058 1151
f 1153 1080 1152
f 1152 1080 1154
f 1156 1088 1155
f 1155 1088 1087
f 1157 1158 1106
f 1106 1158 1107
f 1106 1124 1157
f 1157 1124 1159
f 1161 1162 1160
f 1160 1162 1163
f 1165 1166 1164
f 1164 1166 1167
f 1168 1031 1012
f 1012 1031 1046
f 1024 1023 1035
f 1035 1023 1034
f 1036 1038 1025
f 1025 1038 1169
f 1170 1171 1039
f 1039 1171 1037
f 1028 1029 1042
f 1042 1029 1043
f 1172 1173 1175
f 1175 1173 1174
f 1055 1053 1013
f 1013 1053 1011
f 1005 1009 1070
f 1070 1009 1054
f 996 999 1062
f 1062 999 1063
f 1016 1060 1017
f 1017 1060 1059
f 1017 1059 1149
f 1149 1059 1150
f 1177 1178 1176
f 1176 1178 1103
f 1176 1072 1179
f 1179 1072 1074
f 1073 1102 1086
f 1086 1102 1083
f 1180 1181 1067
f 1067 1181 1065
f 1182 1183 1184
f 1184 1183 1181
f 1186 1187 1185
f 1185 1187 1188
f 1189 1190 798
f 798 1190 799
f 1192 1193 1191
f 1191 1193 1194
f 1195 1196 1194
f 1194 1196 1191
f 1196 1195 1198
f 1198 1195 1197
f 1200 674 1199
f 1199 674 673
f 928 1201 1203
f 1203 1201 1202
f 861 1204 862
f 862 1204 921
f 1205 1206 913
f 913 1206 1207
f 882 1208 879
f 879 1208 1209
f 1210 1211 1167
f 1167 1211 1164
f 1212 769 1213
f 1213 769 768
f 727 1214 728
f 728 1214 1215
f 1217 1218 1216
f 1216 1218 1219
f 1220 813 1221
f 1221 813 812
f 827 828 427
f 427 828 454
f 1223 1224 1222
f 1222 1224 1165
f 1226 1227 1225
f 1225 1227 1228
f 851 1229 848
f 848 1229 1230
f 834 854 835
f 835 854 1231
f 1233 1234 1232
f 1232 1234 1235
f 1237 751 1236
f 1236 751 750
f 743 819 1238
f 1238 819 821
f 1240 1241 1239
f 1239 1241 1242
f 1244 1245 1243
f 1243 1245 1246
f 844 1247 841
f 841 1247 1248
f 1250 1251 1249
f 1249 1251 1252
f 1254 893 1253
f 1253 893 1237
f 1255 1256 1258
f 1258 1256 1257
f 1260 1261 1259
f 1259 1261 1262
f 945 903 855
f 855 903 852
f 855 1263 945
f 945 1263 1264
f 832 845 801
f 801 845 803
f 800 721 803
f 803 721 801
f 721 800 722
f 722 800 799
f 1266 1267 1265
f 1265 1267 1268
f 1270 795 1269
f 1269 795 726
f 725 1271 726
f 726 1271 1269
f 737 765 738
f 738 765 764
f 759 740 760
f 760 740 739
f 717 1272 1274
f 1274 1272 1273
f 1163 1226 1275
f 1275 1226 1225
f 1277 882 1276
f 1276 882 881
f 1041 1040 1027
f 1027 1040 1026
f 900 935 901
f 901 935 934
f 1164 1278 1165
f 1165 1278 1222
f 1211 1279 1164
f 1164 1279 1278
f 442 1280 453
f 453 1280 1281
f 788 1282 785
f 785 1282 1283
f 1285 1286 1284
f 1284 1286 1287
f 1284 1288 1285
f 1285 1288 1289
f 757 1289 754
f 754 1289 1288
f 605 604 675
f 675 604 676
f 1290 1291 1293
f 1293 1291 1292
f 1295 1296 1294
f 1294 1296 1297
f 696 699 694
f 694 699 931
f 1298 1299 592
f 592 1299 589
f 1299 1300 589
f 589 1300 700
f 1300 1301 700
f 700 1301 701
f 743 745 819
f 819 745 805
f 1303 1304 1302
f 1302 1304 1305
f 1306 1307 1305
f 1305 1307 1302
f 609 1298 610
f 610 1298 592
f 587 822 588
f 588 822 1308
f 703 588 1309
f 1309 588 1308
f 1310 703 571
f 571 703 1309
f 1311 1312 789
f 789 1312 790
f 825 223 1313
f 1313 223 220
f 219 1314 220
f 220 1314 1313
f 1315 1316 1311
f 1311 1316 1312
f 1317 1318 1319
f 1319 1318 1241
f 441 1320 442
f 442 1320 1280
f 1321 217 572
f 572 217 216
f 1323 1230 1322
f 1322 1230 1229
f 1324 1325 631
f 631 1325 656
f 1034 1168 1010
f 1010 1168 1012
f 1327 1328 1326
f 1326 1328 1329
f 1331 1202 1330
f 1330 1202 1201
f 571 1309 572
f 572 1309 1321
f 573 572 1332
f 1332 572 216
f 1334 1335 1333
f 1333 1335 1336
f 1337 1338 918
f 918 1338 859
f 1339 863 1340
f 1340 863 866
f 1341 1342 1344
f 1344 1342 1343
f 1345 1346 919
f 919 1346 920
f 1347 1348 673
f 673 1348 1199
f 693 1349 928
f 928 1349 1201
f 1351 1257 1350
f 1350 1257 1256
f 1350 1352 1351
f 1351 1352 1353
f 653 930 654
f 654 930 662
f 1279 1354 1278
f 1278 1354 1355
f 1357 1358 1356
f 1356 1358 1359
f 937 1360 1140
f 1140 1360 1361
f 1225 1228 909
f 909 1228 964
f 901 934 1362
f 1362 934 1139
f 1364 1365 1363
f 1363 1365 1362
f 1367 912 1366
f 1366 912 911
f 1143 1142 1368
f 1368 1142 1369
f 1144 1186 1145
f 1145 1186 1185
f 1146 1175 1144
f 1144 1175 1186
f 1175 1146 1172
f 1172 1146 1148
f 1147 1018 1148
f 1148 1018 1172
f 1018 1147 1019
f 1019 1147 1149
f 1149 1150 1019
f 1019 1150 1370
f 1150 1151 1370
f 1370 1151 1371
f 1151 1153 1371
f 1371 1153 1177
f 1152 1156 1178
f 1178 1156 1372
f 1155 1158 1373
f 1373 1158 1374
f 1157 1159 1376
f 1376 1159 1375
f 1378 1379 1377
f 1377 1379 1380
f 1382 1383 1381
f 1381 1383 1384
f 1382 1386 1385
f 1385 1386 1387
f 1386 1233 1387
f 1387 1233 1232
f 1389 1390 1388
f 1388 1390 1391
f 1393 1394 1392
f 1392 1394 1395
f 1397 1398 1396
f 1396 1398 1399
f 629 1397 630
f 630 1397 1396
f 1342 1400 1343
f 1343 1400 1401
f 1403 1404 1402
f 1402 1404 1405
f 1407 1408 1406
f 1406 1408 1409
f 1411 1412 1410
f 1410 1412 1413
f 793 1414 794
f 794 1414 1415
f 1417 1341 1416
f 1416 1341 1344
f 704 705 1347
f 1347 705 1418
f 741 1419 742
f 742 1419 1420
f 1422 669 1421
f 1421 669 672
f 645 1423 646
f 646 1423 1424
f 1196 1198 614
f 614 1198 611
f 613 1425 614
f 614 1425 1426
f 1427 616 659
f 659 616 660
f 614 1426 1196
f 1196 1426 1191
f 696 594 697
f 697 594 590
f 697 590 700
f 700 590 589
f 703 1310 702
f 702 1310 1428
f 1421 672 1192
f 1192 672 689
f 1271 648 1269
f 1269 648 622
f 621 1270 622
f 622 1270 1269
f 1429 1430 1417
f 1417 1430 1341
f 1431 1432 1434
f 1434 1432 1433
f 1436 1437 1435
f 1435 1437 1438
f 1440 1441 1439
f 1439 1441 1442
f 1443 1444 1446
f 1446 1444 1445
f 823 809 938
f 938 809 817
f 810 1447 811
f 811 1447 1448
f 1449 1450 679
f 679 1450 706
f 913 916 1205
f 1205 916 1451
f 1275 1225 912
f 912 1225 909
f 1452 1453 880
f 880 1453 881
f 1444 1401 1445
f 1445 1401 1400
f 936 1454 937
f 937 1454 1360
f 824 1455 810
f 810 1455 1447
f 631 656 632
f 632 656 655
f 966 1456 967
f 967 1456 1457
f 1459 1460 1458
f 1458 1460 1461
f 1460 1462 1461
f 1461 1462 1463
f 972 974 973
f 973 974 975
f 990 995 991
f 991 995 994
f 1464 1187 1033
f 1033 1187 1174
f 1018 1021 1172
f 1172 1021 1173
f 1000 999 1001
f 1001 999 998
f 976 979 1022
f 1022 979 1032
f 1023 1024 980
f 980 1024 982
f 989 986 1171
f 1171 986 1169
f 1171 1170 989
f 989 1170 990
f 1170 1027 990
f 990 1027 995
f 1041 1039 998
f 998 1039 1001
f 1051 1063 1000
f 1000 1063 999
f 1066 1064 1051
f 1051 1064 1063
f 1183 1081 1066
f 1066 1081 1064
f 1178 1372 1103
f 1103 1372 1104
f 1092 1091 1465
f 1465 1091 1182
f 1467 1465 1466
f 1466 1465 1468
f 1469 1470 1184
f 1184 1470 1468
f 1095 1098 1471
f 1471 1098 1101
f 1076 1374 1120
f 1120 1374 1376
f 1110 1472 1127
f 1127 1472 1132
f 1472 1473 1132
f 1132 1473 1129
f 1474 1475 1466
f 1466 1475 1473
f 1119 1118 1116
f 1116 1118 1113
f 1375 1121 1376
f 1376 1121 1120
f 1127 1132 1128
f 1128 1132 1131
f 1227 1476 1228
f 1228 1476 1361
f 1365 1477 1362
f 1362 1477 872
f 1478 1479 1323
f 1323 1479 1230
f 1480 1481 914
f 914 1481 915
f 913 1277 914
f 914 1277 1276
f 1168 1034 1022
f 1022 1034 1023
f 1035 1036 1024
f 1024 1036 1025
f 1039 1041 1170
f 1170 1041 1027
f 1042 1148 1028
f 1028 1148 1146
f 968 1459 969
f 969 1459 1458
f 1482 1483 664
f 664 1483 665
f 1485 1486 1484
f 1484 1486 1487
f 1489 1490 1488
f 1488 1490 1491
f 1492 1493 722
f 722 1493 634
f 1495 1496 1494
f 1494 1496 1497
f 1498 1207 1339
f 1339 1207 863
f 1224 1499 1165
f 1165 1499 1166
f 1160 1163 1500
f 1500 1163 1275
f 1500 877 1160
f 1160 877 1501
f 876 873 1502
f 1502 873 1479
f 945 1264 851
f 851 1264 1229
f 835 1231 839
f 839 1231 871
f 1503 1283 778
f 778 1283 1282
f 716 715 1505
f 1505 715 1504
f 1446 1445 1507
f 1507 1445 1506
f 779 792 1381
f 1381 792 791
f 1430 1409 1341
f 1341 1409 1342
f 1411 1429 1508
f 1508 1429 1417
f 635 1510 1509
f 1509 1510 1511
f 1377 1380 1315
f 1315 1380 1316
f 1445 1400 1506
f 1506 1400 1408
f 918 917 1336
f 1336 917 1333
f 1513 1514 1512
f 1512 1514 870
f 1515 1516 1363
f 1363 1516 1364
f 1453 1517 881
f 881 1517 1276
f 992 1518 993
f 993 1518 1519
f 1520 1029 1518
f 1518 1029 955
f 1520 1026 1521
f 1521 1026 1040
f 1522 1015 1521
f 1521 1015 1043
f 996 1523 997
f 997 1523 1522
f 1060 1016 1524
f 1524 1016 1523
f 1061 1525 1062
f 1062 1525 1524
f 1079 1527 1526
f 1526 1527 1528
f 1093 1529 1094
f 1094 1529 1528
f 1111 1530 1112
f 1112 1530 1531
f 1532 1533 1105
f 1105 1533 1123
f 934 937 1139
f 1139 937 1140
f 1138 1363 1139
f 1139 1363 1362
f 1534 1222 1355
f 1355 1222 1278
f 1535 1223 1534
f 1534 1223 1222
f 821 587 1238
f 1238 587 586
f 1319 711 1317
f 1317 711 1536
f 1538 1200 1537
f 1537 1200 1199
f 1508 1417 1539
f 1539 1417 1416
f 1540 1541 840
f 840 1541 837
f 1231 898 871
f 871 898 901
f 1500 1275 1367
f 1367 1275 912
f 1543 1379 1542
f 1542 1379 1395
f 1539 772 1508
f 1508 772 1544
f 1546 1403 1545
f 1545 1403 1402
f 1548 1549 1547
f 1547 1549 1550
f 1552 1548 1551
f 1551 1548 1547
f 1554 1555 1553
f 1553 1555 1556
f 1558 1559 1557
f 1557 1559 1560
f 1562 1563 1561
f 1561 1563 1564
f 1566 1567 1565
f 1565 1567 1568
f 1570 1571 1569
f 1569 1571 1572
f 1574 1575 1573
f 1573 1575 1576
f 1577 1578 1572
f 1572 1578 1569
f 1580 1581 1579
f 1579 1581 1582
f 1584 1585 1583
f 1583 1585 1586
f 1588 1555 1587
f 1587 1555 1589
f 1591 1592 1590
f 1590 1592 1593
f 1595 1596 1594
f 1594 1596 1597
f 1596 1581 1597
f 1597 1581 1576
f 1599 1570 1598
f 1598 1570 1569
f 1601 1602 1600
f 1600 1602 1603
f 1605 1606 1604
f 1604 1606 1607
f 1608 1609 1568
f 1568 1609 1565
f 1611 1612 1610
f 1610 1612 1613
f 1615 1616 1614
f 1614 1616 1617
f 1619 1617 1618
f 1618 1617 1616
f 1621 1622 1620
f 1620 1622 1623
f 1625 1626 1624
f 1624 1626 1627
f 1629 1630 1628
f 1628 1630 1631
f 1633 1634 1632
f 1632 1634 1635
f 1636 1637 1639
f 1639 1637 1638
f 1641 1642 1640
f 1640 1642 1643
f 1624 1627 1644
f 1644 1627 1645
f 1647 1648 1646
f 1646 1648 1649
f 1651 1652 1650
f 1650 1652 1653
f 1655 1656 1654
f 1654 1656 1657
f 1659 1660 1658
f 1658 1660 1661
f 1662 1663 1631
f 1631 1663 1628
f 1651 1665 1664
f 1664 1665 1666
f 1667 1656 1619
f 1619 1656 1617
f 1669 1670 1668
f 1668 1670 1671
f 1632 1635 1672
f 1672 1635 1673
f 1674 1675 1638
f 1638 1675 1639
f 1677 1678 1676
f 1676 1678 1679
f 1680 1640 1681
f 1681 1640 1643
f 1682 1683 1643
f 1643 1683 1681
f 1670 1669 1235
f 1235 1669 1232
f 1396 1399 1674
f 1674 1399 1675
f 627 630 1679
f 1679 630 1676
f 1681 1315 1680
f 1680 1315 1311
f 1683 1377 1681
f 1681 1377 1315
f 1672 1673 1387
f 1387 1673 1385
f 1636 1684 1646
f 1646 1684 1685
f 1687 1688 1686
f 1686 1688 1689
f 1585 1690 1586
f 1586 1690 1691
f 1599 1692 1551
f 1551 1692 1693
f 1552 1558 1694
f 1694 1558 1557
f 1696 1615 1695
f 1695 1615 1614
f 1698 1699 1697
f 1697 1699 1623
f 1700 1701 1703
f 1703 1701 1702
f 1705 1706 1704
f 1704 1706 1707
f 1708 1709 1640
f 1640 1709 1641
f 1710 1711 1713
f 1713 1711 1712
f 1652 1655 1653
f 1653 1655 1654
f 1714 1699 1712
f 1712 1699 1713
f 1715 1710 1716
f 1716 1710 1713
f 1717 1708 1680
f 1680 1708 1640
f 1393 1392 1715
f 1715 1392 1710
f 1719 1720 1718
f 1718 1720 1721
f 1680 1311 1717
f 1717 1311 789
f 1378 1711 1392
f 1392 1711 1710
f 1388 1391 1719
f 1719 1391 1720
f 1723 1606 1722
f 1722 1606 1689
f 1725 1568 1724
f 1724 1568 1567
f 1726 1647 1685
f 1685 1647 1646
f 1728 1554 1727
f 1727 1554 1553
f 1591 1687 1600
f 1600 1687 1686
f 1730 1595 1729
f 1729 1595 1594
f 1601 1605 1731
f 1731 1605 1604
f 1733 1663 1732
f 1732 1663 1734
f 1736 1639 1735
f 1735 1639 1675
f 1658 1644 1737
f 1737 1644 1645
f 1726 1662 1724
f 1724 1662 1631
f 1399 1738 1675
f 1675 1738 1735
f 1621 1667 1739
f 1739 1667 1619
f 1714 1740 1620
f 1620 1740 1741
f 1592 1549 1593
f 1593 1549 1742
f 1602 1571 1603
f 1603 1571 1550
f 1688 1690 1689
f 1689 1690 1722
f 1588 1559 1582
f 1582 1559 1579
f 1673 1735 1385
f 1385 1735 1738
f 1387 1232 1672
f 1672 1232 1669
f 1580 1692 1573
f 1573 1692 1743
f 1377 1683 1378
f 1378 1683 1711
f 1664 1666 1744
f 1744 1666 1745
f 1744 1696 1664
f 1664 1696 1695
f 1746 1747 1732
f 1732 1747 1748
f 1749 1750 1677
f 1677 1750 1678
f 1709 1708 1750
f 1750 1708 1678
f 1668 1632 1669
f 1669 1632 1672
f 1633 1746 1734
f 1734 1746 1732
f 1679 1678 1717
f 1717 1678 1708
f 789 627 1717
f 1717 627 1679
f 1563 1723 1564
f 1564 1723 1722
f 1728 1584 1751
f 1751 1584 1583
f 1674 1676 1396
f 1396 1676 630
f 1666 1566 1745
f 1745 1566 1565
f 1627 1629 1645
f 1645 1629 1628
f 1637 1749 1638
f 1638 1749 1677
f 1648 1665 1649
f 1649 1665 1752
f 1740 1642 1741
f 1741 1642 1657
f 1676 1674 1677
f 1677 1674 1638
f 1683 1682 1711
f 1711 1682 1712
f 1618 1753 1619
f 1619 1753 1739
f 1701 1739 1702
f 1702 1739 1753
f 1754 1214 1756
f 1756 1214 1755
f 647 1757 619
f 619 1757 941
f 1759 1193 1758
f 1758 1193 691
f 1419 1760 1420
f 1420 1760 1761
f 682 1762 683
f 683 1762 1763
f 1412 780 1413
f 1413 780 1384
f 1383 1398 1384
f 1384 1398 1413
f 1197 1424 1764
f 1764 1424 1423
f 1537 1287 1538
f 1538 1287 1286
f 1634 1684 1635
f 1635 1684 1736
f 1724 1631 1725
f 1725 1631 1630
f 1562 1730 1610
f 1610 1730 1729
f 1735 1673 1736
f 1736 1673 1635
f 1757 1195 941
f 941 1195 1194
f 1766 200 1765
f 1765 200 199
f 475 500 476
f 476 500 479
f 498 558 483
f 483 558 487
f 545 551 546
f 546 551 550
f 453 1281 219
f 219 1281 1314
f 298 453 208
f 208 453 219
f 368 1765 1767
f 1767 1765 199
f 523 405 363
f 363 405 404
f 523 533 405
f 405 533 402
f 298 208 299
f 299 208 207
f 299 207 176
f 176 207 300
f 176 300 173
f 173 300 202
f 173 202 174
f 174 202 201
f 1337 918 1768
f 1768 918 1336
f 1769 1770 1338
f 1338 1770 859
f 581 570 578
f 578 570 1771
f 555 562 580
f 580 562 561
f 504 1772 501
f 501 1772 548
f 517 542 584
f 584 542 543
f 515 514 516
f 516 514 544
f 542 517 544
f 544 517 516
f 561 575 580
f 580 575 581
f 575 569 581
f 581 569 570
f 501 548 1773
f 1773 548 547
f 1774 1775 570
f 570 1775 1771
f 369 368 1776
f 1776 368 1767
f 372 369 375
f 375 369 1776
f 822 1280 1308
f 1308 1280 1320
f 820 1281 822
f 822 1281 1280
f 818 1314 820
f 820 1314 1281
f 1314 818 1313
f 1313 818 804
f 807 814 825
f 825 814 826
f 814 813 826
f 826 813 827
f 813 1220 827
f 827 1220 828
f 580 579 555
f 555 579 547
f 1477 1540 872
f 872 1540 840
f 367 499 368
f 368 499 1765
f 1766 1765 525
f 525 1765 499
f 1777 1766 526
f 526 1766 525
f 520 527 362
f 362 527 384
f 361 1778 519
f 519 1778 528
f 371 1779 372
f 372 1779 369
f 369 1779 370
f 370 1779 478
f 1779 371 478
f 478 371 374
f 1778 1777 528
f 528 1777 526
f 1781 1782 1780
f 1780 1782 1783
f 431 460 67
f 67 460 64
f 68 338 74
f 74 338 72
f 1785 1782 1784
f 1784 1782 1786
f 1787 1788 1790
f 1790 1788 1789
f 1792 1789 1791
f 1791 1789 1793
f 1791 1794 1792
f 1792 1794 1795
f 1794 1796 1795
f 1795 1796 1797
f 1797 1798 938
f 938 1798 868
f 1798 1799 868
f 868 1799 869
f 1801 1802 1800
f 1800 1802 1451
f 1803 1804 1205
f 1205 1804 1206
f 1805 1806 864
f 864 1806 865
f 1806 1807 865
f 865 1807 1808
f 68 71 338
f 287 328 288
f 1320 1321 1308
f 1308 1321 1309
f 1320 441 1321
f 1321 441 217
f 441 152 217
f 217 152 218
f 151 286 152
f 152 286 218
f 297 310 151
f 151 310 286
f 296 307 297
f 297 307 310
f 296 143 307
f 307 143 284
f 143 56 284
f 284 56 104
f 56 59 104
f 104 59 63
f 59 102 63
f 63 102 60
f 102 94 60
f 60 94 282
f 93 459 279
f 279 459 77
f 459 460 77
f 77 460 78
f 460 431 78
f 78 431 295
f 431 49 295
f 295 49 292
f 48 421 49
f 49 421 292
f 276 278 418
f 418 278 429
f 317 432 278
f 278 432 429
f 432 317 433
f 433 317 316
f 326 324 316
f 316 324 433
f 1536 592 1809
f 1809 592 591
f 1810 744 1812
f 1812 744 1811
f 1814 1815 1813
f 1813 1815 1816
f 1817 748 1818
f 1818 748 747
f 1812 1819 1810
f 1810 1819 1817
f 1820 1821 748
f 748 1821 749
f 1823 1824 1822
f 1822 1824 1825
f 1827 1828 1826
f 1826 1828 1829
f 1831 1832 1830
f 1830 1832 1833
f 1834 1827 1243
f 1243 1827 1826
f 1313 804 825
f 825 804 807
f 1835 1253 1236
f 1236 1253 1237
f 1836 1837 1438
f 1438 1837 1435
f 1838 1505 1840
f 1840 1505 1839
f 1841 1842 716
f 716 1842 713
f 1843 1844 1510
f 1510 1844 1845
f 1847 1848 1846
f 1846 1848 1849
f 1850 1240 1822
f 1822 1240 1239
f 636 1831 637
f 637 1831 1830
f 1852 1853 1851
f 1851 1853 1854
f 1855 1856 1858
f 1858 1856 1857
f 1846 1849 1859
f 1859 1849 1860
f 1343 1401 1509
f 1509 1401 1861
f 1509 1861 635
f 635 1861 636
f 1863 1864 1862
f 1862 1864 1865
f 1283 1503 1867
f 1867 1503 1866
f 1868 1867 681
f 681 1867 682
f 1286 1285 683
f 683 1285 684
f 757 756 1274
f 1274 756 1869
f 1274 1869 717
f 717 1869 718
f 1434 1433 719
f 719 1433 720
f 1200 1538 1545
f 1545 1538 1763
f 1285 1289 684
f 684 1289 1273
f 684 1273 681
f 681 1273 1272
f 785 1283 1868
f 1868 1283 1867
f 786 785 1870
f 1870 785 1868
f 1289 757 1273
f 1273 757 1274
f 1539 1416 1871
f 1871 1416 1872
f 773 1871 1403
f 1403 1871 1404
f 675 674 1405
f 1405 674 1402
f 1864 1873 1865
f 1865 1873 1874
f 638 1843 635
f 635 1843 1510
f 1344 1343 1511
f 1511 1343 1509
f 772 1539 773
f 773 1539 1871
f 674 1200 1402
f 1402 1200 1545
f 1538 1286 1763
f 1763 1286 683
f 1444 1443 1875
f 1875 1443 1876
f 1875 1876 1831
f 1831 1876 1832
f 1416 1344 1872
f 1872 1344 1511
f 1877 1878 774
f 774 1878 1879
f 1878 1847 1879
f 1879 1847 1846
f 1880 714 1881
f 1881 714 1848
f 1401 1444 1861
f 1861 1444 1875
f 1861 1875 636
f 636 1875 1831
f 1823 1863 1882
f 1882 1863 1862
f 1441 1440 1884
f 1884 1440 1883
f 1883 1852 1884
f 1884 1852 1851
f 1886 1887 1885
f 1885 1887 1888
f 1358 1889 1359
f 1359 1889 1890
f 1891 1886 1892
f 1892 1886 1885
f 774 1879 775
f 775 1879 1893
f 1859 1893 1846
f 1846 1893 1879
f 713 1842 1849
f 1849 1842 1860
f 1318 1895 1894
f 1894 1895 1896
f 1873 1897 1874
f 1874 1897 1898
f 1898 605 1899
f 1899 605 675
f 1405 1844 675
f 675 1844 1899
f 1404 1845 1405
f 1405 1845 1844
f 593 1296 591
f 591 1296 1809
f 1295 1292 1900
f 1900 1292 1895
f 606 1897 1291
f 1291 1897 1896
f 1510 1845 1511
f 1511 1845 1872
f 1871 1872 1404
f 1404 1872 1845
f 1866 770 1762
f 1762 770 1546
f 1762 682 1866
f 1866 682 1867
f 1870 1868 1272
f 1272 1868 681
f 1272 717 1870
f 1870 717 720
f 1870 720 786
f 786 720 1433
f 786 1433 787
f 787 1433 1432
f 1261 1414 1432
f 1432 1414 787
f 1389 1234 1260
f 1260 1234 1415
f 1719 1670 1388
f 1388 1670 1235
f 1718 1671 1719
f 1719 1671 1670
f 1705 1747 1718
f 1718 1747 1671
f 1659 1901 1704
f 1704 1901 1748
f 1877 1903 1902
f 1902 1903 1904
f 1259 1905 1390
f 1390 1905 1394
f 1715 1720 1393
f 1393 1720 1391
f 1716 1721 1715
f 1715 1721 1720
f 1698 1706 1716
f 1716 1706 1721
f 277 276 47
f 47 276 48
f 84 96 81
f 81 96 82
f 80 70 81
f 81 70 85
f 99 97 88
f 88 97 89
f 90 100 88
f 88 100 99
f 101 95 102
f 102 95 94
f 1906 1907 280
f 280 1907 281
f 97 86 89
f 89 86 85
f 60 282 61
f 61 282 281
f 83 82 46
f 46 82 47
f 293 292 420
f 420 292 421
f 419 1908 420
f 420 1908 1909
f 92 95 91
f 91 95 90
f 279 282 93
f 93 282 94
f 276 418 48
f 48 418 421
f 1910 1660 1697
f 1697 1660 1707
f 1703 1624 1700
f 1700 1624 1644
f 1622 1910 1623
f 1623 1910 1697
f 1701 1700 1911
f 1911 1700 1661
f 1700 1644 1661
f 1661 1644 1658
f 1901 1737 1733
f 1733 1737 1645
f 1625 1912 1604
f 1604 1912 1731
f 1912 1913 1731
f 1731 1913 1914
f 1913 1577 1914
f 1914 1577 1572
f 1915 1578 1616
f 1616 1578 1618
f 1915 1916 1598
f 1598 1916 1743
f 1916 1574 1743
f 1743 1574 1573
f 1575 1917 1576
f 1576 1917 1597
f 1917 1609 1597
f 1597 1609 1594
f 1608 1611 1729
f 1729 1611 1610
f 1918 1612 1629
f 1629 1612 1630
f 1626 1918 1627
f 1627 1918 1629
f 1920 1921 1919
f 1919 1921 1922
f 1920 1924 1923
f 1923 1924 1925
f 1926 1927 1924
f 1924 1927 1925
f 1929 1930 1928
f 1928 1930 1931
f 1932 1933 1935
f 1935 1933 1934
f 1937 1938 1936
f 1936 1938 1939
f 1941 1942 1940
f 1940 1942 1943
f 1941 1945 1944
f 1944 1945 1946
f 1947 1948 1694
f 1694 1948 1949
f 1950 1951 1953
f 1953 1951 1952
f 1955 1956 1954
f 1954 1956 1589
f 1958 1956 1957
f 1957 1956 1932
f 1960 1934 1959
f 1959 1934 1933
f 1962 1963 1961
f 1961 1963 1964
f 1965 1955 1751
f 1751 1955 1954
f 1935 1930 1932
f 1932 1930 1957
f 1951 1950 1926
f 1926 1950 1929
f 1966 1967 1593
f 1593 1967 1590
f 1969 1967 1968
f 1968 1967 1964
f 1962 1921 1970
f 1970 1921 1971
f 1963 1945 1964
f 1964 1945 1968
f 1972 1948 1922
f 1922 1948 1919
f 1966 1972 1961
f 1961 1972 1922
f 1958 1953 1587
f 1587 1953 1560
f 1974 1975 1973
f 1973 1975 1976
f 1978 1979 1977
f 1977 1979 1691
f 1979 1975 1691
f 1691 1975 1586
f 1938 1942 1939
f 1939 1942 1980
f 1952 1947 1557
f 1557 1947 1694
f 1969 1978 1981
f 1981 1978 1977
f 1983 1984 1982
f 1982 1984 1985
f 1986 1987 1989
f 1989 1987 1988
f 1990 1991 1983
f 1983 1991 1984
f 1990 1993 1992
f 1992 1993 1994
f 1995 1996 1994
f 1994 1996 1997
f 1999 2000 1998
f 1998 2000 2001
f 2003 2004 2002
f 2002 2004 2005
f 2007 2008 2006
f 2006 2008 2009
f 2011 2012 2010
f 2010 2012 2013
f 2014 2015 2017
f 2017 2015 2016
f 2018 2019 2021
f 2021 2019 2020
f 2022 1989 2024
f 2024 1989 2023
f 1989 1988 2023
f 2023 1988 2025
f 2026 2027 2017
f 2017 2027 2014
f 2029 2030 2028
f 2028 2030 2031
f 2033 2034 2032
f 2032 2034 2035
f 2032 2035 2036
f 2036 2035 2037
f 2039 2040 2038
f 2038 2040 2041
f 1982 2042 1983
f 1983 2042 2043
f 2045 2046 2044
f 2044 2046 2047
f 2049 2050 2048
f 2048 2050 2051
f 2053 2054 2052
f 2052 2054 2055
f 2057 2058 2056
f 2056 2058 2059
f 2060 2061 2033
f 2033 2061 2034
f 2063 2064 2062
f 2062 2064 2065
f 2066 2035 2067
f 2067 2035 2034
f 2069 2039 2068
f 2068 2039 2038
f 2025 2070 2023
f 2023 2070 2071
f 2072 2024 2071
f 2071 2024 2023
f 2074 2020 2073
f 2073 2020 2019
f 2050 2049 2047
f 2047 2049 2075
f 1983 2043 1990
f 1990 2043 1993
f 2006 2050 2007
f 2007 2050 2076
f 2050 2006 2051
f 2051 2006 2077
f 2079 2080 2078
f 2078 2080 2081
f 2082 2083 2085
f 2085 2083 2084
f 2010 2013 2086
f 2086 2013 2087
f 2089 2033 2088
f 2088 2033 2032
f 2090 2060 2089
f 2089 2060 2033
f 2092 2093 2091
f 2091 2093 2094
f 2096 1986 2095
f 2095 1986 2097
f 2097 1986 2022
f 2022 1986 1989
f 2015 2094 2016
f 2016 2094 2098
f 2016 2098 2100
f 2100 2098 2099
f 2017 2016 2101
f 2101 2016 2100
f 2017 2101 2026
f 2026 2101 2102
f 2100 2099 2104
f 2104 2099 2103
f 2104 2105 2100
f 2100 2105 2101
f 2105 2106 2101
f 2101 2106 2102
f 2108 2061 2107
f 2107 2061 2109
f 2111 2112 2110
f 2110 2112 2020
f 2020 2074 2110
f 2110 2074 2113
f 2115 2116 2114
f 2114 2116 2117
f 2118 2119 1995
f 1995 2119 2120
f 2121 2122 2027
f 2027 2122 2014
f 2047 2075 2044
f 2044 2075 2123
f 2124 2125 2127
f 2127 2125 2126
f 2129 2130 2128
f 2128 2130 2131
f 2132 2133 2057
f 2057 2133 2058
f 2134 1999 2136
f 2136 1999 2135
f 2055 2138 2137
f 2137 2138 2139
f 2141 2142 2140
f 2140 2142 2143
f 2083 2082 2064
f 2064 2082 2065
f 2082 2144 2065
f 2065 2144 2145
f 2040 2146 2041
f 2041 2146 2147
f 2060 2090 2148
f 2148 2090 2149
f 2048 2051 2137
f 2137 2051 2150
f 2151 1997 2135
f 2135 1997 1996
f 2152 2150 2077
f 2077 2150 2051
f 2046 2045 2118
f 2118 2045 2119
f 2154 2155 2153
f 2153 2155 2156
f 2158 2159 2157
f 2157 2159 2160
f 2162 2163 2161
f 2161 2163 2164
f 2164 2163 2165
f 2165 2163 2166
f 2168 2169 2167
f 2167 2169 2170
f 2003 2172 2171
f 2171 2172 2173
f 2174 2175 2002
f 2002 2175 2176
f 2145 2177 2065
f 2065 2177 2062
f 2178 2179 2180
f 2180 2179 2134
f 2181 2052 2152
f 2152 2052 2150
f 2040 2127 2146
f 2146 2127 2182
f 2130 2162 2131
f 2131 2162 2161
f 2052 2055 2150
f 2150 2055 2137
f 2184 2185 2183
f 2183 2185 2186
f 2159 2030 2160
f 2160 2030 2187
f 2146 2182 2029
f 2029 2182 2188
f 2189 2190 2192
f 2192 2190 2191
f 2172 2003 2176
f 2176 2003 2002
f 1998 2151 1999
f 1999 2151 2135
f 2177 2172 2062
f 2062 2172 2176
f 2172 2177 2173
f 2173 2177 2193
f 2063 2194 2064
f 2064 2194 2195
f 2066 2197 2196
f 2196 2197 2198
f 2002 2005 2174
f 2174 2005 2199
f 2004 2003 2200
f 2200 2003 2171
f 2198 2201 2171
f 2171 2201 2200
f 2197 2202 2198
f 2198 2202 2201
f 2202 2197 2203
f 2203 2197 2204
f 2196 2198 2173
f 2173 2198 2171
f 2205 2069 2170
f 2170 2069 2206
f 2197 2066 2204
f 2204 2066 2067
f 2107 2207 2108
f 2108 2207 2208
f 2210 2208 2209
f 2209 2208 2207
f 2185 2211 2212
f 2213 2214 2211
f 2211 2214 2212
f 1998 2001 2213
f 2213 2001 2214
f 2134 2215 1999
f 1999 2215 2000
f 2216 2217 2219
f 2219 2217 2218
f 2206 2220 2170
f 2170 2220 2167
f 2069 2068 2206
f 2206 2068 2221
f 2151 1998 2222
f 2222 1998 2213
f 2124 2039 2205
f 2205 2039 2069
f 2142 2223 2143
f 2143 2223 2128
f 2203 2186 2202
f 2202 2186 2185
f 2185 2184 2211
f 2211 2184 2224
f 2224 2225 2222
f 2222 2225 2226
f 2071 2227 2072
f 2072 2227 2228
f 2229 2074 2230
f 2230 2074 2073
f 2074 2229 2113
f 2113 2229 2231
f 2232 2225 2227
f 2227 2225 2224
f 2233 2234 2031
f 2031 2234 2028
f 2236 2231 2235
f 2235 2231 2229
f 2230 2183 2229
f 2229 2183 2235
f 2237 1987 2096
f 2096 1987 1986
f 2152 2238 2181
f 2181 2238 2239
f 2080 2240 2081
f 2081 2240 2241
f 2236 2242 1971
f 1971 2242 1970
f 1925 2113 1923
f 1923 2113 2231
f 2110 1927 2111
f 2111 1927 1928
f 2103 2111 1931
f 1931 2111 1928
f 1931 2243 2103
f 2103 2243 2104
f 2105 2104 2244
f 2244 2104 2243
f 1939 1980 2148
f 2148 1980 2109
f 1980 1944 2109
f 2109 1944 2107
f 1946 2245 2207
f 2207 2245 2209
f 2245 1970 2209
f 2209 1970 2242
f 2231 2236 1923
f 1923 2236 1971
f 2113 1925 2110
f 2110 1925 1927
f 2234 2246 2028
f 2028 2246 2147
f 2247 2248 2058
f 2058 2248 2059
f 2114 2117 2249
f 2249 2117 2250
f 2252 2253 2251
f 2251 2253 2254
f 2094 2015 2091
f 2091 2015 2255
f 2256 2255 2014
f 2014 2255 2015
f 2257 2145 2258
f 2258 2145 2144
f 2131 2161 2123
f 2123 2161 2044
f 2045 2044 2164
f 2164 2044 2161
f 2045 2164 2119
f 2119 2164 2165
f 2259 2120 2165
f 2165 2120 2119
f 2260 2261 2259
f 2259 2261 2120
f 2205 2262 2124
f 2124 2262 2125
f 2180 2263 2178
f 2178 2263 2264
f 2265 2266 2092
f 2092 2266 2093
f 1992 2267 2268
f 2184 2228 2224
f 2224 2228 2227
f 2048 2269 2049
f 2049 2269 2141
f 2129 2168 2157
f 2157 2168 2167
f 2049 2141 2075
f 2075 2141 2140
f 2199 2215 2270
f 2270 2215 2271
f 2142 2141 2272
f 2272 2141 2269
f 2089 2026 2090
f 2090 2026 2102
f 2146 2029 2147
f 2147 2029 2028
f 2111 2103 2112
f 2112 2103 2099
f 2061 2060 2109
f 2109 2060 2148
f 2273 2274 2041
f 2041 2274 2038
f 2260 2275 2261
f 2261 2275 2136
f 2057 2138 2132
f 2132 2138 2276
f 2272 2269 2056
f 2056 2269 2139
f 2277 2278 2270
f 2270 2278 2199
f 2029 2188 2030
f 2030 2188 2187
f 2040 2039 2127
f 2127 2039 2124
f 2064 2195 2083
f 2083 2195 2279
f 2056 2139 2057
f 2057 2139 2138
f 2278 2277 2247
f 2247 2277 2248
f 2062 2176 2063
f 2063 2176 2175
f 2280 2210 2242
f 2242 2210 2209
f 2282 2233 2281
f 2281 2233 2031
f 2216 2219 2283
f 2283 2219 2221
f 2158 2220 2218
f 2218 2220 2219
f 2217 2282 2218
f 2218 2282 2281
f 2220 2158 2167
f 2167 2158 2157
f 2223 2264 2128
f 2128 2264 2263
f 2261 1996 2120
f 2120 1996 1995
f 2213 2211 2222
f 2222 2211 2224
f 2283 2221 2284
f 2284 2221 2068
f 2135 1996 2136
f 2136 1996 2261
f 2144 2081 2258
f 2258 2081 2241
f 2235 2280 2236
f 2236 2280 2242
f 2246 2273 2147
f 2147 2273 2041
f 2036 2285 2032
f 2032 2285 2088
f 2077 2286 2152
f 2152 2286 2238
f 1937 1960 1973
f 1973 1960 1959
f 2070 2232 2071
f 2071 2232 2227
f 2244 2287 2105
f 2105 2287 2106
f 1936 1939 2149
f 2149 1939 2148
f 1944 1946 2107
f 2107 1946 2207
f 2285 2121 2088
f 2088 2121 2027
f 2253 2249 2254
f 2254 2249 2250
f 2006 2009 2077
f 2077 2009 2286
f 2289 2086 2288
f 2288 2086 2087
f 2223 2142 2290
f 2290 2142 2272
f 2128 2131 2143
f 2143 2131 2123
f 2156 2291 2153
f 2153 2291 2175
f 2292 2293 2278
f 2278 2293 2294
f 2075 2140 2123
f 2123 2140 2143
f 2262 2169 2275
f 2275 2169 2180
f 2275 2180 2136
f 2136 2180 2134
f 2274 2284 2038
f 2038 2284 2068
f 2127 2126 2182
f 2182 2126 2166
f 2094 2093 2098
f 2098 2093 2021
f 2098 2021 2099
f 2099 2021 2112
f 2018 2021 2266
f 2266 2021 2093
f 2251 2289 2252
f 2252 2289 2288
f 1997 2151 2226
f 2226 2151 2222
f 2206 2221 2220
f 2220 2221 2219
f 2269 2048 2139
f 2139 2048 2137
f 2159 2158 2281
f 2281 2158 2218
f 2156 2155 2190
f 2190 2155 2191
f 1974 1965 1583
f 1583 1965 1751
f 2088 2027 2089
f 2089 2027 2026
f 2030 2159 2031
f 2031 2159 2281
f 2106 2149 2102
f 2102 2149 2090
f 2287 1936 2106
f 2106 1936 2149
f 2293 2154 2294
f 2294 2154 2153
f 2021 2020 2112
f 2247 2295 2278
f 2278 2295 2292
f 2284 2296 2283
f 2283 2296 2297
f 2298 2296 2274
f 2274 2296 2284
f 2273 2299 2274
f 2274 2299 2298
f 2246 2300 2273
f 2273 2300 2299
f 2283 2297 2216
f 2216 2297 2301
f 2216 2301 2217
f 2217 2301 2302
f 2302 2303 2217
f 2217 2303 2282
f 2304 2301 2305
f 2305 2301 2297
f 2307 2308 2306
f 2306 2308 2309
f 2306 2310 2307
f 2307 2310 2311
f 2307 2312 2308
f 2308 2312 2313
f 2314 2315 2312
f 2312 2315 2316
f 2316 2317 2312
f 2312 2317 2313
f 2317 2305 2313
f 2313 2305 2318
f 2314 2312 2311
f 2311 2312 2307
f 2319 2320 2322
f 2322 2320 2321
f 2322 2311 2319
f 2319 2311 2310
f 2313 2318 2308
f 2308 2318 2309
f 2296 2298 2318
f 2318 2298 2309
f 2309 2298 2323
f 2323 2298 2299
f 2306 2309 2324
f 2324 2309 2323
f 2310 2306 2325
f 2325 2306 2324
f 2296 2318 2297
f 2297 2318 2305
f 2319 2310 2326
f 2326 2310 2325
f 2328 2325 2327
f 2327 2325 2324
f 2325 2328 2326
f 2326 2328 2329
f 2331 2328 2330
f 2330 2328 2327
f 2332 2333 2327
f 2327 2333 2330
f 2328 2331 2329
f 2329 2331 2334
f 2324 2323 2327
f 2327 2323 2332
f 2300 2332 2299
f 2299 2332 2323
f 2326 2335 2319
f 2319 2335 2320
f 2305 2317 2336
f 2336 2317 2316
f 2336 2316 2337
f 2337 2316 2315
f 2338 2304 2336
f 2336 2304 2305
f 2337 2339 2336
f 2336 2339 2338
f 2337 2315 2341
f 2341 2315 2340
f 2342 2300 2234
f 2234 2300 2246
f 2303 2343 2282
f 2282 2343 2233
f 2234 2233 2342
f 2342 2233 2343
f 2342 2343 2333
f 2333 2343 2344
f 2333 2344 2330
f 2330 2344 2345
f 2346 2344 2303
f 2303 2344 2343
f 2332 2300 2333
f 2333 2300 2342
f 2347 2346 2302
f 2302 2346 2303
f 2301 2304 2302
f 2302 2304 2347
f 2304 2338 2347
f 2347 2338 2348
f 2348 2349 2347
f 2347 2349 2346
f 2350 2351 2348
f 2348 2351 2349
f 2349 2345 2346
f 2346 2345 2344
f 2345 2349 2352
f 2352 2349 2351
f 2338 2339 2348
f 2348 2339 2350
f 2350 2339 2353
f 2353 2339 2354
f 2356 2357 2355
f 2355 2357 2353
f 2351 2350 2357
f 2357 2350 2353
f 2353 2354 2355
f 2355 2354 2335
f 2320 2335 2341
f 2341 2335 2354
f 2339 2337 2354
f 2354 2337 2341
f 2352 2331 2345
f 2345 2331 2330
f 2356 2334 2352
f 2352 2334 2331
f 2356 2352 2357
f 2357 2352 2351
f 2355 2329 2356
f 2356 2329 2334
f 2335 2326 2355
f 2355 2326 2329
f 2321 2314 2322
f 2322 2314 2311
f 2321 2320 2340
f 2340 2320 2341
f 2315 2314 2340
f 2340 2314 2321
f 2125 2260 2126
f 2126 2260 2259
f 2157 2160 2129
f 2129 2160 2130
f 2188 2163 2187
f 2187 2163 2162
f 2182 2166 2188
f 2188 2166 2163
f 2180 2169 2263
f 2263 2169 2168
f 2160 2187 2130
f 2130 2187 2162
f 2275 2260 2262
f 2262 2260 2125
f 2128 2263 2129
f 2129 2263 2168
f 2262 2205 2169
f 2169 2205 2170
f 2165 2166 2259
f 2259 2166 2126
f 2359 2360 2358
f 2358 2360 2361
f 2363 2364 2362
f 2362 2364 2365
f 2367 2363 2366
f 2366 2363 2362
f 2368 2369 2371
f 2371 2369 2370
f 2372 2373 2248
f 2248 2373 2059
f 2364 2374 2365
f 2365 2374 2375
f 2377 2378 2376
f 2376 2378 2379
f 2290 2380 2223
f 2223 2380 2381
f 2223 2381 2264
f 2264 2381 2382
f 2384 2385 2383
f 2383 2385 2386
f 2364 2371 2374
f 2374 2371 2387
f 2059 2373 2290
f 2290 2373 2380
f 2378 2360 2379
f 2379 2360 2388
f 2374 2387 2359
f 2359 2387 2389
f 2390 2367 2386
f 2386 2367 2391
f 2393 2394 2392
f 2392 2394 2395
f 2386 2391 2383
f 2383 2391 2396
f 2367 2366 2391
f 2391 2366 2397
f 2363 2367 2368
f 2368 2367 2390
f 2398 2399 2361
f 2361 2399 2358
f 2399 2400 2358
f 2358 2400 2375
f 2390 2401 2368
f 2368 2401 2369
f 2372 2384 2376
f 2376 2384 2383
f 2374 2359 2375
f 2375 2359 2358
f 2402 2403 2365
f 2365 2403 2362
f 2359 2389 2360
f 2360 2389 2388
f 2364 2363 2371
f 2371 2363 2368
f 2405 2398 2404
f 2404 2398 2361
f 2392 2395 2406
f 2406 2395 2397
f 2377 2396 2394
f 2394 2396 2395
f 2394 2393 2404
f 2404 2393 2405
f 2396 2377 2383
f 2383 2377 2376
f 2406 2397 2407
f 2407 2397 2366
f 2400 2402 2375
f 2375 2402 2365
f 2385 2270 2401
f 2401 2270 2271
f 2403 2407 2362
f 2362 2407 2366
f 2371 2370 2387
f 2387 2370 2382
f 2391 2397 2396
f 2396 2397 2395
f 2378 2377 2404
f 2404 2377 2394
f 2360 2378 2361
f 2361 2378 2404
f 2407 2408 2406
f 2406 2408 2409
f 2410 2408 2403
f 2403 2408 2407
f 2411 2410 2402
f 2402 2410 2403
f 2412 2411 2400
f 2400 2411 2402
f 2406 2409 2392
f 2392 2409 2413
f 2392 2413 2393
f 2393 2413 2414
f 2415 2405 2414
f 2414 2405 2393
f 2416 2413 2417
f 2417 2413 2409
f 2419 2420 2418
f 2418 2420 2421
f 2420 2422 2421
f 2421 2422 2423
f 2420 2424 2422
f 2422 2424 2425
f 2426 2427 2424
f 2424 2427 2428
f 2428 2429 2424
f 2424 2429 2425
f 2426 2424 2419
f 2419 2424 2420
f 2419 2418 2431
f 2431 2418 2430
f 2425 2432 2422
f 2422 2432 2423
f 2408 2410 2432
f 2432 2410 2423
f 2423 2410 2433
f 2433 2410 2411
f 2421 2423 2434
f 2434 2423 2433
f 2435 2418 2434
f 2434 2418 2421
f 2429 2417 2425
f 2425 2417 2432
f 2408 2432 2409
f 2409 2432 2417
f 2418 2435 2430
f 2430 2435 2436
f 2438 2435 2437
f 2437 2435 2434
f 2435 2438 2436
f 2436 2438 2439
f 2441 2438 2440
f 2440 2438 2437
f 2442 2443 2437
f 2437 2443 2440
f 2439 2438 2444
f 2444 2438 2441
f 2433 2442 2434
f 2434 2442 2437
f 2412 2442 2411
f 2411 2442 2433
f 2436 2445 2430
f 2430 2445 2446
f 2430 2446 2431
f 2431 2446 2447
f 2417 2429 2448
f 2448 2429 2428
f 2427 2449 2428
f 2428 2449 2448
f 2450 2416 2448
f 2448 2416 2417
f 2451 2450 2449
f 2449 2450 2448
f 2427 2452 2449
f 2449 2452 2453
f 2447 2446 2452
f 2452 2446 2453
f 2454 2412 2399
f 2399 2412 2400
f 2415 2455 2405
f 2405 2455 2398
f 2399 2398 2454
f 2454 2398 2455
f 2454 2455 2443
f 2443 2455 2456
f 2443 2456 2440
f 2440 2456 2457
f 2458 2456 2415
f 2415 2456 2455
f 2443 2442 2454
f 2454 2442 2412
f 2459 2458 2414
f 2414 2458 2415
f 2413 2416 2414
f 2414 2416 2459
f 2459 2416 2460
f 2460 2416 2450
f 2460 2461 2459
f 2459 2461 2458
f 2462 2463 2460
f 2460 2463 2461
f 2461 2457 2458
f 2458 2457 2456
f 2457 2461 2464
f 2464 2461 2463
f 2451 2462 2450
f 2450 2462 2460
f 2462 2451 2465
f 2465 2451 2466
f 2468 2469 2467
f 2467 2469 2465
f 2463 2462 2469
f 2469 2462 2465
f 2465 2466 2467
f 2467 2466 2445
f 2446 2445 2453
f 2453 2445 2466
f 2451 2449 2466
f 2466 2449 2453
f 2464 2441 2457
f 2457 2441 2440
f 2468 2444 2464
f 2464 2444 2441
f 2468 2464 2469
f 2469 2464 2463
f 2467 2439 2468
f 2468 2439 2444
f 2445 2436 2467
f 2467 2436 2439
f 2447 2426 2431
f 2431 2426 2419
f 2427 2426 2452
f 2452 2426 2447
f 2369 2179 2370
f 2370 2179 2178
f 2376 2379 2372
f 2372 2379 2373
f 2389 2381 2388
f 2388 2381 2380
f 2387 2382 2389
f 2389 2382 2381
f 2270 2385 2277
f 2277 2385 2384
f 2379 2388 2373
f 2373 2388 2380
f 2401 2271 2369
f 2369 2271 2179
f 2248 2277 2372
f 2372 2277 2384
f 2401 2390 2385
f 2385 2390 2386
f 2264 2382 2178
f 2178 2382 2370
f 2215 2134 2271
f 2271 2134 2179
f 2005 2000 2199
f 2199 2000 2215
f 2004 2001 2005
f 2005 2001 2000
f 2200 2214 2004
f 2004 2214 2001
f 2470 2471 2473
f 2473 2471 2472
f 2475 2476 2474
f 2474 2476 2477
f 2479 2475 2478
f 2478 2475 2474
f 2481 2482 2480
f 2480 2482 2483
f 2476 2484 2477
f 2477 2484 2485
f 2487 2488 2486
f 2486 2488 2489
f 2133 2490 2058
f 2058 2490 2491
f 2058 2491 2247
f 2247 2491 2492
f 2494 2495 2493
f 2493 2495 2496
f 2476 2483 2484
f 2484 2483 2497
f 2472 2498 2488
f 2488 2498 2489
f 2484 2497 2471
f 2471 2497 2499
f 2500 2479 2496
f 2496 2479 2501
f 2502 2503 2505
f 2505 2503 2504
f 2496 2501 2493
f 2493 2501 2506
f 2479 2478 2501
f 2501 2478 2507
f 2475 2479 2480
f 2480 2479 2500
f 2508 2509 2473
f 2473 2509 2470
f 2509 2510 2470
f 2470 2510 2485
f 2511 2481 2500
f 2500 2481 2480
f 2512 2494 2486
f 2486 2494 2493
f 2485 2484 2470
f 2470 2484 2471
f 2513 2514 2477
f 2477 2514 2474
f 2471 2499 2472
f 2472 2499 2498
f 2476 2475 2483
f 2483 2475 2480
f 2516 2508 2515
f 2515 2508 2473
f 2502 2505 2517
f 2517 2505 2507
f 2504 2487 2505
f 2505 2487 2506
f 2503 2516 2504
f 2504 2516 2515
f 2506 2487 2493
f 2493 2487 2486
f 2517 2507 2518
f 2518 2507 2478
f 2510 2513 2485
f 2485 2513 2477
f 2511 2495 2293
f 2293 2495 2154
f 2514 2518 2474
f 2474 2518 2478
f 2483 2482 2497
f 2497 2482 2492
f 2501 2507 2506
f 2506 2507 2505
f 2488 2487 2515
f 2515 2487 2504
f 2472 2488 2473
f 2473 2488 2515
f 2518 2519 2517
f 2517 2519 2520
f 2521 2519 2514
f 2514 2519 2518
f 2522 2521 2513
f 2513 2521 2514
f 2523 2522 2510
f 2510 2522 2513
f 2517 2520 2502
f 2502 2520 2524
f 2502 2524 2503
f 2503 2524 2525
f 2525 2526 2503
f 2503 2526 2516
f 2527 2524 2528
f 2528 2524 2520
f 2530 2531 2529
f 2529 2531 2532
f 2531 2533 2532
f 2532 2533 2534
f 2531 2535 2533
f 2533 2535 2536
f 2537 2538 2535
f 2535 2538 2539
f 2539 2540 2535
f 2535 2540 2536
f 2537 2535 2530
f 2530 2535 2531
f 2529 2541 2530
f 2530 2541 2542
f 2543 2534 2536
f 2536 2534 2533
f 2519 2521 2543
f 2543 2521 2534
f 2534 2521 2544
f 2544 2521 2522
f 2532 2534 2545
f 2545 2534 2544
f 2529 2532 2546
f 2546 2532 2545
f 2536 2540 2543
f 2543 2540 2528
f 2519 2543 2520
f 2520 2543 2528
f 2541 2529 2547
f 2547 2529 2546
f 2548 2549 2545
f 2545 2549 2546
f 2549 2550 2546
f 2546 2550 2547
f 2551 2552 2548
f 2548 2552 2549
f 2548 2553 2551
f 2551 2553 2554
f 2550 2549 2555
f 2555 2549 2552
f 2545 2544 2548
f 2548 2544 2553
f 2523 2553 2522
f 2522 2553 2544
f 2547 2556 2541
f 2541 2556 2557
f 2541 2557 2542
f 2542 2557 2558
f 2528 2540 2559
f 2559 2540 2539
f 2538 2560 2539
f 2539 2560 2559
f 2561 2527 2559
f 2559 2527 2528
f 2560 2562 2559
f 2559 2562 2561
f 2560 2538 2564
f 2564 2538 2563
f 2558 2557 2563
f 2563 2557 2564
f 2565 2523 2509
f 2509 2523 2510
f 2526 2566 2516
f 2516 2566 2508
f 2509 2508 2565
f 2565 2508 2566
f 2565 2566 2554
f 2554 2566 2567
f 2554 2567 2551
f 2551 2567 2568
f 2569 2567 2526
f 2526 2567 2566
f 2553 2523 2554
f 2554 2523 2565
f 2570 2569 2525
f 2525 2569 2526
f 2524 2527 2525
f 2525 2527 2570
f 2527 2561 2570
f 2570 2561 2571
f 2571 2572 2570
f 2570 2572 2569
f 2573 2574 2571
f 2571 2574 2572
f 2572 2568 2569
f 2569 2568 2567
f 2568 2572 2575
f 2575 2572 2574
f 2562 2573 2561
f 2561 2573 2571
f 2573 2562 2576
f 2576 2562 2577
f 2579 2580 2578
f 2578 2580 2576
f 2574 2573 2580
f 2580 2573 2576
f 2576 2577 2578
f 2578 2577 2556
f 2557 2556 2564
f 2564 2556 2577
f 2562 2560 2577
f 2577 2560 2564
f 2575 2552 2568
f 2568 2552 2551
f 2579 2555 2575
f 2575 2555 2552
f 2579 2575 2580
f 2580 2575 2574
f 2550 2555 2578
f 2578 2555 2579
f 2556 2547 2578
f 2578 2547 2550
f 2558 2537 2542
f 2542 2537 2530
f 2538 2537 2563
f 2563 2537 2558
f 2292 2295 2481
f 2481 2295 2482
f 2486 2489 2512
f 2512 2489 2581
f 2499 2491 2498
f 2498 2491 2490
f 2497 2492 2499
f 2499 2492 2491
f 2155 2154 2494
f 2494 2154 2495
f 2581 2489 2490
f 2490 2489 2498
f 2293 2292 2511
f 2511 2292 2481
f 2191 2155 2512
f 2512 2155 2494
f 2500 2496 2511
f 2511 2496 2495
f 2247 2492 2295
f 2295 2492 2482
f 2583 2584 2582
f 2582 2584 2585
f 2587 2588 2586
f 2586 2588 2589
f 2591 2587 2590
f 2590 2587 2586
f 2593 2594 2592
f 2592 2594 2595
f 2596 2597 2599
f 2599 2597 2598
f 2588 2600 2589
f 2589 2600 2601
f 2602 2603 2605
f 2605 2603 2604
f 2606 2607 2609
f 2609 2607 2608
f 2609 2608 2190
f 2190 2608 2610
f 2611 2612 2614
f 2614 2612 2613
f 2600 2588 2615
f 2615 2588 2595
f 2599 2598 2606
f 2606 2598 2607
f 2584 2616 2604
f 2604 2616 2605
f 2600 2615 2583
f 2583 2615 2617
f 2591 2619 2618
f 2618 2619 2614
f 2621 2622 2620
f 2620 2622 2623
f 2619 2624 2614
f 2614 2624 2611
f 2591 2590 2619
f 2619 2590 2625
f 2587 2591 2592
f 2592 2591 2618
f 2626 2627 2585
f 2585 2627 2582
f 2627 2628 2582
f 2582 2628 2601
f 2629 2593 2618
f 2618 2593 2592
f 2602 2597 2611
f 2611 2597 2612
f 2600 2583 2601
f 2601 2583 2582
f 2630 2631 2589
f 2589 2631 2586
f 2583 2617 2584
f 2584 2617 2616
f 2588 2587 2595
f 2595 2587 2592
f 2633 2626 2632
f 2632 2626 2585
f 2620 2623 2634
f 2634 2623 2625
f 2622 2603 2623
f 2623 2603 2624
f 2621 2633 2622
f 2622 2633 2632
f 2611 2624 2602
f 2602 2624 2603
f 2634 2625 2635
f 2635 2625 2590
f 2628 2630 2601
f 2601 2630 2589
f 2613 2195 2629
f 2629 2195 2194
f 2631 2635 2586
f 2586 2635 2590
f 2595 2594 2615
f 2615 2594 2610
f 2619 2625 2624
f 2624 2625 2623
f 2632 2604 2622
f 2622 2604 2603
f 2585 2584 2632
f 2632 2584 2604
f 2635 2636 2634
f 2634 2636 2637
f 2638 2636 2631
f 2631 2636 2635
f 2639 2638 2630
f 2630 2638 2631
f 2640 2639 2628
f 2628 2639 2630
f 2634 2637 2620
f 2620 2637 2641
f 2620 2641 2621
f 2621 2641 2642
f 2642 2643 2621
f 2621 2643 2633
f 2641 2637 2644
f 2644 2637 2645
f 2646 2647 2649
f 2649 2647 2648
f 2648 2650 2649
f 2649 2650 2651
f 2648 2652 2650
f 2650 2652 2653
f 2652 2654 2656
f 2656 2654 2655
f 2656 2657 2652
f 2652 2657 2653
f 2654 2652 2647
f 2647 2652 2648
f 2647 2646 2659
f 2659 2646 2658
f 2660 2651 2653
f 2653 2651 2650
f 2636 2638 2660
f 2660 2638 2651
f 2651 2638 2661
f 2661 2638 2639
f 2651 2661 2649
f 2649 2661 2662
f 2663 2646 2662
f 2662 2646 2649
f 2653 2657 2660
f 2660 2657 2645
f 2636 2660 2637
f 2637 2660 2645
f 2646 2663 2658
f 2658 2663 2664
f 2665 2666 2662
f 2662 2666 2663
f 2666 2667 2663
f 2663 2667 2664
f 2668 2669 2665
f 2665 2669 2666
f 2665 2670 2668
f 2668 2670 2671
f 2667 2666 2672
f 2672 2666 2669
f 2662 2661 2665
f 2665 2661 2670
f 2640 2670 2639
f 2639 2670 2661
f 2673 2674 2664
f 2664 2674 2658
f 2658 2674 2659
f 2659 2674 2675
f 2645 2657 2676
f 2676 2657 2656
f 2677 2676 2655
f 2655 2676 2656
f 2676 2678 2645
f 2645 2678 2644
f 2677 2679 2676
f 2676 2679 2678
f 2655 2680 2677
f 2677 2680 2681
f 2675 2674 2680
f 2680 2674 2681
f 2682 2640 2627
f 2627 2640 2628
f 2643 2683 2633
f 2633 2683 2626
f 2682 2627 2683
f 2683 2627 2626
f 2683 2684 2682
f 2682 2684 2671
f 2684 2685 2671
f 2671 2685 2668
f 2686 2684 2643
f 2643 2684 2683
f 2670 2640 2671
f 2671 2640 2682
f 2687 2686 2642
f 2642 2686 2643
f 2642 2641 2687
f 2687 2641 2644
f 2687 2644 2688
f 2688 2644 2678
f 2688 2689 2687
f 2687 2689 2686
f 2690 2691 2688
f 2688 2691 2689
f 2689 2685 2686
f 2686 2685 2684
f 2685 2689 2692
f 2692 2689 2691
f 2679 2690 2678
f 2678 2690 2688
f 2690 2679 2693
f 2693 2679 2694
f 2696 2697 2695
f 2695 2697 2693
f 2691 2690 2697
f 2697 2690 2693
f 2693 2694 2695
f 2695 2694 2673
f 2674 2673 2681
f 2681 2673 2694
f 2679 2677 2694
f 2694 2677 2681
f 2685 2692 2668
f 2668 2692 2669
f 2696 2672 2692
f 2692 2672 2669
f 2696 2692 2697
f 2697 2692 2691
f 2695 2667 2696
f 2696 2667 2672
f 2673 2664 2695
f 2695 2664 2667
f 2675 2654 2659
f 2659 2654 2647
f 2655 2654 2680
f 2680 2654 2675
f 2291 2156 2593
f 2593 2156 2594
f 2597 2602 2598
f 2598 2602 2605
f 2616 2617 2607
f 2607 2617 2608
f 2615 2610 2617
f 2617 2610 2608
f 2597 2596 2612
f 2612 2596 2698
f 2598 2605 2607
f 2607 2605 2616
f 2194 2291 2629
f 2629 2291 2593
f 2629 2618 2613
f 2613 2618 2614
f 2190 2610 2156
f 2156 2610 2594
f 2700 2010 2699
f 2699 2010 2086
f 2267 2701 2116
f 2116 2701 2702
f 2116 2702 2117
f 2117 2702 2703
f 2704 2705 2250
f 2250 2705 2254
f 2011 2706 2267
f 2267 2706 2701
f 2699 2086 2707
f 2707 2086 2289
f 2010 2700 2011
f 2011 2700 2706
f 2708 2707 2251
f 2251 2707 2289
f 2703 2704 2117
f 2117 2704 2250
f 2705 2708 2254
f 2254 2708 2251
f 2709 2710 2708
f 2708 2710 2707
f 2711 2709 2705
f 2705 2709 2708
f 2712 2711 2704
f 2704 2711 2705
f 2713 2712 2703
f 2703 2712 2704
f 2707 2710 2699
f 2699 2710 2714
f 2699 2714 2700
f 2700 2714 2715
f 2716 2706 2715
f 2715 2706 2700
f 2714 2710 2717
f 2717 2710 2718
f 2720 2721 2719
f 2719 2721 2722
f 2721 2723 2722
f 2722 2723 2724
f 2721 2725 2723
f 2723 2725 2726
f 2727 2728 2725
f 2725 2728 2726
f 2729 2725 2720
f 2720 2725 2721
f 2731 2729 2730
f 2730 2729 2720
f 2719 2732 2720
f 2720 2732 2730
f 2726 2733 2723
f 2723 2733 2724
f 2709 2711 2733
f 2733 2711 2724
f 2724 2711 2734
f 2734 2711 2712
f 2722 2724 2735
f 2735 2724 2734
f 2719 2722 2736
f 2736 2722 2735
f 2726 2728 2733
f 2733 2728 2718
f 2709 2733 2710
f 2710 2733 2718
f 2732 2719 2737
f 2737 2719 2736
f 2738 2739 2735
f 2735 2739 2736
f 2739 2740 2736
f 2736 2740 2737
f 2741 2742 2738
f 2738 2742 2739
f 2738 2743 2741
f 2741 2743 2744
f 2740 2739 2745
f 2745 2739 2742
f 2735 2734 2738
f 2738 2734 2743
f 2713 2743 2712
f 2712 2743 2734
f 2737 2746 2732
f 2732 2746 2747
f 2732 2747 2730
f 2730 2747 2731
f 2718 2728 2748
f 2748 2728 2727
f 2749 2750 2727
f 2727 2750 2748
f 2748 2751 2718
f 2718 2751 2717
f 2750 2752 2748
f 2748 2752 2751
f 2750 2749 2754
f 2754 2749 2753
f 2731 2747 2753
f 2753 2747 2754
f 2727 2725 2749
f 2749 2725 2729
f 2749 2729 2753
f 2753 2729 2731
f 2702 2755 2703
f 2703 2755 2713
f 2706 2716 2701
f 2701 2716 2756
f 2755 2702 2756
f 2756 2702 2701
f 2756 2757 2755
f 2755 2757 2744
f 2757 2758 2744
f 2744 2758 2741
f 2759 2757 2716
f 2716 2757 2756
f 2743 2713 2744
f 2744 2713 2755
f 2760 2759 2715
f 2715 2759 2716
f 2715 2714 2760
f 2760 2714 2717
f 2760 2717 2761
f 2761 2717 2751
f 2761 2762 2760
f 2760 2762 2759
f 2763 2764 2761
f 2761 2764 2762
f 2762 2758 2759
f 2759 2758 2757
f 2758 2762 2765
f 2765 2762 2764
f 2752 2763 2751
f 2751 2763 2761
f 2763 2752 2766
f 2766 2752 2767
f 2768 2769 2766
f 2766 2769 2770
f 2764 2763 2770
f 2770 2763 2766
f 2766 2767 2768
f 2768 2767 2746
f 2747 2746 2754
f 2754 2746 2767
f 2752 2750 2767
f 2767 2750 2754
f 2758 2765 2741
f 2741 2765 2742
f 2769 2745 2765
f 2765 2745 2742
f 2769 2765 2770
f 2770 2765 2764
f 2768 2740 2769
f 2769 2740 2745
f 2746 2737 2768
f 2768 2737 2740
f 2201 2212 2200
f 2200 2212 2214
f 2201 2202 2212
f 2212 2202 2185
f 2512 2581 2191
f 2191 2581 2192
f 2059 2290 2056
f 2056 2290 2272
f 2174 2199 2294
f 2294 2199 2278
f 2063 2175 2194
f 2194 2175 2291
f 2192 2581 2133
f 2133 2581 2490
f 2133 2132 2192
f 2192 2132 2189
f 2054 2276 2055
f 2055 2276 2138
f 2083 2279 2084
f 2084 2279 2771
f 2771 2279 2599
f 2599 2279 2596
f 2606 2772 2599
f 2599 2772 2771
f 2772 2773 2771
f 2771 2773 2084
f 2773 2774 2084
f 2084 2774 2085
f 2085 2775 2082
f 2082 2775 2144
f 2774 2078 2085
f 2085 2078 2775
f 2078 2774 2079
f 2079 2774 2776
f 2774 2773 2776
f 2776 2773 2777
f 2773 2772 2777
f 2777 2772 2778
f 2190 2189 2609
f 2609 2189 2778
f 2053 2052 2779
f 2779 2052 2181
f 2144 2775 2081
f 2081 2775 2078
f 2294 2153 2174
f 2174 2153 2175
f 2132 2276 2189
f 2189 2276 2778
f 2606 2609 2772
f 2772 2609 2778
f 2195 2613 2698
f 2698 2613 2612
f 2596 2279 2698
f 2698 2279 2195
f 2054 2777 2276
f 2276 2777 2778
f 2777 2054 2776
f 2776 2054 2053
f 2053 2779 2776
f 2776 2779 2079
f 2779 2181 2079
f 2079 2181 2080
f 2181 2239 2080
f 2080 2239 2240
f 2122 2256 2014
f 2042 1982 2076
f 2076 1982 2007
f 1982 1985 2007
f 2007 1985 2008
f 2095 2097 2265
f 2265 2097 2266
f 2076 2050 2042
f 2042 2050 2047
f 2046 2043 2047
f 2047 2043 2042
f 2118 1993 2046
f 2046 1993 2043
f 1995 1994 2118
f 2118 1994 1993
f 2267 1992 2011
f 2011 1992 2012
f 1997 2012 1994
f 1994 2012 1992
f 2226 2013 1997
f 1997 2013 2012
f 2225 2087 2226
f 2226 2087 2013
f 2225 2232 2087
f 2087 2232 2288
f 2232 2070 2288
f 2288 2070 2252
f 2070 2025 2252
f 2252 2025 2253
f 1988 2249 2025
f 2025 2249 2253
f 2116 2115 2267
f 2267 2115 2268
f 2096 1984 2237
f 2237 1984 1991
f 2095 1985 2096
f 2096 1985 1984
f 2265 2008 2095
f 2095 2008 1985
f 2092 2009 2265
f 2265 2009 2008
f 2091 2286 2092
f 2092 2286 2009
f 2255 2238 2091
f 2091 2238 2286
f 2256 2239 2255
f 2255 2239 2238
f 2122 2240 2256
f 2256 2240 2239
f 2121 2241 2122
f 2122 2241 2240
f 2022 2018 2097
f 2097 2018 2266
f 2022 2024 2018
f 2018 2024 2019
f 2024 2072 2019
f 2019 2072 2073
f 2072 2228 2073
f 2073 2228 2230
f 2228 2184 2230
f 2230 2184 2183
f 2121 2285 2241
f 2241 2285 2258
f 2285 2036 2258
f 2258 2036 2257
f 2177 2145 2193
f 2193 2145 2257
f 2173 2193 2196
f 2196 2193 2037
f 2036 2037 2257
f 2257 2037 2193
f 2196 2037 2066
f 2066 2037 2035
f 2061 2108 2034
f 2034 2108 2067
f 2108 2208 2067
f 2067 2208 2204
f 2208 2210 2204
f 2204 2210 2203
f 2210 2280 2203
f 2203 2280 2186
f 2183 2186 2235
f 2235 2186 2280
f 1987 2114 1988
f 1988 2114 2249
f 2237 2115 1987
f 1987 2115 2114
f 1991 2268 2237
f 2237 2268 2115
f 1991 1990 2268
f 2268 1990 1992
f 107 110 2781
f 2781 110 2780
f 117 2782 118
f 118 2782 2783
f 119 2784 120
f 120 2784 2785
f 125 2786 126
f 126 2786 2787
f 127 2788 128
f 128 2788 2789
f 127 132 2788
f 2788 132 2790
f 231 230 2792
f 2792 230 2791
f 118 2783 119
f 119 2783 2784
f 241 243 2794
f 2794 243 2793
f 2781 2795 107
f 107 2795 352
f 120 2785 437
f 437 2785 2796
f 126 2787 110
f 110 2787 2780
f 455 2797 456
f 456 2797 2798
f 128 2789 457
f 457 2789 2799
f 456 2798 117
f 117 2798 2782
f 2794 2797 241
f 241 2797 455
f 457 2799 125
f 125 2799 2786
f 132 231 2790
f 2790 231 2792
f 230 437 2791
f 2791 437 2796
f 2792 2789 2790
f 2790 2789 2788
f 2785 2784 2801
f 2801 2784 2800
f 2786 2802 2787
f 2787 2802 2803
f 2792 2791 2805
f 2805 2791 2804
f 2784 2783 2800
f 2800 2783 2806
f 2785 2801 2796
f 2796 2801 2807
f 2787 2803 2780
f 2780 2803 2808
f 2789 2809 2799
f 2799 2809 2810
f 2799 2810 2786
f 2786 2810 2802
f 2791 2796 2804
f 2804 2796 2807
f 2789 2792 2809
f 2809 2792 2805
f 2812 2797 2811
f 2811 2797 2794
f 2809 2805 2810
f 2810 2805 2804
f 2810 2804 2802
f 2802 2804 2807
f 2802 2807 2803
f 2803 2807 2801
f 2808 2803 2800
f 2800 2803 2801
f 2814 699 2813
f 2813 699 698
f 2808 2815 2780
f 2780 2815 2781
f 2817 2782 2816
f 2816 2782 2798
f 2815 2818 2781
f 2781 2818 2795
f 2797 2812 2798
f 2798 2812 2816
f 2783 2782 2806
f 2806 2782 2817
f 2800 2806 2808
f 2808 2806 2815
f 2794 2793 2811
f 2811 2793 2819
f 174 201 384
f 384 201 362
f 200 1766 390
f 390 1766 1777
f 1777 1778 390
f 390 1778 398
f 1778 361 398
f 398 361 222
f 2820 2821 628
f 628 2821 629
f 1406 2820 790
f 790 2820 628
f 794 1415 1233
f 1233 1415 1234
f 1406 790 1407
f 1407 790 1312
f 1407 1312 2822
f 2822 1312 1316
f 2823 1380 1543
f 1543 1380 1379
f 1385 1738 1382
f 1382 1738 1383
f 1381 791 1382
f 1382 791 1386
f 791 794 1386
f 1386 794 1233
f 1259 1390 1260
f 1260 1390 1389
f 1905 1542 1394
f 1394 1542 1395
f 1410 1413 1397
f 1397 1413 1398
f 2821 1410 629
f 629 1410 1397
f 2823 2822 1380
f 1380 2822 1316
f 1392 1395 1378
f 1378 1395 1379
f 1738 1399 1383
f 1383 1399 1398
f 1388 1235 1389
f 1389 1235 1234
f 1393 1391 1394
f 1394 1391 1390
f 1381 1384 779
f 779 1384 780
f 1282 788 792
f 792 788 793
f 1431 1262 1432
f 1432 1262 1261
f 1400 1342 1408
f 1408 1342 1409
f 1508 1544 1411
f 1411 1544 1412
f 788 787 793
f 793 787 1414
f 2821 2820 1429
f 1429 2820 1430
f 2822 2823 1506
f 1506 2823 1507
f 778 1282 779
f 779 1282 792
f 2820 1406 1430
f 1430 1406 1409
f 1410 2821 1411
f 1411 2821 1429
f 1407 2822 1408
f 1408 2822 1506
f 1544 781 1412
f 1412 781 780
f 1260 1415 1261
f 1261 1415 1414
f 1334 2824 923
f 923 2824 924
f 2826 1268 2825
f 2825 1268 1267
f 769 1212 2827
f 2827 1212 2828
f 1492 1190 1266
f 1266 1190 1267
f 1488 2829 1489
f 1489 2829 2830
f 922 1329 923
f 923 1329 1328
f 1484 2831 1485
f 1485 2831 2832
f 1482 2833 1485
f 1485 2833 1486
f 1324 1493 1489
f 1489 1493 1490
f 1265 1491 1266
f 1266 1491 1490
f 2835 2836 2834
f 2834 2836 2837
f 1250 2838 2827
f 2827 2838 2839
f 1488 1491 2840
f 2840 1491 2841
f 1268 2826 2842
f 2842 2826 2843
f 2844 2845 1495
f 1495 2845 1496
f 1427 2847 2846
f 2846 2847 926
f 2829 1488 2848
f 2848 1488 2840
f 1329 922 2849
f 2849 922 927
f 2850 2851 768
f 768 2851 1213
f 1265 1268 2852
f 2852 1268 2842
f 1491 1265 2841
f 2841 1265 2852
f 2854 2855 2853
f 2853 2855 2856
f 2855 2857 2856
f 2856 2857 598
f 2857 2858 598
f 598 2858 595
f 2858 2859 595
f 595 2859 626
f 649 652 2860
f 2860 652 2861
f 639 642 2862
f 2862 642 2863
f 2864 705 2862
f 2862 705 639
f 2865 1418 2864
f 2864 1418 705
f 2866 2867 2865
f 2865 2867 1418
f 1760 1348 1761
f 1761 1348 2867
f 1764 2868 1197
f 1197 2868 1198
f 2869 611 2868
f 2868 611 1198
f 2870 612 2869
f 2869 612 611
f 1352 1350 944
f 944 1350 688
f 1350 1256 688
f 688 1256 685
f 1256 1255 685
f 685 1255 692
f 1255 2871 692
f 692 2871 2872
f 701 2873 698
f 698 2873 2813
f 2872 1349 692
f 692 1349 693
f 1696 1744 1574
f 1574 1744 1575
f 1753 1618 1577
f 1577 1618 1578
f 1729 1594 1608
f 1608 1594 1609
f 1725 1630 1611
f 1611 1630 1612
f 1604 1607 1625
f 1625 1607 1626
f 1624 1703 1625
f 1625 1703 1912
f 1703 1702 1912
f 1912 1702 1913
f 1702 1753 1913
f 1913 1753 1577
f 1598 1569 1915
f 1915 1569 1578
f 1616 1615 1915
f 1915 1615 1916
f 1615 1696 1916
f 1916 1696 1574
f 1744 1745 1575
f 1575 1745 1917
f 1745 1565 1917
f 1917 1565 1609
f 1568 1725 1608
f 1608 1725 1611
f 2874 1613 1918
f 1918 1613 1612
f 1607 2874 1626
f 1626 2874 1918
f 1610 1613 1562
f 1562 1613 1563
f 1547 1550 1570
f 1570 1550 1571
f 1573 1576 1580
f 1580 1576 1581
f 1553 1556 1595
f 1595 1556 1596
f 1556 1582 1596
f 1596 1582 1581
f 1551 1547 1599
f 1599 1547 1570
f 1731 1914 1601
f 1601 1914 1602
f 1686 1689 1605
f 1605 1689 1606
f 1598 1743 1599
f 1599 1743 1692
f 2874 1607 1723
f 1723 1607 1606
f 1727 1553 1730
f 1730 1553 1595
f 1600 1686 1601
f 1601 1686 1605
f 1914 1572 1602
f 1602 1572 1571
f 1579 1693 1580
f 1580 1693 1692
f 1613 2874 1563
f 1563 2874 1723
f 1561 1727 1562
f 1562 1727 1730
f 1949 1742 1548
f 1548 1742 1549
f 1694 1949 1552
f 1552 1949 1548
f 1954 1589 1554
f 1554 1589 1555
f 1693 1579 1558
f 1558 1579 1559
f 1561 1564 1584
f 1584 1564 1585
f 1582 1556 1588
f 1588 1556 1555
f 1600 1603 1591
f 1591 1603 1592
f 1981 1977 1687
f 1687 1977 1688
f 1564 1722 1585
f 1585 1722 1690
f 1551 1693 1552
f 1552 1693 1558
f 1751 1954 1728
f 1728 1954 1554
f 1590 1981 1591
f 1591 1981 1687
f 1603 1550 1592
f 1592 1550 1549
f 1977 1691 1688
f 1688 1691 1690
f 1587 1560 1588
f 1588 1560 1559
f 1727 1561 1728
f 1728 1561 1584
f 2875 1919 1947
f 1947 1919 1948
f 1557 1560 1952
f 1952 1560 1953
f 1933 1932 1955
f 1955 1932 1956
f 1587 1589 1958
f 1958 1589 1956
f 1959 1933 1965
f 1965 1933 1955
f 1961 1964 1966
f 1966 1964 1967
f 1981 1590 1969
f 1969 1590 1967
f 1742 1949 1972
f 1972 1949 1948
f 1593 1742 1966
f 1966 1742 1972
f 1957 1950 1958
f 1958 1950 1953
f 1583 1586 1974
f 1974 1586 1975
f 1940 1943 1978
f 1978 1943 1979
f 1943 1976 1979
f 1979 1976 1975
f 1951 2875 1952
f 1952 2875 1947
f 1968 1940 1969
f 1969 1940 1978
f 1973 1959 1974
f 1974 1959 1965
f 1923 1971 1920
f 1920 1971 1921
f 1919 2875 1920
f 1920 2875 1924
f 2875 1951 1924
f 1924 1951 1926
f 1950 1957 1929
f 1929 1957 1930
f 2244 2243 1934
f 1934 2243 1935
f 1973 1976 1937
f 1937 1976 1938
f 1944 1980 1941
f 1941 1980 1942
f 1940 1968 1941
f 1941 1968 1945
f 2287 2244 1960
f 1960 2244 1934
f 1970 2245 1962
f 1962 2245 1963
f 2243 1931 1935
f 1935 1931 1930
f 1927 1926 1928
f 1928 1926 1929
f 1961 1922 1962
f 1962 1922 1921
f 2245 1946 1963
f 1963 1946 1945
f 1976 1943 1938
f 1938 1943 1942
f 1936 2287 1937
f 1937 2287 1960
f 743 1238 608
f 608 1238 609
f 607 1811 608
f 608 1811 744
f 1304 2876 1305
f 1305 2876 2877
f 586 585 1298
f 1298 585 1299
f 585 702 1299
f 1299 702 1300
f 702 1428 1300
f 1300 1428 1301
f 1238 586 609
f 609 586 1298
f 2878 2879 1218
f 1218 2879 2877
f 2880 2881 1812
f 1812 2881 1819
f 2883 1821 2882
f 2882 1821 1820
f 2840 2841 620
f 620 2841 621
f 2842 2843 795
f 795 2843 796
f 892 895 2844
f 2844 895 2845
f 2848 2840 942
f 942 2840 620
f 2849 927 1202
f 1202 927 1203
f 2852 2842 1270
f 1270 2842 795
f 2841 2852 621
f 621 2852 1270
f 941 1759 942
f 942 1759 2884
f 659 929 1427
f 1427 929 2847
f 1237 2851 751
f 751 2851 2850
f 1216 2885 1217
f 1217 2885 1754
f 2887 734 2886
f 2886 734 733
f 2889 1816 2888
f 2888 1816 1815
f 2890 1245 2889
f 2889 1245 1816
f 1824 2891 1825
f 1825 2891 1246
f 2892 2893 2895
f 2895 2893 2894
f 1854 1833 1851
f 1851 1833 1832
f 1851 1832 1884
f 1884 1832 1876
f 1884 1876 1441
f 1441 1876 1443
f 1441 1443 1442
f 1442 1443 1446
f 1442 1446 2896
f 2896 1446 1507
f 2897 2823 2898
f 2898 2823 1543
f 1542 2899 1543
f 1543 2899 2898
f 1542 1905 2899
f 2899 1905 2900
f 1905 1259 2900
f 2900 1259 2901
f 1262 1431 2902
f 2902 1431 1904
f 1431 1434 1904
f 1904 1434 1902
f 1902 1434 2903
f 2903 1434 719
f 2903 719 2904
f 2904 719 718
f 1869 1881 718
f 718 1881 2904
f 1881 1869 1880
f 1880 1869 756
f 1880 756 2905
f 2905 756 755
f 2905 755 2906
f 2906 755 758
f 762 2907 763
f 763 2907 2908
f 724 723 2909
f 2909 723 894
f 796 895 723
f 723 895 894
f 2843 2845 796
f 796 2845 895
f 2826 1496 2843
f 2843 1496 2845
f 2825 1497 2826
f 2826 1497 1496
f 1189 2836 2825
f 2825 2836 1497
f 797 891 798
f 798 891 2837
f 802 888 797
f 797 888 891
f 2910 2911 2913
f 2913 2911 2912
f 1780 1783 2915
f 2915 1783 2914
f 2916 2917 831
f 831 2917 832
f 2918 2919 845
f 845 2919 846
f 2920 2916 847
f 847 2916 831
f 2921 2922 857
f 857 2922 858
f 2923 2924 860
f 860 2924 861
f 2919 2912 846
f 846 2912 887
f 2925 2920 940
f 940 2920 847
f 2924 2926 861
f 861 2926 1204
f 2917 2918 832
f 832 2918 845
f 2927 2928 1449
f 1449 2928 1450
f 2929 2930 889
f 889 2930 2931
f 2896 1507 2897
f 2897 1507 2823
f 2902 2901 1262
f 1262 2901 1259
f 2932 2933 750
f 750 2933 1236
f 2933 2934 1236
f 1236 2934 1835
f 2936 2937 2935
f 2935 2937 2938
f 2940 2941 2939
f 2939 2941 2942
f 2943 2944 1841
f 1841 2944 1842
f 2945 1860 2944
f 2944 1860 1842
f 2945 2946 1860
f 1860 2946 1859
f 1889 2947 1890
f 1890 2947 1856
f 1856 2947 1857
f 1857 2947 2948
f 2950 709 2949
f 2949 709 1829
f 2952 730 2951
f 2951 730 729
f 2866 2953 2867
f 2867 2953 1761
f 2953 2954 1761
f 1761 2954 1420
f 2954 2955 1420
f 1420 2955 742
f 2955 2956 742
f 742 2956 739
f 2956 2957 739
f 739 2957 760
f 2957 2958 760
f 760 2958 761
f 2958 2959 761
f 761 2959 2960
f 2959 2961 2960
f 2960 2961 2962
f 2963 2964 1839
f 1839 2964 1840
f 2964 2965 1840
f 1840 2965 2942
f 2966 2950 2939
f 2939 2950 2949
f 2935 2967 2936
f 2936 2967 2968
f 2969 2970 736
f 736 2970 735
f 734 2887 1815
f 1815 2887 2888
f 2887 2882 2888
f 2888 2882 2881
f 1819 1820 1817
f 1817 1820 748
f 1195 1757 1197
f 1197 1757 1424
f 1757 647 1424
f 1424 647 646
f 647 648 646
f 646 648 643
f 648 1271 643
f 643 1271 737
f 1271 725 737
f 737 725 765
f 725 724 765
f 765 724 762
f 762 724 2907
f 2907 724 2909
f 1254 1437 2909
f 2909 1437 2907
f 1438 1253 1836
f 1836 1253 1835
f 1836 1835 2938
f 2938 1835 2934
f 2971 2972 2935
f 2935 2972 2967
f 897 896 2969
f 2969 896 2970
f 1815 1814 734
f 734 1814 731
f 728 1215 896
f 896 1215 732
f 2885 1216 733
f 733 1216 2886
f 1216 1219 2886
f 2886 1219 2883
f 2876 1304 1821
f 1821 1304 749
f 1304 1303 749
f 749 1303 746
f 1818 2973 1817
f 1817 2973 1810
f 747 2974 1818
f 1818 2974 2973
f 747 746 2974
f 2974 746 1303
f 2976 2977 2975
f 2975 2977 2978
f 2976 2979 2901
f 2901 2979 2900
f 2980 2981 2982
f 2982 2981 2979
f 2981 2980 2983
f 2983 2980 2984
f 2985 2897 2983
f 2983 2897 2898
f 2987 2988 2986
f 2986 2988 2985
f 2896 2988 1442
f 1442 2988 1439
f 1903 2977 1904
f 1904 2977 2902
f 1856 1855 1890
f 1890 1855 2989
f 2989 2990 1890
f 1890 2990 1359
f 2990 2991 1359
f 1359 2991 1356
f 2946 2992 1859
f 1859 2992 1893
f 2992 2993 1893
f 1893 2993 775
f 2993 2994 775
f 775 2994 776
f 2986 1356 2987
f 2987 1356 2991
f 2975 2978 776
f 776 2978 777
f 2982 2994 2980
f 2980 2994 2995
f 1357 2984 2995
f 2995 2984 2980
f 2995 2996 1357
f 1357 2996 1358
f 2996 2997 1358
f 1358 2997 1889
f 2998 2999 2932
f 2932 2999 2933
f 2999 2971 2933
f 2933 2971 2934
f 1837 1836 2937
f 2937 1836 2938
f 2943 1841 2941
f 2941 1841 1838
f 3001 2944 3000
f 3000 2944 2943
f 3001 3002 2944
f 2944 3002 2945
f 3002 3003 2945
f 2945 3003 2946
f 2997 3003 1889
f 1889 3003 2947
f 2947 3003 2948
f 2948 3003 3002
f 3001 3004 3002
f 3002 3004 2948
f 3000 3005 3001
f 3001 3005 3004
f 2940 3006 3000
f 3000 3006 3005
f 2999 3007 2971
f 2971 3007 2972
f 2998 2951 2999
f 2999 2951 3007
f 3008 2952 2998
f 2998 2952 2951
f 2966 2965 2936
f 2936 2965 2937
f 2935 2938 2971
f 2971 2938 2934
f 3003 2997 2946
f 2946 2997 2992
f 2997 2996 2992
f 2992 2996 2993
f 2996 2995 2993
f 2993 2995 2994
f 1356 2986 1357
f 1357 2986 2984
f 2982 2975 2994
f 2994 2975 776
f 1844 1843 1899
f 1899 1843 3009
f 1843 638 3009
f 3009 638 3010
f 638 637 3010
f 3010 637 3011
f 637 1830 3011
f 3011 1830 3012
f 1830 1833 3012
f 3012 1833 2894
f 1833 1854 2894
f 2894 1854 2895
f 1854 1853 2895
f 2895 1853 1888
f 1858 1857 1885
f 1885 1857 1892
f 1899 3009 1898
f 1898 3009 1874
f 3009 3010 1874
f 1874 3010 1865
f 3010 3011 1865
f 1865 3011 1862
f 3011 3012 1862
f 1862 3012 1882
f 3012 2894 1882
f 1882 2894 2893
f 1850 2890 782
f 782 2890 2889
f 783 2880 1811
f 1811 2880 1812
f 744 1810 745
f 745 1810 2973
f 745 2973 805
f 805 2973 806
f 2973 2974 806
f 806 2974 815
f 1303 812 2974
f 2974 812 815
f 1303 1302 812
f 812 1302 1221
f 1307 3013 1302
f 1302 3013 1221
f 1734 3014 1633
f 1633 3014 1634
f 1646 1649 1636
f 1636 1649 1637
f 1654 1657 1641
f 1641 1657 1642
f 1639 1736 1636
f 1636 1736 1684
f 1716 1713 1698
f 1698 1713 1699
f 1718 1721 1705
f 1705 1721 1706
f 1653 1654 1709
f 1709 1654 1641
f 1620 1623 1714
f 1714 1623 1699
f 1712 1682 1714
f 1714 1682 1740
f 1668 1671 1746
f 1746 1671 1747
f 1752 1650 1749
f 1749 1650 1750
f 1750 1650 1709
f 1709 1650 1653
f 1632 1668 1633
f 1633 1668 1746
f 1649 1752 1637
f 1637 1752 1749
f 1682 1643 1740
f 1740 1643 1642
f 3014 1685 1634
f 1634 1685 1684
f 1704 1748 1705
f 1705 1748 1747
f 1697 1707 1698
f 1698 1707 1706
f 1739 1701 1621
f 1621 1701 1622
f 1567 1566 1647
f 1647 1566 1648
f 1664 1695 1651
f 1651 1695 1652
f 1614 1617 1655
f 1655 1617 1656
f 1704 1707 1659
f 1659 1707 1660
f 3014 1734 1662
f 1662 1734 1663
f 1650 1752 1651
f 1651 1752 1665
f 1741 1657 1667
f 1667 1657 1656
f 1695 1614 1652
f 1652 1614 1655
f 1724 1567 1726
f 1726 1567 1647
f 1645 1628 1733
f 1733 1628 1663
f 1685 3014 1726
f 1726 3014 1662
f 1620 1741 1621
f 1621 1741 1667
f 1566 1666 1648
f 1648 1666 1665
f 1658 1737 1659
f 1659 1737 1901
f 1911 1661 1910
f 1910 1661 1660
f 1701 1911 1622
f 1622 1911 1910
f 1732 1748 1733
f 1733 1748 1901
f 1857 2948 1892
f 1892 2948 3004
f 1892 3004 1891
f 1891 3004 3005
f 1828 3006 1829
f 1829 3006 2949
f 2967 736 2968
f 2968 736 710
f 2972 2969 2967
f 2967 2969 736
f 2969 2972 897
f 897 2972 3007
f 897 3007 729
f 729 3007 2951
f 3016 753 3015
f 3015 753 752
f 3018 767 3017
f 3017 767 766
f 3019 3020 1249
f 1249 3020 3021
f 2915 2914 3019
f 3019 2914 3020
f 3023 2914 3022
f 3022 2914 1783
f 2827 2839 769
f 769 2839 766
f 3025 2838 3024
f 3024 2838 3021
f 768 767 2850
f 2850 767 3026
f 2850 3026 751
f 751 3026 752
f 750 753 2932
f 2932 753 3027
f 3008 2998 3027
f 3027 2998 2932
f 3028 3029 3008
f 3008 3029 2952
f 3029 3030 2952
f 2952 3030 730
f 3032 3033 3031
f 3031 3033 3034
f 3036 3037 3035
f 3035 3037 3038
f 2870 3039 612
f 612 3039 3040
f 3041 3042 3031
f 3031 3042 3038
f 3034 1352 3043
f 3043 1352 944
f 612 3040 613
f 613 3040 3044
f 613 3044 1425
f 1425 3044 1422
f 3045 3042 669
f 669 3042 670
f 3041 3043 599
f 599 3043 600
f 772 771 1544
f 1544 771 781
f 1503 771 1866
f 1866 771 770
f 771 1503 781
f 781 1503 778
f 61 281 416
f 416 281 1907
f 283 103 3046
f 3046 103 3047
f 76 79 3048
f 3048 79 3049
f 280 76 1906
f 1906 76 3048
f 3051 335 3050
f 3050 335 334
f 3053 417 3052
f 3052 417 416
f 3055 435 3054
f 3054 435 434
f 428 435 419
f 419 435 1908
f 420 1909 293
f 293 1909 443
f 79 294 3049
f 3049 294 444
f 3057 444 3056
f 3056 444 443
f 3051 3058 335
f 335 3058 452
f 216 215 1332
f 1332 215 452
f 308 283 462
f 462 283 3046
f 3050 334 3059
f 3059 334 462
f 103 62 3047
f 3047 62 417
f 313 312 434
f 434 312 463
f 3061 574 3060
f 3060 574 573
f 1310 3062 1428
f 1428 3062 3063
f 1258 3064 1255
f 1255 3064 2871
f 932 3065 2853
f 2853 3065 3066
f 699 2814 931
f 931 2814 3067
f 3068 1301 3063
f 3063 1301 1428
f 571 574 1310
f 1310 574 3062
f 3060 573 3069
f 3069 573 1332
f 3070 3071 1906
f 1906 3071 1907
f 3072 3073 1908
f 1908 3073 1909
f 3075 2814 3074
f 3074 2814 2813
f 2854 3076 1258
f 1258 3076 3064
f 2871 3077 2872
f 2872 3077 3078
f 3074 2813 3079
f 3079 2813 2873
f 2872 3078 1349
f 1349 3078 3080
f 2873 701 3068
f 3068 701 1301
f 1330 1201 3080
f 3080 1201 1349
f 1264 1263 3081
f 3081 1263 3082
f 3083 3084 3082
f 3082 3084 3081
f 811 1448 3086
f 3086 1448 3085
f 808 811 3087
f 3087 811 3086
f 3088 3083 833
f 833 3083 3082
f 884 3089 885
f 885 3089 3090
f 3087 1790 808
f 808 1790 816
f 1790 3087 1787
f 1787 3087 3091
f 3092 3091 3086
f 3086 3091 3087
f 3093 3094 3084
f 3084 3094 3095
f 3089 3096 3090
f 3090 3096 3088
f 3097 3093 3083
f 3083 3093 3084
f 3099 3100 3098
f 3098 3100 1786
f 3101 1788 2913
f 2913 1788 3102
f 838 837 885
f 885 837 886
f 886 837 3103
f 3103 837 1541
f 3094 3093 3104
f 3104 3093 3097
f 3105 3106 3089
f 3089 3106 3096
f 3108 3109 3107
f 3107 3109 3110
f 3111 3112 3091
f 3091 3112 1787
f 3114 3108 3113
f 3113 3108 3107
f 3114 3115 3112
f 3112 3115 3102
f 3091 3092 3111
f 3111 3092 3116
f 839 838 835
f 835 838 836
f 885 3090 838
f 838 3090 836
f 3110 3117 1247
f 1247 3117 3118
f 1247 3118 1248
f 1248 3118 3119
f 3120 3121 3119
f 3119 3121 1248
f 1247 844 3110
f 3110 844 3107
f 844 843 3107
f 3107 843 3113
f 843 3099 3113
f 3113 3099 3122
f 1781 3123 3098
f 3098 3123 3124
f 2915 2931 1780
f 1780 2931 2930
f 3019 3125 2915
f 2915 3125 2931
f 890 3125 2834
f 2834 3125 1252
f 3125 3019 1252
f 1252 3019 1249
f 907 908 946
f 946 908 947
f 1185 1188 1369
f 1369 1188 948
f 954 957 951
f 951 957 952
f 910 965 953
f 953 965 950
f 905 958 960
f 960 958 961
f 3126 978 949
f 949 978 962
f 936 935 967
f 967 935 968
f 994 993 969
f 969 993 966
f 902 904 971
f 971 904 972
f 983 985 973
f 973 985 970
f 906 905 974
f 974 905 960
f 977 981 959
f 959 981 975
f 911 910 1143
f 1143 910 953
f 952 957 1142
f 1142 957 1145
f 911 1143 1366
f 1366 1143 1368
f 1185 1369 1145
f 1145 1369 1142
f 993 1519 966
f 966 1519 1456
f 965 1454 950
f 950 1454 1457
f 900 899 1459
f 1459 899 1460
f 988 991 1461
f 1461 991 1458
f 899 963 1460
f 1460 963 1462
f 985 987 970
f 970 987 1463
f 904 906 972
f 972 906 974
f 981 983 975
f 975 983 973
f 935 900 968
f 968 900 1459
f 991 994 1458
f 1458 994 969
f 1154 1526 1088
f 1088 1526 1089
f 1109 1112 1092
f 1092 1112 1093
f 1083 1098 1084
f 1084 1098 1097
f 1078 1471 1100
f 1100 1471 1101
f 1075 1078 1104
f 1104 1078 1100
f 1152 1154 1156
f 1156 1154 1088
f 1156 1155 1372
f 1372 1155 1373
f 1372 1373 1104
f 1104 1373 1075
f 1467 1109 1465
f 1465 1109 1092
f 1465 1182 1468
f 1468 1182 1184
f 1474 1470 1096
f 1096 1470 1097
f 1102 1101 1083
f 1083 1101 1098
f 1112 1531 1093
f 1093 1531 1529
f 1102 1073 1099
f 1099 1073 1072
f 1526 1154 1079
f 1079 1154 1080
f 1081 1091 1082
f 1082 1091 1094
f 1069 1068 1085
f 1085 1068 1086
f 1153 1151 1080
f 1080 1151 1058
f 1371 1177 1179
f 1179 1177 1176
f 1099 1072 1103
f 1103 1072 1176
f 1068 1071 1086
f 1086 1071 1073
f 1085 1084 1180
f 1180 1084 1469
f 1066 1065 1183
f 1183 1065 1181
f 1153 1152 1177
f 1177 1152 1178
f 1091 1081 1182
f 1182 1081 1183
f 1057 1525 1079
f 1079 1525 1527
f 1120 1117 1076
f 1076 1117 1077
f 1087 1090 1107
f 1107 1090 1108
f 1127 1126 1110
f 1110 1126 1111
f 1095 1116 1096
f 1096 1116 1115
f 1471 1078 1119
f 1119 1078 1077
f 1087 1107 1155
f 1155 1107 1158
f 1376 1374 1157
f 1157 1374 1158
f 1076 1075 1374
f 1374 1075 1373
f 1109 1467 1110
f 1110 1467 1472
f 1467 1466 1472
f 1472 1466 1473
f 1135 1475 1114
f 1114 1475 1115
f 1471 1119 1095
f 1095 1119 1116
f 1126 1532 1111
f 1111 1532 1530
f 914 1276 1480
f 1480 1276 1517
f 3127 3128 1223
f 1223 3128 1224
f 824 933 1455
f 1455 933 3129
f 3131 1448 3130
f 3130 1448 1447
f 3132 3133 1452
f 1452 3133 1453
f 3130 1447 1322
f 1322 1447 1455
f 933 1514 3129
f 3129 1514 3134
f 1161 3135 1480
f 1480 3135 1481
f 3128 3136 1224
f 1224 3136 1499
f 3133 1162 1453
f 1453 1162 1517
f 1515 3127 1535
f 1535 3127 1223
f 3095 3085 3131
f 3131 3085 1448
f 3137 3092 3085
f 3085 3092 3086
f 3138 3116 3137
f 3137 3116 3092
f 3110 3109 3117
f 3117 3109 3139
f 3105 3140 3117
f 3117 3140 3118
f 3140 3141 3118
f 3118 3141 3119
f 3142 3120 3141
f 3141 3120 3119
f 1498 3143 1277
f 1277 3143 882
f 3144 3145 1340
f 1340 3145 1339
f 1340 3146 3144
f 3144 3146 3147
f 3145 3144 3143
f 3143 3144 3148
f 871 901 872
f 872 901 1362
f 3149 3148 3147
f 3147 3148 3144
f 1208 3150 1209
f 3098 1786 1781
f 1781 1786 1782
f 2930 2929 3123
f 3123 2929 2911
f 1794 1791 2916
f 2916 1791 2917
f 1793 3101 2918
f 2918 3101 2919
f 1796 1794 2920
f 2920 1794 2916
f 3151 3152 2921
f 2921 3152 2922
f 3153 3154 2923
f 2923 3154 2924
f 2919 3101 2912
f 2912 3101 2913
f 3155 1796 2925
f 2925 1796 2920
f 3154 3156 2924
f 2924 3156 2926
f 1791 1793 2917
f 2917 1793 2918
f 3157 3158 2927
f 2927 3158 2928
f 1780 2930 1781
f 1781 2930 3123
f 2825 1267 1189
f 1189 1267 1190
f 2827 2828 1250
f 1250 2828 1251
f 1489 2830 1324
f 1324 2830 1325
f 923 1328 1334
f 1334 1328 1335
f 1485 2832 1482
f 1482 2832 1483
f 1266 1490 1492
f 1492 1490 1493
f 1333 1346 1334
f 1334 1346 2824
f 722 799 1492
f 1492 799 1190
f 664 657 1482
f 1482 657 2833
f 631 634 1324
f 1324 634 1493
f 2828 1494 1251
f 1251 1494 2835
f 1249 3021 1250
f 1250 3021 2838
f 798 2837 1189
f 1189 2837 2836
f 3100 842 3160
f 3160 842 3159
f 1788 3101 1789
f 1789 3101 1793
f 1792 816 1789
f 1789 816 1790
f 817 816 1795
f 1795 816 1792
f 938 817 1797
f 1797 817 1795
f 1796 3155 1797
f 1797 3155 1798
f 3155 3158 1798
f 1798 3158 1799
f 3157 3152 1801
f 1801 3152 1802
f 3151 3156 1803
f 1803 3156 1804
f 3154 3153 1805
f 1805 3153 1806
f 3153 3161 1806
f 1806 3161 1807
f 3099 843 3100
f 3100 843 842
f 1788 1787 3102
f 3102 1787 3112
f 2910 3115 3124
f 3124 3115 3122
f 3099 3098 3122
f 3122 3098 3124
f 416 1907 3052
f 3052 1907 3071
f 3046 3047 3163
f 3163 3047 3162
f 249 445 259
f 259 445 3164
f 425 3165 424
f 424 3165 461
f 408 410 329
f 329 410 330
f 39 331 40
f 40 331 332
f 305 304 423
f 423 304 464
f 385 254 458
f 458 254 392
f 250 415 251
f 251 415 412
f 233 337 234
f 234 337 3166
f 435 3055 1908
f 1908 3055 3072
f 443 1909 3056
f 3056 1909 3073
f 3167 3049 3057
f 3057 3049 444
f 452 3058 1332
f 1332 3058 3069
f 234 3166 346
f 346 3166 411
f 3046 3163 462
f 462 3163 3059
f 259 3164 260
f 260 3164 336
f 3047 417 3162
f 3162 417 3053
f 463 3168 434
f 434 3168 3054
f 454 830 425
f 425 830 3165
f 3062 3169 3063
f 3063 3169 3170
f 1355 1354 1534
f 1534 1354 3171
f 3063 3170 3068
f 3068 3170 3172
f 574 3061 3062
f 3062 3061 3169
f 1534 3171 1535
f 1535 3171 3173
f 3079 2873 3172
f 3172 2873 3068
f 2838 3025 2839
f 2839 3025 3174
f 3176 3177 3175
f 3175 3177 3178
f 3180 1125 3179
f 3179 1125 1128
f 3182 3183 3181
f 3181 3183 3184
f 1134 3185 1130
f 1130 3185 3182
f 3186 3187 3189
f 3189 3187 3188
f 3191 3189 3190
f 3190 3189 3188
f 1137 1122 3190
f 3190 1122 3192
f 3175 3178 3193
f 3193 3178 3194
f 3181 3184 3179
f 3179 3184 3195
f 3197 3198 3196
f 3196 3198 3180
f 3200 3178 3199
f 3199 3178 3177
f 3202 3196 3201
f 3201 3196 3195
f 3204 3184 3203
f 3203 3184 3183
f 3206 3207 3205
f 3205 3207 3186
f 3205 3186 3208
f 3208 3186 3189
f 3209 3208 3191
f 3191 3208 3189
f 3210 3194 3200
f 3200 3194 3178
f 3201 3195 3204
f 3204 3195 3184
f 3197 3211 3177
f 3177 3211 3199
f 3213 3214 3212
f 3212 3214 3215
f 3217 3218 3216
f 3216 3218 3219
f 3221 3222 3220
f 3220 3222 3223
f 3225 3226 3224
f 3224 3226 3227
f 3229 3230 3228
f 3228 3230 3231
f 3233 3234 3232
f 3232 3234 3235
f 3237 3238 3236
f 3236 3238 3239
f 3238 3240 3239
f 3239 3240 3241
f 3232 3235 3242
f 3242 3235 3243
f 3245 3246 3244
f 3244 3246 3247
f 3248 3249 3245
f 3245 3249 3246
f 3251 3252 3250
f 3250 3252 3253
f 3255 3252 3254
f 3254 3252 3251
f 3256 3257 3259
f 3259 3257 3258
f 3261 3262 3260
f 3260 3262 3263
f 3265 3263 3264
f 3264 3263 3262
f 3256 3259 3266
f 3266 3259 3267
f 3269 3270 3268
f 3268 3270 3271
f 3269 3272 3270
f 3270 3272 3273
f 3274 3275 3277
f 3277 3275 3276
f 3278 3279 3276
f 3276 3279 3277
f 3281 3282 3280
f 3280 3282 3283
f 3280 3284 3281
f 3281 3284 3285
f 3287 3288 3286
f 3286 3288 3289
f 3290 3291 3288
f 3288 3291 3289
f 3234 3218 3235
f 3235 3218 3217
f 3232 3292 3233
f 3233 3292 3293
f 3239 3294 3236
f 3236 3294 3219
f 3233 3293 3237
f 3237 3293 3295
f 3296 3294 3241
f 3241 3294 3239
f 3240 3238 3297
f 3297 3238 3298
f 3217 3216 3235
f 3235 3216 3243
f 3297 3299 3240
f 3240 3299 3242
f 3246 3300 3247
f 3247 3300 3223
f 3301 3302 3254
f 3254 3302 3244
f 3249 3303 3246
f 3246 3303 3300
f 3245 3304 3248
f 3248 3304 3292
f 3252 3221 3253
f 3253 3221 3220
f 3250 3248 3299
f 3299 3248 3292
f 3222 3221 3255
f 3255 3221 3252
f 3297 3301 3251
f 3251 3301 3254
f 3258 3214 3259
f 3259 3214 3213
f 3257 3256 3304
f 3304 3256 3305
f 3263 3306 3260
f 3260 3306 3215
f 3261 3257 3302
f 3302 3257 3304
f 3307 3306 3265
f 3265 3306 3263
f 3262 3301 3264
f 3264 3301 3308
f 3259 3213 3267
f 3267 3213 3212
f 3308 3309 3264
f 3264 3309 3266
f 3270 3310 3271
f 3271 3310 3231
f 3311 3312 3278
f 3278 3312 3268
f 3270 3273 3310
f 3310 3273 3313
f 3272 3269 3305
f 3305 3269 3314
f 3277 3229 3274
f 3274 3229 3228
f 3275 3272 3309
f 3309 3272 3305
f 3279 3230 3277
f 3277 3230 3229
f 3276 3308 3278
f 3278 3308 3311
f 3281 3315 3282
f 3282 3315 3227
f 3290 3316 3283
f 3283 3316 3317
f 3281 3285 3315
f 3315 3285 3318
f 3284 3280 3314
f 3314 3280 3319
f 3289 3225 3286
f 3286 3225 3224
f 3287 3284 3312
f 3284 3314 3312
f 3291 3226 3289
f 3289 3226 3225
f 3288 3311 3290
f 3290 3311 3316
f 3212 3215 3307
f 3307 3215 3306
f 3294 3296 3219
f 3219 3296 3216
f 3303 3220 3300
f 3300 3220 3223
f 3224 3227 3318
f 3318 3227 3315
f 3228 3231 3313
f 3313 3231 3310
f 3234 3233 3236
f 3236 3233 3237
f 3243 3241 3242
f 3242 3241 3240
f 3247 3255 3244
f 3244 3255 3254
f 3253 3249 3250
f 3250 3249 3248
f 3260 3258 3261
f 3261 3258 3257
f 3266 3267 3264
f 3264 3267 3265
f 3268 3271 3278
f 3278 3271 3279
f 3274 3273 3275
f 3275 3273 3272
f 3283 3282 3290
f 3290 3282 3291
f 3286 3285 3287
f 3287 3285 3284
f 3218 3234 3219
f 3219 3234 3236
f 3295 3298 3237
f 3237 3298 3238
f 3216 3296 3243
f 3243 3296 3241
f 3242 3299 3232
f 3232 3299 3292
f 3223 3222 3247
f 3247 3222 3255
f 3244 3302 3245
f 3245 3302 3304
f 3303 3249 3220
f 3220 3249 3253
f 3297 3251 3299
f 3299 3251 3250
f 3215 3214 3260
f 3260 3214 3258
f 3301 3262 3302
f 3302 3262 3261
f 3212 3307 3267
f 3267 3307 3265
f 3266 3309 3256
f 3256 3309 3305
f 3271 3231 3279
f 3279 3231 3230
f 3268 3312 3269
f 3269 3312 3314
f 3228 3313 3274
f 3274 3313 3273
f 3308 3276 3309
f 3309 3276 3275
f 3282 3227 3291
f 3291 3227 3226
f 3317 3319 3283
f 3283 3319 3280
f 3224 3318 3286
f 3286 3318 3285
f 3312 3311 3287
f 3311 3288 3287
f 3320 3321 3194
f 3194 3321 3193
f 1375 3321 1121
f 1121 3321 3322
f 3323 3324 3322
f 3322 3324 3192
f 3175 1124 3176
f 3176 1124 1123
f 3179 3195 3180
f 3180 3195 3196
f 3181 1131 3182
f 3182 1131 1130
f 3207 3185 3186
f 3186 3185 3187
f 1136 3188 1133
f 1133 3188 3187
f 3190 3188 1137
f 1137 3188 1136
f 3193 1159 3175
f 3175 1159 1124
f 3179 1128 3181
f 3181 1128 1131
f 1533 3198 1123
f 1123 3198 3176
f 3321 1375 3193
f 3193 1375 1159
f 3321 3320 3322
f 3322 3320 3323
f 1122 1121 3192
f 3192 1121 3322
f 3194 3210 3320
f 3320 3210 3325
f 3324 3323 3327
f 3327 3323 3326
f 3320 3325 3323
f 3323 3325 3326
f 3208 3328 3205
f 3205 3328 3329
f 3330 3206 3329
f 3329 3206 3205
f 3203 3331 3204
f 3204 3331 3332
f 3210 3333 3325
f 3325 3333 3334
f 3325 3334 3326
f 3326 3334 3335
f 3327 3326 3336
f 3336 3326 3335
f 3327 3209 3324
f 3324 3209 3191
f 3190 3192 3191
f 3191 3192 3324
f 3338 3339 3337
f 3337 3339 3340
f 3338 3341 3339
f 3339 3341 3342
f 3341 3343 3342
f 3342 3343 3344
f 3343 3345 3344
f 3344 3345 3346
f 3345 3347 3346
f 3346 3347 3348
f 3347 3349 3348
f 3348 3349 3350
f 3337 3340 3351
f 3351 3340 3352
f 3351 3352 3353
f 3353 3352 3354
f 3353 3354 3355
f 3355 3354 3356
f 3350 3349 3357
f 3357 3349 3358
f 3355 3356 3359
f 3359 3356 3360
f 3359 3360 3361
f 3361 3360 3362
f 3361 3362 3363
f 3363 3362 3364
f 3363 3364 3358
f 3358 3364 3357
f 3339 3342 3365
f 3365 3342 3366
f 3342 3344 3366
f 3366 3344 3367
f 3344 3346 3367
f 3367 3346 3368
f 3346 3348 3368
f 3368 3348 3369
f 3348 3350 3369
f 3369 3350 3370
f 3368 3369 3371
f 3371 3369 3372
f 3369 3370 3372
f 3372 3370 3373
f 3373 3374 3372
f 3372 3374 3375
f 3377 3378 3376
f 3376 3378 3379
f 3377 3375 3378
f 3378 3375 3374
f 3375 3380 3372
f 3372 3380 3371
f 3377 3381 3375
f 3375 3381 3380
f 3376 3382 3377
f 3377 3382 3381
f 3384 3385 3383
f 3383 3385 3386
f 3384 3383 3388
f 3388 3383 3387
f 3388 3387 3389
f 3389 3387 3390
f 3392 3385 3391
f 3391 3385 3384
f 3388 3393 3384
f 3384 3393 3391
f 3389 3394 3388
f 3388 3394 3393
f 3389 3395 3394
f 3394 3395 3396
f 3395 3389 3397
f 3397 3389 3390
f 3339 3365 3340
f 3340 3365 3398
f 3340 3398 3352
f 3352 3398 3399
f 3371 3400 3368
f 3368 3400 3367
f 3400 3401 3367
f 3367 3401 3366
f 3366 3401 3365
f 3365 3401 3402
f 3398 3365 3403
f 3403 3365 3402
f 3398 3403 3399
f 3399 3403 3404
f 3403 3405 3404
f 3404 3405 3406
f 3352 3399 3354
f 3354 3399 3407
f 3399 3404 3407
f 3407 3404 3408
f 3404 3406 3408
f 3408 3406 3409
f 3405 3410 3406
f 3406 3410 3411
f 3410 3412 3411
f 3411 3412 3413
f 3397 3414 3395
f 3395 3414 3415
f 3417 3415 3416
f 3416 3415 3412
f 3410 3418 3412
f 3412 3418 3416
f 3410 3405 3418
f 3418 3405 3419
f 3405 3403 3419
f 3419 3403 3402
f 3370 3350 3420
f 3420 3350 3357
f 3373 3370 3421
f 3421 3370 3420
f 3374 3373 3422
f 3422 3373 3421
f 3378 3374 3423
f 3423 3374 3422
f 3378 3423 3379
f 3379 3423 3424
f 3424 3425 3379
f 3379 3425 3386
f 3383 3426 3387
f 3387 3426 3427
f 3387 3427 3390
f 3390 3427 3428
f 3390 3428 3397
f 3397 3428 3429
f 3429 3430 3397
f 3397 3430 3414
f 3411 3413 3431
f 3431 3413 3432
f 3406 3411 3409
f 3409 3411 3431
f 3401 3400 3335
f 3335 3400 3336
f 3401 3335 3402
f 3402 3335 3334
f 3402 3334 3419
f 3419 3334 3333
f 3419 3333 3418
f 3418 3333 3433
f 3418 3433 3416
f 3416 3433 3434
f 3435 3417 3434
f 3434 3417 3416
f 3394 3396 3436
f 3436 3396 3437
f 3393 3394 3332
f 3332 3394 3436
f 3393 3332 3391
f 3391 3332 3331
f 3330 3392 3331
f 3331 3392 3391
f 3382 3329 3381
f 3381 3329 3328
f 3354 3407 3356
f 3356 3407 3438
f 3356 3438 3360
f 3360 3438 3439
f 3360 3439 3362
f 3362 3439 3440
f 3362 3440 3364
f 3364 3440 3441
f 3364 3441 3357
f 3357 3441 3420
f 3421 3420 3442
f 3442 3420 3441
f 3442 3441 3443
f 3443 3441 3440
f 3443 3440 3444
f 3444 3440 3439
f 3444 3439 3445
f 3445 3439 3438
f 3445 3438 3408
f 3408 3438 3407
f 3422 3421 3446
f 3446 3421 3442
f 3446 3442 3447
f 3447 3442 3443
f 3447 3443 3448
f 3448 3443 3444
f 3448 3444 3449
f 3449 3444 3445
f 3449 3445 3409
f 3409 3445 3408
f 3409 3431 3449
f 3449 3431 3450
f 3449 3450 3448
f 3448 3450 3451
f 3451 3452 3448
f 3448 3452 3447
f 3447 3452 3446
f 3446 3452 3453
f 3446 3453 3422
f 3422 3453 3423
f 3424 3423 3454
f 3454 3423 3453
f 3452 3455 3453
f 3453 3455 3454
f 3452 3451 3455
f 3455 3451 3456
f 3450 3457 3451
f 3451 3457 3456
f 3431 3432 3450
f 3450 3432 3457
f 3454 3458 3424
f 3424 3458 3425
f 3427 3426 3459
f 3459 3426 3460
f 3428 3427 3461
f 3461 3427 3459
f 3428 3461 3429
f 3429 3461 3462
f 3462 3463 3429
f 3429 3463 3430
f 3464 3465 3462
f 3462 3465 3463
f 3455 3466 3454
f 3454 3466 3458
f 3465 3464 3466
f 3466 3464 3467
f 3461 3459 3468
f 3468 3459 3469
f 3468 3469 3464
f 3464 3469 3467
f 3464 3462 3468
f 3468 3462 3461
f 3459 3460 3469
f 3469 3460 3467
f 3295 3351 3298
f 3298 3351 3353
f 3353 3355 3298
f 3298 3355 3297
f 3297 3355 3301
f 3301 3355 3359
f 3301 3359 3308
f 3308 3359 3361
f 3308 3361 3311
f 3311 3361 3363
f 3311 3363 3316
f 3316 3363 3358
f 3316 3358 3317
f 3317 3358 3349
f 3349 3347 3317
f 3317 3347 3319
f 3347 3345 3319
f 3319 3345 3314
f 3345 3343 3314
f 3314 3343 3305
f 3343 3341 3305
f 3305 3341 3304
f 3304 3341 3292
f 3292 3341 3338
f 3292 3338 3293
f 3293 3338 3337
f 3293 3337 3295
f 3295 3337 3351
f 3437 3202 3436
f 3436 3202 3201
f 3436 3201 3332
f 3332 3201 3204
f 3433 3200 3434
f 3434 3200 3199
f 3211 3435 3199
f 3199 3435 3434
f 3333 3210 3433
f 3433 3210 3200
f 3380 3470 3371
f 3400 3371 3336
f 3336 3371 3470
f 3381 3328 3380
f 3380 3328 3470
f 3470 3328 3209
f 3209 3328 3208
f 3336 3470 3327
f 3327 3470 3209
f 1545 1763 1546
f 1546 1763 1762
f 1403 1546 773
f 773 1546 770
f 1221 3013 1220
f 1220 3013 3471
f 1305 2877 1306
f 1306 2877 2879
f 1220 3471 828
f 828 3471 829
f 1217 1754 3472
f 3472 1754 1756
f 1049 3473 1048
f 1048 3473 3474
f 1371 1179 3473
f 3473 1179 3474
f 1074 3475 1179
f 1179 3475 3474
f 3474 3475 1048
f 1048 3475 1056
f 919 666 1345
f 1345 666 665
f 856 680 919
f 919 680 666
f 679 680 1449
f 1449 680 858
f 1367 878 1500
f 1500 878 877
f 1366 908 1367
f 1367 908 878
f 1512 916 1513
f 1513 916 915
f 947 1368 948
f 948 1368 1369
f 1047 1021 1044
f 1044 1021 1020
f 1370 1049 1019
f 1019 1049 1020
f 1173 1030 1174
f 1174 1030 1033
f 3126 1188 1464
f 1464 1188 1187
f 1800 1451 1512
f 1512 1451 916
f 1175 1174 1186
f 1186 1174 1187
f 1030 1173 1047
f 1047 1173 1021
f 1513 915 3476
f 3476 915 1481
f 1345 665 3477
f 3477 665 1483
f 1502 1501 876
f 876 1501 877
f 1205 1451 1803
f 1803 1451 1802
f 3479 2832 3478
f 3478 2832 2831
f 1449 858 2927
f 2927 858 2922
f 908 1366 947
f 947 1366 1368
f 949 948 3126
f 3126 948 1188
f 3480 3135 1502
f 1502 3135 1501
f 2927 2922 3157
f 3157 2922 3152
f 3477 1483 3479
f 3479 1483 2832
f 1803 1802 3151
f 3151 1802 3152
f 663 658 664
f 664 658 657
f 655 658 939
f 939 658 706
f 1512 870 1800
f 1800 870 869
f 875 874 876
f 876 874 873
f 849 874 905
f 905 874 958
f 949 962 946
f 946 962 961
f 978 3126 979
f 979 3126 1464
f 1031 1168 1032
f 1032 1168 1022
f 1045 1013 1046
f 1046 1013 1012
f 1045 1044 1056
f 1056 1044 1048
f 1047 1046 1030
f 1030 1046 1031
f 939 706 940
f 940 706 1450
f 979 1464 1032
f 1032 1464 1033
f 3480 1478 3476
f 3476 1478 3134
f 2829 1487 2830
f 2830 1487 1486
f 848 1230 873
f 873 1230 1479
f 867 870 933
f 933 870 1514
f 1800 869 1801
f 1801 869 1799
f 2830 1486 1325
f 1325 1486 2833
f 940 1450 2925
f 2925 1450 2928
f 946 961 907
f 907 961 958
f 959 962 977
f 977 962 978
f 3476 3134 1513
f 1513 3134 1514
f 2925 2928 3155
f 3155 2928 3158
f 1325 2833 656
f 656 2833 657
f 1801 1799 3157
f 3157 1799 3158
f 1074 1055 3475
f 3475 1055 1056
f 1371 3473 1370
f 1370 3473 1049
f 2884 615 3481
f 3481 615 618
f 3478 2831 2846
f 2846 2831 617
f 2831 1484 617
f 617 1484 618
f 1484 1487 618
f 618 1487 3481
f 2848 3481 2829
f 2829 3481 1487
f 1480 1517 1161
f 1161 1517 1162
f 3129 1323 1455
f 1455 1323 1322
f 3129 3134 1323
f 1323 3134 1478
f 1535 3173 1515
f 1515 3173 1516
f 3085 3095 3137
f 3137 3095 3094
f 3137 3094 3138
f 3138 3094 3104
f 3117 3139 3105
f 3105 3139 3106
f 1138 1141 3127
f 3127 1141 3128
f 3081 3131 1264
f 1264 3131 3130
f 1227 1226 3132
f 3132 1226 3133
f 1264 3130 1229
f 1229 3130 1322
f 1160 1501 1161
f 1161 1501 3135
f 1141 1476 3128
f 3128 1476 3136
f 1226 1163 3133
f 3133 1163 1162
f 1363 1138 1515
f 1515 1138 3127
f 3084 3095 3081
f 3081 3095 3131
f 3089 884 3105
f 3105 884 3140
f 884 883 3140
f 3140 883 3141
f 883 3482 3141
f 3141 3482 3142
f 3476 1481 3480
f 3480 1481 3135
f 1502 1479 3480
f 3480 1479 1478
f 3168 463 440
f 714 1880 715
f 715 1880 2905
f 896 732 2970
f 2970 732 731
f 1263 834 3082
f 3082 834 833
f 898 1231 853
f 853 1231 854
f 3125 890 2931
f 2931 890 889
f 1237 893 2851
f 2851 893 892
f 898 853 899
f 899 853 963
f 988 987 989
f 989 987 986
f 1002 1007 1003
f 1003 1007 1006
f 1038 1036 1007
f 1007 1036 1004
f 1070 1052 1005
f 1005 1052 1006
f 1069 1067 1070
f 1070 1067 1052
f 1130 1129 1134
f 1134 1129 1135
f 879 1167 880
f 880 1167 1166
f 1171 1169 1037
f 1037 1169 1038
f 1085 1180 1069
f 1069 1180 1067
f 1209 1210 879
f 879 1210 1167
f 2885 1215 1754
f 1754 1215 1214
f 1263 855 834
f 834 855 854
f 708 1244 1826
f 1826 1244 1243
f 2909 894 1254
f 1254 894 893
f 1228 1361 964
f 964 1361 1360
f 2908 2907 1436
f 1436 2907 1437
f 2990 1440 2991
f 2991 1440 1439
f 964 1360 965
f 965 1360 1454
f 950 1457 951
f 951 1457 1456
f 970 1463 971
f 971 1463 1462
f 1025 1169 984
f 984 1169 986
f 1084 1097 1469
f 1469 1097 1470
f 1096 1115 1474
f 1474 1115 1475
f 1140 1361 1141
f 1141 1361 1476
f 1212 1495 2828
f 2828 1495 1494
f 880 1166 1452
f 1452 1166 1499
f 715 2905 1504
f 1504 2905 2906
f 954 1519 955
f 955 1519 1518
f 1026 1520 992
f 992 1520 1518
f 1029 1520 1043
f 1043 1520 1521
f 997 1522 1040
f 1040 1522 1521
f 1015 1522 1016
f 1016 1522 1523
f 1523 996 1524
f 1524 996 1062
f 1057 1060 1525
f 1525 1060 1524
f 1094 1528 1082
f 1082 1528 1527
f 1526 1528 1089
f 1089 1528 1529
f 1090 1531 1108
f 1108 1531 1530
f 1125 1533 1126
f 1126 1533 1532
f 3483 1755 727
f 727 1755 1214
f 735 1814 707
f 707 1814 1813
f 2891 1834 1246
f 1246 1834 1243
f 2904 1881 1847
f 1847 1881 1848
f 1852 1855 1853
f 1853 1855 1858
f 1902 2903 1877
f 1877 2903 1878
f 2903 2904 1878
f 1878 2904 1847
f 714 713 1848
f 1848 713 1849
f 1440 2990 1883
f 1883 2990 2989
f 1883 2989 1852
f 1852 2989 1855
f 2895 1888 2892
f 2892 1888 1887
f 774 777 1877
f 1877 777 1903
f 1251 2835 1252
f 1252 2835 2834
f 1213 2844 1212
f 1212 2844 1495
f 2851 892 1213
f 1213 892 2844
f 3123 2911 3124
f 3124 2911 2910
f 887 2929 888
f 888 2929 889
f 1435 2963 1436
f 1436 2963 2961
f 1253 1438 1254
f 1254 1438 1437
f 2970 731 735
f 735 731 1814
f 733 732 2885
f 2885 732 1215
f 2901 2902 2976
f 2976 2902 2977
f 2975 2982 2976
f 2976 2982 2979
f 2899 2900 2981
f 2981 2900 2979
f 2899 2981 2898
f 2898 2981 2983
f 2986 2985 2984
f 2984 2985 2983
f 2897 2985 2896
f 2896 2985 2988
f 2991 1439 2987
f 2987 1439 2988
f 777 2978 1903
f 1903 2978 2977
f 1885 1888 1858
f 1858 1888 1853
f 3090 3088 836
f 836 3088 833
f 3083 3088 3097
f 3097 3088 3096
f 3097 3096 3104
f 3104 3096 3106
f 3111 3116 3108
f 3108 3116 3109
f 3112 3111 3114
f 3114 3111 3108
f 3113 3122 3114
f 3114 3122 3115
f 891 890 2837
f 2837 890 2834
f 951 1456 954
f 954 1456 1519
f 967 1457 936
f 936 1457 1454
f 971 1462 902
f 902 1462 963
f 1461 1463 988
f 988 1463 987
f 1466 1468 1474
f 1474 1468 1470
f 1089 1529 1090
f 1090 1529 1531
f 1184 1181 1469
f 1469 1181 1180
f 1082 1527 1061
f 1061 1527 1525
f 1129 1473 1135
f 1135 1473 1475
f 1108 1530 1105
f 1105 1530 1532
f 1452 1499 3132
f 3132 1499 3136
f 3109 3116 3139
f 3139 3116 3138
f 2912 2911 887
f 887 2911 2929
f 2836 2835 1497
f 1497 2835 1494
f 2913 3102 2910
f 2910 3102 3115
f 1133 3187 1134
f 1134 3187 3185
f 3177 3176 3197
f 3197 3176 3198
f 3203 3183 3206
f 3206 3183 3207
f 3196 3202 3197
f 3197 3202 3211
f 3183 3182 3207
f 3207 3182 3185
f 1125 3180 1533
f 1533 3180 3198
f 3331 3203 3330
f 3330 3203 3206
f 3376 3379 3385
f 3385 3379 3386
f 3382 3376 3392
f 3392 3376 3385
f 3412 3415 3413
f 3413 3415 3414
f 3417 3396 3415
f 3415 3396 3395
f 3383 3386 3426
f 3426 3386 3425
f 3413 3414 3432
f 3432 3414 3430
f 3437 3396 3435
f 3435 3396 3417
f 3329 3382 3330
f 3330 3382 3392
f 3426 3425 3460
f 3460 3425 3458
f 3432 3430 3457
f 3457 3430 3463
f 3457 3463 3456
f 3456 3463 3465
f 3460 3458 3467
f 3467 3458 3466
f 3466 3455 3465
f 3465 3455 3456
f 3202 3437 3211
f 3211 3437 3435
f 3104 3106 3138
f 3138 3106 3139
f 3132 3136 1227
f 1227 3136 1476
f 943 687 600
f 600 687 601
f 596 625 667
f 667 625 1297
f 687 686 601
f 601 686 653
f 1319 784 711
f 711 784 712
f 1811 607 783
f 783 607 712
f 862 921 917
f 917 921 920
f 3478 925 3479
f 3479 925 924
f 2846 926 3478
f 3478 926 925
f 659 662 929
f 929 662 930
f 856 921 857
f 857 921 1204
f 1206 864 1207
f 1207 864 863
f 2876 1219 2877
f 2877 1219 1218
f 667 1297 593
f 593 1297 1296
f 917 920 1333
f 1333 920 1346
f 686 693 653
f 653 693 930
f 1277 913 1498
f 1498 913 1207
f 592 1536 610
f 610 1536 711
f 864 1206 1805
f 1805 1206 1804
f 1317 1536 1900
f 1900 1536 1809
f 1900 1809 1295
f 1295 1809 1296
f 3479 924 3477
f 3477 924 2824
f 927 926 1203
f 1203 926 2847
f 3484 2859 3032
f 3032 2859 3033
f 3472 2878 1217
f 1217 2878 1218
f 2889 2888 2880
f 2880 2888 2881
f 2886 2883 2887
f 2887 2883 2882
f 929 928 2847
f 2847 928 1203
f 857 1204 2921
f 2921 1204 2926
f 1820 1819 2882
f 2882 1819 2881
f 1821 2883 2876
f 2876 2883 1219
f 782 2889 783
f 783 2889 2880
f 1352 3034 1353
f 1353 3034 3033
f 3031 3034 3041
f 3041 3034 3043
f 944 943 3043
f 3043 943 600
f 1339 3145 1498
f 1498 3145 3143
f 1208 882 3148
f 3148 882 3143
f 2921 2926 3151
f 3151 2926 3156
f 3477 2824 1345
f 1345 2824 1346
f 1805 1804 3154
f 3154 1804 3156
f 886 3103 883
f 883 3103 3482
f 841 1248 3485
f 3485 1248 3121
f 2811 2819 2812
f 2812 2819 2816
f 2818 2815 2817
f 2817 2815 2806
f 2817 2816 2818
f 2818 2816 2819
f 2793 2795 2819
f 2819 2795 2818
f 243 352 2793
f 2793 352 2795
f 242 353 243
f 243 353 352
f 359 191 242
f 242 191 353
f 247 192 359
f 359 192 191
f 157 193 247
f 247 193 192
f 156 194 157
f 157 194 193
f 378 261 156
f 156 261 194
f 378 381 261
f 261 381 195
f 195 381 196
f 196 381 376
f 196 376 198
f 198 376 375
f 375 1776 198
f 198 1776 197
f 1776 1767 197
f 197 1767 274
f 181 274 199
f 199 274 1767
f 568 566 564
f 564 566 563
f 568 569 566
f 566 569 567
f 501 1773 1771
f 1771 1773 578
f 547 579 1773
f 1773 579 578
f 3486 470 474
f 474 470 469
f 450 582 3487
f 3487 582 3488
f 582 583 3488
f 3488 583 3489
f 583 584 3489
f 3489 584 3490
f 3490 584 3491
f 3491 584 543
f 470 3486 466
f 466 3486 467
f 3489 3490 503
f 503 3490 504
f 503 3492 3489
f 3489 3492 3488
f 3492 503 3493
f 3493 503 502
f 3495 3492 3494
f 3494 3492 3493
f 3487 3488 3495
f 3495 3488 3492
f 468 1774 465
f 465 1774 570
f 3494 3493 1775
f 1775 3493 1771
f 3490 3491 504
f 504 3491 1772
f 3491 543 1772
f 1772 543 548
f 450 3487 474
f 474 3487 3486
f 3495 467 3487
f 3487 467 3486
f 3494 468 3495
f 3495 468 467
f 468 3494 1774
f 1774 3494 1775
f 501 1771 502
f 502 1771 3493
f 527 366 384
f 384 366 365
f 522 524 527
f 527 524 366
f 521 534 522
f 522 534 524
f 530 535 521
f 521 535 534
f 508 486 513
f 513 486 532
f 513 532 541
f 541 532 535
f 667 668 596
f 596 668 597
f 1294 1297 624
f 624 1297 625
f 603 641 604
f 604 641 640
f 1290 1293 650
f 650 1293 651
f 1758 691 660
f 660 691 661
f 602 671 599
f 599 671 670
f 654 662 690
f 690 662 661
f 2856 598 695
f 695 598 597
f 602 654 671
f 671 654 690
f 604 640 676
f 676 640 704
f 1826 1829 708
f 708 1829 709
f 1288 1284 740
f 740 1284 741
f 755 754 758
f 758 754 759
f 2853 2856 932
f 932 2856 695
f 689 691 1192
f 1192 691 1193
f 784 1319 1240
f 1240 1319 1241
f 1813 1816 1244
f 1244 1816 1245
f 754 1288 759
f 759 1288 740
f 1894 1242 1318
f 1318 1242 1241
f 2867 1348 1418
f 1418 1348 1347
f 676 704 673
f 673 704 1347
f 1284 1287 741
f 741 1287 1419
f 1421 1426 1422
f 1422 1426 1425
f 1758 660 615
f 615 660 616
f 1192 1191 1421
f 1421 1191 1426
f 2962 1839 1504
f 1504 1839 1505
f 941 1194 1759
f 1759 1194 1193
f 1287 1537 1419
f 1419 1537 1760
f 1882 2893 1823
f 1823 2893 1824
f 1886 1891 1827
f 1827 1891 1828
f 1887 1886 1834
f 1834 1886 1827
f 1841 716 1838
f 1838 716 1505
f 782 784 1850
f 1850 784 1240
f 1239 1242 1863
f 1863 1242 1864
f 1242 1894 1864
f 1864 1894 1873
f 1822 1239 1823
f 1823 1239 1863
f 1318 1317 1895
f 1895 1317 1900
f 1894 1896 1873
f 1873 1896 1897
f 1291 1896 1292
f 1292 1896 1895
f 605 1898 606
f 606 1898 1897
f 1258 1257 2854
f 2854 1257 2855
f 1257 1351 2855
f 2855 1351 2857
f 1351 1353 2857
f 2857 1353 2858
f 1353 3033 2858
f 2858 3033 2859
f 2860 2861 3036
f 3036 2861 3037
f 2862 2863 2870
f 2870 2863 3039
f 2870 2869 2862
f 2862 2869 2864
f 2868 2865 2869
f 2869 2865 2864
f 1764 2866 2868
f 2868 2866 2865
f 1537 1199 1760
f 1760 1199 1348
f 615 2884 1758
f 1758 2884 1759
f 1825 1246 2890
f 2890 1246 1245
f 2893 2892 1824
f 1824 2892 2891
f 761 2960 758
f 758 2960 2906
f 3000 2943 2940
f 2940 2943 2941
f 2968 710 2950
f 2950 710 709
f 1764 1423 2866
f 2866 1423 2953
f 1423 645 2953
f 2953 645 2954
f 645 644 2954
f 2954 644 2955
f 644 738 2955
f 2955 738 2956
f 738 764 2956
f 2956 764 2957
f 764 763 2957
f 2957 763 2958
f 763 2908 2958
f 2958 2908 2959
f 2908 1436 2959
f 2959 1436 2961
f 1837 2964 1435
f 1435 2964 2963
f 1837 2937 2964
f 2964 2937 2965
f 2936 2968 2966
f 2966 2968 2950
f 1840 2942 1838
f 1838 2942 2941
f 2939 2949 2940
f 2940 2949 3006
f 2939 2942 2966
f 2966 2942 2965
f 1822 1825 1850
f 1850 1825 2890
f 1891 3005 1828
f 1828 3005 3006
f 3035 3038 3045
f 3045 3038 3042
f 3045 3044 3035
f 3035 3044 3040
f 669 1422 3045
f 3045 1422 3044
f 599 670 3041
f 3041 670 3042
f 931 3067 932
f 932 3067 3065
f 2853 3066 2854
f 2854 3066 3076
f 3067 3496 3065
f 3065 3496 3497
f 3066 3498 3076
f 3076 3498 3499
f 707 1813 708
f 708 1813 1244
f 2960 2962 2906
f 2906 2962 1504
f 2892 1887 2891
f 2891 1887 1834
f 1839 2962 2963
f 2963 2962 2961
f 595 626 596
f 596 626 625
f 623 626 3484
f 3484 626 2859
f 1291 1290 606
f 606 1290 603
f 1290 650 603
f 603 650 641
f 641 650 642
f 642 650 649
f 2860 2863 649
f 649 2863 642
f 3036 3039 2860
f 2860 3039 2863
f 3035 3040 3036
f 3036 3040 3039
f 1294 1293 1295
f 1295 1293 1292
f 624 651 1294
f 1294 651 1293
f 623 652 624
f 624 652 651
f 3484 2861 623
f 623 2861 652
f 3032 3037 3484
f 3484 3037 2861
f 3031 3038 3032
f 3032 3038 3037
f 3481 2848 2884
f 2884 2848 942
f 2846 617 1427
f 1427 617 616
f 3049 3167 3048
f 3048 3167 3500
f 1906 3048 3070
f 3070 3048 3500
f 1337 1768 3501
f 3501 1768 3502
f 3020 3503 3021
f 3021 3503 3024
f 2914 3023 3020
f 3020 3023 3503
f 859 1770 860
f 860 1770 3504
f 1336 3505 1768
f 1768 3505 3502
f 3065 3497 3066
f 3066 3497 3498
f 2814 3075 3067
f 3067 3075 3496
f 2839 3174 766
f 766 3174 3017
f 1337 3501 1338
f 1338 3501 1769
f 767 3018 3026
f 3026 3018 3506
f 3076 3499 3064
f 3064 3499 3507
f 727 730 3483
f 3483 730 3030
f 3064 3507 2871
f 2871 3507 3077
f 3100 3160 1786
f 1786 3160 1784
f 3026 3506 752
f 752 3506 3015
f 860 3504 2923
f 2923 3504 3508
f 753 3016 3027
f 3027 3016 3509
f 3027 3509 3008
f 3008 3509 3028
f 1782 1785 1783
f 1783 1785 3022
f 2923 3508 3153
f 3153 3508 3161
f 3148 3149 1208
f 1208 3149 3150
f 1335 1328 3510
f 3510 1328 1327
f 1336 1335 3505
f 3505 1335 3510
f 866 3511 1340
f 1340 3511 3146
f 865 1808 866
f 866 1808 3511
f 842 841 3159
f 3159 841 3485
f 2849 3512 1329
f 1329 3512 1326
f 1202 1331 2849
f 2849 1331 3512
f 3514 3515 3513
f 3513 3515 3516
f 3518 3516 3517
f 3517 3516 3515
f 3519 3520 3514
f 3514 3520 3515
f 3522 3523 3521
f 3521 3523 3524
f 3526 3527 3525
f 3525 3527 3528
f 3530 3531 3529
f 3529 3531 3532
f 3534 3535 3533
f 3533 3535 3536
f 3529 3532 3537
f 3537 3532 3538
f 3537 3539 3529
f 3529 3539 3540
f 3542 3543 3541
f 3541 3543 3544
f 3546 3547 3545
f 3545 3547 3548
f 3550 3534 3549
f 3549 3534 3533
f 3550 3543 3551
f 3551 3543 3552
f 3537 3545 3539
f 3539 3545 3548
f 3553 3554 3556
f 3556 3554 3555
f 3537 3557 3545
f 3545 3557 3546
f 3558 3559 3561
f 3561 3559 3560
f 3563 3564 3562
f 3562 3564 3565
f 3564 3563 3566
f 3566 3563 3567
f 3569 3570 3568
f 3568 3570 3571
f 3573 3574 3572
f 3572 3574 3575
f 3577 3578 3576
f 3576 3578 3579
f 3581 3582 3580
f 3580 3582 3583
f 3585 3586 3584
f 3584 3586 3579
f 3586 3587 3579
f 3579 3587 3576
f 3589 3590 3588
f 3588 3590 3591
f 3592 3593 3595
f 3595 3593 3594
f 3597 3598 3596
f 3596 3598 3595
f 3583 3600 3599
f 3599 3600 3601
f 3603 3599 3602
f 3602 3599 3601
f 3605 3606 3604
f 3604 3606 3607
f 3608 3555 3596
f 3596 3555 3554
f 3597 3610 3609
f 3609 3610 3565
f 3564 3611 3565
f 3565 3611 3609
f 3611 3564 3612
f 3612 3564 3566
f 3613 3614 3569
f 3569 3614 3570
f 3615 3616 3573
f 3573 3616 3574
f 3517 3617 3518
f 3518 3617 3618
f 3620 3621 3619
f 3619 3621 3622
f 3624 3625 3623
f 3623 3625 3626
f 3628 3629 3627
f 3627 3629 3630
f 3632 3633 3631
f 3631 3633 3634
f 3636 3637 3635
f 3635 3637 3638
f 3640 3641 3639
f 3639 3641 3642
f 3643 3644 3639
f 3639 3644 3640
f 3646 3513 3645
f 3645 3513 3647
f 3648 3514 3646
f 3646 3514 3513
f 3649 3519 3648
f 3648 3519 3514
f 3650 3651 3527
f 3527 3651 3652
f 3654 3651 3653
f 3653 3651 3650
f 3568 3571 3655
f 3655 3571 3656
f 3657 3658 3653
f 3653 3658 3659
f 3661 3662 3660
f 3660 3662 3658
f 3664 3665 3663
f 3663 3665 3666
f 3667 3657 3650
f 3650 3657 3653
f 3669 3523 3668
f 3668 3523 3670
f 3672 3673 3671
f 3671 3673 3674
f 3676 3677 3675
f 3675 3677 3678
f 3671 3674 3676
f 3676 3674 3677
f 3680 3681 3679
f 3679 3681 3682
f 3683 3684 3680
f 3680 3684 3681
f 3685 3686 3661
f 3661 3686 3662
f 3686 3687 3662
f 3662 3687 3688
f 3684 3683 3689
f 3689 3683 3690
f 3692 3693 3691
f 3691 3693 3694
f 3691 3694 3695
f 3695 3694 3696
f 3698 3699 3697
f 3697 3699 3700
f 3702 3703 3701
f 3701 3703 3704
f 3705 3706 3519
f 3519 3706 3520
f 3673 3672 3707
f 3707 3672 3708
f 3709 3710 3682
f 3682 3710 3679
f 3711 3712 3692
f 3692 3712 3693
f 3714 3715 3713
f 3713 3715 3716
f 3718 3700 3717
f 3717 3700 3699
f 3720 3721 3719
f 3719 3721 3722
f 3724 3725 3723
f 3723 3725 3726
f 3727 3728 3730
f 3730 3728 3729
f 3722 3721 3731
f 3731 3721 3732
f 3697 3700 3733
f 3733 3700 3714
f 3733 3714 3734
f 3734 3714 3713
f 3721 3723 3732
f 3732 3723 3735
f 3720 3736 3724
f 3724 3736 3737
f 3700 3718 3714
f 3714 3718 3715
f 3717 3699 3738
f 3738 3699 3739
f 3536 3740 3533
f 3533 3740 3540
f 3742 3743 3741
f 3741 3743 3744
f 3746 3747 3745
f 3745 3747 3748
f 3750 3751 3749
f 3749 3751 3752
f 3627 3632 3628
f 3628 3632 3631
f 3754 3755 3753
f 3753 3755 3626
f 3562 3565 3756
f 3756 3565 3610
f 3527 3652 3528
f 3528 3652 3757
f 3758 3524 3669
f 3669 3524 3523
f 3582 3598 3583
f 3583 3598 3600
f 3759 3670 3522
f 3522 3670 3523
f 3675 3678 3760
f 3760 3678 3761
f 3762 3763 3690
f 3690 3763 3689
f 3765 3766 3764
f 3764 3766 3767
f 3768 3739 3698
f 3698 3739 3699
f 3726 3725 3770
f 3770 3725 3769
f 3645 3647 3771
f 3771 3647 3772
f 3645 3678 3646
f 3646 3678 3677
f 3646 3677 3648
f 3648 3677 3674
f 3673 3649 3674
f 3674 3649 3648
f 3707 3773 3673
f 3673 3773 3649
f 3775 3776 3774
f 3774 3776 3777
f 3779 3526 3778
f 3778 3526 3525
f 3526 3779 3667
f 3667 3779 3780
f 3780 3781 3667
f 3667 3781 3657
f 3672 3679 3708
f 3708 3679 3710
f 3671 3680 3672
f 3672 3680 3679
f 3676 3683 3671
f 3671 3683 3680
f 3675 3690 3676
f 3676 3690 3683
f 3760 3762 3675
f 3675 3762 3690
f 3682 3681 3783
f 3783 3681 3782
f 3689 3784 3684
f 3684 3784 3785
f 3684 3785 3681
f 3681 3785 3782
f 3786 3709 3783
f 3783 3709 3682
f 3784 3689 3787
f 3787 3689 3763
f 3789 3557 3788
f 3788 3557 3790
f 3792 3793 3791
f 3791 3793 3794
f 3616 3615 3795
f 3795 3615 3796
f 3797 3798 3727
f 3727 3798 3728
f 3800 3801 3799
f 3799 3801 3802
f 3803 3578 3592
f 3592 3578 3593
f 3805 3806 3804
f 3804 3806 3807
f 3599 3603 3585
f 3585 3603 3586
f 3587 3586 3604
f 3604 3586 3603
f 3588 3591 3794
f 3794 3591 3791
f 3581 3803 3582
f 3582 3803 3592
f 3594 3561 3608
f 3608 3561 3790
f 3662 3688 3808
f 3808 3688 3809
f 3665 3664 3810
f 3810 3664 3811
f 3719 3812 3720
f 3720 3812 3736
f 3717 3813 3718
f 3718 3813 3737
f 3723 3721 3724
f 3724 3721 3720
f 3813 3717 3814
f 3814 3717 3738
f 3815 3816 303
f 303 3816 304
f 3818 3819 3817
f 3817 3819 3820
f 3578 3803 3579
f 3579 3803 3584
f 3558 3593 3577
f 3577 3593 3578
f 3822 3823 3821
f 3821 3823 3824
f 3546 3826 3825
f 3825 3826 3827
f 3828 3829 3547
f 3547 3829 3541
f 3831 3542 3830
f 3830 3542 3832
f 3834 3822 3833
f 3833 3822 3821
f 3835 3836 3827
f 3827 3836 3825
f 3800 3799 3828
f 3828 3799 3829
f 3830 3832 3837
f 3837 3832 3838
f 331 330 3551
f 3551 330 3839
f 3831 333 3552
f 3552 333 332
f 3819 3797 3841
f 3841 3797 3840
f 3513 3516 3647
f 3647 3516 3746
f 337 336 3745
f 3745 336 3772
f 3525 3528 3775
f 3775 3528 3749
f 3610 3597 3554
f 3554 3597 3596
f 3706 3702 3520
f 3520 3702 3701
f 3756 3610 3553
f 3553 3610 3554
f 3757 3750 3528
f 3528 3750 3749
f 3517 3515 3701
f 3701 3515 3520
f 3842 3584 3581
f 3581 3584 3803
f 3525 3775 3778
f 3778 3775 3774
f 3638 3843 3635
f 3635 3843 3618
f 3617 3621 3618
f 3618 3621 3635
f 3617 3517 3704
f 3704 3517 3701
f 3521 3624 3522
f 3522 3624 3623
f 3749 3844 3775
f 3775 3844 3776
f 3846 3847 3845
f 3845 3847 3848
f 3843 3747 3618
f 3618 3747 3518
f 3850 3851 3849
f 3849 3851 3748
f 3853 3854 3852
f 3852 3854 3855
f 3856 3857 3622
f 3622 3857 3619
f 3859 3860 3858
f 3858 3860 3861
f 3862 3844 3752
f 3752 3844 3749
f 3863 3759 3623
f 3623 3759 3522
f 3864 3777 3630
f 3630 3777 3776
f 3713 3865 3734
f 3734 3865 3866
f 3868 3869 3867
f 3867 3869 3870
f 3872 3873 3871
f 3871 3873 3874
f 3876 3877 3875
f 3875 3877 3878
f 3879 3880 3878
f 3878 3880 3881
f 3882 3883 3885
f 3885 3883 3884
f 3780 3886 3781
f 3781 3886 3887
f 3888 3685 3869
f 3869 3685 3661
f 3880 3879 3883
f 3883 3879 3884
f 3693 3783 3694
f 3694 3783 3782
f 3696 3785 3764
f 3764 3785 3784
f 3694 3782 3696
f 3696 3782 3785
f 3693 3786 3783
f 3787 3765 3784
f 3784 3765 3764
f 386 385 3765
f 3765 385 3766
f 3695 3889 3691
f 3691 3889 3890
f 3691 3890 3692
f 3692 3890 3891
f 3892 3711 3891
f 3891 3711 3692
f 3767 3893 3695
f 3695 3893 3889
f 3766 3894 3767
f 3767 3894 3893
f 3882 3885 3895
f 3895 3885 3896
f 3898 3698 3897
f 3897 3698 3697
f 3897 3697 3899
f 3899 3697 3733
f 3899 3733 3900
f 3900 3733 3734
f 3901 3768 3898
f 3898 3768 3698
f 3901 3902 3768
f 3768 3902 3903
f 3904 3905 3907
f 3907 3905 3906
f 3869 3661 3870
f 3870 3661 3660
f 3908 3909 3896
f 3896 3909 3895
f 3909 3758 3895
f 3895 3758 3669
f 3751 3531 3752
f 3752 3531 3848
f 3858 3536 3854
f 3854 3536 3535
f 3652 3562 3757
f 3757 3562 3756
f 3651 3654 3563
f 3563 3654 3567
f 3655 3656 3808
f 3808 3656 3659
f 3530 3740 3845
f 3845 3740 3861
f 3751 3750 3556
f 3556 3750 3553
f 3817 3820 3796
f 3796 3820 3795
f 410 409 3910
f 3910 409 3855
f 3750 3757 3553
f 3553 3757 3756
f 3908 3886 3909
f 3909 3886 3780
f 409 411 3855
f 3855 411 3851
f 413 412 3760
f 3760 412 3762
f 415 414 3763
f 3763 414 3787
f 3790 3557 3538
f 3538 3557 3537
f 3555 3608 3538
f 3538 3608 3790
f 3574 3911 3575
f 3575 3911 3912
f 3535 3534 3910
f 3910 3534 3839
f 3831 3552 3542
f 3542 3552 3543
f 3534 3550 3839
f 3839 3550 3551
f 3543 3550 3544
f 3544 3550 3549
f 3913 3914 3916
f 3916 3914 3915
f 3806 3805 3589
f 3589 3805 3590
f 3849 3843 3917
f 3917 3843 3638
f 3853 3644 3859
f 3859 3644 3742
f 3747 3746 3518
f 3518 3746 3516
f 3695 3696 3767
f 3767 3696 3764
f 3903 3918 3768
f 3768 3918 3739
f 3738 3739 3816
f 3816 3739 3918
f 3919 3920 3769
f 3769 3920 3770
f 3921 3726 3922
f 3922 3726 3770
f 3678 3645 3761
f 3761 3645 3771
f 3924 3913 3923
f 3923 3913 3916
f 3802 3925 3838
f 3838 3925 3837
f 3577 3926 3558
f 3558 3926 3559
f 3815 3919 3814
f 3814 3919 3769
f 3927 3928 3822
f 3822 3928 3823
f 3829 3832 3541
f 3541 3832 3542
f 3834 3927 3822
f 3832 3829 3838
f 3838 3829 3799
f 3745 3772 3746
f 3746 3772 3647
f 3849 3748 3843
f 3843 3748 3747
f 3854 3853 3858
f 3858 3853 3859
f 3854 3535 3855
f 3855 3535 3910
f 3557 3789 3546
f 3546 3789 3826
f 3923 3823 3924
f 3924 3823 3928
f 3823 3923 3929
f 3929 3923 3930
f 3531 3751 3532
f 3532 3751 3556
f 3532 3556 3538
f 3538 3556 3555
f 3932 3634 3931
f 3931 3634 3633
f 3814 3769 3813
f 3813 3769 3725
f 3620 3636 3621
f 3621 3636 3635
f 3847 3862 3848
f 3848 3862 3752
f 3531 3530 3848
f 3848 3530 3845
f 3933 3934 3830
f 3830 3934 3831
f 3925 3933 3837
f 3837 3933 3830
f 3934 440 3831
f 3831 440 333
f 3925 3802 3833
f 3833 3802 3801
f 3776 3844 3630
f 3630 3844 3627
f 3808 3659 3662
f 3662 3659 3658
f 3667 3650 3526
f 3526 3650 3527
f 3935 3666 3936
f 3936 3666 3665
f 3718 3737 3715
f 3715 3737 3736
f 3663 3809 3664
f 3664 3809 3688
f 3807 3806 3938
f 3938 3806 3937
f 445 413 3761
f 3761 413 3760
f 3902 447 3903
f 3903 447 446
f 3897 3890 3898
f 3898 3890 3889
f 3899 3891 3897
f 3897 3891 3890
f 3898 3889 3901
f 3901 3889 3893
f 3893 3894 3901
f 3901 3894 3902
f 414 386 3787
f 3787 386 3765
f 3940 3941 3939
f 3939 3941 3942
f 3840 3797 3943
f 3943 3797 3727
f 3665 3810 3936
f 3936 3810 3944
f 3921 3735 3726
f 3726 3735 3723
f 3920 3945 3770
f 3770 3945 3922
f 3521 3524 3774
f 3774 3524 3778
f 3864 3946 3625
f 3625 3946 3947
f 3773 3705 3649
f 3649 3705 3519
f 3779 3778 3758
f 3758 3778 3524
f 3812 3716 3736
f 3736 3716 3715
f 3624 3521 3777
f 3777 3521 3774
f 3703 3856 3704
f 3704 3856 3622
f 3900 3892 3899
f 3899 3892 3891
f 3641 3917 3642
f 3642 3917 3948
f 3895 3669 3882
f 3882 3669 3668
f 3855 3851 3852
f 3852 3851 3850
f 3894 458 3902
f 3902 458 447
f 3781 3887 3660
f 3660 3887 3870
f 3570 3566 3571
f 3571 3566 3567
f 3950 3576 3949
f 3949 3576 3587
f 3605 3602 3614
f 3614 3602 3612
f 3614 3612 3570
f 3570 3612 3566
f 3571 3567 3656
f 3656 3567 3654
f 3660 3658 3781
f 3781 3658 3657
f 3604 3607 3587
f 3587 3607 3949
f 3653 3659 3654
f 3654 3659 3656
f 3529 3540 3530
f 3530 3540 3740
f 3687 3811 3688
f 3688 3811 3664
f 3813 3725 3737
f 3737 3725 3724
f 3919 3815 461
f 461 3815 303
f 3818 3798 3819
f 3819 3798 3797
f 3819 3841 3820
f 3820 3841 3951
f 3816 3815 3738
f 3738 3815 3814
f 3540 3539 3533
f 3533 3539 3549
f 3548 3547 3544
f 3544 3547 3541
f 3539 3548 3549
f 3549 3548 3544
f 3741 3931 3860
f 3860 3931 3846
f 3801 3800 3835
f 3835 3800 3836
f 3934 3933 3824
f 3824 3933 3821
f 3825 3828 3546
f 3546 3828 3547
f 3833 3821 3925
f 3925 3821 3933
f 3800 3828 3836
f 3836 3828 3825
f 3824 3952 3934
f 3934 3952 440
f 3860 3846 3861
f 3861 3846 3845
f 3629 3946 3630
f 3630 3946 3864
f 3740 3536 3861
f 3861 3536 3858
f 3833 3801 3834
f 3834 3801 3835
f 3583 3599 3580
f 3580 3599 3585
f 3651 3563 3652
f 3652 3563 3562
f 3758 3909 3779
f 3779 3909 3780
f 3621 3617 3622
f 3622 3617 3704
f 3625 3947 3626
f 3626 3947 3753
f 3633 3632 3847
f 3847 3632 3862
f 3852 3850 3640
f 3640 3850 3641
f 3644 3853 3640
f 3640 3853 3852
f 3859 3742 3860
f 3860 3742 3741
f 3632 3627 3862
f 3862 3627 3844
f 3755 3863 3626
f 3626 3863 3623
f 3917 3638 3948
f 3948 3638 3637
f 3644 3643 3742
f 3742 3643 3743
f 3931 3633 3846
f 3846 3633 3847
f 3625 3624 3864
f 3864 3624 3777
f 3917 3641 3849
f 3849 3641 3850
f 3744 3932 3741
f 3741 3932 3931
f 3903 446 3918
f 3918 446 464
f 3953 3954 3956
f 3956 3954 3955
f 3958 3959 3957
f 3957 3959 3960
f 3876 3958 3877
f 3877 3958 3957
f 3877 3957 3961
f 3961 3957 3962
f 3963 3964 3958
f 3958 3964 3959
f 3965 3966 3876
f 3876 3966 3958
f 3966 3963 3958
f 3966 3967 3963
f 3963 3967 3968
f 3878 3877 3879
f 3879 3877 3961
f 3967 3969 3968
f 3968 3969 3970
f 3969 3971 3970
f 3970 3971 3972
f 3974 3904 3973
f 3973 3904 3907
f 3971 3975 3972
f 3972 3975 3976
f 3976 3975 3978
f 3978 3975 3977
f 3979 3980 3977
f 3977 3980 3978
f 3981 3982 3979
f 3979 3982 3980
f 3983 3984 3981
f 3981 3984 3982
f 3972 3985 3970
f 3970 3985 3986
f 3871 3987 3969
f 3969 3987 3971
f 3872 3871 3967
f 3967 3871 3969
f 3965 3872 3966
f 3966 3872 3967
f 3970 3986 3968
f 3968 3986 3988
f 3879 3961 3884
f 3884 3961 3940
f 3884 3940 3885
f 3885 3940 3939
f 3989 3990 3992
f 3992 3990 3991
f 3942 3993 3995
f 3995 3993 3994
f 3994 3996 3995
f 3995 3996 3974
f 3997 3998 3994
f 3994 3998 3996
f 3999 3997 3993
f 3993 3997 3994
f 4001 3996 4000
f 4000 3996 3998
f 4000 3998 4002
f 4002 3998 4003
f 4004 4003 3997
f 3997 4003 3998
f 3997 3999 4004
f 4004 3999 4005
f 4006 3995 3973
f 3973 3995 3974
f 3939 3942 4006
f 4006 3942 3995
f 3906 3887 3907
f 3907 3887 3886
f 3887 3906 3870
f 3870 3906 3867
f 3908 3973 3886
f 3886 3973 3907
f 3865 4007 3866
f 3866 4007 4008
f 3984 3983 4009
f 4009 3983 4010
f 3961 3962 3940
f 3940 3962 3941
f 4012 3868 4011
f 4011 3868 3867
f 4013 3975 3987
f 3987 3975 3971
f 4014 3977 4013
f 4013 3977 3975
f 4015 4010 4007
f 4007 4010 3983
f 4007 3983 4008
f 4008 3983 3981
f 4008 3981 4016
f 4016 3981 3979
f 4017 3984 4018
f 4018 3984 4009
f 3977 4014 3979
f 3979 4014 4016
f 3982 3984 4019
f 4019 3984 4017
f 4021 4022 4020
f 4020 4022 4023
f 4022 4012 4023
f 4023 4012 4011
f 4023 3904 4020
f 4020 3904 3974
f 4024 4025 4018
f 4018 4025 4017
f 4026 4027 4024
f 4024 4027 4025
f 4028 4026 4029
f 4029 4026 4024
f 4018 4021 4024
f 4024 4021 4029
f 4030 4031 4026
f 4026 4031 4027
f 4032 4030 4028
f 4028 4030 4026
f 4029 4001 4028
f 4028 4001 4000
f 4028 4000 4032
f 4032 4000 4002
f 4034 4035 4033
f 4033 4035 4036
f 4037 4038 4019
f 4019 4038 4039
f 4041 4039 4040
f 4040 4039 4038
f 4040 4038 4042
f 4042 4038 4036
f 4042 4036 4043
f 4043 4036 4035
f 3985 4044 4046
f 4046 4044 4045
f 4047 4048 4045
f 4045 4048 4046
f 4047 4049 4048
f 4048 4049 4050
f 4042 4047 4040
f 4040 4047 4045
f 4043 4049 4042
f 4042 4049 4047
f 4040 4045 4041
f 4041 4045 4044
f 4052 3959 4051
f 4051 3959 3964
f 4053 4054 4051
f 4051 4054 4055
f 3956 3960 4052
f 4052 3960 3959
f 3953 3956 4056
f 4056 3956 4052
f 4058 3953 4057
f 4057 3953 4056
f 4060 4061 4059
f 4059 4061 4062
f 4063 4064 4054
f 4054 4064 4057
f 4054 4053 4063
f 4063 4053 4065
f 4066 4067 4069
f 4069 4067 4068
f 4048 4050 4063
f 4063 4050 4064
f 4063 4065 4048
f 4048 4065 4046
f 3985 4046 3986
f 3986 4046 4065
f 3986 4065 3988
f 3988 4065 4053
f 3988 4053 3964
f 3964 4053 4051
f 3976 3978 4044
f 4044 3978 4041
f 3980 3982 4039
f 4039 3982 4019
f 4039 4041 3980
f 3980 4041 3978
f 3973 3908 4006
f 4006 3908 3896
f 3885 3939 3896
f 3896 3939 4006
f 4031 4034 4027
f 4027 4034 4033
f 4027 4033 4025
f 4025 4033 4037
f 4019 4017 4037
f 4037 4017 4025
f 3993 3942 4070
f 4070 3942 3941
f 3999 3993 4071
f 4071 3993 4070
f 3999 4071 4005
f 4005 4071 4072
f 4073 4074 4076
f 4076 4074 4075
f 4078 4079 4077
f 4077 4079 4080
f 4082 4080 4081
f 4081 4080 4079
f 4084 4085 4083
f 4083 4085 4086
f 4087 4088 4090
f 4090 4088 4089
f 4092 4093 4091
f 4091 4093 4094
f 4096 4097 4095
f 4095 4097 4098
f 4100 4101 4099
f 4099 4101 4102
f 4103 4104 4106
f 4106 4104 4105
f 4108 4109 4107
f 4107 4109 4110
f 4112 4113 4111
f 4111 4113 4114
f 4116 4117 4115
f 4115 4117 4118
f 4120 4121 4119
f 4119 4121 4122
f 4123 4124 4126
f 4126 4124 4125
f 4127 4128 4130
f 4130 4128 4129
f 4132 4133 4131
f 4131 4133 4134
f 4136 4108 4135
f 4135 4108 4107
f 4138 4139 4137
f 4137 4139 4140
f 4141 4142 4088
f 4088 4142 4089
f 4144 4145 4143
f 4143 4145 4146
f 4148 4149 4147
f 4147 4149 4150
f 4152 4153 4151
f 4151 4153 4154
f 4156 4082 4155
f 4155 4082 4081
f 4157 4158 4160
f 4160 4158 4159
f 4161 4162 4164
f 4164 4162 4163
f 4166 4122 4165
f 4165 4122 4121
f 4168 4152 4167
f 4167 4152 4151
f 4169 4170 4172
f 4172 4170 4171
f 4174 4175 4173
f 4173 4175 4176
f 4178 4149 4177
f 4177 4149 4179
f 4173 4176 4180
f 4180 4176 4181
f 4156 4085 4182
f 4182 4085 4183
f 4182 4184 4156
f 4156 4184 4082
f 4185 4186 4184
f 4184 4186 4187
f 4186 4188 4187
f 4187 4188 4189
f 4190 4191 4073
f 4073 4191 4074
f 4177 4179 4158
f 4158 4179 4159
f 4193 4127 4192
f 4192 4127 4130
f 4144 4194 4151
f 4151 4194 4167
f 4196 4197 4195
f 4195 4197 4198
f 4095 4199 4096
f 4096 4199 4200
f 4201 4202 4204
f 4204 4202 4203
f 4205 4206 4208
f 4208 4206 4207
f 4121 4120 4209
f 4209 4120 4210
f 4212 4213 4211
f 4211 4213 4214
f 4216 4217 4215
f 4215 4217 4218
f 4220 4221 4219
f 4219 4221 4222
f 4224 4196 4223
f 4223 4196 4195
f 4225 4226 4134
f 4134 4226 4131
f 4228 4229 4227
f 4227 4229 4230
f 4232 4233 4231
f 4231 4233 4098
f 4235 4236 4234
f 4234 4236 4237
f 4239 4240 4238
f 4238 4240 4241
f 4242 4243 4245
f 4245 4243 4244
f 4246 4247 4249
f 4249 4247 4248
f 4251 4252 4250
f 4250 4252 4253
f 4255 4256 4254
f 4254 4256 4257
f 4259 4260 4258
f 4258 4260 4261
f 4263 4264 4262
f 4262 4264 4265
f 4267 4268 4266
f 4266 4268 4269
f 4271 4199 4270
f 4270 4199 4272
f 4273 4274 4276
f 4276 4274 4275
f 4115 4118 4277
f 4277 4118 4278
f 4280 4281 4279
f 4279 4281 4282
f 4211 4283 4212
f 4212 4283 4284
f 4286 4287 4285
f 4285 4287 4288
f 4165 4121 4289
f 4289 4121 4209
f 4291 4286 4290
f 4290 4286 4285
f 4293 4294 4292
f 4292 4294 4295
f 4297 4298 4296
f 4296 4298 4299
f 4301 4302 4300
f 4300 4302 4303
f 4299 4304 4296
f 4296 4304 4305
f 4306 4292 4307
f 4307 4292 4295
f 4307 4308 4306
f 4306 4308 4309
f 4310 4309 4075
f 4075 4309 4308
f 4299 4298 4312
f 4312 4298 4311
f 4302 4301 4293
f 4293 4301 4294
f 3735 3921 4313
f 4313 3921 4314
f 4315 4314 3922
f 3922 4314 3921
f 4316 3945 829
f 829 3945 830
f 4289 4317 4165
f 4165 4317 4318
f 4320 4321 4319
f 4319 4321 4322
f 4324 4325 4323
f 4323 4325 4326
f 4327 4328 4330
f 4330 4328 4329
f 4290 4331 4291
f 4291 4331 4332
f 4165 4318 4166
f 4166 4318 4333
f 4334 4335 4337
f 4337 4335 4336
f 4339 4340 4338
f 4338 4340 4341
f 4168 4343 4342
f 4342 4343 4344
f 4346 4347 4345
f 4345 4347 4348
f 4350 4351 4349
f 4349 4351 4352
f 4354 4355 4353
f 4353 4355 4356
f 4357 4358 4324
f 4324 4358 4325
f 4337 4359 4334
f 4334 4359 4360
f 4362 4363 4361
f 4361 4363 4364
f 4366 4367 4365
f 4365 4367 4368
f 4369 4370 4372
f 4372 4370 4371
f 4331 4290 4374
f 4374 4290 4373
f 4373 4376 4375
f 4375 4376 4377
f 4379 4380 4378
f 4378 4380 4381
f 4217 4382 4218
f 4218 4382 4383
f 4385 4386 4384
f 4384 4386 4387
f 4388 4389 4338
f 4338 4389 4390
f 4337 4336 4392
f 4392 4336 4391
f 4394 4362 4393
f 4393 4362 4361
f 4396 4397 4395
f 4395 4397 4398
f 4400 4401 4399
f 4399 4401 4402
f 4345 4403 4346
f 4346 4403 4404
f 4405 4406 4342
f 4342 4406 4407
f 4409 4410 4408
f 4408 4410 4411
f 4408 4412 4409
f 4409 4412 4413
f 4181 4415 4414
f 4414 4415 4416
f 4182 4183 4417
f 4417 4183 4418
f 4419 4353 4311
f 4311 4353 4312
f 4421 4422 4420
f 4420 4422 4423
f 4353 4356 4312
f 4312 4356 4424
f 4166 4333 4425
f 4425 4333 4426
f 4425 4143 4166
f 4166 4143 4122
f 4427 4107 4428
f 4428 4107 4110
f 4429 4430 4174
f 4174 4430 4175
f 4335 4431 4336
f 4336 4431 4390
f 4336 4390 4391
f 4391 4390 4389
f 4432 4433 4435
f 4435 4433 4434
f 4437 4438 4436
f 4436 4438 4439
f 4441 4442 4440
f 4440 4442 4443
f 4359 4444 4361
f 4361 4444 4393
f 4446 4447 4445
f 4445 4447 4448
f 4338 4341 4388
f 4388 4341 4449
f 4450 4451 4398
f 4398 4451 4395
f 4453 4454 4452
f 4452 4454 4455
f 4457 4458 4456
f 4456 4458 4459
f 4460 4461 4448
f 4448 4461 4445
f 4463 4464 4462
f 4462 4464 4465
f 4462 4465 4466
f 4466 4465 4467
f 4468 4469 4467
f 4467 4469 4466
f 4469 4468 4470
f 4470 4468 4471
f 4472 4473 4471
f 4471 4473 4470
f 4475 4476 4474
f 4474 4476 4477
f 4479 4480 4478
f 4478 4480 4481
f 4483 4484 4482
f 4482 4484 4485
f 4487 4488 4486
f 4486 4488 4489
f 4491 4492 4490
f 4490 4492 4493
f 4494 4495 4493
f 4493 4495 4490
f 4496 4497 4494
f 4494 4497 4495
f 4497 4496 4498
f 4498 4496 4499
f 4500 4501 4503
f 4503 4501 4502
f 4505 4506 4504
f 4504 4506 4507
f 4466 4508 4462
f 4462 4508 4509
f 4470 4510 4469
f 4469 4510 4511
f 4513 4479 4512
f 4512 4479 4478
f 4515 4443 4514
f 4514 4443 4442
f 4516 4517 4519
f 4519 4517 4518
f 4521 4495 4520
f 4520 4495 4497
f 4522 4490 4521
f 4521 4490 4495
f 4491 4523 4488
f 4488 4523 4524
f 4525 4489 4524
f 4524 4489 4488
f 4484 4526 4485
f 4485 4526 4527
f 4503 4528 4500
f 4500 4528 4529
f 4530 4531 4533
f 4533 4531 4532
f 4535 4506 4534
f 4534 4506 4530
f 4486 4536 4487
f 4487 4536 4537
f 4487 4537 4492
f 4492 4537 4538
f 4494 4539 4496
f 4496 4539 4540
f 4542 4533 4541
f 4541 4533 4499
f 4544 4545 4543
f 4543 4545 4546
f 4548 4549 4547
f 4547 4549 4550
f 4536 4551 4537
f 4537 4551 4552
f 4537 4552 4538
f 4538 4552 4553
f 4554 4539 4556
f 4556 4539 4555
f 4557 4540 4554
f 4554 4540 4539
f 4559 4557 4558
f 4558 4557 4560
f 4540 4557 4541
f 4541 4557 4559
f 4562 4563 4561
f 4561 4563 4564
f 4546 4565 4543
f 4543 4565 4566
f 4547 4567 4548
f 4548 4567 4568
f 4570 4571 4569
f 4569 4571 4572
f 4574 4575 4573
f 4573 4575 4576
f 4578 4579 4577
f 4577 4579 4580
f 4582 4583 4581
f 4581 4583 4584
f 4585 4586 4588
f 4588 4586 4587
f 4589 4585 4590
f 4590 4585 4588
f 4592 4593 4591
f 4591 4593 4594
f 4596 4597 4595
f 4595 4597 4598
f 4600 4601 4599
f 4599 4601 4602
f 4563 4604 4603
f 4603 4604 4605
f 4603 4606 4608
f 4608 4606 4607
f 4609 4610 4594
f 4594 4610 4591
f 4611 4612 4614
f 4614 4612 4613
f 4616 4617 4615
f 4615 4617 4618
f 4602 4620 4619
f 4619 4620 4621
f 4619 4622 4602
f 4602 4622 4599
f 4605 4599 4623
f 4623 4599 4622
f 4605 4623 4603
f 4603 4623 4606
f 4625 4626 4624
f 4624 4626 4627
f 4438 4437 4628
f 4628 4437 4629
f 4442 4441 4630
f 4630 4441 4631
f 4630 4632 4442
f 4442 4632 4514
f 4633 4634 4529
f 4529 4634 4500
f 4500 4634 4501
f 4501 4634 4635
f 4637 4546 4636
f 4636 4546 4545
f 4639 4565 4638
f 4638 4565 4640
f 4573 4576 4641
f 4641 4576 4642
f 4593 4643 4594
f 4594 4643 4644
f 4645 4609 4644
f 4644 4609 4594
f 4647 4648 4646
f 4646 4648 4649
f 4651 4652 4650
f 4650 4652 4653
f 4654 4498 4519
f 4519 4498 4532
f 4520 4508 4521
f 4521 4508 4511
f 4522 4510 4523
f 4523 4510 4655
f 4524 4656 4525
f 4525 4656 4657
f 4514 4529 4515
f 4515 4529 4528
f 4658 4659 4661
f 4661 4659 4660
f 4496 4540 4499
f 4499 4540 4541
f 4493 4555 4494
f 4494 4555 4539
f 4549 4483 4550
f 4550 4483 4482
f 4545 4544 4501
f 4501 4544 4502
f 4636 4545 4635
f 4635 4545 4501
f 4589 4663 4662
f 4662 4663 4664
f 4662 4665 4558
f 4558 4665 4559
f 4569 4586 4570
f 4570 4586 4560
f 4552 4666 4553
f 4553 4666 4667
f 4668 4669 4670
f 4670 4669 4666
f 4672 4673 4671
f 4671 4673 4674
f 4287 4675 4288
f 4288 4675 4676
f 4678 4679 4677
f 4677 4679 4680
f 4681 4678 4682
f 4682 4678 4677
f 4682 4683 4681
f 4681 4683 4684
f 4161 4164 4685
f 4685 4164 4686
f 4414 4687 4689
f 4689 4687 4688
f 4405 4690 4346
f 4346 4690 4347
f 4691 4399 4693
f 4693 4399 4692
f 1209 4694 4365
f 4365 4694 4366
f 4650 1211 4651
f 4651 1211 1210
f 4695 4696 4255
f 4255 4696 4256
f 4697 4698 4218
f 4218 4698 4215
f 4700 4701 4699
f 4699 4701 4702
f 4703 4704 4303
f 4303 4704 4300
f 4315 3922 4316
f 4316 3922 3945
f 4653 4706 4705
f 4705 4706 4707
f 4709 4710 4708
f 4708 4710 4711
f 4335 4334 4713
f 4713 4334 4712
f 4714 4340 4321
f 4321 4340 4322
f 4716 4717 4715
f 4715 4717 4718
f 4238 4241 4719
f 4719 4241 4720
f 4231 4721 4307
f 4307 4721 4308
f 4723 4724 4722
f 4722 4724 4725
f 4727 4728 4726
f 4726 4728 4729
f 4730 4731 4327
f 4327 4731 4328
f 4733 4734 4732
f 4732 4734 4735
f 4720 4381 4736
f 4736 4381 4737
f 4738 4739 4741
f 4741 4739 4740
f 4743 4744 4742
f 4742 4744 4745
f 4338 4390 4339
f 4339 4390 4431
f 4746 4747 4431
f 4431 4747 4339
f 4291 4332 4289
f 4289 4332 4317
f 4289 4209 4291
f 4291 4209 4286
f 4287 4286 4210
f 4210 4286 4209
f 4749 4750 4748
f 4748 4750 4751
f 4212 4284 4752
f 4752 4284 4753
f 4752 4754 4212
f 4212 4754 4213
f 4252 4251 4225
f 4225 4251 4226
f 4227 4230 4248
f 4248 4230 4249
f 4205 4755 4757
f 4757 4755 4756
f 4708 4711 4758
f 4758 4711 4647
f 4367 4366 4759
f 4759 4366 4760
f 4526 4513 4527
f 4527 4513 4512
f 4420 4423 4385
f 4385 4423 4386
f 4705 4761 4653
f 4653 4761 4650
f 4761 1279 4650
f 4650 1279 1211
f 4762 4763 3944
f 3944 4763 3936
f 4274 4273 4765
f 4765 4273 4764
f 4767 4768 4766
f 4766 4768 4769
f 4770 4771 4769
f 4769 4771 4766
f 4771 4770 4242
f 4242 4770 4243
f 4093 4163 4094
f 4094 4163 4162
f 4772 4773 4775
f 4775 4773 4774
f 4777 4778 4776
f 4776 4778 4779
f 4417 4185 4182
f 4182 4185 4184
f 4780 4078 4781
f 4781 4078 4077
f 4781 4077 4782
f 4782 4077 4189
f 4188 4783 4189
f 4189 4783 4782
f 4295 4232 4307
f 4307 4232 4231
f 4785 4786 4784
f 4784 4786 4787
f 4784 1307 4785
f 4785 1307 1306
f 4078 4780 4096
f 4096 4780 4097
f 4075 4074 4310
f 4310 4074 4788
f 4788 4074 4789
f 4789 4074 4191
f 4789 4191 4059
f 4059 4191 4790
f 4791 4277 4792
f 4792 4277 4278
f 3732 3735 4793
f 4793 3735 4313
f 4793 4794 3732
f 3732 4794 3731
f 4792 4795 4791
f 4791 4795 4796
f 4797 4798 4799
f 4799 4798 4724
f 4763 4800 3936
f 3936 4800 3935
f 4801 4062 3729
f 3729 4062 3730
f 4713 4712 4802
f 4802 4712 4803
f 4146 4804 4119
f 4119 4804 4805
f 4498 4654 4497
f 4497 4654 4520
f 4806 4807 1326
f 1326 4807 1327
f 4689 4688 1330
f 1330 4688 1331
f 4801 4789 4062
f 4062 4789 4059
f 3730 4062 4808
f 4808 4062 4061
f 4810 4811 4809
f 4809 4811 4812
f 4813 4403 4814
f 4814 4403 4345
f 4815 4816 4349
f 4349 4816 4350
f 4817 4818 4820
f 4820 4818 4819
f 4406 4821 4407
f 4407 4821 4822
f 4823 4161 4824
f 4824 4161 4685
f 4181 4414 4825
f 4825 4414 4689
f 4741 4740 4826
f 4826 4740 4827
f 4828 4829 4827
f 4827 4829 4826
f 4142 4141 4415
f 4415 4141 4148
f 4830 1354 4761
f 4761 1354 1279
f 4832 4833 4831
f 4831 4833 4834
f 4835 4836 4626
f 4626 4836 4421
f 4451 4709 4395
f 4395 4709 4708
f 4627 4420 4837
f 4837 4420 4385
f 4837 1365 4838
f 4838 1365 1364
f 4397 4396 4839
f 4839 4396 4840
f 4842 4628 4841
f 4841 4628 4629
f 4671 4674 4631
f 4631 4674 4630
f 4674 4659 4630
f 4630 4659 4632
f 4633 4632 4658
f 4658 4632 4659
f 4658 4504 4633
f 4633 4504 4634
f 4635 4634 4507
f 4507 4634 4504
f 4843 4636 4507
f 4507 4636 4635
f 4844 4637 4843
f 4843 4637 4636
f 4637 4844 4640
f 4640 4844 4664
f 4638 4663 4642
f 4642 4663 4845
f 4847 4643 4846
f 4846 4643 4641
f 4644 4848 4645
f 4645 4848 4849
f 4851 4852 4850
f 4850 4852 4853
f 4855 4856 4854
f 4854 4856 4857
f 4859 4860 4858
f 4858 4860 4857
f 4715 4718 4859
f 4859 4718 4860
f 4862 4863 4861
f 4861 4863 4864
f 4866 4867 4865
f 4865 4867 4868
f 4870 4871 4869
f 4869 4871 4872
f 4869 4872 4116
f 4116 4872 4117
f 4820 4819 4874
f 4874 4819 4873
f 4876 4877 4875
f 4875 4877 4878
f 4880 4881 4879
f 4879 4881 4882
f 4884 4885 4883
f 4883 4885 4886
f 4887 4888 4280
f 4280 4888 4281
f 4818 4817 4889
f 4889 4817 4890
f 4891 4193 4823
f 4823 4193 4192
f 4892 4893 4228
f 4228 4893 4229
f 4158 4157 4894
f 4894 4157 4895
f 4896 4897 4132
f 4132 4897 4133
f 4099 4683 4100
f 4100 4683 4682
f 4101 4100 4899
f 4899 4100 4898
f 4150 4106 4147
f 4147 4106 4900
f 4100 4682 4898
f 4898 4682 4677
f 4080 4082 4187
f 4187 4082 4184
f 4077 4080 4189
f 4189 4080 4187
f 4191 4190 4790
f 4790 4190 4901
f 4177 4158 4680
f 4680 4158 4894
f 4108 4136 4752
f 4752 4136 4754
f 4752 4753 4108
f 4108 4753 4109
f 4817 4902 4890
f 4890 4902 4903
f 4904 4905 4907
f 4907 4905 4906
f 4909 4910 4908
f 4908 4910 4911
f 4913 4914 4912
f 4912 4914 4915
f 4916 4917 4919
f 4919 4917 4918
f 4312 4424 4299
f 4299 4424 4304
f 4920 4921 4297
f 4297 4921 4298
f 4194 4922 4167
f 4167 4922 4923
f 4924 4400 4691
f 4691 4400 4399
f 4395 4708 4396
f 4396 4708 4758
f 4367 4925 4368
f 4368 4925 4926
f 4919 4918 4873
f 4873 4918 4874
f 4836 4927 4421
f 4421 4927 4422
f 4921 4928 4298
f 4298 4928 4311
f 4143 4146 4122
f 4122 4146 4119
f 4929 4930 4455
f 4455 4930 4452
f 4932 4933 4931
f 4931 4933 4934
f 4935 4936 4932
f 4932 4936 4933
f 4461 4460 4457
f 4457 4460 4458
f 4480 4479 4475
f 4475 4479 4476
f 4660 4673 4517
f 4517 4673 4937
f 4661 4505 4658
f 4658 4505 4504
f 4484 4483 4489
f 4489 4483 4486
f 4462 4509 4463
f 4463 4509 4518
f 4469 4511 4466
f 4466 4511 4508
f 4655 4473 4656
f 4656 4473 4477
f 4476 4657 4477
f 4477 4657 4656
f 4479 4513 4476
f 4476 4513 4657
f 4489 4525 4484
f 4484 4525 4526
f 4483 4549 4486
f 4486 4549 4536
f 4549 4548 4536
f 4536 4548 4551
f 4548 4568 4551
f 4551 4568 4670
f 4663 4589 4845
f 4845 4589 4590
f 4668 4577 4938
f 4938 4577 4580
f 4940 4938 4939
f 4939 4938 4941
f 4940 4942 4669
f 4669 4942 4943
f 4587 4582 4944
f 4944 4582 4581
f 4848 4847 4608
f 4608 4847 4564
f 4616 4945 4613
f 4613 4945 4598
f 4615 4946 4616
f 4616 4946 4945
f 4947 4939 4948
f 4948 4939 4946
f 4599 4605 4600
f 4600 4605 4604
f 4608 4607 4848
f 4848 4607 4849
f 4613 4612 4616
f 4616 4612 4617
f 4835 4949 4709
f 4709 4949 4710
f 4357 1477 4837
f 4837 1477 1365
f 4712 4950 4803
f 4803 4950 4951
f 4401 4952 4402
f 4402 4952 4953
f 4759 4760 4402
f 4402 4760 4399
f 4508 4520 4509
f 4509 4520 4654
f 4510 4522 4511
f 4511 4522 4521
f 4513 4526 4657
f 4657 4526 4525
f 4632 4633 4514
f 4514 4633 4529
f 4931 4934 4453
f 4453 4934 4454
f 4153 4954 4154
f 4154 4954 4955
f 4957 4958 4956
f 4956 4958 4959
f 4961 4962 4960
f 4960 4962 4963
f 4120 4964 4210
f 4210 4964 4965
f 4967 4968 4966
f 4966 4968 4969
f 4349 4692 4815
f 4815 4692 4970
f 4652 4971 4653
f 4653 4971 4706
f 4758 4647 4972
f 4972 4647 4646
f 4973 4363 4646
f 4646 4363 4972
f 4950 4360 4974
f 4974 4360 4364
f 4431 4335 4746
f 4746 4335 4713
f 4358 4714 4325
f 4325 4714 4321
f 4765 4764 4266
f 4266 4764 4975
f 4202 4976 4203
f 4203 4976 4977
f 4917 4978 4918
f 4918 4978 4979
f 4279 4282 4854
f 4854 4282 4269
f 4820 4880 4817
f 4817 4880 4902
f 4890 4903 4980
f 4980 4903 4886
f 4982 4983 4981
f 4981 4983 4123
f 4795 4851 4796
f 4796 4851 4850
f 4918 4979 4874
f 4874 4979 4881
f 4809 4404 4810
f 4810 4404 4403
f 4354 4985 4984
f 4984 4985 4986
f 1364 1516 4838
f 4838 1516 4987
f 4759 4988 4367
f 4367 4988 4925
f 4989 4990 4481
f 4481 4990 4478
f 4443 4515 4990
f 4990 4515 4991
f 4527 4512 4992
f 4992 4512 4991
f 4528 4503 4992
f 4992 4503 4993
f 4993 4994 4485
f 4485 4994 4482
f 4544 4995 4502
f 4502 4995 4994
f 4995 4996 4550
f 4550 4996 4547
f 4998 4999 4997
f 4997 4999 4566
f 4998 5000 4578
f 4578 5000 4579
f 5001 5002 4596
f 4596 5002 4597
f 5003 4591 5004
f 5004 4591 4610
f 4626 4421 4627
f 4627 4421 4420
f 4837 4838 4627
f 4627 4838 4624
f 4761 4705 4830
f 4830 4705 5005
f 4705 4707 5005
f 5005 4707 5006
f 4308 4721 4075
f 4075 4721 4076
f 5007 4200 4797
f 4797 4200 4798
f 4685 4686 5008
f 5008 4686 5009
f 4889 4890 5010
f 5010 4890 4980
f 4323 1541 4324
f 4324 1541 1540
f 4385 4384 4358
f 4358 4384 4714
f 4396 4758 4840
f 4840 4758 4972
f 4866 4852 5011
f 5011 4852 5012
f 5013 4260 4980
f 4980 4260 5010
f 4875 4878 5014
f 5014 4878 5015
f 5017 5018 5016
f 5016 5018 5019
f 5016 5019 5020
f 5020 5019 5021
f 5023 5024 5022
f 5022 5024 5025
f 5027 5028 5026
f 5026 5028 5029
f 5031 5032 5030
f 5030 5032 5033
f 5035 5036 5034
f 5034 5036 5037
f 5039 5040 5038
f 5038 5040 5041
f 5043 5044 5042
f 5042 5044 5045
f 5038 5046 5039
f 5039 5046 5047
f 5049 5050 5048
f 5048 5050 5051
f 5053 5054 5052
f 5052 5054 5055
f 5057 5024 5056
f 5056 5024 5058
f 5060 5061 5059
f 5059 5061 5062
f 5064 5065 5063
f 5063 5065 5066
f 5043 5050 5064
f 5064 5050 5065
f 5038 5041 5067
f 5067 5041 5068
f 5070 5071 5069
f 5069 5071 5072
f 5074 5075 5073
f 5073 5075 5076
f 5034 5077 5035
f 5035 5077 5078
f 5080 5081 5079
f 5079 5081 5082
f 5084 5085 5083
f 5083 5085 5086
f 5085 5084 5087
f 5087 5084 5088
f 5090 5091 5089
f 5089 5091 5092
f 5094 5095 5093
f 5093 5095 5096
f 5098 5099 5097
f 5097 5099 5100
f 5102 5103 5101
f 5101 5103 5104
f 5105 5106 5108
f 5108 5106 5107
f 5110 5111 5109
f 5109 5111 5112
f 5114 5094 5113
f 5113 5094 5093
f 5116 5117 5115
f 5115 5117 5118
f 5120 5121 5119
f 5119 5121 5122
f 5124 5125 5123
f 5123 5125 5126
f 5128 5129 5127
f 5127 5129 5130
f 5097 5131 5098
f 5098 5131 5132
f 5134 5135 5133
f 5133 5135 5122
f 5084 5125 5088
f 5088 5125 5136
f 5138 5139 5137
f 5137 5139 5140
f 5142 5102 5141
f 5141 5102 5101
f 5106 5143 5107
f 5107 5143 5144
f 5146 5147 5145
f 5145 5147 5148
f 5149 5150 5109
f 5109 5150 5110
f 5151 5110 5152
f 5152 5110 5150
f 4715 5140 4716
f 4716 5140 5139
f 5143 4870 5144
f 5144 4870 4869
f 4115 5146 4116
f 4116 5146 5145
f 4791 4796 5149
f 5149 4796 5150
f 4796 4850 5150
f 5150 4850 5152
f 4858 5142 4859
f 4859 5142 5141
f 5153 5154 5115
f 5115 5154 5105
f 5156 5157 5155
f 5155 5157 5158
f 5159 5160 5053
f 5053 5160 5054
f 5161 5162 5020
f 5020 5162 5068
f 5026 5029 5163
f 5163 5029 5021
f 5083 5086 5164
f 5164 5086 5165
f 5090 5167 5166
f 5166 5167 5168
f 5169 5170 5172
f 5172 5170 5171
f 5174 5175 5173
f 5173 5175 5176
f 5177 5109 5178
f 5178 5109 5112
f 5179 5180 5182
f 5182 5180 5181
f 5123 5126 5120
f 5120 5126 5121
f 5180 5167 5181
f 5181 5167 5183
f 5184 5185 5179
f 5179 5185 5180
f 5186 5149 5177
f 5177 5149 5109
f 4868 5184 4865
f 4865 5184 5179
f 5188 5189 5187
f 5187 5189 5190
f 4277 4791 5186
f 5186 4791 5149
f 5179 5182 4865
f 4865 5182 4853
f 5189 4862 5190
f 5190 4862 4861
f 5156 5075 5191
f 5191 5075 5192
f 5036 5035 5193
f 5193 5035 5194
f 5115 5118 5153
f 5153 5118 5195
f 5022 5025 5196
f 5196 5025 5197
f 5155 5158 5069
f 5069 5158 5062
f 5063 5066 5198
f 5198 5066 5199
f 5073 5076 5200
f 5200 5076 5072
f 5202 5131 5201
f 5201 5131 5203
f 5143 5106 5204
f 5204 5106 5205
f 5114 5113 5206
f 5206 5113 5127
f 5098 5132 5193
f 5193 5132 5195
f 5204 5207 5143
f 5143 5207 4870
f 5088 5136 5208
f 5208 5136 5092
f 5209 5210 5089
f 5089 5210 5183
f 5211 5018 5060
f 5060 5018 5061
f 5017 5040 5070
f 5070 5040 5071
f 5191 5160 5156
f 5156 5160 5157
f 5048 5028 5049
f 5049 5028 5058
f 5207 5204 4858
f 4858 5204 5142
f 4859 5141 4715
f 4715 5141 5140
f 5212 5162 5042
f 5042 5162 5051
f 5182 5152 4853
f 4853 5152 4850
f 5214 5134 5213
f 5213 5134 5133
f 5164 5165 5133
f 5133 5165 5213
f 5215 5216 5201
f 5201 5216 5217
f 5147 5218 5148
f 5148 5218 5219
f 5147 5177 5218
f 5218 5177 5178
f 5141 5101 5140
f 5140 5101 5137
f 5201 5217 5202
f 5202 5217 5104
f 5146 5186 5147
f 5147 5186 5177
f 4277 5186 4115
f 4115 5186 5146
f 5191 5192 5031
f 5031 5192 5032
f 5052 5055 5220
f 5220 5055 5197
f 4116 5145 4869
f 4869 5145 5144
f 5034 5037 5214
f 5214 5037 5134
f 5097 5100 5114
f 5114 5100 5094
f 5108 5107 5219
f 5219 5107 5148
f 5221 5135 5116
f 5116 5135 5117
f 5124 5111 5209
f 5209 5111 5210
f 5107 5144 5148
f 5148 5144 5145
f 5152 5182 5151
f 5151 5182 5181
f 5208 5222 5088
f 5088 5222 5087
f 5222 5208 5171
f 5171 5208 5172
f 5223 1756 4698
f 4698 1756 1755
f 4427 5224 4107
f 4107 5224 4135
f 4178 4679 5225
f 5225 4679 5226
f 5227 5228 4892
f 4892 5228 4893
f 5229 5230 4171
f 4171 5230 4172
f 4855 4268 4884
f 4884 4268 4885
f 4884 4871 4855
f 4855 4871 4856
f 4684 5231 4896
f 4896 5231 4897
f 4768 4767 5009
f 5009 4767 5008
f 5205 5154 5102
f 5102 5154 5103
f 5099 5098 5194
f 5194 5098 5193
f 5198 5199 5079
f 5079 5199 5033
f 5102 5142 5205
f 5205 5142 5204
f 5224 4427 4681
f 4681 4427 4678
f 3712 3711 5232
f 5232 3711 5233
f 3968 3988 3963
f 3963 3988 3964
f 3976 4044 3972
f 3972 4044 3985
f 4038 4037 4036
f 4036 4037 4033
f 4794 4762 3731
f 3731 4762 3944
f 3731 3944 3722
f 3722 3944 3810
f 3874 5234 5232
f 5232 5234 3712
f 3906 3905 3867
f 3867 3905 4011
f 3904 4023 3905
f 3905 4023 4011
f 3719 3722 3811
f 3811 3722 3810
f 3812 3719 3687
f 3687 3719 3811
f 3716 3812 3686
f 3686 3812 3687
f 3713 3716 3685
f 3685 3716 3686
f 4810 4403 5235
f 5235 4403 4813
f 4345 1770 4814
f 4814 1770 1769
f 4067 4066 4058
f 4058 4066 5236
f 4043 4068 4049
f 4049 4068 4050
f 4034 5237 3989
f 3989 5237 3990
f 4031 4030 4072
f 4072 4030 4005
f 4003 4004 4002
f 4002 4004 4032
f 4004 4005 4032
f 4032 4005 4030
f 4067 4064 4068
f 4068 4064 4050
f 4058 4057 4067
f 4067 4057 4064
f 4035 4034 5238
f 5238 4034 3989
f 5236 5239 4058
f 4058 5239 5240
f 5234 3874 5241
f 5241 3874 3873
f 5241 3873 3881
f 3881 3873 3878
f 4800 4763 4788
f 4788 4763 4310
f 4763 4762 4310
f 4310 4762 4309
f 4762 4794 4309
f 4309 4794 4306
f 4794 4793 4306
f 4306 4793 4292
f 4293 4313 4302
f 4302 4313 4314
f 4302 4314 4303
f 4303 4314 4315
f 4303 4315 4703
f 4703 4315 4316
f 4035 4069 4043
f 4043 4069 4068
f 4324 1540 4357
f 4357 1540 1477
f 5232 3987 3874
f 3874 3987 3871
f 3987 5232 4013
f 4013 5232 5233
f 4013 5233 4014
f 4014 5233 5242
f 3888 4015 3865
f 3865 4015 4007
f 3866 4008 5243
f 5243 4008 4016
f 3873 5244 3878
f 3878 5244 3875
f 3965 5244 3872
f 3872 5244 3873
f 3876 3875 3965
f 3965 3875 5244
f 5243 4016 5242
f 5242 4016 4014
f 5246 5247 5245
f 5245 5247 5248
f 3576 3950 3577
f 3577 3950 3926
f 3584 3842 3585
f 3585 3842 3580
f 5249 5247 1784
f 1784 5247 1785
f 5250 5251 5253
f 5253 5251 5252
f 5255 5252 5254
f 5254 5252 5256
f 5254 5256 5258
f 5258 5256 5257
f 5258 5257 5260
f 5260 5257 5259
f 4356 5261 4424
f 4424 5261 5259
f 4355 5262 4356
f 4356 5262 5261
f 4924 5264 5263
f 5263 5264 5265
f 4693 5266 4691
f 4691 5266 5267
f 4351 5268 4352
f 4352 5268 5269
f 1808 1807 4351
f 4351 1807 5268
f 3580 3842 3581
f 3799 3802 3838
f 4800 4788 4801
f 4801 4788 4789
f 3729 3935 4801
f 4801 3935 4800
f 3728 3666 3729
f 3729 3666 3935
f 3728 3798 3666
f 3666 3798 3663
f 3798 3818 3663
f 3663 3818 3809
f 3818 3817 3809
f 3809 3817 3808
f 3796 3655 3817
f 3817 3655 3808
f 3615 3568 3796
f 3796 3568 3655
f 3573 3569 3615
f 3615 3569 3568
f 3572 3613 3573
f 3573 3613 3569
f 3792 3606 3572
f 3572 3606 3613
f 3607 3791 3949
f 3949 3791 3591
f 3590 3950 3591
f 3591 3950 3949
f 3805 3926 3590
f 3590 3926 3950
f 3804 3559 3805
f 3805 3559 3926
f 3804 3914 3559
f 3559 3914 3560
f 3924 3789 3913
f 3913 3789 3788
f 3924 3928 3789
f 3789 3928 3826
f 3928 3927 3826
f 3826 3927 3827
f 3927 3834 3827
f 3827 3834 3835
f 4079 4078 5270
f 5270 4078 5007
f 5271 5272 4233
f 4233 5272 5273
f 5275 5276 5274
f 5274 5276 5277
f 5278 5279 4236
f 4236 5279 4237
f 5278 5280 5271
f 5271 5280 5272
f 4235 5281 4236
f 4236 5281 5282
f 5284 5285 5283
f 5283 5285 5286
f 5288 5289 5287
f 5287 5289 5290
f 5292 5293 5291
f 5291 5293 5294
f 5287 5290 4726
f 4726 5290 5295
f 4293 4292 4313
f 4313 4292 4793
f 4720 4736 4719
f 4719 4736 5296
f 5297 4909 5298
f 5298 4909 4908
f 5299 5300 4976
f 4976 5300 5301
f 5302 4202 5303
f 5303 4202 4201
f 5304 5305 4983
f 4983 5305 5306
f 5308 5309 5307
f 5307 5309 5310
f 4722 4725 5283
f 5283 4725 5311
f 5291 5294 4125
f 4125 5294 4126
f 5313 5314 5312
f 5312 5314 5315
f 5316 5317 5319
f 5319 5317 5318
f 5321 5308 5320
f 5320 5308 5307
f 4819 4981 4873
f 4873 4981 5322
f 4981 4123 5322
f 5322 4123 4126
f 5324 5325 5323
f 5323 5325 5326
f 4764 5327 4975
f 4975 5327 5328
f 4172 5327 4169
f 4169 5327 5329
f 4768 4171 4769
f 4769 4171 4170
f 4243 4755 4244
f 4244 4755 5330
f 4755 4205 5330
f 5330 4205 4208
f 4206 4906 4207
f 4207 4906 4905
f 4686 5014 5009
f 5009 5014 5229
f 4756 4770 4170
f 4170 4770 4769
f 4170 4169 4756
f 4756 4169 4757
f 4273 5329 4764
f 4764 5329 5327
f 4276 5331 4273
f 4273 5331 5329
f 4770 4756 4243
f 4243 4756 4755
f 5333 4889 5332
f 5332 4889 5010
f 4877 5332 4878
f 4878 5332 4259
f 4875 4164 4876
f 4876 4164 4163
f 5334 5335 5324
f 5324 5335 5325
f 4983 5306 4123
f 4123 5306 4124
f 4818 4982 4819
f 4819 4982 4981
f 5332 5010 4259
f 4259 5010 4260
f 5014 4686 4875
f 4875 4686 4164
f 4171 4768 5229
f 5229 4768 5009
f 5337 4916 5336
f 5336 4916 4919
f 5293 5337 5294
f 5294 5337 5336
f 4982 4818 5333
f 5333 4818 4889
f 5338 5339 4262
f 4262 5339 5340
f 5307 5310 5338
f 5338 5310 5339
f 5341 5342 4204
f 4204 5342 5309
f 5336 4919 5322
f 5322 4919 4873
f 5294 5336 4126
f 4126 5336 5322
f 5323 5326 5343
f 5343 5326 5286
f 4914 5344 4915
f 4915 5344 5345
f 5312 5315 5344
f 5344 5315 5345
f 5347 5348 5346
f 5346 5348 5349
f 5350 5351 4832
f 4832 5351 4833
f 5352 5353 5349
f 5349 5353 5346
f 5354 5338 4265
f 4265 5338 4262
f 5320 5307 5354
f 5354 5307 5338
f 4201 5308 5303
f 5303 5308 5321
f 5356 5357 5355
f 5355 5357 4799
f 5358 5359 5334
f 5334 5359 5335
f 5358 5360 4093
f 4093 5360 4163
f 5360 5305 4163
f 4163 5305 4876
f 5305 5304 4876
f 4876 5304 4877
f 5270 4778 4079
f 4079 4778 4081
f 4779 5361 4774
f 4774 5361 5357
f 5356 5359 4775
f 4775 5359 4092
f 5333 5304 4982
f 4982 5304 4983
f 5332 4877 5333
f 5333 4877 5304
f 5015 4258 5230
f 5230 4258 5328
f 5327 4172 5328
f 5328 4172 5230
f 4169 5329 4757
f 4757 5329 5331
f 4757 5331 4205
f 4205 5331 4206
f 5331 4276 4206
f 4206 4276 4906
f 4276 4275 4906
f 4906 4275 4907
f 4275 4888 4907
f 4907 4888 4744
f 4887 4717 4745
f 4745 4717 4864
f 4716 5139 4861
f 4861 5139 5190
f 5139 5138 5190
f 5190 5138 5187
f 5138 5216 5187
f 5187 5216 5176
f 5215 5362 5173
f 5173 5362 5130
f 5364 5365 5363
f 5363 5365 5340
f 4742 4863 5366
f 5366 4863 4867
f 4862 5189 4868
f 4868 5189 5184
f 5189 5188 5184
f 5184 5188 5185
f 5188 5175 5185
f 5185 5175 5168
f 3560 3788 3561
f 3561 3788 3790
f 3596 3595 3608
f 3608 3595 3594
f 3598 3582 3595
f 3595 3582 3592
f 3600 3609 3601
f 3601 3609 3611
f 3602 3601 3612
f 3612 3601 3611
f 3606 3605 3613
f 3613 3605 3614
f 3793 5367 3794
f 3794 5367 5368
f 3598 3597 3600
f 3600 3597 3609
f 3793 3792 3575
f 3575 3792 3572
f 3561 3594 3558
f 3558 3594 3593
f 3807 3915 3804
f 3804 3915 3914
f 3916 3915 5370
f 5370 3915 5369
f 3602 3605 3603
f 3603 3605 3604
f 3606 3792 3607
f 3607 3792 3791
f 3914 3913 3560
f 3560 3913 3788
f 5174 5129 5166
f 5166 5129 5371
f 5170 5169 5093
f 5093 5169 5113
f 5166 5371 5090
f 5090 5371 5091
f 5128 5169 5372
f 5372 5169 5172
f 5127 5113 5128
f 5128 5113 5169
f 5114 5206 5203
f 5203 5206 5362
f 5200 5373 5073
f 5073 5373 5096
f 5374 5375 5200
f 5200 5375 5373
f 5039 5047 5374
f 5374 5047 5375
f 5087 5046 5085
f 5085 5046 5376
f 5212 5377 5067
f 5067 5377 5376
f 5042 5045 5212
f 5212 5045 5377
f 5064 5378 5043
f 5043 5378 5044
f 5063 5077 5064
f 5064 5077 5378
f 5079 5082 5198
f 5198 5082 5078
f 5099 5081 5100
f 5100 5081 5379
f 5100 5379 5094
f 5094 5379 5095
f 5381 5382 5380
f 5380 5382 5383
f 5385 5386 5384
f 5384 5386 5383
f 5385 5387 5386
f 5386 5387 5388
f 5390 5391 5389
f 5389 5391 5392
f 5393 5394 5396
f 5396 5394 5395
f 5398 5399 5397
f 5397 5399 5400
f 5402 5403 5401
f 5401 5403 5404
f 5406 5407 5405
f 5405 5407 5404
f 5408 5409 5163
f 5163 5409 5410
f 5411 5412 5414
f 5414 5412 5413
f 5057 5416 5415
f 5415 5416 5417
f 5393 5416 5418
f 5418 5416 5419
f 5396 5395 5420
f 5420 5395 5421
f 5423 5424 5422
f 5422 5424 5425
f 5415 5417 5220
f 5220 5417 5426
f 5418 5391 5393
f 5393 5391 5394
f 5414 5388 5411
f 5411 5388 5392
f 5059 5427 5060
f 5060 5427 5428
f 5423 5427 5429
f 5429 5427 5430
f 5432 5382 5431
f 5431 5382 5425
f 5429 5407 5423
f 5423 5407 5424
f 5380 5409 5381
f 5381 5409 5433
f 5381 5433 5422
f 5422 5433 5428
f 5027 5412 5056
f 5056 5412 5419
f 5435 5436 5434
f 5434 5436 5437
f 5159 5439 5438
f 5438 5439 5440
f 5053 5436 5159
f 5159 5436 5439
f 5441 5403 5398
f 5398 5403 5399
f 5163 5410 5026
f 5026 5410 5413
f 5438 5440 5442
f 5442 5440 5430
f 5444 5445 5443
f 5443 5445 5446
f 5447 5448 5450
f 5450 5448 5449
f 5451 5446 5452
f 5452 5446 5445
f 5454 5455 5453
f 5453 5455 5451
f 5456 5454 5458
f 5458 5454 5457
f 5460 5461 5459
f 5459 5461 5462
f 5464 5465 5463
f 5463 5465 5466
f 5468 5469 5467
f 5467 5469 5470
f 5472 5473 5471
f 5471 5473 5474
f 5475 5476 5478
f 5478 5476 5477
f 5479 5480 5482
f 5482 5480 5481
f 5483 5484 5448
f 5448 5484 5485
f 5448 5485 5449
f 5449 5485 5486
f 5487 5476 5488
f 5488 5476 5475
f 5490 5491 5489
f 5489 5491 5492
f 5494 5495 5493
f 5493 5495 5496
f 5498 5494 5497
f 5497 5494 5493
f 5500 5501 5499
f 5499 5501 5502
f 5503 5504 5446
f 5446 5504 5443
f 5506 5507 5505
f 5505 5507 5508
f 5510 5511 5509
f 5509 5511 5512
f 5514 5515 5513
f 5513 5515 5516
f 5518 5519 5517
f 5517 5519 5520
f 5495 5521 5496
f 5496 5521 5522
f 5524 5525 5523
f 5523 5525 5526
f 5527 5528 5494
f 5494 5528 5495
f 5499 5502 5529
f 5529 5502 5530
f 5531 5532 5485
f 5485 5532 5486
f 5485 5484 5531
f 5531 5484 5533
f 5482 5481 5534
f 5534 5481 5535
f 5536 5512 5506
f 5506 5512 5511
f 5455 5503 5451
f 5451 5503 5446
f 5467 5470 5511
f 5511 5470 5537
f 5538 5467 5510
f 5510 5467 5511
f 5540 5541 5539
f 5539 5541 5542
f 5543 5544 5546
f 5546 5544 5545
f 5548 5472 5547
f 5547 5472 5471
f 5493 5496 5549
f 5549 5496 5550
f 5496 5522 5550
f 5550 5522 5551
f 5553 5554 5552
f 5552 5554 5555
f 5557 5447 5556
f 5556 5447 5558
f 5557 5483 5447
f 5447 5483 5448
f 5478 5477 5553
f 5553 5477 5559
f 5477 5560 5559
f 5559 5560 5561
f 5476 5562 5477
f 5477 5562 5560
f 5476 5487 5562
f 5562 5487 5563
f 5560 5564 5561
f 5561 5564 5565
f 5564 5560 5566
f 5566 5560 5562
f 5563 5567 5562
f 5562 5567 5566
f 5569 5521 5568
f 5568 5521 5570
f 5481 5572 5571
f 5571 5572 5573
f 5574 5535 5571
f 5571 5535 5481
f 5576 5577 5575
f 5575 5577 5578
f 5579 5580 5456
f 5456 5580 5581
f 5475 5582 5488
f 5488 5582 5583
f 5584 5536 5505
f 5505 5536 5506
f 5585 5586 5588
f 5588 5586 5587
f 5590 5591 5589
f 5589 5591 5592
f 5519 5593 5520
f 5520 5593 5594
f 5595 5596 5462
f 5462 5596 5597
f 5599 5600 5598
f 5598 5600 5514
f 5602 5603 5601
f 5601 5603 5604
f 5524 5543 5525
f 5525 5543 5546
f 5543 5524 5606
f 5606 5524 5605
f 5607 5608 5500
f 5500 5608 5501
f 5610 5551 5609
f 5609 5551 5522
f 5611 5510 5598
f 5598 5510 5509
f 5612 5597 5457
f 5457 5597 5458
f 5510 5611 5538
f 5538 5611 5613
f 5580 5508 5581
f 5581 5508 5507
f 5615 5616 5614
f 5614 5616 5617
f 5619 5620 5618
f 5618 5620 5621
f 5623 5624 5622
f 5622 5624 5625
f 5627 5624 5626
f 5626 5624 5623
f 5629 5630 5628
f 5628 5630 5631
f 5633 5634 5632
f 5632 5634 5466
f 5635 5636 5463
f 5463 5636 5637
f 5523 5638 5524
f 5524 5638 5605
f 5639 5640 5641
f 5641 5640 5595
f 5611 5513 5613
f 5613 5513 5642
f 5643 5586 5608
f 5608 5586 5501
f 5622 5625 5590
f 5590 5625 5591
f 5598 5514 5611
f 5611 5514 5513
f 5645 5646 5644
f 5644 5646 5647
f 5620 5619 5491
f 5491 5619 5648
f 5649 5643 5492
f 5492 5643 5608
f 5650 5651 5653
f 5653 5651 5652
f 5463 5466 5635
f 5635 5466 5634
f 5597 5612 5462
f 5462 5612 5459
f 5635 5634 5523
f 5523 5634 5638
f 5654 5638 5633
f 5633 5638 5634
f 5655 5656 5525
f 5525 5656 5526
f 5658 5659 5657
f 5657 5659 5527
f 5660 5464 5637
f 5637 5464 5463
f 5632 5466 5661
f 5661 5466 5465
f 5661 5662 5632
f 5632 5662 5658
f 5662 5663 5658
f 5658 5663 5659
f 5665 5659 5664
f 5664 5659 5663
f 5632 5658 5633
f 5633 5658 5657
f 5666 5629 5530
f 5530 5629 5667
f 5528 5527 5665
f 5665 5527 5659
f 5668 5669 5570
f 5570 5669 5568
f 5669 5668 5670
f 5670 5668 5671
f 5646 5672 5673
f 5672 5674 5673
f 5673 5674 5675
f 5674 5460 5675
f 5675 5460 5459
f 5461 5676 5462
f 5462 5676 5595
f 5677 5678 5680
f 5680 5678 5679
f 5628 5681 5629
f 5629 5681 5667
f 5682 5529 5667
f 5667 5529 5530
f 5675 5459 5683
f 5683 5459 5612
f 5585 5666 5502
f 5502 5666 5530
f 5589 5684 5602
f 5602 5684 5603
f 5646 5645 5663
f 5663 5645 5664
f 5685 5647 5673
f 5673 5647 5646
f 5686 5687 5683
f 5683 5687 5685
f 5688 5689 5533
f 5533 5689 5531
f 5690 5691 5535
f 5535 5691 5534
f 5692 5690 5574
f 5574 5690 5535
f 5685 5687 5689
f 5689 5687 5693
f 5489 5694 5490
f 5490 5694 5695
f 5690 5692 5696
f 5696 5692 5697
f 5696 5644 5690
f 5690 5644 5691
f 5447 5450 5558
f 5558 5450 5698
f 5699 5700 5642
f 5642 5700 5613
f 5701 5702 5540
f 5540 5702 5541
f 5431 5703 5432
f 5432 5703 5697
f 5385 5384 5574
f 5574 5384 5692
f 5389 5387 5573
f 5573 5387 5571
f 5565 5390 5573
f 5573 5390 5389
f 5390 5565 5704
f 5704 5565 5564
f 5566 5705 5564
f 5564 5705 5704
f 5569 5441 5609
f 5609 5441 5398
f 5568 5405 5569
f 5569 5405 5441
f 5670 5706 5669
f 5669 5706 5406
f 5703 5431 5670
f 5670 5431 5706
f 5432 5697 5384
f 5384 5697 5692
f 5574 5571 5385
f 5385 5571 5387
f 5607 5707 5489
f 5489 5707 5694
f 5518 5708 5519
f 5519 5708 5709
f 5711 5576 5710
f 5710 5576 5575
f 5713 5714 5712
f 5712 5714 5715
f 5553 5552 5478
f 5478 5552 5716
f 5717 5475 5716
f 5716 5475 5478
f 5718 5719 5605
f 5605 5719 5606
f 5505 5622 5584
f 5584 5622 5590
f 5508 5623 5505
f 5505 5623 5622
f 5626 5623 5580
f 5580 5623 5508
f 5580 5579 5626
f 5626 5579 5720
f 5579 5721 5720
f 5720 5721 5722
f 5666 5585 5723
f 5723 5585 5588
f 5724 5725 5639
f 5639 5725 5640
f 5554 5726 5555
f 5555 5726 5727
f 5453 5728 5729
f 5689 5688 5685
f 5685 5688 5647
f 5604 5730 5512
f 5512 5730 5509
f 5628 5631 5618
f 5618 5631 5592
f 5601 5604 5536
f 5536 5604 5512
f 5732 5676 5731
f 5731 5676 5660
f 5730 5604 5733
f 5733 5604 5603
f 5563 5487 5551
f 5551 5487 5550
f 5489 5492 5607
f 5607 5492 5608
f 5573 5572 5565
f 5565 5572 5561
f 5609 5522 5569
f 5569 5522 5521
f 5499 5734 5500
f 5500 5734 5735
f 5596 5736 5721
f 5721 5736 5722
f 5737 5600 5594
f 5594 5600 5520
f 5599 5730 5517
f 5517 5730 5733
f 5660 5738 5731
f 5731 5738 5739
f 5648 5649 5491
f 5491 5649 5492
f 5501 5586 5502
f 5502 5586 5585
f 5525 5546 5655
f 5655 5546 5740
f 5600 5599 5520
f 5520 5599 5517
f 5708 5739 5709
f 5709 5739 5738
f 5636 5635 5526
f 5526 5635 5523
f 5670 5671 5703
f 5703 5671 5741
f 5490 5695 5742
f 5742 5695 5743
f 5682 5678 5744
f 5744 5678 5677
f 5678 5681 5679
f 5679 5681 5621
f 5742 5743 5679
f 5679 5743 5680
f 5618 5621 5628
f 5628 5621 5681
f 5725 5724 5589
f 5589 5724 5684
f 5456 5458 5579
f 5579 5458 5721
f 5675 5683 5673
f 5673 5683 5685
f 5529 5682 5745
f 5745 5682 5744
f 5721 5458 5596
f 5596 5458 5597
f 5701 5540 5719
f 5719 5540 5606
f 5703 5741 5697
f 5697 5741 5696
f 5500 5735 5607
f 5607 5735 5707
f 5549 5746 5493
f 5493 5746 5497
f 5700 5747 5613
f 5613 5747 5538
f 5420 5421 5434
f 5434 5421 5400
f 5689 5693 5531
f 5531 5693 5532
f 5705 5566 5748
f 5748 5566 5567
f 5609 5398 5610
f 5610 5398 5397
f 5669 5406 5568
f 5568 5406 5405
f 5488 5583 5549
f 5549 5583 5746
f 5714 5713 5710
f 5710 5713 5711
f 5747 5468 5538
f 5538 5468 5467
f 5548 5547 5749
f 5749 5547 5750
f 5733 5603 5751
f 5751 5603 5684
f 5589 5602 5590
f 5590 5602 5584
f 5636 5752 5614
f 5614 5752 5615
f 5753 5754 5738
f 5738 5754 5755
f 5602 5601 5584
f 5584 5601 5536
f 5723 5736 5630
f 5630 5736 5640
f 5595 5640 5596
f 5596 5640 5736
f 5734 5499 5745
f 5745 5499 5529
f 5627 5587 5643
f 5643 5587 5586
f 5553 5559 5554
f 5554 5559 5480
f 5559 5561 5480
f 5480 5561 5572
f 5554 5480 5726
f 5726 5480 5479
f 5749 5750 5715
f 5715 5750 5712
f 5683 5612 5686
f 5686 5612 5457
f 5678 5682 5681
f 5681 5682 5667
f 5598 5509 5599
f 5599 5509 5730
f 5679 5621 5742
f 5742 5621 5620
f 5652 5616 5653
f 5653 5616 5615
f 5220 5426 5052
f 5052 5426 5437
f 5487 5488 5550
f 5550 5488 5549
f 5742 5620 5490
f 5490 5620 5491
f 5551 5610 5563
f 5563 5610 5567
f 5610 5397 5567
f 5567 5397 5748
f 5614 5617 5753
f 5753 5617 5754
f 5480 5572 5481
f 5755 5756 5738
f 5738 5756 5709
f 5745 5744 5758
f 5758 5744 5757
f 5745 5758 5734
f 5734 5758 5759
f 5735 5734 5760
f 5760 5734 5759
f 5707 5735 5761
f 5761 5735 5760
f 5744 5677 5757
f 5757 5677 5762
f 5677 5680 5762
f 5762 5680 5763
f 5763 5680 5764
f 5764 5680 5743
f 5765 5766 5762
f 5762 5766 5757
f 5768 5769 5767
f 5767 5769 5770
f 5771 5772 5770
f 5770 5772 5767
f 5770 5769 5774
f 5774 5769 5773
f 5775 5776 5774
f 5774 5776 5777
f 5773 5778 5774
f 5774 5778 5775
f 5779 5766 5773
f 5773 5766 5778
f 5777 5771 5774
f 5774 5771 5770
f 5780 5781 5783
f 5783 5781 5782
f 5781 5780 5771
f 5771 5780 5772
f 5773 5769 5779
f 5779 5769 5768
f 5768 5759 5779
f 5779 5759 5758
f 5768 5784 5759
f 5759 5784 5760
f 5767 5785 5768
f 5768 5785 5784
f 5785 5767 5786
f 5786 5767 5772
f 5766 5779 5757
f 5757 5779 5758
f 5780 5787 5772
f 5772 5787 5786
f 5785 5786 5788
f 5788 5786 5789
f 5786 5787 5789
f 5789 5787 5790
f 5788 5789 5791
f 5791 5789 5792
f 5791 5793 5788
f 5788 5793 5794
f 5795 5792 5790
f 5790 5792 5789
f 5785 5788 5784
f 5784 5788 5794
f 5784 5794 5760
f 5760 5794 5761
f 5787 5780 5796
f 5796 5780 5783
f 5775 5778 5797
f 5797 5778 5766
f 5797 5798 5775
f 5775 5798 5776
f 5766 5765 5797
f 5797 5765 5799
f 5798 5797 5800
f 5800 5797 5799
f 5798 5801 5776
f 5776 5801 5802
f 5707 5761 5694
f 5694 5761 5803
f 5695 5804 5743
f 5743 5804 5764
f 5804 5695 5803
f 5803 5695 5694
f 5803 5793 5804
f 5804 5793 5805
f 5793 5791 5805
f 5805 5791 5806
f 5804 5805 5764
f 5764 5805 5807
f 5803 5761 5793
f 5793 5761 5794
f 5808 5763 5807
f 5807 5763 5764
f 5808 5765 5763
f 5763 5765 5762
f 5809 5799 5808
f 5808 5799 5765
f 5809 5808 5810
f 5810 5808 5807
f 5811 5809 5812
f 5812 5809 5810
f 5805 5806 5807
f 5807 5806 5810
f 5806 5813 5810
f 5810 5813 5812
f 5799 5809 5800
f 5800 5809 5811
f 5815 5800 5814
f 5814 5800 5811
f 5814 5817 5816
f 5816 5817 5818
f 5814 5811 5817
f 5817 5811 5812
f 5814 5816 5815
f 5815 5816 5796
f 5815 5796 5801
f 5801 5796 5783
f 5801 5798 5815
f 5815 5798 5800
f 5791 5792 5806
f 5806 5792 5813
f 5818 5813 5795
f 5795 5813 5792
f 5818 5817 5813
f 5813 5817 5812
f 5816 5818 5790
f 5790 5818 5795
f 5790 5787 5816
f 5816 5787 5796
f 5771 5777 5781
f 5781 5777 5782
f 5782 5802 5783
f 5783 5802 5801
f 5782 5777 5802
f 5802 5777 5776
f 5588 5587 5722
f 5722 5587 5720
f 5591 5619 5592
f 5592 5619 5618
f 5625 5624 5648
f 5648 5624 5649
f 5624 5627 5649
f 5649 5627 5643
f 5631 5630 5725
f 5725 5630 5640
f 5625 5648 5591
f 5591 5648 5619
f 5588 5722 5723
f 5723 5722 5736
f 5631 5725 5592
f 5592 5725 5589
f 5723 5630 5666
f 5666 5630 5629
f 5587 5627 5720
f 5720 5627 5626
f 5820 5821 5819
f 5819 5821 5822
f 5824 5825 5823
f 5823 5825 5826
f 5823 5826 5827
f 5827 5826 5828
f 5829 5830 5832
f 5832 5830 5831
f 5518 5833 5708
f 5708 5833 5834
f 5835 5836 5824
f 5824 5836 5825
f 5838 5839 5837
f 5837 5839 5840
f 5751 5684 5842
f 5842 5684 5841
f 5843 5841 5724
f 5724 5841 5684
f 5845 5846 5844
f 5844 5846 5847
f 5848 5830 5836
f 5836 5830 5825
f 5518 5751 5833
f 5833 5751 5842
f 5839 5838 5821
f 5821 5838 5849
f 5850 5848 5822
f 5822 5848 5836
f 5851 5845 5828
f 5828 5845 5852
f 5854 5855 5853
f 5853 5855 5856
f 5845 5844 5852
f 5852 5844 5857
f 5858 5827 5852
f 5852 5827 5828
f 5851 5828 5829
f 5829 5828 5826
f 5819 5859 5820
f 5820 5859 5860
f 5835 5861 5819
f 5819 5861 5859
f 5851 5829 5862
f 5862 5829 5832
f 5844 5847 5837
f 5837 5847 5834
f 5819 5822 5835
f 5835 5822 5836
f 5823 5863 5824
f 5824 5863 5864
f 5849 5850 5821
f 5821 5850 5822
f 5825 5830 5826
f 5826 5830 5829
f 5820 5860 5865
f 5865 5860 5866
f 5858 5854 5867
f 5867 5854 5853
f 5854 5857 5855
f 5855 5857 5840
f 5855 5865 5856
f 5856 5865 5866
f 5837 5840 5844
f 5844 5840 5857
f 5827 5858 5868
f 5868 5858 5867
f 5824 5864 5835
f 5835 5864 5861
f 5732 5731 5862
f 5862 5731 5846
f 5863 5823 5868
f 5868 5823 5827
f 5843 5831 5848
f 5848 5831 5830
f 5854 5858 5857
f 5857 5858 5852
f 5855 5840 5865
f 5865 5840 5839
f 5865 5839 5820
f 5820 5839 5821
f 5868 5867 5870
f 5870 5867 5869
f 5868 5870 5863
f 5863 5870 5871
f 5863 5871 5864
f 5864 5871 5872
f 5864 5872 5861
f 5861 5872 5873
f 5867 5853 5869
f 5869 5853 5874
f 5853 5856 5874
f 5874 5856 5875
f 5856 5866 5875
f 5875 5866 5876
f 5877 5878 5874
f 5874 5878 5869
f 5880 5881 5879
f 5879 5881 5882
f 5883 5884 5880
f 5880 5884 5881
f 5881 5884 5886
f 5886 5884 5885
f 5887 5888 5886
f 5886 5888 5889
f 5885 5890 5886
f 5886 5890 5887
f 5889 5882 5886
f 5886 5882 5881
f 5882 5891 5879
f 5879 5891 5892
f 5885 5884 5893
f 5893 5884 5883
f 5883 5871 5893
f 5893 5871 5870
f 5883 5894 5871
f 5871 5894 5872
f 5880 5895 5883
f 5883 5895 5894
f 5896 5895 5879
f 5879 5895 5880
f 5893 5878 5885
f 5885 5878 5890
f 5878 5893 5869
f 5869 5893 5870
f 5897 5896 5892
f 5892 5896 5879
f 5895 5896 5898
f 5898 5896 5899
f 5896 5897 5899
f 5899 5897 5900
f 5898 5899 5901
f 5901 5899 5902
f 5901 5903 5898
f 5898 5903 5904
f 5900 5905 5899
f 5899 5905 5902
f 5898 5904 5895
f 5895 5904 5894
f 5894 5904 5872
f 5872 5904 5873
f 5897 5892 5907
f 5907 5892 5906
f 5892 5891 5906
f 5906 5891 5908
f 5887 5890 5909
f 5909 5890 5878
f 5888 5887 5910
f 5910 5887 5909
f 5878 5877 5909
f 5909 5877 5911
f 5909 5911 5910
f 5910 5911 5912
f 5913 5914 5910
f 5910 5914 5888
f 5908 5914 5906
f 5906 5914 5913
f 5861 5873 5859
f 5859 5873 5915
f 5860 5916 5866
f 5866 5916 5876
f 5916 5860 5915
f 5915 5860 5859
f 5915 5903 5916
f 5916 5903 5917
f 5903 5901 5917
f 5917 5901 5918
f 5916 5917 5876
f 5876 5917 5919
f 5903 5915 5904
f 5904 5915 5873
f 5920 5875 5919
f 5919 5875 5876
f 5920 5877 5875
f 5875 5877 5874
f 5920 5921 5877
f 5877 5921 5911
f 5921 5920 5922
f 5922 5920 5919
f 5923 5921 5924
f 5924 5921 5922
f 5917 5918 5919
f 5919 5918 5922
f 5918 5925 5922
f 5922 5925 5924
f 5921 5923 5911
f 5911 5923 5912
f 5927 5912 5926
f 5926 5912 5923
f 5926 5929 5928
f 5928 5929 5930
f 5926 5923 5929
f 5929 5923 5924
f 5926 5928 5927
f 5927 5928 5907
f 5927 5907 5913
f 5913 5907 5906
f 5913 5910 5927
f 5927 5910 5912
f 5901 5902 5918
f 5918 5902 5925
f 5930 5925 5905
f 5905 5925 5902
f 5930 5929 5925
f 5925 5929 5924
f 5928 5930 5900
f 5900 5930 5905
f 5900 5897 5928
f 5928 5897 5907
f 5882 5889 5891
f 5891 5889 5908
f 5908 5889 5914
f 5914 5889 5888
f 5832 5831 5641
f 5641 5831 5639
f 5833 5838 5834
f 5834 5838 5837
f 5842 5841 5849
f 5849 5841 5850
f 5841 5843 5850
f 5850 5843 5848
f 5847 5846 5739
f 5739 5846 5731
f 5842 5849 5833
f 5833 5849 5838
f 5862 5832 5732
f 5732 5832 5641
f 5847 5739 5834
f 5834 5739 5708
f 5862 5846 5851
f 5851 5846 5845
f 5831 5843 5639
f 5639 5843 5724
f 5676 5732 5595
f 5595 5732 5641
f 5676 5461 5660
f 5660 5461 5464
f 5461 5460 5464
f 5464 5460 5465
f 5460 5674 5465
f 5465 5674 5661
f 5931 5932 5934
f 5934 5932 5933
f 5936 5937 5935
f 5935 5937 5938
f 5935 5938 5939
f 5939 5938 5940
f 5942 5943 5941
f 5941 5943 5944
f 5945 5946 5936
f 5936 5946 5937
f 5948 5949 5947
f 5947 5949 5950
f 5951 5952 5519
f 5519 5952 5593
f 5953 5951 5709
f 5709 5951 5519
f 5955 5956 5954
f 5954 5956 5957
f 5958 5942 5946
f 5946 5942 5937
f 5948 5959 5949
f 5949 5959 5933
f 5960 5958 5934
f 5934 5958 5946
f 5961 5955 5940
f 5940 5955 5962
f 5963 5964 5966
f 5966 5964 5965
f 5955 5954 5962
f 5962 5954 5967
f 5968 5939 5962
f 5962 5939 5940
f 5961 5940 5941
f 5941 5940 5938
f 5931 5969 5932
f 5932 5969 5970
f 5945 5971 5931
f 5931 5971 5969
f 5941 5944 5961
f 5961 5944 5972
f 5954 5957 5947
f 5947 5957 5973
f 5945 5931 5946
f 5946 5931 5934
f 5935 5974 5936
f 5936 5974 5975
f 5959 5960 5933
f 5933 5960 5934
f 5937 5942 5938
f 5938 5942 5941
f 5932 5970 5976
f 5976 5970 5977
f 5968 5964 5978
f 5978 5964 5963
f 5965 5964 5950
f 5950 5964 5967
f 5976 5977 5965
f 5965 5977 5966
f 5947 5950 5954
f 5954 5950 5967
f 5939 5968 5979
f 5979 5968 5978
f 5936 5975 5945
f 5945 5975 5971
f 5972 5754 5956
f 5956 5754 5617
f 5974 5935 5979
f 5979 5935 5939
f 5953 5943 5958
f 5958 5943 5942
f 5964 5968 5967
f 5967 5968 5962
f 5965 5950 5976
f 5976 5950 5949
f 5976 5949 5932
f 5932 5949 5933
f 5979 5978 5981
f 5981 5978 5980
f 5979 5981 5974
f 5974 5981 5982
f 5974 5982 5975
f 5975 5982 5983
f 5975 5983 5971
f 5971 5983 5984
f 5978 5963 5980
f 5980 5963 5985
f 5963 5966 5985
f 5985 5966 5986
f 5986 5966 5987
f 5987 5966 5977
f 5988 5989 5985
f 5985 5989 5980
f 5991 5992 5990
f 5990 5992 5993
f 5994 5995 5991
f 5991 5995 5992
f 5992 5995 5997
f 5997 5995 5996
f 5998 5999 5997
f 5997 5999 6000
f 5996 6001 5997
f 5997 6001 5998
f 6000 5993 5997
f 5997 5993 5992
f 6002 6003 5993
f 5993 6003 5990
f 5995 5994 5996
f 5996 5994 6004
f 5994 5982 6004
f 6004 5982 5981
f 5994 6005 5982
f 5982 6005 5983
f 5991 6006 5994
f 5994 6006 6005
f 6006 5991 6007
f 6007 5991 5990
f 5996 6004 6001
f 6001 6004 5989
f 5989 6004 5980
f 5980 6004 5981
f 6003 6008 5990
f 5990 6008 6007
f 6009 6006 6010
f 6010 6006 6007
f 6008 6011 6007
f 6007 6011 6010
f 6012 6009 6013
f 6013 6009 6010
f 6009 6012 6015
f 6015 6012 6014
f 6011 6016 6010
f 6010 6016 6013
f 6006 6009 6005
f 6005 6009 6015
f 6005 6015 5983
f 5983 6015 5984
f 6008 6003 6018
f 6018 6003 6017
f 6003 6002 6017
f 6017 6002 6019
f 5998 6001 6020
f 6020 6001 5989
f 5999 5998 6021
f 6021 5998 6020
f 5989 5988 6020
f 6020 5988 6022
f 6021 6020 6023
f 6023 6020 6022
f 6021 6024 5999
f 5999 6024 6025
f 6019 6025 6017
f 6017 6025 6024
f 5971 5984 5969
f 5969 5984 6026
f 5970 6027 5977
f 5977 6027 5987
f 6027 5970 6026
f 6026 5970 5969
f 6026 6014 6027
f 6027 6014 6028
f 6014 6012 6028
f 6028 6012 6029
f 6027 6028 5987
f 5987 6028 6030
f 6026 5984 6014
f 6014 5984 6015
f 6031 5986 6030
f 6030 5986 5987
f 6031 5988 5986
f 5986 5988 5985
f 6032 6022 6031
f 6031 6022 5988
f 6032 6031 6033
f 6033 6031 6030
f 6034 6032 6035
f 6035 6032 6033
f 6028 6029 6030
f 6030 6029 6033
f 6029 6036 6033
f 6033 6036 6035
f 6032 6034 6022
f 6022 6034 6023
f 6038 6023 6037
f 6037 6023 6034
f 6037 6040 6039
f 6039 6040 6041
f 6037 6034 6040
f 6040 6034 6035
f 6037 6039 6038
f 6038 6039 6018
f 6038 6018 6024
f 6024 6018 6017
f 6024 6021 6038
f 6038 6021 6023
f 6012 6013 6029
f 6029 6013 6036
f 6041 6036 6016
f 6016 6036 6013
f 6041 6040 6036
f 6036 6040 6035
f 6041 6016 6039
f 6039 6016 6011
f 6011 6008 6039
f 6039 6008 6018
f 5993 6000 6002
f 6002 6000 6019
f 6019 6000 6025
f 6025 6000 5999
f 5943 5756 5944
f 5944 5756 5755
f 6042 5948 5973
f 5973 5948 5947
f 5952 5951 5959
f 5959 5951 5960
f 5951 5953 5960
f 5960 5953 5958
f 5616 5957 5617
f 5617 5957 5956
f 6042 5952 5948
f 5948 5952 5959
f 5944 5755 5972
f 5972 5755 5754
f 5957 5616 5973
f 5973 5616 5652
f 5956 5955 5972
f 5972 5955 5961
f 5943 5953 5756
f 5756 5953 5709
f 6044 6045 6043
f 6043 6045 6046
f 6048 6049 6047
f 6047 6049 6050
f 6047 6050 6051
f 6051 6050 6052
f 6054 6055 6053
f 6053 6055 6056
f 6057 6058 6060
f 6060 6058 6059
f 6061 6062 6048
f 6048 6062 6049
f 6063 6064 6066
f 6066 6064 6065
f 6067 6068 6070
f 6070 6068 6069
f 6071 6069 5653
f 5653 6069 6068
f 6072 6073 6075
f 6075 6073 6074
f 6062 6076 6049
f 6049 6076 6054
f 6058 6067 6059
f 6059 6067 6070
f 6064 6077 6065
f 6065 6077 6045
f 6078 6076 6046
f 6046 6076 6062
f 6073 6080 6079
f 6079 6080 6052
f 6082 6083 6081
f 6081 6083 6084
f 6072 6085 6073
f 6073 6085 6080
f 6086 6051 6080
f 6080 6051 6052
f 6079 6052 6053
f 6053 6052 6050
f 6043 6087 6044
f 6044 6087 6088
f 6061 6089 6043
f 6043 6089 6087
f 6053 6056 6079
f 6079 6056 6090
f 6063 6072 6060
f 6060 6072 6075
f 6043 6046 6061
f 6061 6046 6062
f 6047 6091 6048
f 6048 6091 6092
f 6077 6078 6045
f 6045 6078 6046
f 6049 6054 6050
f 6050 6054 6053
f 6044 6088 6093
f 6093 6088 6094
f 6086 6082 6095
f 6095 6082 6081
f 6083 6082 6066
f 6066 6082 6085
f 6093 6094 6083
f 6083 6094 6084
f 6072 6063 6085
f 6085 6063 6066
f 6051 6086 6096
f 6096 6086 6095
f 6048 6092 6061
f 6061 6092 6089
f 5656 5655 6090
f 6090 5655 6074
f 6091 6047 6096
f 6096 6047 6051
f 6071 6055 6076
f 6076 6055 6054
f 6082 6086 6085
f 6085 6086 6080
f 6093 6083 6065
f 6065 6083 6066
f 6044 6093 6045
f 6045 6093 6065
f 6096 6095 6098
f 6098 6095 6097
f 6096 6098 6091
f 6091 6098 6099
f 6091 6099 6092
f 6092 6099 6100
f 6092 6100 6089
f 6089 6100 6101
f 6095 6081 6097
f 6097 6081 6102
f 6081 6084 6102
f 6102 6084 6103
f 6103 6084 6104
f 6104 6084 6094
f 6106 6097 6105
f 6105 6097 6102
f 6107 6108 6110
f 6110 6108 6109
f 6111 6112 6108
f 6108 6112 6109
f 6109 6112 6114
f 6114 6112 6113
f 6114 6115 6117
f 6117 6115 6116
f 6113 6118 6114
f 6114 6118 6115
f 6117 6110 6114
f 6114 6110 6109
f 6110 6119 6107
f 6107 6119 6120
f 6112 6111 6113
f 6113 6111 6121
f 6111 6099 6121
f 6121 6099 6098
f 6111 6122 6099
f 6099 6122 6100
f 6123 6122 6108
f 6108 6122 6111
f 6124 6123 6107
f 6107 6123 6108
f 6113 6121 6118
f 6118 6121 6106
f 6106 6121 6097
f 6097 6121 6098
f 6125 6124 6120
f 6120 6124 6107
f 6126 6123 6127
f 6127 6123 6124
f 6125 6128 6124
f 6124 6128 6127
f 6129 6126 6130
f 6130 6126 6127
f 6126 6129 6132
f 6132 6129 6131
f 6128 6133 6127
f 6127 6133 6130
f 6123 6126 6122
f 6122 6126 6132
f 6122 6132 6100
f 6100 6132 6101
f 6120 6134 6125
f 6125 6134 6135
f 6120 6119 6134
f 6134 6119 6136
f 6115 6118 6137
f 6137 6118 6106
f 6115 6137 6116
f 6116 6137 6138
f 6137 6106 6139
f 6139 6106 6105
f 6138 6137 6140
f 6140 6137 6139
f 6141 6142 6138
f 6138 6142 6116
f 6136 6142 6134
f 6134 6142 6141
f 6089 6101 6087
f 6087 6101 6143
f 6088 6144 6094
f 6094 6144 6104
f 6143 6144 6087
f 6087 6144 6088
f 6131 6145 6143
f 6143 6145 6144
f 6129 6146 6131
f 6131 6146 6145
f 6144 6145 6104
f 6104 6145 6147
f 6143 6101 6131
f 6131 6101 6132
f 6148 6103 6147
f 6147 6103 6104
f 6103 6148 6102
f 6102 6148 6105
f 6148 6149 6105
f 6105 6149 6139
f 6149 6148 6150
f 6150 6148 6147
f 6151 6149 6152
f 6152 6149 6150
f 6145 6146 6147
f 6147 6146 6150
f 6146 6153 6150
f 6150 6153 6152
f 6149 6151 6139
f 6139 6151 6140
f 6155 6140 6154
f 6154 6140 6151
f 6154 6157 6156
f 6156 6157 6158
f 6154 6151 6157
f 6157 6151 6152
f 6154 6156 6155
f 6155 6156 6135
f 6155 6135 6141
f 6141 6135 6134
f 6141 6138 6155
f 6155 6138 6140
f 6146 6129 6153
f 6153 6129 6130
f 6158 6153 6133
f 6133 6153 6130
f 6158 6157 6153
f 6153 6157 6152
f 6156 6158 6128
f 6128 6158 6133
f 6128 6125 6156
f 6156 6125 6135
f 6110 6117 6119
f 6119 6117 6136
f 6136 6117 6142
f 6142 6117 6116
f 6055 5615 6056
f 6056 5615 5752
f 6060 6059 6063
f 6063 6059 6064
f 6077 6070 6078
f 6078 6070 6069
f 6069 6071 6078
f 6078 6071 6076
f 6159 6057 6075
f 6075 6057 6060
f 6059 6070 6064
f 6064 6070 6077
f 6056 5752 6090
f 6090 5752 5656
f 6090 6074 6079
f 6079 6074 6073
f 6055 6071 5615
f 5615 6071 5653
f 5547 5471 6160
f 6160 5471 6161
f 5729 5577 6163
f 6163 5577 6162
f 5577 5576 6162
f 6162 5576 6164
f 5713 6165 5711
f 5711 6165 6166
f 5474 5729 6167
f 6167 5729 6163
f 5750 5547 6168
f 6168 5547 6160
f 5471 5474 6161
f 6161 5474 6167
f 6169 5712 6168
f 6168 5712 5750
f 5711 6166 5576
f 5576 6166 6164
f 6165 5713 6169
f 6169 5713 5712
f 6168 6170 6169
f 6169 6170 6171
f 6169 6171 6165
f 6165 6171 6172
f 6165 6172 6166
f 6166 6172 6173
f 6166 6173 6164
f 6164 6173 6174
f 6168 6160 6170
f 6170 6160 6175
f 6160 6161 6175
f 6175 6161 6176
f 6161 6167 6176
f 6176 6167 6177
f 6179 6170 6178
f 6178 6170 6175
f 6181 6182 6180
f 6180 6182 6183
f 6184 6185 6181
f 6181 6185 6182
f 6186 6187 6185
f 6185 6187 6182
f 6186 6188 6187
f 6187 6188 6189
f 6190 6183 6187
f 6187 6183 6182
f 6183 6190 6191
f 6191 6190 6192
f 6191 6193 6183
f 6183 6193 6180
f 6186 6185 6194
f 6194 6185 6184
f 6184 6172 6194
f 6194 6172 6171
f 6184 6195 6172
f 6172 6195 6173
f 6181 6196 6184
f 6184 6196 6195
f 6196 6181 6197
f 6197 6181 6180
f 6186 6194 6188
f 6188 6194 6179
f 6179 6194 6170
f 6170 6194 6171
f 6193 6198 6180
f 6180 6198 6197
f 6199 6196 6200
f 6200 6196 6197
f 6198 6201 6197
f 6197 6201 6200
f 6202 6199 6203
f 6203 6199 6200
f 6199 6202 6205
f 6205 6202 6204
f 6201 6206 6200
f 6200 6206 6203
f 6196 6199 6195
f 6195 6199 6205
f 6195 6205 6173
f 6173 6205 6174
f 6198 6193 6208
f 6208 6193 6207
f 6193 6191 6207
f 6207 6191 6192
f 6189 6188 6209
f 6209 6188 6179
f 6210 6189 6211
f 6211 6189 6209
f 6209 6179 6212
f 6212 6179 6178
f 6211 6209 6213
f 6213 6209 6212
f 6211 6214 6210
f 6210 6214 6215
f 6192 6215 6207
f 6207 6215 6214
f 6190 6187 6210
f 6210 6187 6189
f 6192 6190 6215
f 6215 6190 6210
f 6162 6164 6216
f 6216 6164 6174
f 6167 6163 6177
f 6177 6163 6217
f 6216 6217 6162
f 6162 6217 6163
f 6204 6218 6216
f 6216 6218 6217
f 6202 6219 6204
f 6204 6219 6218
f 6217 6218 6177
f 6177 6218 6220
f 6216 6174 6204
f 6204 6174 6205
f 6221 6176 6220
f 6220 6176 6177
f 6176 6221 6175
f 6175 6221 6178
f 6221 6222 6178
f 6178 6222 6212
f 6222 6221 6223
f 6223 6221 6220
f 6224 6222 6225
f 6225 6222 6223
f 6218 6219 6220
f 6220 6219 6223
f 6219 6226 6223
f 6223 6226 6225
f 6222 6224 6212
f 6212 6224 6213
f 6228 6213 6227
f 6227 6213 6224
f 6229 6227 6231
f 6231 6227 6230
f 6227 6224 6230
f 6230 6224 6225
f 6227 6229 6228
f 6228 6229 6208
f 6228 6208 6214
f 6214 6208 6207
f 6214 6211 6228
f 6228 6211 6213
f 6219 6202 6226
f 6226 6202 6203
f 6231 6226 6206
f 6206 6226 6203
f 6231 6230 6226
f 6226 6230 6225
f 6229 6231 6201
f 6201 6231 6206
f 6201 6198 6229
f 6229 6198 6208
f 5674 5672 5661
f 5661 5672 5662
f 5662 5672 5663
f 5663 5672 5646
f 5651 6042 5652
f 5652 6042 5973
f 5518 5517 5751
f 5751 5517 5733
f 5738 5660 5753
f 5753 5660 5637
f 5752 5636 5656
f 5656 5636 5526
f 5952 6042 5593
f 5593 6042 5651
f 5593 5651 5594
f 5594 5651 5650
f 5600 5737 5514
f 5514 5737 5515
f 5546 5545 5740
f 5740 5545 6232
f 6232 6058 5740
f 5740 6058 6057
f 6067 6058 6233
f 6233 6058 6232
f 6233 6232 6234
f 6234 6232 5545
f 6234 5545 6235
f 6235 5545 5544
f 5606 6236 5543
f 5543 6236 5544
f 6235 5544 5539
f 5539 5544 6236
f 6237 6235 5542
f 5542 6235 5539
f 6235 6237 6234
f 6234 6237 6238
f 6234 6238 6233
f 6233 6238 6239
f 5653 6068 5650
f 5650 6068 6239
f 5642 5513 6240
f 6240 5513 5516
f 5539 6236 5540
f 5540 6236 5606
f 5636 5614 5637
f 5637 5614 5753
f 6239 5737 5650
f 5650 5737 5594
f 6239 6068 6233
f 6233 6068 6067
f 6075 6074 6159
f 6159 6074 5655
f 6057 6159 5740
f 5740 6159 5655
f 5515 5737 6238
f 6238 5737 6239
f 6238 6237 5515
f 5515 6237 5516
f 5542 6240 6237
f 6237 6240 5516
f 6240 5542 5642
f 5642 5542 5541
f 5702 5699 5541
f 5541 5699 5642
f 5582 5475 5717
f 5470 5443 5537
f 5537 5443 5504
f 5469 5444 5470
f 5470 5444 5443
f 5726 5557 5727
f 5727 5557 5556
f 5537 5504 5511
f 5511 5504 5506
f 5504 5503 5506
f 5506 5503 5507
f 5503 5455 5507
f 5507 5455 5581
f 5455 5454 5581
f 5581 5454 5456
f 5473 5453 5474
f 5474 5453 5729
f 5457 5454 5473
f 5473 5454 5453
f 5473 5472 5457
f 5457 5472 5686
f 5472 5548 5686
f 5686 5548 5687
f 5749 5693 5548
f 5548 5693 5687
f 5715 5532 5749
f 5749 5532 5693
f 5714 5486 5715
f 5715 5486 5532
f 5714 5710 5486
f 5486 5710 5449
f 5728 5578 5729
f 5729 5578 5577
f 5452 5445 5698
f 5698 5445 5558
f 5445 5444 5558
f 5558 5444 5556
f 5444 5469 5556
f 5556 5469 5727
f 5469 5468 5727
f 5727 5468 5555
f 5468 5747 5555
f 5555 5747 5552
f 5747 5700 5552
f 5552 5700 5716
f 5700 5699 5716
f 5716 5699 5717
f 5699 5702 5717
f 5717 5702 5582
f 5702 5701 5582
f 5582 5701 5583
f 5726 5479 5557
f 5557 5479 5483
f 5483 5479 5484
f 5484 5479 5482
f 5534 5533 5482
f 5482 5533 5484
f 5691 5688 5534
f 5534 5688 5533
f 5644 5647 5691
f 5691 5647 5688
f 5719 5746 5701
f 5701 5746 5583
f 5718 5497 5719
f 5719 5497 5746
f 5718 5605 5654
f 5654 5605 5638
f 5498 5654 5657
f 5657 5654 5633
f 5497 5718 5498
f 5498 5718 5654
f 5657 5527 5498
f 5498 5527 5494
f 5528 5570 5495
f 5495 5570 5521
f 5665 5668 5528
f 5528 5668 5570
f 5664 5671 5665
f 5665 5671 5668
f 5645 5741 5664
f 5664 5741 5671
f 5644 5696 5645
f 5645 5696 5741
f 5710 5575 5449
f 5449 5575 5450
f 5575 5578 5450
f 5450 5578 5698
f 5578 5728 5698
f 5698 5728 5452
f 5452 5728 5451
f 5451 5728 5453
f 3619 6241 3620
f 3620 6241 6242
f 6243 6244 3628
f 3628 6244 3629
f 6245 6246 3634
f 3634 6246 3631
f 6247 6248 3636
f 3636 6248 3637
f 6249 6250 3642
f 3642 6250 3639
f 3639 6250 3643
f 3643 6250 6251
f 3743 6252 3744
f 3744 6252 6253
f 6246 6243 3631
f 3631 6243 3628
f 3753 6254 3754
f 3754 6254 6255
f 3857 6256 3619
f 3619 6256 6241
f 6257 6245 3932
f 3932 6245 3634
f 6242 6247 3620
f 3620 6247 3636
f 6258 6259 3946
f 3946 6259 3947
f 6260 6249 3948
f 3948 6249 3642
f 6244 6258 3629
f 3629 6258 3946
f 3947 6259 3753
f 3753 6259 6254
f 6248 6260 3637
f 3637 6260 3948
f 3643 6251 3743
f 3743 6251 6252
f 3744 6253 3932
f 3932 6253 6257
f 6250 6249 6251
f 6251 6249 6252
f 6245 6261 6246
f 6246 6261 6262
f 6263 6264 6247
f 6247 6264 6248
f 6252 6265 6253
f 6253 6265 6266
f 6246 6262 6243
f 6243 6262 6267
f 6268 6261 6257
f 6257 6261 6245
f 6269 6263 6242
f 6242 6263 6247
f 6270 6271 6260
f 6260 6271 6249
f 6264 6270 6248
f 6248 6270 6260
f 6253 6266 6257
f 6257 6266 6268
f 6249 6271 6252
f 6252 6271 6265
f 6254 6259 6272
f 6272 6259 6273
f 6266 6265 6270
f 6270 6265 6271
f 6268 6266 6264
f 6264 6266 6270
f 6261 6268 6263
f 6263 6268 6264
f 6269 6262 6263
f 6263 6262 6261
f 4186 4185 6274
f 6274 4185 6275
f 6241 6276 6242
f 6242 6276 6269
f 6258 6244 6277
f 6277 6244 6278
f 6256 6279 6241
f 6241 6279 6276
f 6259 6258 6273
f 6273 6258 6277
f 6243 6267 6244
f 6244 6267 6278
f 6276 6267 6269
f 6269 6267 6262
f 6254 6272 6255
f 6255 6272 6280
f 3865 3713 3888
f 3888 3713 3685
f 5242 5233 3892
f 3892 5233 3711
f 3900 5243 3892
f 3892 5243 5242
f 3734 3866 3900
f 3900 3866 5243
f 4117 6281 4118
f 4118 6281 6282
f 4118 6282 4278
f 4278 6282 4879
f 4717 4887 4718
f 4718 4887 4280
f 4792 4278 4882
f 4882 4278 4879
f 4795 4792 6283
f 6283 4792 4882
f 4852 4851 5012
f 5012 4851 6284
f 4856 5207 4857
f 4857 5207 4858
f 4860 4279 4857
f 4857 4279 4854
f 4718 4280 4860
f 4860 4280 4279
f 4864 4863 4745
f 4745 4863 4742
f 5366 4867 5011
f 5011 4867 4866
f 4871 4884 4872
f 4872 4884 4883
f 4872 4883 4117
f 4117 4883 6281
f 6284 4851 6283
f 6283 4851 4795
f 4852 4866 4853
f 4853 4866 4865
f 4871 4870 4856
f 4856 4870 5207
f 4717 4716 4864
f 4864 4716 4861
f 4868 4867 4862
f 4862 4867 4863
f 4268 4855 4269
f 4269 4855 4854
f 4281 4274 4282
f 4282 4274 4765
f 4744 4743 4907
f 4907 4743 4904
f 4874 4881 4820
f 4820 4881 4880
f 4885 5013 4886
f 4886 5013 4980
f 4888 4275 4281
f 4281 4275 4274
f 4902 6282 4903
f 4903 6282 6281
f 6283 4979 6284
f 6284 4979 4978
f 4282 4765 4269
f 4269 4765 4266
f 4880 4879 4902
f 4902 4879 6282
f 4903 6281 4886
f 4886 6281 4883
f 4882 4881 6283
f 6283 4881 4979
f 5013 4885 4267
f 4267 4885 4268
f 4888 4887 4744
f 4744 4887 4745
f 4410 6285 4411
f 4411 6285 4812
f 4750 4749 6286
f 6286 4749 6287
f 6289 4695 6288
f 6288 4695 4255
f 4750 4675 4751
f 4751 4675 4965
f 6290 6291 4963
f 4963 6291 4960
f 4807 4806 4411
f 4411 4806 4408
f 6292 6293 4959
f 4959 6293 4956
f 4958 6294 4959
f 4959 6294 4955
f 4962 4964 4963
f 4963 4964 4805
f 4962 4961 4751
f 4751 4961 4748
f 6296 6297 6295
f 6295 6297 6298
f 6299 6300 6288
f 6288 6300 4735
f 6302 4961 6301
f 6301 4961 4960
f 6304 6287 6303
f 6303 6287 4749
f 4968 6305 4969
f 4969 6305 6306
f 4413 6308 6307
f 6307 6308 4900
f 6301 4960 6309
f 6309 4960 6291
f 4412 4408 6310
f 6310 4408 4806
f 4696 6311 4256
f 4256 6311 6312
f 6303 4749 6313
f 6313 4749 4748
f 6313 4748 6302
f 6302 4748 4961
f 6315 6316 6314
f 6314 6316 6317
f 4084 6318 6315
f 6315 6318 6316
f 4083 6319 4084
f 4084 6319 6318
f 4112 6320 4083
f 4083 6320 6319
f 6322 4138 6321
f 6321 4138 4137
f 6324 4128 6323
f 6323 4128 4127
f 4127 4193 6323
f 6323 4193 6325
f 4193 4891 6325
f 6325 4891 6326
f 4891 6327 6326
f 6326 6327 6328
f 6327 4824 5227
f 5227 4824 5228
f 5231 4684 6329
f 6329 4684 4683
f 4683 4099 6329
f 6329 4099 6330
f 4099 4102 6330
f 6330 4102 6331
f 4174 4826 4429
f 4429 4826 4829
f 4173 4741 4174
f 4174 4741 4826
f 4180 4738 4173
f 4173 4738 4741
f 6332 6333 4180
f 4180 6333 4738
f 6274 6334 4186
f 4186 6334 4188
f 4181 4825 4180
f 4180 4825 6332
f 5044 5213 5045
f 5045 5213 5165
f 5046 5087 5047
f 5047 5087 5222
f 5077 5063 5078
f 5078 5063 5198
f 5081 5099 5082
f 5082 5099 5194
f 5095 5074 5096
f 5096 5074 5073
f 5373 5170 5096
f 5096 5170 5093
f 5375 5171 5373
f 5373 5171 5170
f 5047 5222 5375
f 5375 5222 5171
f 5046 5038 5376
f 5376 5038 5067
f 5377 5086 5376
f 5376 5086 5085
f 5045 5165 5377
f 5377 5165 5086
f 5378 5214 5044
f 5044 5214 5213
f 5077 5034 5378
f 5378 5034 5214
f 5082 5194 5078
f 5078 5194 5035
f 5081 5080 5379
f 5379 5080 6335
f 5379 6335 5095
f 5095 6335 5074
f 5032 5080 5033
f 5033 5080 5079
f 5040 5017 5041
f 5041 5017 5016
f 5050 5043 5051
f 5051 5043 5042
f 5065 5023 5066
f 5066 5023 5022
f 5050 5049 5065
f 5065 5049 5023
f 5041 5016 5068
f 5068 5016 5020
f 5071 5374 5072
f 5072 5374 5200
f 5075 5156 5076
f 5076 5156 5155
f 5162 5212 5068
f 5068 5212 5067
f 5075 5074 5192
f 5192 5074 6335
f 5066 5022 5199
f 5199 5022 5196
f 5076 5155 5072
f 5072 5155 5069
f 5040 5039 5071
f 5071 5039 5374
f 5162 5161 5051
f 5051 5161 5048
f 5192 6335 5032
f 5032 6335 5080
f 5199 5196 5033
f 5033 5196 5030
f 5018 5211 5019
f 5019 5211 5408
f 5019 5408 5021
f 5021 5408 5163
f 5024 5057 5025
f 5025 5057 5415
f 5028 5048 5029
f 5029 5048 5161
f 5054 5031 5055
f 5055 5031 5030
f 5024 5023 5058
f 5058 5023 5049
f 5061 5070 5062
f 5062 5070 5069
f 5157 5438 5158
f 5158 5438 5442
f 5160 5191 5054
f 5054 5191 5031
f 5029 5161 5021
f 5021 5161 5020
f 5025 5415 5197
f 5197 5415 5220
f 5158 5442 5062
f 5062 5442 5059
f 5018 5017 5061
f 5061 5017 5070
f 5160 5159 5157
f 5157 5159 5438
f 5028 5027 5058
f 5058 5027 5056
f 5055 5030 5197
f 5197 5030 5196
f 5409 5380 5410
f 5410 5380 6336
f 5026 5413 5027
f 5027 5413 5412
f 5396 5417 5393
f 5393 5417 5416
f 5416 5057 5419
f 5419 5057 5056
f 5417 5396 5426
f 5426 5396 5420
f 5427 5423 5428
f 5428 5423 5422
f 5427 5059 5430
f 5430 5059 5442
f 5409 5408 5433
f 5433 5408 5211
f 5433 5211 5428
f 5428 5211 5060
f 5412 5411 5419
f 5419 5411 5418
f 5436 5053 5437
f 5437 5053 5052
f 5439 5402 5440
f 5440 5402 5401
f 5436 5435 5439
f 5439 5435 5402
f 5410 6336 5413
f 5413 6336 5414
f 5440 5401 5430
f 5430 5401 5429
f 5426 5420 5437
f 5437 5420 5434
f 5382 5432 5383
f 5383 5432 5384
f 5386 6336 5383
f 5383 6336 5380
f 6336 5386 5414
f 5414 5386 5388
f 5391 5418 5392
f 5392 5418 5411
f 5705 5395 5704
f 5704 5395 5394
f 5399 5435 5400
f 5400 5435 5434
f 5403 5441 5404
f 5404 5441 5405
f 5407 5429 5404
f 5404 5429 5401
f 5395 5705 5421
f 5421 5705 5748
f 5424 5706 5425
f 5425 5706 5431
f 5391 5390 5394
f 5394 5390 5704
f 5392 5388 5389
f 5389 5388 5387
f 5382 5381 5425
f 5425 5381 5422
f 5407 5406 5424
f 5424 5406 5706
f 5403 5402 5399
f 5399 5402 5435
f 5421 5748 5400
f 5400 5748 5397
f 4097 4721 4098
f 4098 4721 4231
f 4233 5273 4098
f 4098 5273 4095
f 6337 6338 4785
f 4785 6338 4786
f 4076 4780 4073
f 4073 4780 4781
f 4782 4190 4781
f 4781 4190 4073
f 4783 4901 4782
f 4782 4901 4190
f 4780 4076 4097
f 4097 4076 4721
f 6337 2879 4701
f 4701 2879 2878
f 5280 6339 5272
f 5272 6339 6340
f 5282 5281 6341
f 6341 5281 6342
f 4109 6302 4110
f 4110 6302 6301
f 4283 6304 4284
f 4284 6304 6303
f 6305 4379 6306
f 6306 4379 4378
f 4110 6301 4428
f 4428 6301 6309
f 6310 4688 4412
f 4412 4688 4687
f 4284 6303 4753
f 4753 6303 6313
f 4753 6313 4109
f 4109 6313 6302
f 6343 5226 4428
f 4428 5226 4427
f 4147 4900 4416
f 4416 4900 6308
f 6312 6311 4241
f 4241 6311 4720
f 5223 6344 4702
f 4702 6344 4699
f 4221 4220 6345
f 6345 4220 6346
f 5276 5275 6347
f 6347 5275 6348
f 5275 4728 6348
f 6348 4728 6349
f 4727 6350 5284
f 5284 6350 5285
f 6351 6352 6354
f 6354 6352 6353
f 5313 5312 5292
f 5292 5312 5293
f 5312 5344 5293
f 5293 5344 5337
f 5344 4914 5337
f 5337 4914 4916
f 4914 4913 4916
f 4916 4913 4917
f 4913 6355 4917
f 4917 6355 4978
f 6356 6357 6284
f 6284 6357 5012
f 6357 6358 5012
f 5012 6358 5011
f 5011 6358 5366
f 5366 6358 6359
f 6360 4742 6359
f 6359 4742 5366
f 4743 6361 4904
f 4904 6361 5364
f 5363 4905 5364
f 5364 4905 4904
f 5363 6362 4905
f 4905 6362 4207
f 6362 6363 4207
f 4207 6363 4208
f 6363 5342 4208
f 4208 5342 5330
f 5342 5341 5330
f 5330 5341 4244
f 5341 6364 4244
f 4244 6364 4245
f 6364 6365 4245
f 4245 6365 4246
f 6366 6367 4253
f 4253 6367 4250
f 4214 6368 4211
f 4211 6368 4380
f 4380 4379 4211
f 4211 4379 4283
f 4379 6305 4283
f 4283 6305 6304
f 6305 4968 6304
f 6304 4968 6287
f 4968 4967 6287
f 6287 4967 6286
f 4967 6297 6286
f 6286 6297 4676
f 6296 4376 4288
f 4288 4376 4285
f 4376 4373 4285
f 4285 4373 4290
f 6369 6370 6372
f 6372 6370 6371
f 5245 6373 5246
f 5246 6373 6374
f 4317 6375 4318
f 4318 6375 6376
f 4331 6377 4332
f 4332 6377 6378
f 6379 4333 6376
f 6376 4333 4318
f 4343 6380 4344
f 4344 6380 6381
f 4347 6382 4348
f 4348 6382 6383
f 4374 6371 4331
f 4331 6371 6377
f 4333 6379 4426
f 4426 6379 6384
f 4690 6385 4347
f 4347 6385 6382
f 4332 6378 4317
f 4317 6378 6375
f 4922 6386 4923
f 4923 6386 6387
f 6388 6389 4375
f 4375 6389 6390
f 6355 6356 4978
f 4978 6356 6284
f 4742 6360 4743
f 4743 6360 6361
f 6391 4238 6392
f 6392 4238 4719
f 6392 4719 6393
f 6393 4719 5296
f 6395 6396 6394
f 6394 6396 6397
f 6399 6400 6398
f 6398 6400 6401
f 6402 5302 6403
f 6403 5302 5303
f 5303 5321 6403
f 6403 5321 6404
f 5320 6405 5321
f 5321 6405 6404
f 5319 6406 5350
f 5350 6406 5351
f 5319 5318 6406
f 6406 5318 6407
f 5288 4197 6408
f 6408 4197 6409
f 4217 4216 6410
f 6410 4216 6411
f 5227 6412 6327
f 6327 6412 6328
f 4892 6413 5227
f 5227 6413 6412
f 4228 6414 4892
f 4892 6414 6413
f 4227 6415 4228
f 4228 6415 6414
f 4248 6416 4227
f 4227 6416 6415
f 4247 6417 4248
f 4248 6417 6416
f 6417 4247 6419
f 6419 4247 6418
f 6419 6418 6421
f 6421 6418 6420
f 6422 5301 6423
f 6423 5301 5300
f 6423 5300 6424
f 6424 5300 6399
f 6408 6409 6398
f 6398 6409 6425
f 6426 6427 6397
f 6397 6427 6394
f 6428 4224 6429
f 6429 4224 4223
f 6347 6346 5276
f 5276 6346 4220
f 6346 6347 6341
f 6341 6347 6339
f 5280 5278 5282
f 5282 5278 4236
f 4896 5224 4684
f 4684 5224 4681
f 4132 4135 4896
f 4896 4135 5224
f 4131 4136 4132
f 4132 4136 4135
f 4226 4754 4131
f 4131 4754 4136
f 4251 4213 4226
f 4226 4213 4754
f 4250 4214 4251
f 4251 4214 4213
f 4250 6367 4214
f 4214 6367 6368
f 6367 4910 6368
f 6368 4910 4737
f 4909 5297 4736
f 4736 5297 5296
f 5297 6395 5296
f 5296 6395 6393
f 6427 6430 6394
f 6394 6430 6431
f 6429 4383 6428
f 6428 4383 4382
f 4219 5277 4220
f 4220 5277 5276
f 4222 4697 4383
f 4383 4697 4218
f 6345 4699 4221
f 4221 4699 6344
f 6342 4700 6345
f 6345 4700 4699
f 4235 4786 5281
f 5281 4786 6338
f 4234 4787 4235
f 4235 4787 4786
f 5279 5278 6432
f 6432 5278 5271
f 4237 5279 6433
f 6433 5279 6432
f 4787 4234 6433
f 6433 4234 4237
f 6435 6436 6434
f 6434 6436 6437
f 6359 6438 6360
f 6360 6438 6437
f 6439 6440 6441
f 6441 6440 6438
f 6443 6439 6442
f 6442 6439 6441
f 6357 6356 6442
f 6442 6356 6444
f 6444 6446 6445
f 6445 6446 6447
f 4912 6446 4913
f 4913 6446 6355
f 6361 6436 5364
f 5364 6436 5365
f 5319 5350 5316
f 5316 5350 6448
f 4832 6449 5350
f 5350 6449 6448
f 4831 6450 4832
f 4832 6450 6449
f 5354 6451 5320
f 5320 6451 6405
f 4265 6452 5354
f 5354 6452 6451
f 4264 6453 4265
f 4265 6453 6452
f 6450 4831 6447
f 6447 4831 6445
f 4263 6435 4264
f 4264 6435 6434
f 6454 6453 6439
f 6439 6453 6440
f 6439 6443 6454
f 6454 6443 4834
f 4833 6455 4834
f 4834 6455 6454
f 5351 6456 4833
f 4833 6456 6455
f 6457 6391 6458
f 6458 6391 6392
f 6458 6392 6431
f 6431 6392 6393
f 5298 6396 5297
f 5297 6396 6395
f 6402 6400 5302
f 5302 6400 5299
f 6402 6403 6459
f 6459 6403 6460
f 6460 6403 6461
f 6461 6403 6404
f 6405 6462 6404
f 6404 6462 6461
f 6406 6462 5351
f 5351 6462 6456
f 6406 6407 6462
f 6462 6407 6461
f 6407 6463 6461
f 6461 6463 6460
f 6463 6464 6460
f 6460 6464 6459
f 6464 6465 6459
f 6459 6465 6401
f 6430 6466 6431
f 6431 6466 6458
f 6466 6410 6458
f 6458 6410 6457
f 6410 6411 6457
f 6457 6411 6467
f 6396 6424 6397
f 6397 6424 6425
f 6393 6395 6431
f 6431 6395 6394
f 6451 6456 6405
f 6405 6456 6462
f 6452 6455 6451
f 6451 6455 6456
f 6453 6454 6452
f 6452 6454 6455
f 6443 6445 4834
f 4834 6445 4831
f 6440 6453 6434
f 6434 6453 4264
f 6468 5306 5360
f 5360 5306 5305
f 6469 4124 6468
f 6468 4124 5306
f 6470 4125 6469
f 6469 4125 4124
f 6471 5291 6470
f 6470 5291 4125
f 6353 5292 6471
f 6471 5292 5291
f 5292 6353 5313
f 5313 6353 6352
f 5347 5314 6352
f 6352 5314 5313
f 5353 5318 5346
f 5346 5318 5317
f 5334 6468 5358
f 5358 6468 5360
f 5324 6469 5334
f 5334 6469 6468
f 5323 6470 5324
f 5324 6470 6469
f 5343 6471 5323
f 5323 6471 6470
f 6354 6353 5343
f 5343 6353 6471
f 6348 6349 4270
f 4270 6349 5311
f 5272 6340 5273
f 5273 6340 4272
f 6432 5271 4232
f 4232 5271 4233
f 4294 6432 4295
f 4295 6432 4232
f 6432 4294 6433
f 6433 4294 4301
f 4301 4300 6433
f 6433 4300 4787
f 4704 4784 4300
f 4300 4784 4787
f 4704 3013 4784
f 4784 3013 1307
f 5103 6472 5104
f 5104 6472 5202
f 5108 5116 5105
f 5105 5116 5115
f 5111 5124 5112
f 5112 5124 5123
f 5154 5205 5105
f 5105 5205 5106
f 5167 5180 5168
f 5168 5180 5185
f 5175 5188 5176
f 5176 5188 5187
f 5112 5123 5178
f 5178 5123 5120
f 5167 5090 5183
f 5183 5090 5089
f 5210 5151 5183
f 5183 5151 5181
f 5216 5138 5217
f 5217 5138 5137
f 5218 5119 5219
f 5219 5119 5221
f 5218 5178 5119
f 5119 5178 5120
f 5217 5137 5104
f 5104 5137 5101
f 5116 5108 5221
f 5221 5108 5219
f 5111 5110 5210
f 5210 5110 5151
f 5154 5153 5103
f 5103 5153 6472
f 5216 5215 5176
f 5176 5215 5173
f 5175 5174 5168
f 5168 5174 5166
f 5091 5172 5092
f 5092 5172 5208
f 5117 5037 5118
f 5118 5037 5036
f 5121 5164 5122
f 5122 5164 5133
f 5125 5084 5126
f 5126 5084 5083
f 5129 5174 5130
f 5130 5174 5173
f 5131 5202 5132
f 5132 5202 6472
f 5135 5221 5122
f 5122 5221 5119
f 5125 5124 5136
f 5136 5124 5209
f 5126 5083 5121
f 5121 5083 5164
f 5118 5036 5195
f 5195 5036 5193
f 5131 5097 5203
f 5203 5097 5114
f 5132 6472 5195
f 5195 6472 5153
f 5136 5209 5092
f 5092 5209 5089
f 5135 5134 5117
f 5117 5134 5037
f 5362 5206 5130
f 5130 5206 5127
f 5372 5371 5128
f 5128 5371 5129
f 5371 5372 5091
f 5091 5372 5172
f 5362 5215 5203
f 5203 5215 5201
f 6463 6407 5353
f 5353 6407 5318
f 6464 6463 5352
f 5352 6463 5353
f 6408 6465 5288
f 5288 6465 5289
f 4196 4224 6426
f 6426 4224 6427
f 6430 6427 6428
f 6428 6427 4224
f 6466 6430 4382
f 4382 6430 6428
f 6410 6466 4217
f 4217 6466 4382
f 4240 4239 3015
f 3015 4239 3016
f 4254 4257 3017
f 3017 4257 3018
f 6473 6474 4732
f 4732 6474 6475
f 6474 6374 6475
f 6475 6374 6373
f 5246 6374 3022
f 3022 6374 3023
f 4254 6299 4255
f 4255 6299 6288
f 6473 6300 3024
f 3024 6300 3025
f 6476 4257 6312
f 6312 4257 4256
f 4240 6476 4241
f 4241 6476 6312
f 6477 4239 6391
f 6391 4239 4238
f 6467 6477 6457
f 6457 6477 6391
f 6411 3029 6467
f 6467 3029 3028
f 4216 3030 6411
f 6411 3030 3029
f 6479 6480 6478
f 6478 6480 6481
f 6483 6484 6482
f 6482 6484 6485
f 6486 6487 4102
f 4102 6487 6331
f 6483 6488 6478
f 6478 6488 6489
f 4429 4829 6490
f 6490 4829 6479
f 6491 6486 4101
f 4101 6486 4102
f 4895 6491 4899
f 4899 6491 4101
f 4160 6488 4157
f 4157 6488 6492
f 6489 4087 6490
f 6490 4087 4090
f 4267 4261 5013
f 5013 4261 4260
f 4258 4261 5328
f 5328 4261 4975
f 4261 4267 4975
f 4975 4267 4266
f 5367 3793 3912
f 3912 3793 3575
f 6494 3616 6493
f 6493 3616 3795
f 6496 3589 6495
f 6495 3589 3588
f 6495 3588 5368
f 5368 3588 3794
f 3841 3840 3050
f 3050 3840 3051
f 3912 3911 3052
f 3052 3911 3053
f 3929 3930 3054
f 3054 3930 3055
f 5370 3930 3916
f 3916 3930 3923
f 3938 5369 3807
f 3807 5369 3915
f 3589 6496 3806
f 3806 6496 3937
f 3938 3937 3056
f 3056 3937 3057
f 3051 3840 3058
f 3058 3840 3943
f 3730 4808 3727
f 3727 4808 3943
f 3820 3951 3795
f 3795 3951 6493
f 3951 3841 3059
f 3059 3841 3050
f 3911 3574 6494
f 6494 3574 3616
f 3823 3929 3824
f 3824 3929 3952
f 4061 4060 3060
f 3060 4060 3061
f 6497 6498 4901
f 4901 6498 4790
f 6333 6499 4738
f 4738 6499 4739
f 6500 6501 6314
f 6314 6501 4418
f 6502 6275 4417
f 4417 6275 4185
f 6503 6497 4783
f 4783 6497 4901
f 6498 4060 4790
f 4790 4060 4059
f 4808 4061 3069
f 3069 4061 3060
f 5367 3071 5368
f 5368 3071 3070
f 5369 3073 5370
f 5370 3073 3072
f 6274 6275 3074
f 3074 6275 3075
f 6499 6504 4739
f 4739 6504 6317
f 6333 6332 3077
f 3077 6332 3078
f 6334 6274 3079
f 3079 6274 3074
f 6332 4825 3078
f 3078 4825 3080
f 6334 6503 4188
f 4188 6503 4783
f 4825 4689 3080
f 3080 4689 1330
f 6506 4747 6505
f 6505 4747 4746
f 6505 6507 6506
f 6506 6507 6508
f 4297 6509 4920
f 4920 6509 6510
f 4296 6511 4297
f 4297 6511 6509
f 6506 6508 4319
f 4319 6508 6512
f 4372 4371 6514
f 6514 4371 6513
f 6511 4296 5251
f 5251 4296 4305
f 5251 5250 6511
f 6511 5250 6515
f 6516 6509 6515
f 6515 6509 6511
f 6517 6507 6519
f 6519 6507 6518
f 6512 6520 6513
f 6513 6520 6514
f 6507 6517 6508
f 6508 6517 6521
f 5249 6523 6522
f 6522 6523 6524
f 6525 6370 5253
f 5253 6370 6526
f 4370 4323 4371
f 4371 4323 4326
f 4370 3103 4323
f 4323 3103 1541
f 6521 6517 6527
f 6527 6517 6519
f 6520 6528 6514
f 6514 6528 6529
f 6531 6532 6530
f 6530 6532 6533
f 5250 6534 6515
f 6515 6534 6535
f 6530 6533 6536
f 6536 6533 6537
f 6526 6538 6534
f 6534 6538 6537
f 6515 6535 6516
f 6516 6535 6539
f 4325 4321 4326
f 4326 4321 4320
f 4371 4326 6513
f 6513 4326 4320
f 6531 4731 6541
f 6541 4731 6540
f 4731 4730 6540
f 6540 4730 6542
f 4730 3121 6542
f 6542 3121 3120
f 6530 4328 6531
f 6531 4328 4731
f 4328 6530 4329
f 4329 6530 6536
f 4329 6536 6524
f 6524 6536 6543
f 6544 6545 6522
f 6522 6545 5248
f 6389 6388 5245
f 5245 6388 6373
f 6388 6546 6373
f 6373 6546 6475
f 4733 6546 6295
f 6295 6546 4377
f 4732 6475 4733
f 4733 6475 6546
f 4393 4432 4394
f 4394 4432 4435
f 4434 4672 4842
f 4842 4672 4671
f 4440 4439 4441
f 4441 4439 4438
f 4436 4450 4437
f 4437 4450 4398
f 4447 4444 4448
f 4448 4444 4392
f 4446 4464 4433
f 4433 4464 6547
f 4454 4423 4455
f 4455 4423 4422
f 4452 4481 4453
f 4453 4481 4480
f 4458 4389 4459
f 4459 4389 4388
f 4456 4471 4457
f 4457 4471 4468
f 4391 4460 4392
f 4392 4460 4448
f 4461 4467 4445
f 4445 4467 4465
f 4437 4398 4629
f 4629 4398 4397
f 4438 4628 4441
f 4441 4628 4631
f 4841 4629 4839
f 4839 4629 4397
f 4628 4842 4631
f 4631 4842 4671
f 4930 4989 4452
f 4452 4989 4481
f 4929 4927 4436
f 4436 4927 4450
f 4933 4387 4934
f 4934 4387 4386
f 4931 4475 4932
f 4932 4475 4474
f 4936 4449 4933
f 4933 4449 4387
f 4935 4472 4456
f 4456 4472 4471
f 4389 4458 4391
f 4391 4458 4460
f 4457 4468 4461
f 4461 4468 4467
f 4934 4386 4454
f 4454 4386 4423
f 4453 4480 4931
f 4931 4480 4475
f 4575 4997 4576
f 4576 4997 4639
f 4579 4596 4580
f 4580 4596 4595
f 4583 4582 4572
f 4572 4582 4569
f 4587 4944 4588
f 4588 4944 4562
f 4588 4562 4590
f 4590 4562 4561
f 4576 4639 4642
f 4642 4639 4638
f 4642 4845 4641
f 4641 4845 4846
f 4845 4590 4846
f 4846 4590 4561
f 4941 4938 4595
f 4595 4938 4580
f 4938 4940 4668
f 4668 4940 4669
f 4583 4942 4584
f 4584 4942 4947
f 4582 4587 4569
f 4569 4587 4586
f 5000 5001 4579
f 4579 5001 4596
f 4558 4560 4585
f 4585 4560 4586
f 4565 4639 4566
f 4566 4639 4997
f 4568 4567 4577
f 4577 4567 4578
f 4570 4554 4571
f 4571 4554 4556
f 4640 4565 4637
f 4637 4565 4546
f 4662 4664 4665
f 4665 4664 4844
f 4662 4558 4589
f 4589 4558 4585
f 4554 4570 4557
f 4557 4570 4560
f 4571 4667 4572
f 4572 4667 4943
f 4551 4670 4552
f 4552 4670 4666
f 4640 4664 4638
f 4638 4664 4663
f 4670 4568 4668
f 4668 4568 4577
f 4999 4996 4566
f 4566 4996 4543
f 4608 4564 4603
f 4603 4564 4563
f 4573 4593 4574
f 4574 4593 4592
f 4597 4614 4598
f 4598 4614 4613
f 4601 4600 4584
f 4584 4600 4581
f 4563 4562 4604
f 4604 4562 4944
f 4643 4593 4641
f 4641 4593 4573
f 4643 4847 4644
f 4644 4847 4848
f 4564 4847 4561
f 4561 4847 4846
f 4945 4941 4598
f 4598 4941 4595
f 4941 4945 4939
f 4939 4945 4946
f 4601 4948 4602
f 4602 4948 4620
f 4600 4604 4581
f 4581 4604 4944
f 5002 5003 4597
f 4597 5003 4614
f 4988 4759 4953
f 4953 4759 4402
f 4706 6548 4707
f 4707 6548 6549
f 4311 4928 4419
f 4419 4928 6550
f 4921 4920 6551
f 6551 4920 6552
f 4925 6553 4926
f 4926 6553 6554
f 4928 4921 4802
f 4802 4921 6551
f 6555 4985 6550
f 6550 4985 4419
f 4952 6556 4953
f 4953 6556 4649
f 4971 6557 4706
f 4706 6557 6548
f 4988 4648 4925
f 4925 4648 6553
f 4707 6549 5006
f 5006 6549 4987
f 4920 6510 6552
f 6552 6510 6518
f 6558 6510 6516
f 6516 6510 6509
f 6559 6558 6539
f 6539 6558 6516
f 6531 6541 6532
f 6532 6541 6560
f 6540 6561 6541
f 6541 6561 6529
f 6542 6562 6540
f 6540 6562 6561
f 6542 3120 6562
f 6562 3120 3142
f 4366 6563 4760
f 4760 6563 4970
f 4815 6564 4816
f 4816 6564 6565
f 3147 3146 6565
f 6565 3146 4816
f 6564 6563 6565
f 6565 6563 6566
f 4837 4385 4357
f 4357 4385 4358
f 6565 6566 3147
f 3147 6566 3149
f 4694 1209 3150
f 5247 5249 5248
f 5248 5249 6522
f 6372 6390 6545
f 6545 6390 6389
f 6375 5254 6376
f 6376 5254 5258
f 6377 6525 6378
f 6378 6525 5255
f 5260 6379 5258
f 5258 6379 6376
f 6380 6567 6381
f 6381 6567 6568
f 6382 6569 6383
f 6383 6569 6570
f 6377 6371 6525
f 6525 6371 6370
f 6379 5260 6384
f 6384 5260 6571
f 6385 6572 6382
f 6382 6572 6569
f 6378 5255 6375
f 6375 5255 5254
f 6386 6573 6387
f 6387 6573 6574
f 6545 6389 5248
f 5248 6389 5245
f 4675 4750 4676
f 4676 4750 6286
f 4734 6289 4735
f 4735 6289 6288
f 4804 6290 4805
f 4805 6290 4963
f 4811 4807 4812
f 4812 4807 4411
f 4954 6292 4955
f 4955 6292 4959
f 4964 4962 4965
f 4965 4962 4751
f 6285 4821 4812
f 4812 4821 4809
f 4675 4287 4965
f 4965 4287 4210
f 6294 4145 4955
f 4955 4145 4154
f 4964 4120 4805
f 4805 4120 4119
f 6298 4966 4734
f 4734 4966 6289
f 6300 6473 4735
f 4735 6473 4732
f 6297 6296 4676
f 4676 6296 4288
f 6523 3160 4330
f 4330 3160 3159
f 5253 5252 6525
f 6525 5252 5255
f 5256 5252 4305
f 4305 5252 5251
f 4304 5257 4305
f 4305 5257 5256
f 4424 5259 4304
f 4304 5259 5257
f 5261 6571 5259
f 5259 6571 5260
f 5262 6573 5261
f 5261 6573 6571
f 5264 6567 5265
f 5265 6567 6574
f 5266 6572 5267
f 5267 6572 6568
f 5268 6570 5269
f 5269 6570 6569
f 1807 3161 5268
f 5268 3161 6570
f 6524 6523 4329
f 4329 6523 4330
f 5253 6526 5250
f 5250 6526 6534
f 6543 6538 6544
f 6544 6538 6369
f 6524 6543 6522
f 6522 6543 6544
f 3071 5367 3052
f 3052 5367 3912
f 6493 3163 6494
f 6494 3163 3162
f 3164 445 3771
f 3771 445 3761
f 461 3165 3919
f 3919 3165 3920
f 330 410 3839
f 3839 410 3910
f 332 331 3552
f 3552 331 3551
f 464 304 3918
f 3918 304 3816
f 385 458 3766
f 3766 458 3894
f 412 415 3762
f 3762 415 3763
f 3166 337 3748
f 3748 337 3745
f 3072 3055 5370
f 5370 3055 3930
f 3073 5369 3056
f 3056 5369 3938
f 3167 3057 6496
f 6496 3057 3937
f 3069 3058 4808
f 4808 3058 3943
f 411 3166 3851
f 3851 3166 3748
f 3059 3163 3951
f 3951 3163 6493
f 336 3164 3772
f 3772 3164 3771
f 3053 3911 3162
f 3162 3911 6494
f 3054 3168 3929
f 3929 3168 3952
f 3165 830 3920
f 3920 830 3945
f 3170 3169 6497
f 6497 3169 6498
f 3171 1354 5005
f 5005 1354 4830
f 3172 3170 6503
f 6503 3170 6497
f 3169 3061 6498
f 6498 3061 4060
f 3173 3171 5006
f 5006 3171 5005
f 3079 3172 6334
f 6334 3172 6503
f 3174 3025 6299
f 6299 3025 6300
f 6576 6577 6575
f 6575 6577 6578
f 4612 4611 6579
f 6579 4611 6580
f 6582 6583 6581
f 6581 6583 6584
f 6584 6585 4618
f 4618 6585 4621
f 6586 6587 6589
f 6589 6587 6588
f 6588 6587 6590
f 6590 6587 6591
f 6592 4606 6590
f 6590 4606 4623
f 6594 6576 6593
f 6593 6576 6575
f 6595 6582 6579
f 6579 6582 6581
f 6580 6597 6596
f 6596 6597 6598
f 6577 6576 6599
f 6599 6576 6600
f 6595 6596 6601
f 6601 6596 6602
f 6583 6582 6603
f 6603 6582 6604
f 6586 6606 6605
f 6605 6606 6607
f 6587 6586 6608
f 6608 6586 6605
f 6587 6608 6591
f 6591 6608 6609
f 6576 6594 6600
f 6600 6594 6610
f 6582 6595 6604
f 6604 6595 6601
f 6599 6611 6577
f 6577 6611 6598
f 6613 6614 6612
f 6612 6614 6615
f 6617 6618 6616
f 6616 6618 6619
f 6621 6622 6620
f 6620 6622 6623
f 6625 6626 6624
f 6624 6626 6627
f 6629 6630 6628
f 6628 6630 6631
f 6633 6634 6632
f 6632 6634 6635
f 6637 6638 6636
f 6636 6638 6639
f 6640 6641 6637
f 6637 6641 6638
f 6643 6633 6642
f 6642 6633 6632
f 6645 6646 6644
f 6644 6646 6647
f 6646 6648 6647
f 6647 6648 6649
f 6651 6652 6650
f 6650 6652 6653
f 6653 6652 6654
f 6654 6652 6655
f 6656 6657 6659
f 6659 6657 6658
f 6661 6662 6660
f 6660 6662 6663
f 6662 6661 6664
f 6664 6661 6665
f 6667 6657 6666
f 6666 6657 6656
f 6669 6670 6668
f 6668 6670 6671
f 6672 6673 6670
f 6670 6673 6671
f 6674 6675 6677
f 6677 6675 6676
f 6675 6678 6676
f 6676 6678 6679
f 6681 6682 6680
f 6680 6682 6683
f 6684 6685 6683
f 6683 6685 6680
f 6687 6688 6686
f 6686 6688 6689
f 6687 6690 6688
f 6688 6690 6691
f 6619 6618 6633
f 6633 6618 6634
f 6632 6635 6693
f 6693 6635 6692
f 6617 6694 6636
f 6636 6694 6637
f 6695 6692 6639
f 6639 6692 6635
f 6637 6694 6640
f 6640 6694 6696
f 6698 6638 6697
f 6697 6638 6641
f 6643 6616 6633
f 6633 6616 6619
f 6642 6699 6641
f 6641 6699 6697
f 6646 6645 6700
f 6700 6645 6621
f 6644 6701 6654
f 6654 6701 6702
f 6700 6703 6646
f 6646 6703 6648
f 6693 6704 6649
f 6649 6704 6647
f 6620 6623 6651
f 6651 6623 6652
f 6693 6649 6699
f 6699 6649 6650
f 6652 6623 6655
f 6655 6623 6622
f 6654 6702 6653
f 6653 6702 6697
f 6615 6614 6657
f 6657 6614 6658
f 6705 6656 6704
f 6704 6656 6659
f 6613 6706 6660
f 6660 6706 6661
f 6704 6659 6701
f 6701 6659 6663
f 6661 6706 6665
f 6665 6706 6707
f 6708 6702 6664
f 6664 6702 6662
f 6612 6615 6667
f 6667 6615 6657
f 6666 6709 6664
f 6664 6709 6708
f 6629 6710 6669
f 6669 6710 6670
f 6668 6711 6679
f 6679 6711 6712
f 6713 6672 6710
f 6710 6672 6670
f 6714 6671 6705
f 6705 6671 6673
f 6628 6631 6674
f 6674 6631 6675
f 6705 6673 6709
f 6709 6673 6677
f 6631 6630 6675
f 6675 6630 6678
f 6712 6708 6679
f 6679 6708 6676
f 6625 6715 6682
f 6682 6715 6683
f 6716 6717 6681
f 6681 6717 6691
f 6718 6684 6715
f 6715 6684 6683
f 6719 6680 6714
f 6714 6680 6685
f 6624 6627 6686
f 6686 6627 6687
f 6689 6711 6685
f 6685 6711 6714
f 6627 6626 6687
f 6687 6626 6690
f 6717 6712 6691
f 6691 6712 6688
f 6612 6707 6613
f 6613 6707 6706
f 6616 6696 6617
f 6617 6696 6694
f 6703 6700 6620
f 6620 6700 6621
f 6715 6625 6718
f 6718 6625 6624
f 6710 6629 6713
f 6713 6629 6628
f 6639 6635 6636
f 6636 6635 6634
f 6641 6640 6642
f 6642 6640 6643
f 6654 6655 6644
f 6644 6655 6645
f 6651 6650 6648
f 6648 6650 6649
f 6659 6658 6663
f 6663 6658 6660
f 6665 6667 6664
f 6664 6667 6666
f 6678 6669 6679
f 6679 6669 6668
f 6673 6672 6677
f 6677 6672 6674
f 6690 6682 6691
f 6691 6682 6681
f 6685 6684 6689
f 6689 6684 6686
f 6636 6634 6617
f 6617 6634 6618
f 6638 6698 6639
f 6639 6698 6695
f 6640 6696 6643
f 6643 6696 6616
f 6693 6699 6632
f 6632 6699 6642
f 6655 6622 6645
f 6645 6622 6621
f 6704 6701 6647
f 6647 6701 6644
f 6651 6648 6620
f 6620 6648 6703
f 6650 6653 6699
f 6699 6653 6697
f 6613 6660 6614
f 6614 6660 6658
f 6663 6662 6701
f 6701 6662 6702
f 6665 6707 6667
f 6667 6707 6612
f 6705 6709 6656
f 6656 6709 6666
f 6630 6629 6678
f 6678 6629 6669
f 6714 6711 6671
f 6671 6711 6668
f 6672 6713 6674
f 6674 6713 6628
f 6677 6676 6709
f 6709 6676 6708
f 6626 6625 6690
f 6690 6625 6682
f 6680 6719 6681
f 6681 6719 6716
f 6684 6718 6686
f 6686 6718 6624
f 6711 6689 6712
f 6689 6688 6712
f 6593 6720 6594
f 6594 6720 6721
f 6722 6720 4607
f 4607 6720 4849
f 6592 6723 6722
f 6722 6723 6724
f 4610 4609 6578
f 6578 4609 6575
f 6596 6595 6580
f 6580 6595 6579
f 4618 4617 6584
f 6584 4617 6581
f 6589 6585 6586
f 6586 6585 6606
f 4622 4619 6588
f 6588 4619 6589
f 4622 6588 4623
f 4623 6588 6590
f 4609 4645 6575
f 6575 4645 6593
f 4617 4612 6581
f 6581 4612 6579
f 5004 4610 6597
f 6597 4610 6578
f 4645 4849 6593
f 6593 4849 6720
f 6724 6721 6722
f 6722 6721 6720
f 6722 4607 6592
f 6592 4607 4606
f 6725 6610 6721
f 6721 6610 6594
f 6723 6726 6724
f 6724 6726 6727
f 6727 6725 6724
f 6724 6725 6721
f 6728 6729 6605
f 6605 6729 6608
f 6605 6607 6728
f 6728 6607 6730
f 6731 6732 6604
f 6604 6732 6603
f 6733 6734 6725
f 6725 6734 6610
f 6735 6733 6727
f 6727 6733 6725
f 6735 6727 6736
f 6736 6727 6726
f 6591 6609 6723
f 6723 6609 6726
f 6723 6592 6591
f 6591 6592 6590
f 6738 6739 6737
f 6737 6739 6740
f 6740 6739 6742
f 6742 6739 6741
f 6743 6744 6741
f 6741 6744 6742
f 6745 6746 6743
f 6743 6746 6744
f 6747 6748 6745
f 6745 6748 6746
f 6749 6750 6747
f 6747 6750 6748
f 6752 6738 6751
f 6751 6738 6737
f 6754 6752 6753
f 6753 6752 6751
f 6756 6754 6755
f 6755 6754 6753
f 6758 6750 6757
f 6757 6750 6749
f 6760 6756 6759
f 6759 6756 6755
f 6762 6760 6761
f 6761 6760 6759
f 6764 6762 6763
f 6763 6762 6761
f 6757 6764 6758
f 6758 6764 6763
f 6766 6741 6765
f 6765 6741 6739
f 6767 6743 6766
f 6766 6743 6741
f 6768 6745 6767
f 6767 6745 6743
f 6769 6747 6768
f 6768 6747 6745
f 6770 6749 6769
f 6769 6749 6747
f 6772 6769 6771
f 6771 6769 6768
f 6773 6770 6772
f 6772 6770 6769
f 6774 6775 6772
f 6772 6775 6773
f 6777 6778 6776
f 6776 6778 6779
f 6775 6774 6778
f 6778 6774 6779
f 6771 6780 6772
f 6772 6780 6774
f 6780 6781 6774
f 6774 6781 6779
f 6781 6782 6779
f 6779 6782 6776
f 6784 6785 6783
f 6783 6785 6786
f 6786 6787 6783
f 6783 6787 6788
f 6790 6788 6789
f 6789 6788 6787
f 6786 6785 6791
f 6791 6785 6792
f 6791 6793 6786
f 6786 6793 6787
f 6793 6794 6787
f 6787 6794 6789
f 6795 6796 6794
f 6794 6796 6789
f 6790 6789 6797
f 6797 6789 6796
f 6798 6765 6738
f 6738 6765 6739
f 6799 6798 6752
f 6752 6798 6738
f 6767 6800 6768
f 6768 6800 6771
f 6766 6801 6767
f 6767 6801 6800
f 6802 6801 6765
f 6765 6801 6766
f 6798 6803 6765
f 6765 6803 6802
f 6804 6803 6799
f 6799 6803 6798
f 6805 6806 6804
f 6804 6806 6803
f 6807 6799 6754
f 6754 6799 6752
f 6808 6804 6807
f 6807 6804 6799
f 6809 6805 6808
f 6808 6805 6804
f 6810 6811 6805
f 6805 6811 6806
f 6812 6813 6810
f 6810 6813 6811
f 6814 6815 6796
f 6796 6815 6797
f 6813 6814 6816
f 6816 6814 6817
f 6816 6818 6813
f 6813 6818 6811
f 6819 6806 6818
f 6818 6806 6811
f 6802 6803 6819
f 6819 6803 6806
f 6757 6749 6820
f 6820 6749 6770
f 6820 6770 6821
f 6821 6770 6773
f 6821 6773 6822
f 6822 6773 6775
f 6822 6775 6823
f 6823 6775 6778
f 6824 6823 6777
f 6777 6823 6778
f 6784 6825 6777
f 6777 6825 6824
f 6826 6827 6788
f 6788 6827 6783
f 6828 6826 6790
f 6790 6826 6788
f 6829 6828 6797
f 6797 6828 6790
f 6815 6830 6797
f 6797 6830 6829
f 6832 6812 6831
f 6831 6812 6810
f 6831 6810 6809
f 6809 6810 6805
f 6736 6800 6735
f 6735 6800 6801
f 6733 6735 6802
f 6802 6735 6801
f 6734 6733 6819
f 6819 6733 6802
f 6833 6734 6818
f 6818 6734 6819
f 6834 6833 6816
f 6816 6833 6818
f 6816 6817 6834
f 6834 6817 6835
f 6837 6795 6836
f 6836 6795 6794
f 6836 6794 6731
f 6731 6794 6793
f 6732 6731 6791
f 6791 6731 6793
f 6791 6792 6732
f 6732 6792 6730
f 6729 6728 6781
f 6781 6728 6782
f 6838 6807 6756
f 6756 6807 6754
f 6839 6838 6760
f 6760 6838 6756
f 6840 6839 6762
f 6762 6839 6760
f 6841 6840 6764
f 6764 6840 6762
f 6820 6841 6757
f 6757 6841 6764
f 6841 6820 6842
f 6842 6820 6821
f 6840 6841 6843
f 6843 6841 6842
f 6839 6840 6844
f 6844 6840 6843
f 6838 6839 6845
f 6845 6839 6844
f 6807 6838 6808
f 6808 6838 6845
f 6842 6821 6846
f 6846 6821 6822
f 6843 6842 6847
f 6847 6842 6846
f 6844 6843 6848
f 6848 6843 6847
f 6845 6844 6849
f 6849 6844 6848
f 6808 6845 6809
f 6809 6845 6849
f 6850 6831 6849
f 6849 6831 6809
f 6851 6850 6848
f 6848 6850 6849
f 6847 6852 6848
f 6848 6852 6851
f 6853 6852 6846
f 6846 6852 6847
f 6846 6822 6853
f 6853 6822 6823
f 6853 6823 6854
f 6854 6823 6824
f 6854 6855 6853
f 6853 6855 6852
f 6856 6851 6855
f 6855 6851 6852
f 6856 6857 6851
f 6851 6857 6850
f 6857 6832 6850
f 6850 6832 6831
f 6825 6858 6824
f 6824 6858 6854
f 6860 6827 6859
f 6859 6827 6826
f 6859 6826 6861
f 6861 6826 6828
f 6862 6861 6829
f 6829 6861 6828
f 6830 6863 6829
f 6829 6863 6862
f 6863 6864 6862
f 6862 6864 6865
f 6858 6866 6854
f 6854 6866 6855
f 6867 6865 6866
f 6866 6865 6864
f 6869 6859 6868
f 6868 6859 6861
f 6867 6869 6865
f 6865 6869 6868
f 6861 6862 6868
f 6868 6862 6865
f 6867 6860 6869
f 6869 6860 6859
f 6753 6751 6698
f 6698 6751 6695
f 6697 6755 6698
f 6698 6755 6753
f 6759 6755 6702
f 6702 6755 6697
f 6761 6759 6708
f 6708 6759 6702
f 6763 6761 6712
f 6712 6761 6708
f 6758 6763 6717
f 6717 6763 6712
f 6750 6758 6716
f 6716 6758 6717
f 6719 6748 6716
f 6716 6748 6750
f 6714 6746 6719
f 6719 6746 6748
f 6705 6744 6714
f 6714 6744 6746
f 6704 6742 6705
f 6705 6742 6744
f 6740 6742 6693
f 6693 6742 6704
f 6737 6740 6692
f 6692 6740 6693
f 6751 6737 6695
f 6695 6737 6692
f 6601 6602 6836
f 6836 6602 6837
f 6604 6601 6731
f 6731 6601 6836
f 6599 6600 6834
f 6834 6600 6833
f 6834 6835 6599
f 6599 6835 6611
f 6600 6610 6833
f 6833 6610 6734
f 6780 6771 6870
f 6870 6771 6736
f 6736 6771 6800
f 6870 6729 6780
f 6780 6729 6781
f 6608 6729 6609
f 6609 6729 6870
f 6609 6870 6726
f 6726 6870 6736
f 5014 5015 5229
f 5229 5015 5230
f 4258 5015 4259
f 4259 5015 4878
f 3471 3013 4703
f 4703 3013 4704
f 2879 6337 1306
f 1306 6337 4785
f 829 3471 4316
f 4316 3471 4703
f 4702 3472 5223
f 5223 3472 1756
f 6871 6872 4534
f 4534 6872 4535
f 6871 4665 6872
f 6872 4665 4844
f 6871 6873 4665
f 4665 6873 4559
f 6871 4534 6873
f 6873 4534 4542
f 4153 4152 4822
f 4822 4152 4407
f 4152 4168 4407
f 4407 4168 4342
f 4343 4168 4923
f 4923 4168 4167
f 4363 4362 4972
f 4972 4362 4840
f 4362 4394 4840
f 4840 4394 4839
f 4401 4400 4986
f 4986 4400 4984
f 4435 4434 4841
f 4841 4434 4842
f 4506 4505 4530
f 4530 4505 4531
f 4506 4535 4507
f 4507 4535 4843
f 4661 4660 4516
f 4516 4660 4517
f 4673 4672 4937
f 4937 4672 6547
f 4400 4924 4984
f 4984 4924 5263
f 4673 4660 4674
f 4674 4660 4659
f 4505 4661 4531
f 4531 4661 4516
f 4952 4401 6874
f 6874 4401 4986
f 4954 4153 6875
f 6875 4153 4822
f 4363 4973 4364
f 4364 4973 4974
f 5264 4924 5267
f 5267 4924 4691
f 6293 6292 6876
f 6876 6292 6877
f 6380 4343 6387
f 6387 4343 4923
f 4394 4435 4839
f 4839 4435 4841
f 4672 4434 6547
f 6547 4434 4433
f 4973 6556 4974
f 4974 6556 6878
f 6567 6380 6574
f 6574 6380 6387
f 6292 4954 6877
f 6877 4954 6875
f 6567 5264 6568
f 6568 5264 5267
f 4145 4144 4154
f 4154 4144 4151
f 4194 4144 4425
f 4425 4144 4143
f 4355 4354 5263
f 5263 4354 4984
f 4360 4359 4364
f 4364 4359 4361
f 4444 4359 4392
f 4392 4359 4337
f 4447 4446 4432
f 4432 4446 4433
f 4464 4463 6547
f 6547 4463 4937
f 4519 4518 4654
f 4654 4518 4509
f 4533 4532 4499
f 4499 4532 4498
f 4533 4542 4530
f 4530 4542 4534
f 4519 4532 4516
f 4516 4532 4531
f 4922 4194 4426
f 4426 4194 4425
f 4463 4518 4937
f 4937 4518 4517
f 6555 4951 6874
f 6874 4951 6878
f 4958 4957 6290
f 6290 4957 6291
f 4334 4360 4712
f 4712 4360 4950
f 4985 4354 4419
f 4419 4354 4353
f 5262 4355 5265
f 5265 4355 5263
f 6294 4958 4804
f 4804 4958 6290
f 6386 4922 6384
f 6384 4922 4426
f 4444 4447 4393
f 4393 4447 4432
f 4464 4446 4465
f 4465 4446 4445
f 4985 6555 4986
f 4986 6555 6874
f 6573 6386 6571
f 6571 6386 6384
f 4145 6294 4146
f 4146 6294 4804
f 6573 5262 6574
f 6574 5262 5265
f 4542 4541 6873
f 6873 4541 4559
f 4535 6872 4843
f 4843 6872 4844
f 4104 4103 6879
f 6879 4103 6343
f 4105 6293 6307
f 6307 6293 6876
f 4104 4956 4105
f 4105 4956 6293
f 4956 4104 4957
f 4957 4104 6879
f 4957 6879 6291
f 6291 6879 6309
f 4648 4988 4649
f 4649 4988 4953
f 4802 4803 4928
f 4928 4803 6550
f 6550 4803 6555
f 6555 4803 4951
f 1516 3173 4987
f 4987 3173 5006
f 6519 6518 6558
f 6558 6518 6510
f 6527 6519 6559
f 6559 6519 6558
f 6528 6560 6529
f 6529 6560 6541
f 6548 4625 6549
f 6549 4625 4624
f 6551 6552 4746
f 4746 6552 6505
f 6553 4711 6554
f 6554 4711 4710
f 4802 6551 4713
f 4713 6551 4746
f 6556 4973 4649
f 4649 4973 4646
f 6557 4949 6548
f 6548 4949 4625
f 4648 4647 6553
f 6553 4647 4711
f 6549 4624 4987
f 4987 4624 4838
f 6552 6518 6505
f 6505 6518 6507
f 6561 4372 6529
f 6529 4372 6514
f 6562 4369 6561
f 6561 4369 4372
f 3142 3482 6562
f 6562 3482 4369
f 6556 4952 6878
f 6878 4952 6874
f 4951 4950 6878
f 6878 4950 4974
f 3168 440 3952
f 4204 4203 5341
f 5341 4203 6364
f 4219 4222 6429
f 6429 4222 4383
f 4319 4322 6506
f 6506 4322 4747
f 4340 4714 4341
f 4341 4714 4384
f 4375 4377 6388
f 6388 4377 6546
f 4378 4381 6311
f 6311 4381 4720
f 4449 4341 4387
f 4387 4341 4384
f 4473 4472 4477
f 4477 4472 4474
f 4492 4491 4487
f 4487 4491 4488
f 4523 4491 4522
f 4522 4491 4490
f 4492 4538 4493
f 4493 4538 4555
f 4538 4553 4555
f 4555 4553 4556
f 4620 4615 4621
f 4621 4615 4618
f 4652 4651 4368
f 4368 4651 4365
f 4523 4655 4524
f 4524 4655 4656
f 4553 4667 4556
f 4556 4667 4571
f 4651 1210 4365
f 4365 1210 1209
f 4698 4697 5223
f 5223 4697 6344
f 4340 4339 4322
f 4322 4339 4747
f 4726 4729 5287
f 5287 4729 4198
f 4381 4380 4737
f 4737 4380 6368
f 4836 4835 4451
f 4451 4835 4709
f 4910 6367 4911
f 4911 6367 6366
f 4912 4915 6450
f 6450 4915 6449
f 4927 4836 4450
f 4450 4836 4451
f 4930 4929 4439
f 4439 4929 4436
f 4936 4935 4459
f 4459 4935 4456
f 4473 4655 4470
f 4470 4655 4510
f 4942 4583 4943
f 4943 4583 4572
f 4948 4601 4947
f 4947 4601 4584
f 4949 4835 4625
f 4625 4835 4626
f 4966 4969 6289
f 6289 4969 4695
f 4971 4652 4926
f 4926 4652 4368
f 4203 4977 6364
f 6364 4977 6365
f 4990 4989 4443
f 4443 4989 4440
f 4990 4991 4478
f 4478 4991 4512
f 4992 4991 4528
f 4528 4991 4515
f 4992 4993 4527
f 4527 4993 4485
f 4994 4993 4502
f 4502 4993 4503
f 4994 4995 4482
f 4482 4995 4550
f 4543 4996 4544
f 4544 4996 4995
f 4999 4998 4567
f 4567 4998 4578
f 5000 4998 4575
f 4575 4998 4997
f 5002 5001 4592
f 4592 5001 4574
f 5003 5004 4614
f 4614 5004 4611
f 3483 4215 1755
f 1755 4215 4698
f 5274 5277 4195
f 4195 5277 4223
f 4726 5295 4727
f 4727 5295 6350
f 5309 5342 5310
f 5310 5342 6363
f 5315 5314 5316
f 5316 5314 5317
f 5339 6362 5340
f 5340 6362 5363
f 5310 6363 5339
f 5339 6363 6362
f 4204 5309 4201
f 4201 5309 5308
f 4915 5345 6449
f 6449 5345 6448
f 5345 5315 6448
f 6448 5315 5316
f 5348 5347 6351
f 6351 5347 6352
f 5365 4263 5340
f 5340 4263 4262
f 6295 6298 4733
f 4733 6298 4734
f 4969 6306 4695
f 4695 6306 4696
f 6306 4378 4696
f 4696 4378 6311
f 6369 6372 6544
f 6544 6372 6545
f 4375 6390 4373
f 4373 6390 4374
f 6421 6422 4911
f 4911 6422 4908
f 4910 4909 4737
f 4737 4909 4736
f 5277 4219 4223
f 4223 4219 6429
f 4697 4222 6344
f 6344 4222 4221
f 6436 6361 6437
f 6437 6361 6360
f 6438 6440 6437
f 6437 6440 6434
f 6438 6359 6441
f 6441 6359 6358
f 6442 6441 6357
f 6357 6441 6358
f 6442 6444 6443
f 6443 6444 6445
f 6446 6444 6355
f 6355 6444 6356
f 6446 4912 6447
f 6447 4912 6450
f 6436 6435 5365
f 5365 6435 4263
f 5314 5347 5317
f 5317 5347 5346
f 4319 6512 4320
f 4320 6512 6513
f 6520 6512 6521
f 6521 6512 6508
f 6528 6520 6527
f 6527 6520 6521
f 6532 6539 6533
f 6533 6539 6535
f 6533 6535 6537
f 6537 6535 6534
f 6538 6543 6537
f 6537 6543 6536
f 6295 4377 6296
f 6296 4377 4376
f 4989 4930 4440
f 4440 4930 4439
f 4927 4929 4422
f 4422 4929 4455
f 4449 4936 4388
f 4388 4936 4459
f 4472 4935 4474
f 4474 4935 4932
f 4942 4940 4947
f 4947 4940 4939
f 5001 5000 4574
f 4574 5000 4575
f 4669 4943 4666
f 4666 4943 4667
f 4996 4999 4547
f 4547 4999 4567
f 4948 4946 4620
f 4620 4946 4615
f 5003 5002 4591
f 4591 5002 4592
f 6557 4971 6554
f 6554 4971 4926
f 6532 6560 6539
f 6539 6560 6559
f 6390 6372 4374
f 4374 6372 6371
f 4966 6298 4967
f 4967 6298 6297
f 6538 6526 6369
f 6369 6526 6370
f 6585 6589 4621
f 4621 6589 4619
f 6597 6578 6598
f 6598 6578 6577
f 6606 6583 6607
f 6607 6583 6603
f 6611 6602 6598
f 6598 6602 6596
f 6585 6584 6606
f 6606 6584 6583
f 6597 6580 5004
f 5004 6580 4611
f 6607 6603 6730
f 6730 6603 6732
f 6776 6785 6777
f 6777 6785 6784
f 6785 6776 6792
f 6792 6776 6782
f 6815 6814 6812
f 6812 6814 6813
f 6817 6814 6795
f 6795 6814 6796
f 6825 6784 6827
f 6827 6784 6783
f 6830 6815 6832
f 6832 6815 6812
f 6817 6795 6835
f 6835 6795 6837
f 6792 6782 6730
f 6730 6782 6728
f 6858 6825 6860
f 6860 6825 6827
f 6863 6830 6857
f 6857 6830 6832
f 6864 6863 6856
f 6856 6863 6857
f 6866 6858 6867
f 6867 6858 6860
f 6866 6864 6855
f 6855 6864 6856
f 6835 6837 6611
f 6611 6837 6602
f 6560 6528 6559
f 6559 6528 6527
f 4949 6557 4710
f 4710 6557 6554
f 4430 4090 4175
f 4175 4090 4089
f 4777 4113 4155
f 4155 4113 4086
f 4175 4089 4176
f 4176 4089 4142
f 4199 4271 4200
f 4200 4271 4798
f 4199 4095 4272
f 4272 4095 5273
f 4406 4405 4404
f 4404 4405 4346
f 4410 4409 6877
f 6877 4409 6876
f 4409 4413 6876
f 6876 4413 6307
f 4415 4148 4416
f 4416 4148 4147
f 4690 4405 4344
f 4344 4405 4342
f 4693 4692 4352
f 4352 4692 4349
f 4701 4700 6337
f 6337 4700 6338
f 4778 4777 4081
f 4081 4777 4155
f 4821 4406 4809
f 4809 4406 4404
f 4176 4142 4181
f 4181 4142 4415
f 4760 4970 4399
f 4399 4970 4692
f 4200 5007 4096
f 4096 5007 4078
f 5266 4693 5269
f 5269 4693 4352
f 5270 5007 5361
f 5361 5007 4797
f 4778 5270 4779
f 4779 5270 5361
f 6285 4410 6875
f 6875 4410 6877
f 6308 4413 4687
f 4687 4413 4412
f 6480 6320 6481
f 6481 6320 6880
f 4701 2878 4702
f 4702 2878 3472
f 6339 6347 6340
f 6340 6347 6348
f 6341 6342 6346
f 6346 6342 6345
f 4416 6308 4414
f 4414 6308 4687
f 6385 4690 6381
f 6381 4690 4344
f 5282 6341 5280
f 5280 6341 6339
f 4700 6342 6338
f 6338 6342 5281
f 6340 6348 4272
f 4272 6348 4270
f 6480 6479 4828
f 4828 6479 4829
f 6490 6479 6489
f 6489 6479 6478
f 4090 4430 6490
f 6490 4430 4429
f 6563 6564 4970
f 4970 6564 4815
f 4694 6566 4366
f 4366 6566 6563
f 6572 6385 6568
f 6568 6385 6381
f 4821 6285 4822
f 4822 6285 6875
f 6572 5266 6569
f 6569 5266 5269
f 3482 3103 4369
f 4369 3103 4370
f 3121 4730 3485
f 3485 4730 4327
f 6277 6280 6273
f 6273 6280 6272
f 6267 6276 6278
f 6278 6276 6279
f 6278 6279 6277
f 6277 6279 6280
f 6279 6256 6280
f 6280 6256 6255
f 6256 3857 6255
f 6255 3857 3754
f 3857 3856 3754
f 3754 3856 3755
f 3856 3703 3755
f 3755 3703 3863
f 3703 3702 3863
f 3863 3702 3759
f 3702 3706 3759
f 3759 3706 3670
f 3706 3705 3670
f 3670 3705 3668
f 3705 3773 3668
f 3668 3773 3882
f 3882 3773 3883
f 3883 3773 3707
f 3707 3708 3883
f 3883 3708 3880
f 3708 3710 3880
f 3880 3710 3881
f 3709 5241 3710
f 3710 5241 3881
f 5241 3709 5234
f 5234 3709 3786
f 3693 3712 3786
f 3786 3712 5234
f 4051 4055 4052
f 4052 4055 4056
f 4056 4055 4057
f 4057 4055 4054
f 4066 5238 5236
f 5236 5238 3989
f 4066 4069 5238
f 5238 4069 4035
f 6881 3962 3960
f 3960 3962 3957
f 6883 4070 6882
f 6882 4070 3941
f 4070 6883 4071
f 4071 6883 6884
f 4071 6884 4072
f 4072 6884 6885
f 6885 6886 4072
f 4072 6886 4031
f 3955 6881 3956
f 3956 6881 3960
f 6884 3991 6885
f 6885 3991 3990
f 6883 6887 6884
f 6884 6887 3991
f 6887 6888 3991
f 3991 6888 3992
f 6888 6887 6889
f 6889 6887 6890
f 6887 6883 6890
f 6890 6883 6882
f 4058 5240 3953
f 3953 5240 3954
f 5236 6888 5239
f 5239 6888 6889
f 5237 6886 3990
f 3990 6886 6885
f 4034 4031 5237
f 5237 4031 6886
f 6881 6882 3962
f 3962 6882 3941
f 6881 3955 6882
f 6882 3955 6890
f 3955 3954 6890
f 6890 3954 6889
f 5239 6889 5240
f 5240 6889 3954
f 6888 5236 3992
f 3992 5236 3989
f 3869 3868 3888
f 3888 3868 4015
f 3868 4012 4015
f 4015 4012 4010
f 4012 4022 4010
f 4010 4022 4009
f 4022 4021 4009
f 4009 4021 4018
f 4020 3974 4001
f 4001 3974 3996
f 4021 4020 4029
f 4029 4020 4001
f 4085 4156 4086
f 4086 4156 4155
f 4113 4777 4114
f 4114 4777 4776
f 4130 4129 4094
f 4094 4129 4091
f 4139 4773 4140
f 4140 4773 4772
f 4149 4178 4150
f 4150 4178 5225
f 4160 4159 4087
f 4087 4159 4088
f 4149 4148 4179
f 4179 4148 4141
f 4085 4084 4183
f 4183 4084 6315
f 4179 4141 4159
f 4159 4141 4088
f 4192 4130 4162
f 4162 4130 4094
f 4197 5288 4198
f 4198 5288 5287
f 4229 4766 4230
f 4230 4766 4771
f 4245 4246 4242
f 4242 4246 4249
f 4183 6315 4418
f 4418 6315 6314
f 4679 4178 4680
f 4680 4178 4177
f 4724 4798 4725
f 4725 4798 4271
f 4728 5275 4729
f 4729 5275 5274
f 4230 4771 4249
f 4249 4771 4242
f 4724 4723 4799
f 4799 4723 5355
f 4823 4824 4891
f 4891 4824 6327
f 4823 4192 4161
f 4161 4192 4162
f 4893 4767 4229
f 4229 4767 4766
f 4894 4895 4898
f 4898 4895 4899
f 4106 4150 4103
f 4103 4150 5225
f 4680 4894 4677
f 4677 4894 4898
f 6420 4977 5301
f 5301 4977 4976
f 4679 4678 5226
f 5226 4678 4427
f 5228 5008 4893
f 4893 5008 4767
f 5285 6354 5286
f 5286 6354 5343
f 5289 5352 5290
f 5290 5352 5349
f 5290 5349 5295
f 5295 5349 5348
f 5302 5299 4202
f 4202 5299 4976
f 4725 4271 5311
f 5311 4271 4270
f 5325 4723 5326
f 5326 4723 4722
f 5335 5355 5325
f 5325 5355 4723
f 5326 4722 5286
f 5286 4722 5283
f 4799 5357 4797
f 4797 5357 5361
f 5359 5356 5335
f 5335 5356 5355
f 4775 4774 5356
f 5356 4774 5357
f 5359 5358 4092
f 4092 5358 4093
f 6316 4740 6317
f 6317 4740 4739
f 6318 4827 6316
f 6316 4827 4740
f 6319 4828 6318
f 6318 4828 4827
f 6320 6480 6319
f 6319 6480 4828
f 6484 6322 6485
f 6485 6322 6321
f 6487 6324 6331
f 6331 6324 6323
f 6331 6323 6330
f 6330 6323 6325
f 6325 6326 6330
f 6330 6326 6329
f 6326 6328 6329
f 6329 6328 5231
f 4824 4685 5228
f 5228 4685 5008
f 5226 6343 5225
f 5225 6343 4103
f 4728 4727 6349
f 6349 4727 5284
f 6350 6351 5285
f 5285 6351 6354
f 4247 4246 6418
f 6418 4246 6365
f 6400 6402 6401
f 6401 6402 6459
f 4197 4196 6409
f 6409 4196 6426
f 6412 4897 6328
f 6328 4897 5231
f 6413 4133 6412
f 6412 4133 4897
f 6414 4134 6413
f 6413 4134 4133
f 6415 4225 6414
f 6414 4225 4134
f 6416 4252 6415
f 6415 4252 4225
f 6417 4253 6416
f 6416 4253 4252
f 4253 6417 6366
f 6366 6417 6419
f 6366 6419 4911
f 4911 6419 6421
f 6422 6423 4908
f 4908 6423 5298
f 5298 6423 6396
f 6396 6423 6424
f 6409 6426 6425
f 6425 6426 6397
f 5300 5299 6399
f 6399 5299 6400
f 6465 6408 6401
f 6401 6408 6398
f 6424 6399 6425
f 6425 6399 6398
f 6349 5284 5311
f 5311 5284 5283
f 6465 6464 5289
f 5289 6464 5352
f 6488 6483 6492
f 6492 6483 6482
f 6486 6491 6482
f 6482 6491 6492
f 6491 4895 6492
f 6492 4895 4157
f 6488 4160 6489
f 6489 4160 4087
f 6501 6502 4418
f 4418 6502 4417
f 6504 6500 6317
f 6317 6500 6314
f 3497 3496 6501
f 6501 3496 6502
f 3499 3498 6504
f 6504 3498 6500
f 4729 5274 4198
f 4198 5274 4195
f 6418 6365 6420
f 6420 6365 4977
f 5295 5348 6350
f 6350 5348 6351
f 5301 6422 6420
f 6420 6422 6421
f 4113 4112 4086
f 4086 4112 4083
f 6320 4112 6880
f 6880 4112 4111
f 4091 4772 4092
f 4092 4772 4775
f 4129 4140 4091
f 4091 4140 4772
f 4137 4140 4128
f 4128 4140 4129
f 4128 6324 4137
f 4137 6324 6321
f 6324 6487 6321
f 6321 6487 6485
f 6487 6486 6485
f 6485 6486 6482
f 4774 4773 4779
f 4779 4773 4776
f 4773 4139 4776
f 4776 4139 4114
f 4139 4138 4114
f 4114 4138 4111
f 4138 6322 4111
f 4111 6322 6880
f 6322 6484 6880
f 6880 6484 6481
f 6484 6483 6481
f 6481 6483 6478
f 6879 6343 6309
f 6309 6343 4428
f 4106 4105 4900
f 4900 4105 6307
f 3500 3167 6495
f 6495 3167 6496
f 3500 6495 3070
f 3070 6495 5368
f 3502 5235 3501
f 3501 5235 4813
f 3024 3503 6473
f 6473 3503 6474
f 3503 3023 6474
f 6474 3023 6374
f 3504 1770 4348
f 4348 1770 4345
f 3502 3505 5235
f 5235 3505 4810
f 3498 3497 6500
f 6500 3497 6501
f 3496 3075 6502
f 6502 3075 6275
f 6299 4254 3174
f 3174 4254 3017
f 1769 3501 4814
f 4814 3501 4813
f 3506 3018 6476
f 6476 3018 4257
f 3507 3499 6499
f 6499 3499 6504
f 3030 4216 3483
f 3483 4216 4215
f 3077 3507 6333
f 6333 3507 6499
f 1784 3160 5249
f 5249 3160 6523
f 3015 3506 4240
f 4240 3506 6476
f 3508 3504 6383
f 6383 3504 4348
f 3509 3016 6477
f 6477 3016 4239
f 3028 3509 6467
f 6467 3509 6477
f 3022 1785 5246
f 5246 1785 5247
f 3161 3508 6570
f 6570 3508 6383
f 3150 3149 4694
f 4694 3149 6566
f 1327 4807 3510
f 3510 4807 4811
f 3510 4811 3505
f 3505 4811 4810
f 3146 3511 4816
f 4816 3511 4350
f 3511 1808 4350
f 4350 1808 4351
f 3485 4327 3159
f 3159 4327 4330
f 1326 3512 4806
f 4806 3512 6310
f 3512 1331 6310
f 6310 1331 4688
