v -0.027053045108914375 0.5986444354057312 5.204119682312012
v -0.02950233966112137 0.5842373967170715 5.2129106521606445
v -0.021661123260855675 0.5807138681411743 5.201429843902588
v -0.01926502026617527 0.591442883014679 5.1908183097839355
v -0.02224229834973812 0.5714245438575745 5.209815979003906
v -0.029918882995843887 0.5722224116325378 5.217139720916748
v -0.017208626493811607 0.5748167037963867 5.191398620605469
v -0.015708085149526596 0.5823090076446533 5.1793928146362305
v -0.010930380783975124 0.5390937924385071 5.180266857147217
v -0.009482908062636852 0.534564197063446 5.169022083282471
v -0.010860959999263287 0.547073483467102 5.171658515930176
v -0.012974760495126247 0.5481600761413574 5.181201934814453
v -0.011281701736152172 0.5132583379745483 5.1772871017456055
v -0.014090902172029018 0.5046008825302124 5.187377452850342
v -0.014313199557363987 0.49557408690452576 5.176991939544678
v -0.012871996499598026 0.5041474103927612 5.166749954223633
v -0.03919350728392601 0.5164718627929688 5.216817378997803
v -0.03415485471487045 0.5105323195457458 5.214883327484131
v -0.030810559168457985 0.5174285769462585 5.213334560394287
v -0.0366559699177742 0.5224787592887878 5.214498043060303
v -0.04690201207995415 0.525657057762146 5.224081993103027
v -0.046882715076208115 0.5310731530189514 5.220885753631592
v -0.05060369521379471 0.534792959690094 5.227379322052002
v -0.049569785594940186 0.5286781787872314 5.230753421783447
v -0.04415413737297058 0.5108519792556763 5.2180914878845215
v -0.03883181884884834 0.5045981407165527 5.2148942947387695
v -0.043461378663778305 0.5216703414916992 5.219118118286133
v -0.0447886697947979 0.5173259377479553 5.222039699554443
v -0.04503067582845688 0.5112661123275757 5.2320027351379395
v -0.04417998716235161 0.5161734223365784 5.230811595916748
v -0.045690879225730896 0.5171852707862854 5.237343788146973
v -0.046574074774980545 0.5115059614181519 5.236239910125732
v -0.044482287019491196 0.5104485154151917 5.222060203552246
v -0.04368506744503975 0.5133876800537109 5.224430561065674
v -0.045161694288253784 0.5095739960670471 5.22724723815918
v -0.04708748683333397 0.5074546337127686 5.22556734085083
v -0.046796925365924835 0.5211043357849121 5.226866245269775
v -0.04804236814379692 0.5233280658721924 5.234728813171387
v -0.05012327805161476 0.5245672464370728 5.241702556610107
v -0.047927260398864746 0.516793429851532 5.244706630706787
v -0.0251404270529747 0.49797675013542175 5.205677509307861
v -0.029043177142739296 0.5044190883636475 5.210968017578125
v -0.03367328271269798 0.4992312490940094 5.211820125579834
v -0.02984335459768772 0.4942200481891632 5.208683490753174
v -0.04672178998589516 0.5046755075454712 5.221716403961182
v -0.04262540861964226 0.4898207485675812 5.221198558807373
v -0.042495276778936386 0.49355044960975647 5.221154689788818
v -0.047275006771087646 0.4941517412662506 5.226150989532471
v -0.04675845429301262 0.49066153168678284 5.226149559020996
v -0.022334158420562744 0.4844113886356354 5.195427417755127
v -0.02677214704453945 0.4830375015735626 5.201790809631348
v -0.027002595365047455 0.4765121638774872 5.198299884796143
v -0.02316783368587494 0.4766140878200531 5.191989421844482
v -0.029361853376030922 0.4710032045841217 5.198409080505371
v -0.025574564933776855 0.4692378342151642 5.190162181854248
v -0.034096091985702515 0.4556545913219452 5.192196846008301
v -0.029520254582166672 0.46182069182395935 5.191310405731201
v -0.03262045979499817 0.46561625599861145 5.199948310852051
v -0.03641583025455475 0.4606489837169647 5.204652309417725
v -0.04478700831532478 0.4641532003879547 5.214478015899658
v -0.049374520778656006 0.46250781416893005 5.218520641326904
v -0.045619044452905655 0.45142868161201477 5.2153849601745605
v -0.04091377928853035 0.4551699459552765 5.209970951080322
v -0.04394025355577469 0.48382607102394104 5.216747760772705
v -0.04105972498655319 0.48407772183418274 5.21371603012085
v -0.040134496986866 0.4856823980808258 5.215668201446533
v -0.04305103048682213 0.48641398549079895 5.219099998474121
v -0.038107313215732574 0.4839527904987335 5.210258960723877
v -0.036736976355314255 0.48375973105430603 5.209014415740967
v -0.0365750752389431 0.4850011169910431 5.2101006507873535
v -0.03809826076030731 0.4846285879611969 5.210967063903809
v -0.03973979502916336 0.4841814339160919 5.211946487426758
v -0.04070095345377922 0.4823226034641266 5.212234020233154
v -0.038957152515649796 0.48307761549949646 5.210264682769775
v -0.04316553473472595 0.4813595712184906 5.215320587158203
v -0.052257075905799866 0.47873446345329285 5.2267961502075195
v -0.04916392266750336 0.4792874753475189 5.224236965179443
v -0.05094730854034424 0.483364075422287 5.224053859710693
v -0.05361444130539894 0.48316720128059387 5.22587251663208
v -0.037834011018276215 0.48684921860694885 5.2129411697387695
v -0.035661496222019196 0.48846063017845154 5.211677074432373
v -0.03833530470728874 0.49099430441856384 5.215116500854492
v -0.039486341178417206 0.4883407652378082 5.216299533843994
v -0.03323124721646309 0.49061551690101624 5.2103705406188965
v -0.034728195518255234 0.4863995611667633 5.209928035736084
v -0.03195851668715477 0.4874301850795746 5.208613395690918
v -0.037461716681718826 0.4821884334087372 5.209101676940918
v -0.035280775278806686 0.48079684376716614 5.2070088386535645
v -0.034330010414123535 0.4832688271999359 5.207544803619385
v -0.03695472702383995 0.4777573049068451 5.207515239715576
v -0.039256501942873 0.48035499453544617 5.210603713989258
v -0.041587360203266144 0.4785606563091278 5.214056015014648
v -0.044606518000364304 0.4767548143863678 5.218573570251465
v -0.04298129305243492 0.4724179208278656 5.214557647705078
v -0.039485905319452286 0.4750162661075592 5.211151123046875
v -0.03674672916531563 0.49504533410072327 5.215073585510254
v -0.0310401301831007 0.4830470383167267 5.205079078674316
v -0.02797737531363964 0.48920074105262756 5.204612731933594
v -0.03155619651079178 0.47858431935310364 5.203639030456543
v -0.03348737955093384 0.4744686782360077 5.204327583312988
v -0.036667291074991226 0.4705314338207245 5.206991672515869
v -0.04036400839686394 0.46715661883354187 5.2108025550842285
v -0.046287357807159424 0.4437340199947357 5.203718185424805
v -0.040033962577581406 0.4491213858127594 5.199865341186523
v -0.031773410737514496 0.5642629861831665 5.215764045715332
v -0.02440660633146763 0.5639351606369019 5.211743354797363
v -0.0246399138122797 0.5561647415161133 5.207051753997803
v -0.023102695122361183 0.5582754015922546 5.205698013305664
v -0.027227573096752167 0.5596622228622437 5.2100396156311035
v -0.027920952066779137 0.556979775428772 5.210018634796143
v -0.016457749530673027 0.5496172308921814 5.188089847564697
v -0.019506044685840607 0.5509203672409058 5.193262100219727
v -0.019253864884376526 0.5474600791931152 5.192502975463867
v -0.014562017284333706 0.5431854724884033 5.186555862426758
v -0.02361115999519825 0.5396376848220825 5.200984001159668
v -0.020621543750166893 0.5410957336425781 5.196798801422119
v -0.024001384153962135 0.5473344922065735 5.2000579833984375
v -0.026043865829706192 0.5463780164718628 5.203577995300293
v -0.02881716750562191 0.5456750392913818 5.206704139709473
v -0.0322648249566555 0.5455847382545471 5.209709167480469
v -0.03186602145433426 0.5402613878250122 5.208812236785889
v -0.027604112401604652 0.5396624803543091 5.205718994140625
v -0.033095598220825195 0.560238242149353 5.2130608558654785
v -0.04003073647618294 0.5590078830718994 5.214946269989014
v -0.03879197686910629 0.556204617023468 5.213646411895752
v -0.03273605927824974 0.5572150945663452 5.212870121002197
v -0.04905765876173973 0.5490326285362244 5.212283134460449
v -0.04786071926355362 0.5515019297599792 5.212791442871094
v -0.050778694450855255 0.5527302622795105 5.215150833129883
v -0.05157634988427162 0.5484395623207092 5.214459419250488
v -0.049239445477724075 0.5454900860786438 5.213292121887207
v -0.047692593187093735 0.5475470423698425 5.21235990524292
v -0.03741168603301048 0.6200457811355591 5.203671455383301
v -0.03783341497182846 0.602922797203064 5.216032981872559
v -0.025868147611618042 0.6136799454689026 5.189945697784424
v -0.01778864674270153 0.6026249527931213 5.176985740661621
v -0.014102556742727757 0.5891814231872559 5.166738510131836
v -0.01794883981347084 0.48874732851982117 5.186595439910889
v -0.018396731466054916 0.48041823506355286 5.1814374923706055
v -0.015362017787992954 0.487051397562027 5.167442321777344
v -0.01837289147078991 0.47790899872779846 5.164109230041504
v -0.02121947892010212 0.4708332121372223 5.177964687347412
v -0.034351449459791183 0.45354339480400085 5.178711414337158
v -0.026366040110588074 0.4613916575908661 5.1779937744140625
v -0.024490920826792717 0.46863487362861633 5.159460544586182
v -0.022659534588456154 0.4801984131336212 5.142904758453369
v -0.01767968013882637 0.4872024357318878 5.1497907638549805
v -0.023543469607830048 0.4954390823841095 5.131430149078369
v -0.030235353857278824 0.47301366925239563 5.135034561157227
v -0.02836073376238346 0.49414995312690735 5.124519348144531
v -0.04023556038737297 0.438914030790329 5.144272327423096
v -0.03774503245949745 0.426954984664917 5.143421649932861
v -0.030997881665825844 0.433494508266449 5.1285505294799805
v -0.03210272267460823 0.44513848423957825 5.130703926086426
v -0.014248519204556942 0.4952176511287689 5.156046390533447
v -0.012722940184175968 0.5582506656646729 5.163251876831055
v -0.013486805371940136 0.5576133728027344 5.174352169036865
v -0.010630575008690357 0.545048177242279 5.15960693359375
v -0.01869790442287922 0.6181746125221252 5.142587184906006
v -0.018356584012508392 0.6121655702590942 5.161378860473633
v -0.012893103994429111 0.5963010787963867 5.152252674102783
v -0.014064515940845013 0.6025751233100891 5.136816024780273
v -0.04381776601076126 0.6513112187385559 5.1574602127075195
v -0.03855043277144432 0.6380246877670288 5.183440208435059
v -0.027238808572292328 0.6271681189537048 5.17189884185791
v -0.02984778955578804 0.6379855275154114 5.150765895843506
v -0.01577659696340561 0.6044314503669739 5.1214518547058105
v -0.02014225162565708 0.6045609712600708 5.104493618011475
v -0.02854960784316063 0.6188589334487915 5.098548412322998
v -0.023619262501597404 0.6221190094947815 5.120086669921875
v -0.042941730469465256 0.6369325518608093 5.094482898712158
v -0.03648248687386513 0.6403090953826904 5.121123790740967
v -0.030599674209952354 0.4802323281764984 5.1165924072265625
v -0.03131890296936035 0.4988279640674591 5.112369060516357
v -0.03329905495047569 0.4582100212574005 5.134027481079102
v -0.03042680397629738 0.4643078148365021 5.117402076721191
v -0.06197816878557205 0.6486300230026245 5.096134662628174
v -0.053768839687108994 0.6547694802284241 5.1255879402160645
v -0.043890900909900665 0.5809320211410522 5.063135147094727
v -0.040385521948337555 0.5980492830276489 5.069626331329346
v -0.02810431271791458 0.5868481993675232 5.082601070404053
v -0.03235144913196564 0.5729010105133057 5.075229644775391
v -0.05919867008924484 0.5896233320236206 5.051663398742676
v -0.05649274215102196 0.6095499992370605 5.058838844299316
v -0.05050252377986908 0.525712251663208 5.068567752838135
v -0.05298861116170883 0.5080403685569763 5.076727390289307
v -0.06440405547618866 0.5090113282203674 5.068031311035156
v -0.06343451142311096 0.5273711085319519 5.057827949523926
v -0.01775287836790085 0.5679407715797424 5.199592113494873
v -0.019846413284540176 0.561873733997345 5.204526424407959
v -0.017969947308301926 0.5591153502464294 5.198552131652832
v -0.015842007473111153 0.5631090402603149 5.191897392272949
v -0.01525543536990881 0.5669975876808167 5.181556701660156
v -0.014773736707866192 0.5710379481315613 5.169058322906494
v -0.012211243622004986 0.5823595523834229 5.144814968109131
v -0.012295243330299854 0.5893932580947876 5.131765365600586
v -0.016916418448090553 0.591087818145752 5.106745719909668
v -0.013709408231079578 0.5909647941589355 5.1199870109558105
v -0.023110078647732735 0.5743288397789001 5.090198516845703
v -0.026562144979834557 0.5656962394714355 5.086617946624756
v -0.03616950660943985 0.5085054636001587 5.099066257476807
v -0.03719155490398407 0.4865739047527313 5.10162878036499
v -0.046282362192869186 0.48908212780952454 5.091240406036377
v -0.044792111963033676 0.5084853768348694 5.086392402648926
v -0.06463854759931564 0.49080392718315125 5.074744701385498
v -0.0556977242231369 0.4900617301464081 5.0822038650512695
v -0.034920793026685715 0.453328400850296 5.104394912719727
v -0.03327692300081253 0.4393937289714813 5.1009135246276855
v -0.03929438441991806 0.4423693120479584 5.088707447052002
v -0.04255317151546478 0.4553718864917755 5.091701984405518
v -0.04705064743757248 0.44225260615348816 5.079263687133789
v -0.05706683173775673 0.4410799443721771 5.073209762573242
v -0.061328157782554626 0.45545676350593567 5.0741095542907715
v -0.05243195593357086 0.45588424801826477 5.08067512512207
v -0.055863942950963974 0.41772836446762085 5.16005277633667
v -0.055428795516490936 0.40722158551216125 5.157449245452881
v -0.045847710222005844 0.4110705852508545 5.151698589324951
v -0.04786403104662895 0.4220080077648163 5.153565406799316
v -0.030123790726065636 0.42831239104270935 5.098397254943848
v -0.03489035367965698 0.43256768584251404 5.084649562835693
v -0.04054456576704979 0.5249672532081604 5.081018447875977
v -0.03409404307603836 0.5268387794494629 5.0902533531188965
v -0.042079485952854156 0.4326920211315155 5.074251174926758
v -0.054444655776023865 0.4720918834209442 5.083512783050537
v -0.04554057493805885 0.4705919921398163 5.092152118682861
v -0.07700701057910919 0.49211177229881287 5.069464206695557
v -0.07778340578079224 0.5100522637367249 5.06146240234375
v -0.04220972955226898 0.527187168598175 5.217745780944824
v -0.041405148804187775 0.5425222516059875 5.212296485900879
v -0.04095718264579773 0.5463811755180359 5.212023735046387
v -0.04487867280840874 0.5469413995742798 5.212649345397949
v -0.04568276181817055 0.5438377261161804 5.213298797607422
v -0.05101349204778671 0.5826395153999329 5.2294135093688965
v -0.05156508833169937 0.5653719902038574 5.229006290435791
v -0.03979000821709633 0.5702666640281677 5.22452449798584
v -0.03966737538576126 0.5846267342567444 5.222455978393555
v -0.016014261171221733 0.5160255432128906 5.198728561401367
v -0.023068446666002274 0.5206854343414307 5.206664562225342
v -0.025079935789108276 0.5114345550537109 5.209155082702637
v -0.020433980971574783 0.5048109292984009 5.202475547790527
v -0.021441947668790817 0.5521253347396851 5.198291301727295
v -0.02009035460650921 0.5540700554847717 5.197178840637207
v -0.021758629009127617 0.5536447763442993 5.200786590576172
v -0.02350432425737381 0.49162396788597107 5.20074462890625
v -0.018507791683077812 0.4968775808811188 5.194385528564453
v -0.01064999122172594 0.5304674506187439 5.158308029174805
v -0.014795803464949131 0.5563575029373169 5.18449068069458
v -0.06386813521385193 0.6600028872489929 5.16762638092041
v -0.05561099573969841 0.6441866159439087 5.1959943771362305
v -0.08213482052087784 0.6577866673469543 5.10164737701416
v -0.07381267100572586 0.6639381647109985 5.133126258850098
v -0.07554207742214203 0.6177168488502502 5.053800106048584
v -0.07762487232685089 0.5960839986801147 5.045328617095947
v -0.09624996781349182 0.6009975075721741 5.042509078979492
v -0.0951223149895668 0.6250256896018982 5.053938865661621
v -0.07854186743497849 0.5290248394012451 5.0509490966796875
v -0.06828358769416809 0.44025808572769165 5.066287994384766
v -0.07227060943841934 0.45677533745765686 5.069541931152344
v -0.051420118659734726 0.6230988502502441 5.214611530303955
v -0.05003608390688896 0.6022384762763977 5.224992275238037
v -0.01322250533849001 0.5758196711540222 5.156981468200684
v -0.010041029192507267 0.5299495458602905 5.182042598724365
v -0.013463417999446392 0.5368295907974243 5.18897008895874
v -0.014506935141980648 0.5323521494865417 5.193799018859863
v -0.01128500048071146 0.5226826667785645 5.187501430511475
v -0.009834430180490017 0.522336483001709 5.171540260314941
v -0.01220895629376173 0.5158555507659912 5.158654689788818
v -0.014986150898039341 0.5095120668411255 5.1440839767456055
v -0.01916571520268917 0.5002140402793884 5.137571811676025
v -0.0252207200974226 0.5995585322380066 5.090778350830078
v -0.03707466274499893 0.6125733852386475 5.078627586364746
v -0.050888627767562866 0.6256332397460938 5.072925567626953
v -0.06971094012260437 0.6353261470794678 5.070141315460205
v -0.02149442583322525 0.588564395904541 5.094605445861816
v -0.08931422233581543 0.6440920829772949 5.074073791503906
v -0.04824802652001381 0.4984889328479767 5.225836753845215
v -0.042667731642723083 0.49900296330451965 5.219207763671875
v -0.049916476011276245 0.5022937059402466 5.226161956787109
v -0.04797481372952461 0.47524693608283997 5.222901344299316
v -0.05145682767033577 0.47420135140419006 5.224893569946289
v -0.051173318177461624 0.4693903625011444 5.22099494934082
v -0.04703349247574806 0.47052451968193054 5.218429088592529
v -0.05044350400567055 0.4419528543949127 5.189015865325928
v -0.04295184463262558 0.4471040666103363 5.1835503578186035
v -0.055800214409828186 0.4275158941745758 5.163207054138184
v -0.0485764741897583 0.4321002960205078 5.15605354309082
v -0.04911927133798599 0.5100167393684387 5.231383800506592
v -0.05051751062273979 0.5102456212043762 5.232144355773926
v -0.05125655606389046 0.5094220638275146 5.229820251464844
v -0.04947717487812042 0.509448230266571 5.228941917419434
v -0.03895283862948418 0.4852130115032196 5.213287830352783
v -0.05065441504120827 0.4901018440723419 5.228764057159424
v -0.05333823710680008 0.48969677090644836 5.230574607849121
v -0.053381890058517456 0.4864685833454132 5.2290263175964355
v -0.05061555281281471 0.4866049587726593 5.226571083068848
v -0.035253334790468216 0.45778557658195496 5.158557891845703
v -0.040358953177928925 0.44985583424568176 5.148847579956055
v -0.029610006138682365 0.43552932143211365 5.115528106689453
v -0.030468445271253586 0.4496054947376251 5.1170878410339355
v -0.03608284890651703 0.4689863622188568 5.103434085845947
v -0.06391695141792297 0.47378531098365784 5.07472038269043
v -0.07440786808729172 0.47441723942756653 5.069774627685547
v -0.0985405296087265 0.47664037346839905 5.0688581466674805
v -0.1027042493224144 0.4930403530597687 5.0672197341918945
v -0.08931565284729004 0.492562860250473 5.065370082855225
v -0.08678057044744492 0.47573843598365784 5.068922519683838
v -0.0456237867474556 0.4461328089237213 5.169871807098389
v -0.053641706705093384 0.44063958525657654 5.176271915435791
v -0.05550277978181839 0.43624716997146606 5.1686930656433105
v -0.04827949032187462 0.4414041340351105 5.161314487457275
v -0.05369086563587189 0.5069164633750916 5.234046936035156
v -0.0545227937400341 0.5056062936782837 5.235148906707764
v -0.05481712520122528 0.5037699937820435 5.231880187988281
v -0.05333613604307175 0.5058789253234863 5.230611801147461
v -0.04911985248327255 0.5077821612358093 5.22673225402832
v -0.0511624701321125 0.5068607926368713 5.2281060218811035
v -0.050771564245224 0.5048462748527527 5.226653575897217
v -0.04754020646214485 0.5099441409111023 5.231982231140137
v -0.04783007502555847 0.5088143944740295 5.228496551513672
v -0.050655338913202286 0.5099713802337646 5.237468719482422
v -0.04851023852825165 0.5100299119949341 5.234778881072998
v -0.0493415929377079 0.5094218850135803 5.241228103637695
v -0.05268867313861847 0.5081522464752197 5.231912612915039
v -0.05264153704047203 0.5071566700935364 5.229941368103027
v -0.05008584260940552 0.5086694359779358 5.227989673614502
v -0.051587700843811035 0.5082725882530212 5.228375434875488
v -0.051013097167015076 0.5100594162940979 5.234802722930908
v -0.0496763214468956 0.5101538896560669 5.233314037322998
v -0.05200924724340439 0.5312068462371826 5.237838268280029
v -0.0568275973200798 0.5315498113632202 5.241489410400391
v -0.05534769967198372 0.5243944525718689 5.246072769165039
v -0.053898170590400696 0.5163623094558716 5.249853610992432
v -0.05415596067905426 0.50868159532547 5.246402740478516
v -0.062200646847486496 0.43279528617858887 5.171809196472168
v -0.06282360851764679 0.4244072735309601 5.1680192947387695
v -0.06510528922080994 0.6003040075302124 5.231407642364502
v -0.06305304914712906 0.5803365707397461 5.23365592956543
v -0.03874572366476059 0.48416319489479065 5.210967540740967
v -0.04029058292508125 0.5629977583885193 5.2189483642578125
v -0.01856466569006443 0.5298662781715393 5.200613975524902
v -0.03614886850118637 0.5289248824119568 5.212471008300781
v -0.029893599450588226 0.5250256061553955 5.209745407104492
v -0.03085414133965969 0.5330216288566589 5.208950996398926
v -0.03641226887702942 0.5353429913520813 5.2114577293396
v -0.048805635422468185 0.5593207478523254 5.2206220626831055
v -0.05556001514196396 0.5546785593032837 5.227756500244141
v -0.05361556634306908 0.5536556839942932 5.220312118530273
v -0.054040905088186264 0.5472493171691895 5.21941614151001
v -0.05483238771557808 0.5452098250389099 5.226792812347412
v -0.05150896683335304 0.5392630696296692 5.221753120422363
v -0.05133623629808426 0.5425127148628235 5.217062473297119
v -0.022666627541184425 0.5548344850540161 5.203097820281982
v -0.020970165729522705 0.5566469430923462 5.20196533203125
v -0.047076720744371414 0.5357188582420349 5.218282699584961
v -0.04193652421236038 0.5321481823921204 5.2142510414123535
v -0.04182380065321922 0.5374131798744202 5.212524890899658
v -0.04687656834721565 0.5395234227180481 5.214182376861572
v -0.024680474773049355 0.530746579170227 5.205299377441406
v -0.01715139113366604 0.5551483035087585 5.192129611968994
v -0.019332006573677063 0.544035017490387 5.194308757781982
v -0.029001720249652863 0.5315489172935486 5.098175525665283
v -0.0303508173674345 0.5199398994445801 5.104757308959961
v -0.019810091704130173 0.5090177655220032 5.118710517883301
v -0.02148498222231865 0.5048195719718933 5.122926235198975
v -0.02727336250245571 0.5075878500938416 5.120543479919434
v -0.022799745202064514 0.5118970274925232 5.116588115692139
v -0.01732480153441429 0.5622315406799316 5.105743408203125
v -0.018627073615789413 0.5695098638534546 5.10383939743042
v -0.016476748511195183 0.5698336958885193 5.11049222946167
v -0.017317531630396843 0.5623442530632019 5.108501434326172
v -0.01555644441395998 0.564751148223877 5.1154069900512695
v -0.015034454874694347 0.5679865479469299 5.117056369781494
v -0.01519078854471445 0.5598050355911255 5.118420124053955
v -0.01596253737807274 0.5602016448974609 5.1150803565979
v -0.013688293285667896 0.5783925652503967 5.1185150146484375
v -0.01275924313813448 0.5753646492958069 5.128608703613281
v -0.014541146345436573 0.5639472603797913 5.124902725219727
v -0.013190138153731823 0.5589732527732849 5.147159099578857
v -0.015536886639893055 0.549688994884491 5.1345062255859375
v -0.014966596849262714 0.5577650666236877 5.130545139312744
v -0.013444182462990284 0.568935751914978 5.138646602630615
v -0.019796917214989662 0.5088109374046326 5.127307415008545
v -0.018439780920743942 0.5155139565467834 5.131046772003174
v -0.03010888770222664 0.5115957856178284 5.112265586853027
v -0.11655422300100327 0.6096935272216797 5.049447059631348
v -0.11409865319728851 0.6330183148384094 5.064084529876709
v -0.04639340937137604 0.5634768009185791 5.061991214752197
v -0.06095423549413681 0.5687248706817627 5.049677848815918
v -0.0354180634021759 0.5577266812324524 5.073207378387451
v -0.02879403531551361 0.5535660982131958 5.085134029388428
v -0.07620064914226532 0.5754259824752808 5.041269302368164
v -0.09200641512870789 0.5755391120910645 5.040057182312012
v -0.0120476009324193 0.5417084693908691 5.146095275878906
v -0.016225585713982582 0.5373998284339905 5.134500980377197
v -0.0482713058590889 0.5442387461662292 5.062633037567139
v -0.062327008694410324 0.5485354065895081 5.051957130432129
v -0.03790663182735443 0.5410010814666748 5.074835777282715
v -0.031237930059432983 0.5406291484832764 5.0859694480896
v -0.07901692390441895 0.5547901391983032 5.0443596839904785
v -0.09402700513601303 0.5277596116065979 5.0483927726745605
v -0.09623918682336807 0.5507120490074158 5.041677951812744
v -0.01841919682919979 0.5199730396270752 5.1197099685668945
v -0.01860826648771763 0.5175278782844543 5.12410831451416
v -0.01891774870455265 0.511532187461853 5.121912479400635
v -0.016838662326335907 0.5141448378562927 5.1198577880859375
v -0.013437812216579914 0.5265704989433289 5.144587993621826
v -0.01669337972998619 0.5260162353515625 5.132749080657959
v -0.05326015502214432 0.537930965423584 5.233640193939209
v -0.05991223454475403 0.545993447303772 5.232651233673096
v -0.05825594440102577 0.5387340784072876 5.2376298904418945
v -0.061208371073007584 0.5547603964805603 5.231619834899902
v -0.09346701949834824 0.6655973196029663 5.145346164703369
v -0.08470875769853592 0.6605789661407471 5.176071643829346
v -0.108750119805336 0.651191771030426 5.087728500366211
v -0.10133711248636246 0.6629229187965393 5.1158270835876465
v -0.05339358001947403 0.4616796672344208 5.222400665283203
v -0.050933413207530975 0.4490647614002228 5.218453884124756
v -0.0520833283662796 0.49759891629219055 5.228814125061035
v -0.05461062863469124 0.496825248003006 5.230465888977051
v -0.053895290940999985 0.49308207631111145 5.230149745941162
v -0.051261790096759796 0.4938133656978607 5.22882080078125
v -0.04655466228723526 0.5566527247428894 5.215666770935059
v -0.09203522652387619 0.5108287334442139 5.059107303619385
v -0.08379795402288437 0.4575396478176117 5.067100524902344
v -0.0803292989730835 0.4405626952648163 5.063999652862549
v -0.05209902673959732 0.4309808015823364 5.066816329956055
v -0.06330643594264984 0.4296454191207886 5.06314754486084
v -0.05508384853601456 0.5003700852394104 5.230836391448975
v -0.052878718823194504 0.501097559928894 5.228885173797607
v -0.0520852655172348 0.50975501537323 5.2345685958862305
v -0.0468696765601635 0.48682698607444763 5.223865032196045
v -0.05314384028315544 0.5040221810340881 5.229905605316162
v -0.05259024724364281 0.5058773159980774 5.228879451751709
v -0.05649778991937637 0.5030689239501953 5.2332444190979
v -0.05649110674858093 0.4999096691608429 5.231142520904541
v -0.03644539788365364 0.5411738753318787 5.210499286651611
v -0.03648596256971359 0.5459014773368835 5.211330413818359
v -0.05284789949655533 0.5070293545722961 5.239166736602783
v -0.05281325429677963 0.508370578289032 5.236614227294922
v -0.05572495236992836 0.5058216452598572 5.24021053314209
v -0.03573925793170929 0.41550561785697937 5.141392230987549
v -0.029267573729157448 0.42059293389320374 5.1264238357543945
v -0.05520914867520332 0.4892156422138214 5.23040771484375
v -0.05529790371656418 0.4858674705028534 5.228994846343994
v -0.07561745494604111 0.6445128917694092 5.20458459854126
v -0.10903333127498627 0.52485191822052 5.051296710968018
v -0.11266034841537476 0.5446759462356567 5.045742511749268
v -0.017267007380723953 0.5439631342887878 5.126749038696289
v -0.016863878816366196 0.5407952666282654 5.120853900909424
v -0.016346756368875504 0.5477328300476074 5.119026184082031
v -0.016746679320931435 0.5515368580818176 5.12500524520874
v -0.06295406073331833 0.4149216413497925 5.16442346572876
v -0.027939869090914726 0.42400306463241577 5.111567974090576
v -0.0762328952550888 0.4283708333969116 5.058942794799805
v -0.021776234731078148 0.5502932071685791 5.196657180786133
v -0.022724973037838936 0.548855721950531 5.198256015777588
v -0.04416878521442413 0.5544652342796326 5.214347839355469
v -0.11635375022888184 0.5758276581764221 5.043594837188721
v -0.04596083238720894 0.48009946942329407 5.220579624176025
v -0.04752625524997711 0.48374566435813904 5.221675872802734
v -0.09528852254152298 0.45920613408088684 5.067733287811279
v -0.05990233272314072 0.4371197521686554 5.180195331573486
v -0.055680930614471436 0.5049318671226501 5.236489772796631
v -0.10600793361663818 0.5090065598487854 5.060845375061035
v -0.016294801607728004 0.5547767877578735 5.1114068031311035
v -0.01398067083209753 0.5530450344085693 5.113461971282959
v -0.014478116296231747 0.5501923561096191 5.113210201263428
v -0.016319826245307922 0.5510138273239136 5.112786769866943
v -0.012185082770884037 0.5556848645210266 5.117656230926514
v -0.011616646312177181 0.5530501008033752 5.115421295166016
v -0.010140563361346722 0.5557325482368469 5.11478853225708
v -0.011263207532465458 0.5590404272079468 5.11667537689209
v -0.01562611572444439 0.5566812753677368 5.12123966217041
v -0.014046032913029194 0.5522137880325317 5.119288444519043
v -0.009801524691283703 0.5577033758163452 5.1129961013793945
v -0.009675324894487858 0.5603910088539124 5.114980697631836
v -0.012565829791128635 0.5616734027862549 5.113571643829346
v -0.016604656353592873 0.561686635017395 5.111693382263184
v -0.008360552601516247 0.561539351940155 5.110467910766602
v -0.012364364229142666 0.5635362267494202 5.109512805938721
v -0.0072188531048595905 0.5620281100273132 5.106081962585449
v -0.012192302383482456 0.564549446105957 5.1055097579956055
v -0.007240808103233576 0.5594208836555481 5.100217342376709
v -0.012963217683136463 0.5611212253570557 5.099947452545166
v -0.017994791269302368 0.5251159071922302 5.125189304351807
v -0.019288472831249237 0.5267247557640076 5.118929862976074
v -0.0074946996755898 0.5545294284820557 5.096060276031494
v -0.013728304766118526 0.5551877021789551 5.096884250640869
v -0.008416594006121159 0.5480116605758667 5.094390392303467
v -0.014214585535228252 0.5482069253921509 5.094019412994385
v -0.009748668409883976 0.540793240070343 5.094722270965576
v -0.01463585440069437 0.540783166885376 5.094196796417236
v -0.010608051903545856 0.5336563587188721 5.096122741699219
v -0.015413506887853146 0.5323164463043213 5.094906806945801
v -0.011657503433525562 0.5263983607292175 5.099277496337891
v -0.016430402174592018 0.5230869054794312 5.099045276641846
v -0.01051053311675787 0.5599360466003418 5.105693340301514
v -0.010420418344438076 0.5571710467338562 5.100742340087891
v -0.019407637417316437 0.5585361123085022 5.105234622955322
v -0.010225684382021427 0.5598689317703247 5.110097408294678
v -0.017960475757718086 0.5461939573287964 5.106915473937988
v -0.019397227093577385 0.5479263067245483 5.106956958770752
v -0.018184838816523552 0.5463502407073975 5.10813045501709
v -0.019958045333623886 0.545143723487854 5.1054887771606445
v -0.017574796453118324 0.5331776142120361 5.120427131652832
v -0.01720212958753109 0.5337287187576294 5.116197109222412
v -0.016887521371245384 0.5394802093505859 5.117702007293701
v -0.018720395863056183 0.5297874808311462 5.115898609161377
v -0.019774366170167923 0.5314714908599854 5.115911960601807
v -0.020079782232642174 0.5346214771270752 5.115543365478516
v -0.020915016531944275 0.5393630266189575 5.117221832275391
v -0.020311810076236725 0.5298107266426086 5.11327600479126
v -0.018737779930233955 0.5283666849136353 5.113924026489258
v -0.021096225827932358 0.5314666032791138 5.114085674285889
v -0.02117130532860756 0.5321628451347351 5.115049839019775
v -0.02238636091351509 0.5341057777404785 5.113646030426025
v -0.022518368437886238 0.5375490784645081 5.1118483543396
v -0.017573105171322823 0.534252405166626 5.126101970672607
v -0.02327689342200756 0.5344290733337402 5.103816986083984
v -0.025019926950335503 0.5256133079528809 5.107358455657959
v -0.013146291486918926 0.5210450291633606 5.104455471038818
v -0.016214096918702126 0.5151702165603638 5.104901313781738
v -0.0151706887409091 0.5115129947662354 5.116440296173096
v -0.015258400700986385 0.5106239914894104 5.111368179321289
v -0.02101978100836277 0.5537768602371216 5.103525638580322
v -0.021472996100783348 0.548000693321228 5.1003265380859375
v -0.024736661463975906 0.5180840492248535 5.1122283935546875
v -0.02195732481777668 0.5418493151664734 5.101124286651611
v -0.013168270699679852 0.5303817391395569 5.101235866546631
v -0.015096559189260006 0.5265327095985413 5.104766368865967
v -0.011679896153509617 0.5354574918746948 5.098587989807129
v -0.01766095869243145 0.524816632270813 5.114266395568848
v -0.0158502459526062 0.5190527439117432 5.1160807609558105
v -0.01414628978818655 0.5190240740776062 5.11082124710083
v -0.01666281186044216 0.5248640775680542 5.109667778015137
v -0.013915889896452427 0.5333348512649536 5.103973865509033
v -0.016693737357854843 0.5305015444755554 5.1062331199646
v -0.016844451427459717 0.5358313322067261 5.104020595550537
v -0.019327562302350998 0.5334175229072571 5.1070122718811035
v -0.019993076100945473 0.5312795639038086 5.111141681671143
v -0.01830800622701645 0.5288782119750977 5.110443592071533
v -0.022917406633496284 0.5355206727981567 5.108072280883789
v -0.02010354958474636 0.5391576886177063 5.105961799621582
v -0.022127538919448853 0.5327671766281128 5.112086772918701
v -0.01448835339397192 0.5389080047607422 5.103797435760498
v -0.01237157080322504 0.5423998236656189 5.1026716232299805
v -0.013947232626378536 0.5446758270263672 5.105563640594482
v -0.016980357468128204 0.5420275926589966 5.104997158050537
v -0.011790170334279537 0.5412840843200684 5.097113609313965
v -0.010869345627725124 0.5414918065071106 5.100338459014893
v -0.011995994485914707 0.5369725227355957 5.101562023162842
v -0.010438497178256512 0.5468014478683472 5.1001200675964355
v -0.011236811988055706 0.5476000308990479 5.0969414710998535
v -0.011359243653714657 0.546413779258728 5.102365016937256
v -0.012180614285171032 0.5472168922424316 5.104846954345703
v -0.01027920562773943 0.554773211479187 5.102365016937256
v -0.01042125467211008 0.5513346791267395 5.100465297698975
v -0.010374882258474827 0.5531861186027527 5.097785472869873
v -0.010746619664132595 0.5498552918434143 5.1026740074157715
v -0.011073059402406216 0.5528064966201782 5.104931831359863
v -0.011937814764678478 0.5507992506027222 5.105476379394531
v -0.01151959877461195 0.5495196580886841 5.104946136474609
v -0.0121206259354949 0.5573239922523499 5.111743450164795
v -0.012881715781986713 0.5557326674461365 5.114149570465088
v -0.011612963862717152 0.5577679872512817 5.108972072601318
v -0.01355386059731245 0.5579174160957336 5.1108012199401855
v -0.01288579124957323 0.5557353496551514 5.109457015991211
v -0.014761094935238361 0.5568233728408813 5.111028671264648
v -0.013614051975309849 0.5538124442100525 5.110249042510986
v -0.015527010895311832 0.5512443780899048 5.10930871963501
v -0.0533241368830204 0.38070228695869446 5.152031898498535
v -0.05434753745794296 0.3943130671977997 5.154339790344238
v -0.06427410244941711 0.3895404040813446 5.157683372497559
v -0.06466297805309296 0.3763919174671173 5.154880046844482
v -0.012772982008755207 0.5521078109741211 5.1073994636535645
v -0.012061462737619877 0.5546913146972656 5.107376575469971
v -0.011121104471385479 0.5573947429656982 5.106439113616943
v -0.01510350126773119 0.5483757257461548 5.107790946960449
v -0.013938124291598797 0.5475175976753235 5.107254505157471
v -0.013063170947134495 0.5487351417541504 5.106112003326416
v -0.014129254035651684 0.550153374671936 5.108336925506592
v -0.01716441661119461 0.5434899926185608 5.1171159744262695
v -0.019734449684619904 0.5423431396484375 5.1147661209106445
v -0.020337074995040894 0.5402941107749939 5.110017776489258
v -0.020992416888475418 0.3693096339702606 5.136279582977295
v -0.006221518386155367 0.3797398805618286 5.126096248626709
v -0.014088398776948452 0.3889092803001404 5.123904228210449
v -0.026455502957105637 0.3806515038013458 5.133948802947998
v -0.011177235282957554 0.3413441479206085 5.147878646850586
v -0.00979961920529604 0.32117968797683716 5.152789115905762
v 0.008272427134215832 0.32748982310295105 5.148021221160889
v 0.011254548095166683 0.35281768441200256 5.137155055999756
v 0.006788767408579588 0.3067856431007385 5.1573991775512695
v -0.009479031898081303 0.30155375599861145 5.1600141525268555
v 0.006642031949013472 0.2515820562839508 5.180418014526367
v 0.00646154535934329 0.26938265562057495 5.1732563972473145
v -0.009056045673787594 0.26612693071365356 5.176872730255127
v -0.008739170618355274 0.24808433651924133 5.183088779449463
v 0.03669324517250061 0.17117324471473694 5.193001747131348
v 0.024827182292938232 0.17131812870502472 5.1984782218933105
v 0.01854749023914337 0.15578994154930115 5.193281650543213
v 0.031883470714092255 0.15377311408519745 5.18605899810791
v 0.05993986874818802 0.2817695438861847 5.142725944519043
v 0.06674543768167496 0.27426639199256897 5.137396812438965
v 0.07069245725870132 0.2880150079727173 5.1341657638549805
v 0.06345134228467941 0.29633548855781555 5.138078212738037
v 0.02875029295682907 0.3956689238548279 5.100518703460693
v 0.018153980374336243 0.40066567063331604 5.098745346069336
v 0.011728405021131039 0.38347935676574707 5.115139484405518
v 0.0221167653799057 0.37727925181388855 5.119940757751465
v 0.0748019888997078 0.199173241853714 5.14719295501709
v 0.06865342706441879 0.20554721355438232 5.159229278564453
v 0.0677889883518219 0.1919381022453308 5.1625800132751465
v 0.0727255567908287 0.18481823801994324 5.152927398681641
v 0.04583875834941864 0.11468967795372009 5.118805408477783
v 0.03303780406713486 0.10959942638874054 5.133712291717529
v 0.03274078667163849 0.0915607213973999 5.1282854080200195
v 0.04651448130607605 0.09670911729335785 5.112715721130371
v 0.07602626085281372 0.15344373881816864 5.06639289855957
v 0.07250548899173737 0.13812090456485748 5.060453414916992
v 0.07112487405538559 0.1453970968723297 5.036094665527344
v 0.07373622059822083 0.15982288122177124 5.0418477058410645
v 0.03269447386264801 0.25474345684051514 5.170284748077393
v 0.03278288245201111 0.27214160561561584 5.163497447967529
v 0.02047259360551834 0.2712383568286896 5.167490005493164
v 0.020615801215171814 0.2537190318107605 5.175466060638428
v 0.19940979778766632 0.2022334337234497 5.0786871910095215
v 0.18243612349033356 0.22043126821517944 5.0852837562561035
v 0.1717347949743271 0.20996367931365967 5.079883575439453
v 0.18851689994335175 0.19196778535842896 5.07240629196167
v 0.07572844624519348 0.05074385553598404 5.044971466064453
v 0.07767654955387115 0.03542221337556839 5.043495178222656
v 0.07788123935461044 0.04423731565475464 5.0192952156066895
v 0.07510953396558762 0.059947364032268524 5.0225019454956055
v 0.12597820162773132 0.31647536158561707 5.1246256828308105
v 0.13691414892673492 0.3338864743709564 5.115048885345459
v 0.12558872997760773 0.3467232882976532 5.116854190826416
v 0.11445242166519165 0.3301774263381958 5.130010604858398
v 0.0651833564043045 0.2498316466808319 5.144922733306885
v 0.06542913615703583 0.26156046986579895 5.14069938659668
v 0.058481454849243164 0.2674120366573334 5.147108554840088
v 0.05798166245222092 0.253532737493515 5.151255130767822
v 0.08217602968215942 0.19008448719978333 5.0442633628845215
v 0.08392634987831116 0.20758295059204102 5.047325611114502
v 0.08583572506904602 0.20258402824401855 5.066231727600098
v 0.0847688838839531 0.18478840589523315 5.067272663116455
v 0.08214254677295685 0.16835656762123108 5.067785739898682
v 0.07928299158811569 0.17404159903526306 5.043343544006348
v 0.05127331614494324 0.254693865776062 5.157872676849365
v 0.050717756152153015 0.271476149559021 5.152573108673096
v 0.04278026521205902 0.2721174359321594 5.157439231872559
v 0.042827069759368896 0.2550250291824341 5.1649885177612305
v 0.00985452439635992 0.1432640552520752 5.182454586029053
v 0.02542254328727722 0.14072470366954803 5.173488140106201
v 0.07143736630678177 0.02611718513071537 5.066183567047119
v 0.0702497735619545 0.04092518240213394 5.067202091217041
v 0.059523917734622955 0.03176192194223404 5.0856218338012695
v 0.06006038188934326 0.017502183094620705 5.085776329040527
v 0.017053771764039993 0.1222074031829834 5.148900508880615
v 0.031259797513484955 0.1252557337284088 5.13875675201416
v 0.034050360321998596 0.13437624275684357 5.151064395904541
v 0.01931595802307129 0.1330050677061081 5.159876823425293
v 0.044817931950092316 0.010499239899218082 5.102675437927246
v 0.04451818764209747 0.024068014696240425 5.101905822753906
v 0.02777903527021408 0.01781565137207508 5.115688800811768
v 0.02797815203666687 0.002869760151952505 5.11780309677124
v 0.006294544320553541 0.28764399886131287 5.165026664733887
v -0.009223761968314648 0.28354397416114807 5.168838977813721
v 0.056197524070739746 0.17560243606567383 5.1786909103393555
v 0.04756180942058563 0.17284849286079407 5.186093807220459
v 0.04386924207210541 0.15505686402320862 5.179056167602539
v 0.05400525778532028 0.1588091105222702 5.170687675476074
v 0.07755719125270844 0.25629958510398865 5.115541934967041
v 0.08081523329019547 0.26452693343162537 5.108276844024658
v 0.07809016853570938 0.2768012583255768 5.124607563018799
v 0.0730687752366066 0.26513081789016724 5.128483295440674
v 0.08284663408994675 0.029088573530316353 5.017632961273193
v 0.08157429099082947 0.021463865414261818 5.042674541473389
v 0.04717310518026352 -0.0030976147390902042 5.104616641998291
v 0.029804445803165436 -0.010823286138474941 5.120258331298828
v 0.09143036603927612 0.27385005354881287 5.041526794433594
v 0.09015247225761414 0.27313342690467834 5.053769588470459
v 0.08734394609928131 0.26872798800468445 5.056314945220947
v 0.08956128358840942 0.2699103057384491 5.04363489151001
v -0.015015088953077793 0.17092762887477875 5.201265811920166
v -0.00538845406845212 0.15270894765853882 5.192115306854248
v 0.00668086064979434 0.16431565582752228 5.1991376876831055
v -0.000807859527412802 0.1798597276210785 5.2030510902404785
v 0.05015384405851364 0.14588136970996857 5.157399654388428
v 0.03863082081079483 0.14194229245185852 5.164825916290283
v 0.04676560312509537 0.13824766874313354 5.14188814163208
v -0.030246563255786896 0.16276609897613525 5.193367958068848
v -0.019483625888824463 0.14177455008029938 5.1785736083984375
v -0.02565043605864048 0.27881520986557007 5.171092510223389
v -0.02547132968902588 0.26203230023384094 5.179078102111816
v -0.026464952155947685 0.2971283197402954 5.163731575012207
v -0.027700593695044518 0.31470784544944763 5.158386707305908
v -0.04499264061450958 0.3095945417881012 5.161749362945557
v -0.04338431730866432 0.2912149727344513 5.16670560836792
v -0.029946116730570793 0.33319610357284546 5.155080318450928
v -0.04677320644259453 0.32682910561561584 5.158539772033691
v -0.036854229867458344 0.36111465096473694 5.1442975997924805
v -0.04020439460873604 0.37332776188850403 5.142196178436279
v 0.07182902097702026 0.2538761496543884 5.130931854248047
v 0.07186421751976013 0.24307861924171448 5.134445667266846
v 0.06268855929374695 0.004509554710239172 5.086212635040283
v 0.036397404968738556 0.35706236958503723 5.000454425811768
v 0.05361824482679367 0.35619327425956726 5.009104251861572
v 0.0490976944565773 0.34306076169013977 4.9999237060546875
v 0.032512664794921875 0.34313032031059265 4.991208553314209
v 0.03604351729154587 0.3739958107471466 5.121292591094971
v 0.039661116898059845 0.39355847239494324 5.102066993713379
v 0.08307532966136932 0.291919469833374 5.010909557342529
v 0.08097675442695618 0.285194456577301 5.013077259063721
v 0.07577284425497055 0.2815958261489868 5.010493755340576
v 0.07557474076747894 0.2895277142524719 5.008055210113525
v 0.09240357577800751 0.2789303958415985 5.023268699645996
v 0.09301391243934631 0.2842999994754791 5.018889427185059
v 0.10124188661575317 0.2803318202495575 5.014029026031494
v 0.09945115447044373 0.2749601900577545 5.018820762634277
v 0.07221408188343048 0.05181695520877838 4.998424053192139
v 0.0690833181142807 0.06870454549789429 4.999961853027344
v 0.04866516590118408 0.1874922662973404 4.985716342926025
v 0.056790657341480255 0.20358878374099731 4.989492416381836
v 0.06658044457435608 0.19178277254104614 5.004985332489014
v 0.059685297310352325 0.17603729665279388 5.000909328460693
v -0.06114521622657776 0.328220933675766 4.989734649658203
v -0.04247978329658508 0.33405593037605286 4.987168788909912
v -0.041997238993644714 0.32077598571777344 4.981314659118652
v -0.060700010508298874 0.31388193368911743 4.983450412750244
v -0.0007404243224300444 0.36398589611053467 4.996457576751709
v -0.022819459438323975 0.35655370354652405 4.993700981140137
v -0.022286459803581238 0.3685068190097809 5.000674724578857
v 0.00102829874958843 0.37616780400276184 5.005346298217773
v 0.016936369240283966 0.3553275763988495 4.993364334106445
v 0.014062321744859219 0.34069937467575073 4.984262466430664
v 0.07758486270904541 0.19806164503097534 5.026403427124023
v 0.08008462935686111 0.21456730365753174 5.030387878417969
v 0.08198807388544083 0.23976269364356995 5.032402038574219
v 0.0834793671965599 0.24893724918365479 5.0341339111328125
v 0.0845308005809784 0.24434423446655273 5.047511577606201
v 0.08391959965229034 0.2346830666065216 5.047213554382324
v 0.007619436364620924 0.40683847665786743 5.097223281860352
v 0.018331624567508698 0.41252923011779785 5.079085350036621
v 0.005177903454750776 0.4171271324157715 5.076645374298096
v -0.029917798936367035 0.4038168489933014 5.03247594833374
v -0.019649803638458252 0.407589316368103 5.037898063659668
v -0.014753730036318302 0.4040050208568573 5.032773017883301
v -0.02894415333867073 0.3995276391506195 5.027907848358154
v -0.03617994859814644 0.2555369436740875 4.958207130432129
v -0.03330506011843681 0.23338574171066284 4.955939769744873
v -0.054789118468761444 0.23338285088539124 4.955504894256592
v -0.05668894574046135 0.25408118963241577 4.957958221435547
v 0.0827467143535614 0.26185551285743713 5.024412155151367
v 0.08013235032558441 0.2677811086177826 5.0169172286987305
v 0.08267416805028915 0.2730335593223572 5.018898963928223
v 0.08454766124486923 0.26799410581588745 5.024171829223633
v 0.07838991284370422 0.2602876126766205 5.014673709869385
v 0.08112366497516632 0.25441694259643555 5.023024559020996
v 0.07941929996013641 0.24582844972610474 5.021835803985596
v 0.07542145252227783 0.2533363997936249 5.012022495269775
v 0.06361126899719238 0.21838292479515076 4.996537208557129
v 0.06779622286558151 0.2334783971309662 5.002216339111328
v 0.07373865693807602 0.22420170903205872 5.014945030212402
v 0.07150691002607346 0.20771288871765137 5.009955883026123
v -0.05184582993388176 0.16501571238040924 4.954809665679932
v -0.052712734788656235 0.18641513586044312 4.952534198760986
v -0.03322595730423927 0.18604420125484467 4.953615665435791
v -0.0330837182700634 0.16455042362213135 4.953556060791016
v 0.09516866505146027 0.27045756578445435 5.073617458343506
v 0.1030290275812149 0.2606806457042694 5.067753314971924
v 0.10372571647167206 0.2618371546268463 5.083094120025635
v 0.09603704512119293 0.2700057923793793 5.089240550994873
v 0.11783961951732635 0.2913411855697632 5.009217262268066
v 0.12144936621189117 0.29651859402656555 5.010516166687012
v 0.13072796165943146 0.29174602031707764 5.008829116821289
v 0.12713252007961273 0.2872684597969055 5.007011413574219
v 0.11306215822696686 0.243962824344635 5.045888423919678
v 0.12422801554203033 0.22827115654945374 5.039062976837158
v 0.1243363469839096 0.22981354594230652 5.0549798011779785
v 0.1124793142080307 0.2465442717075348 5.062179088592529
v 0.05327627807855606 0.4014863669872284 5.076913356781006
v 0.04313845932483673 0.40562841296195984 5.079729080200195
v 0.05121050029993057 0.3910122811794281 5.103145122528076
v 0.10494853556156158 0.25861963629722595 5.029876232147217
v 0.10594342648983002 0.26252099871635437 5.020534038543701
v 0.11644740402698517 0.25184524059295654 5.013238906860352
v 0.1143798977136612 0.2465410828590393 5.021945476531982
v 0.2106189876794815 0.21293479204177856 5.076129913330078
v 0.19397063553333282 0.23194396495819092 5.0832929611206055
v 0.13953597843647003 0.21193572878837585 5.0175089836120605
v 0.12469343841075897 0.2282126247882843 5.026167392730713
v 0.12667976319789886 0.2319563925266266 5.014163017272949
v 0.1438416689634323 0.2164752185344696 5.006519794464111
v 0.053886935114860535 0.16123495995998383 4.99854040145874
v 0.041362546384334564 0.17116743326187134 4.983139514923096
v 0.047292307019233704 0.06347198039293289 4.962225914001465
v 0.04275430738925934 0.08273282647132874 4.965142250061035
v 0.0571754053235054 0.07647651433944702 4.980494976043701
v 0.06145290285348892 0.05837640166282654 4.97810697555542
v 0.07635058462619781 0.03559715300798416 4.994872093200684
v 0.05107319355010986 0.0438784584403038 4.9598283767700195
v 0.06552492082118988 0.04040277749300003 4.974671363830566
v -0.01620674505829811 0.4228638708591461 5.07949686050415
v -0.005395807791501284 0.42080074548721313 5.078327178955078
v -0.017028097063302994 0.42086777091026306 5.0610785484313965
v -0.02594752609729767 0.4243813157081604 5.065959930419922
v 0.11174750328063965 -0.07112938165664673 4.983930587768555
v 0.1150079071521759 -0.07372573018074036 5.013495445251465
v 0.11609765887260437 -0.09652142226696014 5.003447532653809
v 0.11156430840492249 -0.09740456938743591 4.976657390594482
v -0.04800395667552948 0.412557989358902 5.041756629943848
v -0.05364838242530823 0.41777360439300537 5.049740314483643
v -0.039197757840156555 0.4208905100822449 5.055588722229004
v -0.03201653063297272 0.416826993227005 5.0500383377075195
v 0.11021576821804047 -0.04646042361855507 4.988990783691406
v 0.1129179298877716 -0.050684861838817596 5.017759323120117
v -0.01392426434904337 0.41473421454429626 5.095767021179199
v -0.002333488781005144 0.411110520362854 5.096485137939453
v -0.015278824605047703 0.4054708182811737 5.1096110343933105
v -0.0057044182904064655 0.39952683448791504 5.110911846160889
v -0.021051960065960884 0.398273766040802 5.123040676116943
v 0.11111727356910706 -0.07895319163799286 5.038227558135986
v 0.11511488258838654 -0.101653091609478 5.03177547454834
v -0.03537405654788017 0.42725154757499695 5.070022106170654
v -0.047288618981838226 0.4246194362640381 5.060434818267822
v -0.05900068208575249 0.4227163791656494 5.055994510650635
v -0.07274335622787476 0.42044636607170105 5.052980422973633
v -0.08771339803934097 0.41900569200515747 5.0534467697143555
v -0.09081907570362091 0.42675432562828064 5.056585311889648
v 0.0893421620130539 0.014918536879122257 5.018431663513184
v 0.08431270718574524 0.020206758752465248 4.992883205413818
v 0.06384795904159546 -0.20707747340202332 4.91142463684082
v 0.06760229170322418 -0.2227788269519806 4.924798011779785
v 0.0343824177980423 -0.2250787317752838 4.916110038757324
v 0.03590396046638489 -0.21247783303260803 4.903879165649414
v -0.03677373006939888 -0.20064477622509003 4.897563457489014
v 0.0022211032919585705 -0.2100197821855545 4.898523330688477
v -0.0019989279098808765 -0.22325707972049713 4.913018226623535
v -0.039008431136608124 -0.2141347974538803 4.9138288497924805
v -0.03210604563355446 -0.0769319012761116 4.883836269378662
v -0.030839676037430763 -0.05560080334544182 4.892000198364258
v -0.0013027085224166512 -0.0556301474571228 4.892244338989258
v -0.0015405198791995645 -0.07665480673313141 4.884276866912842
v 0.07326559722423553 0.02380809374153614 4.970778942108154
v 0.058468639850616455 0.02600560523569584 4.954258441925049
v 0.08677040785551071 0.008390010334551334 5.042709827423096
v 0.12695898115634918 -0.2234855443239212 5.062304496765137
v 0.12759050726890564 -0.25881272554397583 5.065752029418945
v 0.13129091262817383 -0.25922369956970215 5.025010585784912
v 0.1331339031457901 -0.22497723996639252 5.0201239585876465
v 0.0968242883682251 -0.2663572430610657 4.960742473602295
v 0.06512080132961273 -0.26888158917427063 4.945468902587891
v 0.06646792590618134 -0.24471071362495422 4.935223579406738
v 0.09966294467449188 -0.23811091482639313 4.952743053436279
v 0.011199197731912136 -0.01738295890390873 5.133617877960205
v 0.01221413817256689 -0.031580980867147446 5.136641502380371
v 0.031274549663066864 -0.024042485281825066 5.121750831604004
v -0.047979094088077545 -0.028685109689831734 5.1544389724731445
v -0.048977602273225784 -0.042973291128873825 5.157775402069092
v -0.028375111520290375 -0.040713999420404434 5.153998374938965
v -0.026865104213356972 -0.026043588295578957 5.150328159332275
v -0.03991235792636871 -0.13357067108154297 5.136605739593506
v -0.03610210120677948 -0.11241013556718826 5.139567852020264
v -0.05245497077703476 -0.11541520804166794 5.1444292068481445
v -0.05366046354174614 -0.13472341001033783 5.138089179992676
v 0.10084390640258789 -0.08349411189556122 5.061542510986328
v 0.09804336726665497 -0.06557631492614746 5.065591335296631
v 0.08096027374267578 -0.071436308324337 5.08717155456543
v 0.08334480971097946 -0.08794877678155899 5.085628032684326
v -0.005604714620858431 -0.23349380493164062 4.934907913208008
v -0.04022654518485069 -0.22271069884300232 4.934905052185059
v 0.10800801217556 -0.22136588394641876 5.101268768310547
v 0.11120837926864624 -0.25695544481277466 5.103512763977051
v 0.0844513326883316 -0.25771093368530273 5.1323957443237305
v 0.08271250873804092 -0.2235499918460846 5.128486633300781
v 0.049997180700302124 -0.22696858644485474 5.139714241027832
v 0.050630636513233185 -0.2590595483779907 5.143239974975586
v -0.05179779604077339 -0.1945691555738449 5.076253414154053
v -0.050778936594724655 -0.20596863329410553 5.080624580383301
v -0.03496982529759407 -0.18868565559387207 5.101224899291992
v -0.04189019650220871 -0.1761816442012787 5.099492073059082
v -0.03445836529135704 -0.16675175726413727 4.881112098693848
v -0.0010353667894378304 -0.17157068848609924 4.881638526916504
v 0.0002941036655101925 -0.19140088558197021 4.888345241546631
v -0.0349314883351326 -0.18565721809864044 4.888355731964111
v 0.040709368884563446 0.026593031361699104 4.9416069984436035
v 0.034369856119155884 0.04619688540697098 4.947797775268555
v 0.016298852860927582 0.04742082953453064 4.94060754776001
v 0.012874036096036434 0.06983420252799988 4.943724155426025
v 0.03156326711177826 0.06804965436458588 4.951261520385742
v 0.008600938133895397 0.19356444478034973 4.963064193725586
v 0.016818039119243622 0.211897075176239 4.964676380157471
v 0.034017518162727356 0.1984136700630188 4.972986221313477
v 0.02669087052345276 0.182058647274971 4.972049713134766
v -0.023505356162786484 0.34255000948905945 4.9854960441589355
v -0.02310306951403618 0.3283616900444031 4.978340148925781
v 0.026991315186023712 -0.2646421492099762 4.9422101974487305
v 0.03458619862794876 -0.29398012161254883 4.952915668487549
v -0.0017982205608859658 -0.28902938961982727 4.957686901092529
v -0.01722898706793785 -0.25096550583839417 4.949995994567871
v 0.09546248614788055 -0.2950487434864044 4.970524311065674
v 0.12078492343425751 -0.26154249906539917 4.989180564880371
v 0.11734502017498016 -0.2924503982067108 4.995514392852783
v 0.12596586346626282 -0.29101258516311646 5.070367813110352
v 0.12854164838790894 -0.2916732430458069 5.0309295654296875
v 0.0838189423084259 -0.2906731963157654 5.134980201721191
v 0.050181128084659576 -0.2909948229789734 5.143680095672607
v -0.03524249792098999 -0.2710128426551819 5.099512100219727
v -0.03282785415649414 -0.29581010341644287 5.0954270362854
v -0.012998254038393497 -0.2946983873844147 5.1198015213012695
v -0.013702486641705036 -0.267805278301239 5.123471260070801
v -0.000793085026089102 -0.12784956395626068 5.118954658508301
v 0.00953428354114294 -0.14591459929943085 5.119899272918701
v 0.037138648331165314 -0.12708142399787903 5.112941265106201
v 0.03388432413339615 -0.10937123745679855 5.111537456512451
v -0.02575962245464325 -0.011842682026326656 5.149075508117676
v -0.04282166808843613 -0.014865203760564327 5.151885509490967
v 0.010169020853936672 -0.0033227899111807346 5.131489276885986
v -0.008367509581148624 -0.008094633929431438 5.142354965209961
v -0.00817160028964281 -0.02288423664867878 5.144587516784668
v -0.02141200564801693 0.06035415828227997 5.160249710083008
v -0.02353912591934204 0.04052622616291046 5.157044887542725
v -0.004008919466286898 0.04356915503740311 5.14798641204834
v -0.0013597464421764016 0.06319554895162582 5.151554584503174
v 0.0013497764011844993 0.08471699059009552 5.156026840209961
v -0.01922258548438549 0.08227767050266266 5.164296627044678
v -0.01968788541853428 0.12468321621417999 5.163642406463623
v 0.00016418045561295003 0.12240663170814514 5.1572346687316895
v 0.001427262439392507 0.13431233167648315 5.168483257293701
v -0.04251273721456528 0.2735849618911743 5.173206806182861
v -0.041805047541856766 0.2562949061393738 5.178307056427002
v 0.10671484470367432 -0.10333703458309174 5.062151908874512
v -0.044074028730392456 -0.2564319670200348 4.977813720703125
v -0.03087776154279709 -0.28848084807395935 4.976460933685303
v -0.044666826725006104 -0.29110920429229736 5.005960941314697
v -0.051453158259391785 -0.2640397846698761 5.010044097900391
v 0.10831233859062195 -0.05851318687200546 5.043282985687256
v 0.07438012957572937 0.013049588538706303 5.065868854522705
v 0.07870937138795853 0.00033858558163046837 5.0663533210754395
v 0.0710412859916687 0.1493246704339981 5.096497535705566
v 0.06735378503799438 0.13152340054512024 5.083822250366211
v 0.014399024657905102 0.17438144981861115 5.201991558074951
v 0.011777463369071484 0.18611395359039307 5.202769756317139
v 0.12378239631652832 -0.22938509285449982 4.980838298797607
v 0.08270949125289917 -0.3215351104736328 5.134853363037109
v 0.04978758096694946 -0.32251864671707153 5.142385959625244
v 0.04821551591157913 -0.35325706005096436 5.139136791229248
v 0.08047595620155334 -0.3518982231616974 5.132965087890625
v -0.03747601434588432 -0.32341280579566956 5.062170505523682
v -0.03008519485592842 -0.35298752784729004 5.0589447021484375
v -0.023322060704231262 -0.3518969416618347 5.084214210510254
v -0.028872471302747726 -0.32326871156692505 5.089990615844727
v -0.0222315676510334 -0.38207733631134033 5.056823253631592
v -0.015987001359462738 -0.4101806581020355 5.053493022918701
v -0.012587313540279865 -0.4112299382686615 5.077848434448242
v -0.017482999712228775 -0.38192781805992126 5.082747459411621
v 0.11117009818553925 -0.29078978300094604 5.106772422790527
v 0.12011970579624176 -0.35084131360054016 5.079067707061768
v 0.12298420071601868 -0.3212130069732666 5.074788570404053
v 0.10832849144935608 -0.3215680420398712 5.108914375305176
v 0.10621410608291626 -0.35174760222435 5.111074447631836
v 0.06767575442790985 -0.29717138409614563 4.958957195281982
v -0.047859981656074524 -0.272335022687912 5.074823379516602
v -0.04407580569386482 -0.2955988943576813 5.0675506591796875
v -0.020862862467765808 -0.3538941740989685 5.007431983947754
v -0.03267496079206467 -0.3227924406528473 5.007144927978516
v -0.01618705317378044 -0.32282713055610657 4.980938911437988
v -0.004466228652745485 -0.35407620668411255 4.985085487365723
v 0.0996410995721817 -0.35019174218177795 4.989626407623291
v 0.09776155650615692 -0.32309895753860474 4.982508182525635
v 0.11710269749164581 -0.3216036856174469 5.006369590759277
v 0.11704491078853607 -0.34938713908195496 5.014151573181152
v 0.1255590170621872 -0.3213047385215759 5.039530277252197
v 0.12335433065891266 -0.3499458432197571 5.0456013679504395
v 0.11569193005561829 -0.40787026286125183 5.086400508880615
v 0.11742955446243286 -0.37954583764076233 5.082342624664307
v 0.10309682786464691 -0.38110587000846863 5.112720966339111
v 0.10049307346343994 -0.4093884825706482 5.113384246826172
v 0.12126246094703674 -0.4054209291934967 5.055126667022705
v 0.12218041718006134 -0.3774598240852356 5.049102306365967
v 0.11747787892818451 -0.4034286439418793 5.026627540588379
v 0.11745819449424744 -0.3767954111099243 5.020283222198486
v 0.10321800410747528 -0.402473121881485 5.004001140594482
v 0.1018591821193695 -0.37662312388420105 4.996305465698242
v 0.08394221216440201 -0.4028765559196472 4.988535404205322
v 0.08019538223743439 -0.3778907060623169 4.980373382568359
v 0.05449491739273071 -0.37917014956474304 4.9747443199157715
v 0.061000093817710876 -0.40415266156196594 4.982593059539795
v 0.03709079325199127 -0.40554672479629517 4.98369026184082
v 0.0289241224527359 -0.38068875670433044 4.978635311126709
v -0.0015353081980720162 -0.40899547934532166 5.00888204574585
v -0.01043763104826212 -0.3827117383480072 5.009356498718262
v 0.005681786220520735 -0.38213372230529785 4.9886794090271
v 0.015163908712565899 -0.4077439308166504 4.993090629577637
v 0.03256671130657196 -0.5030819773674011 5.008250713348389
v 0.0226563960313797 -0.47979018092155457 5.008157730102539
v 0.04220474511384964 -0.476258784532547 5.003374099731445
v 0.05138920247554779 -0.4990091621875763 5.006015777587891
v 0.06879246234893799 -0.49551939964294434 5.003193378448486
v 0.06109493225812912 -0.47348183393478394 5.003020763397217
v 0.07931891083717346 -0.4715064764022827 5.002962112426758
v 0.08748580515384674 -0.49363067746162415 5.004255771636963
v 0.10956685245037079 -0.47334983944892883 5.025583744049072
v 0.11547349393367767 -0.49697110056877136 5.028270244598389
v 0.10379846394062042 -0.4936513304710388 5.011412143707275
v 0.09667301177978516 -0.4709928631782532 5.009253978729248
v 0.12313869595527649 -0.4770417809486389 5.044923305511475
v 0.1260155290365219 -0.5011290907859802 5.046853542327881
v 0.12353938817977905 -0.4823998808860779 5.06978702545166
v 0.12325544655323029 -0.5075953602790833 5.07094144821167
v 0.10882197320461273 -0.4883619546890259 5.094453811645508
v 0.10739447176456451 -0.5134726166725159 5.0925612449646
v -0.0008108695619739592 -0.49050846695899963 5.059389114379883
v -0.001534008071757853 -0.48679792881011963 5.039846420288086
v 0.0071050371043384075 -0.5107632279396057 5.033684253692627
v 0.005650426726788282 -0.5155469179153442 5.054762840270996
v 0.02390798181295395 -0.4956762194633484 5.101836681365967
v 0.029087595641613007 -0.5213543176651001 5.091005325317383
v 0.04264257103204727 -0.5210558772087097 5.111919403076172
v 0.04109065979719162 -0.4954544007778168 5.1227192878723145
v 0.11348859965801239 -0.4357583224773407 5.091020107269287
v 0.12055887281894684 -0.4319603145122528 5.060626029968262
v 0.11780445277690887 -0.42854371666908264 5.033175945281982
v 0.10423742234706879 -0.42672380805015564 5.0134429931640625
v 0.006661399733275175 -0.4333162307739258 5.010147571563721
v 0.024466052651405334 -0.43090134859085083 4.997194290161133
v -0.00888900551944971 -0.4393381178379059 5.0739240646362305
v -0.01132544968277216 -0.437053382396698 5.050649642944336
v 0.06842855364084244 -0.46771591901779175 5.132932186126709
v 0.09410500526428223 -0.4651045799255371 5.117565631866455
v 0.09752589464187622 -0.4374728500843048 5.116574287414551
v 0.07119905203580856 -0.4389323592185974 5.130556583404541
v 0.12244950234889984 -0.45680856704711914 5.0654296875
v 0.11936794221401215 -0.452790230512619 5.0387959480285645
v 0.10608690977096558 -0.45002612471580505 5.019772052764893
v 0.07307824492454529 -0.44947412610054016 4.998175621032715
v 0.09161485731601715 -0.44878143072128296 5.0042219161987305
v 0.05343955010175705 -0.45105069875717163 4.9980316162109375
v 0.014329514466226101 -0.4563520848751068 5.007312297821045
v 0.03347591310739517 -0.45332178473472595 4.999776840209961
v -0.0041383844800293446 -0.4657110869884491 5.0670061111450195
v -0.006342433858662844 -0.4623222351074219 5.044890403747559
v 0.06675907969474792 -0.5195679068565369 5.120784759521484
v 0.0916101336479187 -0.5172951221466064 5.113162517547607
v 0.09145310521125793 -0.4922615587711334 5.116450309753418
v 0.06713579595088959 -0.49511316418647766 5.130266189575195
v 0.06799612194299698 -0.5422393083572388 5.108553886413574
v 0.04688268154859543 -0.5435744524002075 5.101433753967285
v 0.09264552593231201 -0.5159819722175598 5.002069473266602
v 0.07697853446006775 -0.5184599757194519 5.001095771789551
v 0.10946772992610931 -0.5173386931419373 5.010557174682617
v 0.12182378768920898 -0.5332877039909363 5.070699214935303
v 0.12850815057754517 -0.524664044380188 5.0454487800598145
v 0.10661256313323975 -0.5400133728981018 5.0916523933410645
v 0.08971792459487915 -0.5400564074516296 5.106338977813721
v 0.02512878179550171 -0.5590474009513855 5.023571491241455
v 0.022388041019439697 -0.5634748339653015 5.041473865509033
v 0.012764702551066875 -0.5364970564842224 5.047022819519043
v 0.01716429740190506 -0.5341350436210632 5.030500411987305
v 0.04757681488990784 -0.5506540536880493 4.999117851257324
v 0.04251391440629959 -0.5260089039802551 5.009280204772949
v 0.059628769755363464 -0.5222480297088623 5.005529403686523
v 0.0645829290151596 -0.5455762147903442 4.9908671379089355
v 0.10182823240756989 -0.5411715507507324 4.992796421051025
v 0.08336841315031052 -0.5421305894851685 4.988622665405273
v 0.11819577217102051 -0.5411856174468994 5.002310752868652
v 0.1314971148967743 -0.551487386226654 5.042773723602295
v 0.13092723488807678 -0.5442259311676025 5.019144058227539
v 0.12180832028388977 -0.5191765427589417 5.024463653564453
v 0.12251080572605133 -0.5602832436561584 5.069421768188477
v 0.10181641578674316 -0.5975184440612793 5.0815839767456055
v 0.1255822479724884 -0.589066743850708 5.066555976867676
v 0.09916183352470398 -0.5682024359703064 5.0870890617370605
v 0.0832073986530304 -0.692209005355835 5.055538654327393
v 0.08517886698246002 -0.7249058485031128 5.0456953048706055
v 0.10684013366699219 -0.7215738296508789 5.048863887786865
v 0.10763098299503326 -0.6890231966972351 5.058732032775879
v 0.028258338570594788 -0.5867577791213989 5.013686656951904
v 0.026995018124580383 -0.5905348062515259 5.033315181732178
v 0.06900066137313843 -0.5721396803855896 4.9775390625
v 0.04951484501361847 -0.5770163536071777 4.984710216522217
v 0.14110176265239716 -0.6083739995956421 5.031113624572754
v 0.14085252583026886 -0.6011655926704407 5.00565242767334
v 0.13662214577198029 -0.5717313885688782 5.013494968414307
v 0.136376291513443 -0.5793826580047607 5.0391764640808105
v 0.03295769542455673 -0.682165801525116 5.008206844329834
v 0.02901042252779007 -0.6509331464767456 5.016392230987549
v 0.031042836606502533 -0.6466325521469116 4.994487285614014
v 0.03505855053663254 -0.678575336933136 4.988615036010742
v 0.06959153711795807 -0.601620614528656 4.964929103851318
v 0.07166584581136703 -0.6335372924804688 4.95773983001709
v 0.0530809685587883 -0.6378707885742188 4.964973449707031
v 0.049430087208747864 -0.6061157584190369 4.973098278045654
v 0.1411576122045517 -0.674493134021759 5.018839359283447
v 0.14226354658603668 -0.6688623428344727 4.9945759773254395
v 0.14334456622600555 -0.6336186528205872 4.999553680419922
v 0.1426486372947693 -0.6401578187942505 5.024855136871338
v 0.10511685907840729 -0.6263568997383118 5.0752410888671875
v 0.10821573436260223 -0.6569233536720276 5.066956520080566
v 0.13109657168388367 -0.6485777497291565 5.051209449768066
v 0.12972506880760193 -0.6178314685821533 5.058205604553223
v 0.07833626866340637 -0.629497230052948 5.071863651275635
v 0.08174460381269455 -0.6598412990570068 5.064228534698486
v 0.050375230610370636 -0.7481526136398315 4.982324123382568
v 0.048739492893218994 -0.7532486915588379 4.997632026672363
v 0.04052171856164932 -0.7173258662223816 5.003618240356445
v 0.04237373173236847 -0.7125915884971619 4.985473155975342
v 0.07513151317834854 -0.6672232151031494 4.95391321182251
v 0.0789056345820427 -0.7032315135002136 4.954428672790527
v 0.06209637224674225 -0.7060016989707947 4.960396766662598
v 0.05669385939836502 -0.6710081696510315 4.960827350616455
v 0.13373708724975586 -0.7478533387184143 5.005549907684326
v 0.13355165719985962 -0.7437114715576172 4.985738277435303
v 0.13867612183094025 -0.7062744498252869 4.990967750549316
v 0.13799020648002625 -0.7105540633201599 5.0124335289001465
v 0.10650381445884705 -0.756672203540802 5.037362098693848
v 0.12572602927684784 -0.7526281476020813 5.026437759399414
v 0.12806467711925507 -0.7161233425140381 5.036255836486816
v 0.08651860803365707 -0.759551465511322 5.0359086990356445
v 0.08742372691631317 -0.794354259967804 5.02745246887207
v 0.10431700944900513 -0.7920607924461365 5.028961658477783
v 0.05633436143398285 -0.7829610109329224 4.977990627288818
v 0.05644631385803223 -0.786823570728302 4.99223518371582
v 0.06923875957727432 -0.7775234580039978 4.958493232727051
v 0.06708623468875885 -0.7419108152389526 4.959486484527588
v 0.08160112053155899 -0.7387978434562683 4.954532146453857
v 0.08255865424871445 -0.7739439606666565 4.952496528625488
v 0.11493028700351715 -0.7401019334793091 4.958287715911865
v 0.11264733970165253 -0.7753777503967285 4.957308769226074
v 0.09826347231864929 -0.7732492089271545 4.952143669128418
v 0.09873497486114502 -0.7383762001991272 4.953258037567139
v 0.1270783245563507 -0.7781015634536743 4.981046199798584
v 0.12173022329807281 -0.776128351688385 4.966858386993408
v 0.12687848508358002 -0.7410905957221985 4.969050407409668
v 0.12918581068515778 -0.7816177606582642 4.999654293060303
v 0.12194597721099854 -0.7875087261199951 5.019229412078857
v -0.057626280933618546 -0.22941797971725464 4.998376846313477
v -0.05019377917051315 -0.2357872575521469 4.98693323135376
v -0.05531998351216316 -0.24649715423583984 5.019750118255615
v -0.05879387632012367 -0.2368825525045395 5.029296875
v -0.006387666333466768 -0.3531723618507385 5.110940933227539
v -0.009441644884645939 -0.3225977122783661 5.115876197814941
v -0.0005077054374851286 -0.41245946288108826 5.102382659912109
v -0.0026522022671997547 -0.3834906816482544 5.108440399169922
v 0.0027927416376769543 -0.44088783860206604 5.095914840698242
v 0.008484027348458767 -0.4941605031490326 5.080399513244629
v 0.006643492262810469 -0.46848490834236145 5.090023994445801
v 0.012928246520459652 -0.5183042287826538 5.07118034362793
v 0.021303266286849976 -0.5422735214233398 5.0645904541015625
v 0.0286252498626709 -0.5686046481132507 5.059954643249512
v 0.03691431134939194 -0.6232632994651794 5.04658317565918
v 0.03424757719039917 -0.5946706533432007 5.052761077880859
v 0.02809523046016693 -0.6200612783432007 5.024563789367676
v 0.042155101895332336 -0.6866586804389954 5.030160903930664
v 0.0387764647603035 -0.653972327709198 5.038242340087891
v 0.055424027144908905 -0.7578904032707214 5.013758659362793
v 0.04826905578374863 -0.7222082614898682 5.022502422332764
v 0.06320850551128387 -0.7911602854728699 5.008162021636963
v 0.015868544578552246 -0.20770107209682465 5.135083198547363
v 0.015601630322635174 -0.18430188298225403 5.129449844360352
v -0.011072740890085697 -0.20086127519607544 5.12454891204834
v -0.012437575496733189 -0.22004671394824982 5.12553596496582
v -0.059903837740421295 -0.2089896947145462 5.048153400421143
v -0.06022334843873978 -0.21542054414749146 5.04832124710083
v -0.056833237409591675 -0.2129412740468979 5.064241886138916
v -0.057085610926151276 -0.20468026399612427 5.059694766998291
v 0.1122293472290039 -0.4625094532966614 5.094696998596191
v 0.08751176297664642 -0.42612355947494507 4.997927665710449
v 0.045527949929237366 -0.4286167323589325 4.9918951988220215
v 0.06690563261508942 -0.42698824405670166 4.990143775939941
v 0.020319558680057526 -0.46987196803092957 5.111713409423828
v 0.04145355522632599 -0.46850085258483887 5.128009796142578
v 0.04274041950702667 -0.4404696524143219 5.130152225494385
v 0.019684091210365295 -0.4416346251964569 5.116247653961182
v 0.07448374480009079 -0.6034923791885376 5.078876972198486
v 0.0510476678609848 -0.6000493764877319 5.068881034851074
v 0.05512437969446182 -0.6277697682380676 5.062101364135742
v 0.07254060357809067 -0.5794491171836853 5.08705472946167
v 0.12633930146694183 -0.567492663860321 4.994161128997803
v 0.10967229306697845 -0.5667044520378113 4.981507301330566
v 0.09205052256584167 -0.5971179604530334 4.963977813720703
v 0.08971795439720154 -0.5683760643005371 4.976473331451416
v 0.11393728852272034 -0.5952069163322449 4.969909191131592
v 0.01893891766667366 -0.3851691484451294 5.126989841461182
v 0.018262509256601334 -0.41390347480773926 5.123363018035889
v 0.04461356997489929 -0.4122278690338135 5.1334052085876465
v 0.04629647731781006 -0.38339802622795105 5.136722564697266
v 0.0382261648774147 0.10199946165084839 4.970795631408691
v 0.05229447782039642 0.0947883129119873 4.984857082366943
v 0.06986801326274872 0.16323266923427582 5.143221855163574
v 0.060793809592723846 0.15288564562797546 5.15016508102417
v 0.059453949332237244 0.1450057029724121 5.1321845054626465
v 0.07018546760082245 0.15606491267681122 5.123163223266602
v 0.07750287652015686 0.16962593793869019 5.118009090423584
v 0.07592315226793289 0.17598509788513184 5.137899875640869
v 0.08137219399213791 0.1845725178718567 5.113946437835693
v 0.07933889329433441 0.19090840220451355 5.134012699127197
v 0.07977106422185898 0.2529669404029846 5.09840202331543
v 0.08132529258728027 0.26237234473228455 5.094239711761475
v -0.041517965495586395 0.12184193730354309 5.168586730957031
v -0.04074389487504959 0.1016673892736435 5.1709723472595215
v -0.018421903252601624 0.10361143946647644 5.166079998016357
v -0.00821623858064413 -0.036728519946336746 5.147383213043213
v 0.005686193238943815 -0.10147823393344879 5.1239824295043945
v -0.01711326837539673 -0.10730468481779099 5.133368492126465
v -0.02357501909136772 -0.13135825097560883 5.128764629364014
v -0.05586172267794609 -0.1811595857143402 5.097733020782471
v -0.06316225975751877 -0.19043052196502686 5.081795692443848
v -0.06330271065235138 -0.20186010003089905 5.061003684997559
v -0.06277333945035934 -0.2066190391778946 5.046130180358887
v -0.014116956852376461 0.16082081198692322 4.95567512512207
v -0.01360748428851366 0.18202467262744904 4.957038879394531
v -0.061634454876184464 0.3411673307418823 4.995879650115967
v -0.04237725958228111 0.3480531573295593 4.994150161743164
v -0.0429859459400177 0.3709588944911957 5.006868839263916
v -0.061956360936164856 0.36532559990882874 5.007763862609863
v -0.06314454227685928 0.37444284558296204 5.01255464553833
v -0.04426216706633568 0.38053184747695923 5.013954162597656
v -0.07078409940004349 0.41327399015426636 5.045308589935303
v -0.06799829006195068 0.4069347679615021 5.0382585525512695
v -0.06236205995082855 -0.21570415794849396 5.032010078430176
v -0.062297333031892776 -0.2199917733669281 5.02362060546875
v -0.06050395220518112 -0.22200575470924377 5.047137260437012
v -0.03601044788956642 -0.2494291514158249 5.105329513549805
v -0.03536536172032356 -0.23116421699523926 5.110270023345947
v -0.04973100125789642 -0.23824258148670197 5.086431980133057
v -0.0495605543255806 -0.25348809361457825 5.081306457519531
v 0.1328352689743042 -0.18876351416110992 5.019042491912842
v 0.1243986040353775 -0.1884385496377945 5.0600481033325195
v 0.03097209334373474 -0.242564857006073 4.9305419921875
v 0.18269945681095123 0.1854570508003235 4.997089862823486
v 0.16253291070461273 0.20157358050346375 5.002010822296143
v 0.1711931675672531 0.20889607071876526 4.993929862976074
v 0.19162525236606598 0.19290903210639954 4.991413593292236
v -0.013425453566014767 0.2572336494922638 4.958520889282227
v -0.005573053378611803 0.23056626319885254 4.95864200592041
v 0.0031466218642890453 0.3922870457172394 5.111957550048828
v 0.07416278123855591 0.3837090730667114 5.106616973876953
v 0.06239844858646393 0.3871064782142639 5.104061126708984
v 0.05970253050327301 0.36968472599983215 5.123000621795654
v 0.0694500058889389 0.3673301637172699 5.125765800476074
v 0.06980544328689575 0.36617323756217957 5.024198055267334
v 0.05710061639547348 0.36873602867126465 5.018181800842285
v 0.06017124652862549 0.38103175163269043 5.03299617767334
v 0.07200385630130768 0.37761956453323364 5.039156913757324
v -0.0023449216969311237 -0.10050870478153229 4.877965450286865
v -0.03296031057834625 -0.10043616592884064 4.87872314453125
v -0.029288291931152344 0.09907597303390503 4.944787979125977
v -0.03204486146569252 0.12084808945655823 4.949058532714844
v -0.012936948798596859 0.1173592060804367 4.9486308097839355
v -0.009552731178700924 0.09575027227401733 4.944462299346924
v 0.0159451887011528 0.2438117265701294 4.963331699371338
v 0.02996702492237091 0.22689908742904663 4.968879699707031
v -0.03517850860953331 0.18543046712875366 5.198643207550049
v -0.01994502730667591 0.19162726402282715 5.201850414276123
v -0.022368552163243294 0.21020105481147766 5.19821834564209
v -0.03819327428936958 0.20549649000167847 5.196363925933838
v 0.16563375294208527 0.251494437456131 4.998056888580322
v 0.15992005169391632 0.23496028780937195 4.994327068328857
v 0.1395070105791092 0.2475370466709137 4.999843597412109
v 0.14182598888874054 0.2601968050003052 5.000329971313477
v 0.0990944653749466 -0.21176445484161377 4.941084384918213
v 0.12358881533145905 -0.18931534886360168 4.97091007232666
v 0.06319154798984528 0.12100642919540405 5.006680965423584
v 0.06203161180019379 0.10330641269683838 5.004560947418213
v 0.049947015941143036 0.11252555251121521 4.987806797027588
v 0.05168725550174713 0.13002023100852966 4.988825798034668
v 0.06789176911115646 0.16710138320922852 5.020023822784424
v 0.06371418386697769 0.15279313921928406 5.015969753265381
v 0.07380154728889465 0.18190380930900574 5.022876739501953
v 0.09220723807811737 0.27502623200416565 5.029568672180176
v 0.08896836638450623 0.2722302973270416 5.0327911376953125
v 0.08793334662914276 0.2760230600833893 5.025578022003174
v -0.012693856842815876 -0.24196390807628632 5.125102996826172
v -0.013813325203955173 -0.1676451414823532 5.11639404296875
v -0.02186131849884987 -0.15624862909317017 5.115828514099121
v -0.06209428980946541 -0.2093961089849472 5.033997058868408
v -0.06277448683977127 -0.2081294059753418 5.0344085693359375
v -0.026214497163891792 0.4089869260787964 5.124792575836182
v -0.022937577217817307 0.41345325112342834 5.1097731590271
v 0.11396245658397675 0.24396485090255737 5.03348970413208
v 0.10460351407527924 0.2574537396430969 5.041478157043457
v 0.08558469265699387 0.25282230973243713 5.0464701652526855
v 0.08684834837913513 0.2605610489845276 5.0442423820495605
v 0.0856933444738388 0.2600088119506836 5.059887409210205
v 0.0845319926738739 0.25070780515670776 5.061850070953369
v 0.08485637605190277 0.25642895698547363 5.033594608306885
v 0.08630359917879105 0.26330411434173584 5.032674312591553
v 0.05212029814720154 0.2869652509689331 5.147223472595215
v 0.05444551259279251 0.3031603991985321 5.142806053161621
v 0.04485230892896652 0.3063773214817047 5.146363258361816
v 0.04302482306957245 0.28990402817726135 5.152305603027344
v 0.03286232054233551 0.29035064578056335 5.155660152435303
v 0.03434184938669205 0.3091343343257904 5.1489152908325195
v 0.021588608622550964 0.30907243490219116 5.152319431304932
v 0.020563624799251556 0.2897449731826782 5.160589694976807
v 0.0006366590387187898 0.36909398436546326 5.131354331970215
v -0.01564164087176323 0.3578028976917267 5.141876697540283
v -0.033323779702186584 0.34909892082214355 5.150107383728027
v -0.04930655285716057 0.34295183420181274 5.155316352844238
v -0.06311734020709991 0.40105992555618286 5.0315093994140625
v -0.04153170436620712 0.4061662256717682 5.034261703491211
v -0.044370122253894806 0.39747536182403564 5.026101589202881
v -0.06244638189673424 0.3930840492248535 5.025653839111328
v -0.08146757632493973 0.38918450474739075 5.024753093719482
v -0.08296174556016922 0.3967824876308441 5.030667304992676
v -0.030723102390766144 0.393086314201355 5.1343889236450195
v -0.04214497655630112 0.3863465487957001 5.145348072052002
v -0.052662476897239685 0.36747023463249207 5.150510311126709
v 0.2216416746377945 0.22352415323257446 5.067046642303467
v 0.2055872529745102 0.2419077455997467 5.074668884277344
v -0.027394119650125504 0.42596933245658875 5.081989765167236
v -0.023307085037231445 0.4200844168663025 5.095620632171631
v 0.2291455715894699 0.23030045628547668 5.053773403167725
v 0.21278665959835052 0.2486807107925415 5.060032844543457
v 0.04383023828268051 0.34949707984924316 5.134044170379639
v 0.0551358237862587 0.3476109206676483 5.133400917053223
v 0.048564404249191284 0.37169724702835083 5.122135162353516
v -0.03347061574459076 0.4046688377857208 5.137417316436768
v -0.043394025415182114 0.39882972836494446 5.148719787597656
v 0.1283189207315445 -0.15345540642738342 5.023903846740723
v 0.11844909191131592 -0.1538609266281128 5.058313369750977
v 0.07319463789463043 0.06657204031944275 5.045426368713379
v 0.06909174472093582 0.056752949953079224 5.067315578460693
v -0.06418865919113159 0.05687300115823746 5.164312362670898
v -0.06508826464414597 0.03739193081855774 5.161532402038574
v -0.04428022727370262 0.038644708693027496 5.161518573760986
v -0.04253702983260155 0.05829773098230362 5.165594577789307
v -0.064298614859581 0.11940892040729523 5.168603897094727
v -0.06396946310997009 0.09878621995449066 5.169232368469238
v -0.06354685872793198 0.40312692523002625 5.161313056945801
v -0.026370644569396973 0.0046946643851697445 5.148868560791016
v -0.02529824525117874 0.022230038419365883 5.152703285217285
v -0.04566638544201851 0.020631441846489906 5.156352519989014
v -0.047214820981025696 0.000685365404933691 5.150200843811035
v -0.05641878768801689 -0.01876823417842388 5.152951240539551
v -0.058131538331508636 -0.02564849890768528 5.153991222381592
v -0.04384150728583336 -0.1496400237083435 5.128655433654785
v -0.05437155440449715 -0.15009647607803345 5.130729675292969
v 0.14216144382953644 0.2671167254447937 5.107633590698242
v 0.15480338037014008 0.28051918745040894 5.1064276695251465
v 0.14441029727458954 0.2927730977535248 5.113621711730957
v 0.1319713145494461 0.2789452373981476 5.113060474395752
v 0.010845783166587353 0.01287382934242487 5.130674839019775
v -0.007610729429870844 0.008413837291300297 5.142627716064453
v 0.07687447965145111 0.24613916873931885 5.117748260498047
v 0.07961587607860565 0.24236223101615906 5.101675987243652
v -0.042401574552059174 0.1396816223859787 5.175930976867676
v -0.003967475611716509 0.19682952761650085 5.202279090881348
v -0.006490946281701326 0.21383142471313477 5.197927474975586
v 0.01005383487790823 0.2016710340976715 5.2010297775268555
v 0.008450298570096493 0.2175644338130951 5.194872856140137
v -0.06325077265501022 -0.20608118176460266 5.019085884094238
v -0.06334356218576431 -0.21347522735595703 5.028820037841797
v 0.14895965158939362 0.3161652982234955 5.0289716720581055
v 0.14530323445796967 0.31008079648017883 5.022311687469482
v 0.13486088812351227 0.3167743384838104 5.0227837562561035
v 0.139020636677742 0.3237729072570801 5.0281243324279785
v -0.05234141647815704 -0.27059343457221985 5.046209812164307
v -0.05490383878350258 -0.2532899081707001 5.05288028717041
v -0.04412851482629776 -0.22440427541732788 4.959164142608643
v -0.05798798426985741 -0.22014114260673523 4.972494125366211
v -0.0633118748664856 -0.2167399376630783 4.970433235168457
v -0.06273060292005539 -0.21082213521003723 4.955320358276367
v 0.01574661210179329 -0.2939380407333374 5.136799335479736
v 0.016052503138780594 -0.26331546902656555 5.138490200042725
v 0.01667754352092743 -0.3249913454055786 5.134244918823242
v 0.017361126840114594 -0.35610833764076233 5.13197660446167
v 0.035161226987838745 -0.5451847910881042 5.081324100494385
v 0.04629439860582352 -0.5717050433158875 5.078150272369385
v 0.058725304901599884 -0.6578505635261536 5.0531325340271
v 0.061960071325302124 -0.6900961995124817 5.044156551361084
v 0.06559203565120697 -0.7246776223182678 5.035315036773682
v 0.07459985464811325 -0.793280839920044 5.0187883377075195
v 0.06965113431215286 -0.7604131698608398 5.026806831359863
v 0.2321138232946396 0.23383337259292603 5.0386176109313965
v 0.23197169601917267 0.2319231927394867 5.023037433624268
v 0.21355117857456207 0.25177666544914246 5.02629280090332
v 0.21417979896068573 0.25445178151130676 5.043653964996338
v 0.1384630650281906 0.21158146858215332 5.032217025756836
v 0.1543908268213272 0.19587469100952148 5.027333736419678
v 0.15485216677188873 0.19589197635650635 5.041813850402832
v 0.13917981088161469 0.212758868932724 5.049134254455566
v 0.17164917290210724 0.1795254796743393 5.020946502685547
v 0.15659917891025543 0.19802549481391907 5.013339042663574
v 0.17575059831142426 0.18188944458961487 5.008034706115723
v 0.20113800466060638 0.2036762535572052 4.9892144203186035
v 0.18097646534442902 0.21970334649085999 4.9923095703125
v 0.19016186892986298 0.23179861903190613 4.9945268630981445
v 0.21114151179790497 0.21364346146583557 4.992244720458984
v 0.22795890271663666 0.22742709517478943 5.010562419891357
v 0.22071130573749542 0.221051424741745 4.9989519119262695
v 0.20130421221256256 0.23976168036460876 5.002093315124512
v 0.2096179872751236 0.24630340933799744 5.013289928436279
v 0.17988379299640656 0.18484899401664734 5.061967372894287
v 0.1633368879556656 0.2027166783809662 5.0698747634887695
v 0.15769721567630768 0.197917640209198 5.057003498077393
v 0.17391957342624664 0.18004420399665833 5.049322128295898
v 0.16738931834697723 0.29256513714790344 5.095062255859375
v 0.155607208609581 0.30853068828582764 5.107083797454834
v 0.08334924280643463 0.27308541536331177 5.104116916656494
v 0.08846554160118103 0.2751447260379791 5.09633207321167
v 0.09350234270095825 0.2768903076648712 5.109899044036865
v 0.08638854324817657 0.2789899706840515 5.117315769195557
v 0.17842768132686615 0.25051257014274597 5.091881275177002
v 0.19097928702831268 0.260263592004776 5.081667423248291
v 0.1777031272649765 0.2780524790287018 5.090528964996338
v 0.16560547053813934 0.26646989583969116 5.099519729614258
v 0.1471228152513504 0.22031190991401672 5.0769734382629395
v 0.13079677522182465 0.23594751954078674 5.085414409637451
v 0.12611715495586395 0.2322697639465332 5.070783615112305
v 0.1415472775697708 0.21509981155395508 5.063679218292236
v 0.13171745836734772 0.23933345079421997 5.006101131439209
v 0.1508340984582901 0.22448062896728516 4.9995808601379395
v 0.12045077979564667 0.26627811789512634 5.1060309410095215
v 0.12948714196681976 0.25590190291404724 5.1021318435668945
v 0.07721371948719025 0.23510855436325073 5.120425224304199
v 0.08392328023910522 0.2416212558746338 5.064260959625244
v 0.08411436527967453 0.23114091157913208 5.064749717712402
v 0.06152218580245972 0.16447687149047852 5.162847518920898
v 0.06179898977279663 0.17883926630020142 5.17135763168335
v 0.08481761068105698 0.20012614130973816 5.089015960693359
v 0.08299821615219116 0.18256239593029022 5.090765476226807
v 0.06602003425359726 0.18162181973457336 5.164376258850098
v 0.0678669884800911 0.17282763123512268 5.15707540512085
v 0.01874507963657379 0.10645568370819092 5.147130489349365
v -0.05148151516914368 0.3550095856189728 5.151435375213623
v 0.14022044837474823 0.2421518862247467 5.093420028686523
v 0.15283642709255219 0.25245895981788635 5.098491668701172
v 0.1253870278596878 0.267537921667099 5.0037102699279785
v 0.1210155338048935 0.25908368825912476 5.0067596435546875
v 0.10806138813495636 0.26856574416160583 5.013540744781494
v 0.11161799728870392 0.27473288774490356 5.00894832611084
v 0.04465429484844208 0.26840052008628845 4.979142189025879
v 0.052341900765895844 0.2557777166366577 4.984166622161865
v 0.04289254546165466 0.2408277690410614 4.9762678146362305
v 0.03248601406812668 0.25512635707855225 4.96977424621582
v 0.15931324660778046 0.3198521137237549 5.0417866706848145
v 0.15020175278186798 0.3305491507053375 5.044832706451416
v 0.15644283592700958 0.33069369196891785 5.054243087768555
v 0.16629450023174286 0.3177923262119293 5.050915241241455
v 0.16118694841861725 0.3274356424808502 5.069284439086914
v 0.16413824260234833 0.31841355562210083 5.086985111236572
v 0.17353303730487823 0.30395546555519104 5.082427024841309
v 0.17143256962299347 0.3127821385860443 5.065877437591553
v 0.1211603432893753 -0.12304089218378067 4.9987945556640625
v 0.11357921361923218 -0.12371647357940674 4.9672441482543945
v 0.04942840337753296 -0.01644301228225231 5.105499744415283
v 0.06606532633304596 -0.00853999238461256 5.088225364685059
v 0.03353127837181091 -0.09063272923231125 5.116447448730469
v -0.05083003640174866 -0.2167610228061676 5.08582067489624
v -0.03413249924778938 -0.20280587673187256 5.1073174476623535
v -0.04746849834918976 -0.2942345142364502 5.037633895874023
v 0.12091940641403198 -0.12338241934776306 5.029777526855469
v -0.028587784618139267 -0.35333874821662903 5.0333733558654785
v -0.038439493626356125 -0.3232201337814331 5.0343122482299805
v 0.02069321647286415 -0.3536146283149719 4.971115589141846
v 0.0109907491132617 -0.3232785761356354 4.964191913604736
v 0.04185199737548828 -0.3249278962612152 4.959858417510986
v 0.048262402415275574 -0.3534371554851532 4.968879222869873
v 0.07199200242757797 -0.32478436827659607 4.96767520904541
v 0.07585135102272034 -0.35213103890419006 4.975111961364746
v 0.07559210062026978 -0.4099845886230469 5.129806041717529
v 0.09419888257980347 -0.6299634575843811 4.956246376037598
v 0.11650924384593964 -0.6643994450569153 4.959422588348389
v 0.0961206704378128 -0.665066659450531 4.952767848968506
v 0.11600041389465332 -0.6281498670578003 4.9633402824401855
v 0.13108611106872559 -0.5966793298721313 4.984905242919922
v 0.13304753601551056 -0.6291220784187317 4.977745056152344
v 0.1299736648797989 -0.6810491681098938 5.043405055999756
v 0.09805899858474731 -0.7015856504440308 4.9534101486206055
v 0.11630654335021973 -0.7023146748542786 4.9588117599487305
v 0.13305115699768066 -0.6654130816459656 4.975104808807373
v 0.13057918846607208 -0.703031063079834 4.971917629241943
v -0.055995382368564606 -0.240560844540596 5.060105323791504
v -0.06280511617660522 -0.21004721522331238 4.938865661621094
v 0.09848476946353912 -0.1578443944454193 5.090023517608643
v 0.10322771966457367 -0.1875949501991272 5.093052864074707
v 0.013806934468448162 -0.16331131756305695 5.121661186218262
v 0.041139617562294006 -0.14760342240333557 5.121330738067627
v 0.04530807584524155 0.0392572283744812 5.102011203765869
v 0.028773866593837738 0.03351982682943344 5.116941452026367
v 0.04613687843084335 0.07692711055278778 5.108402729034424
v 0.04588017612695694 0.05702875554561615 5.104249477386475
v 0.05903974175453186 0.06526751816272736 5.088675498962402
v 0.05877814441919327 0.08439186215400696 5.091545581817627
v 0.07201561331748962 0.10243916511535645 5.051873207092285
v 0.07182818651199341 0.08397059142589569 5.048520565032959
v 0.07005108892917633 0.09371151030063629 5.025769233703613
v 0.07025370746850967 0.11195935308933258 5.028183460235596
v 0.06444129347801208 0.08574211597442627 5.0028181076049805
v 0.07199689745903015 0.07618708908557892 5.024011135101318
v 0.004266689997166395 0.13388927280902863 4.956741809844971
v 0.004289648961275816 0.1546708643436432 4.959560871124268
v 0.021329350769519806 0.14748214185237885 4.965846061706543
v 0.020983904600143433 0.1276124268770218 4.963160991668701
v -0.03288725018501282 -0.15038783848285675 5.121906757354736
v -0.05725104734301567 -0.22165948152542114 5.065791130065918
v 0.016169998794794083 -0.23408713936805725 5.137811660766602
v 0.046831950545310974 -0.1976107805967331 5.133373737335205
v 0.07791903614997864 -0.19164331257343292 5.121628761291504
v 0.10409168899059296 0.2586645185947418 5.054325580596924
v 0.07082553207874298 0.2771575450897217 5.006294250488281
v 0.06876462697982788 0.28673624992370605 5.003903388977051
v 0.18405260145664215 0.28827086091041565 5.07480525970459
v 0.18197749555110931 0.29699578881263733 5.059167861938477
v 0.11872969567775726 0.24988830089569092 5.091628551483154
v 0.13519851863384247 0.3041316568851471 5.119390964508057
v 0.11404654383659363 0.29885968565940857 5.124179363250732
v 0.1231432557106018 0.2885715365409851 5.118540287017822
v 0.060327187180519104 -0.0963415652513504 5.099409103393555
v 0.06399183720350266 -0.1151573583483696 5.101602554321289
v 0.08806215226650238 -0.10712536424398422 5.085543632507324
v -0.061379965394735336 -0.2187398225069046 4.9889044761657715
v -0.06304891407489777 -0.21408697962760925 4.980710983276367
v -0.010969952680170536 -0.18310272693634033 5.119804859161377
v -0.01227801013737917 -0.4096381962299347 5.030453681945801
v -0.019710291177034378 -0.3825974464416504 5.033291339874268
v -0.005815424490720034 -0.4350225329399109 5.027772903442383
v 0.0007326038903556764 -0.4595642387866974 5.024903774261475
v 0.007373608183115721 -0.4832736849784851 5.021235942840576
v 0.01657663658261299 -0.5065547823905945 5.01614236831665
v 0.02784915268421173 -0.5302693247795105 5.0177764892578125
v 0.0345534011721611 -0.5553364157676697 5.01013708114624
v 0.0294196754693985 -0.6160156726837158 5.0026774406433105
v 0.03493121266365051 -0.5814101696014404 4.997073650360107
v 0.036538079380989075 -0.6107569932937622 4.985795974731445
v 0.03974597156047821 -0.6424208879470825 4.978043079376221
v 0.05023534595966339 -0.7093296051025391 4.971466064453125
v 0.04358711093664169 -0.6747221946716309 4.973094463348389
v 0.05681104212999344 -0.7440574765205383 4.968461513519287
v 0.061274945735931396 -0.7800488471984863 4.96693754196167
v -0.06323641538619995 -0.21187365055084229 5.014654159545898
v -0.06278638541698456 -0.21586868166923523 5.003216743469238
v 0.030444279313087463 0.3511618375778198 5.134387969970703
v 0.08197354525327682 0.2512783408164978 5.0795793533325195
v 0.08273586630821228 0.26004648208618164 5.076045513153076
v 0.10927538573741913 0.2617901861667633 5.098461627960205
v -0.06267049163579941 -0.20360898971557617 4.921401023864746
v -0.0635022297501564 -0.19135326147079468 4.904890060424805
v 0.1919354945421219 0.26212000846862793 5.013638019561768
v 0.1962847262620926 0.2698407769203186 5.027373790740967
v 0.1134033352136612 0.24876615405082703 5.0781354904174805
v 0.08307291567325592 0.26935282349586487 5.086441516876221
v 0.08735188841819763 0.27379539608955383 5.080076694488525
v 0.24290503561496735 0.17588818073272705 5.12416934967041
v 0.23895631730556488 0.16985908150672913 5.143080234527588
v 0.25042083859443665 0.17077462375164032 5.144575595855713
v 0.2549038231372833 0.17605146765708923 5.124551773071289
v 0.23166225850582123 0.17066705226898193 5.122017860412598
v 0.22949330508708954 0.16385328769683838 5.139653205871582
v 0.22923479974269867 0.11317242681980133 5.109707832336426
v 0.23152683675289154 0.1098366528749466 5.12963342666626
v 0.22413761913776398 0.12050072848796844 5.1299591064453125
v 0.2219872623682022 0.12437552213668823 5.110138893127441
v 0.22143276035785675 0.14810557663440704 5.154412746429443
v 0.22239933907985687 0.1549730896949768 5.1371235847473145
v 0.21919004619121552 0.14358457922935486 5.133251190185547
v 0.21946941316127777 0.13761860132217407 5.151276111602783
v 0.25492897629737854 0.1039680540561676 5.110587120056152
v 0.25228220224380493 0.10492390394210815 5.089918613433838
v 0.2652398943901062 0.10926711559295654 5.091984272003174
v 0.2668968737125397 0.10908368229866028 5.112579345703125
v 0.22155030071735382 0.13145428895950317 5.0290398597717285
v 0.22108380496501923 0.13560844957828522 5.021100044250488
v 0.22310395538806915 0.12445910274982452 5.01738977432251
v 0.22594653069972992 0.11980341374874115 5.028543472290039
v 0.2511143386363983 0.18799704313278198 5.085582256317139
v 0.24656827747821808 0.18213516473770142 5.104800701141357
v 0.2590871751308441 0.1807321161031723 5.104946613311768
v 0.26313114166259766 0.184040367603302 5.083726406097412
v 0.22105257213115692 0.16039106249809265 5.075540542602539
v 0.2257806807756424 0.16479718685150146 5.055083751678467
v 0.221446231007576 0.1508687138557434 5.050786972045898
v 0.21838508546352386 0.1461227834224701 5.071021556854248
v 0.26875874400138855 0.1858159601688385 5.062764644622803
v 0.2568221688270569 0.19149386882781982 5.065481185913086
v 0.21870623528957367 0.1493545025587082 5.1139631271362305
v 0.21923933923244476 0.15531811118125916 5.094960689544678
v 0.21769897639751434 0.14184719324111938 5.090891361236572
v 0.21874259412288666 0.13683189451694489 5.1113409996032715
v 0.25663331151008606 0.10343900322914124 5.152049541473389
v 0.25637608766555786 0.10350929200649261 5.131610870361328
v 0.2671527564525604 0.10917675495147705 5.13277530670166
v 0.266339510679245 0.10942783951759338 5.153199672698975
v 0.22135590016841888 0.12717367708683014 5.149218559265137
v 0.22022570669651031 0.13193672895431519 5.130639553070068
v 0.22589193284511566 0.11690065264701843 5.1495747566223145
v 0.2668685019016266 0.1540278196334839 5.162386417388916
v 0.2719939053058624 0.15717869997024536 5.142868518829346
v 0.2618519365787506 0.16570377349853516 5.143107891082764
v 0.25716155767440796 0.16147437691688538 5.163885116577148
v 0.2241612821817398 0.12048913538455963 5.067287921905518
v 0.226540669798851 0.11663743853569031 5.089130401611328
v 0.2200895994901657 0.12832771241664886 5.088986396789551
v 0.21934835612773895 0.13251036405563354 5.068368911743164
v 0.23737840354442596 0.18320728838443756 5.084415435791016
v 0.23415003716945648 0.17706897854804993 5.103780269622803
v 0.2764943838119507 0.15950188040733337 5.1218976974487305
v 0.2800717353820801 0.16087161004543304 5.100673675537109
v 0.27060583233833313 0.17310099303722382 5.102725505828857
v 0.26634857058525085 0.16971048712730408 5.123456954956055
v 0.28539323806762695 0.14616179466247559 5.076418399810791
v 0.28372129797935486 0.14600539207458496 5.098498821258545
v 0.28108707070350647 0.13110196590423584 5.096276760101318
v 0.280877947807312 0.13103550672531128 5.07398796081543
v 0.23008517920970917 0.11469173431396484 5.046149730682373
v 0.22331814467906952 0.12659424543380737 5.046906471252441
v 0.24824656546115875 0.10642455518245697 5.068606376647949
v 0.2432294338941574 0.1084330677986145 5.046879768371582
v 0.2575444281101227 0.11027064919471741 5.047321796417236
v 0.26212048530578613 0.1095346212387085 5.069880485534668
v 0.24642561376094818 0.18316905200481415 5.032599449157715
v 0.2401019185781479 0.182885080575943 5.042845726013184
v 0.25151392817497253 0.19170242547988892 5.045568466186523
v 0.2582285702228546 0.1914185881614685 5.033674240112305
v 0.2646584212779999 0.1936284899711609 5.04589319229126
v 0.2703879773616791 0.19281020760536194 5.03127908706665
v 0.27688345313072205 0.18891321122646332 5.0140700340271
v 0.2796304225921631 0.18648628890514374 5.017605781555176
v 0.2789119780063629 0.17743828892707825 5.010734558105469
v 0.27489835023880005 0.18225425481796265 5.00722074508667
v 0.2839013934135437 0.14131394028663635 5.032793998718262
v 0.285437673330307 0.14373192191123962 5.054861545562744
v 0.2782420814037323 0.1283894032239914 5.05158805847168
v 0.27476629614830017 0.12715789675712585 5.029946327209473
v 0.2565346658229828 0.11885018646717072 5.010227680206299
v 0.26405569911003113 0.11686962842941284 5.027288913726807
v 0.2513735592365265 0.1106313019990921 5.027414798736572
v 0.24389757215976715 0.11320270597934723 5.01160192489624
v 0.21140119433403015 0.1511189043521881 4.996605396270752
v 0.22466085851192474 0.13932549953460693 4.994542121887207
v 0.21665678918361664 0.13504445552825928 5.0025715827941895
v 0.2050657868385315 0.14675262570381165 5.005772113800049
v 0.21114680171012878 0.14056448638439178 5.022754669189453
v 0.21506951749324799 0.14715111255645752 5.033663272857666
v 0.20733295381069183 0.15571840107440948 5.043179988861084
v 0.20200490951538086 0.14917641878128052 5.030814170837402
v 0.25050410628318787 0.19255784153938293 5.048196792602539
v 0.25461193919181824 0.18648914992809296 5.040030002593994
v 0.2653198540210724 0.19407948851585388 5.035256385803223
v 0.2592494785785675 0.2006031572818756 5.038979530334473
v 0.28024527430534363 0.14109672605991364 5.015300273895264
v 0.26827219128608704 0.12799610197544098 5.010173797607422
v 0.21657992899417877 0.1329384744167328 5.016510009765625
v 0.21992172300815582 0.12796223163604736 5.013744831085205
v 0.21968267858028412 0.1382039189338684 5.019021034240723
v 0.21894238889217377 0.1414574682712555 5.024657249450684
v 0.23452793061733246 0.16168442368507385 5.036244869232178
v 0.23285265266895294 0.15923133492469788 5.027161121368408
v 0.24127741158008575 0.17070221900939941 5.029453277587891
v 0.24284569919109344 0.17256700992584229 5.034818649291992
v 0.2545139491558075 0.1828307807445526 5.034914016723633
v 0.25127771496772766 0.18216721713542938 5.030731201171875
v 0.2634626626968384 0.1897359937429428 5.029494762420654
v 0.26608142256736755 0.19089475274085999 5.030635356903076
v 0.2758880853652954 0.14648661017417908 5.003777503967285
v 0.2692630887031555 0.15003404021263123 4.996432304382324
v 0.2737847864627838 0.15986108779907227 4.99886417388916
v 0.2796371579170227 0.15605905652046204 5.007419586181641
v 0.23556296527385712 0.11855551600456238 5.003087043762207
v 0.2466268092393875 0.12358354032039642 4.999603271484375
v 0.22993974387645721 0.1601901650428772 5.0268754959106445
v 0.22448451817035675 0.15019342303276062 5.023789882659912
v 0.22274641692638397 0.1467098891735077 5.023926734924316
v 0.27408576011657715 0.1921520233154297 5.0244526863098145
v 0.21905748546123505 0.1567344218492508 4.991150379180908
v 0.20306257903575897 0.16917188465595245 4.993615627288818
v 0.21104393899440765 0.1764606386423111 4.9881086349487305
v 0.22683297097682953 0.1636587530374527 4.986215591430664
v 0.19606144726276398 0.16367068886756897 5.001019477844238
v 0.19091345369815826 0.16035059094429016 5.0122599601745605
v 0.1957656890153885 0.1679987609386444 5.053178310394287
v 0.19000713527202606 0.162764772772789 5.040521621704102
v 0.20441697537899017 0.17548063397407532 5.063343048095703
v 0.21584974229335785 0.16343148052692413 5.0523481369018555
v 0.22633244097232819 0.17261123657226562 5.059466361999512
v 0.21442969143390656 0.1847846657037735 5.069863319396973
v 0.23768730461597443 0.20626750588417053 5.058864116668701
v 0.24568583071231842 0.21321460604667664 5.045827388763428
v 0.26254644989967346 0.20286932587623596 5.028244972229004
v 0.2491978257894516 0.21542012691497803 5.032557964324951
v 0.21190623939037323 0.13610917329788208 5.011913299560547
v 0.21947647631168365 0.12761490046977997 5.007913112640381
v 0.2813609540462494 0.14559943974018097 5.119384288787842
v 0.27752575278282166 0.14462456107139587 5.139491558074951
v 0.27784594893455505 0.1311037242412567 5.13668155670166
v 0.28037065267562866 0.1314643919467926 5.116939544677734
v 0.2742852568626404 0.1188909113407135 5.134184837341309
v 0.27212825417518616 0.11884456872940063 5.1546783447265625
v 0.22503717243671417 0.16784650087356567 5.099854469299316
v 0.2233622521162033 0.16126999258995056 5.118798732757568
v 0.2262137085199356 0.15771207213401794 5.1588969230651855
v 0.23733378946781158 0.17153134942054749 5.030216217041016
v 0.23226945102214813 0.17015191912651062 5.037602424621582
v 0.27030596137046814 0.17397114634513855 5.000038146972656
v 0.2624816596508026 0.181517094373703 4.99757194519043
v 0.26767855882644653 0.18832214176654816 5.005695343017578
v 0.28393614292144775 0.1580899953842163 5.018846035003662
v 0.2803276777267456 0.17197704315185547 5.020025730133057
v 0.28050559759140015 0.17386573553085327 5.038851261138916
v 0.2854693830013275 0.15897363424301147 5.035157203674316
v 0.25989195704460144 0.15442891418933868 4.991236209869385
v 0.2490290254354477 0.16220521926879883 4.98620080947876
v 0.2566009759902954 0.1721297800540924 4.991185188293457
v 0.2661775052547455 0.1644005924463272 4.994363784790039
v 0.2383367270231247 0.18255724012851715 5.056309223175049
v 0.24285544455051422 0.17556610703468323 5.044466972351074
v 0.2451246827840805 0.20897504687309265 5.0076775550842285
v 0.24937133491039276 0.21326929330825806 5.018121719360352
v 0.26233360171318054 0.20112434029579163 5.0161051750183105
v 0.2579769492149353 0.19733619689941406 5.007131099700928
v 0.2710324227809906 0.19369909167289734 5.014251232147217
v 0.23815874755382538 0.20391741394996643 4.998117923736572
v 0.2520327568054199 0.1910979151725769 4.998012542724609
v 0.22613050043582916 0.1955415904521942 5.068175792694092
v 0.23598326742649078 0.173920139670372 4.986517429351807
v 0.2202930897474289 0.1866397261619568 4.98682165145874
v 0.2298504263162613 0.19600293040275574 4.990277290344238
v 0.2446572631597519 0.18304049968719482 4.990598678588867
v 0.2752350866794586 0.11860013008117676 5.114354610443115
v 0.2746710777282715 0.11832699179649353 5.093908309936523
v 0.23154281079769135 0.11611351370811462 5.0144243240356445
v 0.23721762001514435 0.11173069477081299 5.026994228363037
v 0.22605101764202118 0.1216350644826889 5.008193016052246
v 0.2410935014486313 0.10496896505355835 5.110156059265137
v 0.2434285432100296 0.10342532396316528 5.130530834197998
v 0.2345307618379593 0.11109349131584167 5.0678534507751465
v 0.23776687681674957 0.10757698118686676 5.088789463043213
v 0.2827089726924896 0.16134878993034363 5.078468322753906
v 0.24499721825122833 0.1364431083202362 4.992420196533203
v 0.256021112203598 0.130279541015625 4.9975457191467285
v 0.23618702590465546 0.13019567728042603 4.995044231414795
v 0.1881202608346939 0.15993696451187134 5.0265302658081055
v 0.20164956152439117 0.14602218568325043 5.01809549331665
v 0.26913776993751526 0.13635702431201935 5.001801013946533
v 0.1709785908460617 0.17791782319545746 5.03452730178833
v 0.27873852849006653 0.18479889631271362 5.026535511016846
v 0.2706371247768402 0.19643279910087585 5.02565860748291
v 0.2741038203239441 0.19247189164161682 5.022683620452881
v 0.24585185945034027 0.16556929051876068 5.163295269012451
v 0.22735188901424408 0.17378434538841248 5.080417633056641
v 0.22632400691509247 0.1572243571281433 5.0345611572265625
v 0.22165925800800323 0.14366663992404938 5.031990051269531
v 0.23291192948818207 0.14582276344299316 4.989886283874512
v 0.24061091244220734 0.15288709104061127 4.985912799835205
v 0.25239378213882446 0.14481964707374573 4.989335060119629
v 0.22248272597789764 0.15566764771938324 5.041538238525391
v 0.23263470828533173 0.16533838212490082 5.048417091369629
v 0.24462483823299408 0.10253912210464478 5.149923801422119
v 0.2250385731458664 0.15104174613952637 5.031835556030273
v 0.2747975289821625 0.1863185316324234 5.041787147521973
v -0.06189275532960892 0.35375118255615234 5.001270294189453
v -0.07860248535871506 0.33815452456474304 4.997402667999268
v -0.07907980680465698 0.3498925566673279 5.003117084503174
v 0.07925159484148026 0.16657322645187378 5.0927653312683105
v 0.044426076114177704 0.1301853507757187 5.127172470092773
v 0.05753737688064575 0.13723458349704742 5.113316535949707
v 0.08169078081846237 0.24159494042396545 5.083135604858398
v 0.08258119970560074 0.2294156849384308 5.08447790145874
v 0.08771486580371857 0.27326008677482605 5.066318511962891
v 0.08436399698257446 0.26879483461380005 5.071077346801758
v 0.08277121186256409 0.2004401683807373 5.110118865966797
v -0.02115478552877903 0.5657283663749695 5.098719120025635
v -0.02422148920595646 0.5588274598121643 5.095386981964111
v -0.018857736140489578 0.5784500241279602 5.098736763000488
v -0.057559769600629807 -0.009756683371961117 5.150066375732422
v -0.07083471864461899 -0.026585889980196953 5.152364253997803
v -0.07115062326192856 -0.03282899409532547 5.155255317687988
v -0.01716141775250435 0.5492085814476013 5.108813762664795
v -0.02003050036728382 0.5436307787895203 5.105344772338867
v -0.015514387749135494 0.5461795926094055 5.106093406677246
v -0.016691768541932106 0.5506834983825684 5.110499858856201
v -0.017068006098270416 0.549802839756012 5.110244274139404
v -0.01592598669230938 0.5796321630477905 5.108467102050781
v -0.02557370625436306 0.5515137314796448 5.094138145446777
v -0.026986591517925262 0.5422210693359375 5.094839096069336
v -0.016186678782105446 0.5657109022140503 5.112933158874512
v -0.018465379253029823 0.026429669931530952 4.924549579620361
v -0.012900491245090961 0.006431215908378363 4.917303085327148
v -0.03881903737783432 0.007203058805316687 4.915294170379639
v -0.04251223802566528 0.0273935217410326 4.924023151397705
v -0.06640109419822693 -0.009406107477843761 4.9069952964782715
v -0.0673116073012352 0.010303677059710026 4.915115833282471
v -0.034792687743902206 -0.014651688747107983 4.906875133514404
v 0.08480088412761688 -0.049607835710048676 4.93578577041626
v 0.08078484237194061 -0.027102356776595116 4.939375400543213
v 0.09612458944320679 -0.02578112669289112 4.962998867034912
v 0.10028129816055298 -0.04719502478837967 4.960176467895508
v 0.09964005649089813 -0.009818471036851406 4.990776538848877
v 0.10585208237171173 -0.026494892314076424 4.990751266479492
v 0.08908459544181824 -0.0074948654510080814 4.965419292449951
v 0.10314710438251495 -0.014385725371539593 5.017889022827148
v 0.10859134793281555 -0.031186595559120178 5.018860816955566
v 0.09950843453407288 -0.021307768300175667 5.045327186584473
v 0.10448695719242096 -0.03914736211299896 5.044658184051514
v 0.09416444599628448 -0.04765193536877632 5.06839656829834
v 0.07789506018161774 -0.0556100532412529 5.089046001434326
v 0.05868089199066162 -0.07961026579141617 5.102144718170166
v 0.05723969638347626 -0.06402035802602768 5.106329917907715
v 0.034351423382759094 -0.07227542996406555 5.119943141937256
v 0.010074145160615444 -0.08017418533563614 5.1323652267456055
v -0.012733361683785915 -0.08666073530912399 5.140562057495117
v -0.033063385635614395 -0.09140332788228989 5.147308349609375
v -0.05134589597582817 -0.0941661074757576 5.15143346786499
v -0.06765605509281158 -0.0952155813574791 5.1512250900268555
v -0.06631865352392197 -0.11665891110897064 5.145341396331787
v 0.024540632963180542 0.3296698033809662 5.1448259353637695
v 0.010221174918115139 0.41457027196884155 5.059054374694824
v 0.03099772334098816 0.40866902470588684 5.08052396774292
v 0.022308140993118286 0.41045820713043213 5.058513641357422
v 0.04120501130819321 0.3696388602256775 5.008901119232178
v 0.021146073937416077 0.3672497570514679 5.000638961791992
v 0.02428390085697174 0.3797498941421509 5.012355804443359
v 0.044503793120384216 0.38397955894470215 5.02407169342041
v -0.0008373302989639342 0.4098743200302124 5.043691635131836
v -0.008564003743231297 0.4117761254310608 5.044778347015381
v 0.008437595330178738 0.40664830803871155 5.0410261154174805
v -0.008134298957884312 0.40062978863716125 5.028499603271484
v -0.026105839759111404 0.39493462443351746 5.022257328033447
v 0.07513108849525452 0.3899090886116028 5.081587314605713
v 0.0877714455127716 0.3845036029815674 5.086248397827148
v 0.08446277678012848 0.38207748532295227 5.062599182128906
v 0.07395809888839722 0.38668084144592285 5.057190895080566
v 0.06720690429210663 0.3540191054344177 5.013723373413086
v 0.07785138487815857 0.35271331667900085 5.020084381103516
v 0.07512034475803375 0.3405325710773468 5.01138162612915
v 0.06377656757831573 0.34160640835762024 5.005959510803223
v 0.127863347530365 0.3574123978614807 5.0969343185424805
v 0.14004483819007874 0.34797313809394836 5.098016738891602
v 0.13797955214977264 0.3529107868671417 5.076909065246582
v 0.1246151477098465 0.3625393807888031 5.07687520980835
v 0.07989172637462616 0.3641396164894104 5.031826496124268
v 0.0068915109150111675 0.2647108733654022 4.962317943572998
v 0.024342965334653854 0.2717101275920868 4.967531681060791
v 0.03842341899871826 0.28115054965019226 4.975419044494629
v 0.06791887432336807 0.29617246985435486 5.003823757171631
v 0.06253895908594131 0.2820277512073517 4.997632026672363
v 0.06008823961019516 0.293306827545166 4.996532440185547
v 0.07695278525352478 0.29805994033813477 5.008007049560547
v 0.08394460380077362 0.29991549253463745 5.0112128257751465
v 0.10360297560691833 0.30957987904548645 5.128280162811279
v 0.09341795742511749 0.29108887910842896 5.124584674835205
v 0.10301342606544495 0.2839904725551605 5.1171770095825195
v 0.09820502996444702 0.29741159081459045 5.015315532684326
v 0.09590181708335876 0.2935769259929657 5.01598596572876
v 0.08832722902297974 0.2922734320163727 5.015905380249023
v 0.09007704257965088 0.29627618193626404 5.014437198638916
v 0.06318008899688721 0.395309716463089 5.077766418457031
v 0.1315925270318985 0.3514876365661621 5.058186054229736
v 0.1276853233575821 0.34861502051353455 5.04606294631958
v 0.11408990621566772 0.3538754880428314 5.045375823974609
v 0.11822660267353058 0.35902532935142517 5.057524681091309
v 0.12218968570232391 0.3424391746520996 5.034934043884277
v 0.11755700409412384 0.3344865143299103 5.026538372039795
v 0.10570241510868073 0.3388548791408539 5.025809288024902
v 0.11007806658744812 0.34661826491355896 5.033223628997803
v 0.10135208070278168 0.30204662680625916 5.014410495758057
v 0.09185920655727386 0.3020079433917999 5.014474391937256
v 0.14736784994602203 0.3203856348991394 5.11077880859375
v 0.09941495954990387 0.37067458033561707 5.115169525146484
v 0.08641347289085388 0.37824323773384094 5.11118745803833
v 0.08008787035942078 0.36186572909355164 5.129989147186279
v 0.09202376008033752 0.3523232340812683 5.131747245788574
v 0.09488120675086975 0.2695523798465729 5.060395240783691
v 0.09613175690174103 0.26872745156288147 5.04689359664917
v 0.09737454354763031 0.26822030544281006 5.034134387969971
v 0.08637814223766327 0.2817458212375641 5.018510341644287
v 0.0978725254535675 0.27070483565330505 5.025615692138672
v 0.10024747252464294 0.27092912793159485 5.104231834411621
v 0.11056405305862427 0.27744805812835693 5.112832069396973
v 0.07184883952140808 0.33919188380241394 5.137747764587402
v 0.08149892091751099 0.3312154710292816 5.1383209228515625
v 0.15257538855075836 0.3339305818080902 5.0927605628967285
v 0.15009093284606934 0.3410596549510956 5.072911262512207
v 0.11581604182720184 0.2862364947795868 5.007579326629639
v 0.10557468235492706 0.2895759046077728 5.012028217315674
v 0.10781313478946686 0.2943567633628845 5.012221813201904
v 0.0811244398355484 0.2794867157936096 5.014596939086914
v 0.08584107458591461 0.2880801260471344 5.016088008880615
v 0.10085508227348328 0.3780927360057831 5.090306282043457
v 0.1393706351518631 0.3401888906955719 5.043832302093506
v 0.14512772858142853 0.3427627682685852 5.055994510650635
v 0.09843342006206512 0.3499707877635956 5.030508041381836
v 0.0878881961107254 0.35148385167121887 5.025045871734619
v 0.09002949297428131 0.36194005608558655 5.036201477050781
v 0.10163167119026184 0.35721343755722046 5.040772438049316
v 0.12336483597755432 0.32233694195747375 5.0216193199157715
v 0.12915626168251038 0.32917311787605286 5.026812553405762
v 0.08516959846019745 0.34055987000465393 5.019227504730225
v 0.0950622409582138 0.340073823928833 5.023867130279541
v 0.11108730733394623 0.29963359236717224 5.012925148010254
v 0.06362563371658325 0.34513798356056213 5.134800434112549
v 0.04973204433917999 0.32578834891319275 5.1412739753723145
v 0.05889929085969925 0.3231998085975647 5.1388468742370605
v 0.06615308672189713 0.3172933757305145 5.138878345489502
v 0.07526247203350067 0.30781933665275574 5.136437892913818
v 0.08436349034309387 0.2980005443096161 5.133007526397705
v 0.03846604377031326 0.3281177282333374 5.1426167488098145
v 0.26134735345840454 0.13938331604003906 4.995095252990723
v 0.11449991166591644 0.2807983458042145 5.008045673370361
v 0.12655793130397797 0.2819214463233948 5.00532341003418
v 0.12668322026729584 0.27548715472221375 5.004699230194092
v 0.1816713660955429 0.2567884624004364 5.003995418548584
v -0.05425823852419853 0.47386810183525085 5.226939678192139
v -0.054477546364068985 0.4689076244831085 5.222801208496094
v -0.05608927831053734 0.49636784195899963 5.230999946594238
v -0.0556386262178421 0.4929279386997223 5.2315592765808105
v 0.27576836943626404 0.16793100535869598 5.005670547485352
v 0.2792261242866516 0.16604045033454895 5.010465621948242
v 0.2855747640132904 0.16219216585159302 5.05637264251709
v 0.27866390347480774 0.1762588918209076 5.059028148651123
v 0.27510640025138855 0.17575785517692566 5.081623077392578
v 0.24415482580661774 0.18869011104106903 5.063673973083496
v 0.23300911486148834 0.17906251549720764 5.059948921203613
v 0.2206578403711319 0.13839095830917358 5.047854900360107
v 0.2697940766811371 0.11836311221122742 5.048798561096191
v 0.22663895785808563 0.15210790932178497 5.197356700897217
v 0.22272907197475433 0.14586777985095978 5.21354866027832
v 0.2324051409959793 0.14967922866344452 5.216055393218994
v 0.2370792180299759 0.1546880006790161 5.199598789215088
v 0.21936891973018646 0.14243793487548828 5.230244159698486
v 0.2164497822523117 0.1385904848575592 5.211807727813721
v 0.2144576460123062 0.13453546166419983 5.22868013381958
v 0.21487830579280853 0.13046495616436005 5.209643840789795
v 0.2137088030576706 0.1262587308883667 5.226709842681885
v 0.2165633589029312 0.11807610094547272 5.225100040435791
v 0.21700315177440643 0.12197232246398926 5.208344459533691
v 0.22152791917324066 0.11386279761791229 5.208130359649658
v 0.221665158867836 0.11099936068058014 5.226222515106201
v 0.22757069766521454 0.11010831594467163 5.188654899597168
v 0.23543159663677216 0.10314050316810608 5.189700126647949
v 0.23552341759204865 0.10176542401313782 5.209845542907715
v 0.22790469229221344 0.10689808428287506 5.208717346191406
v 0.25156694650650024 0.1030489057302475 5.230194568634033
v 0.25322824716567993 0.10162605345249176 5.2111382484436035
v 0.25994765758514404 0.10796527564525604 5.213008403778076
v 0.257683664560318 0.10838064551353455 5.2313971519470215
v 0.26649758219718933 0.12859922647476196 5.19673490524292
v 0.2636856138706207 0.12724630534648895 5.2160258293151855
v 0.26337742805480957 0.11667393147945404 5.214963436126709
v 0.26610541343688965 0.11772668361663818 5.1942644119262695
v 0.2625219523906708 0.12662799656391144 5.233118534088135
v 0.26039358973503113 0.13608428835868835 5.218122959136963
v 0.2583714723587036 0.13560789823532104 5.233575344085693
v 0.22269369661808014 0.15171527862548828 5.176866054534912
v 0.23102979362010956 0.15824547410011292 5.179304122924805
v 0.23495759069919586 0.16431906819343567 5.162395000457764
v 0.21731708943843842 0.12696819007396698 5.190433979034424
v 0.21625445783138275 0.13599351048469543 5.192504405975342
v 0.21822993457317352 0.1425502598285675 5.173949718475342
v 0.21792598068714142 0.13266955316066742 5.171813011169434
v 0.23336942493915558 0.10792931914329529 5.149677276611328
v 0.23481063544750214 0.10557873547077179 5.169081211090088
v 0.2268645316362381 0.11385232210159302 5.169173717498779
v 0.22132597863674164 0.11834673583507538 5.18882417678833
v 0.2211184948682785 0.12311342358589172 5.169570446014404
v 0.24524973332881927 0.09985911846160889 5.1908416748046875
v 0.24459059536457062 0.0995883196592331 5.211278438568115
v 0.24753426015377045 0.15227526426315308 5.200240612030029
v 0.24307356774806976 0.14818257093429565 5.217010498046875
v 0.2524632215499878 0.1429951936006546 5.218379020690918
v 0.25668561458587646 0.14663559198379517 5.200239181518555
v 0.24527151882648468 0.10142822563648224 5.170650959014893
v 0.2521960437297821 0.15702158212661743 5.182210445404053
v 0.2617299556732178 0.150518000125885 5.182102203369141
v 0.26389896869659424 0.13844600319862366 5.198967456817627
v 0.26844263076782227 0.1410055160522461 5.180872440338135
v 0.23982949554920197 0.14604318141937256 5.232071876525879
v 0.22897879779338837 0.14708484709262848 5.231571674346924
v 0.24171264469623566 0.1604001224040985 5.182125568389893
v 0.2552148997783661 0.10168179869651794 5.191411972045898
v 0.25614234805107117 0.1027938723564148 5.170875072479248
v 0.2649632394313812 0.10903219878673553 5.173133373260498
v 0.2627021074295044 0.10842356085777283 5.192612648010254
v 0.2746509611606598 0.13107801973819733 5.15709114074707
v 0.2706652879714966 0.1298491358757019 5.178088188171387
v 0.26942726969718933 0.1187211275100708 5.174777984619141
v 0.2617642283439636 0.11630947887897491 5.2326765060424805
v 0.2729637324810028 0.1430429220199585 5.159905910491943
v 0.22132675349712372 0.14683064818382263 5.305505752563477
v 0.21379493176937103 0.15303057432174683 5.308281421661377
v 0.209415003657341 0.14703691005706787 5.301769733428955
v 0.21782289445400238 0.14072486758232117 5.2979631423950195
v 0.1981789618730545 0.13495135307312012 5.286952018737793
v 0.19177936017513275 0.14494284987449646 5.291450500488281
v 0.1886903941631317 0.14738908410072327 5.283265113830566
v 0.19397611916065216 0.13740450143814087 5.276494979858398
v 0.20844535529613495 0.16034278273582458 5.308541297912598
v 0.20362164080142975 0.15378102660179138 5.30322790145874
v 0.20654873549938202 0.16632428765296936 5.304658889770508
v 0.21250586211681366 0.16706371307373047 5.312821865081787
v 0.21415232121944427 0.17354387044906616 5.308761119842529
v 0.21870605647563934 0.17867246270179749 5.314009666442871
v 0.22667528688907623 0.18164381384849548 5.3114542961120605
v 0.22143469750881195 0.17693597078323364 5.300909996032715
v 0.24532796442508698 0.16881948709487915 5.296238422393799
v 0.24576584994792938 0.1738131046295166 5.311039447784424
v 0.25373369455337524 0.16716885566711426 5.310701370239258
v 0.2530348002910614 0.1623205542564392 5.29627799987793
v 0.2631051242351532 0.1501772105693817 5.307852268218994
v 0.26168859004974365 0.1470002830028534 5.2947468757629395
v 0.25742748379707336 0.15495091676712036 5.295984745025635
v 0.2581371068954468 0.1589740514755249 5.310019016265869
v 0.2336774319410324 0.13864105939865112 5.301961898803711
v 0.229065403342247 0.14204290509223938 5.303097724914551
v 0.2267894595861435 0.13590028882026672 5.2950215339660645
v 0.2319098860025406 0.1321074366569519 5.2936692237854
v 0.20008648931980133 0.1720467507839203 5.299405574798584
v 0.19951234757900238 0.1695469617843628 5.30250883102417
v 0.2095061093568802 0.1713852882385254 5.299980163574219
v 0.20974236726760864 0.17214089632034302 5.293597221374512
v 0.23401610553264618 0.10918489098548889 5.276105880737305
v 0.22852672636508942 0.11229386925697327 5.273959636688232
v 0.22733090817928314 0.10935518145561218 5.263087272644043
v 0.23370681703090668 0.10580417513847351 5.263950824737549
v 0.20576763153076172 0.12290653586387634 5.264697551727295
v 0.20516090095043182 0.13229799270629883 5.256308555603027
v 0.20908550918102264 0.12675121426582336 5.250609397888184
v 0.2127852886915207 0.11802756786346436 5.260028839111328
v 0.19974781572818756 0.12900066375732422 5.2703423500061035
v 0.1965518742799759 0.14538463950157166 5.269301891326904
v 0.20088334381580353 0.13793393969535828 5.262673377990723
v 0.19091437757015228 0.15384060144424438 5.278040885925293
v 0.24359701573848724 0.10217556357383728 5.262404441833496
v 0.24492011964321136 0.10266005992889404 5.272532939910889
v 0.2127193957567215 0.1876668781042099 5.359148979187012
v 0.21385420858860016 0.18651317059993744 5.353876113891602
v 0.21600492298603058 0.18277022242546082 5.356283187866211
v 0.21480770409107208 0.183890238404274 5.361413955688477
v 0.2602609097957611 0.11132937669754028 5.266965866088867
v 0.2582950294017792 0.10880342125892639 5.260490894317627
v 0.26179513335227966 0.11661207675933838 5.258409023284912
v 0.26259884238243103 0.11989167332649231 5.265085697174072
v 0.2626442015171051 0.11388963460922241 5.274075984954834
v 0.2640625834465027 0.12411355972290039 5.272113800048828
v 0.2204550951719284 0.1970972716808319 5.360875129699707
v 0.22255267202854156 0.19576147198677063 5.354428291320801
v 0.21815599501132965 0.19419696927070618 5.354089260101318
v 0.21626488864421844 0.19522693753242493 5.359318733215332
v 0.22281299531459808 0.15283158421516418 5.3128886222839355
v 0.21586458384990692 0.15896663069725037 5.3139262199401855
v 0.2196415811777115 0.16722479462623596 5.327345371246338
v 0.21663834154605865 0.17139604687690735 5.325639724731445
v 0.21623818576335907 0.16531050205230713 5.319750785827637
v 0.2228630930185318 0.15901026129722595 5.320291996002197
v 0.23805607855319977 0.14649182558059692 5.31687068939209
v 0.2328120619058609 0.15189552307128906 5.319677352905273
v 0.23241083323955536 0.147019624710083 5.310629844665527
v 0.2376231998205185 0.1417262852191925 5.308501243591309
v 0.24409227073192596 0.13255071640014648 5.309250831604004
v 0.24730552732944489 0.12809127569198608 5.310871601104736
v 0.24871359765529633 0.13155624270439148 5.317298889160156
v 0.24527882039546967 0.1371334195137024 5.316131114959717
v 0.24243809282779694 0.14869490265846252 5.332089900970459
v 0.24605955183506012 0.14476847648620605 5.332354545593262
v 0.24680785834789276 0.14867615699768066 5.338945388793945
v 0.2430872768163681 0.1523435413837433 5.338503837585449
v 0.25772371888160706 0.10726386308670044 5.253412246704102
v 0.2617012858390808 0.11532518267631531 5.252708435058594
v 0.27034246921539307 0.13236480951309204 5.305193901062012
v 0.27235445380210876 0.13298162817955017 5.3140740394592285
v 0.2720368206501007 0.12338051199913025 5.314371585845947
v 0.2701503038406372 0.12264063954353333 5.305206775665283
v 0.26108720898628235 0.12910357117652893 5.263322353363037
v 0.26094987988471985 0.12626001238822937 5.258488178253174
v 0.2248929888010025 0.19569078087806702 5.362459182739258
v 0.22715942561626434 0.19464907050132751 5.356991291046143
v 0.19756685197353363 0.16094473004341125 5.276307106018066
v 0.20392848551273346 0.15275976061820984 5.266876697540283
v 0.20858445763587952 0.14540088176727295 5.25934362411499
v 0.21108445525169373 0.14015686511993408 5.2536749839782715
v 0.21199673414230347 0.13661208748817444 5.248499393463135
v 0.2268320471048355 0.15914034843444824 5.325356960296631
v 0.22862164676189423 0.1470300555229187 5.307861328125
v 0.23643426597118378 0.1355624794960022 5.3013916015625
v 0.25247955322265625 0.11435076594352722 5.303727626800537
v 0.24797742068767548 0.11989837884902954 5.3044233322143555
v 0.24475933611392975 0.11714598536491394 5.298824310302734
v 0.252353698015213 0.10960599780082703 5.295583724975586
v 0.26584532856941223 0.11586016416549683 5.306336879730225
v 0.2668236792087555 0.11802482604980469 5.3151092529296875
v 0.26095107197761536 0.11783730983734131 5.317063808441162
v 0.2599141001701355 0.11507496237754822 5.30843448638916
v 0.19880105555057526 0.17505910992622375 5.2951555252075195
v 0.206683948636055 0.1716386377811432 5.2874250411987305
v 0.2538904547691345 0.10410311818122864 5.269700050354004
v 0.25156766176223755 0.10272461175918579 5.260972023010254
v 0.25105342268943787 0.10379064083099365 5.2544264793396
v 0.2301831990480423 0.1212531328201294 5.28505802154541
v 0.22722654044628143 0.12399595975875854 5.285690784454346
v 0.2199481576681137 0.11617809534072876 5.274152755737305
v 0.22500325739383698 0.11388912796974182 5.273867607116699
v 0.21236620843410492 0.132457435131073 5.2912797927856445
v 0.20398102700710297 0.13992971181869507 5.295499801635742
v 0.20563055574893951 0.12572404742240906 5.280377388000488
v 0.22119395434856415 0.11260497570037842 5.261985778808594
v 0.2209058552980423 0.11216339468955994 5.251216411590576
v 0.22771547734737396 0.10821709036827087 5.25258731842041
v 0.23524291813373566 0.1049211323261261 5.2539286613464355
v 0.2437574714422226 0.10249757766723633 5.252796173095703
v 0.22138865292072296 0.11082309484481812 5.241274833679199
v 0.2281254380941391 0.10656952857971191 5.242696762084961
v 0.23616085946559906 0.10355091094970703 5.244157314300537
v 0.2441747635602951 0.10251536965370178 5.244625091552734
v 0.26197150349617004 0.1258670538663864 5.244413375854492
v 0.26130586862564087 0.1251431107521057 5.252027988433838
v 0.2618059813976288 0.11575007438659668 5.244372367858887
v 0.212007537484169 0.12541699409484863 5.24110221862793
v 0.21614710986614227 0.11685274541378021 5.240453720092773
v 0.21465663611888885 0.11743873357772827 5.2502970695495605
v 0.21325786411762238 0.13492579758167267 5.240900993347168
v 0.18830399215221405 0.15278708934783936 5.294780731201172
v 0.19401514530181885 0.15495887398719788 5.300376892089844
v 0.19030305743217468 0.1601942479610443 5.303140640258789
v 0.18527591228485107 0.15881860256195068 5.298480033874512
v 0.21523736417293549 0.1727697253227234 5.317695617675781
v 0.21721042692661285 0.17752286791801453 5.322623252868652
v 0.22134216129779816 0.18272754549980164 5.320432662963867
v 0.24785326421260834 0.10415202379226685 5.281881809234619
v 0.23891855776309967 0.11031603813171387 5.284438133239746
v 0.22366370260715485 0.16547858715057373 5.330103397369385
v 0.22463588416576385 0.1941274106502533 5.348307132720947
v 0.22678302228450775 0.19074580073356628 5.3366827964782715
v 0.2216435819864273 0.18846234679222107 5.335911273956299
v 0.21979062259197235 0.19235900044441223 5.347178936004639
v 0.2278168648481369 0.16909274458885193 5.3374714851379395
v 0.22721432149410248 0.17371773719787598 5.343400478363037
v 0.22234292328357697 0.173464834690094 5.340531349182129
v 0.2230825275182724 0.16997268795967102 5.334792613983154
v 0.2495528906583786 0.139186292886734 5.330860137939453
v 0.25013190507888794 0.1424790620803833 5.336935997009277
v 0.24319671094417572 0.17570200562477112 5.325312614440918
v 0.23686178028583527 0.1795516312122345 5.308903217315674
v 0.2372492104768753 0.18320798873901367 5.321400165557861
v 0.24212874472141266 0.14173340797424316 5.316154479980469
v 0.24591825902462006 0.14116603136062622 5.325318336486816
v 0.24248774349689484 0.14528292417526245 5.324228763580322
v 0.2287190705537796 0.15955457091331482 5.3276753425598145
v 0.23260371387004852 0.155384361743927 5.326016902923584
v 0.23177902400493622 0.15948748588562012 5.331386566162109
v 0.22751463949680328 0.16378551721572876 5.3316874504089355
v 0.2624717056751251 0.11175459623336792 5.298047065734863
v 0.26787838339805603 0.12030193209648132 5.294116973876953
v 0.21492494642734528 0.19072294235229492 5.352729797363281
v 0.21352870762348175 0.19176092743873596 5.358109474182129
v 0.25732874870300293 0.10796231031417847 5.245356559753418
v 0.25120824575424194 0.10368181765079498 5.24487829208374
v 0.24105991423130035 0.13730403780937195 5.308921813964844
v 0.2351902574300766 0.17400360107421875 5.297402381896973
v 0.23879949748516083 0.13172224164009094 5.2999773025512695
v 0.26455792784690857 0.14414319396018982 5.328409671783447
v 0.2642926275730133 0.14577019214630127 5.33563756942749
v 0.2611078917980194 0.14051982760429382 5.3363189697265625
v 0.26246991753578186 0.13736602663993835 5.3302001953125
v 0.22618712484836578 0.17883118987083435 5.354605674743652
v 0.22508685290813446 0.18143588304519653 5.360596656799316
v 0.22023053467273712 0.18089702725410461 5.359061241149902
v 0.22106994688510895 0.1784210503101349 5.35199499130249
v 0.2195284515619278 0.1719028651714325 5.331305980682373
v 0.21874664723873138 0.17559859156608582 5.338339328765869
v 0.2170148342847824 0.17966359853744507 5.335578918457031
v 0.21733908355236053 0.17578375339508057 5.329567909240723
v 0.21858976781368256 0.18103033304214478 5.327944278717041
v 0.21836356818675995 0.18451815843582153 5.335325241088867
v 0.23084451258182526 0.18249079585075378 5.354226112365723
v 0.23225979506969452 0.17802536487579346 5.344517230987549
v 0.23487545549869537 0.1842779815196991 5.341451168060303
v 0.2321239560842514 0.18845407664775848 5.353269100189209
v 0.25975874066352844 0.1431969404220581 5.281676292419434
v 0.2658085227012634 0.13847622275352478 5.294140815734863
v 0.26366767287254333 0.13529789447784424 5.281396865844727
v 0.2639031410217285 0.15223973989486694 5.320675849914551
v 0.26629164814949036 0.1413339376449585 5.3190412521362305
v 0.2672103941440582 0.1410159468650818 5.30735445022583
v 0.26827192306518555 0.1305488646030426 5.29448938369751
v 0.23773349821567535 0.1706356406211853 5.33648157119751
v 0.24272166192531586 0.17305198311805725 5.334383010864258
v 0.23709838092327118 0.17838054895401 5.332507133483887
v 0.24184583127498627 0.12586426734924316 5.300704002380371
v 0.2164626270532608 0.1889607310295105 5.346282482147217
v 0.22841261327266693 0.15078231692314148 5.253474235534668
v 0.22901122272014618 0.1545490026473999 5.259819030761719
v 0.24210040271282196 0.15256351232528687 5.262332916259766
v 0.2397465854883194 0.14939197897911072 5.254372596740723
v 0.21721385419368744 0.18081620335578918 5.350017547607422
v 0.21495352685451508 0.18449664115905762 5.347275733947754
v 0.25384917855262756 0.13467854261398315 5.3316168785095215
v 0.2581823170185089 0.13292109966278076 5.334380626678467
v 0.25761812925338745 0.13693329691886902 5.337804317474365
v 0.25406619906425476 0.13871091604232788 5.337005138397217
v 0.266246497631073 0.12786048650741577 5.2825140953063965
v 0.27374011278152466 0.13215357065200806 5.321050643920898
v 0.27244868874549866 0.12292668223381042 5.321496963500977
v 0.26229843497276306 0.13217779994010925 5.271308898925781
v 0.25645413994789124 0.1375063955783844 5.262222766876221
v 0.25793033838272095 0.13995063304901123 5.270220756530762
v 0.25638362765312195 0.1614263355731964 5.326435089111328
v 0.2556120455265045 0.1501658856868744 5.282668113708496
v 0.25358301401138306 0.14678573608398438 5.271420001983643
v 0.250789076089859 0.14477181434631348 5.261386871337891
v 0.24899213016033173 0.1429198682308197 5.255454063415527
v 0.2555394768714905 0.13579100370407104 5.257591724395752
v 0.22946088016033173 0.1930677592754364 5.350155830383301
v 0.22988392412662506 0.19036419689655304 5.359365940093994
v 0.2563193142414093 0.13469989597797394 5.243496894836426
v 0.2554127275943756 0.1345003843307495 5.2513532638549805
v 0.24831567704677582 0.14077848196029663 5.243287086486816
v 0.24807147681713104 0.14135071635246277 5.250237464904785
v 0.24166332185268402 0.1582641899585724 5.27178430557251
v 0.24830828607082367 0.15289819240570068 5.271947860717773
v 0.24412931501865387 0.1633129119873047 5.283541679382324
v 0.25107601284980774 0.1569402813911438 5.283985614776611
v 0.2527239918708801 0.1704576313495636 5.324370861053467
v 0.22460414469242096 0.18987777829170227 5.374757766723633
v 0.22231890261173248 0.18630623817443848 5.374690055847168
v 0.22389884293079376 0.1834062784910202 5.366903305053711
v 0.22674287855625153 0.1872343271970749 5.367080211639404
v 0.22871039807796478 0.18496073782444 5.360289573669434
v 0.22774545848369598 0.19203618168830872 5.365984916687012
v 0.23329032957553864 0.16786953806877136 5.284666538238525
v 0.23203857243061066 0.16393709182739258 5.336411476135254
v 0.2276449352502823 0.16074419021606445 5.2710347175598145
v 0.21621428430080414 0.1682250201702118 5.279444694519043
v 0.22126053273677826 0.17300203442573547 5.289299488067627
v 0.21387536823749542 0.15863505005836487 5.266033172607422
v 0.2178107351064682 0.15185615420341492 5.258573055267334
v 0.21832357347011566 0.143858402967453 5.248868465423584
v 0.21874915063381195 0.1469709575176239 5.252388954162598
v 0.21790485084056854 0.14223088324069977 5.2419586181640625
v 0.20668655633926392 0.16553539037704468 5.275847434997559
v 0.21370939910411835 0.18506239354610443 5.36830997467041
v 0.21106365323066711 0.18879738450050354 5.367061614990234
v 0.22734121978282928 0.14757418632507324 5.248650074005127
v 0.22707827389240265 0.1463974118232727 5.243282318115234
v 0.19790934026241302 0.14817431569099426 5.298496723175049
v 0.2360590249300003 0.12607914209365845 5.292301654815674
v 0.23822765052318573 0.12151023745536804 5.292558193206787
v 0.24187414348125458 0.11400821805000305 5.292585372924805
v 0.2497870773077011 0.10699662566184998 5.289893627166748
v 0.2384123057126999 0.1458936631679535 5.242702484130859
v 0.22804789245128632 0.10539171099662781 5.2282328605651855
v 0.23593397438526154 0.10190396010875702 5.229055881500244
v 0.2499188333749771 0.14154112339019775 5.234126091003418
v 0.21151481568813324 0.19300636649131775 5.366389274597168
v 0.24967198073863983 0.15417727828025818 5.3412299156188965
v 0.2476242035627365 0.15554878115653992 5.3411993980407715
v 0.18531237542629242 0.15451762080192566 5.288140773773193
v 0.1828080415725708 0.16117072105407715 5.294474124908447
v 0.1882568597793579 0.1719200313091278 5.29105281829834
v 0.19225426018238068 0.16687312722206116 5.283627986907959
v 0.18679912388324738 0.16037020087242126 5.284459114074707
v 0.1840813308954239 0.16614040732383728 5.291123390197754
v 0.2323116809129715 0.11932042241096497 5.285170555114746
v 0.23513691127300262 0.11635151505470276 5.286035537719727
v 0.2655584514141083 0.11750563979148865 5.283745288848877
v 0.2603533864021301 0.10905522108078003 5.287219524383545
v 0.22242100536823273 0.18550968170166016 5.328036785125732
v 0.22826267778873444 0.18736422061920166 5.327330112457275
v 0.2286059409379959 0.1853395700454712 5.32007360458374
v 0.23251782357692719 0.18921351432800293 5.338206768035889
v 0.2329881340265274 0.17346543073654175 5.338284969329834
v 0.23410268127918243 0.1688551902770996 5.338230609893799
v 0.2213374525308609 0.12752887606620789 5.287469863891602
v 0.21361283957958221 0.11953744292259216 5.276602745056152
v 0.19656772911548615 0.16409534215927124 5.303537368774414
v 0.19964821636676788 0.15925738215446472 5.302504539489746
v 0.2377920001745224 0.15012556314468384 5.324746131896973
v 0.25336307287216187 0.16590100526809692 5.336867332458496
v 0.25055253505706787 0.17227140069007874 5.333470821380615
v 0.2374262660741806 0.15382426977157593 5.330931186676025
v 0.21388162672519684 0.196409672498703 5.367208957672119
v 0.21796797215938568 0.19829228520393372 5.368431091308594
v 0.23507769405841827 0.18572497367858887 5.329596042633057
v 0.24945901334285736 0.13540798425674438 5.325178146362305
v 0.2512906491756439 0.16038095951080322 5.340545177459717
v 0.2557688057422638 0.15794900059700012 5.333534240722656
v 0.2673533260822296 0.11915835738182068 5.321418762207031
v 0.23847199976444244 0.14681002497673035 5.249946594238281
v 0.21913404762744904 0.18206042051315308 5.3643012046813965
v 0.21803174912929535 0.1836802065372467 5.371222972869873
v 0.22494517266750336 0.19351258873939514 5.372075080871582
v 0.22266240417957306 0.19696685671806335 5.370185375213623
v 0.2573798894882202 0.10692349076271057 5.2783637046813965
v 0.23405535519123077 0.12905865907669067 5.29285192489624
v 0.2441568821668625 0.10095705091953278 5.230167388916016
v 0.20002757012844086 0.1708393096923828 5.283751010894775
v 0.19434349238872528 0.17559736967086792 5.2919111251831055
v 0.237273171544075 0.157026469707489 5.336346626281738
v 0.2679385840892792 0.13661018013954163 5.324921131134033
v 0.2578849494457245 0.15767307579517365 5.338202476501465
v 0.26381057500839233 0.15357619524002075 5.336034297943115
v 0.26394104957580566 0.1529984176158905 5.329519748687744
v 0.2531912922859192 0.15640145540237427 5.341310977935791
v 0.2209039181470871 0.19844254851341248 5.376485347747803
v 0.22320173680782318 0.19503739476203918 5.378138065338135
v 0.21621166169643402 0.1999480426311493 5.375305652618408
v 0.21240539848804474 0.19752904772758484 5.372837543487549
v 0.2104431539773941 0.19407722353935242 5.37202787399292
v 0.22300098836421967 0.19161352515220642 5.379965305328369
v 0.22089962661266327 0.18821002542972565 5.379554748535156
v 0.2169678658246994 0.18562157452106476 5.376996040344238
v 0.22159253060817719 0.19257310032844543 5.384966850280762
v 0.2214251011610031 0.19639942049980164 5.384570598602295
v 0.21186019480228424 0.20198729634284973 5.386828422546387
v 0.21430353820323944 0.20239460468292236 5.3884124755859375
v 0.21568234264850616 0.20175787806510925 5.386147975921631
v 0.21459050476551056 0.2015039026737213 5.381718635559082
v 0.21070589125156403 0.20210304856300354 5.3912506103515625
v 0.21353505551815033 0.2030906081199646 5.393553256988525
v 0.21772195398807526 0.20131421089172363 5.3901495933532715
v 0.21835364401340485 0.20041054487228394 5.38515043258667
v 0.21700428426265717 0.20206275582313538 5.395047187805176
v 0.21891655027866364 0.19904562830924988 5.395796298980713
v 0.2193612903356552 0.19830408692359924 5.390974521636963
v 0.21979553997516632 0.19836542010307312 5.387354373931885
v 0.21941007673740387 0.1998114287853241 5.382121562957764
v 0.2112308144569397 0.2018522024154663 5.396744251251221
v 0.21405361592769623 0.20017066597938538 5.400174617767334
v 0.21600715816020966 0.20226678252220154 5.399275302886963
v 0.21325503289699554 0.20319435000419617 5.396970748901367
v 0.21129842102527618 0.1987251341342926 5.378702640533447
v 0.20990242063999176 0.19947531819343567 5.385663986206055
v 0.20908673107624054 0.19964554905891418 5.391429424285889
v 0.20981183648109436 0.19916844367980957 5.39622688293457
v 0.2084096521139145 0.1962774693965912 5.385254859924316
v 0.2085321545600891 0.19679883122444153 5.391448020935059
v 0.2095537781715393 0.19647160172462463 5.395359516143799
v 0.20868618786334991 0.19289958477020264 5.385529518127441
v 0.20929409563541412 0.19424930214881897 5.39214563369751
v 0.2095532864332199 0.19521942734718323 5.377974510192871
v 0.2095702439546585 0.19126614928245544 5.377020359039307
v 0.2100430279970169 0.19482240080833435 5.39476203918457
v 0.21286354959011078 0.19757285714149475 5.399481296539307
v 0.22043414413928986 0.19563820958137512 5.390268325805664
v 0.2193201333284378 0.19623109698295593 5.396116733551025
v 0.22014151513576508 0.19309189915657043 5.390371799468994
v 0.21869157254695892 0.19397756457328796 5.396121501922607
v 0.2183525115251541 0.19979357719421387 5.39941930770874
v 0.2175607532262802 0.1975058615207672 5.399382591247559
v 0.21033228933811188 0.19001880288124084 5.372689723968506
v 0.21326304972171783 0.18655715882778168 5.374275207519531
v 0.21221323311328888 0.18798565864562988 5.3791823387146
v 0.21129190921783447 0.1896561086177826 5.387035846710205
v 0.21607457101345062 0.18720409274101257 5.381311893463135
v 0.21969912946224213 0.18949224054813385 5.384783744812012
v 0.21844927966594696 0.1908206045627594 5.390373706817627
v 0.21540682017803192 0.1890701800584793 5.389525890350342
v 0.21690426766872406 0.19209501147270203 5.394831657409668
v 0.21447141468524933 0.19110092520713806 5.394147872924805
v 0.2115115076303482 0.19198277592658997 5.393057346343994
v 0.21492235362529755 0.19348344206809998 5.397646427154541
v 0.21640373766422272 0.19527101516723633 5.3989577293396
v 0.21211165189743042 0.19525420665740967 5.397430896759033
v 0.21176953613758087 0.19358709454536438 5.395655632019043
v 0.21372272074222565 0.19261988997459412 5.39622163772583
v 0.2336321324110031 0.16926021873950958 5.374958515167236
v 0.23442544043064117 0.16869580745697021 5.367206573486328
v 0.23703177273273468 0.16521236300468445 5.368380069732666
v 0.23618127405643463 0.16562137007713318 5.375298023223877
v 0.24006138741970062 0.17937275767326355 5.373618125915527
v 0.24155856668949127 0.17882977426052094 5.366163730621338
v 0.2368604987859726 0.17637494206428528 5.366766929626465
v 0.23540590703487396 0.17647893726825714 5.373206615447998
v 0.24565522372722626 0.17738111317157745 5.374690055847168
v 0.24743904173374176 0.17712168395519257 5.368006706237793
v 0.24280200898647308 0.1783624142408371 5.358020305633545
v 0.24326305091381073 0.1752619445323944 5.344883918762207
v 0.2382003515958786 0.1718505620956421 5.344374179840088
v 0.23794938623905182 0.1754010170698166 5.359001636505127
v 0.24657879769802094 0.15800626575946808 5.348531246185303
v 0.24233905971050262 0.15777871012687683 5.3463521003723145
v 0.23479042947292328 0.1724972128868103 5.367431640625
v 0.2334291785955429 0.17292144894599915 5.374581336975098
v 0.24581710994243622 0.1614394187927246 5.3626389503479
v 0.24519412219524384 0.16297350823879242 5.371671676635742
v 0.24075807631015778 0.16291309893131256 5.369607925415039
v 0.2414630502462387 0.16152186691761017 5.361764907836914
v 0.23767335712909698 0.16074568033218384 5.345159530639648
v 0.23398958146572113 0.16487297415733337 5.344213962554932
v 0.23504699766635895 0.16870781779289246 5.345203399658203
v 0.2498181015253067 0.16475127637386322 5.363316535949707
v 0.25077706575393677 0.16225884854793549 5.350193500518799
v 0.25259456038475037 0.16842874884605408 5.347837924957275
v 0.25125062465667725 0.1704292595386505 5.361300945281982
v 0.23523209989070892 0.1715792864561081 5.3589019775390625
v 0.23757047951221466 0.16427980363368988 5.359861373901367
v 0.23465146124362946 0.1676943153142929 5.359062194824219
v 0.24871395528316498 0.17632639408111572 5.359461784362793
v 0.24972392618656158 0.17110487818717957 5.369050979614258
v 0.24588333070278168 0.16927200555801392 5.387218952178955
v 0.24355928599834442 0.16607393324375153 5.388243198394775
v 0.2443545013666153 0.16384077072143555 5.377979755401611
v 0.2472965568304062 0.16716015338897705 5.378220558166504
v 0.24830655753612518 0.16593992710113525 5.371159553527832
v 0.24823127686977386 0.17213983833789825 5.376929759979248
v 0.23553793132305145 0.16672173142433167 5.386342525482178
v 0.23252545297145844 0.1701423078775406 5.384743690490723
v 0.23208002746105194 0.1737183928489685 5.384130477905273
v 0.2500414550304413 0.1745704710483551 5.345750331878662
v 0.23408187925815582 0.17702773213386536 5.383859634399414
v 0.23840545117855072 0.1799013465642929 5.383453845977783
v 0.24001647531986237 0.16346898674964905 5.376905918121338
v 0.23949040472507477 0.16495771706104279 5.388084411621094
v 0.24636690318584442 0.17348036170005798 5.385199546813965
v 0.24394382536411285 0.17821712791919708 5.3839240074157715
v 0.24270068109035492 0.17871008813381195 5.392233848571777
v 0.24504782259464264 0.17444539070129395 5.393595218658447
v 0.2374895066022873 0.1805250644683838 5.390985488891602
v 0.23342888057231903 0.17779770493507385 5.390317916870117
v 0.23184986412525177 0.1746024340391159 5.39076566696167
v 0.24484823644161224 0.17101767659187317 5.394766807556152
v 0.24289099872112274 0.16799381375312805 5.394426345825195
v 0.23918406665325165 0.1664211004972458 5.393880844116211
v 0.244085893034935 0.17210693657398224 5.401742458343506
v 0.2441977709531784 0.1754438579082489 5.401339530944824
v 0.2351336032152176 0.18124620616436005 5.410384654998779
v 0.23800615966320038 0.18219836056232452 5.411137580871582
v 0.23817704617977142 0.1814592480659485 5.406016826629639
v 0.2355589121580124 0.18136505782604218 5.405109882354736
v 0.23910312354564667 0.18107366561889648 5.403197288513184
v 0.23728697001934052 0.181301549077034 5.399085998535156
v 0.24080775678157806 0.17981252074241638 5.405552387237549
v 0.24160180985927582 0.17947354912757874 5.40342378616333
v 0.2420061081647873 0.18135248124599457 5.413090705871582
v 0.24364487826824188 0.1781458705663681 5.413469314575195
v 0.24306823313236237 0.17731145024299622 5.407674312591553
v 0.24297495186328888 0.1771564483642578 5.403956413269043
v 0.23639683425426483 0.1811697632074356 5.416253089904785
v 0.2383282333612442 0.18269725143909454 5.415826797485352
v 0.2420598715543747 0.17924131453037262 5.399054050445557
v 0.23347242176532745 0.17855095863342285 5.396462440490723
v 0.2330186516046524 0.17917023599147797 5.404587268829346
v 0.23322956264019012 0.17919816076755524 5.410823822021484
v 0.23480592668056488 0.17872196435928345 5.416198253631592
v 0.23129801452159882 0.17591814696788788 5.403233528137207
v 0.23227588832378387 0.17652465403079987 5.410802364349365
v 0.23427946865558624 0.17624403536319733 5.415211200714111
v 0.23181144893169403 0.172286257147789 5.403846263885498
v 0.23298229277133942 0.1735578328371048 5.41038703918457
v 0.23159052431583405 0.17508664727210999 5.395482540130615
v 0.23220734298229218 0.17162643373012543 5.3969855308532715
v 0.23445431888103485 0.17442260682582855 5.413539886474609
v 0.2381155639886856 0.17741616070270538 5.418220520019531
v 0.23978476226329803 0.179954394698143 5.418879508972168
v 0.24176262319087982 0.18226481974124908 5.417494773864746
v 0.2434217780828476 0.1751241534948349 5.408189296722412
v 0.24305744469165802 0.17584988474845886 5.413107395172119
v 0.24348627030849457 0.1728525012731552 5.407257556915283
v 0.2429320067167282 0.174017995595932 5.41418981552124
v 0.2436884492635727 0.17910580337047577 5.417774677276611
v 0.24272041022777557 0.17744135856628418 5.418478488922119
v 0.23251311480998993 0.1711254119873047 5.3920369148254395
v 0.2352679818868637 0.16790559887886047 5.392463684082031
v 0.23488210141658783 0.1684078723192215 5.39766788482666
v 0.23478926718235016 0.16920830309391022 5.4049601554870605
v 0.23889900743961334 0.1672327071428299 5.39892053604126
v 0.2424316555261612 0.16912689805030823 5.400146484375
v 0.24204231798648834 0.1705094426870346 5.406811237335205
v 0.2389766424894333 0.16874125599861145 5.406548500061035
v 0.24143503606319427 0.1721721738576889 5.412437915802002
v 0.23889298737049103 0.17072694003582 5.411599159240723
v 0.23553036153316498 0.17110863327980042 5.410665988922119
v 0.2398783415555954 0.17354732751846313 5.415712833404541
v 0.2413185089826584 0.17528699338436127 5.41701078414917
v 0.23715807497501373 0.17507721483707428 5.417064666748047
v 0.23637346923351288 0.17315278947353363 5.414854526519775
v 0.23857446014881134 0.17236332595348358 5.415131092071533
v 0.2503141164779663 0.15006478130817413 5.370420932769775
v 0.25050055980682373 0.1502397060394287 5.363763332366943
v 0.2519797086715698 0.14579592645168304 5.363061904907227
v 0.25150230526924133 0.14532294869422913 5.369330406188965
v 0.25836434960365295 0.15701881051063538 5.370140075683594
v 0.25861960649490356 0.15782321989536285 5.36271333694458
v 0.25444525480270386 0.15688106417655945 5.3636088371276855
v 0.25465303659439087 0.15635588765144348 5.369765281677246
v 0.2624378502368927 0.15450459718704224 5.370376110076904
v 0.26335737109184265 0.1548459678888321 5.363217830657959
v 0.2586267292499542 0.15808391571044922 5.355571269989014
v 0.2585390508174896 0.1577417403459549 5.346348762512207
v 0.2534308135509491 0.15592683851718903 5.3479228019714355
v 0.25393858551979065 0.1569846123456955 5.357799053192139
v 0.2516997158527374 0.15418033301830292 5.364354610443115
v 0.2518630921840668 0.15397650003433228 5.370782375335693
v 0.2583969235420227 0.1409767121076584 5.3573737144470215
v 0.25853291153907776 0.14151448011398315 5.364054203033447
v 0.25515490770339966 0.142649844288826 5.3633575439453125
v 0.2552544176578522 0.1426241099834442 5.356909275054932
v 0.25134605169296265 0.1444471776485443 5.345235824584961
v 0.24940352141857147 0.14891457557678223 5.346126079559326
v 0.25036105513572693 0.15262632071971893 5.346668243408203
v 0.26255789399147034 0.14272792637348175 5.356262683868408
v 0.26179423928260803 0.14187957346439362 5.345527172088623
v 0.26493382453918457 0.1470654010772705 5.343881607055664
v 0.2653403878211975 0.14830882847309113 5.356222629547119
v 0.2510336637496948 0.15396136045455933 5.357800006866455
v 0.25160905718803406 0.14543700218200684 5.35621976852417
v 0.2500654458999634 0.1500232070684433 5.3570122718811035
v 0.26350492238998413 0.15467043220996857 5.354775428771973
v 0.26482632756233215 0.14877276122570038 5.363595008850098
v 0.26230958104133606 0.14552199840545654 5.380484580993652
v 0.25934967398643494 0.1426585614681244 5.3803324699401855
v 0.25877806544303894 0.14145071804523468 5.370811462402344
v 0.2624223530292511 0.1440790593624115 5.371018409729004
v 0.26245948672294617 0.14333386719226837 5.364356994628906
v 0.2640801668167114 0.14918683469295502 5.370395660400391
v 0.2516900599002838 0.1453782021999359 5.379205226898193
v 0.2499527484178543 0.14966587722301483 5.378648281097412
v 0.2515007257461548 0.15348584949970245 5.378711700439453
v 0.26374348998069763 0.15424810349941254 5.344653129577637
v 0.25755229592323303 0.13948954641819 5.345325469970703
v 0.2541904151439667 0.1558469831943512 5.380177021026611
v 0.2575347125530243 0.1566026359796524 5.380167484283447
v 0.25500792264938354 0.14218257367610931 5.370666980743408
v 0.25541952252388 0.1425994485616684 5.380054950714111
v 0.2633855938911438 0.14997167885303497 5.380151748657227
v 0.26168978214263916 0.15461617708206177 5.3794050216674805
v 0.2612690031528473 0.1548139452934265 5.386796474456787
v 0.2633921205997467 0.1504795402288437 5.387302398681641
v 0.2571583092212677 0.15695041418075562 5.386953353881836
v 0.2538202702999115 0.15565899014472961 5.3858819007873535
v 0.25161072611808777 0.15339937806129456 5.386157989501953
v 0.262297123670578 0.14633549749851227 5.387972831726074
v 0.2596001923084259 0.14390842616558075 5.387433052062988
v 0.2556536793708801 0.14333310723304749 5.385319232940674
v 0.26235052943229675 0.1464993804693222 5.393266677856445
v 0.26289886236190796 0.15066999197006226 5.393643856048584
v 0.2554282546043396 0.15694640576839447 5.403534889221191
v 0.2576372027397156 0.1568131446838379 5.403985023498535
v 0.2573837637901306 0.1563267856836319 5.399183750152588
v 0.2553895115852356 0.1570201963186264 5.3985371589660645
v 0.25811514258384705 0.15637536346912384 5.395750999450684
v 0.25695404410362244 0.15704314410686493 5.392841339111328
v 0.2608806788921356 0.1551579236984253 5.399670600891113
v 0.2606453001499176 0.15486690402030945 5.395359039306641
v 0.26114800572395325 0.15538351237773895 5.404555320739746
v 0.26257678866386414 0.15164922177791595 5.404219627380371
v 0.26204219460487366 0.15148699283599854 5.399330139160156
v 0.2621058225631714 0.15228095650672913 5.395805835723877
v 0.25663039088249207 0.15632058680057526 5.407934665679932
v 0.2583429217338562 0.15691706538200378 5.40745210647583
v 0.2607986629009247 0.15481719374656677 5.392057418823242
v 0.25359517335891724 0.1558135747909546 5.391326427459717
v 0.25294312834739685 0.15579262375831604 5.397427558898926
v 0.2531760334968567 0.1555371731519699 5.403031826019287
v 0.2545081079006195 0.1543784886598587 5.40724515914917
v 0.2511621117591858 0.15318039059638977 5.396701812744141
v 0.2517750859260559 0.1530529260635376 5.402358531951904
v 0.25320279598236084 0.1521855592727661 5.405914783477783
v 0.25054338574409485 0.15002156794071198 5.396425724029541
v 0.2514967620372772 0.15037406980991364 5.4020094871521
v 0.2514878809452057 0.1531974822282791 5.390784740447998
v 0.25074249505996704 0.14984488487243652 5.389549255371094
v 0.25286945700645447 0.15051893889904022 5.404789447784424
v 0.2575696110725403 0.151606023311615 5.4094557762146
v 0.25974413752555847 0.15393637120723724 5.4102067947387695
v 0.26148179173469543 0.1556093394756317 5.408999443054199
v 0.2627042233943939 0.14908954501152039 5.399094104766846
v 0.26244643330574036 0.1493062525987625 5.40427827835083
v 0.26164743304252625 0.14662787318229675 5.39858341217041
v 0.2612747251987457 0.14733126759529114 5.403984546661377
v 0.2626859247684479 0.1524445116519928 5.407724857330322
v 0.2620149552822113 0.1507905274629593 5.408210754394531
v 0.2505507171154022 0.14989981055259705 5.384887218475342
v 0.25211289525032043 0.14595705270767212 5.384577751159668
v 0.252214640378952 0.1463136374950409 5.389378070831299
v 0.25236645340919495 0.1465628743171692 5.3966193199157715
v 0.2557069957256317 0.14385798573493958 5.389766693115234
v 0.2595151662826538 0.1444433480501175 5.392277717590332
v 0.2593201994895935 0.14492855966091156 5.397972583770752
v 0.2558792531490326 0.1445436030626297 5.39695405960083
v 0.25893205404281616 0.1459134966135025 5.402105331420898
v 0.2562163174152374 0.14571473002433777 5.402748107910156
v 0.25322872400283813 0.14747680723667145 5.402308464050293
v 0.2582071125507355 0.14756980538368225 5.4066362380981445
v 0.26035836338996887 0.14891023933887482 5.4077467918396
v 0.25570741295814514 0.149881511926651 5.407482147216797
v 0.2543949782848358 0.1486247479915619 5.405431270599365
v 0.25635793805122375 0.14701078832149506 5.405358791351318
v 0.25455620884895325 0.1414075791835785 5.344701290130615
v 0.26549363136291504 0.12424863874912262 5.353894233703613
v 0.26489493250846863 0.12568879127502441 5.349014759063721
v 0.26555246114730835 0.12205463647842407 5.347263336181641
v 0.26611754298210144 0.1205568015575409 5.352530479431152
v 0.27418920397758484 0.12903112173080444 5.353288650512695
v 0.2738350033760071 0.1309354454278946 5.3475799560546875
v 0.2693607807159424 0.1311848908662796 5.348898410797119
v 0.26999807357788086 0.12949371337890625 5.353876113891602
v 0.2778977155685425 0.12559233605861664 5.352580547332764
v 0.27789148688316345 0.1273587942123413 5.34718656539917
v 0.2727370858192444 0.13259929418563843 5.341114521026611
v 0.27023714780807495 0.13489267230033875 5.331310272216797
v 0.2653197646141052 0.13390293717384338 5.333676338195801
v 0.267924040555954 0.13245077431201935 5.342620849609375
v 0.2671600878238678 0.11971858143806458 5.325307846069336
v 0.268100768327713 0.11952251195907593 5.3310956954956055
v 0.2645680606365204 0.12111404538154602 5.332325458526611
v 0.2630678713321686 0.12102541327476501 5.326259136199951
v 0.2660071551799774 0.12900803983211517 5.349105358123779
v 0.26700836420059204 0.12747474014759064 5.35454797744751
v 0.2702520489692688 0.11863984167575836 5.340978145599365
v 0.271310418844223 0.11738376319408417 5.346351146697998
v 0.2678934931755066 0.11912786960601807 5.347224235534668
v 0.26669028401374817 0.12018412351608276 5.341792583465576
v 0.2596241235733032 0.12396049499511719 5.328258037567139
v 0.26216551661491394 0.12396365404129028 5.334707736968994
v 0.2612926661968231 0.1278267204761505 5.3348822593688965
v 0.2578218877315521 0.12821927666664124 5.331096649169922
v 0.2622193694114685 0.13083603978157043 5.335371971130371
v 0.27417969703674316 0.1195126473903656 5.33932638168335
v 0.27182331681251526 0.12035641074180603 5.330462455749512
v 0.2753801643848419 0.12390419840812683 5.32887601852417
v 0.27731233835220337 0.12318357825279236 5.340014457702637
v 0.2648245096206665 0.1300995796918869 5.3431396484375
v 0.2643882632255554 0.12299838662147522 5.342919826507568
v 0.26386040449142456 0.12697146832942963 5.343165397644043
v 0.2768747806549072 0.1292603611946106 5.339350700378418
v 0.2779625952243805 0.12184396386146545 5.345058917999268
v 0.27657559514045715 0.11488525569438934 5.356807231903076
v 0.27335330843925476 0.11406214535236359 5.357550144195557
v 0.2720710039138794 0.1156824380159378 5.351151943206787
v 0.27594009041786194 0.11650383472442627 5.350523948669434
v 0.27542924880981445 0.11824527382850647 5.346065998077393
v 0.27846279740333557 0.12028342485427856 5.351336479187012
v 0.2671259939670563 0.11885404586791992 5.3581366539001465
v 0.26644986867904663 0.12250138819217682 5.36002779006958
v 0.26788586378097534 0.12558671832084656 5.360229969024658
v 0.27535027265548706 0.13159140944480896 5.328871250152588
v 0.27077189087867737 0.12745611369609833 5.361626148223877
v 0.2745133340358734 0.12710648775100708 5.360421180725098
v 0.26849278807640076 0.1174985021352768 5.351278781890869
v 0.26983997225761414 0.11577032506465912 5.358215808868408
v 0.27873495221138 0.11844933032989502 5.358000755310059
v 0.2778809368610382 0.12365797162055969 5.358598232269287
v 0.27858400344848633 0.12256091833114624 5.364961624145508
v 0.2793998718261719 0.11745046079158783 5.364171028137207
v 0.2749461829662323 0.12582699954509735 5.365855693817139
v 0.2711804509162903 0.12609240412712097 5.365566253662109
v 0.2686171233654022 0.12429408729076385 5.364248275756836
v 0.27712327241897583 0.11399856209754944 5.36306619644165
v 0.2741216719150543 0.11363255977630615 5.362854480743408
v 0.27098265290260315 0.11536805331707001 5.362094879150391
v 0.27759596705436707 0.11347156763076782 5.367282867431641
v 0.2798291742801666 0.11688432097434998 5.369629383087158
v 0.27403655648231506 0.12314683198928833 5.379546165466309
v 0.2761552631855011 0.12279258668422699 5.379421234130859
v 0.276093065738678 0.12318970263004303 5.37642765045166
v 0.2738628089427948 0.1240616887807846 5.375531196594238
v 0.2764764726161957 0.12328556180000305 5.372870445251465
v 0.2751939594745636 0.12462997436523438 5.370828628540039
v 0.27882084250450134 0.12106464803218842 5.375511646270752
v 0.27846434712409973 0.12124991416931152 5.371283531188965
v 0.2794342041015625 0.12068001925945282 5.379500865936279
v 0.27992281317710876 0.11650298535823822 5.377901077270508
v 0.279862642288208 0.11702744662761688 5.374005317687988
v 0.2797434329986572 0.11827057600021362 5.371681213378906
v 0.2752799093723297 0.12177169322967529 5.382988452911377
v 0.2768688499927521 0.12220388650894165 5.382145881652832
v 0.2786550521850586 0.1218055784702301 5.369547367095947
v 0.271845281124115 0.12508484721183777 5.370554447174072
v 0.2717183530330658 0.12405110895633698 5.375133991241455
v 0.27207425236701965 0.12264552712440491 5.38018274307251
v 0.2735278606414795 0.12036500871181488 5.383373260498047
v 0.2699059545993805 0.12249767780303955 5.374122619628906
v 0.2706544101238251 0.1210140734910965 5.37922477722168
v 0.2720580995082855 0.11903394758701324 5.381258010864258
v 0.26895859837532043 0.12015977501869202 5.372735500335693
v 0.2699492871761322 0.11904232203960419 5.377727031707764
v 0.26932409405708313 0.12355679273605347 5.368051528930664
v 0.26832684874534607 0.12112613022327423 5.36750602722168
v 0.27113834023475647 0.11818727850914001 5.380106449127197
v 0.2753883898258209 0.11741518974304199 5.383636951446533
v 0.27763831615448 0.11864438652992249 5.3839874267578125
v 0.27963197231292725 0.12000380456447601 5.382790565490723
v 0.279564768075943 0.11463752388954163 5.373205661773682
v 0.2793327569961548 0.11428055167198181 5.3789238929748535
v 0.2776690423488617 0.11298339068889618 5.3723578453063965
v 0.27732154726982117 0.1131598949432373 5.378577709197998
v 0.28022119402885437 0.11695626378059387 5.381772041320801
v 0.27869418263435364 0.11557608842849731 5.381218433380127
v 0.2674156725406647 0.12142825126647949 5.363800525665283
v 0.2680492401123047 0.11816906929016113 5.362060070037842
v 0.2688661217689514 0.11764389276504517 5.3665642738342285
v 0.2694593369960785 0.11701643466949463 5.371803283691406
v 0.2714443504810333 0.1146879643201828 5.366078853607178
v 0.2746143043041229 0.11314871907234192 5.36594820022583
v 0.2748624086380005 0.11266928911209106 5.371313095092773
v 0.2717520594596863 0.11398042738437653 5.370560169219971
v 0.27473387122154236 0.11309932172298431 5.376630783081055
v 0.27242550253868103 0.11430715024471283 5.377065181732178
v 0.2704555094242096 0.11655783653259277 5.376952171325684
v 0.27445611357688904 0.11477155983448029 5.38102912902832
v 0.27659130096435547 0.11476154625415802 5.3819990158081055
v 0.2734508216381073 0.11676433682441711 5.382196426391602
v 0.2719626724720001 0.11657539010047913 5.38031530380249
v 0.2729437053203583 0.11512140929698944 5.379905700683594
v 0.27051517367362976 0.12050589919090271 5.325027942657471
v 0.19313156604766846 0.18028876185417175 5.302963733673096
v 0.19475941359996796 0.17719298601150513 5.306661605834961
v 0.19030152261257172 0.16850066184997559 5.30916690826416
v 0.1853262186050415 0.16560232639312744 5.308280944824219
v 0.1806827038526535 0.16574659943580627 5.304218292236328
v 0.17891035974025726 0.16894081234931946 5.301210880279541
v 0.17990170419216156 0.17341160774230957 5.299722194671631
v 0.19395285844802856 0.17318454384803772 5.308628559112549
v 0.1894557774066925 0.18162325024604797 5.300723552703857
v 0.18381153047084808 0.17853021621704102 5.298928737640381
v 0.17914120852947235 0.1849454939365387 5.305131435394287
v 0.185201495885849 0.1876722276210785 5.306667327880859
v 0.17492753267288208 0.17947623133659363 5.30539608001709
v 0.17447839677333832 0.17406761646270752 5.306642532348633
v 0.17710134387016296 0.1699930727481842 5.308689117431641
v 0.18983536958694458 0.1858074963092804 5.309743404388428
v 0.19174058735370636 0.1816236972808838 5.3116021156311035
v 0.1907348781824112 0.1764381229877472 5.313377380371094
v 0.1860736459493637 0.1910841166973114 5.313949108123779
v 0.18048729002475739 0.1949480175971985 5.314087867736816
v 0.16636712849140167 0.191196471452713 5.321156978607178
v 0.167098268866539 0.19489741325378418 5.319370746612549
v 0.16868078708648682 0.1922129988670349 5.316357135772705
v 0.1676698476076126 0.18802809715270996 5.31712532043457
v 0.17061184346675873 0.19089239835739136 5.314535140991211
v 0.17072825133800507 0.18624860048294067 5.312809944152832
v 0.17177273333072662 0.19691145420074463 5.315945625305176
v 0.17331774532794952 0.19461259245872498 5.314479827880859
v 0.17616184055805206 0.1994093954563141 5.317470073699951
v 0.17648164927959442 0.19722086191177368 5.315153121948242
v 0.1697297841310501 0.1998354196548462 5.318390369415283
v 0.16609840095043182 0.19754499197006226 5.321661472320557
v 0.16844378411769867 0.20123589038848877 5.321835041046143
v 0.1659642904996872 0.19542238116264343 5.3242058753967285
v 0.1752190738916397 0.19150185585021973 5.312108039855957
v 0.1711442768573761 0.17905586957931519 5.313143253326416
v 0.16832955181598663 0.18360960483551025 5.318549156188965
v 0.16708044707775116 0.18814483284950256 5.323482990264893
v 0.16763879358768463 0.19268301129341125 5.325683116912842
v 0.17138300836086273 0.1800326406955719 5.320993423461914
v 0.17029626667499542 0.18590956926345825 5.324643611907959
v 0.1707017868757248 0.1905670464038849 5.326993942260742
v 0.17619600892066956 0.17946845293045044 5.321788787841797
v 0.17404179275035858 0.18571609258651733 5.325872421264648
v 0.17422716319561005 0.17419156432151794 5.3144659996032715
v 0.17941804230213165 0.17258116602897644 5.316498279571533
v 0.17321579158306122 0.18941321969032288 5.327365875244141
v 0.1707947701215744 0.19714432954788208 5.327255725860596
v 0.16857300698757172 0.20009306073188782 5.324834823608398
v 0.17965485155582428 0.19850119948387146 5.31894063949585
v 0.1743055135011673 0.20180511474609375 5.319947242736816
v 0.17724530398845673 0.20078185200691223 5.3210625648498535
v 0.1829812377691269 0.1955719292163849 5.32016658782959
v 0.1793580800294876 0.19821810722351074 5.323293685913086
v 0.1719951331615448 0.2029905617237091 5.3207855224609375
v 0.1736602932214737 0.2019679844379425 5.323679447174072
v 0.18196932971477509 0.16891488432884216 5.311945915222168
v 0.18688033521175385 0.17143842577934265 5.313751697540283
v 0.18452419340610504 0.17523539066314697 5.316951751708984
v 0.181233212351799 0.1817290484905243 5.3236083984375
v 0.18840736150741577 0.18063202500343323 5.317587375640869
v 0.18892860412597656 0.18660348653793335 5.316348075866699
v 0.18470247089862823 0.19165509939193726 5.3219804763793945
v 0.1844504028558731 0.18656623363494873 5.323544025421143
v 0.18030714988708496 0.19477137923240662 5.3249711990356445
v 0.17980502545833588 0.19103196263313293 5.325681686401367
v 0.1774395853281021 0.18765783309936523 5.326165199279785
v 0.17644988000392914 0.1956179141998291 5.32715368270874
v 0.17525134980678558 0.19908449053764343 5.326261520385742
v 0.17300115525722504 0.19405779242515564 5.327882766723633
v 0.17500130832195282 0.191380113363266 5.3276686668396
v 0.1770489662885666 0.1929769515991211 5.327150344848633
v 0.2617148756980896 0.11965033411979675 5.322504043579102
v 0.25737321376800537 0.12336757779121399 5.32366418838501
v 0.2563682496547699 0.12157943844795227 5.317721843719482
v 0.25453922152519226 0.11818045377731323 5.311484336853027
v 0.2576100826263428 0.11258873343467712 5.303839206695557
v 0.25065794587135315 0.12322530150413513 5.3117804527282715
v 0.2526421844959259 0.1264481246471405 5.318379878997803
v 0.25409042835235596 0.12953153252601624 5.326018333435059
v 0.2457946389913559 0.12488079071044922 5.30597448348999
v -0.028538556769490242 0.5554296970367432 5.209218502044678
v -0.025847014039754868 0.5546895861625671 5.205235958099365
v -0.02524012140929699 0.5496928691864014 5.201789855957031
v -0.02713385410606861 0.5489141345024109 5.203935146331787
v -0.02966865710914135 0.5483876466751099 5.206463813781738
v -0.03299492225050926 0.5481782555580139 5.208746910095215
v -0.038105618208646774 0.5547263026237488 5.212342739105225
v -0.032843250781297684 0.5555578470230103 5.211205959320068
v -0.04768690839409828 0.5491025447845459 5.211361408233643
v -0.04597298055887222 0.5505527257919312 5.211298942565918
v -0.046878691762685776 0.5482723712921143 5.211469650268555
v -0.0407724492251873 0.5482959151268005 5.211577415466309
v -0.044580623507499695 0.5485222935676575 5.211686134338379
v -0.02313464879989624 0.5531349778175354 5.200557708740234
v -0.02266363427042961 0.5523382425308228 5.1993608474731445
v -0.024196362122893333 0.5540355443954468 5.203102111816406
v -0.03689021244645119 0.5482518672943115 5.210896968841553
v -0.023010600358247757 0.5514506101608276 5.199123382568359
v -0.023923344910144806 0.5506060123443604 5.200113296508789
v -0.04273463413119316 0.553168773651123 5.212597846984863
v -0.029472922906279564 0.5507308840751648 5.207467079162598
v -0.03285285830497742 0.5503769516944885 5.209343433380127
v -0.03726968169212341 0.5525407195091248 5.211578845977783
v -0.03271997347474098 0.5530158281326294 5.210134029388428
v -0.0405198372900486 0.549850583076477 5.2113752365112305
v -0.04308316856622696 0.5496432781219482 5.211248397827148
v -0.027068056166172028 0.5507727265357971 5.204320907592773
v -0.03680039569735527 0.550141453742981 5.2108354568481445
v -0.02896302007138729 0.5530436635017395 5.207531929016113
v -0.043541427701711655 0.5505266785621643 5.211577892303467
v -0.04128463193774223 0.5516011714935303 5.21185827255249
v -0.02331407181918621 0.5519202947616577 5.199588298797607
v -0.02352297119796276 0.5517794489860535 5.20050048828125
v -0.06081989035010338 0.30509844422340393 5.163867950439453
v -0.05960369482636452 0.2859386205673218 5.168429374694824
v -0.02654413692653179 0.5529689788818359 5.2057390213012695
v -0.02425774186849594 0.5512363910675049 5.200425148010254
v -0.025424370542168617 0.5511396527290344 5.202878475189209
v -0.025023603811860085 0.5525628924369812 5.202966213226318
v -0.023934807628393173 0.5523134469985962 5.201306343078613
v 0.16588853299617767 0.2373267114162445 5.091433525085449
v 0.155110701918602 0.22724580764770508 5.087286949157715
v 0.19741104543209076 0.269631952047348 5.066359043121338
v 0.1951441615819931 0.27804508805274963 5.046210289001465
v -0.0059613813646137714 0.02580692060291767 5.145081996917725
v 0.03596379607915878 0.1204947680234909 4.972964286804199
v 0.03712216019630432 0.13893267512321472 4.9737629890441895
v -0.03288651257753372 0.14319249987602234 4.951961517333984
v -0.014007779769599438 0.1391754299402237 4.9523024559021
v 0.06796176731586456 0.09318524599075317 5.0729169845581055
v 0.06802839040756226 0.07442395389080048 5.070035457611084
v 0.03156644105911255 0.07118695974349976 5.122647762298584
v 0.030519284307956696 0.05135612189769745 5.119748115539551
v 0.05949665606021881 0.047506868839263916 5.086613178253174
v 0.009891181252896786 0.09251680970191956 4.948433876037598
v 0.00597769720479846 0.11243714392185211 4.952224254608154
v 0.02269633114337921 0.10746796429157257 4.9594855308532715
v 0.026683464646339417 0.08768293261528015 4.954326152801514
v -0.05197511985898018 0.12296846508979797 4.953774929046631
v -0.051591355353593826 0.1445000171661377 4.956033706665039
v 0.073222815990448 0.12074758112430573 5.054598331451416
v 0.07158301770687103 0.1292172521352768 5.031463623046875
v 0.05260513722896576 0.14631620049476624 4.991841793060303
v 0.03837073594331741 0.15559031069278717 4.978086471557617
v 0.005334335844963789 0.17400117218494415 4.961991786956787
v 0.022660784423351288 0.1651553511619568 4.9685444831848145
v 0.01846645027399063 0.08779445290565491 5.142752170562744
v 0.0018545495113357902 0.10465990006923676 5.157954692840576
v 0.06864550709724426 0.11234515905380249 5.078490257263184
v -0.041046787053346634 0.07978358864784241 5.168310642242432
v -0.03325521573424339 0.2088901400566101 4.954376697540283
v -0.011951054446399212 0.20523759722709656 4.957804203033447
v 0.06413782387971878 0.13762584328651428 5.010302543640137
v -0.04154345393180847 0.2399827241897583 5.186765670776367
v -0.04021002724766731 0.222621887922287 5.192411422729492
v -0.023902762681245804 0.22706913948059082 5.191538333892822
v -0.02496417611837387 0.24441882967948914 5.185611248016357
v -0.008016624487936497 0.2308402955532074 5.190586566925049
v 0.0072953845374286175 0.23409578204154968 5.18808650970459
v 0.021083049476146698 0.2366170585155487 5.184357166290283
v 0.0520489364862442 0.23865672945976257 5.165526390075684
v 0.043257907032966614 0.23881733417510986 5.172275066375732
v 0.06579717993736267 0.23678579926490784 5.1489691734313965
v 0.05917678028345108 0.23838284611701965 5.158322334289551
v 0.07297030091285706 0.23052608966827393 5.1380839347839355
v 0.07862212508916855 0.22247686982154846 5.123718738555908
v 0.08202014118432999 0.21540683507919312 5.106746196746826
v 0.08040589839220047 0.2302628457546234 5.103291034698486
v 0.07903832942247391 0.20710518956184387 5.127501487731934
v 0.07413510978221893 0.21542638540267944 5.142911911010742
v 0.06764110177755356 0.22081822156906128 5.154693126678467
v -0.051329098641872406 0.18026918172836304 5.194127559661865
v -0.04766461253166199 0.1589084267616272 5.188067436218262
v -0.06225192919373512 0.3230243921279907 5.159071922302246
v 0.2724626958370209 0.11761799454689026 5.072053909301758
v 0.22010697424411774 0.14447510242462158 5.192752361297607
v -0.04440053552389145 0.390042781829834 5.019522190093994
v -0.06404300779104233 0.38314762711524963 5.018181800842285
v -0.07920977473258972 0.3728676438331604 5.014174461364746
v -0.07952827215194702 0.3827214241027832 5.020054817199707
v 0.03422389179468155 0.40543708205223083 5.055263519287109
v 0.01697065681219101 0.4006939232349396 5.035698890686035
v -0.003721140790730715 0.3940066397190094 5.022342681884766
v -0.024780146777629852 0.3870321810245514 5.0158562660217285
v 0.05773608386516571 0.12228672206401825 5.103665351867676
v -0.043183859437704086 0.35914748907089233 4.999091148376465
v -0.02283131331205368 0.3786830008029938 5.0093255043029785
v 0.00044874046579934657 0.3861759305000305 5.015102386474609
v 0.02272062748670578 0.3921096622943878 5.0256757736206055
v 0.046890467405319214 0.3975023627281189 5.0470404624938965
v 0.06227494776248932 0.39130258560180664 5.052917003631592
v 0.08167684078216553 0.37449774146080017 5.043797016143799
v 0.09239430725574493 0.3703018128871918 5.049774646759033
v 0.09652571380138397 0.3766408860683441 5.068187236785889
v 0.10987865924835205 0.37007156014442444 5.073025226593018
v 0.10485811531543732 0.36519622802734375 5.055351734161377
v 0.17429901659488678 0.30495360493659973 5.046097278594971
v 0.18011389672756195 0.29339125752449036 5.036844730377197
v 0.1802486628293991 0.28457343578338623 5.025313854217529
v 0.1760173887014389 0.2766817510128021 5.014593124389648
v 0.16721583902835846 0.2710780203342438 5.006768703460693
v 0.15458200871944427 0.2693013548851013 5.003994464874268
v 0.140291228890419 0.27149325609207153 5.003249645233154
v 0.10403256118297577 0.286158949136734 5.012767314910889
v 0.09437024593353271 0.290448397397995 5.0156755447387695
v 0.0778353363275528 0.27432572841644287 5.012326240539551
v 0.07438986748456955 0.2687513530254364 5.009743690490723
v 0.053579509258270264 0.22834527492523193 4.9854559898376465
v 0.060378603637218475 0.2444056272506714 4.992466926574707
v 0.04404471814632416 0.21386167407035828 4.977945327758789
v 0.03554786741733551 -0.012138246558606625 4.919151306152344
v 0.02860122174024582 0.006673717405647039 4.926003456115723
v 0.0489945113658905 0.009115749038755894 4.935787200927734
v 0.05570080876350403 -0.009965061210095882 4.929713726043701
v -0.044795531779527664 0.04885934293270111 4.9366984367370605
v -0.02266494370996952 0.04872893542051315 4.934604644775391
v 0.09656177461147308 0.0008264495991170406 5.017630577087402
v 0.09182514250278473 0.005381429102271795 4.9904608726501465
v 0.08123254030942917 0.008115352131426334 4.968146324157715
v 0.06636693328619003 0.009248868562281132 4.949081897735596
v 0.09373253583908081 -0.005388493184000254 5.044405460357666
v 0.012478563003242016 -0.04608970135450363 5.1371870040893555
v 0.03283189237117767 -0.03884211927652359 5.123190402984619
v -0.05009596049785614 -0.05754846706986427 5.158200263977051
v -0.029839005321264267 -0.05577043071389198 5.154120922088623
v 0.08449842035770416 -0.01387189980596304 5.0685882568359375
v -0.008822592906653881 -0.05187109857797623 5.148132801055908
v 0.05225905776023865 -0.030882081016898155 5.10679292678833
v 0.07039198279380798 -0.02267521806061268 5.0884504318237305
v 0.021710239350795746 0.026609549298882484 4.9325666427612305
v 0.002264908980578184 0.027065644040703773 4.92681360244751
v -0.0021653627045452595 0.04857322573661804 4.935751438140869
v -0.039242375642061234 0.2747047245502472 4.959898471832275
v -0.019185934215784073 0.2779045104980469 4.960290908813477
v 0.0010879406472668052 0.28225868940353394 4.9630961418151855
v 0.014875750057399273 0.3072251081466675 4.972269058227539
v 0.03053920716047287 0.31202706694602966 4.978976249694824
v 0.03333226591348648 0.29631876945495605 4.975793361663818
v 0.017980974167585373 0.29032236337661743 4.968824863433838
v 0.058201707899570465 0.31632745265960693 4.997900485992432
v 0.06965945661067963 0.31676822900772095 5.003067970275879
v 0.06828973442316055 0.30589625239372253 5.0028533935546875
v 0.058243170380592346 0.3042556643486023 4.995769023895264
v 0.07845871150493622 0.3070378005504608 5.006967067718506
v 0.086252361536026 0.3085862100124359 5.010566711425781
v 0.09465590119361877 0.30920708179473877 5.01482629776001
v 0.10491183400154114 0.30882522463798523 5.0157012939453125
v 0.11242350935935974 0.32700440287590027 5.021170616149902
v 0.10195420682430267 0.328930526971817 5.020148754119873
v 0.060221023857593536 0.32871127128601074 5.000378131866455
v 0.04581312835216522 0.3291046917438507 4.991632461547852
v -0.041419658809900284 0.304684579372406 4.973982810974121
v -0.059847213327884674 0.29890546202659607 4.976837158203125
v 0.08380573987960815 0.21520838141441345 5.087170124053955
v 0.08452123403549194 0.2175653576850891 5.065281391143799
v 0.08294422924518585 0.2221205234527588 5.046496391296387
v 0.08020758628845215 0.22819867730140686 5.031662464141846
v 0.07713449746370316 0.23575598001480103 5.018514633178711
v 0.0723734050989151 0.2442343533039093 5.007901668548584
v 0.06622424721717834 0.2538895606994629 4.998938083648682
v 0.07018078118562698 0.26219192147254944 5.004225254058838
v 0.060405433177948 0.2649141252040863 4.992755889892578
v 0.06623011827468872 0.27159202098846436 4.999781608581543
v 0.05491997301578522 0.2761777639389038 4.988471031188965
v 0.04977130889892578 0.28824517130851746 4.9856696128845215
v 0.04630926251411438 0.3016824424266815 4.986584663391113
v 0.04480575770139694 0.315337210893631 4.988016605377197
v 0.01349236723035574 0.3243160545825958 4.976918697357178
v 0.02985355257987976 0.3280180096626282 4.984102249145508
v -0.0038303774781525135 0.33576035499572754 4.979789733886719
v -0.002604865003377199 0.351136177778244 4.987704277038574
v -0.0023915772326290607 0.299974262714386 4.9664225578308105
v -0.003732167650014162 0.31909966468811035 4.972514629364014
v -0.006254278589040041 0.4171559810638428 5.0560712814331055
v -0.02443508803844452 0.41225025057792664 5.043456077575684
v 0.13978220522403717 0.28676000237464905 5.007416725158691
v 0.14683715999126434 0.2796987295150757 5.0052971839904785
v 0.1371094435453415 0.27956995368003845 5.004393100738525
v 0.1345169097185135 0.2845208942890167 5.006482124328613
v 0.1553107649087906 0.28306564688682556 5.008913040161133
v 0.15186481177806854 0.2956222891807556 5.014780521392822
v 0.16228900849819183 0.28806376457214355 5.015706539154053
v 0.14591725170612335 0.2906610071659088 5.01049280166626
v 0.16659222543239594 0.2949683964252472 5.0239667892456055
v 0.15575505793094635 0.3023819029331207 5.021814823150635
v 0.16834060847759247 0.30133551359176636 5.030990123748779
v 0.15862028300762177 0.30782338976860046 5.027593612670898
v 0.15974871814250946 0.3125162422657013 5.033292293548584
v 0.16594623029232025 0.30991998314857483 5.03715181350708
v 0.13353055715560913 0.33584466576576233 5.0353851318359375
v 0.14448018372058868 0.327979177236557 5.034921169281006
v 0.1536228209733963 0.3192901611328125 5.034672737121582
v 0.11498415470123291 0.3060392439365387 5.013957977294922
v 0.1259312778711319 0.30247846245765686 5.012546062469482
v 0.13618703186511993 0.2971191704273224 5.011270523071289
v 0.1412297636270523 0.3033527135848999 5.015822410583496
v 0.13057203590869904 0.3092174828052521 5.015946865081787
v 0.11906132102012634 0.31368619203567505 5.016599178314209
v -0.04080313816666603 0.2893819808959961 4.966001033782959
v -0.02199418470263481 0.29507291316986084 4.96483850479126
v 0.0803534984588623 0.3177568316459656 5.007430076599121
v 0.08922047913074493 0.3178499639034271 5.012790679931641
v 0.09803314507007599 0.31748899817466736 5.016270160675049
v 0.10818749666213989 0.31713637709617615 5.017894268035889
v 0.0921178013086319 0.3288552463054657 5.0157999992370605
v 0.08282390236854553 0.32889488339424133 5.011346817016602
v 0.07194861769676208 0.328428715467453 5.005479335784912
v -0.02270302176475525 0.31124091148376465 4.971181869506836
v -0.05908503383398056 0.28446733951568604 4.967397689819336
v 0.09324151277542114 0.31972047686576843 5.134270191192627
v 0.10431651771068573 0.3408295512199402 5.130712032318115
v 0.11393909156322479 0.3580937087535858 5.116469860076904
v 0.1141977310180664 0.3697994351387024 5.0958356857299805
v -0.08458726853132248 0.4041483700275421 5.038191318511963
v 0.22650448977947235 0.12586483359336853 4.999701023101807
v -0.07377462834119797 0.2328549027442932 4.953810214996338
v -0.07561764866113663 0.2526809275150299 4.95634651184082
v -0.0696825161576271 0.16546766459941864 4.9589948654174805
v -0.07089992612600327 0.18630240857601166 4.953168869018555
v -0.025934400036931038 0.07458752393722534 4.9408392906188965
v -0.04711112380027771 0.07638710737228394 4.945296287536621
v -0.049795664846897125 0.10015292465686798 4.950026988983154
v -0.06866256892681122 0.028529668226838112 4.924600124359131
v -0.06878797709941864 0.049274563789367676 4.9399542808532715
v -0.06847739219665527 0.10103723406791687 4.955983638763428
v -0.06898646056652069 0.12327571213245392 4.961302757263184
v -0.05351873114705086 0.20987772941589355 4.9522833824157715
v -0.057840120047330856 0.2710973620414734 4.9586663246154785
v -0.07689610868692398 0.28225645422935486 4.969013690948486
v -0.07695542275905609 0.29499176144599915 4.9771342277526855
v -0.0778936892747879 0.31085893511772156 4.9842753410339355
v 0.0349639356136322 0.2057439684867859 5.191230297088623
v 0.03380917012691498 0.22190016508102417 5.185579776763916
v 0.021808605641126633 0.22048795223236084 5.191284656524658
v 0.023057088255882263 0.20445477962493896 5.196254253387451
v 0.053992003202438354 0.20814403891563416 5.177088260650635
v 0.05306461453437805 0.22335562109947205 5.172616481781006
v 0.04406651854515076 0.22288081049919128 5.1793718338012695
v 0.04558397829532623 0.20690956711769104 5.185267448425293
v 0.060683295130729675 0.22289243340492249 5.163818836212158
v 0.06173401325941086 0.2080605924129486 5.168651580810547
v 0.03627931326627731 0.18909776210784912 5.194831848144531
v 0.04676619917154312 0.19046609103679657 5.187860488891602
v 0.024431828409433365 0.1880241483449936 5.199725151062012
v 0.06209993362426758 0.1932079792022705 5.1724629402160645
v 0.05515548586845398 0.19216936826705933 5.180294513702393
v -0.05661245808005333 0.43901190161705017 5.192587375640869
v -0.052867647260427475 0.440999299287796 5.207102298736572
v -0.05458989366889 0.47809460759162903 5.227416038513184
v -0.05557143688201904 0.48265817761421204 5.227077960968018
v -0.06880553811788559 0.431025892496109 5.173974990844727
v -0.06974294036626816 0.42298880219459534 5.170077800750732
v -0.05722997337579727 0.46142879128456116 5.2225661277771
v -0.056799471378326416 0.4482773244380951 5.2207746505737305
v -0.05727728083729744 0.5028905868530273 5.2333664894104
v -0.05756283178925514 0.49987825751304626 5.232239723205566
v -0.05677264183759689 0.48919835686683655 5.231533527374268
v -0.05691466107964516 0.48553183674812317 5.229179859161377
v -0.07034119963645935 0.4120427072048187 5.166186809539795
v -0.06654587388038635 0.4364180564880371 5.181833744049072
v -0.0736629068851471 0.3853182792663574 5.158810138702393
v -0.07500819116830826 0.3723409175872803 5.154052257537842
v -0.06479083746671677 0.36341190338134766 5.151882648468018
v -0.06418785452842712 0.35036319494247437 5.152558326721191
v -0.05355219915509224 0.2006303071975708 5.193815231323242
v -0.057623330503702164 0.24941551685333252 5.177610874176025
v -0.05715028569102287 0.23549622297286987 5.18625545501709
v -0.05867046117782593 0.2672535479068756 5.173462390899658
v -0.06312769651412964 0.3370964527130127 5.155529499053955
v -0.07199330627918243 0.3990737497806549 5.163572311401367
v -0.056611981242895126 0.4735157787799835 5.227625846862793
v -0.05723483860492706 0.46860960125923157 5.22397518157959
v -0.057410381734371185 0.4960117042064667 5.230669021606445
v -0.05708179250359535 0.49275490641593933 5.23159122467041
v -0.07549498975276947 0.30213627219200134 5.163632392883301
v -0.07495174556970596 0.28295019268989563 5.169229984283447
v -0.055642396211624146 0.21801665425300598 5.191588878631592
v -0.06695162504911423 0.17798376083374023 5.193120956420898
v -0.0656939446926117 0.1559988558292389 5.186302661895752
v -0.07603704929351807 0.32035356760025024 5.1597795486450195
v -0.06527295708656311 0.13730841875076294 5.1743693351745605
v 0.10723020136356354 -0.1764737069606781 4.944068908691406
v 0.0896265059709549 -0.19531533122062683 4.92620325088501
v 0.07965975254774094 -0.18226169049739838 4.9123759269714355
v 0.09350153803825378 -0.1686791330575943 4.9240946769714355
v 0.10157589614391327 -0.12497727572917938 4.943102836608887
v 0.10135102272033691 -0.09999566525220871 4.950839042663574
v 0.10177652537822723 -0.07347366213798523 4.955870628356934
v 0.059400737285614014 -0.19105708599090576 4.901647090911865
v 0.029273927211761475 -0.1732543408870697 4.886998653411865
v 0.03287694603204727 -0.19406931102275848 4.892191410064697
v 0.08689794689416885 -0.0756654366850853 4.9326605796813965
v 0.08717555552721024 -0.10198589414358139 4.928555488586426
v 0.08451950550079346 -0.16357289254665375 4.917177677154541
v 0.08616483211517334 -0.14855094254016876 4.918915748596191
v 0.10007452964782715 -0.14882630109786987 4.934568405151367
v 0.05457206070423126 -0.17220088839530945 4.895532131195068
v 0.0733293741941452 -0.16893188655376434 4.906912326812744
v -0.007090371567755938 -0.015026434324681759 4.909393787384033
v -0.003005665261298418 -0.03540712222456932 4.901421546936035
v -0.031202593818306923 -0.03507402911782265 4.899580955505371
v 0.07437614351511002 -0.007621026132255793 4.945119857788086
v 0.061892807483673096 -0.029872162267565727 4.924003601074219
v -0.06379397213459015 -0.1772395819425583 4.893633842468262
v 0.07075564563274384 -0.1510116457939148 4.905854225158691
v 0.0259537473320961 -0.15027844905853271 4.882955551147461
v 0.05138493329286575 -0.15151916444301605 4.892906665802002
v 0.025010667741298676 -0.07691311091184616 4.890137672424316
v 0.048700541257858276 -0.07764364778995514 4.900261878967285
v 0.047737106680870056 -0.10223842412233353 4.894593715667725
v 0.02458225190639496 -0.10079111158847809 4.884407043457031
v 0.06905007362365723 -0.07742449641227722 4.914427757263184
v 0.06627392023801804 -0.05270349606871605 4.9179301261901855
v 0.024105750024318695 -0.05493224412202835 4.897054672241211
v 0.04638783633708954 -0.053804993629455566 4.905170440673828
v 0.04180444777011871 -0.03167029097676277 4.912208080291748
v 0.06948959082365036 -0.10391765087842941 4.909935474395752
v 0.024280089884996414 -0.1256473958492279 4.880910396575928
v -0.004308347124606371 -0.12454488128423691 4.875545978546143
v -0.03467101231217384 -0.12298394739627838 4.877080917358398
v -0.06512956321239471 -0.12483847886323929 4.879434585571289
v -0.06548238545656204 -0.10188392549753189 4.879888534545898
v 0.020404111593961716 -0.033410850912332535 4.905250072479248
v 0.008583604358136654 0.0070107742212712765 4.919795989990234
v 0.015725426375865936 -0.012832059524953365 4.913111686706543
v -0.006529927719384432 0.0718766301870346 4.941198825836182
v 0.07659049332141876 -0.3826955556869507 5.133108139038086
v -0.0611562542617321 -0.22493579983711243 5.012016773223877
v -0.06031405180692673 -0.22922778129577637 5.040862083435059
v 0.1124921590089798 -0.12729375064373016 5.060967922210693
v 0.1247762143611908 -0.1528325080871582 4.986320495605469
v 0.11351579427719116 -0.15130451321601868 4.95535945892334
v -0.05023490637540817 -0.2267957478761673 5.08914852142334
v -0.03443305566906929 -0.21646232903003693 5.111612796783447
v 0.09395740926265717 -0.13057944178581238 5.088947296142578
v 0.04490373283624649 -0.17076656222343445 5.129417896270752
v -0.05693023279309273 -0.23057545721530914 5.064402103424072
v 0.08632248640060425 -0.12685295939445496 4.924715995788574
v 0.06962773203849792 -0.12904812395572662 4.906891345977783
v 0.048865318298339844 -0.1275871843099594 4.892237186431885
v -0.0028250371105968952 -0.14890341460704803 4.8765788078308105
v -0.03465501219034195 -0.14632028341293335 4.8781023025512695
v -0.06439369916915894 -0.14593908190727234 4.883486270904541
v -0.04332510381937027 -0.1641155332326889 5.114972114562988
v -0.05573871359229088 -0.16035549342632294 5.120892524719238
v -0.047392670065164566 -0.15938802063465118 5.123562812805176
v -0.06422613561153412 -0.15020112693309784 5.129300594329834
v -0.06436125934123993 -0.16098210215568542 5.120222568511963
v -0.055254243314266205 -0.16936460137367249 5.110755443572998
v -0.06398256868124008 -0.1707603931427002 5.108889102935791
v -0.06353165209293365 -0.1839875876903534 5.098758220672607
v 0.012145328335464 -0.0624070018529892 5.135832786560059
v 0.03405860811471939 -0.05515396222472191 5.123298645019531
v -0.05089644342660904 -0.07463373243808746 5.156031131744385
v -0.031357888132333755 -0.07246870547533035 5.151858329772949
v 0.08972892165184021 -0.029900548979640007 5.06859016418457
v -0.010219494812190533 -0.06830314546823502 5.1460771560668945
v 0.05486325919628143 -0.047156546264886856 5.107976913452148
v 0.07470174133777618 -0.03856940194964409 5.089781284332275
v -0.06681112945079803 -0.05436605587601662 4.890504360198975
v -0.06643495708703995 -0.031438786536455154 4.8983473777771
v -0.06908981502056122 -0.07571383565664291 5.157234191894531
v -0.05941352993249893 0.43977367877960205 5.208866119384766
v -0.06345873326063156 0.43800273537635803 5.193308353424072
v -0.0696091502904892 0.6224423050880432 5.222646713256836
v -0.09261690080165863 0.44108620285987854 5.063713550567627
v -0.06194066256284714 0.5654115676879883 5.233375549316406
v -0.05731392279267311 0.48239895701408386 5.227940082550049
v -0.0565740205347538 0.5046267509460449 5.235931873321533
v -0.07543967664241791 0.36013108491897583 5.150782108306885
v -0.075626902282238 0.34703606367111206 5.149738788604736
v -0.06367427110671997 -0.2098674178123474 5.008100986480713
v -0.07580170035362244 0.3343471884727478 5.155280590057373
v -0.06347149610519409 -0.21235519647598267 4.9953203201293945
v -0.06920652836561203 0.14507749676704407 4.962113380432129
v 0.06232450157403946 -0.817309558391571 4.991637229919434
v 0.06155714392662048 -0.8141047954559326 4.976319789886475
v 0.065654456615448 -0.842618465423584 4.977853775024414
v 0.06518082320690155 -0.8443072438240051 4.991419315338135
v 0.08211120963096619 -0.8063945174217224 4.951005458831787
v 0.07000624388456345 -0.8094883561134338 4.957262992858887
v 0.09656134247779846 -0.8051875233650208 4.950168132781982
v 0.10947448015213013 -0.8059231042861938 4.955326557159424
v 0.10573849081993103 -0.8359061479568481 4.954258918762207
v 0.09479203820228577 -0.835265576839447 4.94725227355957
v 0.11684481799602509 -0.8073838353157043 4.965809345245361
v 0.11901924014091492 -0.8372370004653931 4.974423408508301
v 0.12168422341346741 -0.8089131712913513 4.978367328643799
v 0.12425005435943604 -0.8117781281471252 4.995900630950928
v 0.12045897543430328 -0.8390057682991028 4.992933750152588
v 0.11664886772632599 -0.8174949288368225 5.013291358947754
v 0.11395181715488434 -0.8431007266044617 5.009757041931152
v 0.10226219892501831 -0.8214954137802124 5.0234479904174805
v 0.06804493069648743 -0.8202708959579468 5.005500316619873
v 0.06872405111789703 -0.8465238213539124 5.007204532623291
v 0.08155229687690735 -0.836593747138977 4.948790550231934
v 0.07198620587587357 -0.8391402959823608 4.957083225250244
v 0.06801819801330566 -0.8411701321601868 4.9677534103393555
v 0.06420376151800156 -0.8121243715286255 4.965944290161133
v 0.06677138060331345 -0.8697761297225952 4.979390621185303
v 0.061886049807071686 -0.870866596698761 4.994752407073975
v 0.08112594485282898 -0.8656761050224304 4.9460225105285645
v 0.07508211582899094 -0.867361843585968 4.958871841430664
v 0.10278891026973724 -0.8641301393508911 4.9525017738342285
v 0.09406234323978424 -0.8641610741615295 4.943653583526611
v 0.12037760019302368 -0.865013599395752 4.973257064819336
v 0.11120496690273285 -0.864239513874054 4.962610721588135
v 0.11282424628734589 -0.836305558681488 4.963949203491211
v 0.12036697566509247 -0.8649212718009949 4.988583087921143
v 0.11361455917358398 -0.8670544028282166 5.008656024932861
v 0.06661717593669891 -0.8711089491844177 5.0112690925598145
v 0.07137009501457214 -0.8687139749526978 4.969659328460693
v 0.13496151566505432 -0.9299411177635193 5.162081718444824
v 0.1331799477338791 -0.9260432720184326 5.161004543304443
v 0.129036083817482 -0.9261921048164368 5.162777900695801
v 0.1286146491765976 -0.9305427074432373 5.1639275550842285
v 0.09914626181125641 -0.9314629435539246 5.178497314453125
v 0.09635119140148163 -0.9219672679901123 5.179472923278809
v 0.08832432329654694 -0.9245871901512146 5.178666114807129
v 0.08839252591133118 -0.9358797669410706 5.178674697875977
v 0.11605046689510345 -0.930529773235321 5.174341201782227
v 0.11674971878528595 -0.9343557953834534 5.171930313110352
v 0.12137357890605927 -0.9339137077331543 5.170194149017334
v 0.12309916317462921 -0.9298297166824341 5.171778202056885
v 0.15107585489749908 -0.9299518465995789 5.128736972808838
v 0.15128952264785767 -0.9350917339324951 5.128332138061523
v 0.15510982275009155 -0.9347956776618958 5.125818252563477
v 0.1560623198747635 -0.9304988384246826 5.124827861785889
v 0.14048613607883453 -0.9314804673194885 5.150435924530029
v 0.14077310264110565 -0.9359809160232544 5.1476850509643555
v 0.14437519013881683 -0.9352806806564331 5.144925594329834
v 0.145978644490242 -0.9319024682044983 5.146224021911621
v 0.09537549316883087 -0.9228267669677734 5.155623912811279
v 0.0815267413854599 -0.9238308072090149 5.15592098236084
v 0.08495929092168808 -0.9249684810638428 5.169131278991699
v 0.09672121703624725 -0.9211066365242004 5.169360160827637
v 0.07968252152204514 -0.9348771572113037 5.168644905090332
v 0.07567597180604935 -0.9353677034378052 5.152764797210693
v 0.08344227075576782 -0.9425427913665771 5.153298854827881
v 0.08671293407678604 -0.9392359256744385 5.166457176208496
v 0.09646554291248322 -0.9404000639915466 5.153627872467041
v 0.09834125638008118 -0.9374037384986877 5.1653852462768555
v 0.10297238826751709 -0.9320021271705627 5.1549530029296875
v 0.10611759126186371 -0.9286758303642273 5.168567657470703
v 0.12127260863780975 -0.9292598962783813 5.15327787399292
v 0.11561928689479828 -0.9227626919746399 5.153295993804932
v 0.11986187100410461 -0.9238205552101135 5.165651798248291
v 0.12578897178173065 -0.9289861917495728 5.163593292236328
v 0.10531993210315704 -0.9237793684005737 5.156580448150635
v 0.11208967864513397 -0.9244628548622131 5.167942523956299
v 0.10313491523265839 -0.9339044094085693 5.159054279327393
v 0.10812053084373474 -0.9390872120857239 5.155228137969971
v 0.11290396749973297 -0.9358294606208801 5.165850639343262
v 0.10778917372226715 -0.931014895439148 5.169829845428467
v 0.11705885827541351 -0.9374064207077026 5.152811527252197
v 0.12117721140384674 -0.9354792237281799 5.163686275482178
v 0.13119329512119293 -0.9229075312614441 5.143975734710693
v 0.1215713769197464 -0.9240370392799377 5.147827625274658
v 0.12604838609695435 -0.9258460402488708 5.157073020935059
v 0.13342179358005524 -0.9247742295265198 5.154504776000977
v 0.12273265421390533 -0.9334830045700073 5.1601033210754395
v 0.1194383054971695 -0.9336909055709839 5.150829792022705
v 0.12459805607795715 -0.9378265142440796 5.147258281707764
v 0.12792573869228363 -0.9359857439994812 5.156766891479492
v 0.13336755335330963 -0.936565101146698 5.144127368927002
v 0.13493724167346954 -0.9355382919311523 5.154965400695801
v 0.13683564960956573 -0.9285761713981628 5.144689083099365
v 0.13856767117977142 -0.9292307496070862 5.153450965881348
v 0.14868316054344177 -0.9296830892562866 5.1286492347717285
v 0.1444420963525772 -0.9234221577644348 5.12844181060791
v 0.14578960835933685 -0.9258121848106384 5.139153003692627
v 0.14854387938976288 -0.9316568374633789 5.138448715209961
v 0.13756923377513885 -0.9241502285003662 5.134128570556641
v 0.14023803174495697 -0.9254048466682434 5.141812801361084
v 0.13573499023914337 -0.9301469922065735 5.144567012786865
v 0.13551096618175507 -0.929449200630188 5.138212203979492
v 0.13808928430080414 -0.937691330909729 5.134826183319092
v 0.1383988857269287 -0.9374154806137085 5.143126010894775
v 0.14573721587657928 -0.9375503659248352 5.130162715911865
v 0.14550401270389557 -0.937262773513794 5.140414237976074
v 0.15544916689395905 -0.9250754117965698 5.1111040115356445
v 0.15641047060489655 -0.9256104230880737 5.119339942932129
v 0.1583278924226761 -0.9312628507614136 5.118546485900879
v 0.1575060933828354 -0.9319542646408081 5.108984470367432
v 0.14959871768951416 -0.9240192770957947 5.116437911987305
v 0.15054620802402496 -0.9253569841384888 5.122796058654785
v 0.14727018773555756 -0.9304631352424622 5.125399589538574
v 0.14833423495292664 -0.9290722012519836 5.119187355041504
v 0.14863274991512299 -0.9378443956375122 5.117923259735107
v 0.14882242679595947 -0.9369051456451416 5.123395919799805
v 0.1541636735200882 -0.9376333355903625 5.112454414367676
v 0.15530800819396973 -0.9371138215065002 5.121001243591309
v 0.09681378304958344 -0.9247809052467346 5.1420674324035645
v 0.07895390689373016 -0.923206627368927 5.14059591293335
v 0.09002463519573212 -0.9369189143180847 5.174785137176514
v 0.07332620769739151 -0.9365530610084534 5.138216972351074
v 0.09653539955615997 -0.9358258843421936 5.174156188964844
v 0.0981496125459671 -0.9424653649330139 5.141251564025879
v 0.08165518939495087 -0.9450328350067139 5.138774871826172
v 0.10064364969730377 -0.933495283126831 5.150023937225342
v 0.12058375775814056 -0.924940288066864 5.171050071716309
v 0.1170317679643631 -0.9410673379898071 5.137625694274902
v 0.11782579123973846 -0.9330556988716125 5.145331859588623
v 0.11579151451587677 -0.9252302050590515 5.17210054397583
v 0.11439873278141022 -0.9232751131057739 5.137294292449951
v 0.1301436871290207 -0.9244343042373657 5.126464366912842
v 0.1306106299161911 -0.9343084096908569 5.162050724029541
v 0.13420550525188446 -0.9344974160194397 5.161307334899902
v 0.13368116319179535 -0.940468430519104 5.128231048583984
v 0.1356697529554367 -0.9290822148323059 5.135564804077148
v 0.14543889462947845 -0.9272595047950745 5.14527702331543
v 0.14577601850032806 -0.9404538869857788 5.115133285522461
v 0.14834843575954437 -0.9296976923942566 5.120140552520752
v 0.1416916698217392 -0.9275707006454468 5.147385597229004
v 0.14414460957050323 -0.9238967299461365 5.113427639007568
v 0.15431097149848938 -0.9284873008728027 5.125473976135254
v 0.1531074196100235 -0.941046953201294 5.1030426025390625
v 0.1569860875606537 -0.9340035915374756 5.098042011260986
v 0.15164561569690704 -0.9275233745574951 5.127220630645752
v 0.15386120975017548 -0.9249655604362488 5.100955009460449
v 0.07727417349815369 -0.8475455641746521 5.017437934875488
v 0.07657349109649658 -0.8225911259651184 5.016812801361084
v 0.08800540864467621 -0.8234019875526428 5.022029399871826
v 0.08815309405326843 -0.8480533957481384 5.021873474121094
v 0.10080669820308685 -0.8462384343147278 5.020276069641113
v 0.07648292928934097 -0.8703085780143738 5.023504734039307
v 0.08853593468666077 -0.86954265832901 5.026754856109619
v 0.10076160728931427 -0.8694197535514832 5.022091865539551
v 0.12548421323299408 -0.8861890435218811 4.985109329223633
v 0.12258857488632202 -0.8856142163276672 4.969592571258545
v 0.11259956657886505 -0.8854504227638245 4.958274841308594
v 0.10432480275630951 -0.8860129117965698 4.948057174682617
v 0.0938427597284317 -0.8867567777633667 4.9391021728515625
v 0.06527043133974075 -0.8915539979934692 5.017960548400879
v 0.07479144632816315 -0.8882673382759094 5.034603595733643
v 0.0881105363368988 -0.886009693145752 5.040109634399414
v 0.10268658399581909 -0.8865786790847778 5.032854080200195
v 0.07192817330360413 -0.9221139550209045 5.124289035797119
v 0.08962950110435486 -0.9180651307106018 5.123538494110107
v 0.08324998617172241 -0.9135686159133911 5.10490608215332
v 0.06977973878383636 -0.9241645932197571 5.10359525680542
v 0.10681924223899841 -0.9195326566696167 5.118697643280029
v 0.10090552270412445 -0.9121143221855164 5.098460674285889
v 0.12272356450557709 -0.920471727848053 5.108543395996094
v 0.11670294404029846 -0.915886640548706 5.090827941894531
v 0.13757602870464325 -0.922466516494751 5.097947597503662
v 0.131166011095047 -0.9195113778114319 5.079801082611084
v 0.15056173503398895 -0.925425112247467 5.0880208015441895
v 0.14462892711162567 -0.9258484840393066 5.071511745452881
v 0.15697650611400604 -0.9354305863380432 5.084962844848633
v 0.15259982645511627 -0.9355883002281189 5.067528247833252
v 0.06752724200487137 -0.9388412833213806 5.122344493865967
v 0.06719470024108887 -0.9395204782485962 5.100961685180664
v 0.07795140147209167 -0.9493614435195923 5.120586395263672
v 0.07750409841537476 -0.9522638320922852 5.100152969360352
v 0.094405397772789 -0.9484171271324158 5.118391036987305
v 0.09231318533420563 -0.9514420628547668 5.096444606781006
v 0.14867810904979706 -0.9468913078308105 5.069684028625488
v 0.1520075798034668 -0.9454339146614075 5.0880961418151855
v 0.1119166761636734 -0.9471035003662109 5.112051486968994
v 0.10907648503780365 -0.9495706558227539 5.090032577514648
v 0.12799639999866486 -0.9475186467170715 5.104569911956787
v 0.12477149069309235 -0.9498947262763977 5.082676410675049
v 0.14124083518981934 -0.9472020268440247 5.09537935256958
v 0.13814537227153778 -0.9501118659973145 5.075891494750977
v 0.07735235244035721 -0.9103741645812988 5.080669403076172
v 0.09519858658313751 -0.9031115770339966 5.077852249145508
v 0.1104913055896759 -0.9078826904296875 5.068337440490723
v 0.12520208954811096 -0.9145541191101074 5.058527946472168
v 0.1386604756116867 -0.9237829446792603 5.050017833709717
v 0.1473827362060547 -0.9335946440696716 5.045325756072998
v 0.12372687458992004 -0.9061029553413391 5.031480312347412
v 0.13373421132564545 -0.9232316017150879 5.024669647216797
v 0.14012224972248077 -0.9340434074401855 5.023311614990234
v 0.1350988745689392 -0.9347749352455139 5.000227451324463
v 0.13181732594966888 -0.9221504926681519 4.998837471008301
v 0.12379181385040283 -0.9241806864738464 4.959758281707764
v 0.1279781460762024 -0.9224673509597778 4.976796627044678
v 0.1322646141052246 -0.9356710314750671 4.977513790130615
v 0.12825657427310944 -0.9387605786323547 4.959949970245361
v 0.12565188109874725 -0.9061384201049805 5.004013538360596
v 0.1242440789937973 -0.9054306745529175 4.981325626373291
v 0.1194334477186203 -0.9048778414726257 4.964406490325928
v 0.11260108649730682 -0.9410016536712646 4.9392242431640625
v 0.11122521758079529 -0.9246993064880371 4.936700820922852
v 0.11897546052932739 -0.9251004457473755 4.9478888511657715
v 0.12249891459941864 -0.9401178359985352 4.9478020668029785
v 0.09671421349048615 -0.9438549876213074 4.934943199157715
v 0.09571252763271332 -0.9274357557296753 4.931110382080078
v 0.08027440309524536 -0.9302488565444946 4.9418816566467285
v 0.08105789870023727 -0.9458154439926147 4.94442081451416
v 0.10714133083820343 -0.9050692319869995 4.942460536956787
v 0.11381866037845612 -0.9049531817436218 4.952351093292236
v 0.09490926563739777 -0.9065432548522949 4.935724258422852
v 0.08167241513729095 -0.9086527228355408 4.943247318267822
v 0.07322145253419876 -0.9307008981704712 4.960256099700928
v 0.07485362142324448 -0.9104092717170715 4.961154937744141
v 0.07275969535112381 -0.945679247379303 4.961366653442383
v 0.06908971071243286 -0.9252879023551941 5.0782976150512695
v 0.07026183605194092 -0.937957227230072 5.075433254241943
v 0.1069621592760086 -0.8972304463386536 5.049161434173584
v 0.09020203351974487 -0.8949351906776428 5.057222843170166
v 0.07303966581821442 -0.9036425352096558 5.0522990226745605
v 0.06672649085521698 -0.9249678254127502 5.0515360832214355
v 0.07207455486059189 -0.9380576014518738 5.048893928527832
v 0.06600376963615417 -0.9273537397384644 5.0272111892700195
v 0.07294592261314392 -0.9388620853424072 5.026269435882568
v 0.07857695966959 -0.9478768706321716 5.074265480041504
v 0.08064255118370056 -0.9440536499023438 5.047337055206299
v 0.08045835047960281 -0.9440159797668457 5.023056983947754
v 0.06627171486616135 -0.9287434220314026 5.006087303161621
v 0.07139546424150467 -0.9404856562614441 5.005024433135986
v 0.06946810334920883 -0.9287489652633667 4.9877142906188965
v 0.07118511945009232 -0.9422601461410522 4.989084720611572
v 0.07129228115081787 -0.9440513849258423 4.976041793823242
v 0.07184969633817673 -0.9293851852416992 4.9737138748168945
v 0.06950922310352325 -0.9105889201164246 4.9850029945373535
v 0.07247722893953323 -0.9095556139945984 4.97227668762207
v 0.06632872670888901 -0.9111664295196533 5.0017571449279785
v 0.06466612219810486 -0.9095903635025024 5.025261878967285
v 0.1446879506111145 -0.9459222555160522 5.0483198165893555
v 0.13924215734004974 -0.9444589614868164 5.025691986083984
v 0.133210688829422 -0.943812906742096 5.002504825592041
v 0.1293199211359024 -0.9467248916625977 4.98022985458374
v 0.12350389361381531 -0.9497851133346558 4.963544845581055
v 0.11770851910114288 -0.9513084888458252 4.95301628112793
v 0.10935202240943909 -0.95205157995224 4.946201324462891
v 0.0962996780872345 -0.9526182413101196 4.943910121917725
v 0.08472589403390884 -0.9539519548416138 4.949997425079346
v 0.07910794019699097 -0.9549564123153687 4.9642653465271
v 0.07759439945220947 -0.9542904496192932 4.976459980010986
v 0.07874948531389236 -0.9479714035987854 5.004089832305908
v 0.07740570604801178 -0.9519798159599304 4.988861083984375
v 0.06270140409469604 -0.892611563205719 4.997899055480957
v 0.06627097725868225 -0.8917272686958313 4.981724739074707
v 0.07063581049442291 -0.8904005885124207 4.970333576202393
v 0.08199887722730637 -0.8881892561912537 4.945997714996338
v 0.0756167620420456 -0.8891161680221558 4.960429668426514
v 0.09161075949668884 -0.9507232308387756 5.070981025695801
v 0.10737016797065735 -0.949411153793335 5.064542770385742
v 0.12238506972789764 -0.9495871067047119 5.057928562164307
v 0.13492506742477417 -0.9497268199920654 5.0528717041015625
v 0.13125447928905487 -0.9485965371131897 5.0289692878723145
v 0.11966203153133392 -0.9488869905471802 5.0328898429870605
v 0.10536162555217743 -0.9491451978683472 5.038509368896484
v 0.09130990505218506 -0.9474666714668274 5.044399261474609
v 0.12581992149353027 -0.9491396546363831 5.0071940422058105
v 0.11547838151454926 -0.9502038359642029 5.010796546936035
v 0.10232943296432495 -0.9503154754638672 5.014990329742432
v 0.09016740322113037 -0.9488381743431091 5.021049976348877
v 0.0874624252319336 -0.9525769948959351 5.000227451324463
v 0.09810549020767212 -0.9534389972686768 4.9947733879089355
v 0.1099940836429596 -0.9532172083854675 4.991614818572998
v 0.11985558271408081 -0.9515447020530701 4.98627233505249
v 0.11464716494083405 -0.9532635807991028 4.9694504737854
v 0.1054878681898117 -0.9546387195587158 4.976195812225342
v 0.09472344815731049 -0.9551711678504944 4.9796929359436035
v 0.08597394078969955 -0.9552657008171082 4.985491752624512
v 0.11046724021434784 -0.9544453024864197 4.961010456085205
v 0.09706389904022217 -0.95550537109375 4.95221471786499
v 0.10502423346042633 -0.9547901153564453 4.954072952270508
v 0.0893477350473404 -0.9564826488494873 4.955106258392334
v 0.086329884827137 -0.9568538665771484 4.964996814727783
v 0.08559099584817886 -0.9561378359794617 4.974117755889893
v 0.09288139641284943 -0.9559872150421143 4.963432312011719
v 0.09350375831127167 -0.9558432698249817 4.9709577560424805
v 0.10292841494083405 -0.9551005363464355 4.967035293579102
v 0.10022303462028503 -0.9553614854812622 4.960888385772705
v 0.09312114119529724 -0.955829918384552 4.958124160766602
v 0.09687770903110504 -0.9555980563163757 4.957037448883057
v 0.1157606691122055 -0.8895410895347595 5.0120744705200195
v -0.08651736378669739 0.4110281467437744 5.0456085205078125
v -0.07928620278835297 0.3615574836730957 5.00819730758667
v 0.055400997400283813 -0.5584647059440613 5.0919318199157715
v 0.06996183097362518 -0.5596306920051575 5.095409870147705
v 0.08605640381574631 -0.556931734085083 5.09752893447876
v 0.06905849277973175 -0.13685336709022522 5.108131408691406
v 0.012307628057897091 0.029582703486084938 5.131336688995361
v 0.01655445620417595 0.06681117415428162 5.1378397941589355
v 0.014213639311492443 0.04719012230634689 5.133701324462891
v 0.07413429021835327 -0.1630895435810089 5.117401123046875
v 0.058959439396858215 0.1037948727607727 5.097610950469971
v -0.06395518779754639 -0.1635860800743103 4.889308452606201
v -0.07813229411840439 0.32479408383369446 4.991177558898926
v 0.03297930955886841 0.23808971047401428 5.17784309387207
v -0.06608810275793076 -0.0779293030500412 4.884876728057861
v -0.013551627285778522 0.5501742362976074 5.115522384643555
v -0.016008341684937477 0.5487836599349976 5.115808010101318
v -0.01679237000644207 0.5455702543258667 5.114313125610352
v -0.018340878188610077 0.5442439317703247 5.111017227172852
v -0.0194590725004673 0.5425229668617249 5.107344627380371
v -0.02132834866642952 0.5419104099273682 5.104815483093262
v -0.016235340386629105 0.5466958284378052 5.111213684082031
v -0.01861787959933281 0.5495417714118958 5.109630107879639
v -0.016839122399687767 0.5492337346076965 5.111422538757324
v -0.015369581989943981 0.5483198165893555 5.112759590148926
v -0.07388878613710403 0.2631201446056366 5.172086238861084
v -0.07292468100786209 0.24587148427963257 5.176878452301025
v -0.07155164331197739 0.23302650451660156 5.1874823570251465
v -0.06996876001358032 0.21556290984153748 5.19064474105835
v -0.05658475309610367 0.47797074913978577 5.228854179382324
v -0.0702228918671608 -0.01944860629737377 5.150616645812988
v -0.06914544850587845 -0.009675688110291958 5.149785995483398
v -0.06825494021177292 0.07755306363105774 4.950381278991699
v -0.07052797824144363 -0.04302462935447693 5.1590142250061035
v -0.06792505085468292 0.0023930086754262447 5.1513848304748535
v -0.07191439718008041 0.21027091145515442 4.951265811920166
v -0.0682206079363823 0.19736993312835693 5.193212985992432
v -0.06986971944570541 -0.058058030903339386 5.1591925621032715
v -0.07614661008119583 0.2701038420200348 4.958841323852539
v -0.06627565622329712 0.01880609430372715 5.1565704345703125
v -0.06509821861982346 -0.1353050321340561 5.137325763702393
v -0.06395598500967026 0.07748699188232422 5.168483257293701
v -0.1117633655667305 0.5923043489456177 5.225776195526123
v -0.12371378391981125 0.5840611457824707 5.2186150550842285
v -0.11518748104572296 0.5741456747055054 5.225371360778809
v -0.10285219550132751 0.5789233446121216 5.231481552124023
v -0.1089838296175003 0.5654939413070679 5.2297844886779785
v -0.09801830351352692 0.5677760243415833 5.234504222869873
v -0.13185277581214905 0.5729885697364807 5.210109710693359
v -0.12388744950294495 0.5672760605812073 5.219107151031494
v -0.12919187545776367 0.5314839482307434 5.21140718460083
v -0.12790493667125702 0.5405487418174744 5.210268020629883
v -0.13510209321975708 0.538336455821991 5.203825950622559
v -0.13507714867591858 0.5260785818099976 5.202299118041992
v -0.126888707280159 0.5050889849662781 5.207509994506836
v -0.13021351397037506 0.49648717045783997 5.196702003479004
v -0.12249855697154999 0.48841676115989685 5.205191612243652
v -0.11877521127462387 0.49763622879981995 5.214950084686279
v -0.08336019515991211 0.5136958360671997 5.22777795791626
v -0.0870322585105896 0.5193469524383545 5.22732400894165
v -0.09263472259044647 0.5135109424591064 5.228728294372559
v -0.08824723958969116 0.5071951746940613 5.228741645812988
v -0.07388811558485031 0.5242316126823425 5.2306389808654785
v -0.06851983815431595 0.5277519822120667 5.235611438751221
v -0.07039579749107361 0.5333567261695862 5.231251239776611
v -0.07609888911247253 0.5291805267333984 5.2279052734375
v -0.07796420156955719 0.5089094042778015 5.227104663848877
v -0.0829969123005867 0.5020590424537659 5.226456642150879
v -0.07628236711025238 0.5154889822006226 5.2299418449401855
v -0.07897848635911942 0.5196520090103149 5.228450775146484
v -0.06996279209852219 0.5099156498908997 5.237775802612305
v -0.06607075035572052 0.5106425285339355 5.2415642738342285
v -0.06718899309635162 0.5161433219909668 5.243157863616943
v -0.07183168828487396 0.5145183205604553 5.236756801605225
v -0.07540812343358994 0.5087494254112244 5.23012638092041
v -0.07141418755054474 0.5059547424316406 5.230899810791016
v -0.0719490796327591 0.5081910490989685 5.233850002288818
v -0.07483133673667908 0.5119358897209167 5.233224868774414
v -0.07211185991764069 0.5195289850234985 5.233465194702148
v -0.06743551045656204 0.5219345092773438 5.238474369049072
v -0.06190210580825806 0.5236652493476868 5.244399547576904
v -0.061453480273485184 0.5161263942718506 5.247673988342285
v -0.09881211072206497 0.49356356263160706 5.2250447273254395
v -0.09285128116607666 0.490457683801651 5.225117206573486
v -0.08819519728422165 0.4961775839328766 5.2267165184021
v -0.09363915771245956 0.5005044341087341 5.228110313415527
v -0.0730266198515892 0.5031225085258484 5.228204250335693
v -0.07453867793083191 0.4876522123813629 5.229201793670654
v -0.0684359222650528 0.48917731642723083 5.231982707977295
v -0.06860914081335068 0.4929650127887726 5.231588363647461
v -0.07525735348463058 0.4915620982646942 5.229311466217041
v -0.10490729659795761 0.4790475070476532 5.216767311096191
v -0.10552433133125305 0.47127416729927063 5.213724613189697
v -0.09793227910995483 0.4722239077091217 5.217973709106445
v -0.09782107919454575 0.4785843789577484 5.220422744750977
v -0.09555233269929886 0.46670714020729065 5.216400623321533
v -0.10349570214748383 0.4636593759059906 5.2106852531433105
v -0.0927504450082779 0.45059534907341003 5.208825588226318
v -0.08545365929603577 0.4567653238773346 5.217077255249023
v -0.09123643487691879 0.4614070951938629 5.214991092681885
v -0.09883140027523041 0.4566551744937897 5.208697319030762
v -0.07264269888401031 0.46255233883857727 5.222663402557373
v -0.07828811556100845 0.4525046646595001 5.220686435699463
v -0.07034182548522949 0.44947585463523865 5.221816062927246
v -0.06637533009052277 0.46161243319511414 5.223410129547119
v -0.07450155913829803 0.48215046525001526 5.225687503814697
v -0.07425258308649063 0.48450252413749695 5.227643966674805
v -0.07884693890810013 0.4834360182285309 5.225339889526367
v -0.07881354540586472 0.4815993010997772 5.222941875457764
v -0.08317365497350693 0.4814288914203644 5.222480297088623
v -0.08298727869987488 0.4820879399776459 5.2235541343688965
v -0.08447932451963425 0.4825591742992401 5.223454475402832
v -0.08493055403232574 0.48109182715415955 5.221705913543701
v -0.08123736083507538 0.4815804064273834 5.2228827476501465
v -0.0821530669927597 0.4804176986217499 5.221728324890137
v -0.07977505028247833 0.4798513352870941 5.223372459411621
v -0.07579111307859421 0.4792478382587433 5.225273609161377
v -0.06161888688802719 0.4780813753604889 5.229753494262695
v -0.061326466500759125 0.4823715388774872 5.227721691131592
v -0.06459411233663559 0.4822515547275543 5.227550506591797
v -0.06545424461364746 0.47807225584983826 5.228577136993408
v -0.08271864056587219 0.48400214314460754 5.224161148071289
v -0.07968895137310028 0.48588916659355164 5.227203369140625
v -0.08103132992982864 0.48885300755500793 5.227871417999268
v -0.08493521064519882 0.48570504784584045 5.224642276763916
v -0.08808065205812454 0.4878253638744354 5.224658012390137
v -0.09058218449354172 0.48388221859931946 5.222648620605469
v -0.08691733330488205 0.4832319915294647 5.2226715087890625
v -0.08400024473667145 0.479413777589798 5.221320629119873
v -0.08764012157917023 0.48034265637397766 5.220909118652344
v -0.08695116639137268 0.47756460309028625 5.219550609588623
v -0.08461355417966843 0.47482481598854065 5.220158100128174
v -0.08155549317598343 0.47772374749183655 5.221985816955566
v -0.07770238816738129 0.47635403275489807 5.224555015563965
v -0.08069135248661041 0.47240689396858215 5.2220916748046875
v -0.07524338364601135 0.4705063998699188 5.224035739898682
v -0.07240322977304459 0.4750154912471771 5.22717809677124
v -0.08366631716489792 0.492188423871994 5.226500988006592
v -0.09194352477788925 0.47952768206596375 5.220950603485107
v -0.09590200334787369 0.4849523603916168 5.222603797912598
v -0.09163874387741089 0.4749126136302948 5.219430923461914
v -0.08924853056669235 0.47075334191322327 5.218384265899658
v -0.07933446764945984 0.4644993245601654 5.221599102020264
v -0.08513756841421127 0.46729835867881775 5.219973564147949
v -0.0840582624077797 0.44498303532600403 5.210770130157471
v -0.07476240396499634 0.44122716784477234 5.21187162399292
v -0.10482605546712875 0.5588645935058594 5.229973316192627
v -0.09583857655525208 0.559974193572998 5.232008457183838
v -0.10556792467832565 0.5512207746505737 5.226745128631592
v -0.10141842067241669 0.5521958470344543 5.228092193603516
v -0.1021704375743866 0.5547165870666504 5.22843599319458
v -0.10752150416374207 0.5535340905189514 5.2268781661987305
v -0.12137135118246078 0.5432108044624329 5.215343475341797
v -0.1225818321108818 0.5363162159919739 5.214415073394775
v -0.11629390716552734 0.5413223505020142 5.217203617095947
v -0.11575186997652054 0.5451167225837708 5.217702865600586
v -0.10683935880661011 0.5338731408119202 5.22230339050293
v -0.10449642688035965 0.5409998893737793 5.224103927612305
v -0.1079966351389885 0.5417804718017578 5.222413063049316
v -0.11178374290466309 0.5351606607437134 5.220732688903809
v -0.10033811628818512 0.5405243635177612 5.2247633934021
v -0.1014796793460846 0.5342539548873901 5.2243266105651855
v -0.09631486982107162 0.5354877710342407 5.224851608276367
v -0.09603714197874069 0.5409311652183533 5.225133419036865
v -0.095297671854496 0.5557289719581604 5.228121280670166
v -0.0957905575633049 0.5530697107315063 5.228526592254639
v -0.08982391655445099 0.5527231097221375 5.22597599029541
v -0.08839500695466995 0.5558521151542664 5.226625442504883
v -0.08096209168434143 0.5466113090515137 5.220174789428711
v -0.07771065831184387 0.5462707281112671 5.220499038696289
v -0.0783390998840332 0.5502347946166992 5.220556259155273
v -0.0816848948597908 0.5488541126251221 5.22035551071167
v -0.08184721320867538 0.5446494817733765 5.219660758972168
v -0.07972480356693268 0.5432534217834473 5.2212138175964355
v -0.10532569885253906 0.6152582168579102 5.221712112426758
v -0.12153175473213196 0.6065347194671631 5.215388298034668
v -0.09671875089406967 0.5983030200004578 5.23063850402832
v -0.133045956492424 0.5943964123725891 5.206841468811035
v -0.14099006354808807 0.5797399282455444 5.200746059417725
v -0.1250896155834198 0.47984227538108826 5.197774410247803
v -0.11532586812973022 0.47360923886299133 5.206473350524902
v -0.11360616981983185 0.4826134145259857 5.212764739990234
v -0.12392009794712067 0.46988633275032043 5.190616130828857
v -0.11355210840702057 0.46390268206596375 5.201645851135254
v -0.09993048012256622 0.44800254702568054 5.19496488571167
v -0.10856844484806061 0.4548904001712799 5.197338581085205
v -0.13334250450134277 0.47882774472236633 5.178350925445557
v -0.13099166750907898 0.47169312834739685 5.169827938079834
v -0.11964122951030731 0.46046891808509827 5.183223724365234
v -0.13912823796272278 0.4859035313129425 5.15869665145874
v -0.1381826251745224 0.48348793387413025 5.150015354156494
v -0.12757673859596252 0.4641079604625702 5.157495498657227
v -0.1104394793510437 0.430016428232193 5.157516002655029
v -0.12445224076509476 0.43422627449035645 5.149435997009277
v -0.12568818032741547 0.42158007621765137 5.1447906494140625
v -0.11261609196662903 0.4173266589641571 5.15573263168335
v -0.13354015350341797 0.4875768721103668 5.186861038208008
v -0.13955442607402802 0.5490946769714355 5.197546482086182
v -0.1412675380706787 0.5359084606170654 5.194606304168701
v -0.13269467651844025 0.5492205619812012 5.207026958465576
v -0.152632474899292 0.6108214855194092 5.178586006164551
v -0.15787829458713531 0.5933057069778442 5.17595911026001
v -0.14979733526706696 0.5870738625526428 5.188794136047363
v -0.14358985424041748 0.6039356589317322 5.194736957550049
v -0.12585851550102234 0.6454586982727051 5.179141044616699
v -0.14074423909187317 0.6300450563430786 5.179382801055908
v -0.13145717978477478 0.6202301383018494 5.200582027435303
v -0.1161724254488945 0.6325213313102722 5.203850746154785
v -0.16378948092460632 0.5955803990364075 5.160881996154785
v -0.15964707732200623 0.6140277981758118 5.157364845275879
v -0.1659288853406906 0.6102849245071411 5.136590957641602
v -0.16869987547397614 0.5951878428459167 5.145625114440918
v -0.14965805411338806 0.6331290602684021 5.152466773986816
v -0.15743684768676758 0.629783034324646 5.127577304840088
v -0.1421240121126175 0.48786816000938416 5.14048433303833
v -0.13748137652873993 0.46915802359580994 5.140613079071045
v -0.13457979261875153 0.45326051115989685 5.140708923339844
v -0.12384574115276337 0.44865742325782776 5.15403413772583
v -0.14251002669334412 0.643401026725769 5.119823932647705
v -0.13463179767131805 0.6494522094726562 5.148876190185547
v -0.16634678840637207 0.5723289847373962 5.098516464233398
v -0.16899697482585907 0.5627545714378357 5.113184452056885
v -0.17095455527305603 0.5769784450531006 5.1219353675842285
v -0.16832472383975983 0.5895489454269409 5.106189727783203
v -0.1604854315519333 0.5823124051094055 5.081236362457275
v -0.16228686273097992 0.6021997928619385 5.09053373336792
v -0.15024049580097198 0.5183476209640503 5.093532085418701
v -0.14688809216022491 0.5210399031639099 5.079294681549072
v -0.13654042780399323 0.504037082195282 5.085065841674805
v -0.1398930549621582 0.5019711852073669 5.098055362701416
v -0.11727681756019592 0.5613487362861633 5.2254252433776855
v -0.1222737729549408 0.5559486746788025 5.21999979019165
v -0.11605121940374374 0.5529060363769531 5.222723007202148
v -0.11150901764631271 0.5564228892326355 5.226794719696045
v -0.13657517731189728 0.5617374777793884 5.202585697174072
v -0.12940552830696106 0.5586322546005249 5.211505889892578
v -0.15168406069278717 0.5722562074661255 5.182287693023682
v -0.15898104012012482 0.5782788991928101 5.17177677154541
v -0.1681581288576126 0.5811859965324402 5.148735046386719
v -0.16423721611499786 0.5807564854621887 5.160842418670654
v -0.16789692640304565 0.5544795989990234 5.123540878295898
v -0.16912943124771118 0.5640369057655334 5.130448341369629
v -0.14656056463718414 0.49700960516929626 5.125936031341553
v -0.1431495100259781 0.49904176592826843 5.110764026641846
v -0.13721153140068054 0.48020270466804504 5.110822677612305
v -0.14087826013565063 0.4758147895336151 5.125377655029297
v -0.1287640780210495 0.48653528094291687 5.088968276977539
v -0.13230961561203003 0.48431798815727234 5.099503993988037
v -0.13571755588054657 0.4426613748073578 5.119615077972412
v -0.1330377608537674 0.4468148648738861 5.105978012084961
v -0.13418281078338623 0.43345728516578674 5.102723598480225
v -0.13473698496818542 0.4289900064468384 5.115674018859863
v -0.1279250681400299 0.4355071485042572 5.0913190841674805
v -0.1277507245540619 0.4496712386608124 5.094029426574707
v -0.12142544984817505 0.4508568346500397 5.08391809463501
v -0.12055795639753342 0.4355597496032715 5.07968282699585
v -0.08712723851203918 0.41347983479499817 5.165919780731201
v -0.09867943823337555 0.41513440012931824 5.161439895629883
v -0.10175573825836182 0.40339577198028564 5.159228324890137
v -0.08929657191038132 0.40246152877807617 5.162799835205078
v -0.13708338141441345 0.4176744520664215 5.112439155578613
v -0.1366317719221115 0.422958105802536 5.097477436065674
v -0.15196040272712708 0.5160722136497498 5.109217166900635
v -0.15402165055274963 0.5153807401657104 5.1202898025512695
v -0.1314930021762848 0.4248589873313904 5.084920406341553
v -0.13379323482513428 0.462025910615921 5.108157634735107
v -0.12858130037784576 0.4656907021999359 5.09751558303833
v -0.12291057407855988 0.4880009591579437 5.079200744628906
v -0.13030502200126648 0.5053143501281738 5.07469367980957
v -0.08162304013967514 0.5245789289474487 5.227259635925293
v -0.08669953048229218 0.5393475890159607 5.223981857299805
v -0.08284062147140503 0.5411328673362732 5.222867012023926
v -0.08424122631549835 0.5440370440483093 5.222574234008789
v -0.0875682607293129 0.5428454875946045 5.2232666015625
v -0.07559092342853546 0.5805963277816772 5.236191749572754
v -0.0892927497625351 0.5807099342346191 5.2348432540893555
v -0.08562275767326355 0.5670715570449829 5.235629081726074
v -0.07280987501144409 0.5636497139930725 5.2334885597229
v -0.11264219880104065 0.5094519853591919 5.2229838371276855
v -0.10554942488670349 0.49949219822883606 5.225230693817139
v -0.09887522459030151 0.5068008899688721 5.228094577789307
v -0.10264139622449875 0.5157878398895264 5.2277326583862305
v -0.11216547340154648 0.5465270280838013 5.2204413414001465
v -0.11076457053422928 0.5481851100921631 5.222727298736572
v -0.11382413655519485 0.548611044883728 5.221426486968994
v -0.10230860114097595 0.486601859331131 5.220820426940918
v -0.11026978492736816 0.4909619987010956 5.219122886657715
v -0.14002883434295654 0.5211646556854248 5.191462993621826
v -0.12539361417293549 0.549082338809967 5.213577747344971
v -0.10599122941493988 0.6568685173988342 5.178804397583008
v -0.09651678800582886 0.6413923501968384 5.2064995765686035
v -0.11601057648658752 0.6610376834869385 5.144805431365967
v -0.12415365874767303 0.6551641821861267 5.114421844482422
v -0.14955633878707886 0.6119669675827026 5.0767130851745605
v -0.13352201879024506 0.6222713589668274 5.067739486694336
v -0.1344527006149292 0.5979129672050476 5.055600166320801
v -0.1495843380689621 0.5901490449905396 5.067348957061768
v -0.13846085965633392 0.5242506265640259 5.065896034240723
v -0.11371669173240662 0.4534183442592621 5.075591564178467
v -0.11234991997480392 0.4365939199924469 5.071612358093262
v -0.08840356767177582 0.6206166744232178 5.223881721496582
v -0.0807504951953888 0.6001417636871338 5.233174800872803
v -0.14439323544502258 0.5658478140830994 5.192084312438965
v -0.12739674746990204 0.522411048412323 5.212527275085449
v -0.12248905003070831 0.5149529576301575 5.216104984283447
v -0.11782625317573547 0.5256674885749817 5.220763683319092
v -0.12164229899644852 0.5302130579948425 5.217249393463135
v -0.1321408599615097 0.5144156813621521 5.203651428222656
v -0.1362617313861847 0.5074101090431213 5.191722393035889
v -0.14061567187309265 0.5007515549659729 5.176723480224609
v -0.14019055664539337 0.49095627665519714 5.167239189147949
v -0.16817893087863922 0.6041901111602783 5.115776062011719
v -0.17063945531845093 0.589907169342041 5.131226539611816
v -0.14785246551036835 0.6303215026855469 5.095104694366455
v -0.16146434843540192 0.6186338067054749 5.104919910430908
v -0.17013856768608093 0.5786147117614746 5.13559627532959
v -0.13016408681869507 0.6412283778190613 5.087084770202637
v -0.06864581257104874 0.4972604215145111 5.2311882972717285
v -0.06746101379394531 0.5013456344604492 5.231122970581055
v -0.07666978240013123 0.49718359112739563 5.228806972503662
v -0.06699356436729431 0.47381630539894104 5.2277374267578125
v -0.06947612762451172 0.46931853890419006 5.225647449493408
v -0.06409622728824615 0.4688169062137604 5.224936008453369
v -0.06238534674048424 0.4735022485256195 5.228266716003418
v -0.07843589782714844 0.43918558955192566 5.197072982788086
v -0.08887947350740433 0.44277188181877136 5.196308135986328
v -0.08569888770580292 0.4238526225090027 5.169271945953369
v -0.09701799601316452 0.42583534121513367 5.164838790893555
v -0.06667590141296387 0.5089175701141357 5.235948085784912
v -0.06760883331298828 0.5082891583442688 5.234127521514893
v -0.0656292587518692 0.5086311101913452 5.233585357666016
v -0.0651688501238823 0.5092466473579407 5.235584735870361
v -0.08144021779298782 0.4827783405780792 5.22449254989624
v -0.06340386718511581 0.489430695772171 5.233065128326416
v -0.06376820057630539 0.4858446419239044 5.231077194213867
v -0.06068550422787666 0.4856707751750946 5.230724811553955
v -0.06032790616154671 0.488992840051651 5.231827735900879
v -0.1098710149526596 0.45034298300743103 5.176161766052246
v -0.10927717387676239 0.4419509470462799 5.1639533042907715
v -0.1322079747915268 0.4251798391342163 5.132322788238525
v -0.1333748698234558 0.4381287395954132 5.135440826416016
v -0.13759779930114746 0.45816776156425476 5.123331546783447
v -0.12377579510211945 0.4682805836200714 5.085666179656982
v -0.11703504621982574 0.4710405170917511 5.078458786010742
v -0.10841028392314911 0.47340038418769836 5.071787357330322
v -0.11418241262435913 0.49019381403923035 5.0709686279296875
v -0.0931796059012413 0.4411289393901825 5.1809468269348145
v -0.09535786509513855 0.43532729148864746 5.171186447143555
v -0.08413532376289368 0.4324922561645508 5.174732685089111
v -0.08165204524993896 0.4376731812953949 5.1842474937438965
v -0.061017315834760666 0.5063803791999817 5.235254287719727
v -0.06240124627947807 0.505515992641449 5.233619689941406
v -0.060315363109111786 0.5033939480781555 5.233259201049805
v -0.059225115925073624 0.5052421689033508 5.235882759094238
v -0.06868123263120651 0.5066697001457214 5.2321343421936035
v -0.06673382967710495 0.5039742588996887 5.230921268463135
v -0.06650038063526154 0.5059042572975159 5.231553077697754
v -0.06902619451284409 0.5075592994689941 5.2336106300354
v -0.06781604140996933 0.5086806416511536 5.236328125
v -0.06220867112278938 0.5091972351074219 5.2398295402526855
v -0.06077985838055611 0.5092549920082092 5.244883060455322
v -0.06528974324464798 0.5091371536254883 5.239034652709961
v -0.06313157826662064 0.5077658295631409 5.235170364379883
v -0.06381655484437943 0.5065268278121948 5.232198238372803
v -0.06600984930992126 0.5075173377990723 5.232322692871094
v -0.06761229038238525 0.5076518058776855 5.232828617095947
v -0.06306138634681702 0.5094478726387024 5.23865270614624
v -0.06509041786193848 0.5093465447425842 5.2378010749816895
v -0.06293631345033646 0.5301629304885864 5.239680767059326
v -0.0767633244395256 0.4227190315723419 5.170926570892334
v -0.07519394159317017 0.4313594698905945 5.1758222579956055
v -0.0824039876461029 0.4816156327724457 5.2225661277771
v -0.0865817591547966 0.5594648718833923 5.230433464050293
v -0.11087241768836975 0.5237696766853333 5.224767684936523
v -0.08940611034631729 0.5255885720252991 5.227149486541748
v -0.09052050858736038 0.5314657688140869 5.225286483764648
v -0.09638885408639908 0.528518557548523 5.226202487945557
v -0.09543731063604355 0.5209086537361145 5.227563381195068
v -0.07815449684858322 0.556826114654541 5.226923942565918
v -0.07361805438995361 0.5519523620605469 5.2251057624816895
v -0.06821588426828384 0.5535014271736145 5.229583263397217
v -0.07288631796836853 0.5453862547874451 5.222646713256836
v -0.0759957805275917 0.540665864944458 5.2230424880981445
v -0.07270949333906174 0.5376617908477783 5.226599216461182
v -0.06749308109283447 0.5440638661384583 5.229518890380859
v -0.1112217977643013 0.5513507127761841 5.224429130554199
v -0.1086626797914505 0.5498753190040588 5.225419998168945
v -0.0781722441315651 0.5333862900733948 5.225306034088135
v -0.08037449419498444 0.5370888710021973 5.22254753112793
v -0.08518389612436295 0.5343654751777649 5.224158763885498
v -0.08362208306789398 0.529296338558197 5.224909782409668
v -0.10300572961568832 0.5254361033439636 5.225317001342773
v -0.11890401691198349 0.5486816763877869 5.217921257019043
v -0.11491335928440094 0.5375957489013672 5.217868804931641
v -0.14999830722808838 0.5094632506370544 5.13372802734375
v -0.15588635206222534 0.5208294987678528 5.130607604980469
v -0.14720773696899414 0.5005068182945251 5.151455879211426
v -0.14744624495506287 0.5026138424873352 5.147730827331543
v -0.14221328496932983 0.49732956290245056 5.147587776184082
v -0.14355795085430145 0.4960609972476959 5.152386665344238
v -0.1656004786491394 0.5519134998321533 5.145016670227051
v -0.1642051786184311 0.551791250705719 5.148507595062256
v -0.164746955037117 0.5583890676498413 5.150391101837158
v -0.16660292446613312 0.5581702589988708 5.142091274261475
v -0.1624918431043625 0.5533018112182617 5.154287338256836
v -0.16142770648002625 0.5496811270713806 5.154588222503662
v -0.16040624678134918 0.5488500595092773 5.157886981964111
v -0.1620023399591446 0.5561923980712891 5.157310962677002
v -0.15811887383460999 0.5530014634132385 5.163944721221924
v -0.15849581360816956 0.5642016530036926 5.168000221252441
v -0.16313670575618744 0.5675190687179565 5.159402370452881
v -0.1468629240989685 0.5486735701560974 5.184419631958008
v -0.15252992510795593 0.558313250541687 5.1758809089660645
v -0.15353311598300934 0.5472971200942993 5.167228698730469
v -0.1506310999393463 0.5385800004005432 5.170519828796387
v -0.14513380825519562 0.5057748556137085 5.163806915283203
v -0.14454834163188934 0.49898335337638855 5.158231258392334
v -0.1450623869895935 0.501418948173523 5.141096115112305
v -0.15719854831695557 0.561453104019165 5.0777363777160645
v -0.16393382847309113 0.5543297529220581 5.09384822845459
v -0.16571499407291412 0.5477149486541748 5.108336448669434
v -0.16486422717571259 0.5428400039672852 5.1204352378845215
v -0.14912934601306915 0.5699635744094849 5.063777923583984
v -0.13690099120140076 0.5719028115272522 5.053962230682373
v -0.14623020589351654 0.5318520069122314 5.182266712188721
v -0.1483267843723297 0.5275335907936096 5.169826030731201
v -0.15845626592636108 0.5355478525161743 5.091830730438232
v -0.15307386219501495 0.5406940579414368 5.075953960418701
v -0.15982434153556824 0.5316491723060608 5.106706142425537
v -0.16028358042240143 0.5301083326339722 5.119184494018555
v -0.14450843632221222 0.5493074655532837 5.0621867179870605
v -0.12999257445335388 0.5483993291854858 5.0521697998046875
v -0.12558357417583466 0.525761067867279 5.056779861450195
v -0.15167154371738434 0.5087435245513916 5.155364990234375
v -0.15177419781684875 0.5030819177627563 5.155155658721924
v -0.14841048419475555 0.5018976926803589 5.155722618103027
v -0.1486557126045227 0.5071626305580139 5.15889835357666
v -0.14716622233390808 0.5163661241531372 5.167603015899658
v -0.14368890225887299 0.5169775485992432 5.178068161010742
v -0.0647876039147377 0.5367785096168518 5.235297679901123
v -0.06306163966655731 0.4483499228954315 5.222416877746582
v -0.06137461215257645 0.4615229070186615 5.224024772644043
v -0.06334655731916428 0.4969012439250946 5.231904029846191
v -0.06343896687030792 0.4931894838809967 5.233007907867432
v -0.060359105467796326 0.49273714423179626 5.232913494110107
v -0.06030472368001938 0.4962468445301056 5.231528282165527
v -0.08221399784088135 0.5539565682411194 5.223884105682373
v -0.11998210102319717 0.5074819922447205 5.065049171447754
v -0.10493972897529602 0.455900102853775 5.070198059082031
v -0.10288917273283005 0.43893203139305115 5.067224979400635
v -0.12316063791513443 0.4249092936515808 5.075107574462891
v -0.11320788413286209 0.42471399903297424 5.067243576049805
v -0.06015421822667122 0.4999602735042572 5.231698989868164
v -0.06304288655519485 0.5005843639373779 5.231966018676758
v -0.062769815325737 0.5088404417037964 5.236340045928955
v -0.06854764372110367 0.4853399693965912 5.229887962341309
v -0.06398467719554901 0.5054272413253784 5.232623100280762
v -0.06312709301710129 0.5034778714179993 5.232829570770264
v -0.05817591771483421 0.5029726624488831 5.233892917633057
v -0.058613065630197525 0.4996947944164276 5.231682300567627
v -0.09115299582481384 0.5372186899185181 5.224340915679932
v -0.09154228866100311 0.5418678522109985 5.225062847137451
v -0.060843054205179214 0.507877767086029 5.238558769226074
v -0.05909891426563263 0.5068123936653137 5.240671634674072
v -0.11539963632822037 0.4053739905357361 5.151828289031982
v -0.12716782093048096 0.4091838598251343 5.140624046325684
v -0.05858990177512169 0.4855898320674896 5.2300004959106445
v -0.05834466218948364 0.48908254504203796 5.232250213623047
v -0.15250036120414734 0.5330983996391296 5.162955284118652
v -0.15479521453380585 0.5401803255081177 5.161349296569824
v -0.15710458159446716 0.5361957550048828 5.156826019287109
v -0.15469321608543396 0.5301121473312378 5.157251358032227
v -0.07799164205789566 0.4128560721874237 5.166865825653076
v -0.1340487152338028 0.4127645194530487 5.125948429107666
v -0.10242898762226105 0.42573896050453186 5.06182336807251
v -0.11073913425207138 0.5430728793144226 5.220830917358398
v -0.11202466487884521 0.5447025895118713 5.219487190246582
v -0.08491896837949753 0.551429271697998 5.223010540008545
v -0.07047484070062637 0.478566437959671 5.227931976318359
v -0.06910698115825653 0.4821402132511139 5.226890563964844
v -0.07284609228372574 0.43588879704475403 5.183367729187012
v -0.05753397196531296 0.504757821559906 5.236901760101318
v -0.1599264293909073 0.5442581176757812 5.151032447814941
v -0.15917474031448364 0.5405831336975098 5.150869369506836
v -0.16124162077903748 0.5394827127456665 5.152875900268555
v -0.16149063408374786 0.5425823330879211 5.154242515563965
v -0.16193540394306183 0.5451496243476868 5.159219264984131
v -0.16368693113327026 0.54835444688797 5.158040523529053
v -0.16500526666641235 0.5450562834739685 5.156475067138672
v -0.16324587166309357 0.5422921776771545 5.156015396118164
v -0.15827204287052155 0.5456581115722656 5.160848140716553
v -0.1596866399049759 0.5412470102310181 5.157970428466797
v -0.1666918396949768 0.5497190952301025 5.157610893249512
v -0.16656100749969482 0.5471146106719971 5.15532922744751
v -0.16301923990249634 0.550879180431366 5.151991844177246
v -0.16465438902378082 0.5512292981147766 5.1556901931762695
v -0.1670524626970291 0.5534140467643738 5.152283668518066
v -0.17002350091934204 0.55109041929245 5.154748439788818
v -0.17040880024433136 0.5537135004997253 5.146780014038086
v -0.17384320497512817 0.5507028102874756 5.150149822235107
v -0.17165131866931915 0.5508124828338623 5.141427516937256
v -0.17549218237400055 0.5482184886932373 5.143843173980713
v -0.1500120311975479 0.5148987770080566 5.160482883453369
v -0.15071316063404083 0.5165595412254333 5.153520584106445
v -0.17176099121570587 0.5450355410575867 5.137148857116699
v -0.17636632919311523 0.5435826778411865 5.140385150909424
v -0.17141859233379364 0.5379253625869751 5.1344733238220215
v -0.17571665346622467 0.5369641184806824 5.137447357177734
v -0.16995875537395477 0.5292953252792358 5.133098125457764
v -0.1735682338476181 0.5297200679779053 5.13605260848999
v -0.1676216721534729 0.5221164226531982 5.135305404663086
v -0.1711052656173706 0.522936224937439 5.137856960296631
v -0.163985937833786 0.5127560496330261 5.1375861167907715
v -0.16763214766979218 0.5158734917640686 5.140105724334717
v -0.17143310606479645 0.5466822981834412 5.143631935119629
v -0.1698986291885376 0.5491015315055847 5.147417068481445
v -0.1643221378326416 0.5488017797470093 5.142645835876465
v -0.16783025860786438 0.5494678616523743 5.153051376342773
v -0.15991099178791046 0.5359897017478943 5.143542289733887
v -0.1589173525571823 0.5339832901954651 5.142889022827148
v -0.16081401705741882 0.5339235067367554 5.146262168884277
v -0.1590786874294281 0.5367336869239807 5.144597053527832
v -0.15598058700561523 0.5286208987236023 5.1536664962768555
v -0.15540367364883423 0.5232800245285034 5.15256929397583
v -0.15375672280788422 0.523026704788208 5.15683126449585
v -0.15339131653308868 0.51961749792099 5.15083646774292
v -0.15311121940612793 0.5242334008216858 5.150247573852539
v -0.1531945765018463 0.5211883783340454 5.150407791137695
v -0.1527707725763321 0.5287031531333923 5.151198863983154
v -0.15391254425048828 0.5199464559555054 5.149113178253174
v -0.15434490144252777 0.5179910063743591 5.148967266082764
v -0.15305694937705994 0.5208193063735962 5.147305488586426
v -0.15258948504924774 0.5218926072120667 5.14945125579834
v -0.15200209617614746 0.5238794684410095 5.148531436920166
v -0.15290872752666473 0.5271420478820801 5.1466965675354
v -0.15161551535129547 0.5240885019302368 5.1617584228515625
v -0.1537417471408844 0.5154213905334473 5.1391472816467285
v -0.15839789807796478 0.5238279700279236 5.138052940368652
v -0.16333092749118805 0.5107706785202026 5.14542293548584
v -0.16025419533252716 0.5051741600036621 5.143218517303467
v -0.1542302370071411 0.5004472136497498 5.153468608856201
v -0.15713033080101013 0.5004885792732239 5.148326873779297
v -0.1632673740386963 0.5439633131027222 5.140344142913818
v -0.16289718449115753 0.5375915765762329 5.137183666229248
v -0.14986641705036163 0.5087279677391052 5.14385986328125
v -0.16154295206069946 0.5313410758972168 5.1369547843933105
v -0.16574124991893768 0.5194991230964661 5.141090393066406
v -0.1621398776769638 0.516236424446106 5.145237445831299
v -0.16912636160850525 0.5246296525001526 5.139795780181885
v -0.15469048917293549 0.5146298408508301 5.151500225067139
v -0.1587017923593521 0.5145968198776245 5.148951053619385
v -0.15949688851833344 0.5085343718528748 5.149180889129639
v -0.15557809174060822 0.5081504583358765 5.1528191566467285
v -0.16015905141830444 0.5198971033096313 5.1454691886901855
v -0.16401949524879456 0.5223591327667236 5.1433210372924805
v -0.15742109715938568 0.522301197052002 5.143920421600342
v -0.16101232171058655 0.5248377919197083 5.142352104187012
v -0.15525588393211365 0.5205274820327759 5.146764755249023
v -0.15686388313770294 0.5183759927749634 5.147676467895508
v -0.15425275266170502 0.5243322253227234 5.142061710357666
v -0.15794548392295837 0.5282580852508545 5.141691207885742
v -0.15317587554454803 0.5219427943229675 5.145622730255127
v -0.1641991138458252 0.527816891670227 5.142642021179199
v -0.1615077704191208 0.5310872793197632 5.142999649047852
v -0.16444070637226105 0.5338402390480042 5.1454315185546875
v -0.16667985916137695 0.5314705967903137 5.144178867340088
v -0.16718250513076782 0.5259906053543091 5.14218807220459
v -0.169638529419899 0.530487060546875 5.142551898956299
v -0.17046718299388885 0.5304503440856934 5.138116359710693
v -0.17067387700080872 0.5358346700668335 5.142482757568359
v -0.1716391146183014 0.5368296504020691 5.1390814781188965
v -0.16865777969360352 0.5353648066520691 5.144649028778076
v -0.16668997704982758 0.5360488891601562 5.146477222442627
v -0.1723433881998062 0.5426812171936035 5.141055583953857
v -0.17087765038013458 0.5406143069267273 5.143260955810547
v -0.17025478184223175 0.5442600846290588 5.14540958404541
v -0.16929329931735992 0.5390122532844543 5.145734786987305
v -0.16853363811969757 0.5418335795402527 5.14727783203125
v -0.16772617399692535 0.5383363366127014 5.147129535675049
v -0.1667587012052536 0.5396960973739624 5.147757053375244
v -0.16411946713924408 0.5467100739479065 5.152871131896973
v -0.1626298874616623 0.5451406240463257 5.154819011688232
v -0.16621506214141846 0.547343909740448 5.151543140411377
v -0.16473768651485443 0.5450298190116882 5.150861740112305
v -0.16365517675876617 0.5461686253547668 5.151273250579834
v -0.16217948496341705 0.5453616976737976 5.1519341468811035
v -0.16354265809059143 0.5428372025489807 5.150746822357178
v -0.16176913678646088 0.5411385893821716 5.149328231811523
v -0.09467006474733353 0.3758455514907837 5.1565961837768555
v -0.08367837220430374 0.374104380607605 5.156236171722412
v -0.08146858960390091 0.3873750567436218 5.160311222076416
v -0.09189900010824203 0.3893126845359802 5.15956449508667
v -0.16657888889312744 0.5435745716094971 5.14838981628418
v -0.1651701182126999 0.5411931872367859 5.149731159210205
v -0.16827188432216644 0.5465141534805298 5.147789001464844
v -0.16323956847190857 0.53753662109375 5.146280765533447
v -0.16399304568767548 0.5392815470695496 5.148724555969238
v -0.1652948409318924 0.537516176700592 5.147514820098877
v -0.1644020676612854 0.536415696144104 5.146887302398682
v -0.15615253150463104 0.5326772332191467 5.153554439544678
v -0.15518838167190552 0.5314989686012268 5.14911413192749
v -0.15609978139400482 0.5294477939605713 5.144776344299316
v -0.13125409185886383 0.36134663224220276 5.138221740722656
v -0.12630368769168854 0.3720841407775879 5.1385698318481445
v -0.14231674373149872 0.3786449730396271 5.129510402679443
v -0.14833779633045197 0.36976733803749084 5.128186225891113
v -0.14082007110118866 0.3345632553100586 5.146516799926758
v -0.16462287306785583 0.34308096766471863 5.134249210357666
v -0.15987154841423035 0.31830090284347534 5.146203517913818
v -0.14152167737483978 0.31374654173851013 5.150880336761475
v -0.1570480316877365 0.29731065034866333 5.154778003692627
v -0.14121104776859283 0.2940535545349121 5.157502174377441
v -0.15144862234592438 0.2413773238658905 5.178683280944824
v -0.13625620305538177 0.2405109405517578 5.1821794509887695
v -0.13801172375679016 0.25810569524765015 5.174046516418457
v -0.15329870581626892 0.25932109355926514 5.171104431152344
v -0.16735634207725525 0.16279104351997375 5.193933486938477
v -0.16080476343631744 0.14712411165237427 5.185631275177002
v -0.14775586128234863 0.15004150569438934 5.1918134689331055
v -0.1558779925107956 0.16424459218978882 5.1981964111328125
v -0.20827487111091614 0.2647555470466614 5.141846656799316
v -0.2132033258676529 0.2809382975101471 5.138782501220703
v -0.22045521438121796 0.2715321183204651 5.134788513183594
v -0.2146005481481552 0.25621330738067627 5.137363433837891
v -0.1860620528459549 0.382446825504303 5.099078178405762
v -0.17749781906604767 0.36519187688827515 5.117642402648926
v -0.16831578314304352 0.3726184070110321 5.1141252517700195
v -0.17702557146549225 0.38859885931015015 5.099035263061523
v -0.21055319905281067 0.18229633569717407 5.1489458084106445
v -0.20604832470417023 0.1699775606393814 5.155067443847656
v -0.2019580602645874 0.1764603555202484 5.164752960205078
v -0.2052208036184311 0.18857792019844055 5.160318374633789
v -0.1759752333164215 0.10899077355861664 5.120686054229736
v -0.17777913808822632 0.09137292206287384 5.115785121917725
v -0.1627947837114334 0.0872831791639328 5.130561828613281
v -0.16175834834575653 0.10488924384117126 5.134664535522461
v -0.21170608699321747 0.1429082602262497 5.0672607421875
v -0.21428798139095306 0.14835691452026367 5.042558670043945
v -0.21318365633487701 0.13599906861782074 5.036588668823242
v -0.21167340874671936 0.12892866134643555 5.0610151290893555
v -0.1771700084209442 0.24094942212104797 5.168951511383057
v -0.16520242393016815 0.2416757345199585 5.174044609069824
v -0.16715899109840393 0.25918856263160706 5.166469097137451
v -0.17930705845355988 0.2582397758960724 5.161491870880127
v -0.351561039686203 0.1901249885559082 5.118391036987305
v -0.34167054295539856 0.17933353781700134 5.11283540725708
v -0.32409772276878357 0.19719702005386353 5.114841461181641
v -0.33380505442619324 0.20820283889770508 5.119918346405029
v -0.21440553665161133 0.04876021295785904 5.039092063903809
v -0.21367812156677246 0.05758664757013321 5.016780376434326
v -0.21578571200370789 0.041002191603183746 5.0147385597229
v -0.2157565951347351 0.03293313831090927 5.037197589874268
v -0.27208346128463745 0.305955171585083 5.131977081298828
v -0.26234421133995056 0.3179819881916046 5.132346153259277
v -0.271293044090271 0.3370414674282074 5.120930194854736
v -0.28252318501472473 0.3243531882762909 5.1216230392456055
v -0.2089439332485199 0.23001697659492493 5.143099784851074
v -0.20233188569545746 0.2351953685283661 5.151020050048828
v -0.2051096260547638 0.24961316585540771 5.146283149719238
v -0.2113172858953476 0.2423754632472992 5.13914680480957
v -0.22334493696689606 0.17303742468357086 5.0473408699035645
v -0.22213159501552582 0.16801562905311584 5.069168567657471
v -0.22554565966129303 0.18387369811534882 5.067660808563232
v -0.2268914431333542 0.18846963346004486 5.047665119171143
v -0.21762330830097198 0.15429647266864777 5.068462371826172
v -0.2192508578300476 0.1594909429550171 5.045620918273926
v -0.19584377110004425 0.23808085918426514 5.157599449157715
v -0.1873299479484558 0.23967912793159485 5.1636481285095215
v -0.1895790845155716 0.2568548917770386 5.157912731170654
v -0.19750304520130157 0.2547007203102112 5.151917934417725
v -0.15402314066886902 0.1360221803188324 5.1728715896606445
v -0.1384892612695694 0.13951189815998077 5.1812520027160645
v -0.20980329811573029 0.024516688659787178 5.058670520782471
v -0.1987445205450058 0.016134055331349373 5.078647136688232
v -0.1977337747812271 0.030679041519761086 5.080383777618408
v -0.20868971943855286 0.03937937319278717 5.061295986175537
v -0.14549632370471954 0.11891914904117584 5.148721694946289
v -0.1480610966682434 0.12908780574798584 5.15815544128418
v -0.16235165297985077 0.1295904964208603 5.1494646072387695
v -0.16012637317180634 0.12028373777866364 5.13857364654541
v -0.18422837555408478 0.008806475438177586 5.095355033874512
v -0.16739757359027863 0.0018157451413571835 5.1116623878479
v -0.1652889996767044 0.01680445857346058 5.112022876739502
v -0.18248596787452698 0.023253770545125008 5.097493648529053
v -0.15521863102912903 0.27795645594596863 5.163456439971924
v -0.1398022472858429 0.27598634362220764 5.166135787963867
v -0.1872003972530365 0.16437743604183197 5.179839134216309
v -0.18360349535942078 0.14969807863235474 5.171106338500977
v -0.17292781174182892 0.1473543792963028 5.178579807281494
v -0.17804941534996033 0.16297286748886108 5.186634063720703
v -0.22300300002098083 0.23639211058616638 5.113753318786621
v -0.21968650817871094 0.2455483376979828 5.127191066741943
v -0.22663652896881104 0.26075321435928345 5.126576900482178
v -0.22706128656864166 0.2458534836769104 5.111239910125732
v -0.21821455657482147 0.025084668770432472 5.012418270111084
v -0.21823294460773468 0.018192099407315254 5.0352044105529785
v -0.1866445541381836 -0.005439488682895899 5.095873832702637
v -0.16965283453464508 -0.012256997637450695 5.111804008483887
v -0.24975743889808655 0.24510520696640015 5.0445122718811035
v -0.24286741018295288 0.24249085783958435 5.045256614685059
v -0.24087075889110565 0.24172565340995789 5.058432102203369
v -0.24709366261959076 0.245204895734787 5.057623863220215
v -0.11751507967710495 0.16741549968719482 5.199345588684082
v -0.13304655253887177 0.17439918220043182 5.202864170074463
v -0.13787685334682465 0.15909084677696228 5.198566913604736
v -0.12468117475509644 0.14931659400463104 5.190723419189453
v -0.1796756386756897 0.1383441686630249 5.157930850982666
v -0.17605362832546234 0.13164842128753662 5.142746448516846
v -0.16767849028110504 0.13568714261054993 5.164846420288086
v -0.10143264383077621 0.16108110547065735 5.192276477813721
v -0.10952842235565186 0.1394314169883728 5.178494453430176
v -0.1231917217373848 0.27321428060531616 5.168670177459717
v -0.12167065590620041 0.2566256821155548 5.177063941955566
v -0.12387950718402863 0.29072633385658264 5.162264347076416
v -0.10685785114765167 0.28757089376449585 5.1653056144714355
v -0.1058468446135521 0.30569982528686523 5.160416126251221
v -0.1230982095003128 0.30941829085350037 5.1564621925354
v -0.10388683527708054 0.3240797817707062 5.157713890075684
v -0.12102664262056351 0.32820966839790344 5.152627468109131
v -0.11356019228696823 0.3554396629333496 5.14575719833374
v -0.10991103947162628 0.36712485551834106 5.147496700286865
v -0.2166941612958908 0.2338661253452301 5.1299052238464355
v -0.21485047042369843 0.22266459465026855 5.132721424102783
v -0.20127980411052704 0.002142199780791998 5.078163146972656
v -0.19264137744903564 0.3439919948577881 4.998898983001709
v -0.18767304718494415 0.330638587474823 4.990193843841553
v -0.20461894571781158 0.32880735397338867 4.998656272888184
v -0.2094488888978958 0.341635137796402 5.007312297821045
v -0.19687075912952423 0.37892404198646545 5.101561069488525
v -0.19086730480194092 0.36065414547920227 5.118917942047119
v -0.23882007598876953 0.2707350254058838 5.011369705200195
v -0.22923725843429565 0.2709111273288727 5.007004261016846
v -0.2296084463596344 0.2617475092411041 5.009005069732666
v -0.23620115220546722 0.2635047435760498 5.013146877288818
v -0.25101661682128906 0.25084415078163147 5.027281761169434
v -0.2606793940067291 0.24714067578315735 5.02706241607666
v -0.26426756381988525 0.2530559301376343 5.02436637878418
v -0.2520608901977539 0.25714752078056335 5.024427890777588
v -0.2099284529685974 0.04915919899940491 4.993644714355469
v -0.2066379338502884 0.06565341353416443 4.994912147521973
v -0.19289468228816986 0.17962568998336792 4.98327112197876
v -0.2029990404844284 0.16672103106975555 5.001011371612549
v -0.21115176379680634 0.17928582429885864 5.005321979522705
v -0.20347729325294495 0.19277051091194153 4.989549160003662
v -0.09587714821100235 0.3265427350997925 4.987914085388184
v -0.09490173310041428 0.31280753016471863 4.981734275817871
v -0.11342169344425201 0.31695273518562317 4.980310440063477
v -0.11445704102516174 0.3307253420352936 4.987287998199463
v -0.15537269413471222 0.3551134169101715 4.996810436248779
v -0.15779967606067657 0.36667439341545105 5.005250453948975
v -0.13598579168319702 0.3622850179672241 5.002157688140869
v -0.13459451496601105 0.3502289354801178 4.993764877319336
v -0.17310065031051636 0.3438701033592224 4.99235200881958
v -0.16952571272850037 0.3299897015094757 4.984199047088623
v -0.22575682401657104 0.19609490036964417 5.030467510223389
v -0.22147972881793976 0.18165893852710724 5.028045177459717
v -0.23049621284008026 0.21918725967407227 5.031418323516846
v -0.2307368516921997 0.21368345618247986 5.045663356781006
v -0.23288381099700928 0.22287601232528687 5.046082973480225
v -0.23404914140701294 0.22541475296020508 5.031167984008789
v -0.16904152929782867 0.39511555433273315 5.09816837310791
v -0.16925175487995148 0.4058920443058014 5.079257011413574
v -0.1796657294034958 0.40009018778800964 5.079732418060303
v -0.13444501161575317 0.39946916699409485 5.033517360687256
v -0.13426843285560608 0.395115464925766 5.02899694442749
v -0.14793698489665985 0.3982298672199249 5.034493923187256
v -0.14507117867469788 0.40165966749191284 5.038710117340088
v -0.11396472156047821 0.2534060776233673 4.956142425537109
v -0.09403488039970398 0.2521805465221405 4.955238342285156
v -0.09252451360225677 0.2317884862422943 4.952773094177246
v -0.11362771689891815 0.23172664642333984 4.954374313354492
v -0.23508787155151367 0.2379390001296997 5.022054195404053
v -0.23842167854309082 0.24292129278182983 5.024224758148193
v -0.2374650239944458 0.24826005101203918 5.018709659576416
v -0.2330051213502884 0.24522367119789124 5.015925407409668
v -0.2293843775987625 0.24111568927764893 5.013835906982422
v -0.22584445774555206 0.23462387919425964 5.0102081298828125
v -0.2286781519651413 0.22622081637382507 5.0204901695251465
v -0.23153766989707947 0.23366951942443848 5.021800518035889
v -0.21177072823047638 0.20518428087234497 4.99622106552124
v -0.21768680214881897 0.1926719844341278 5.011326789855957
v -0.2232695072889328 0.20557141304016113 5.015067100524902
v -0.21866482496261597 0.21719300746917725 5.002484321594238
v -0.08704005926847458 0.16484951972961426 4.953738689422607
v -0.10522731393575668 0.16383814811706543 4.950563907623291
v -0.10694390535354614 0.18544907867908478 4.951291561126709
v -0.08810272812843323 0.18640469014644623 4.951022624969482
v -0.2510332465171814 0.24619439244270325 5.083446025848389
v -0.2507280707359314 0.24861565232276917 5.099300384521484
v -0.25936877727508545 0.24145576357841492 5.096156597137451
v -0.26016172766685486 0.2387140393257141 5.08009672164917
v -0.2838113307952881 0.26415982842445374 5.0204362869262695
v -0.29428789019584656 0.25997114181518555 5.022071838378906
v -0.29775404930114746 0.2651776969432831 5.02349328994751
v -0.28730058670043945 0.2702062427997589 5.021850109100342
v -0.27326107025146484 0.22131654620170593 5.064408302307129
v -0.2706572711467743 0.22614845633506775 5.078283309936523
v -0.2829873263835907 0.21030327677726746 5.0774312019348145
v -0.28512755036354065 0.20588326454162598 5.061573505401611
v -0.2099139392375946 0.38506272435188293 5.0765886306762695
v -0.20738457143306732 0.3752327859401703 5.101473808288574
v -0.20026050508022308 0.3900800943374634 5.079327583312988
v -0.26673439145088196 0.23184439539909363 5.041685581207275
v -0.27786678075790405 0.2209658920764923 5.039925575256348
v -0.2813394069671631 0.22483864426612854 5.030324935913086
v -0.26894712448120117 0.23533973097801208 5.032566070556641
v -0.36313292384147644 0.2022295594215393 5.11646032333374
v -0.34569814801216125 0.22021695971488953 5.118311882019043
v -0.3034621477127075 0.1888725757598877 5.047646999359131
v -0.30979451537132263 0.1917724311351776 5.036945343017578
v -0.29179421067237854 0.20525094866752625 5.03762149810791
v -0.2873360216617584 0.20394638180732727 5.048661231994629
v -0.1852375715970993 0.16629093885421753 4.979691028594971
v -0.19766591489315033 0.15436284244060516 4.994828224182129
v -0.1852487027645111 0.060589179396629333 4.959229469299316
v -0.19954361021518707 0.05531573295593262 4.974015235900879
v -0.19524827599525452 0.07386691868305206 4.976924419403076
v -0.1806318312883377 0.08017243444919586 4.961353302001953
v -0.21139788627624512 0.03056967444717884 4.990969657897949
v -0.18759463727474213 0.03980138897895813 4.957242965698242
v -0.20174047350883484 0.03633781522512436 4.972563743591309
v -0.15110133588314056 0.4130171239376068 5.085806369781494
v -0.14325051009655 0.41580358147621155 5.070170879364014
v -0.14985376596450806 0.4121015667915344 5.0647053718566895
v -0.15983685851097107 0.41016146540641785 5.080876350402832
v -0.24512708187103271 -0.078105628490448 4.980836391448975
v -0.2451414316892624 -0.10513279587030411 4.974198341369629
v -0.2503162920475006 -0.10461165755987167 5.002471446990967
v -0.2486894279718399 -0.08039321005344391 5.009157180786133
v -0.11953803896903992 0.40766391158103943 5.0443644523620605
v -0.13602174818515778 0.4097808003425598 5.052537441253662
v -0.13110867142677307 0.41426268219947815 5.059785842895508
v -0.11648395657539368 0.41189339756965637 5.0526204109191895
v -0.24636487662792206 -0.05693036690354347 5.012057781219482
v -0.24315619468688965 -0.053366176784038544 4.984746932983398
v -0.15165969729423523 0.4037831425666809 5.102412223815918
v -0.1606200933456421 0.399783194065094 5.100146293640137
v -0.15360333025455475 0.3876757025718689 5.115120887756348
v -0.14558638632297516 0.3941270411014557 5.117792129516602
v -0.1357494443655014 0.3877981901168823 5.131974220275879
v -0.2484515905380249 -0.10866130888462067 5.032159328460693
v -0.2446705549955368 -0.08538118749856949 5.035820960998535
v -0.1363685131072998 0.4188321530818939 5.077451705932617
v -0.12636610865592957 0.41802024841308594 5.066526412963867
v -0.1145845502614975 0.4175582230091095 5.059730529785156
v -0.10243189334869385 0.4172327220439911 5.055709362030029
v -0.21820934116840363 0.014048771001398563 4.987893581390381
v -0.22393569350242615 0.009382464922964573 5.011013031005859
v -0.19253157079219818 -0.21365338563919067 4.910910606384277
v -0.1638013869524002 -0.2171860784292221 4.9019646644592285
v -0.16213490068912506 -0.2309865951538086 4.913615703582764
v -0.19611506164073944 -0.23005031049251556 4.9220075607299805
v -0.09027349948883057 -0.20171822607517242 4.895750999450684
v -0.08657830208539963 -0.2154066115617752 4.913259029388428
v -0.12517274916172028 -0.22585910558700562 4.911187648773193
v -0.12923967838287354 -0.21263501048088074 4.897100925445557
v -0.10080750286579132 -0.0785820260643959 4.882875919342041
v -0.13141615688800812 -0.07973525673151016 4.883677005767822
v -0.1322743445634842 -0.05718006193637848 4.890932559967041
v -0.10230725258588791 -0.055737316608428955 4.889742851257324
v -0.19356782734394073 0.021283404901623726 4.952629566192627
v -0.20804205536842346 0.01854528672993183 4.9690046310424805
v -0.2227603644132614 0.0036153136752545834 5.0344624519348145
v -0.2556467056274414 -0.23239482939243317 5.060461044311523
v -0.26290997862815857 -0.23419654369354248 5.0195136070251465
v -0.2589491307735443 -0.2687170207500458 5.023962497711182
v -0.2537974715232849 -0.2673047184944153 5.062710285186768
v -0.223911315202713 -0.2758364677429199 4.961811065673828
v -0.22715607285499573 -0.24698477983474731 4.9492292404174805
v -0.1930321604013443 -0.25260886549949646 4.934707164764404
v -0.19061119854450226 -0.27756765484809875 4.946979999542236
v -0.1513010859489441 -0.018119273707270622 5.126493453979492
v -0.17120446264743805 -0.02605636976659298 5.112549304962158
v -0.15282805263996124 -0.03260043263435364 5.128206253051758
v -0.09422437101602554 -0.028569085523486137 5.151434421539307
v -0.1150730550289154 -0.026312915608286858 5.146557807922363
v -0.11392181366682053 -0.04125487059354782 5.148881912231445
v -0.09299437701702118 -0.04330183565616608 5.155070781707764
v -0.09317187964916229 -0.13489119708538055 5.132654666900635
v -0.07734265178442001 -0.1353275626897812 5.136800765991211
v -0.08097635209560394 -0.11608898639678955 5.1432695388793945
v -0.09799912571907043 -0.11376823484897614 5.136837005615234
v -0.23513804376125336 -0.09034889936447144 5.060128211975098
v -0.21671220660209656 -0.09357808530330658 5.080667972564697
v -0.21596059203147888 -0.07823392003774643 5.082167148590088
v -0.23218990862369537 -0.07241839170455933 5.060637474060059
v -0.08499841392040253 -0.22375008463859558 4.933478355407715
v -0.11872084438800812 -0.23795968294143677 4.930631160736084
v -0.23608988523483276 -0.26429250836372375 5.100674629211426
v -0.23584266006946564 -0.22907359898090363 5.095982551574707
v -0.20688530802726746 -0.2630626857280731 5.131124973297119
v -0.17140905559062958 -0.261893630027771 5.142712116241455
v -0.17181207239627838 -0.23065593838691711 5.137627601623535
v -0.20707498490810394 -0.22974181175231934 5.125497341156006
v -0.07327526062726974 -0.1942126303911209 5.073511600494385
v -0.08666121959686279 -0.1760522723197937 5.096957206726074
v -0.09142490476369858 -0.18809863924980164 5.09761905670166
v -0.07590584456920624 -0.2047210931777954 5.076231002807617
v -0.09403012692928314 -0.16789665818214417 4.880815505981445
v -0.09302210807800293 -0.18620337545871735 4.88740348815918
v -0.1280525177717209 -0.1943463832139969 4.885789394378662
v -0.12776675820350647 -0.1738719493150711 4.879347324371338
v -0.171305313706398 0.04254888743162155 4.946296691894531
v -0.1766601800918579 0.022410186007618904 4.940123558044434
v -0.15348899364471436 0.04458221048116684 4.938642978668213
v -0.16864992678165436 0.06493237614631653 4.948199272155762
v -0.1506178379058838 0.06837216019630432 4.941987991333008
v -0.1522030532360077 0.19064107537269592 4.958270072937012
v -0.16986681520938873 0.1781034767627716 4.966020107269287
v -0.17855912446975708 0.19278085231781006 4.969905376434326
v -0.16183587908744812 0.20783793926239014 4.960484981536865
v -0.1321997195482254 0.32305851578712463 4.97831392288208
v -0.1333598494529724 0.3372960090637207 4.985932350158691
v -0.15147334337234497 -0.2710898518562317 4.9395318031311035
v -0.10745466500520706 -0.25609683990478516 4.947965621948242
v -0.12239162623882294 -0.293737530708313 4.957551956176758
v -0.15853382647037506 -0.30059105157852173 4.952965259552002
v -0.22063089907169342 -0.3041059672832489 4.972966194152832
v -0.24256420135498047 -0.3020002543926239 4.995259761810303
v -0.24816592037677765 -0.2713788151741028 4.989253044128418
v -0.25383657217025757 -0.3010677993297577 5.032108783721924
v -0.24987047910690308 -0.29897359013557434 5.070396900177002
v -0.20568795502185822 -0.2949257493019104 5.1354217529296875
v -0.16921156644821167 -0.2941131293773651 5.1448893547058105
v -0.0856868326663971 -0.2693024277687073 5.099424839019775
v -0.10636457800865173 -0.2671770453453064 5.123116493225098
v -0.1065267026424408 -0.29394835233688354 5.119976997375488
v -0.08707404136657715 -0.2944355607032776 5.094594478607178
v -0.1329503357410431 -0.12929195165634155 5.112616539001465
v -0.16805972158908844 -0.11270022392272949 5.104409217834473
v -0.1672889143228531 -0.13123850524425507 5.108656406402588
v -0.13802069425582886 -0.1477654129266739 5.113772392272949
v -0.09773790091276169 -0.014839659444987774 5.149168491363525
v -0.11431712657213211 -0.011957592330873013 5.144763946533203
v -0.1328381896018982 -0.022812051698565483 5.137977600097656
v -0.13137362897396088 -0.008735097013413906 5.136607646942139
v -0.14944235980510712 -0.0041799829341471195 5.125367641448975
v -0.10785947740077972 0.057871654629707336 5.161711692810059
v -0.12841153144836426 0.05999569594860077 5.153111457824707
v -0.1273346245288849 0.040585123002529144 5.14853572845459
v -0.10729944705963135 0.03836573660373688 5.156731605529785
v -0.10874425619840622 0.07960782945156097 5.165422439575195
v -0.12930600345134735 0.08136124908924103 5.156182765960693
v -0.10789898782968521 0.12222714722156525 5.164378643035889
v -0.130579873919487 0.13125857710838318 5.168066501617432
v -0.12819905579090118 0.11955699324607849 5.157098293304443
v -0.10645152628421783 0.2695416808128357 5.171109676361084
v -0.10509788244962692 0.2529207170009613 5.178096294403076
v -0.239510640501976 -0.1104566678404808 5.057558536529541
v -0.08110039681196213 -0.2591937184333801 4.977147579193115
v -0.07142414897680283 -0.26415786147117615 5.007430553436279
v -0.07767991721630096 -0.29173123836517334 5.00365686416626
v -0.09292729198932648 -0.2908976674079895 4.97552490234375
v -0.24235735833644867 -0.06449352204799652 5.037708282470703
v -0.21204574406147003 0.010461815632879734 5.058117866516113
v -0.2163223773241043 -0.003754789475351572 5.0578227043151855
v -0.20262910425662994 0.13860219717025757 5.097006320953369
v -0.2029956728219986 0.12287184596061707 5.0859246253967285
v -0.14590537548065186 0.1793140172958374 5.201295375823975
v -0.1465829610824585 0.16765110194683075 5.199838161468506
v -0.2527434229850769 -0.2384892702102661 4.980973243713379
v -0.20289994776248932 -0.32617783546447754 5.136377334594727
v -0.1995757520198822 -0.35629451274871826 5.1365485191345215
v -0.16622944176197052 -0.3564559817314148 5.143001556396484
v -0.16845959424972534 -0.3253452479839325 5.143997669219971
v -0.08266470581293106 -0.32357847690582275 5.061995029449463
v -0.09069230407476425 -0.322981059551239 5.090045928955078
v -0.0951981171965599 -0.35245782136917114 5.08745002746582
v -0.08971162140369415 -0.3533901870250702 5.0595197677612305
v -0.09574828296899796 -0.38346391916275024 5.0591888427734375
v -0.10014696419239044 -0.382964164018631 5.085831165313721
v -0.10346582531929016 -0.4126224219799042 5.083853244781494
v -0.10052699595689774 -0.41180360317230225 5.059123516082764
v -0.2335791140794754 -0.2980455756187439 5.108908653259277
v -0.24028313159942627 -0.35882842540740967 5.0813751220703125
v -0.22639411687850952 -0.35784676671028137 5.114146709442139
v -0.229073628783226 -0.32904210686683655 5.112541198730469
v -0.2450225055217743 -0.3294919431209564 5.07694149017334
v -0.19204431772232056 -0.30508753657341003 4.959902286529541
v -0.07689781486988068 -0.2950199246406555 5.067054271697998
v -0.07373611629009247 -0.2708641290664673 5.073616027832031
v -0.0987473726272583 -0.3568107485771179 5.010547637939453
v -0.11567490547895432 -0.3582003712654114 4.989247798919678
v -0.10555057227611542 -0.32648614048957825 4.982136249542236
v -0.08808468282222748 -0.32485663890838623 5.007198333740234
v -0.22056825459003448 -0.35861557722091675 4.994170665740967
v -0.2381940335035324 -0.3579157590866089 5.018178939819336
v -0.23953621089458466 -0.3303150236606598 5.008757591247559
v -0.2201659381389618 -0.3316483199596405 4.985461711883545
v -0.24908201396465302 -0.32985758781433105 5.041446208953857
v -0.24478475749492645 -0.3582899868488312 5.04777193069458
v -0.23322232067584991 -0.4157392978668213 5.09274959564209
v -0.2174200862646103 -0.41649436950683594 5.120872497558594
v -0.22266939282417297 -0.38683024048805237 5.115889549255371
v -0.23642855882644653 -0.38759008049964905 5.086674213409424
v -0.23905886709690094 -0.41347381472587585 5.0608367919921875
v -0.24151629209518433 -0.3862208425998688 5.053771018981934
v -0.2366369068622589 -0.38486382365226746 5.024289608001709
v -0.23506809771060944 -0.41124865412712097 5.032589912414551
v -0.22040903568267822 -0.40975865721702576 5.009734153747559
v -0.22103571891784668 -0.38465583324432373 5.001420021057129
v -0.1992676556110382 -0.3851502239704132 4.985056400299072
v -0.20077358186244965 -0.409406453371048 4.994487762451172
v -0.17307458817958832 -0.38535642623901367 4.979147911071777
v -0.14717280864715576 -0.385309636592865 4.981942176818848
v -0.1534537523984909 -0.4098433554172516 4.989782810211182
v -0.1772894561290741 -0.4095280170440674 4.988885402679443
v -0.11454572528600693 -0.41169285774230957 5.014481544494629
v -0.1313452422618866 -0.41080746054649353 4.997842788696289
v -0.12381550669670105 -0.38581594824790955 4.992618560791016
v -0.10742029547691345 -0.3857976496219635 5.012495994567871
v -0.13934002816677094 -0.501889705657959 5.01935338973999
v -0.1579614132642746 -0.4979155957698822 5.01682710647583
v -0.1510477066040039 -0.47694119811058044 5.013970851898193
v -0.13181345164775848 -0.48055312037467957 5.019857883453369
v -0.17552563548088074 -0.49484074115753174 5.012463092803955
v -0.19399507343769073 -0.493522971868515 5.012842178344727
v -0.18835324048995972 -0.4737013876438141 5.0123209953308105
v -0.17035356163978577 -0.4753398001194 5.015365123748779
v -0.22012801468372345 -0.4776892364025116 5.033236980438232
v -0.20614877343177795 -0.47422274947166443 5.018232345581055
v -0.2108837217092514 -0.49484214186668396 5.019740104675293
v -0.22394785284996033 -0.49932757019996643 5.034563064575195
v -0.23575212061405182 -0.5051816701889038 5.054049491882324
v -0.23424425721168518 -0.48247841000556946 5.052204608917236
v -0.23592855036258698 -0.5128192901611328 5.076601028442383
v -0.237594872713089 -0.48922276496887207 5.07717752456665
v -0.22439922392368317 -0.49498164653778076 5.102188587188721
v -0.22267411649227142 -0.5200735330581665 5.100185394287109
v -0.10962359607219696 -0.49223268032073975 5.070772647857666
v -0.11485250294208527 -0.5167555212974548 5.065527439117432
v -0.11367303133010864 -0.5110428333282471 5.046555042266846
v -0.10740887373685837 -0.48774588108062744 5.051107406616211
v -0.13697069883346558 -0.499154657125473 5.112442970275879
v -0.1545046865940094 -0.5000155568122864 5.13173770904541
v -0.15607215464115143 -0.5263359546661377 5.122013568878174
v -0.13998408615589142 -0.5245498418807983 5.100392818450928
v -0.2373608648777008 -0.43943342566490173 5.067184925079346
v -0.23030756413936615 -0.44298797845840454 5.097293853759766
v -0.2188868522644043 -0.433493971824646 5.020565032958984
v -0.23314659297466278 -0.4358479976654053 5.040218353271484
v -0.12092654407024384 -0.43564674258232117 5.016525745391846
v -0.13876581192016602 -0.4340898096561432 5.004492282867432
v -0.10670582950115204 -0.4407518804073334 5.081359386444092
v -0.10405351221561432 -0.43872886896133423 5.057600498199463
v -0.1840648353099823 -0.473044753074646 5.140483856201172
v -0.18642722070217133 -0.4444982707500458 5.138352870941162
v -0.21353217959403992 -0.444512277841568 5.124692440032959
v -0.20960426330566406 -0.4724491536617279 5.126814365386963
v -0.23707988858222961 -0.46458861231803894 5.0733208656311035
v -0.23311683535575867 -0.4595127999782562 5.047943115234375
v -0.21863354742527008 -0.4558524787425995 5.029158115386963
v -0.20357778668403625 -0.4535733163356781 5.01325798034668
v -0.18466846644878387 -0.45339688658714294 5.00766134262085
v -0.16493786871433258 -0.45405313372612 5.0068583488464355
v -0.14481380581855774 -0.4558046758174896 5.00927734375
v -0.12612539529800415 -0.4582318663597107 5.017770290374756
v -0.10530240833759308 -0.4639139771461487 5.054185390472412
v -0.1081736609339714 -0.467577189207077 5.0774641036987305
v -0.1817156970500946 -0.5261082053184509 5.128015518188477
v -0.1822863668203354 -0.5014285445213318 5.139434814453125
v -0.2072797268629074 -0.4989759624004364 5.124475002288818
v -0.20688287913799286 -0.5241367816925049 5.119206428527832
v -0.1828686147928238 -0.548841655254364 5.116262435913086
v -0.16132354736328125 -0.5487416982650757 5.109140872955322
v -0.181560680270195 -0.5159112811088562 5.009882926940918
v -0.19831418991088867 -0.51459139585495 5.010381698608398
v -0.21490101516246796 -0.5167534351348877 5.0178656578063965
v -0.2382383793592453 -0.5274723768234253 5.050517559051514
v -0.23464435338974 -0.5370533466339111 5.074300289154053
v -0.22111061215400696 -0.5455247163772583 5.096124172210693
v -0.20483233034610748 -0.5462645888328552 5.111227512359619
v -0.13115616142749786 -0.5564550161361694 5.033450126647949
v -0.12373317778110504 -0.533485472202301 5.0429205894470215
v -0.12400627881288528 -0.5390031337738037 5.059564590454102
v -0.13217152655124664 -0.5629497170448303 5.051232814788818
v -0.15013465285301208 -0.5458540320396423 5.007925033569336
v -0.16633452475070953 -0.5403675436973572 4.9993743896484375
v -0.16447463631629944 -0.5199093222618103 5.015660762786865
v -0.14801310002803802 -0.5240049958229065 5.020273208618164
v -0.18734581768512726 -0.5363792777061462 4.995495796203613
v -0.20626871287822723 -0.5357785224914551 4.9980926513671875
v -0.22334995865821838 -0.5371705293655396 5.006106376647949
v -0.241659015417099 -0.5510433912277222 5.042850017547607
v -0.23104380071163177 -0.5195121169090271 5.030841827392578
v -0.237131267786026 -0.5422795414924622 5.021984100341797
v -0.2352972775697708 -0.5630515813827515 5.07065486907959
v -0.2158389836549759 -0.6005847454071045 5.079558372497559
v -0.21298882365226746 -0.5726121068000793 5.088541507720947
v -0.23806940019130707 -0.5905225276947021 5.062678813934326
v -0.19507081806659698 -0.6913463473320007 5.044887065887451
v -0.21993310749530792 -0.6882569789886475 5.045688152313232
v -0.21848799288272858 -0.7195465564727783 5.0316572189331055
v -0.19685803353786469 -0.7232155203819275 5.03212833404541
v -0.13605651259422302 -0.5882223844528198 5.040245056152344
v -0.13413149118423462 -0.5820973515510559 5.020894527435303
v -0.15183398127555847 -0.5695673227310181 4.990074157714844
v -0.17023099958896637 -0.5634953379631042 4.980752468109131
v -0.24969838559627533 -0.6058483123779297 5.024919033050537
v -0.2457306832075119 -0.5777881741523743 5.035462379455566
v -0.2418978065252304 -0.5683412551879883 5.012753486633301
v -0.24519972503185272 -0.596115231513977 5.001099586486816
v -0.14029346406459808 -0.6763224005699158 5.004953861236572
v -0.13837367296218872 -0.6705759167671204 4.985359191894531
v -0.13451044261455536 -0.639529287815094 4.9959187507629395
v -0.13680152595043182 -0.6458668112754822 5.016068458557129
v -0.17001116275787354 -0.5921750068664551 4.968145370483398
v -0.15175609290599823 -0.59797602891922 4.977190971374512
v -0.15331101417541504 -0.6279743313789368 4.966304779052734
v -0.17129172384738922 -0.6225656270980835 4.956932544708252
v -0.2495366781949997 -0.669568657875061 5.004889965057373
v -0.2512481212615967 -0.6362879276275635 5.014446258544922
v -0.2473827600479126 -0.6272210478782654 4.991223335266113
v -0.2464330941438675 -0.6613420844078064 4.982203960418701
v -0.21848995983600616 -0.6283534169197083 5.069991588592529
v -0.24142378568649292 -0.6180812120437622 5.051726818084717
v -0.24252985417842865 -0.6471799612045288 5.0404181480407715
v -0.22083429992198944 -0.6576988697052002 5.0579094886779785
v -0.1906753033399582 -0.631380021572113 5.069309711456299
v -0.19360177218914032 -0.6605038046836853 5.058072566986084
v -0.15372729301452637 -0.7401672005653381 4.971336364746094
v -0.14554418623447418 -0.7047867178916931 4.97857141494751
v -0.14716657996177673 -0.7110076546669006 4.994818687438965
v -0.1560036689043045 -0.7464845180511475 4.9854278564453125
v -0.17487365007400513 -0.6557677984237671 4.948619842529297
v -0.15740689635276794 -0.6597827076911926 4.956607341766357
v -0.16274996101856232 -0.6960023045539856 4.953350067138672
v -0.178750142455101 -0.6924747228622437 4.945642948150635
v -0.24135765433311462 -0.7418062686920166 4.98455810546875
v -0.24616317451000214 -0.7048683762550354 4.9945855140686035
v -0.24224139750003815 -0.698135256767273 4.973610877990723
v -0.23717868328094482 -0.7356202006340027 4.965859889984131
v -0.21716082096099854 -0.7540751695632935 5.016942977905273
v -0.2385334074497223 -0.7129014134407043 5.018669128417969
v -0.23545777797698975 -0.7487270832061768 5.00519323348999
v -0.21501167118549347 -0.7889224290847778 5.00577974319458
v -0.1987496018409729 -0.7911114692687988 5.005953311920166
v -0.19739288091659546 -0.7568721175193787 5.0174150466918945
v -0.1640581488609314 -0.7795214056968689 4.976113319396973
v -0.16036662459373474 -0.7743800282478333 4.962446689605713
v -0.17099513113498688 -0.7673175930976868 4.942625999450684
v -0.18353138864040375 -0.7631135582923889 4.935585975646973
v -0.1820385903120041 -0.7279726266860962 4.941210746765137
v -0.16814744472503662 -0.7320629358291626 4.9484944343566895
v -0.21597406268119812 -0.7298662066459656 4.9420294761657715
v -0.1992073804140091 -0.7274691462516785 4.938846111297607
v -0.19938012957572937 -0.7628238797187805 4.933894157409668
v -0.21441830694675446 -0.7651363611221313 4.936315059661865
v -0.23115253448486328 -0.7701840996742249 4.959115982055664
v -0.22858069837093353 -0.7316285371780396 4.9514288902282715
v -0.22465486824512482 -0.7669420838356018 4.945032119750977
v -0.23609602451324463 -0.7751644253730774 4.975551128387451
v -0.2318580001592636 -0.7832486033439636 4.995179176330566
v -0.0692119151353836 -0.2287779599428177 4.995732307434082
v -0.06665972620248795 -0.23574188351631165 5.02827262878418
v -0.06869246065616608 -0.2461288422346115 5.017538070678711
v -0.07513870298862457 -0.23695333302021027 4.9841837882995605
v -0.1111505776643753 -0.35421234369277954 5.113750457763672
v -0.10895181447267532 -0.32259073853492737 5.116735458374023
v -0.1155843734741211 -0.4140467941761017 5.10847806930542
v -0.11404947191476822 -0.3850909173488617 5.112549781799316
v -0.11729523539543152 -0.44282466173171997 5.104701042175293
v -0.11889580637216568 -0.4703606069087982 5.099064826965332
v -0.11976641416549683 -0.49725452065467834 5.092027187347412
v -0.124174565076828 -0.521753191947937 5.083343505859375
v -0.13310174643993378 -0.5457171201705933 5.076498031616211
v -0.14017903804779053 -0.5701252222061157 5.0686798095703125
v -0.14624160528182983 -0.6222872734069824 5.04779052734375
v -0.13605977594852448 -0.6163774132728577 5.0276360511779785
v -0.14466920495033264 -0.5952147841453552 5.05849027633667
v -0.15139122307300568 -0.6831126809120178 5.025190353393555
v -0.14810419082641602 -0.651628851890564 5.0372185707092285
v -0.15733644366264343 -0.7180867791175842 5.013224124908447
v -0.16463299095630646 -0.7529125809669495 5.000624179840088
v -0.1723361611366272 -0.7852208614349365 4.990099906921387
v -0.13972830772399902 -0.2092357873916626 5.131889820098877
v -0.11011981219053268 -0.21981297433376312 5.1233696937561035
v -0.11283442378044128 -0.20085366070270538 5.120980262756348
v -0.14167125523090363 -0.18623241782188416 5.12669038772583
v -0.06615392863750458 -0.20857320725917816 5.0467071533203125
v -0.06853621453046799 -0.2041739970445633 5.0588059425354
v -0.07058912515640259 -0.21178750693798065 5.059692859649658
v -0.06761991232633591 -0.21477574110031128 5.04638671875
v -0.22782975435256958 -0.46972936391830444 5.102053642272949
v -0.20183713734149933 -0.4321184456348419 5.005458354949951
v -0.1811002939939499 -0.4320012331008911 4.998841285705566
v -0.15957438945770264 -0.43263328075408936 4.999788284301758
v -0.13464123010635376 -0.47341853380203247 5.12163782119751
v -0.13428319990634918 -0.44431424140930176 5.123876571655273
v -0.15711233019828796 -0.44454655051231384 5.137902736663818
v -0.1549740582704544 -0.4729384481906891 5.137474060058594
v -0.1875755935907364 -0.6064403057098389 5.079171657562256
v -0.16605448722839355 -0.6284216642379761 5.0614824295043945
v -0.1629653424024582 -0.6021443009376526 5.071650981903076
v -0.18576566874980927 -0.58375084400177 5.0896430015563965
v -0.21161286532878876 -0.5598372220993042 4.983885765075684
v -0.22933329641819 -0.561909019947052 4.994037628173828
v -0.19247280061244965 -0.5879594087600708 4.966031551361084
v -0.21400195360183716 -0.5872389078140259 4.970114707946777
v -0.19200219213962555 -0.5602597594261169 4.979722023010254
v -0.1358620524406433 -0.3874273896217346 5.132717132568359
v -0.163390651345253 -0.38674524426460266 5.142081260681152
v -0.15999749302864075 -0.41596609354019165 5.138631820678711
v -0.134102463722229 -0.41537123918533325 5.127161979675293
v -0.18921904265880585 0.09055472910404205 4.980300426483154
v -0.17566271126270294 0.09993031620979309 4.966278553009033
v -0.20057682693004608 0.1515311449766159 5.144656181335449
v -0.2006358653306961 0.1453421413898468 5.124083518981934
v -0.18880008161067963 0.1368114948272705 5.13406229019165
v -0.19048140943050385 0.14340591430664062 5.150740146636963
v -0.20923057198524475 0.15576210618019104 5.119657039642334
v -0.20791475474834442 0.16172419488430023 5.140454292297363
v -0.21319541335105896 0.17442670464515686 5.134789943695068
v -0.2154378741979599 0.16804207861423492 5.115919589996338
v -0.22552268207073212 0.23306459188461304 5.096303462982178
v -0.2288651019334793 0.24117335677146912 5.093045234680176
v -0.1086951494216919 0.10174316167831421 5.165863513946533
v -0.08679848164319992 0.10052110254764557 5.1696457862854
v -0.08666934072971344 0.12079401314258575 5.167623996734619
v -0.1337587535381317 -0.03777095302939415 5.139573097229004
v -0.14055082201957703 -0.10427289456129074 5.118927001953125
v -0.10960972309112549 -0.13305822014808655 5.124047756195068
v -0.11739657819271088 -0.10900254547595978 5.128634929656982
v -0.07001407444477081 -0.1809850037097931 5.0959882736206055
v -0.12431730329990387 0.15936313569545746 4.951675891876221
v -0.12663334608078003 0.18069621920585632 4.953709602355957
v -0.11565564572811127 0.344664603471756 4.993882179260254
v -0.0969523936510086 0.3406325578689575 4.995502948760986
v -0.11648224294185638 0.3666796386241913 5.007030487060547
v -0.11639076471328735 0.376387357711792 5.013315677642822
v -0.09769466519355774 0.3727889657020569 5.013454914093018
v -0.09755834192037582 0.3632563650608063 5.0077924728393555
v -0.10125301778316498 0.41107261180877686 5.047117233276367
v -0.10143724083900452 0.40459972620010376 5.040134906768799
v -0.06533480435609818 -0.2154006063938141 5.030186653137207
v -0.06690752506256104 -0.2207513153553009 5.043853282928467
v -0.06549438834190369 -0.21907863020896912 5.021112442016602
v -0.08606147766113281 -0.24753358960151672 5.104503631591797
v -0.07311730831861496 -0.2514023780822754 5.08086633682251
v -0.07404398918151855 -0.2361927181482315 5.085088729858398
v -0.08741295337677002 -0.22954460978507996 5.107923984527588
v -0.25485116243362427 -0.197801873087883 5.057521820068359
v -0.26448845863342285 -0.1988869458436966 5.018227577209473
v -0.15613380074501038 -0.24929316341876984 4.927357196807861
v -0.34951093792915344 0.1613396853208542 5.040279865264893
v -0.3597547113895416 0.16663208603858948 5.034224987030029
v -0.3390434682369232 0.18281078338623047 5.031322479248047
v -0.32892391085624695 0.17687878012657166 5.038569927215576
v -0.13614289462566376 0.2538791596889496 4.956493854522705
v -0.14123576879501343 0.2277452051639557 4.956368446350098
v -0.16067473590373993 0.3809731900691986 5.113960266113281
v -0.22756332159042358 0.36742547154426575 5.105111598968506
v -0.22153611481189728 0.35236653685569763 5.123779296875
v -0.21249933540821075 0.35528048872947693 5.12141752243042
v -0.21757535636425018 0.371437668800354 5.102993011474609
v -0.22599495947360992 0.3506121337413788 5.024887561798096
v -0.22807584702968597 0.36147764325141907 5.038772106170654
v -0.21669058501720428 0.36593034863471985 5.032961368560791
v -0.21358589828014374 0.354256272315979 5.018422603607178
v -0.09872987866401672 -0.10138893127441406 4.878269195556641
v -0.12999409437179565 -0.10247761011123657 4.876708984375
v -0.10519970953464508 0.09725834429264069 4.942240238189697
v -0.1251511573791504 0.09378407895565033 4.9408345222473145
v -0.12333162128925323 0.1153811514377594 4.945130825042725
v -0.10435808449983597 0.11954672634601593 4.946630001068115
v -0.1647375077009201 0.23867398500442505 4.960658550262451
v -0.17779436707496643 0.22064128518104553 4.9659271240234375
v -0.09946959465742111 0.18356284499168396 5.197512149810791
v -0.10032770037651062 0.20308607816696167 5.195181846618652
v -0.11701380461454391 0.20562031865119934 5.1969499588012695
v -0.1164294183254242 0.18722639977931976 5.2010416984558105
v -0.3339497148990631 0.22416672110557556 5.026263236999512
v -0.3102957308292389 0.23205700516700745 5.023542881011963
v -0.30693602561950684 0.2202957570552826 5.0248212814331055
v -0.32886460423469543 0.20752286911010742 5.025229454040527
v -0.2546832263469696 -0.19987627863883972 4.966991901397705
v -0.2281116396188736 -0.2198546975851059 4.937982082366943
v -0.2042175978422165 0.11567917466163635 5.003279685974121
v -0.1924215704202652 0.1256258487701416 4.983775615692139
v -0.18919165432453156 0.10825586318969727 4.982301235198975
v -0.20103588700294495 0.09881889820098877 5.000709533691406
v -0.21072466671466827 0.1565369963645935 5.020383834838867
v -0.20746833086013794 0.14447690546512604 5.014715194702148
v -0.21676844358444214 0.16824029386043549 5.024676322937012
v -0.24314774572849274 0.24885272979736328 5.026946067810059
v -0.24344973266124725 0.24488693475723267 5.033971309661865
v -0.24999070167541504 0.24662324786186218 5.034841060638428
v -0.10781148076057434 -0.24194419384002686 5.124083995819092
v -0.11340725421905518 -0.16790471971035004 5.111253261566162
v -0.10723206400871277 -0.1563381850719452 5.110828399658203
v -0.06455500423908234 -0.2091783881187439 5.033446788787842
v -0.13854104280471802 0.4023066759109497 5.121969699859619
v -0.13049204647541046 0.3979262709617615 5.136017799377441
v -0.26490476727485657 0.2317608892917633 5.054050445556641
v -0.2755180895328522 0.21935886144638062 5.050245761871338
v -0.23544903099536896 0.23023000359535217 5.045987606048584
v -0.23285776376724243 0.22913315892219543 5.060832977294922
v -0.23674355447292328 0.23495498299598694 5.059015274047852
v -0.23880651593208313 0.23540782928466797 5.044418811798096
v -0.23927946388721466 0.23777133226394653 5.032811641693115
v -0.23593400418758392 0.23358136415481567 5.032543659210205
v -0.20065699517726898 0.2709357440471649 5.146849155426025
v -0.19139143824577332 0.2748244106769562 5.1524434089660645
v -0.1942325383424759 0.2924864590167999 5.146809101104736
v -0.20398761332035065 0.2884675860404968 5.143362045288086
v -0.18143729865550995 0.2767795920372009 5.156277656555176
v -0.1691901981830597 0.27774733304977417 5.159196376800537
v -0.17158320546150208 0.2977108657360077 5.1522746086120605
v -0.18407920002937317 0.29631486535072327 5.149559020996094
v -0.15517331659793854 0.35962367057800293 5.130672931671143
v -0.13667427003383636 0.35090506076812744 5.142723083496094
v -0.11766614764928818 0.343921035528183 5.1492438316345215
v -0.10171439498662949 0.338907927274704 5.154913425445557
v -0.10123160481452942 0.39715397357940674 5.031725883483887
v -0.09930925071239471 0.38985785841941833 5.024343013763428
v -0.1184544786810875 0.39288657903671265 5.025326728820801
v -0.12285223603248596 0.4012622535228729 5.034291744232178
v -0.12186020612716675 0.38338327407836914 5.142293453216553
v -0.10740093886852264 0.378927081823349 5.15098762512207
v -0.09665797650814056 0.36298105120658875 5.1527485847473145
v -0.37551912665367126 0.21066293120384216 5.107883453369141
v -0.35859495401382446 0.22804886102676392 5.108694553375244
v -0.1422155350446701 0.41608279943466187 5.091974258422852
v -0.14255209267139435 0.40913572907447815 5.1079230308532715
v -0.3682086765766144 0.23380589485168457 5.094181537628174
v -0.38528016209602356 0.21598264575004578 5.093666076660156
v -0.19561950862407684 0.3367326855659485 5.133394718170166
v -0.20221419632434845 0.35765352845191956 5.119563579559326
v -0.2059626430273056 0.33388447761535645 5.131602764129639
v -0.11856108903884888 0.3945372402667999 5.147549629211426
v -0.10503989458084106 0.3907236158847809 5.15480899810791
v -0.2588135302066803 -0.16307184100151062 5.017480373382568
v -0.24820254743099213 -0.16192293167114258 5.05181360244751
v -0.20668111741542816 0.05457640439271927 5.064527988433838
v -0.2116233855485916 0.06407420337200165 5.041934490203857
v -0.08627194166183472 0.05669774115085602 5.164768695831299
v -0.08601095527410507 0.03745336830615997 5.160573959350586
v -0.07952174544334412 0.4006783068180084 5.163083553314209
v -0.11061351746320724 0.004088202025741339 5.146134853363037
v -0.09002178907394409 0.0005603781901299953 5.151012420654297
v -0.08732424676418304 0.01979917474091053 5.156073093414307
v -0.10819888114929199 0.020635629072785378 5.151515483856201
v -0.08438828587532043 -0.01839587278664112 5.151000499725342
v -0.08371046185493469 -0.025285331532359123 5.15229606628418
v -0.08582451194524765 -0.14976342022418976 5.125193119049072
v -0.07467163354158401 -0.15018832683563232 5.128156661987305
v -0.2912924587726593 0.25391504168510437 5.1259660720825195
v -0.2802061438560486 0.2660582363605499 5.127557277679443
v -0.2900925278663635 0.28220751881599426 5.128488540649414
v -0.30255967378616333 0.26860299706459045 5.1260666847229
v -0.12910911440849304 0.007242122199386358 5.139465808868408
v -0.14751899242401123 0.011440941132605076 5.127591609954834
v -0.22068731486797333 0.2259443700313568 5.116235733032227
v -0.2239135503768921 0.22276902198791504 5.0996856689453125
v -0.08695393055677414 0.13857851922512054 5.175507068634033
v -0.13242045044898987 0.19097474217414856 5.201725482940674
v -0.1334390491247177 0.20716971158981323 5.196598529815674
v -0.14834560453891754 0.2088310420513153 5.194380760192871
v -0.14732901751995087 0.1936953365802765 5.200201034545898
v -0.0645708441734314 -0.21351441740989685 5.02853536605835
v -0.3100174069404602 0.29529479146003723 5.0430402755737305
v -0.29948368668556213 0.30329573154449463 5.039385795593262
v -0.29727038741111755 0.2947061359882355 5.032501697540283
v -0.30842140316963196 0.28765714168548584 5.035999298095703
v -0.0682658776640892 -0.25190502405166626 5.0505242347717285
v -0.07018823176622391 -0.2697727382183075 5.043132781982422
v -0.0807291567325592 -0.22579634189605713 4.956446170806885
v -0.06832709163427353 -0.21929813921451569 4.9708781242370605
v -0.13520610332489014 -0.2948698401451111 5.137524604797363
v -0.13672424852848053 -0.26382866501808167 5.138345718383789
v -0.13374316692352295 -0.3260422348976135 5.135636806488037
v -0.13459542393684387 -0.35738664865493774 5.134101390838623
v -0.14705345034599304 -0.548758327960968 5.090712547302246
v -0.15908081829547882 -0.5753512382507324 5.085038661956787
v -0.1692340224981308 -0.6573433876037598 5.049322605133057
v -0.17220234870910645 -0.6884972453117371 5.036914348602295
v -0.17629648745059967 -0.7221125960350037 5.024357318878174
v -0.18024678528308868 -0.7565916776657104 5.010026931762695
v -0.18435657024383545 -0.7893749475479126 4.999344348907471
v -0.39156925678253174 0.21673759818077087 5.078182697296143
v -0.3732791543006897 0.23648598790168762 5.077009201049805
v -0.3757808804512024 0.23089346289634705 5.062014102935791
v -0.394341379404068 0.21157488226890564 5.065108776092529
v -0.2991761863231659 0.1892392337322235 5.060553073883057
v -0.29732051491737366 0.1928306519985199 5.076389789581299
v -0.31378164887428284 0.1764736771583557 5.07590389251709
v -0.3161456286907196 0.17421330511569977 5.061211585998535
v -0.33480218052864075 0.1579674780368805 5.061192035675049
v -0.34110215306282043 0.15855592489242554 5.049442291259766
v -0.32090499997138977 0.1744811236858368 5.047638416290283
v -0.37033793330192566 0.17634722590446472 5.032753944396973
v -0.37971511483192444 0.18711823225021362 5.034675598144531
v -0.3586671054363251 0.2048218548297882 5.030262470245361
v -0.35016196966171265 0.1920253336429596 5.028768062591553
v -0.39284101128578186 0.2047610580921173 5.0514750480651855
v -0.37461066246032715 0.22257086634635925 5.0492119789123535
v -0.36871418356895447 0.2141086757183075 5.037962913513184
v -0.3879108726978302 0.19598126411437988 5.0413899421691895
v -0.33475157618522644 0.17003296315670013 5.102675914764404
v -0.3310833275318146 0.16316881775856018 5.089501857757568
v -0.31443676352500916 0.1812414526939392 5.0911383628845215
v -0.31762373447418213 0.18797777593135834 5.104420185089111
v -0.30173972249031067 0.2981627881526947 5.119988918304443
v -0.3143310844898224 0.28177911043167114 5.117368698120117
v -0.23457320034503937 0.25255289673805237 5.106356143951416
v -0.23705680668354034 0.26087290048599243 5.120351791381836
v -0.24493063986301422 0.2581571638584137 5.116343021392822
v -0.24225769937038422 0.25319573283195496 5.102414608001709
v -0.32892218232154846 0.2375931441783905 5.120602130889893
v -0.31473901867866516 0.2536681592464447 5.12315034866333
v -0.3275096118450165 0.2645902931690216 5.113784313201904
v -0.3426648676395416 0.24556174874305725 5.110238552093506
v -0.30006471276283264 0.20407429337501526 5.106204032897949
v -0.29729798436164856 0.19765686988830566 5.092430591583252
v -0.2818756401538849 0.21522614359855652 5.094299793243408
v -0.2840161621570587 0.22037401795387268 5.109114646911621
v -0.3186812102794647 0.19712969660758972 5.029618263244629
v -0.2985811233520508 0.2106861174106598 5.029372215270996
v -0.2714870572090149 0.2505502700805664 5.121091365814209
v -0.281720906496048 0.2391376793384552 5.120073318481445
v -0.2194354087114334 0.2148747742176056 5.1195526123046875
v -0.2287803441286087 0.21059322357177734 5.063587188720703
v -0.23048487305641174 0.2208026945590973 5.063431739807129
v -0.19259130954742432 0.15409035980701447 5.165196418762207
v -0.19423404335975647 0.16648221015930176 5.172730445861816
v -0.21903391182422638 0.1662486344575882 5.092594146728516
v -0.22308681905269623 0.18161006271839142 5.089874267578125
v -0.19991017878055573 0.16050750017166138 5.159723281860352
v -0.19885945320129395 0.16798949241638184 5.166244983673096
v -0.14665541052818298 0.10258929431438446 5.1479315757751465
v -0.09869522601366043 0.35115906596183777 5.1520209312438965
v -0.30267980694770813 0.24028515815734863 5.123185634613037
v -0.2917770445346832 0.22906967997550964 5.117905139923096
v -0.2923361659049988 0.2403424084186554 5.022425174713135
v -0.2771419584751129 0.24739280343055725 5.022634506225586
v -0.272452712059021 0.24114128947257996 5.025844573974609
v -0.28753218054771423 0.23211663961410522 5.025602340698242
v -0.1965099722146988 0.25657081604003906 4.9770379066467285
v -0.1824122816324234 0.24781346321105957 4.968101501464844
v -0.192544624209404 0.23189306259155273 4.974034309387207
v -0.20426492393016815 0.24266129732131958 4.982881546020508
v -0.3157097399234772 0.30311569571495056 5.0578932762146
v -0.32051965594291687 0.3025980293750763 5.069033145904541
v -0.30888667702674866 0.3166200518608093 5.069099426269531
v -0.30521735548973083 0.31389638781547546 5.0556640625
v -0.3113155961036682 0.3162790834903717 5.085362911224365
v -0.3249639570713043 0.2982199490070343 5.082545280456543
v -0.3233449459075928 0.29148295521736145 5.100205421447754
v -0.30984023213386536 0.310143381357193 5.10355806350708
v -0.24610206484794617 -0.13246861100196838 4.966164588928223
v -0.253914475440979 -0.13176563382148743 4.995581150054932
v -0.20451520383358002 -0.011960773728787899 5.077798366546631
v -0.18877750635147095 -0.019324930384755135 5.095844745635986
v -0.16865789890289307 -0.09556847810745239 5.111076831817627
v -0.09035582095384598 -0.2013857662677765 5.103239059448242
v -0.0746661126613617 -0.21492372453212738 5.082149505615234
v -0.07423139363527298 -0.2944575548171997 5.037035942077637
v -0.25313788652420044 -0.13178658485412598 5.0251922607421875
v -0.08187992125749588 -0.32421183586120605 5.035336494445801
v -0.09072653204202652 -0.3549917936325073 5.0352864265441895
v -0.14080996811389923 -0.35902929306030273 4.974767208099365
v -0.16890747845172882 -0.35972389578819275 4.971638202667236
v -0.16437530517578125 -0.33146926760673523 4.962717533111572
v -0.13314855098724365 -0.3289602994918823 4.966790199279785
v -0.19685201346874237 -0.35941725969314575 4.977969646453857
v -0.19453848898410797 -0.3321727514266968 4.969257831573486
v -0.19051291048526764 -0.415414035320282 5.136795997619629
v -0.19333849847316742 -0.6192373037338257 4.953941822052002
v -0.21622055768966675 -0.6542505621910095 4.951305866241455
v -0.2158515900373459 -0.6179184913635254 4.958576202392578
v -0.19557726383209229 -0.65388423204422 4.946639060974121
v -0.23414640128612518 -0.6210398077964783 4.971466064453125
v -0.23281632363796234 -0.5892468690872192 4.981976509094238
v -0.2409098595380783 -0.6791176795959473 5.030526161193848
v -0.1979137361049652 -0.6904538869857788 4.942142486572266
v -0.21732299029827118 -0.6908538341522217 4.945282459259033
v -0.2349797785282135 -0.6556956768035889 4.963623523712158
v -0.23250718414783478 -0.6930109262466431 4.9563398361206055
v -0.06826214492321014 -0.23873387277126312 5.056835174560547
v -0.23454643785953522 -0.1964157521724701 5.092569351196289
v -0.23051375150680542 -0.1669512391090393 5.090799331665039
v -0.16963402926921844 -0.15253306925296783 5.116629600524902
v -0.14062097668647766 -0.1663486808538437 5.1202616691589355
v -0.16360275447368622 0.03172862529754639 5.115029811859131
v -0.18086333572864532 0.03776571899652481 5.10032320022583
v -0.17863690853118896 0.07306298613548279 5.109283447265625
v -0.19305193424224854 0.07966966927051544 5.093392848968506
v -0.19410772621631622 0.06218251585960388 5.087715148925781
v -0.17977391183376312 0.05451706051826477 5.104212760925293
v -0.21052926778793335 0.09645184874534607 5.050051212310791
v -0.21063993871212006 0.10591913759708405 5.025641918182373
v -0.20865333080291748 0.089348703622818 5.022529602050781
v -0.21028277277946472 0.08041766285896301 5.046329021453857
v -0.2105693817138672 0.07388630509376526 5.018956184387207
v -0.2017737478017807 0.08199764788150787 4.99801778793335
v -0.1415524184703827 0.13204456865787506 4.95141077041626
v -0.15904630720615387 0.1252066045999527 4.958046913146973
v -0.16064248979091644 0.1450040489435196 4.959436416625977
v -0.1429179459810257 0.15286491811275482 4.954839706420898
v -0.0978410616517067 -0.15022432804107666 5.117751598358154
v -0.06920625269412994 -0.2202441692352295 5.0623459815979
v -0.13822175562381744 -0.23518896102905273 5.135542392730713
v -0.1724524348974228 -0.2015000581741333 5.132387638092041
v -0.20569048821926117 -0.19803941249847412 5.118395805358887
v -0.2628067433834076 0.2342374622821808 5.06641149520874
v -0.22213762998580933 0.26949167251586914 5.002680778503418
v -0.22390016913414001 0.258940726518631 5.0038228034973145
v -0.33705034852027893 0.2814851701259613 5.082047462463379
v -0.3357739746570587 0.27420851588249207 5.097593784332275
v -0.27195459604263306 0.23322173953056335 5.111120700836182
v -0.28055688738822937 0.2937770187854767 5.131099224090576
v -0.27106887102127075 0.27554991841316223 5.1292877197265625
v -0.26180145144462585 0.28624236583709717 5.132873058319092
v -0.1939031183719635 -0.10242843627929688 5.097621917724609
v -0.22035019099712372 -0.11378976702690125 5.082021713256836
v -0.1958252340555191 -0.12172001600265503 5.1003522872924805
v -0.06560811400413513 -0.21805442869663239 4.987918853759766
v -0.11430208384990692 -0.18355904519557953 5.116428375244141
v -0.09766902774572372 -0.384616881608963 5.036060810089111
v -0.10369517654180527 -0.41202443838119507 5.036149501800537
v -0.10806435346603394 -0.4370402693748474 5.0343828201293945
v -0.11188531666994095 -0.46108585596084595 5.034878730773926
v -0.11572305858135223 -0.4838847815990448 5.03257417678833
v -0.1228424683213234 -0.5061683058738708 5.029764175415039
v -0.13252606987953186 -0.5286170840263367 5.028872013092041
v -0.13896633684635162 -0.5511795878410339 5.0194878578186035
v -0.1339915245771408 -0.6097629070281982 5.006551265716553
v -0.13976716995239258 -0.6038097739219666 4.99017858505249
v -0.13981367647647858 -0.5762720108032227 5.004735469818115
v -0.14109429717063904 -0.6334768533706665 4.978941440582275
v -0.14400996267795563 -0.6658066511154175 4.970004558563232
v -0.1518387794494629 -0.6999680399894714 4.964016437530518
v -0.1585698276758194 -0.7347089052200317 4.9569902420043945
v -0.16332942247390747 -0.7701259255409241 4.951642036437988
v -0.06436853855848312 -0.21145717799663544 5.0127716064453125
v -0.06505781412124634 -0.21507476270198822 5.002030372619629
v -0.18322591483592987 0.33960849046707153 5.133572578430176
v -0.22892914712429047 0.23093563318252563 5.079041004180908
v -0.23194824159145355 0.23794642090797424 5.075537204742432
v -0.2630152404308319 0.24268868565559387 5.1126708984375
v -0.35721829533576965 0.23836535215377808 5.045146465301514
v -0.35855111479759216 0.24820378422737122 5.057323455810547
v -0.26916396617889404 0.23066478967666626 5.096113681793213
v -0.2353447526693344 0.246404230594635 5.0888824462890625
v -0.24192340672016144 0.24969908595085144 5.086417198181152
v -0.4176170527935028 0.19025357067584991 5.176673889160156
v -0.43122538924217224 0.18861235678195953 5.177371025085449
v -0.42758825421333313 0.1887086182832718 5.197177410125732
v -0.41458413004875183 0.1893913596868515 5.196775436401367
v -0.4050670266151428 0.18571177124977112 5.177628040313721
v -0.40302392840385437 0.1847286820411682 5.197075366973877
v -0.39526280760765076 0.126566082239151 5.181899547576904
v -0.3891734778881073 0.13832396268844604 5.179827690124512
v -0.39207324385643005 0.13974246382713318 5.199077129364014
v -0.3988790214061737 0.12890075147151947 5.20207405090332
v -0.393833190202713 0.17416755855083466 5.214994430541992
v -0.3904147744178772 0.16336505115032196 5.21554708480835
v -0.3894687592983246 0.16387438774108887 5.19641637802124
v -0.39436712861061096 0.17560698091983795 5.1959099769592285
v -0.4210091233253479 0.11647769808769226 5.185181140899658
v -0.4339302182197571 0.12089808285236359 5.184800624847412
v -0.43100979924201965 0.11555518209934235 5.164541721343994
v -0.4173276424407959 0.11235125362873077 5.164858818054199
v -0.3849005401134491 0.12234967947006226 5.099356174468994
v -0.3890717029571533 0.11044175922870636 5.101597309112549
v -0.38551610708236694 0.1108398288488388 5.087906360626221
v -0.3825240433216095 0.12287363409996033 5.087082386016846
v -0.4247575104236603 0.19142261147499084 5.137240409851074
v -0.43760979175567627 0.18643991649150848 5.135652542114258
v -0.4341525435447693 0.18844230473041534 5.156309127807617
v -0.42067232728004456 0.19144931435585022 5.157402515411377
v -0.3900057375431061 0.16498473286628723 5.136372089385986
v -0.38555172085762024 0.15002936124801636 5.135807037353516
v -0.3880822956562042 0.14926135540008545 5.115044593811035
v -0.3941764533519745 0.16370101273059845 5.114650249481201
v -0.42979907989501953 0.18972110748291016 5.116512775421143
v -0.44122314453125 0.18305149674415588 5.116026878356934
v -0.38890668749809265 0.16472740471363068 5.176711559295654
v -0.38718608021736145 0.1509999781847 5.177059173583984
v -0.3856674134731293 0.15092682838439941 5.156520366668701
v -0.3887939751148224 0.16533160209655762 5.156956672668457
v -0.42541810870170593 0.12664702534675598 5.224305629730225
v -0.4364147484302521 0.13159213960170746 5.223087787628174
v -0.435834676027298 0.12586425244808197 5.203361988067627
v -0.42384329438209534 0.12137928605079651 5.204238414764404
v -0.39121517539024353 0.15232853591442108 5.216729164123535
v -0.39488163590431213 0.14165273308753967 5.219134330749512
v -0.3892182409763336 0.1515246033668518 5.197141170501709
v -0.44414985179901123 0.17671093344688416 5.217752933502197
v -0.4355209171772003 0.1845986396074295 5.217467784881592
v -0.43887630105018616 0.18339882791042328 5.196663856506348
v -0.4477820098400116 0.17412211000919342 5.198111057281494
v -0.38949301838874817 0.1236838549375534 5.139669895172119
v -0.3856280446052551 0.1361875981092453 5.137205123901367
v -0.38663560152053833 0.13693960011005402 5.1578898429870605
v -0.3921789228916168 0.1249409168958664 5.160878658294678
v -0.4098574221134186 0.18908418715000153 5.137298107147217
v -0.4068584442138672 0.18761992454528809 5.15706205368042
v -0.4515034854412079 0.16988687217235565 5.176672458648682
v -0.44227367639541626 0.18186108767986298 5.176340579986572
v -0.44501540064811707 0.17946450412273407 5.156079292297363
v -0.4523668885231018 0.1669551581144333 5.156717777252197
v -0.4540551006793976 0.14553707838058472 5.138429641723633
v -0.44753721356391907 0.1304265707731247 5.140871047973633
v -0.4495013952255249 0.13688702881336212 5.160206317901611
v -0.45430463552474976 0.15172550082206726 5.158761024475098
v -0.38681837916374207 0.12237328290939331 5.117641448974609
v -0.3936748206615448 0.11088989675045013 5.121472358703613
v -0.41261234879493713 0.10805994272232056 5.146141529083252
v -0.4266844093799591 0.11034472286701202 5.145094871520996
v -0.42193445563316345 0.10539142787456512 5.124025821685791
v -0.40685874223709106 0.10418754816055298 5.122907638549805
v -0.4124838411808014 0.17334124445915222 5.089339733123779
v -0.42697906494140625 0.17945781350135803 5.087442874908447
v -0.42237886786460876 0.18351979553699493 5.098128795623779
v -0.40946197509765625 0.1752067655324936 5.097439289093018
v -0.4351494014263153 0.18505358695983887 5.0986151695251465
v -0.43868324160575867 0.1803247332572937 5.0854172706604
v -0.44226184487342834 0.17042097449302673 5.069418907165527
v -0.4411933720111847 0.16168788075447083 5.064209461212158
v -0.4459572732448578 0.15834367275238037 5.070077419281006
v -0.4470088481903076 0.16939884424209595 5.074211120605469
v -0.4508309066295624 0.13062416017055511 5.098938941955566
v -0.43988463282585144 0.1171303540468216 5.098549842834473
v -0.4445655941963196 0.12353448569774628 5.120245456695557
v -0.4536462724208832 0.1379316747188568 5.118609428405762
v -0.42123308777809143 0.10448648035526276 5.081475257873535
v -0.4082288146018982 0.09984840452671051 5.0855021476745605
v -0.4155145287513733 0.10129743814468384 5.102009296417236
v -0.4287917912006378 0.10683315992355347 5.099652290344238
v -0.3774920701980591 0.12863194942474365 5.051533222198486
v -0.36984434723854065 0.12625190615653992 5.059916973114014
v -0.3818214237689972 0.11487653851509094 5.061363220214844
v -0.3908630609512329 0.11756038665771484 5.0555524826049805
v -0.37132301926612854 0.12202522158622742 5.0796895027160645
v -0.36147037148475647 0.13235118985176086 5.0832200050354
v -0.36385372281074524 0.13890701532363892 5.093717575073242
v -0.37321823835372925 0.13049042224884033 5.089108943939209
v -0.40765145421028137 0.17913095653057098 5.09874153137207
v -0.418183833360672 0.18558284640312195 5.089208602905273
v -0.4260004460811615 0.1793215274810791 5.087233543395996
v -0.4142705798149109 0.17297609150409698 5.092635154724121
v -0.44618934392929077 0.1253689080476761 5.081453800201416
v -0.43346840143203735 0.11261999607086182 5.079605579376221
v -0.3779173791408539 0.11578933894634247 5.078874111175537
v -0.3779597580432892 0.12581443786621094 5.0849103927612305
v -0.3806929886341095 0.12321214377880096 5.08395528793335
v -0.3818505108356476 0.11250826716423035 5.080913543701172
v -0.392765074968338 0.1477145552635193 5.094026565551758
v -0.40286335349082947 0.16030481457710266 5.091104030609131
v -0.40320923924446106 0.16009047627449036 5.088576793670654
v -0.39362049102783203 0.14749933779239655 5.088232517242432
v -0.4156993329524994 0.17063520848751068 5.090121746063232
v -0.4289973974227905 0.17571745812892914 5.082571983337402
v -0.4281167984008789 0.1775015890598297 5.08394193649292
v -0.4144575297832489 0.1713677942752838 5.0864386558532715
v -0.44156157970428467 0.12683570384979248 5.069617748260498
v -0.4454423189163208 0.13783982396125793 5.071056842803955
v -0.44018834829330444 0.1385652869939804 5.062955379486084
v -0.4353252947330475 0.12822243571281433 5.060144424438477
v -0.4116673469543457 0.10540042817592621 5.069970607757568
v -0.399982750415802 0.10083082318305969 5.073963165283203
v -0.39343154430389404 0.1488942950963974 5.089147567749023
v -0.3852737545967102 0.13519299030303955 5.089038848876953
v -0.3847200572490692 0.1353321671485901 5.087615489959717
v -0.4394039213657379 0.17733915150165558 5.07863712310791
v -0.38592270016670227 0.13290080428123474 5.046311855316162
v -0.39487889409065247 0.13926398754119873 5.0417280197143555
v -0.3793348968029022 0.15145635604858398 5.038203239440918
v -0.37036144733428955 0.1449824869632721 5.043755531311035
v -0.3622305691242218 0.1411433070898056 5.051124095916748
v -0.354979008436203 0.1395014524459839 5.0604119300842285
v -0.3482813239097595 0.14549773931503296 5.086176872253418
v -0.3513962924480438 0.15237873792648315 5.0995612144470215
v -0.35821324586868286 0.1614915132522583 5.109842777252197
v -0.36744290590286255 0.17252279818058014 5.11547327041626
v -0.38095420598983765 0.15999656915664673 5.1108078956604
v -0.3708169758319855 0.1488528847694397 5.103477478027344
v -0.39256551861763 0.19291764497756958 5.103767395019531
v -0.40305444598197937 0.19850724935531616 5.0916290283203125
v -0.4239300489425659 0.18623711168766022 5.078017234802246
v -0.40954750776290894 0.1987742781639099 5.078166961669922
v -0.3826014995574951 0.1086033284664154 5.072007656097412
v -0.3746184706687927 0.11628980934619904 5.070180416107178
v -0.4536673128604889 0.15688225626945496 5.179172039031982
v -0.45049211382865906 0.14247359335422516 5.179727554321289
v -0.4498403072357178 0.14792872965335846 5.20054292678833
v -0.45112401247024536 0.16202224791049957 5.198950290679932
v -0.4436089098453522 0.14150311052799225 5.2223896980285645
v -0.4444302022457123 0.135636568069458 5.2024312019348145
v -0.39482253789901733 0.17706751823425293 5.176598072052002
v -0.3958643972873688 0.1780790388584137 5.157510280609131
v -0.4010397791862488 0.18336187303066254 5.2156524658203125
v -0.402328222990036 0.16120415925979614 5.089775085449219
v -0.3994060754776001 0.1628858894109726 5.097945213317871
v -0.4373015761375427 0.15190449357032776 5.059407711029053
v -0.4334908723831177 0.16730451583862305 5.0611252784729
v -0.4295685887336731 0.15839479863643646 5.054030895233154
v -0.45007041096687317 0.14090760052204132 5.082592964172363
v -0.4532758593559265 0.14770983159542084 5.097616195678711
v -0.44854843616485596 0.16430765390396118 5.095895767211914
v -0.44762685894966125 0.1557702124118805 5.079594612121582
v -0.4272860884666443 0.13226749002933502 5.052791595458984
v -0.43351486325263977 0.14244917035102844 5.054847240447998
v -0.4245583713054657 0.1493094116449356 5.048877239227295
v -0.4172409474849701 0.13915568590164185 5.045436382293701
v -0.39385077357292175 0.16986191272735596 5.107523441314697
v -0.4010927975177765 0.1626201570034027 5.098985195159912
v -0.4101548492908478 0.18740591406822205 5.054288387298584
v -0.42303821444511414 0.17617517709732056 5.058465957641602
v -0.42549416422843933 0.18172037601470947 5.066941738128662
v -0.4125395715236664 0.19338974356651306 5.066096305847168
v -0.4349343478679657 0.17504268884658813 5.067701816558838
v -0.4051826298236847 0.18023601174354553 5.045780181884766
v -0.4188302457332611 0.16811050474643707 5.049535274505615
v -0.37955406308174133 0.18391773104667664 5.113979339599609
v -0.4044344127178192 0.14884096384048462 5.040243625640869
v -0.4128107726573944 0.15897145867347717 5.043700695037842
v -0.39814621210098267 0.1711641550064087 5.039037227630615
v -0.38912785053253174 0.16097913682460785 5.036627769470215
v -0.44365766644477844 0.1301112025976181 5.182562828063965
v -0.4417365491390228 0.12465737760066986 5.162640571594238
v -0.39465636014938354 0.10186904668807983 5.086523056030273
v -0.40056928992271423 0.10209649801254272 5.101984977722168
v -0.38909006118774414 0.10419154167175293 5.076927661895752
v -0.40699464082717896 0.11848658323287964 5.183743000030518
v -0.41030246019363403 0.12232019007205963 5.204660415649414
v -0.39877018332481384 0.113202765583992 5.143207550048828
v -0.40305355191230774 0.11556100845336914 5.1642327308654785
v -0.4541827142238617 0.16158877313137054 5.135677814483643
v -0.4113735854625702 0.11497266590595245 5.057171821594238
v -0.4017905294895172 0.10970276594161987 5.060432434082031
v -0.4218716025352478 0.11112348735332489 5.066457748413086
v -0.34965530037879944 0.14191073179244995 5.073709011077881
v -0.3639134466648102 0.12773209810256958 5.071427345275879
v -0.4354790449142456 0.11780552566051483 5.069384574890137
v -0.3314113914966583 0.1584833562374115 5.074067115783691
v -0.44683101773262024 0.17252960801124573 5.082706451416016
v -0.43849560618400574 0.17627747356891632 5.076974868774414
v -0.43287816643714905 0.17939318716526031 5.0772271156311035
v -0.4228878915309906 0.18985188007354736 5.217339038848877
v -0.39796116948127747 0.17870943248271942 5.137066841125488
v -0.39135855436325073 0.14861434698104858 5.097322463989258
v -0.385469913482666 0.1353078931570053 5.098170280456543
v -0.41960033774375916 0.12236197292804718 5.053537368774414
v -0.4085220992565155 0.12931013107299805 5.046696186065674
v -0.3996349573135376 0.12261657416820526 5.050196170806885
v -0.3893214762210846 0.15149304270744324 5.103723526000977
v -0.37941399216651917 0.14037296175956726 5.0970540046691895
v -0.41299718618392944 0.1264367550611496 5.223702907562256
v -0.3841368556022644 0.1355615109205246 5.091500759124756
v -0.44589635729789734 0.17615899443626404 5.095031261444092
v -0.09700870513916016 0.3521699607372284 5.00191068649292
v -0.2126891314983368 0.1525534689426422 5.094898700714111
v -0.17396856844425201 0.12385691702365875 5.127990245819092
v -0.1875167042016983 0.12993760406970978 5.114892959594727
v -0.22597528994083405 0.20965784788131714 5.084280490875244
v -0.2271309345960617 0.22129371762275696 5.080877780914307
v -0.23692207038402557 0.24421527981758118 5.074514389038086
v -0.2432253211736679 0.2474382519721985 5.072029113769531
v -0.2197614163160324 0.18234694004058838 5.111546993255615
v -0.16658137738704681 0.5547235608100891 5.136327266693115
v -0.16528382897377014 0.5481864809989929 5.132128715515137
v -0.16916635632514954 0.5679582357406616 5.139625072479248
v -0.0814032256603241 -0.00996082928031683 5.150592803955078
v -0.16023993492126465 0.5393515229225159 5.145514011383057
v -0.15880273282527924 0.532732367515564 5.141377925872803
v -0.1627395749092102 0.535650908946991 5.1447834968566895
v -0.159348264336586 0.5403178334236145 5.147717475891113
v -0.15932516753673553 0.5410834550857544 5.14744758605957
v -0.1667490452528 0.5689679384231567 5.149814605712891
v -0.16290847957134247 0.5403447151184082 5.1298723220825195
v -0.16033388674259186 0.5315184593200684 5.129631519317627
v -0.16308510303497314 0.5542850494384766 5.15260124206543
v -0.11830215156078339 0.024097302928566933 4.922957420349121
v -0.09337875992059708 0.02598014660179615 4.922343730926514
v -0.09566963464021683 0.005329647567123175 4.914511680603027
v -0.12236201018095016 0.0033878623507916927 4.915309906005859
v -0.09788604080677032 -0.01544018741697073 4.905577182769775
v -0.21679574251174927 -0.05616307631134987 4.93436336517334
v -0.23337909579277039 -0.05319484695792198 4.957088947296143
v -0.22884531319141388 -0.03178200498223305 4.959789752960205
v -0.21294178068637848 -0.03309658169746399 4.937718391418457
v -0.2339635044336319 -0.016135064885020256 4.985549449920654
v -0.22189533710479736 -0.01427504327148199 4.962222099304199
v -0.23961883783340454 -0.03272987902164459 4.985799312591553
v -0.24322852492332458 -0.037381548434495926 5.013257026672363
v -0.23809315264225006 -0.020412525162100792 5.012374401092529
v -0.23910069465637207 -0.0449223667383194 5.039065361022949
v -0.23508703708648682 -0.026910660788416862 5.037879467010498
v -0.22956404089927673 -0.05378437414765358 5.061883926391602
v -0.21486279368400574 -0.061647240072488785 5.081900119781494
v -0.1958567500114441 -0.08524806797504425 5.094241142272949
v -0.17196208238601685 -0.07571575790643692 5.1128387451171875
v -0.19514010846614838 -0.06873870640993118 5.098662853240967
v -0.12415454536676407 -0.08770882338285446 5.134670257568359
v -0.14800803363323212 -0.08243441581726074 5.123973846435547
v -0.08477500826120377 -0.09456393867731094 5.148875713348389
v -0.10359806567430496 -0.09220366925001144 5.142501354217529
v -0.1770576387643814 0.31689590215682983 5.142325401306152
v -0.17161059379577637 0.4035693407058716 5.060570240020752
v -0.1815270036458969 0.397970050573349 5.059153079986572
v -0.18955448269844055 0.3945704996585846 5.080439567565918
v -0.1969107985496521 0.356965035200119 5.010758876800537
v -0.20093350112438202 0.36946508288383484 5.0252790451049805
v -0.18045717477798462 0.3699054419994354 5.015894412994385
v -0.17706571519374847 0.3573553264141083 5.0046844482421875
v -0.1610533893108368 0.4013936519622803 5.045751571655273
v -0.15482039749622345 0.40365076065063477 5.04626989364624
v -0.16844721138477325 0.3967474400997162 5.042083740234375
v -0.13460831344127655 0.3890669047832489 5.023104667663574
v -0.1520480513572693 0.3932234048843384 5.0302653312683105
v -0.22980578243732452 0.3733304440975189 5.080348968505859
v -0.2295178771018982 0.37047454714775085 5.057032585144043
v -0.23914547264575958 0.36616477370262146 5.061587810516357
v -0.2407865673303604 0.36840659379959106 5.084407329559326
v -0.22312738001346588 0.33853021264076233 5.013834476470947
v -0.2193404883146286 0.3259275555610657 5.005732536315918
v -0.23076681792736053 0.3242839574813843 5.0109758377075195
v -0.23359817266464233 0.33627864718437195 5.018629550933838
v -0.275418758392334 0.3484405279159546 5.101510524749756
v -0.2732906937599182 0.3501528799533844 5.079501152038574
v -0.28617823123931885 0.341543048620224 5.082571506500244
v -0.28691041469573975 0.3378045856952667 5.103740692138672
v -0.23575380444526672 0.34768661856651306 5.030150413513184
v -0.15703748166561127 0.2589954435825348 4.959583759307861
v -0.17490269243717194 0.2646399140357971 4.966204643249512
v -0.18991148471832275 0.2705956995487213 4.974151134490967
v -0.2212366908788681 0.2797343134880066 5.001628398895264
v -0.2133188396692276 0.27822551131248474 4.9944939613342285
v -0.21527762711048126 0.2663187086582184 4.994715690612793
v -0.23043189942836761 0.28039786219596863 5.00492000579834
v -0.23965607583522797 0.27952682971954346 5.010130882263184
v -0.2529411017894745 0.26885274052619934 5.126529216766357
v -0.24407146871089935 0.27497056126594543 5.130860328674316
v -0.25212743878364563 0.29651939868927 5.134603500366211
v -0.2583090364933014 0.272037535905838 5.019587516784668
v -0.24744577705860138 0.27361223101615906 5.015981674194336
v -0.2455214112997055 0.2679734528064728 5.017784118652344
v -0.25647470355033875 0.267257422208786 5.020410060882568
v -0.21957974135875702 0.3786746859550476 5.077365398406982
v -0.28343674540519714 0.33771052956581116 5.063839912414551
v -0.2703224718570709 0.3445332944393158 5.061276912689209
v -0.2681158781051636 0.3376404345035553 5.047844409942627
v -0.28159236907958984 0.3317124545574188 5.052434921264648
v -0.2780904471874237 0.32423821091651917 5.0396342277526855
v -0.2657562792301178 0.32901641726493835 5.035926818847656
v -0.26292604207992554 0.3195565938949585 5.026244640350342
v -0.2748655080795288 0.3156979978084564 5.030591011047363
v -0.2616848945617676 0.277692586183548 5.018223762512207
v -0.24957673251628876 0.2803881764411926 5.0151686668396
v -0.2910878360271454 0.31244608759880066 5.121966361999512
v -0.24875237047672272 0.3562985956668854 5.114926338195801
v -0.24006985127925873 0.34044063091278076 5.132590293884277
v -0.23034776747226715 0.34744465351104736 5.129058361053467
v -0.23753924667835236 0.36288875341415405 5.10987663269043
v -0.2551140785217285 0.24167421460151672 5.0553412437438965
v -0.25236257910728455 0.24464640021324158 5.069136619567871
v -0.2569977939128876 0.24072083830833435 5.043043613433838
v -0.24286653101444244 0.2559840679168701 5.022532939910889
v -0.2586652338504791 0.24243733286857605 5.034112930297852
v -0.25433704257011414 0.250911146402359 5.113640785217285
v -0.26180800795555115 0.26097753643989563 5.123544216156006
v -0.2309628278017044 0.3175198435783386 5.1378865242004395
v -0.22204478085041046 0.32507291436195374 5.136232852935791
v -0.29811087250709534 0.3250855803489685 5.10439395904541
v -0.29908761382102966 0.33000752329826355 5.085512161254883
v -0.2716641128063202 0.26801934838294983 5.0204949378967285
v -0.2695964574813843 0.2630094885826111 5.020801544189453
v -0.2820553481578827 0.2588861286640167 5.0216546058654785
v -0.23599784076213837 0.2561536729335785 5.0155415534973145
v -0.24348199367523193 0.26306596398353577 5.0196733474731445
v -0.25129663944244385 0.3631661832332611 5.091056823730469
v -0.2964738607406616 0.32858920097351074 5.066763401031494
v -0.2939775586128235 0.32321444153785706 5.054079055786133
v -0.25437942147254944 0.33197295665740967 5.029780864715576
v -0.2561204135417938 0.3417571783065796 5.042229175567627
v -0.24570368230342865 0.3449607789516449 5.035895347595215
v -0.24398477375507355 0.3343377709388733 5.024313449859619
v -0.2889244556427002 0.30860868096351624 5.034061908721924
v -0.28502869606018066 0.3008938133716583 5.028400421142578
v -0.2416601926088333 0.32297831773757935 5.015687465667725
v -0.2519058585166931 0.3215086758136749 5.020249843597412
v -0.27486521005630493 0.2742284834384918 5.019737243652344
v -0.21408423781394958 0.3311450183391571 5.134147644042969
v -0.20871390402317047 0.3094216585159302 5.140010833740234
v -0.1994958370923996 0.3127938210964203 5.140702247619629
v -0.2261856645345688 0.29288601875305176 5.137552261352539
v -0.21754099428653717 0.30172300338745117 5.138606548309326
v -0.23514752089977264 0.28237664699554443 5.135320663452148
v -0.1889834851026535 0.3159315288066864 5.143128871917725
v -0.42828288674354553 0.11987835168838501 5.060668468475342
v -0.2807947099208832 0.2534806430339813 5.021562576293945
v -0.2936740815639496 0.24829885363578796 5.02185583114624
v -0.29368725419044495 0.25464579463005066 5.021189212799072
v -0.3489699065685272 0.23172825574874878 5.035191535949707
v -0.06041603162884712 0.4687040150165558 5.22476053237915
v -0.059278711676597595 0.4734024107456207 5.227871417999268
v -0.05860719829797745 0.49260905385017395 5.231967449188232
v -0.05880365148186684 0.49610552191734314 5.231639862060547
v -0.4424683749675751 0.1481347233057022 5.065893173217773
v -0.4455987811088562 0.14666971564292908 5.072617530822754
v -0.4541943371295929 0.1554519087076187 5.116025447845459
v -0.4470842182636261 0.17604896426200867 5.1351470947265625
v -0.44874635338783264 0.1707388013601303 5.114747047424316
v -0.41512078046798706 0.1881989985704422 5.116469860076904
v -0.4022691249847412 0.17898505926132202 5.115977764129639
v -0.3854399025440216 0.1349620521068573 5.115471363067627
v -0.4340822994709015 0.11201062798500061 5.121222019195557
v -0.4039519131183624 0.1889641433954239 5.255030155181885
v -0.4146735668182373 0.19150149822235107 5.256612300872803
v -0.4104980528354645 0.1923326551914215 5.274975776672363
v -0.3994828164577484 0.18913546204566956 5.272769927978516
v -0.3966484069824219 0.19040337204933167 5.290170669555664
v -0.3900904059410095 0.182501882314682 5.289760112762451
v -0.3921735882759094 0.18199215829372406 5.273636341094971
v -0.388430118560791 0.1735946238040924 5.291482925415039
v -0.3890273869037628 0.173054501414299 5.272988319396973
v -0.3906385600566864 0.16467241942882538 5.291964530944824
v -0.3950856029987335 0.15710896253585815 5.2933454513549805
v -0.3941698968410492 0.15577232837677002 5.2761125564575195
v -0.3902638852596283 0.16408371925354004 5.274153232574463
v -0.3984582722187042 0.1465529054403305 5.259100437164307
v -0.4002161920070648 0.1485702246427536 5.278597831726074
v -0.4074689447879791 0.14254869520664215 5.2795634269714355
v -0.4058331549167633 0.1386970430612564 5.260880470275879
v -0.42672935128211975 0.14720971882343292 5.300203800201416
v -0.43360647559165955 0.15265464782714844 5.299804210662842
v -0.43454626202583313 0.14744745194911957 5.281134128570557
v -0.4268917441368103 0.14148224890232086 5.282311916351318
v -0.4434530735015869 0.16165298223495483 5.260120391845703
v -0.4410282075405121 0.15113694965839386 5.260426998138428
v -0.4394756853580475 0.15632575750350952 5.28067684173584
v -0.44136881828308105 0.1663164645433426 5.279656887054443
v -0.4407111704349518 0.17127154767513275 5.2967143058776855
v -0.43752941489219666 0.180745467543602 5.296239376068115
v -0.43948325514793396 0.17569378018379211 5.278383255004883
v -0.4110812246799469 0.18932698667049408 5.216652870178223
v -0.40851494669914246 0.18857711553573608 5.2357096672058105
v -0.3983260691165924 0.18267719447612762 5.2349114418029785
v -0.3898036777973175 0.16389262676239014 5.255451679229736
v -0.3896022140979767 0.16426631808280945 5.23621129989624
v -0.3915998041629791 0.1744869500398636 5.2363386154174805
v -0.39012959599494934 0.17343567311763763 5.25429105758667
v -0.4018633961677551 0.13183829188346863 5.221008777618408
v -0.39646658301353455 0.14450226724147797 5.239993095397949
v -0.403905987739563 0.13575662672519684 5.241863250732422
v -0.39287522435188293 0.15499812364578247 5.2562150955200195
v -0.39175841212272644 0.15429700911045074 5.237767696380615
v -0.4159225523471832 0.13500933349132538 5.2623419761657715
v -0.41713806986808777 0.1398381143808365 5.282066822052002
v -0.4270029664039612 0.18741311132907867 5.255914211273193
v -0.43612372875213623 0.18141785264015198 5.257607936859131
v -0.4326191842556 0.18364588916301727 5.276800632476807
v -0.42311522364616394 0.1892186552286148 5.275701999664307
v -0.4147096574306488 0.13062717020511627 5.242036819458008
v -0.4400236904621124 0.17916780710220337 5.237526893615723
v -0.4313291013240814 0.18607355654239655 5.2370100021362305
v -0.441692590713501 0.17243964970111847 5.258462429046631
v -0.4450921416282654 0.16915908455848694 5.239237308502197
v -0.4193985164165497 0.19184574484825134 5.292332172393799
v -0.40715891122817993 0.19413912296295166 5.291453838348389
v -0.4200303852558136 0.1897543966770172 5.235742092132568
v -0.42684420943260193 0.1361217349767685 5.262849807739258
v -0.43578043580055237 0.14212089776992798 5.2623395919799805
v -0.4362703263759613 0.1367972195148468 5.241640567779541
v -0.4262789785861969 0.13128437101840973 5.242246627807617
v -0.4476591646671295 0.15302200615406036 5.2196574211120605
v -0.4423663318157196 0.1466064751148224 5.241287708282471
v -0.4455195665359497 0.15763315558433533 5.240482807159424
v -0.4383973181247711 0.1605931669473648 5.298296928405762
v -0.4479199945926666 0.1656438112258911 5.219244956970215
v -0.3940211832523346 0.19926896691322327 5.3681769371032715
v -0.3906198740005493 0.19301295280456543 5.361103057861328
v -0.38216784596443176 0.1994137465953827 5.36342716217041
v -0.3863511383533478 0.2054990828037262 5.369894027709961
v -0.37100541591644287 0.186766117811203 5.348230361938477
v -0.3670215606689453 0.18876886367797852 5.338433265686035
v -0.3615797162055969 0.19888001680374146 5.344053745269775
v -0.36502715945243835 0.19686537981033325 5.352611064910889
v -0.38076522946357727 0.21251967549324036 5.368855953216553
v -0.37625744938850403 0.20599102973937988 5.363251686096191
v -0.37886661291122437 0.21768057346343994 5.364320278167725
v -0.3855021297931671 0.22534489631652832 5.369108200073242
v -0.38416552543640137 0.21901622414588928 5.373014450073242
v -0.38894057273864746 0.23104798793792725 5.373519420623779
v -0.39342567324638367 0.2281906008720398 5.361001968383789
v -0.39755383133888245 0.23424935340881348 5.370245933532715
v -0.4183501601219177 0.22103646397590637 5.35973596572876
v -0.4264257252216339 0.2150319218635559 5.359773635864258
v -0.42646878957748413 0.22107693552970886 5.373577117919922
v -0.4176075756549835 0.22684615850448608 5.371856212615967
v -0.4369971454143524 0.2045426368713379 5.372704029083252
v -0.4320518374443054 0.21350011229515076 5.3741936683654785
v -0.43167075514793396 0.20818498730659485 5.360076427459717
v -0.4363136887550354 0.20052748918533325 5.360166549682617
v -0.4061986804008484 0.19054722785949707 5.364867210388184
v -0.40487173199653625 0.18373477458953857 5.358013153076172
v -0.3994675576686859 0.18767964839935303 5.35882043838501
v -0.40149596333503723 0.19396355748176575 5.365443229675293
v -0.3722696602344513 0.22262966632843018 5.359306335449219
v -0.38218387961387634 0.2228412628173828 5.354531288146973
v -0.38167765736579895 0.22281664609909058 5.360894203186035
v -0.37170135974884033 0.22054994106292725 5.362908363342285
v -0.4089384377002716 0.15987828373908997 5.343636989593506
v -0.4088335633277893 0.15556585788726807 5.332552909851074
v -0.40213435888290405 0.15952786803245544 5.330132007598877
v -0.40341031551361084 0.16321322321891785 5.341220855712891
v -0.3792184889316559 0.17361649870872498 5.32879114151001
v -0.3866581618785858 0.16857320070266724 5.324523448944092
v -0.3833942115306854 0.17714601755142212 5.31363582611084
v -0.37897947430610657 0.18272259831428528 5.319011211395264
v -0.3728391230106354 0.1801951825618744 5.332446098327637
v -0.37445539236068726 0.1889132261276245 5.3242340087890625
v -0.36954671144485474 0.19631093740463257 5.330690383911133
v -0.36350494623184204 0.20497506856918335 5.33758544921875
v -0.4192411005496979 0.15181389451026917 5.331187725067139
v -0.42032212018966675 0.15327656269073486 5.341622829437256
v -0.38162532448768616 0.24439045786857605 5.414999485015869
v -0.38394248485565186 0.24037733674049377 5.417964935302734
v -0.38536784052848816 0.23895582556724548 5.413776874542236
v -0.38268914818763733 0.24280685186386108 5.409615516662598
v -0.43619832396507263 0.16237613558769226 5.335427284240723
v -0.4391975998878479 0.17116889357566833 5.333459854125977
v -0.43862488865852356 0.16765010356903076 5.327907085418701
v -0.4344499707221985 0.15904086828231812 5.329100131988525
v -0.4386174976825714 0.16603338718414307 5.34348726272583
v -0.44034212827682495 0.17602896690368652 5.341163158416748
v -0.38847431540489197 0.2545839548110962 5.414883613586426
v -0.3842175304889679 0.2525469660758972 5.413763046264648
v -0.38621869683265686 0.25091978907585144 5.408382892608643
v -0.39079177379608154 0.25271692872047424 5.408875465393066
v -0.38797423243522644 0.2113719880580902 5.374844074249268
v -0.39504510164260864 0.20521807670593262 5.374447822570801
v -0.3914864659309387 0.22029641270637512 5.389397144317627
v -0.39492666721343994 0.21173477172851562 5.382744312286377
v -0.38788849115371704 0.21777644753456116 5.380434036254883
v -0.3876866102218628 0.22400447726249695 5.385746479034424
v -0.41045883297920227 0.19897618889808655 5.380517959594727
v -0.4101550579071045 0.1938682198524475 5.372868061065674
v -0.40490445494651794 0.19938498735427856 5.37461519241333
v -0.40504899621009827 0.2045266330242157 5.3820881843566895
v -0.4168662130832672 0.18440958857536316 5.3756422996521
v -0.41805148124694824 0.18950682878494263 5.3829545974731445
v -0.42148494720458984 0.18413957953453064 5.384169101715088
v -0.42020750045776367 0.18009966611862183 5.377470016479492
v -0.4151180684566498 0.20280537009239197 5.396402359008789
v -0.4156217873096466 0.2076982855796814 5.402606964111328
v -0.4193654954433441 0.2043665647506714 5.403658390045166
v -0.418738454580307 0.1990872621536255 5.397428512573242
v -0.43891921639442444 0.16524246335029602 5.32197904586792
v -0.43403860926628113 0.1569041907787323 5.322050094604492
v -0.4445168673992157 0.18649500608444214 5.373898029327393
v -0.4442516267299652 0.17660662531852722 5.375052452087402
v -0.4461717903614044 0.17816075682640076 5.384675025939941
v -0.4465627074241638 0.1882932186126709 5.383841037750244
v -0.43825241923332214 0.18084397912025452 5.330949783325195
v -0.4386174976825714 0.17757770419120789 5.325280666351318
v -0.393245130777359 0.25383681058883667 5.417730331420898
v -0.39563044905662537 0.2519834041595459 5.4115071296691895
v -0.3773341774940491 0.20284482836723328 5.327220439910889
v -0.37007659673690796 0.21129363775253296 5.336704254150391
v -0.38257837295532227 0.19589346647262573 5.320195198059082
v -0.3856982886791229 0.19106265902519226 5.316162586212158
v -0.3869871199131012 0.18747514486312866 5.310050010681152
v -0.39887675642967224 0.21207785606384277 5.386325836181641
v -0.4010452330112457 0.199174702167511 5.371539115905762
v -0.40925222635269165 0.1873399317264557 5.366324424743652
v -0.42663004994392395 0.16640505194664001 5.373255252838135
v -0.42596229910850525 0.16232237219810486 5.366161346435547
v -0.4185726046562195 0.16873693466186523 5.366652965545654
v -0.421396940946579 0.17165547609329224 5.371973037719727
v -0.44000962376594543 0.1690467894077301 5.376220703125
v -0.43363359570503235 0.1682124137878418 5.379146099090576
v -0.4347359240055084 0.17141669988632202 5.386369228363037
v -0.4413573443889618 0.17162218689918518 5.385923385620117
v -0.37079331278800964 0.22516506910324097 5.356219291687012
v -0.3789275586605072 0.22161132097244263 5.348433494567871
v -0.43027642369270325 0.15512582659721375 5.33915376663208
v -0.42808666825294495 0.15334850549697876 5.331281661987305
v -0.42717671394348145 0.15253102779388428 5.323410511016846
v -0.404229998588562 0.17246827483177185 5.34995174407959
v -0.3995829224586487 0.16480058431625366 5.338783264160156
v -0.3942609429359436 0.16733470559120178 5.340038299560547
v -0.4008091986179352 0.175315260887146 5.349912643432617
v -0.3852255344390869 0.18455642461776733 5.3541483879089355
v -0.3789062201976776 0.17763584852218628 5.344870090484619
v -0.3767600953578949 0.1922324001789093 5.35675048828125
v -0.395809143781662 0.16288724541664124 5.3282551765441895
v -0.40234771370887756 0.1575600504875183 5.3195624351501465
v -0.39537474513053894 0.16192644834518433 5.317583084106445
v -0.4104021489620209 0.15370184183120728 5.321804046630859
v -0.4194091558456421 0.15136221051216125 5.322628974914551
v -0.40238770842552185 0.15489846467971802 5.309593677520752
v -0.3957759439945221 0.15963125228881836 5.308254718780518
v -0.4108450710773468 0.1513298749923706 5.311975955963135
v -0.41938164830207825 0.15007871389389038 5.313061714172363
v -0.44040611386299133 0.174520343542099 5.309343338012695
v -0.4390921890735626 0.16388896107673645 5.311628818511963
v -0.43950897455215454 0.17555022239685059 5.318511962890625
v -0.3868076503276825 0.17534410953521729 5.305191993713379
v -0.3888794481754303 0.1678537130355835 5.315051078796387
v -0.39040014147758484 0.16605708003044128 5.3065505027771
v -0.3886023759841919 0.18511319160461426 5.30338191986084
v -0.36099064350128174 0.204186350107193 5.355536937713623
v -0.3574239909648895 0.20993921160697937 5.3589582443237305
v -0.36254242062568665 0.21122723817825317 5.3634538650512695
v -0.3666501045227051 0.20675215125083923 5.360836982727051
v -0.39131808280944824 0.23567095398902893 5.379637241363525
v -0.38722696900367737 0.23010200262069702 5.381898880004883
v -0.38566774129867554 0.22480115294456482 5.376800537109375
v -0.4134587049484253 0.16148212552070618 5.352612018585205
v -0.42306220531463623 0.1553952991962433 5.351634979248047
v -0.3954833447933197 0.21887728571891785 5.391088485717773
v -0.3932335376739502 0.2503120005130768 5.403616428375244
v -0.3881641626358032 0.248418927192688 5.402155876159668
v -0.390668123960495 0.243266761302948 5.391997814178467
v -0.39612606167793274 0.24565750360488892 5.3926310539245605
v -0.3991340100765228 0.2237028181552887 5.3978471755981445
v -0.3945227265357971 0.22387617826461792 5.395222187042236
v -0.3929162621498108 0.22761446237564087 5.400876045227051
v -0.39778047800064087 0.22869592905044556 5.403352737426758
v -0.4229225814342499 0.19791802763938904 5.402663230895996
v -0.42258450388908386 0.19359174370765686 5.39843225479126
v -0.4142908453941345 0.22971108555793762 5.385293483734131
v -0.40750041604042053 0.23653829097747803 5.379319667816162
v -0.40818843245506287 0.23246219754219055 5.370579719543457
v -0.4147421419620514 0.19408589601516724 5.381911277770996
v -0.4151075780391693 0.1984184980392456 5.389069557189941
v -0.4186841547489166 0.19433963298797607 5.391048908233643
v -0.40103477239608765 0.212875634431839 5.389767646789551
v -0.39921534061431885 0.2173178493976593 5.392534255981445
v -0.40389177203178406 0.21311050653457642 5.392887592315674
v -0.4049336612224579 0.2085144817829132 5.387616157531738
v -0.44260546565055847 0.17375436425209045 5.363177299499512
v -0.43717867136001587 0.1641993224620819 5.366715431213379
v -0.3817780911922455 0.248774915933609 5.412986755371094
v -0.38328662514686584 0.24739432334899902 5.408570289611816
v -0.4335339665412903 0.15521281957626343 5.3133225440979
v -0.4269474148750305 0.15131863951683044 5.314068794250488
v -0.4137133061885834 0.1892072558403015 5.374136924743652
v -0.40767550468444824 0.22587764263153076 5.358616352081299
v -0.4118099808692932 0.18334662914276123 5.366389274597168
v -0.43766236305236816 0.2003290355205536 5.3942461013793945
v -0.4365611672401428 0.19337531924247742 5.396450519561768
v -0.43387511372566223 0.19735965132713318 5.403229713439941
v -0.43670523166656494 0.20281222462654114 5.401622772216797
v -0.39615944027900696 0.23502817749977112 5.412550926208496
v -0.3909057676792145 0.23402157425880432 5.410851955413818
v -0.3896782398223877 0.2371065616607666 5.41585111618042
v -0.3947286307811737 0.23830226063728333 5.417882442474365
v -0.3910342752933502 0.22546055912971497 5.3925251960754395
v -0.38809773325920105 0.22882679104804993 5.389080047607422
v -0.387065052986145 0.23352789878845215 5.3941144943237305
v -0.3893183767795563 0.22956740856170654 5.397629261016846
v -0.38844600319862366 0.2342807948589325 5.386241436004639
v -0.3875978887081146 0.2389073371887207 5.393174171447754
v -0.4007112383842468 0.23922163248062134 5.412081718444824
v -0.4016231298446655 0.24519124627113342 5.410213470458984
v -0.4050315320491791 0.23970872163772583 5.399580001831055
v -0.40274593234062195 0.2336406707763672 5.403629302978516
v -0.43516436219215393 0.19596874713897705 5.348357200622559
v -0.4391680359840393 0.18842115998268127 5.349517345428467
v -0.4403021037578583 0.1920434534549713 5.3609395027160645
v -0.44127920269966125 0.19524312019348145 5.373394012451172
v -0.44031819701194763 0.19674932956695557 5.385572910308838
v -0.4370773136615753 0.20776775479316711 5.385948181152344
v -0.44283217191696167 0.18413841724395752 5.361683368682861
v -0.40847334265708923 0.22602367401123047 5.395465850830078
v -0.4078737795352936 0.23321133852005005 5.392880439758301
v -0.4134208858013153 0.22879040241241455 5.394303321838379
v -0.4154498279094696 0.17751625180244446 5.367490768432617
v -0.38509365916252136 0.24484780430793762 5.403126239776611
v -0.4046434164047241 0.20044195652008057 5.316535472869873
v -0.41653111577033997 0.19906854629516602 5.319429874420166
v -0.4173058569431305 0.20240432024002075 5.325751304626465
v -0.40416234731674194 0.20418938994407654 5.322910785675049
v -0.3871426582336426 0.23594117164611816 5.4079155921936035
v -0.3843654692173004 0.2398758828639984 5.404651641845703
v -0.42715248465538025 0.1896868646144867 5.399768829345703
v -0.42704644799232483 0.1944219172000885 5.403796195983887
v -0.4306359589099884 0.1933971643447876 5.405167102813721
v -0.43192946910858154 0.1890067756175995 5.400683879852295
v -0.4416462779045105 0.18081781268119812 5.350681781768799
v -0.4468752443790436 0.17903932929039001 5.392236709594727
v -0.4479723870754242 0.18856436014175415 5.389552593231201
v -0.43846696615219116 0.18455201387405396 5.338314533233643
v -0.4342382550239563 0.1922721564769745 5.337509632110596
v -0.43341130018234253 0.18950390815734863 5.328911781311035
v -0.4293554723262787 0.21688112616539001 5.3887786865234375
v -0.4305725693702698 0.202653169631958 5.347363471984863
v -0.4293197691440582 0.19828709959983826 5.336767196655273
v -0.42744746804237366 0.19576075673103333 5.326855659484863
v -0.42625728249549866 0.19355633854866028 5.320273399353027
v -0.433242529630661 0.18716764450073242 5.3221564292907715
v -0.3984431326389313 0.24952754378318787 5.40654182434082
v -0.3988942801952362 0.2479124665260315 5.415422439575195
v -0.4335973560810089 0.1855463683605194 5.315353870391846
v -0.43526095151901245 0.1843653917312622 5.3076066970825195
v -0.4270179569721222 0.18997177481651306 5.30559778213501
v -0.42616894841194153 0.19160336256027222 5.313399791717529
v -0.4231279790401459 0.20407220721244812 5.336111068725586
v -0.4159010946750641 0.20884087681770325 5.335544109344482
v -0.425243616104126 0.20882248878479004 5.347833156585693
v -0.4177606999874115 0.21461915969848633 5.347733974456787
v -0.4245505630970001 0.22537115216255188 5.386039733886719
v -0.39360108971595764 0.24848449230194092 5.429507732391357
v -0.3962022364139557 0.24513095617294312 5.423551082611084
v -0.39342835545539856 0.24079644680023193 5.42360258102417
v -0.3915710747241974 0.24467790126800537 5.430743217468262
v -0.3983229100704193 0.2423628568649292 5.417398929595947
v -0.3964432179927826 0.25007253885269165 5.42054557800293
v -0.4063001871109009 0.21884620189666748 5.346645355224609
v -0.4038940370082855 0.21853706240653992 5.397149085998535
v -0.40155982971191406 0.21109461784362793 5.334170818328857
v -0.3939204514026642 0.22339817881584167 5.349108695983887
v -0.389230340719223 0.21807247400283813 5.340497970581055
v -0.3923644423484802 0.20214951038360596 5.3208160400390625
v -0.387752890586853 0.20788034796714783 5.3269944190979
v -0.3949168026447296 0.19479981064796448 5.311047077178955
v -0.39403730630874634 0.19748839735984802 5.315281867980957
v -0.3953663110733032 0.19234046339988708 5.3021650314331055
v -0.3794724643230438 0.2153199315071106 5.335865497589111
v -0.3798035681247711 0.24622121453285217 5.4222540855407715
v -0.38272714614868164 0.2424466609954834 5.425259590148926
v -0.4049963355064392 0.19772052764892578 5.311654567718506
v -0.405213862657547 0.1958400309085846 5.3033318519592285
v -0.3707464933395386 0.20049190521240234 5.35898494720459
v -0.41220715641975403 0.1728055775165558 5.3600897789001465
v -0.40965333580970764 0.17740458250045776 5.358962059020996
v -0.4249527156352997 0.15869683027267456 5.359938144683838
v -0.41606709361076355 0.16543719172477722 5.360676288604736
v -0.4167739748954773 0.1947368085384369 5.304828643798828
v -0.4015326499938965 0.15136556327342987 5.2964911460876465
v -0.409486323595047 0.14716336131095886 5.297914505004883
v -0.42899343371391296 0.18774282932281494 5.294363975524902
v -0.3795872628688812 0.25072962045669556 5.420129776000977
v -0.41971516609191895 0.21185830235481262 5.405145645141602
v -0.4216621518135071 0.21058425307273865 5.40426778793335
v -0.35757941007614136 0.20594236254692078 5.348451614379883
v -0.35481151938438416 0.2123686969280243 5.353824615478516
v -0.359891802072525 0.2221909463405609 5.349688529968262
v -0.35581284761428833 0.2170390784740448 5.350313186645508
v -0.3589739501476288 0.2115250527858734 5.344029426574707
v -0.3642551302909851 0.2173103392124176 5.343079566955566
v -0.4065435826778412 0.17054888606071472 5.351188659667969
v -0.4093565046787262 0.16741737723350525 5.351871013641357
v -0.44084301590919495 0.17009997367858887 5.353411674499512
v -0.43562567234039307 0.16093555092811584 5.3570075035095215
v -0.39205116033554077 0.23907971382141113 5.384740352630615
v -0.3990502655506134 0.23842847347259521 5.3791656494140625
v -0.3983847200870514 0.24125534296035767 5.385305404663086
v -0.40214794874191284 0.2445422112941742 5.395786762237549
v -0.40513119101524353 0.22406253218650818 5.397715091705322
v -0.40367963910102844 0.22843456268310547 5.397199630737305
v -0.38715896010398865 0.17134195566177368 5.3421101570129395
v -0.3943006694316864 0.17922228574752808 5.351322174072266
v -0.37240076065063477 0.2112179696559906 5.363734722137451
v -0.3690299093723297 0.2155580222606659 5.363921165466309
v -0.41031166911125183 0.20317158102989197 5.388111591339111
v -0.4254193603992462 0.2219906449317932 5.398496150970459
v -0.42194250226020813 0.22833847999572754 5.394813060760498
v -0.40991684794425964 0.2075517475605011 5.394235134124756
v -0.3857240080833435 0.25682350993156433 5.422358989715576
v -0.38159433007240295 0.2546136677265167 5.42122220993042
v -0.405141144990921 0.23990711569786072 5.386909008026123
v -0.4223592281341553 0.18866536021232605 5.390743255615234
v -0.42804357409477234 0.2141503393650055 5.3971757888793945
v -0.42336371541023254 0.2167569398880005 5.402731418609619
v -0.44163864850997925 0.17404299974441528 5.390655517578125
v -0.41623586416244507 0.19661357998847961 5.313436508178711
v -0.3886267840862274 0.23865556716918945 5.421713352203369
v -0.38726067543029785 0.24123021960258484 5.428159713745117
v -0.3935142457485199 0.2525213956832886 5.427811622619629
v -0.3905254304409027 0.25590038299560547 5.424096584320068
v -0.433290034532547 0.15775975584983826 5.347690105438232
v -0.40760013461112976 0.1807299256324768 5.358913898468018
v -0.4184090197086334 0.14556008577346802 5.298863887786865
v -0.37203505635261536 0.2209782898426056 5.343909740447998
v -0.36595073342323303 0.22558251023292542 5.352322101593018
v -0.4096849858760834 0.2116662859916687 5.399062156677246
v -0.4422878324985504 0.19297626614570618 5.392745494842529
v -0.43640443682670593 0.20931565761566162 5.393644332885742
v -0.43579691648483276 0.2106253206729889 5.399986743927002
v -0.4297676384449005 0.21483048796653748 5.402178764343262
v -0.42494356632232666 0.21350696682929993 5.404096603393555
v -0.39164215326309204 0.2547175884246826 5.4335618019104
v -0.38854989409446716 0.25802698731422424 5.42976713180542
v -0.3838062882423401 0.25914663076400757 5.4282917976379395
v -0.3798668086528778 0.2565239667892456 5.426197528839111
v -0.3784134089946747 0.2524352967739105 5.425621032714844
v -0.3917894661426544 0.25103211402893066 5.434981346130371
v -0.3900362253189087 0.24727848172187805 5.436171054840088
v -0.38608595728874207 0.24384096264839172 5.433564186096191
v -0.39031267166137695 0.2526960074901581 5.4401960372924805
v -0.3897912800312042 0.25686115026474 5.439460277557373
v -0.3791219890117645 0.2626096308231354 5.43947696685791
v -0.3821590542793274 0.2616520822048187 5.43544864654541
v -0.38324543833732605 0.2620486319065094 5.4389448165893555
v -0.3817054331302643 0.26310548186302185 5.441178798675537
v -0.3807603418827057 0.2642498016357422 5.445377826690674
v -0.3780546486377716 0.2631613612174988 5.444375514984131
v -0.38613805174827576 0.2608206272125244 5.438948631286621
v -0.38523346185684204 0.2620733976364136 5.442149639129639
v -0.3874371647834778 0.25923952460289 5.443518161773682
v -0.3866340219974518 0.2606743276119232 5.4481120109558105
v -0.3843982517719269 0.26351290941238403 5.446849822998047
v -0.3879126012325287 0.25887858867645264 5.440381050109863
v -0.3870585262775421 0.2597966194152832 5.434670925140381
v -0.3784859776496887 0.26340970396995544 5.449038982391357
v -0.3804820477962494 0.2647877633571625 5.448846340179443
v -0.3832140564918518 0.2642461061477661 5.451044082641602
v -0.38131168484687805 0.2622871696949005 5.451321125030518
v -0.3788233995437622 0.2585611641407013 5.432479381561279
v -0.3771844804286957 0.25983160734176636 5.437596797943115
v -0.37645599246025085 0.26035648584365845 5.442965507507324
v -0.37712332606315613 0.2604425847530365 5.4478840827941895
v -0.3763393759727478 0.2563319504261017 5.438262462615967
v -0.37645962834358215 0.25737646222114563 5.444828987121582
v -0.377212792634964 0.25741857290267944 5.447567462921143
v -0.3769392967224121 0.25268954038619995 5.440052509307861
v -0.37718895077705383 0.2546612024307251 5.44536018371582
v -0.37795373797416687 0.25004395842552185 5.432476997375488
v -0.37747347354888916 0.2544299364089966 5.431432723999023
v -0.377810001373291 0.2556816339492798 5.448086261749268
v -0.3803052008152008 0.2595396041870117 5.4521942138671875
v -0.3887806236743927 0.2566479444503784 5.444607734680176
v -0.38729754090309143 0.2578471004962921 5.44870138168335
v -0.38866475224494934 0.2539302706718445 5.445167541503906
v -0.38676729798316956 0.2553786039352417 5.449341773986816
v -0.3851511776447296 0.2598292827606201 5.452226638793945
v -0.38558465242385864 0.26185670495033264 5.450931549072266
v -0.3789604604244232 0.24791717529296875 5.4275007247924805
v -0.38201048970222473 0.24444079399108887 5.429729461669922
v -0.38090693950653076 0.24663642048835754 5.435217380523682
v -0.37965020537376404 0.24941429495811462 5.44244909286499
v -0.38505735993385315 0.24610203504562378 5.438056945800781
v -0.38863980770111084 0.2491334080696106 5.440542697906494
v -0.38707834482192993 0.25131750106811523 5.445385932922363
v -0.3840400278568268 0.2489955723285675 5.444919109344482
v -0.3851694166660309 0.2530631422996521 5.448613166809082
v -0.3828538954257965 0.2519289255142212 5.449098110198975
v -0.37955519556999207 0.25254571437835693 5.446476936340332
v -0.38286349177360535 0.2550220787525177 5.451210021972656
v -0.384162038564682 0.2572934627532959 5.452229976654053
v -0.37984171509742737 0.25676390528678894 5.450706481933594
v -0.3817521035671234 0.2537916600704193 5.449707984924316
v -0.37967655062675476 0.2547321319580078 5.448921203613281
v -0.4032967984676361 0.23036599159240723 5.433462619781494
v -0.4061233699321747 0.22639402747154236 5.435643672943115
v -0.40755417943000793 0.22518903017044067 5.429088115692139
v -0.4044656455516815 0.2289104163646698 5.427008628845215
v -0.40885427594184875 0.24068716168403625 5.43078088760376
v -0.4039760231971741 0.23794838786125183 5.4305219650268555
v -0.4055412709712982 0.23690876364707947 5.424175262451172
v -0.41056594252586365 0.23937010765075684 5.423857688903809
v -0.4146716296672821 0.23906192183494568 5.432722091674805
v -0.4165628254413605 0.23766672611236572 5.425278663635254
v -0.412241667509079 0.23768731951713562 5.417324542999268
v -0.4070136547088623 0.23497596383094788 5.416932106018066
v -0.40837427973747253 0.2293393611907959 5.405058860778809
v -0.4130779206752777 0.2327394187450409 5.40390157699585
v -0.41385582089424133 0.21353116631507874 5.409383296966553
v -0.41822341084480286 0.2152101993560791 5.412265300750732
v -0.40231984853744507 0.23426112532615662 5.431685447692871
v -0.40372076630592346 0.23301038146018982 5.425315856933594
v -0.416544646024704 0.22088459134101868 5.4235615730285645
v -0.41221994161605835 0.22002151608467102 5.422281742095947
v -0.4111305773258209 0.222967267036438 5.430119037628174
v -0.41535142064094543 0.22350916266441345 5.431139945983887
v -0.40584424138069153 0.22100797295570374 5.406459331512451
v -0.4094406068325043 0.21631088852882385 5.407148838043213
v -0.4058479368686676 0.22541868686676025 5.405044078826904
v -0.42050161957740784 0.22427865862846375 5.423300266265869
v -0.421772301197052 0.23004141449928284 5.4221673011779785
v -0.42379453778266907 0.2260569930076599 5.408993244171143
v -0.4221626818180084 0.21987396478652954 5.411124229431152
v -0.4048675000667572 0.23077809810638428 5.417912006378174
v -0.40859130024909973 0.22242054343223572 5.421226978302002
v -0.4052591025829315 0.2262987494468689 5.419292449951172
v -0.41845372319221497 0.23584702610969543 5.418680191040039
v -0.41970914602279663 0.23178955912590027 5.428761005401611
v -0.4156796634197235 0.23240327835083008 5.446755409240723
v -0.41728517413139343 0.22897732257843018 5.438176155090332
v -0.4144682288169861 0.22533506155014038 5.438316345214844
v -0.41334065794944763 0.22883257269859314 5.447080135345459
v -0.418660044670105 0.22679004073143005 5.431761741638184
v -0.4179668128490448 0.2338634431362152 5.435750961303711
v -0.40193986892700195 0.2327181100845337 5.443611145019531
v -0.4050475060939789 0.229051411151886 5.4458909034729
v -0.40100735425949097 0.23651966452598572 5.442417144775391
v -0.42043736577033997 0.23203080892562866 5.4049506187438965
v -0.40685564279556274 0.24257159233093262 5.440043926239014
v -0.4024440348148346 0.23984581232070923 5.440755367279053
v -0.4100721776485443 0.2242661714553833 5.437464714050293
v -0.40901902318000793 0.22699770331382751 5.446938514709473
v -0.4158320128917694 0.23667582869529724 5.443551540374756
v -0.41254952549934387 0.24127119779586792 5.440950393676758
v -0.414279580116272 0.23868641257286072 5.4511919021606445
v -0.4111802875995636 0.24300333857536316 5.449249267578125
v -0.4057341516017914 0.24443766474723816 5.447165489196777
v -0.4017050862312317 0.24150091409683228 5.447097301483154
v -0.40066298842430115 0.23814326524734497 5.448532581329346
v -0.4142848253250122 0.234785258769989 5.452922821044922
v -0.41242721676826477 0.23147442936897278 5.4537272453308105
v -0.40854278206825256 0.22929829359054565 5.452297687530518
v -0.413457989692688 0.2369009256362915 5.460165500640869
v -0.4133613109588623 0.24085405468940735 5.459463119506836
v -0.4030114710330963 0.24798768758773804 5.466048717498779
v -0.4033994972705841 0.2473302185535431 5.460619926452637
v -0.406276136636734 0.24747270345687866 5.46193790435791
v -0.40582382678985596 0.24917015433311462 5.4665751457214355
v -0.4054626226425171 0.24653840065002441 5.455933570861816
v -0.4073231518268585 0.24661555886268616 5.458935260772705
v -0.4099879562854767 0.24521157145500183 5.459439277648926
v -0.4099748134613037 0.24653998017311096 5.46321439743042
v -0.4119952917098999 0.24344483017921448 5.464278221130371
v -0.4119020402431488 0.24488800764083862 5.469065189361572
v -0.4098900854587555 0.24846306443214417 5.468080997467041
v -0.41193488240242004 0.24294239282608032 5.460622310638428
v -0.4061081111431122 0.2502117455005646 5.471811771392822
v -0.4043566584587097 0.24830558896064758 5.471044540405273
v -0.4104629158973694 0.24451082944869995 5.4556355476379395
v -0.401510089635849 0.2434665858745575 5.453665733337402
v -0.4009387195110321 0.24493229389190674 5.460237979888916
v -0.40133798122406006 0.24542617797851562 5.466063976287842
v -0.40317681431770325 0.24536734819412231 5.471181869506836
v -0.40001237392425537 0.2413444221019745 5.4608941078186035
v -0.40076518058776855 0.2424323558807373 5.466610908508301
v -0.40283212065696716 0.2427549660205841 5.470849514007568
v -0.400878369808197 0.23748710751533508 5.462043285369873
v -0.4017157554626465 0.2395433485507965 5.4676008224487305
v -0.4013654291629791 0.23559066653251648 5.454620361328125
v -0.400452584028244 0.239620178937912 5.454097747802734
v -0.4030778110027313 0.24083316326141357 5.470348358154297
v -0.4078213572502136 0.247715026140213 5.474407196044922
v -0.40650081634521484 0.24472293257713318 5.474207878112793
v -0.4093668758869171 0.25018176436424255 5.472821235656738
v -0.41231802105903625 0.2409675419330597 5.4648661613464355
v -0.4118233323097229 0.24236354231834412 5.46970796585083
v -0.4126730263233185 0.23854342103004456 5.465342998504639
v -0.41187503933906555 0.2403310239315033 5.470437049865723
v -0.41107746958732605 0.24482476711273193 5.473685264587402
v -0.4116377532482147 0.2466634213924408 5.472630500793457
v -0.4016971290111542 0.23438268899917603 5.449678421020508
v -0.4046423137187958 0.2309207320213318 5.4513397216796875
v -0.40413665771484375 0.23201292753219604 5.456085205078125
v -0.4038383364677429 0.23405855894088745 5.463677883148193
v -0.4082082211971283 0.23077687621116638 5.457180976867676
v -0.41174688935279846 0.23337531089782715 5.458552360534668
v -0.41115131974220276 0.23578444123268127 5.465269565582275
v -0.4080374836921692 0.2334962785243988 5.46467399597168
v -0.4102649688720703 0.23821070790290833 5.470215320587158
v -0.40767285227775574 0.23645570874214172 5.469637870788574
v -0.40430688858032227 0.23706522583961487 5.468770980834961
v -0.4086005389690399 0.24029698967933655 5.473141193389893
v -0.4101191461086273 0.24251610040664673 5.474031448364258
v -0.40556105971336365 0.24194353818893433 5.473119735717773
v -0.40715691447257996 0.2386757731437683 5.471948146820068
v -0.404958575963974 0.23969325423240662 5.471517086029053
v -0.4211053252220154 0.21177595853805542 5.434076309204102
v -0.42265692353248596 0.2067931890487671 5.434435844421387
v -0.4235087037086487 0.20618575811386108 5.428562164306641
v -0.42141541838645935 0.21085503697395325 5.4271416664123535
v -0.4284227192401886 0.21944066882133484 5.432621955871582
v -0.4249277412891388 0.21869507431983948 5.432150363922119
v -0.42501598596572876 0.2181178629398346 5.426547527313232
v -0.4288348853588104 0.21903106570243835 5.424952030181885
v -0.4325505793094635 0.2170601189136505 5.432467460632324
v -0.43351855874061584 0.21619635820388794 5.425448894500732
v -0.4293128550052643 0.21823254227638245 5.418333530426025
v -0.42474281787872314 0.2169613242149353 5.420011043548584
v -0.4246778190135956 0.2140478789806366 5.409854412078857
v -0.4297854006290436 0.21611633896827698 5.409396171569824
v -0.4223708510398865 0.21603071689605713 5.433506488800049
v -0.422354131937027 0.21510472893714905 5.426783084869385
v -0.42992183566093445 0.2003505825996399 5.422019004821777
v -0.42692551016807556 0.20112404227256775 5.421842575073242
v -0.42670729756355286 0.20302727818489075 5.429477214813232
v -0.4295894205570221 0.2023812234401703 5.428501129150391
v -0.42153361439704895 0.20591628551483154 5.410788536071777
v -0.4235464036464691 0.2009211778640747 5.410064697265625
v -0.4220450520515442 0.21035650372505188 5.410199165344238
v -0.4338795244693756 0.2032736837863922 5.422013759613037
v -0.43647196888923645 0.20877739787101746 5.420351982116699
v -0.43675997853279114 0.20565670728683472 5.41012716293335
v -0.43364837765693665 0.20011427998542786 5.410919666290283
v -0.42210015654563904 0.21374258399009705 5.420771598815918
v -0.42335745692253113 0.20430105924606323 5.422150611877441
v -0.4214416742324829 0.2093561887741089 5.421945095062256
v -0.43422064185142517 0.21481284499168396 5.41789436340332
v -0.4356519281864166 0.21033066511154175 5.427741527557373
v -0.43256130814552307 0.20954617857933044 5.4450883865356445
v -0.4329991638660431 0.2065715491771698 5.434861660003662
v -0.42958715558052063 0.20332837104797363 5.435698986053467
v -0.4298230707645416 0.2063494324684143 5.445955276489258
v -0.43342217803001404 0.2049020230770111 5.428872585296631
v -0.4346514046192169 0.21184468269348145 5.434218883514404
v -0.4205745458602905 0.21288105845451355 5.442046165466309
v -0.4224991798400879 0.20843708515167236 5.444033145904541
v -0.42182987928390503 0.21694320440292358 5.441792011260986
v -0.4351294934749603 0.2126428782939911 5.408050537109375
v -0.42977407574653625 0.19655358791351318 5.410913944244385
v -0.4272517263889313 0.2205856442451477 5.441490650177002
v -0.4241194427013397 0.219669371843338 5.4415459632873535
v -0.4259371757507324 0.20339158177375793 5.435057163238525
v -0.42600324749946594 0.2054896354675293 5.444681167602539
v -0.4336473047733307 0.2140660583972931 5.443257808685303
v -0.43147143721580505 0.21881118416786194 5.441834926605225
v -0.4334612190723419 0.21555492281913757 5.450656890869141
v -0.43096134066581726 0.22003582119941711 5.449126243591309
v -0.4269305169582367 0.22207725048065186 5.4494171142578125
v -0.42363372445106506 0.22057390213012695 5.448596000671387
v -0.42161864042282104 0.21758773922920227 5.448016166687012
v -0.4321978688240051 0.21121680736541748 5.450767517089844
v -0.4297003448009491 0.2085462212562561 5.451414108276367
v -0.4259374439716339 0.20722630620002747 5.449460029602051
v -0.4322485625743866 0.21222636103630066 5.456625938415527
v -0.43280282616615295 0.21667620539665222 5.456454753875732
v -0.42487260699272156 0.22485628724098206 5.466451168060303
v -0.424770712852478 0.22398167848587036 5.460258960723877
v -0.42689579725265503 0.22342559695243835 5.460966110229492
v -0.4269270598888397 0.22477832436561584 5.465304851531982
v -0.4265187084674835 0.22311007976531982 5.454784393310547
v -0.42772218585014343 0.22287607192993164 5.457589149475098
v -0.4302891492843628 0.2213166356086731 5.457377910614014
v -0.43040233850479126 0.22230377793312073 5.461475849151611
v -0.43188849091529846 0.21847960352897644 5.461516857147217
v -0.43192431330680847 0.21949803829193115 5.46586799621582
v -0.43036559224128723 0.2233898639678955 5.46591329574585
v -0.43202099204063416 0.21872863173484802 5.45806360244751
v -0.42733141779899597 0.2253938913345337 5.468409538269043
v -0.42565587162971497 0.22480273246765137 5.469078540802002
v -0.4305656850337982 0.2208215296268463 5.454296588897705
v -0.42306265234947205 0.2215632200241089 5.453641891479492
v -0.42229804396629333 0.22242644429206848 5.459325790405273
v -0.4225105941295624 0.22296273708343506 5.464808940887451
v -0.42380383610725403 0.22247052192687988 5.46871280670166
v -0.4208720028400421 0.21932998299598694 5.458926200866699
v -0.4212692081928253 0.22001299262046814 5.464327335357666
v -0.4226033389568329 0.21968874335289001 5.467721939086914
v -0.420747846364975 0.2157592475414276 5.45908784866333
v -0.4213597774505615 0.2169952392578125 5.464148998260498
v -0.4210874140262604 0.21458935737609863 5.4530158042907715
v -0.4213602840900421 0.2183903157711029 5.453544616699219
v -0.42243969440460205 0.21770530939102173 5.466736316680908
v -0.42856258153915405 0.22265827655792236 5.471067428588867
v -0.42669346928596497 0.22000890970230103 5.470794677734375
v -0.4301372170448303 0.22414496541023254 5.469637393951416
v -0.43233099579811096 0.21588388085365295 5.461296081542969
v -0.431831032037735 0.21693888306617737 5.465882778167725
v -0.4313727021217346 0.2131039798259735 5.461043357849121
v -0.43076249957084656 0.21471506357192993 5.466002464294434
v -0.4310711920261383 0.21913635730743408 5.469449520111084
v -0.43163588643074036 0.2208564281463623 5.468803882598877
v -0.4210052788257599 0.21377256512641907 5.4476728439331055
v -0.42266032099723816 0.20976802706718445 5.448544502258301
v -0.42270445823669434 0.21092066168785095 5.453845024108887
v -0.42243340611457825 0.21217754483222961 5.45951509475708
v -0.42590048909187317 0.2085120975971222 5.454531192779541
v -0.42944255471229553 0.20968711376190186 5.455622673034668
v -0.4291679561138153 0.21103668212890625 5.46072244644165
v -0.42584875226020813 0.21012663841247559 5.460097312927246
v -0.428762286901474 0.21297863125801086 5.4656596183776855
v -0.42600223422050476 0.2122635841369629 5.465184211730957
v -0.4230085611343384 0.21407398581504822 5.464655876159668
v -0.4276697337627411 0.21517664194107056 5.468630313873291
v -0.42959633469581604 0.21692541241645813 5.469363689422607
v -0.42528286576271057 0.21783798933029175 5.470724582672119
v -0.42598819732666016 0.21416565775871277 5.4675092697143555
v -0.42398080229759216 0.2159857153892517 5.4675679206848145
v -0.4269324839115143 0.19771811366081238 5.4100494384765625
v -0.4404015839099884 0.18505701422691345 5.421865940093994
v -0.44118866324424744 0.18132570385932922 5.421940326690674
v -0.44059687852859497 0.1817435622215271 5.416931629180908
v -0.4399077594280243 0.18528321385383606 5.41724967956543
v -0.4484948515892029 0.19103556871414185 5.421881198883057
v -0.44454601407051086 0.19117894768714905 5.422891616821289
v -0.44376298785209656 0.1916707456111908 5.41730260848999
v -0.4481861889362335 0.19193214178085327 5.417186737060547
v -0.45217177271842957 0.1874253749847412 5.42173957824707
v -0.45214858651161194 0.18818646669387817 5.41646671295166
v -0.44692152738571167 0.19229960441589355 5.409852504730225
v -0.44220009446144104 0.19193261861801147 5.411681652069092
v -0.43966254591941833 0.19148659706115723 5.402245998382568
v -0.4444529116153717 0.19256657361984253 5.399694919586182
v -0.4417472183704376 0.17550310492515564 5.3959431648254395
v -0.43767860531806946 0.17660647630691528 5.396482467651367
v -0.43927136063575745 0.17753997445106506 5.403432369232178
v -0.4427322745323181 0.17565113306045532 5.401164531707764
v -0.4417310059070587 0.18864476680755615 5.422307014465332
v -0.4407649040222168 0.1889149248600006 5.417105197906494
v -0.44476357102394104 0.1766197383403778 5.4108686447143555
v -0.4413626194000244 0.17850393056869507 5.411957263946533
v -0.4425909221172333 0.1787150800228119 5.416449069976807
v -0.4457445740699768 0.17693668603897095 5.415896892547607
v -0.43414297699928284 0.17953932285308838 5.3968119621276855
v -0.4322079122066498 0.18386319279670715 5.398807525634766
v -0.4355817139148712 0.18454769253730774 5.403378486633301
v -0.43673214316368103 0.18068885803222656 5.403472900390625
v -0.4366280138492584 0.18787220120429993 5.402796268463135
v -0.4486401081085205 0.17770907282829285 5.409546852111816
v -0.45133814215660095 0.18231937289237976 5.4092841148376465
v -0.4497028887271881 0.18125784397125244 5.398815631866455
v -0.4466259181499481 0.17703592777252197 5.401182651519775
v -0.4395225942134857 0.18886825442314148 5.412052154541016
v -0.4390491843223572 0.18157783150672913 5.411707401275635
v -0.4385603964328766 0.1854856014251709 5.412484645843506
v -0.45123493671417236 0.18862846493721008 5.408530235290527
v -0.4521937072277069 0.18239402770996094 5.415978908538818
v -0.45082902908325195 0.17722907662391663 5.4275221824646
v -0.45026054978370667 0.17752665281295776 5.421188831329346
v -0.4467402398586273 0.17617788910865784 5.421663761138916
v -0.4478587806224823 0.1759595274925232 5.428274154663086
v -0.4495979845523834 0.1780683398246765 5.415843963623047
v -0.4524315297603607 0.18177223205566406 5.421073913574219
v -0.4410291016101837 0.184915691614151 5.428332328796387
v -0.44192758202552795 0.1810516119003296 5.428010940551758
v -0.44262149930000305 0.18824461102485657 5.429764270782471
v -0.4498175084590912 0.18923965096473694 5.398218631744385
v -0.44885948300361633 0.19049572944641113 5.429416179656982
v -0.4451794922351837 0.1904602348804474 5.430086612701416
v -0.44332265853881836 0.17811435461044312 5.421313762664795
v -0.444559246301651 0.17775589227676392 5.428346633911133
v -0.4529140293598175 0.18139269948005676 5.428562164306641
v -0.45231547951698303 0.1869642734527588 5.42911958694458
v -0.4535045921802521 0.18134498596191406 5.433854103088379
v -0.45290011167526245 0.186839759349823 5.434484481811523
v -0.4492163360118866 0.19029054045677185 5.434961318969727
v -0.4455103874206543 0.19027405977249146 5.434406280517578
v -0.4429522156715393 0.18792569637298584 5.433216571807861
v -0.45142069458961487 0.17738482356071472 5.43345832824707
v -0.44838306307792664 0.17645233869552612 5.4326629638671875
v -0.4453330934047699 0.17812684178352356 5.432314872741699
v -0.4515970051288605 0.17826128005981445 5.437559127807617
v -0.45390579104423523 0.18231764435768127 5.439784526824951
v -0.4478442966938019 0.19024395942687988 5.4481520652771
v -0.44779056310653687 0.19034245610237122 5.443783283233643
v -0.449842244386673 0.18949061632156372 5.444601058959961
v -0.44995224475860596 0.1900506317615509 5.448253154754639
v -0.4492532014846802 0.18994688987731934 5.439480304718018
v -0.4507295787334442 0.18935933709144592 5.441788196563721
v -0.4526626169681549 0.18724998831748962 5.440244674682617
v -0.4528215229511261 0.18770426511764526 5.444623947143555
v -0.45408037304878235 0.18416231870651245 5.444737434387207
v -0.45384594798088074 0.184123694896698 5.448815822601318
v -0.45320555567741394 0.18814191222190857 5.448831558227539
v -0.4538837969303131 0.18441712856292725 5.44146728515625
v -0.45064011216163635 0.19014370441436768 5.4512763023376465
v -0.4490409195423126 0.18966329097747803 5.452053546905518
v -0.4527169167995453 0.18693354725837708 5.438056945800781
v -0.4458812177181244 0.18998649716377258 5.438190937042236
v -0.4458507001399994 0.19006231427192688 5.444511413574219
v -0.4459356963634491 0.189560204744339 5.448361873626709
v -0.4472043514251709 0.18800309300422668 5.4518208503723145
v -0.4442592263221741 0.18819564580917358 5.443447589874268
v -0.4446813762187958 0.18767526745796204 5.447506904602051
v -0.4459649324417114 0.18629974126815796 5.450623989105225
v -0.4435579478740692 0.1853604018688202 5.442325592041016
v -0.44422775506973267 0.185337096452713 5.446448802947998
v -0.44281166791915894 0.18494173884391785 5.436865329742432
v -0.4437611997127533 0.18797412514686584 5.437642574310303
v -0.44532033801078796 0.18511945009231567 5.449431419372559
v -0.4512685239315033 0.18680953979492188 5.453212738037109
v -0.4491531550884247 0.18541735410690308 5.452922821044922
v -0.453198105096817 0.18811669945716858 5.451956748962402
v -0.45347216725349426 0.18132001161575317 5.443896770477295
v -0.4531753361225128 0.18181806802749634 5.449125289916992
v -0.4516178369522095 0.17899128794670105 5.442893981933594
v -0.4511415660381317 0.18021973967552185 5.448380470275879
v -0.45265471935272217 0.18372148275375366 5.452159404754639
v -0.4538865387439728 0.18495449423789978 5.451506614685059
v -0.4419427812099457 0.1848551332950592 5.433112621307373
v -0.44289785623550415 0.18122133612632751 5.432845115661621
v -0.44348376989364624 0.18136727809906006 5.4361891746521
v -0.4441676139831543 0.18209528923034668 5.441910743713379
v -0.44579651951789856 0.17845067381858826 5.436094284057617
v -0.448933869600296 0.17723938822746277 5.437367916107178
v -0.4490262567996979 0.17813247442245483 5.4421067237854
v -0.4460758864879608 0.1791090965270996 5.441154479980469
v -0.4488914906978607 0.1798953115940094 5.447606086730957
v -0.4465615451335907 0.18065527081489563 5.446745872497559
v -0.4448380470275879 0.18279290199279785 5.446169376373291
v -0.44842222332954407 0.182275652885437 5.450771808624268
v -0.45046523213386536 0.18265071511268616 5.451832294464111
v -0.4473954141139984 0.18443933129310608 5.451614856719971
v -0.4469870924949646 0.18222936987876892 5.449576377868652
v -0.446104496717453 0.1837277114391327 5.449753761291504
v -0.4450976550579071 0.1766597330570221 5.395458221435547
v -0.36469584703445435 0.23091435432434082 5.36244010925293
v -0.36649706959724426 0.22823664546012878 5.3666815757751465
v -0.3574264943599701 0.216326504945755 5.368546009063721
v -0.362271785736084 0.21956980228424072 5.369460105895996
v -0.3529071807861328 0.2164415717124939 5.364990711212158
v -0.3512837886810303 0.22363781929016113 5.35768985748291
v -0.35085833072662354 0.2196272313594818 5.361295700073242
v -0.36581864953041077 0.2245185375213623 5.369534969329834
v -0.36067456007003784 0.23164430260658264 5.3596906661987305
v -0.35524454712867737 0.22848832607269287 5.358092784881592
v -0.3561622202396393 0.23763367533683777 5.364809989929199
v -0.35037750005722046 0.23482534289360046 5.363927841186523
v -0.34633269906044006 0.22966742515563965 5.365235328674316
v -0.3464120328426361 0.22440862655639648 5.367486000061035
v -0.34917694330215454 0.22043830156326294 5.370175838470459
v -0.36088111996650696 0.23660418391227722 5.368290901184082
v -0.3631822168827057 0.23286524415016174 5.37075662612915
v -0.36249294877052307 0.22752222418785095 5.374078273773193
v -0.35717737674713135 0.24200063943862915 5.373149394989014
v -0.35150355100631714 0.24538016319274902 5.373324394226074
v -0.3370751440525055 0.24179083108901978 5.37991189956665
v -0.3390832841396332 0.2385636866092682 5.376264572143555
v -0.3400368392467499 0.24241581559181213 5.375415802001953
v -0.33767807483673096 0.24533849954605103 5.377510070800781
v -0.34205809235572815 0.23634126782417297 5.371891975402832
v -0.3419404923915863 0.24111106991767883 5.373551368713379
v -0.3446674346923828 0.2447352111339569 5.3734612464904785
v -0.3429785966873169 0.2471567988395691 5.374724864959717
v -0.3476649522781372 0.24746060371398926 5.374200344085693
v -0.34720325469970703 0.2501677870750427 5.3759002685546875
v -0.3404954969882965 0.25024908781051636 5.3765363693237305
v -0.33654361963272095 0.248214453458786 5.379855632781982
v -0.33890971541404724 0.25188836455345154 5.379826545715332
v -0.33625146746635437 0.24621108174324036 5.382582664489746
v -0.3464735448360443 0.2414519190788269 5.371027946472168
v -0.3426428735256195 0.22940149903297424 5.37238073348999
v -0.339678019285202 0.23428043723106384 5.377753734588623
v -0.33787646889686584 0.23888733983039856 5.382577419281006
v -0.3379422724246979 0.24357739090919495 5.384377956390381
v -0.3425244390964508 0.23078015446662903 5.380741119384766
v -0.3408556580543518 0.23661190271377563 5.384097576141357
v -0.3410642445087433 0.2414572834968567 5.386028289794922
v -0.347060889005661 0.23018109798431396 5.381966590881348
v -0.34460824728012085 0.23655179142951965 5.385426044464111
v -0.35097411274909973 0.2231421172618866 5.376882076263428
v -0.34573793411254883 0.22462570667266846 5.3745341300964355
v -0.34358686208724976 0.240223228931427 5.38657808303833
v -0.33878985047340393 0.25105276703834534 5.3828301429748535
v -0.34110936522483826 0.24806833267211914 5.385712623596191
v -0.35070520639419556 0.24948635697364807 5.377607822418213
v -0.3451929986476898 0.25264307856559753 5.378121376037598
v -0.3481177091598511 0.25178849697113037 5.379833698272705
v -0.3541364073753357 0.2467276155948639 5.379532337188721
v -0.3501657545566559 0.2493245005607605 5.382654666900635
v -0.344351202249527 0.2530982494354248 5.383049488067627
v -0.342661589384079 0.2538185715675354 5.37900447845459
v -0.35395750403404236 0.2194628119468689 5.371728897094727
v -0.3587927222251892 0.22241586446762085 5.37378454208374
v -0.35608890652656555 0.2259564995765686 5.377388954162598
v -0.3524666428565979 0.2326507866382599 5.383303165435791
v -0.35984593629837036 0.23167911171913147 5.3771653175354
v -0.3602326512336731 0.2377161979675293 5.375398635864258
v -0.35577812790870667 0.2427462637424469 5.3819804191589355
v -0.35527440905570984 0.23747944831848145 5.382497787475586
v -0.3509213626384735 0.2457679808139801 5.384311676025391
v -0.35046470165252686 0.24192684888839722 5.385531425476074
v -0.3480346202850342 0.23861151933670044 5.385871410369873
v -0.346946120262146 0.24652937054634094 5.386148452758789
v -0.3458063006401062 0.2500801682472229 5.384908199310303
v -0.3434879779815674 0.24499380588531494 5.38670539855957
v -0.34752392768859863 0.24384060502052307 5.3863844871521
v -0.3455526828765869 0.24232381582260132 5.387696266174316
v -0.43594759702682495 0.17408207058906555 5.391817569732666
v -0.4313957691192627 0.17766723036766052 5.3925299644470215
v -0.4300176203250885 0.17471101880073547 5.38714599609375
v -0.42829644680023193 0.17061343789100647 5.380505084991455
v -0.4321766197681427 0.16502249240875244 5.373647689819336
v -0.42376700043678284 0.17529425024986267 5.378375053405762
v -0.4259803593158722 0.17937013506889343 5.386425495147705
v -0.4276077449321747 0.18364262580871582 5.393927574157715
v -0.4188077747821808 0.17640918493270874 5.372264385223389
v -0.1047009825706482 0.549781084060669 5.225218772888184
v -0.10128070414066315 0.5506465435028076 5.226436614990234
v -0.10362254083156586 0.5439392924308777 5.224319934844971
v -0.10651185363531113 0.5443370938301086 5.222949504852295
v -0.09597618132829666 0.5436886548995972 5.224231719970703
v -0.09993384778499603 0.5435119867324829 5.2243876457214355
v -0.09639034420251846 0.5514235496520996 5.2269439697265625
v -0.09110478311777115 0.5513300895690918 5.225639343261719
v -0.08420728147029877 0.5478537678718567 5.220702648162842
v -0.08256667107343674 0.5465019345283508 5.220090389251709
v -0.08313719183206558 0.5454863905906677 5.220314025878906
v -0.08521819859743118 0.5453498363494873 5.22084903717041
v -0.08843211829662323 0.5446517467498779 5.222148895263672
v -0.11022007465362549 0.5469423532485962 5.221375465393066
v -0.10918304324150085 0.5479708313941956 5.222436904907227
v -0.10724364221096039 0.5489425659179688 5.223927974700928
v -0.09204018861055374 0.5443244576454163 5.224548816680908
v -0.1087551862001419 0.545086681842804 5.2218499183654785
v -0.11005609482526779 0.5459629893302917 5.221231937408447
v -0.08696326613426208 0.5500467419624329 5.222647190093994
v -0.09632313251495361 0.5460425615310669 5.225375175476074
v -0.1004345640540123 0.5457180142402649 5.224581241607666
v -0.09657379984855652 0.5489146709442139 5.226761817932129
v -0.09188288450241089 0.5490756034851074 5.225815296173096
v -0.08666746318340302 0.5464611649513245 5.221820831298828
v -0.08885969966650009 0.5464910864830017 5.223299980163574
v -0.1037885844707489 0.5458449125289917 5.224542617797852
v -0.09225478023290634 0.5463578701019287 5.2244367599487305
v -0.10099440813064575 0.548373281955719 5.226305961608887
v -0.08818379044532776 0.5483314394950867 5.22320556640625
v -0.08624216914176941 0.5474667549133301 5.221827030181885
v -0.10935420542955399 0.5468659400939941 5.222707271575928
v -0.10925112664699554 0.546146810054779 5.22138786315918
v -0.09026080369949341 0.30298808217048645 5.162253379821777
v -0.09044858068227768 0.28422287106513977 5.167598247528076
v -0.10423116385936737 0.5476855039596558 5.224480628967285
v -0.10813403129577637 0.5459333658218384 5.222019672393799
v -0.10628408938646317 0.5458055734634399 5.2230682373046875
v -0.10666704922914505 0.5475950837135315 5.224459171295166
v -0.1083855852484703 0.5471912622451782 5.223355293273926
v -0.3066493570804596 0.2128843069076538 5.114879608154297
v -0.31662020087242126 0.2241632640361786 5.120444297790527
v -0.3518216013908386 0.25304844975471497 5.094125747680664
v -0.35410258173942566 0.25863930583000183 5.073278903961182
v -0.1276562362909317 0.023407267406582832 5.143929481506348
v -0.1748143434524536 0.1169261485338211 4.966847896575928
v -0.17745745182037354 0.13583847880363464 4.967933177947998
v -0.10432591289281845 0.14230947196483612 4.948940277099609
v -0.1231539398431778 0.13786427676677704 4.9492340087890625
v -0.2052004486322403 0.07093687355518341 5.0691447257995605
v -0.2043505609035492 0.08769480884075165 5.073680877685547
v -0.16300077736377716 0.04830949008464813 5.119760990142822
v -0.1629004031419754 0.06748400628566742 5.124982833862305
v -0.1961614191532135 0.0457044392824173 5.083662033081055
v -0.14644907414913177 0.09011870622634888 4.943714141845703
v -0.16437838971614838 0.0854804664850235 4.9509735107421875
v -0.15949058532714844 0.10468772053718567 4.956286430358887
v -0.14231862127780914 0.11057144403457642 4.948343753814697
v -0.086454838514328 0.1440231204032898 4.9543304443359375
v -0.08612553775310516 0.12193469703197479 4.952010154724121
v -0.2120031863451004 0.11315405368804932 5.056177139282227
v -0.21260827779769897 0.12190708518028259 5.030699253082275
v -0.19491688907146454 0.14118169248104095 4.988535404205322
v -0.1800394505262375 0.15211257338523865 4.972635746002197
v -0.1635887771844864 0.1626928448677063 4.962784767150879
v -0.14587463438510895 0.17242512106895447 4.957139492034912
v -0.1472603976726532 0.08394503593444824 5.144065856933594
v -0.1292261928319931 0.10147106647491455 5.158200263977051
v -0.20456622540950775 0.10500141978263855 5.079653739929199
v -0.08678234368562698 0.07819047570228577 5.168628215789795
v -0.13184383511543274 0.2029706835746765 4.953362941741943
v -0.10989057272672653 0.20811060070991516 4.952000617980957
v -0.20653581619262695 0.13112543523311615 5.007641792297363
v -0.10317085683345795 0.2370336353778839 5.185178756713867
v -0.12017197906970978 0.2392045557498932 5.18442440032959
v -0.118632972240448 0.2223004698753357 5.191003322601318
v -0.1016605943441391 0.21968066692352295 5.191112518310547
v -0.1345488578081131 0.22366249561309814 5.189681529998779
v -0.14970089495182037 0.22460198402404785 5.186549663543701
v -0.16341045498847961 0.2251008152961731 5.182860374450684
v -0.1941070556640625 0.22253689169883728 5.163993835449219
v -0.1854277104139328 0.22379833459854126 5.170844078063965
v -0.20791888236999512 0.21757683157920837 5.148205757141113
v -0.20139358937740326 0.22080758213996887 5.157287120819092
v -0.21408236026763916 0.21039506793022156 5.137156009674072
v -0.21885257959365845 0.20267710089683533 5.123839378356934
v -0.22293926775455475 0.21021971106529236 5.102718830108643
v -0.22207167744636536 0.19607141613960266 5.10739803314209
v -0.21722710132598877 0.1886669248342514 5.130092620849609
v -0.21279405057430267 0.1968631148338318 5.1441240310668945
v -0.20669667422771454 0.20330479741096497 5.153991222381592
v -0.08410707861185074 0.15780551731586456 5.18781042098999
v -0.08315306901931763 0.1797393560409546 5.194304466247559
v -0.08917942643165588 0.32072997093200684 5.158052921295166
v -0.43866947293281555 0.1189400851726532 5.141949653625488
v -0.3945389688014984 0.1826886385679245 5.254388809204102
v -0.09807715564966202 0.38158950209617615 5.018646717071533
v -0.11604559421539307 0.3846352994441986 5.019017219543457
v -0.1755039542913437 0.389818400144577 5.036014080047607
v -0.1918696016073227 0.3916732370853424 5.056307315826416
v -0.15496306121349335 0.3864423930644989 5.024900913238525
v -0.13491004705429077 0.3810257315635681 5.017226696014404
v -0.19016773998737335 0.11516083776950836 5.105737209320068
v -0.1157233715057373 0.3556114435195923 5.000512599945068
v -0.13584238290786743 0.37217479944229126 5.009556293487549
v -0.15757006406784058 0.3777320086956024 5.015512466430664
v -0.18098588287830353 0.3814919590950012 5.028275012969971
v -0.20415468513965607 0.38255128264427185 5.0473713874816895
v -0.21892960369586945 0.3755953907966614 5.052944660186768
v -0.2372715175151825 0.3580866754055023 5.044451713562012
v -0.24694225192070007 0.3540613055229187 5.0505828857421875
v -0.2576613128185272 0.3497367203235626 5.056088924407959
v -0.2607711851596832 0.35605791211128235 5.073190689086914
v -0.24932511150836945 0.360962837934494 5.06715202331543
v -0.33073726296424866 0.2886088192462921 5.067938327789307
v -0.3396253287792206 0.2736758887767792 5.0613837242126465
v -0.34295523166656494 0.26223018765449524 5.050842761993408
v -0.34161216020584106 0.25227585434913635 5.040727615356445
v -0.334168404340744 0.24577626585960388 5.033029556274414
v -0.3227045238018036 0.24145060777664185 5.027491569519043
v -0.30784738063812256 0.24453452229499817 5.023939609527588
v -0.2682405412197113 0.25865158438682556 5.021639347076416
v -0.2555329203605652 0.2632897198200226 5.021944046020508
v -0.23090708255767822 0.2533542513847351 5.012135028839111
v -0.22666315734386444 0.24939453601837158 5.007285118103027
v -0.21128374338150024 0.22985684871673584 4.991231918334961
v -0.20298108458518982 0.21792739629745483 4.984011173248291
v -0.19129613041877747 0.2058069109916687 4.975679874420166
v -0.1695529818534851 -0.014444283209741116 4.916861057281494
v -0.18827591836452484 -0.014659098349511623 4.928178310394287
v -0.18275755643844604 0.003712581004947424 4.935310363769531
v -0.16373153030872345 0.0034125535748898983 4.924414157867432
v -0.11448528617620468 0.04735954850912094 4.93247127532959
v -0.09087805449962616 0.04867560416460037 4.934179782867432
v -0.2263810932636261 -0.0010818676091730595 4.985809326171875
v -0.23151248693466187 -0.005246991757303476 5.011356353759766
v -0.200163796544075 0.003868380095809698 4.948404312133789
v -0.21441134810447693 0.0010310201905667782 4.965003967285156
v -0.2296193689107895 -0.010687402449548244 5.036567211151123
v -0.17228646576404572 -0.04119308665394783 5.115015029907227
v -0.1527663767337799 -0.04768422245979309 5.129232406616211
v -0.11175784468650818 -0.05687347799539566 5.150375843048096
v -0.0909433364868164 -0.05862893536686897 5.157078266143799
v -0.22150827944278717 -0.018722524866461754 5.059798240661621
v -0.13242197036743164 -0.053050458431243896 5.14169454574585
v -0.20855294167995453 -0.027111122384667397 5.080341339111328
v -0.19127535820007324 -0.03466821834445 5.098298072814941
v -0.13458794355392456 0.04583742469549179 4.934493541717529
v -0.1388174444437027 0.023376943543553352 4.925722122192383
v -0.1578131914138794 0.02288433350622654 4.93087911605835
v -0.11268782615661621 0.272467702627182 4.958773136138916
v -0.13187208771705627 0.2745455503463745 4.960019588470459
v -0.1516818404197693 0.27708700299263 4.961057186126709
v -0.167307049036026 0.29854393005371094 4.969895362854004
v -0.16927814483642578 0.2821265459060669 4.966541290283203
v -0.18542751669883728 0.2857266664505005 4.973904132843018
v -0.1834612786769867 0.3012256920337677 4.976611137390137
v -0.21248525381088257 0.3009941577911377 4.996539115905762
v -0.21164099872112274 0.28959783911705017 4.994561672210693
v -0.2219225913286209 0.2901304066181183 5.001983642578125
v -0.22383219003677368 0.3005542755126953 5.001040935516357
v -0.23213037848472595 0.28971025347709656 5.004088878631592
v -0.24185925722122192 0.2894069254398346 5.009211540222168
v -0.2528969645500183 0.28783997893333435 5.015096664428711
v -0.26550889015197754 0.2852505147457123 5.0185418128967285
v -0.2717297673225403 0.3063450753688812 5.024425983428955
v -0.25960761308670044 0.3092726767063141 5.019831657409668
v -0.21532359719276428 0.31336840987205505 4.999594211578369
v -0.20021069049835205 0.31518763303756714 4.991439342498779
v -0.11269690096378326 0.3018271028995514 4.97257137298584
v -0.09444010257720947 0.29808497428894043 4.975710391998291
v -0.2245742380619049 0.19593271613121033 5.087149143218994
v -0.22695152461528778 0.19776448607444763 5.065382957458496
v -0.2284580022096634 0.2018517255783081 5.0461907386779785
v -0.22786100208759308 0.2081650197505951 5.030816078186035
v -0.22576424479484558 0.21665936708450317 5.017115116119385
v -0.22199015319347382 0.22660821676254272 5.005807876586914
v -0.22222454845905304 0.24421590566635132 5.002473831176758
v -0.21731212735176086 0.23775485157966614 4.9977240562438965
v -0.21841679513454437 0.2550024688243866 4.997368812561035
v -0.21259526908397675 0.24974215030670166 4.990822792053223
v -0.20769473910331726 0.2620384991168976 4.986565113067627
v -0.20274312794208527 0.27475428581237793 4.983654975891113
v -0.19944824278354645 0.2885763645172119 4.984277248382568
v -0.19833780825138092 0.302172988653183 4.98710298538208
v -0.18426167964935303 0.31631579995155334 4.982853412628174
v -0.16766826808452606 0.3143969476222992 4.9755353927612305
v -0.15069855749607086 0.3273641765117645 4.978956699371338
v -0.15297813713550568 0.34198758006095886 4.987672805786133
v -0.14949537813663483 0.3107452094554901 4.971810817718506
v -0.14947177469730377 0.2946159243583679 4.965073108673096
v -0.15817192196846008 0.4077388346195221 5.057762622833252
v -0.14083971083164215 0.4055703580379486 5.044870376586914
v -0.306916207075119 0.25951939821243286 5.02487325668335
v -0.30179813504219055 0.2566213309764862 5.0231218338012695
v -0.30469515919685364 0.2516815960407257 5.023558139801025
v -0.3143119513988495 0.25291708111763 5.026526927947998
v -0.3231104910373688 0.25668179988861084 5.031213760375977
v -0.31775739789009094 0.27120205760002136 5.033533096313477
v -0.31304892897605896 0.2650023400783539 5.02944803237915
v -0.32868143916130066 0.26331982016563416 5.03751802444458
v -0.3307448923587799 0.27195894718170166 5.045656204223633
v -0.3199121654033661 0.2793213129043579 5.040317535400391
v -0.3293597996234894 0.2812371551990509 5.052009582519531
v -0.3201743960380554 0.286986380815506 5.045633316040039
v -0.3237200081348419 0.29207947850227356 5.056633472442627
v -0.31848379969596863 0.29375651478767395 5.050459861755371
v -0.2916807234287262 0.3158726394176483 5.04262638092041
v -0.3028525412082672 0.3086481988430023 5.046393871307373
v -0.31259915232658386 0.29976245760917664 5.048425197601318
v -0.27848777174949646 0.28124043345451355 5.020461082458496
v -0.2913956046104431 0.2771506905555725 5.0240631103515625
v -0.3028009235858917 0.271343857049942 5.026911735534668
v -0.30719253420829773 0.2781068980693817 5.0304975509643555
v -0.2946491539478302 0.2854057550430298 5.026674270629883
v -0.282125324010849 0.29044681787490845 5.023482799530029
v -0.11201976239681244 0.28695085644721985 4.964802265167236
v -0.13025334477424622 0.2912523150444031 4.963254451751709
v -0.2350388616323471 0.3002304434776306 5.005866527557373
v -0.2451781928539276 0.2992818355560303 5.011308670043945
v -0.2553924322128296 0.2975892722606659 5.015207767486572
v -0.268453449010849 0.29531484842300415 5.019961833953857
v -0.24873244762420654 0.31058093905448914 5.014533042907715
v -0.2383447140455246 0.311522901058197 5.009326457977295
v -0.2270529419183731 0.3123376667499542 5.004238128662109
v -0.13086174428462982 0.3067263066768646 4.970808506011963
v -0.09404195845127106 0.28377294540405273 4.966134071350098
v -0.2420985847711563 0.3066878914833069 5.136327743530273
v -0.2506725788116455 0.33049389719963074 5.134546756744385
v -0.26041242480278015 0.34780630469322205 5.11884069442749
v -0.2635611295700073 0.35684138536453247 5.096381664276123
v -0.39146044850349426 0.10616999864578247 5.065571308135986
v -0.0862153097987175 0.10034112632274628 4.948226451873779
v -0.08815566450357437 0.07587848603725433 4.942418575286865
v -0.10866805911064148 0.07311859726905823 4.937215328216553
v -0.09002812206745148 0.20951759815216064 4.951691627502441
v -0.09379003942012787 0.27091893553733826 4.959425449371338
v -0.1718493551015854 0.19433903694152832 5.191469669342041
v -0.1601121574640274 0.19475257396697998 5.19655179977417
v -0.16154010593891144 0.20943626761436462 5.189661502838135
v -0.17354606091976166 0.20909366011619568 5.184995651245117
v -0.1910100281238556 0.19354760646820068 5.176886081695557
v -0.18251360952854156 0.19372665882110596 5.184360980987549
v -0.18389850854873657 0.20864230394363403 5.179174423217773
v -0.1927715390920639 0.20772668719291687 5.171920299530029
v -0.19863127171993256 0.1923220455646515 5.169618606567383
v -0.20014454424381256 0.2065965235233307 5.163961410522461
v -0.18062788248062134 0.1788831651210785 5.188941478729248
v -0.1705186814069748 0.1788097470998764 5.195261001586914
v -0.15896983444690704 0.17935992777347565 5.2003045082092285
v -0.19625642895698547 0.1788245290517807 5.172576904296875
v -0.1894596517086029 0.17878325283527374 5.180154800415039
v -0.06982827186584473 0.43785399198532104 5.196350574493408
v -0.0663425624370575 0.439939945936203 5.210643768310547
v -0.0587194599211216 0.4779289662837982 5.2296552658081055
v -0.059046633541584015 0.4822131097316742 5.227705478668213
v -0.08662710338830948 0.34876957535743713 5.1528496742248535
v -0.0853390097618103 0.3614741265773773 5.1526641845703125
v -0.0839986652135849 0.19911310076713562 5.19464635848999
v -0.08642693608999252 0.23452243208885193 5.186277866363525
v -0.08879304677248001 0.24803286790847778 5.177150726318359
v -0.08997593075037003 0.2652128338813782 5.171712875366211
v -0.08829774707555771 0.33591100573539734 5.154524803161621
v -0.08521734178066254 0.21679463982582092 5.19155216217041
v -0.23640112578868866 -0.1853284239768982 4.941930294036865
v -0.2170974761247635 -0.20334534347057343 4.925144195556641
v -0.22364439070224762 -0.1766005903482437 4.9262800216674805
v -0.20843394100666046 -0.1893393099308014 4.913843154907227
v -0.23424312472343445 -0.10727855563163757 4.949513912200928
v -0.2334955930709839 -0.13342037796974182 4.943464756011963
v -0.2343006730079651 -0.07979319989681244 4.95362663269043
v -0.18745547533035278 -0.19632254540920258 4.901208400726318
v -0.16097155213356018 -0.19826211035251617 4.892334938049316
v -0.1584574580192566 -0.17744921147823334 4.885199546813965
v -0.2190752625465393 -0.08185994625091553 4.9310832023620605
v -0.21884411573410034 -0.10798337310552597 4.927636623382568
v -0.21453820168972015 -0.17130835354328156 4.9181013107299805
v -0.23110438883304596 -0.15713489055633545 4.935532569885254
v -0.21675734221935272 -0.15631869435310364 4.919845104217529
v -0.18412326276302338 -0.17808043956756592 4.89574670791626
v -0.20270942151546478 -0.1756400167942047 4.908198833465576
v -0.12642168998718262 -0.01742170937359333 4.907221794128418
v -0.10276530683040619 -0.03480122983455658 4.898477554321289
v -0.13145749270915985 -0.03584421053528786 4.898863792419434
v -0.2065909057855606 -0.013990416191518307 4.942008018493652
v -0.19529171288013458 -0.031906336545944214 4.922034740447998
v -0.20157895982265472 -0.1575329452753067 4.9061126708984375
v -0.18204085528850555 -0.15593351423740387 4.892740726470947
v -0.15696504712104797 -0.15388493239879608 4.8814778327941895
v -0.15893064439296722 -0.07969428598880768 4.887805461883545
v -0.15764528512954712 -0.10366827994585037 4.883008003234863
v -0.1811683624982834 -0.10598469525575638 4.894145488739014
v -0.18232330679893494 -0.08060335367918015 4.898510932922363
v -0.1997912973165512 -0.055213071405887604 4.9159836769104
v -0.20215609669685364 -0.08066212385892868 4.912203788757324
v -0.15807969868183136 -0.0566420815885067 4.895700931549072
v -0.18016718327999115 -0.05595380812883377 4.90354061126709
v -0.17540711164474487 -0.033510904759168625 4.910881996154785
v -0.20195695757865906 -0.10743033140897751 4.909532070159912
v -0.12702210247516632 -0.1270226091146469 4.873810768127441
v -0.1559232771396637 -0.1301162838935852 4.880588531494141
v -0.0955582782626152 -0.12521488964557648 4.876524448394775
v -0.15432587265968323 -0.03513519838452339 4.903868198394775
v -0.14923056960105896 -0.014778508804738522 4.911116600036621
v -0.14388039708137512 0.00480780890211463 4.918269157409668
v -0.1301383674144745 0.07018055021762848 4.938127040863037
v -0.19509944319725037 -0.3866967260837555 5.137864112854004
v -0.06646326929330826 -0.22774454951286316 5.038932800292969
v -0.06666794419288635 -0.22375613451004028 5.009757995605469
v -0.24426044523715973 -0.13516806066036224 5.058829307556152
v -0.2565371096134186 -0.16240397095680237 4.986377716064453
v -0.2460746467113495 -0.15981817245483398 4.954868316650391
v -0.08950795978307724 -0.21471381187438965 5.106626033782959
v -0.07470078021287918 -0.22498273849487305 5.0855584144592285
v -0.22688935697078705 -0.1382671445608139 5.085099220275879
v -0.17253540456295013 -0.17480747401714325 5.124238967895508
v -0.06875330209732056 -0.22885319590568542 5.062669277191162
v -0.21834659576416016 -0.1340826004743576 4.924274444580078
v -0.20193879306316376 -0.13379743695259094 4.906972885131836
v -0.18138448894023895 -0.13213098049163818 4.89205265045166
v -0.12661941349506378 -0.15197518467903137 4.875629425048828
v -0.09419161826372147 -0.14714041352272034 4.878183841705322
v -0.08501169085502625 -0.16375453770160675 5.112239837646484
v -0.08196734637022018 -0.15889115631580353 5.120351791381836
v -0.07345341145992279 -0.1601700633764267 5.120205879211426
v -0.07309935241937637 -0.16931726038455963 5.109365940093994
v -0.1722957193851471 -0.058130379766225815 5.114853382110596
v -0.15097813308238983 -0.06452513486146927 5.128904819488525
v -0.10811135172843933 -0.07314792275428772 5.148806095123291
v -0.08794836699962616 -0.07513472437858582 5.153850078582764
v -0.22599875926971436 -0.0356888622045517 5.061217308044434
v -0.12911243736743927 -0.06964044272899628 5.140354156494141
v -0.21221384406089783 -0.04394908621907234 5.082151889801025
v -0.1931435465812683 -0.05156294256448746 5.098720073699951
v -0.1711524873971939 -0.809380829334259 4.97037410736084
v -0.17469488084316254 -0.8359156250953674 4.966399669647217
v -0.17545746266841888 -0.8312148451805115 4.950459003448486
v -0.16825126111507416 -0.8049188256263733 4.956557273864746
v -0.1838253140449524 -0.7952200770378113 4.928779602050781
v -0.17229098081588745 -0.7987316846847534 4.936253070831299
v -0.19840095937252045 -0.7945687770843506 4.927554607391357
v -0.19730935990810394 -0.824379026889801 4.920196056365967
v -0.20891784131526947 -0.8262383341789246 4.926264762878418
v -0.2115461379289627 -0.7963569164276123 4.930934429168701
v -0.220333993434906 -0.7984035015106201 4.939697265625
v -0.2240787148475647 -0.830089807510376 4.946150302886963
v -0.22786827385425568 -0.8326287865638733 4.963789463043213
v -0.23093999922275543 -0.805316686630249 4.969123840332031
v -0.2264845222234726 -0.8011422753334045 4.952737331390381
v -0.22721324861049652 -0.813328742980957 4.9863996505737305
v -0.22444643080234528 -0.8392251133918762 4.981309413909912
v -0.21358700096607208 -0.817793071269989 4.996273517608643
v -0.17909832298755646 -0.8132283091545105 4.982659339904785
v -0.1793702095746994 -0.8395196199417114 4.981554985046387
v -0.1838722676038742 -0.8244528770446777 4.921968936920166
v -0.17467163503170013 -0.8276395797729492 4.932257175445557
v -0.1670791208744049 -0.8020918369293213 4.945902347564697
v -0.1752156764268875 -0.8290774822235107 4.941690921783447
v -0.17485395073890686 -0.8594444394111633 4.952068328857422
v -0.17139913141727448 -0.8610256314277649 4.967228412628174
v -0.18278402090072632 -0.8532360196113586 4.916654109954834
v -0.17791274189949036 -0.8556249141693115 4.930542469024658
v -0.20664389431476593 -0.854899525642395 4.922936916351318
v -0.19605575501918793 -0.8530959486961365 4.913871765136719
v -0.22520597279071808 -0.8584702610969543 4.940943717956543
v -0.21716780960559845 -0.8281101584434509 4.935503959655762
v -0.21647505462169647 -0.8566202521324158 4.931101322174072
v -0.22828903794288635 -0.859248697757721 4.958531856536865
v -0.22481882572174072 -0.8626331090927124 4.978492736816406
v -0.17649145424365997 -0.8627710938453674 4.983668327331543
v -0.17884068191051483 -0.8563302159309387 4.94001579284668
v -0.24270370602607727 -0.9359340071678162 5.126935005187988
v -0.23577150702476501 -0.9375989437103271 5.129920959472656
v -0.2361421436071396 -0.9322492480278015 5.127624988555908
v -0.24030183255672455 -0.9320139288902283 5.125733852386475
v -0.20749065279960632 -0.9374046325683594 5.142874240875244
v -0.19625738263130188 -0.9412716627120972 5.143487930297852
v -0.19694720208644867 -0.9298919439315796 5.144222259521484
v -0.2050647735595703 -0.9276508092880249 5.1442036628723145
v -0.2244219034910202 -0.9372725486755371 5.139261722564697
v -0.23222732543945312 -0.9363704323768616 5.136906147003174
v -0.22956900298595428 -0.9409786462783813 5.13546085357666
v -0.22468023002147675 -0.9412049651145935 5.136804103851318
v -0.25712886452674866 -0.9343683123588562 5.0945634841918945
v -0.2610432505607605 -0.9362107515335083 5.092299461364746
v -0.260745644569397 -0.9384501576423645 5.089804649353027
v -0.25634199380874634 -0.9400110244750977 5.0927276611328125
v -0.2479737251996994 -0.9366209506988525 5.114652156829834
v -0.25294819474220276 -0.9369474649429321 5.1105265617370605
v -0.2513238191604614 -0.9405501484870911 5.109753608703613
v -0.24830493330955505 -0.9408149719238281 5.1111345291137695
v -0.2038441300392151 -0.9248212575912476 5.121788024902344
v -0.20582568645477295 -0.9252402186393738 5.135563373565674
v -0.19319026172161102 -0.9278654456138611 5.135005950927734
v -0.18902836740016937 -0.9244773983955383 5.122422218322754
v -0.18695515394210815 -0.9374732375144958 5.133800506591797
v -0.19407065212726593 -0.9425944089889526 5.130239009857178
v -0.18967603147029877 -0.943986177444458 5.117452144622803
v -0.18241344392299652 -0.9354249835014343 5.118224620819092
v -0.2065861076116562 -0.9421083927154541 5.129587173461914
v -0.20368017256259918 -0.9435819387435913 5.117915153503418
v -0.2113363891839981 -0.9354453086853027 5.119863986968994
v -0.21543268859386444 -0.9337643384933472 5.133714199066162
v -0.22969888150691986 -0.9336671233177185 5.118521690368652
v -0.2348507046699524 -0.9346981048583984 5.12866735458374
v -0.22898270189762115 -0.928876519203186 5.130292892456055
v -0.2238650619983673 -0.9262063503265381 5.118340015411377
v -0.22127842903137207 -0.929826557636261 5.133225917816162
v -0.21376372873783112 -0.9271548986434937 5.122215270996094
v -0.21074672043323517 -0.9374834895133972 5.1229400634765625
v -0.21585871279239655 -0.936659038066864 5.135369300842285
v -0.21993474662303925 -0.9415377378463745 5.1303815841674805
v -0.21493712067604065 -0.9429860711097717 5.119330883026123
v -0.2239835560321808 -0.9418993592262268 5.117445468902588
v -0.2292226105928421 -0.9412298798561096 5.128304958343506
v -0.23855186998844147 -0.9268877506256104 5.1089558601379395
v -0.24036864936351776 -0.931026041507721 5.120739936828613
v -0.233469620347023 -0.9315882921218872 5.122878551483154
v -0.2294090837240219 -0.9279966354370117 5.113596439361572
v -0.22955220937728882 -0.9389753937721252 5.12450647354126
v -0.2343985140323639 -0.9419206380844116 5.121284484863281
v -0.2309613674879074 -0.9415187239646912 5.111041069030762
v -0.2263452410697937 -0.9379395842552185 5.115784168243408
v -0.24029086530208588 -0.9404261708259583 5.108669757843018
v -0.24135170876979828 -0.9418344497680664 5.119256973266602
v -0.24445922672748566 -0.9320351481437683 5.108646869659424
v -0.24523140490055084 -0.9361663460731506 5.1200995445251465
v -0.2553662955760956 -0.9331706762313843 5.094089984893799
v -0.25457730889320374 -0.93736332654953 5.104346752166748
v -0.2515381872653961 -0.9317866563796997 5.105186939239502
v -0.2509838938713074 -0.927856981754303 5.095414638519287
v -0.24646532535552979 -0.9312663078308105 5.108904838562012
v -0.24435870349407196 -0.9278643727302551 5.100404739379883
v -0.24335713684558868 -0.9348761439323425 5.109735012054443
v -0.2455364614725113 -0.9414750933647156 5.1063551902771
v -0.2446025162935257 -0.9407873153686523 5.098759651184082
v -0.24262584745883942 -0.9332237243652344 5.103057861328125
v -0.2519366443157196 -0.9418238401412964 5.104072570800781
v -0.25168338418006897 -0.9406999349594116 5.094034194946289
v -0.2603689134120941 -0.929078221321106 5.077451229095459
v -0.26193737983703613 -0.9364126920700073 5.075438976287842
v -0.26379960775375366 -0.9347209334373474 5.08348274230957
v -0.2616654336452484 -0.929462194442749 5.085110664367676
v -0.2560342848300934 -0.9293184876441956 5.089023590087891
v -0.2553667426109314 -0.9276047945022583 5.083296775817871
v -0.2536143660545349 -0.9333699345588684 5.090275764465332
v -0.25446030497550964 -0.9399779438972473 5.0871405601501465
v -0.25394850969314575 -0.9400894641876221 5.081169605255127
v -0.2542838156223297 -0.9324378371238708 5.085024356842041
v -0.26073262095451355 -0.9397419691085815 5.083781719207764
v -0.25901925563812256 -0.9400659799575806 5.076050758361816
v -0.1856536716222763 -0.9219672083854675 5.10806941986084
v -0.20460282266139984 -0.9252042770385742 5.107809066772461
v -0.1979892998933792 -0.9417389631271362 5.139025688171387
v -0.17917084693908691 -0.9347538352012634 5.104922771453857
v -0.20499931275844574 -0.9416694045066833 5.138566493988037
v -0.20431683957576752 -0.9439775943756104 5.105612754821777
v -0.18684591352939606 -0.9439607262611389 5.102516174316406
v -0.20835569500923157 -0.9363188147544861 5.114474773406982
v -0.2299569696187973 -0.9316269755363464 5.1367340087890625
v -0.22506150603294373 -0.9361108541488647 5.109859466552734
v -0.22283145785331726 -0.9433473348617554 5.101199626922607
v -0.22556327283382416 -0.9319695234298706 5.138008117675781
v -0.22192896902561188 -0.9248722195625305 5.103244781494141
v -0.23776297271251678 -0.9251135587692261 5.091444969177246
v -0.23768852651119232 -0.9408972263336182 5.1269450187683105
v -0.24150079488754272 -0.9404716491699219 5.124900817871094
v -0.2400347739458084 -0.9423366785049438 5.091988563537598
v -0.24233031272888184 -0.932776153087616 5.100330829620361
v -0.251451313495636 -0.933980405330658 5.1114420890808105
v -0.25408482551574707 -0.9329031109809875 5.084649562835693
v -0.2514471113681793 -0.9419779181480408 5.078363418579102
v -0.24895785748958588 -0.9325841665267944 5.112632751464844
v -0.25100111961364746 -0.9250813126564026 5.0787177085876465
v -0.25949975848197937 -0.9325816035270691 5.090435981750488
v -0.2612434923648834 -0.936790406703949 5.063797473907471
v -0.2573185861110687 -0.9431993961334229 5.066982269287109
v -0.25727277994155884 -0.9316595196723938 5.092909336090088
v -0.2592845857143402 -0.9275368452072144 5.0669074058532715
v -0.18714597821235657 -0.818173885345459 4.993597507476807
v -0.188148632645607 -0.8421037197113037 4.991709232330322
v -0.1992061883211136 -0.8201594948768616 4.997293949127197
v -0.212361678481102 -0.8421738147735596 4.990423202514648
v -0.19967840611934662 -0.8436721563339233 4.993252754211426
v -0.18758682906627655 -0.863840639591217 4.995632171630859
v -0.21170556545257568 -0.8658329844474792 4.991408348083496
v -0.2000935971736908 -0.8649365901947021 4.996959686279297
v -0.2266833484172821 -0.87971031665802 4.934894561767578
v -0.23210929334163666 -0.8805067539215088 4.952505111694336
v -0.21562166512012482 -0.878204345703125 4.926184177398682
v -0.1945197582244873 -0.8756449818611145 4.906881332397461
v -0.20620879530906677 -0.8764604330062866 4.915800094604492
v -0.1862240731716156 -0.880484938621521 5.004767417907715
v -0.17587058246135712 -0.8815225958824158 4.988224983215332
v -0.19979144632816315 -0.8804536461830139 5.008240699768066
v -0.21465685963630676 -0.8822681307792664 5.000474452972412
v -0.17834728956222534 -0.9182568788528442 5.091923236846924
v -0.17633913457393646 -0.9178653359413147 5.071581840515137
v -0.19072312116622925 -0.9089860916137695 5.073570251464844
v -0.19666792452335358 -0.9166750907897949 5.091141223907471
v -0.2086944431066513 -0.9099359512329102 5.067165374755859
v -0.21392522752285004 -0.9187360405921936 5.084720134735107
v -0.22419439256191254 -0.9131354689598083 5.056695461273193
v -0.2294878214597702 -0.9200712442398071 5.075285911560059
v -0.23834772408008575 -0.9181762933731079 5.047239303588867
v -0.2436569482088089 -0.9228318333625793 5.064776420593262
v -0.25014528632164 -0.9262908697128296 5.036852836608887
v -0.25566112995147705 -0.9271231293678284 5.054361343383789
v -0.2569660544395447 -0.9373842477798462 5.032547473907471
v -0.2613639533519745 -0.9376958608627319 5.049975395202637
v -0.17272785305976868 -0.9343303442001343 5.089014053344727
v -0.17172464728355408 -0.932395875453949 5.068331718444824
v -0.1818985641002655 -0.9454823732376099 5.085531234741211
v -0.18049781024456024 -0.9458408355712891 5.06526517868042
v -0.19863151013851166 -0.9465621709823608 5.082995414733887
v -0.19547079503536224 -0.9466562867164612 5.06131649017334
v -0.25148746371269226 -0.9480041265487671 5.034454822540283
v -0.25532594323158264 -0.9471468329429626 5.0529608726501465
v -0.21602097153663635 -0.9463565945625305 5.0761494636535645
v -0.21212150156497955 -0.946613073348999 5.0558180809021
v -0.2317097932100296 -0.9473856091499329 5.067852020263672
v -0.2273818850517273 -0.9480358958244324 5.047604084014893
v -0.2446427196264267 -0.9479877948760986 5.0591959953308105
v -0.24050691723823547 -0.9497222304344177 5.0408034324646
v -0.18581868708133698 -0.9030197262763977 5.049732685089111
v -0.20448075234889984 -0.8989058136940002 5.0468268394470215
v -0.22017909586429596 -0.9041423201560974 5.037148952484131
v -0.23318953812122345 -0.9124575853347778 5.026000499725342
v -0.24370290338993073 -0.9237868189811707 5.0157623291015625
v -0.2508682906627655 -0.9349279403686523 5.012019634246826
v -0.2320210486650467 -0.9029724597930908 4.998319149017334
v -0.23712347447872162 -0.9220319986343384 4.991246223449707
v -0.24208201467990875 -0.934036910533905 4.990033149719238
v -0.23268358409404755 -0.919781506061554 4.9655680656433105
v -0.23462672531604767 -0.9328317046165466 4.966362476348877
v -0.22173865139484406 -0.9191014766693115 4.926321506500244
v -0.22421987354755402 -0.9348841309547424 4.925893783569336
v -0.22938169538974762 -0.9325520992279053 4.944274425506592
v -0.22709572315216064 -0.9184926748275757 4.9435625076293945
v -0.22988493740558624 -0.9021852016448975 4.970439910888672
v -0.22737698256969452 -0.8995665311813354 4.946895122528076
v -0.22132611274719238 -0.8982735276222229 4.929706573486328
v -0.20799438655376434 -0.934295654296875 4.904119491577148
v -0.21803328394889832 -0.9354180693626404 4.912980079650879
v -0.21616728603839874 -0.9193946719169617 4.914168357849121
v -0.2079956978559494 -0.9177417755126953 4.90371561050415
v -0.19187092781066895 -0.9171107411384583 4.8967390060424805
v -0.1913807988166809 -0.934307336807251 4.901888847351074
v -0.17652741074562073 -0.9174742698669434 4.907639980316162
v -0.17555364966392517 -0.9338257908821106 4.910574436187744
v -0.20663107931613922 -0.8965591192245483 4.909240245819092
v -0.21434855461120605 -0.8979465365409851 4.919009685516357
v -0.19391261041164398 -0.8958964943885803 4.902445316314697
v -0.18021339178085327 -0.8964921832084656 4.911470890045166
v -0.17808645963668823 -0.8972665667533875 4.927786827087402
v -0.17410807311534882 -0.9179765582084656 4.926325798034668
v -0.1701984703540802 -0.932977557182312 4.927986145019531
v -0.17556481063365936 -0.9170646667480469 5.047738552093506
v -0.1746864914894104 -0.9289647936820984 5.043124675750732
v -0.21839310228824615 -0.8931204080581665 5.0169291496276855
v -0.20091278851032257 -0.8893229961395264 5.0263471603393555
v -0.1827794462442398 -0.8951894640922546 5.021622180938721
v -0.17322826385498047 -0.9150333404541016 5.021073818206787
v -0.1762312352657318 -0.9278918504714966 5.0171990394592285
v -0.17608870565891266 -0.9278566837310791 4.993917465209961
v -0.17169101536273956 -0.915693998336792 4.995123386383057
v -0.1814618557691574 -0.939822793006897 5.040904998779297
v -0.1831999123096466 -0.9353539347648621 5.015559673309326
v -0.1820259839296341 -0.9344070553779602 4.991116523742676
v -0.17327344417572021 -0.9288787841796875 4.972731113433838
v -0.17069672048091888 -0.916312575340271 4.973414421081543
v -0.17187543213367462 -0.929768443107605 4.955321311950684
v -0.17249368131160736 -0.9162189364433289 4.955591678619385
v -0.1735636293888092 -0.916849672794342 4.94149923324585
v -0.17054630815982819 -0.9311249256134033 4.941766738891602
v -0.17416103184223175 -0.8976947665214539 4.954462051391602
v -0.17620117962360382 -0.8968430161476135 4.9419074058532715
v -0.17220275104045868 -0.8990771174430847 4.971519470214844
v -0.173696830868721 -0.8983036279678345 4.9940996170043945
v -0.24622704088687897 -0.9465749859809875 5.014286518096924
v -0.2393106371164322 -0.9442436695098877 4.992038726806641
v -0.23168165981769562 -0.9423753023147583 4.96936559677124
v -0.22544418275356293 -0.9435482621192932 4.947134017944336
v -0.21824771165847778 -0.9452563524246216 4.929389476776123
v -0.2118203192949295 -0.9457247853279114 4.919137954711914
v -0.19032911956310272 -0.9433407783508301 4.910319805145264
v -0.20335836708545685 -0.9446170330047607 4.911242961883545
v -0.17909857630729675 -0.9426891803741455 4.916414737701416
v -0.17448213696479797 -0.9427030086517334 4.930032253265381
v -0.17445851862430573 -0.9427063465118408 4.943427562713623
v -0.1784137338399887 -0.9373555183410645 4.970524311065674
v -0.17558728158473969 -0.9408503770828247 4.955478191375732
v -0.17009124159812927 -0.8812795877456665 4.968190670013428
v -0.17210571467876434 -0.8801383376121521 4.951900959014893
v -0.1776207536458969 -0.8775281310081482 4.939068794250488
v -0.18349505960941315 -0.8747557997703552 4.913665294647217
v -0.1798309087753296 -0.8762359619140625 4.929118633270264
v -0.1938214749097824 -0.9443206191062927 5.037542343139648
v -0.20937559008598328 -0.9446262121200562 5.030574321746826
v -0.2238738089799881 -0.9467833042144775 5.0238776206970215
v -0.23611682653427124 -0.9484763741493225 5.018030643463135
v -0.23101598024368286 -0.9468985199928284 4.995295524597168
v -0.21984054148197174 -0.9457076787948608 4.999749660491943
v -0.20602130889892578 -0.9439130425453186 5.005612373352051
v -0.19282108545303345 -0.9402816891670227 5.012006759643555
v -0.22379256784915924 -0.9463074207305908 4.973637104034424
v -0.21381887793540955 -0.9460099935531616 4.9778947830200195
v -0.20130661129951477 -0.9441784024238586 4.981827259063721
v -0.19023637473583221 -0.9409300684928894 4.988786697387695
v -0.18567034602165222 -0.9436826109886169 4.967617034912109
v -0.19516532123088837 -0.9462149143218994 4.961960792541504
v -0.20624127984046936 -0.9473378658294678 4.957880973815918
v -0.21579723060131073 -0.9468395113945007 4.951793193817139
v -0.20956727862358093 -0.9475188255310059 4.935805797576904
v -0.2004709392786026 -0.9472667574882507 4.9415974617004395
v -0.19053247570991516 -0.9468334317207336 4.946796894073486
v -0.18259868025779724 -0.9450373649597168 4.9512457847595215
v -0.20461300015449524 -0.9476661086082458 4.927206039428711
v -0.1909787505865097 -0.946342408657074 4.918155670166016
v -0.19835208356380463 -0.9468739032745361 4.920485496520996
v -0.18293870985507965 -0.9459701180458069 4.920575141906738
v -0.18075022101402283 -0.9460320472717285 4.93102502822876
v -0.18116949498653412 -0.9461023807525635 4.941567897796631
v -0.1884537786245346 -0.9466532468795776 4.937292098999023
v -0.1871599704027176 -0.9464432001113892 4.929922103881836
v -0.19728226959705353 -0.9473080635070801 4.933200836181641
v -0.19411030411720276 -0.9468302130699158 4.926991939544678
v -0.1869789958000183 -0.9463659524917603 4.924489974975586
v -0.19047001004219055 -0.9465041756629944 4.922933101654053
v -0.2255210131406784 -0.8846330642700195 4.979936122894287
v -0.1838844269514084 -0.5647980570793152 5.100739002227783
v -0.16907170414924622 -0.5628847479820251 5.098709583282471
v -0.20031419396400452 -0.5621283650398254 5.100916385650635
v -0.19874538481235504 -0.14343878626823425 5.10426664352417
v -0.14625777304172516 0.02739282138645649 5.130185604095459
v -0.14697255194187164 0.06346134096384048 5.140036582946777
v -0.14595410227775574 0.04411179572343826 5.135263442993164
v -0.2028779536485672 -0.16949723660945892 5.111478805541992
v -0.19241970777511597 0.0972348153591156 5.09920597076416
v -0.17526699602603912 0.2248474657535553 5.177553176879883
v -0.16100816428661346 0.5393236875534058 5.155035972595215
v -0.15909485518932343 0.5369418859481812 5.153176307678223
v -0.1582190990447998 0.5343605875968933 5.151060104370117
v -0.1583562046289444 0.5328111052513123 5.148406505584717
v -0.15843771398067474 0.5313357710838318 5.144339084625244
v -0.15790078043937683 0.5314465761184692 5.141719341278076
v -0.16053660213947296 0.535650908946991 5.150045871734619
v -0.1590932160615921 0.5383397936820984 5.146170616149902
v -0.15914113819599152 0.5392139554023743 5.148647308349609
v -0.16069169342517853 0.5374802350997925 5.15171480178833
f 2 3 1
f 1 3 4
f 3 2 5
f 5 2 6
f 3 7 4
f 4 7 8
f 10 11 9
f 9 11 12
f 14 15 13
f 13 15 16
f 18 19 17
f 17 19 20
f 22 23 21
f 21 23 24
f 26 18 25
f 25 18 17
f 27 28 17
f 17 28 25
f 30 31 29
f 29 31 32
f 34 35 33
f 33 35 36
f 21 24 37
f 37 24 38
f 40 31 39
f 39 31 38
f 34 33 28
f 28 33 25
f 41 42 44
f 44 42 43
f 36 45 33
f 33 45 25
f 46 47 49
f 49 47 48
f 51 52 50
f 50 52 53
f 55 53 54
f 54 53 52
f 57 58 56
f 56 58 59
f 61 62 60
f 60 62 63
f 65 66 64
f 64 66 67
f 69 70 68
f 68 70 71
f 65 73 72
f 72 73 74
f 64 75 65
f 65 75 73
f 77 78 76
f 76 78 79
f 80 81 83
f 83 81 82
f 81 85 84
f 84 85 86
f 88 89 87
f 87 89 69
f 88 87 90
f 90 87 91
f 93 94 92
f 92 94 95
f 96 84 43
f 43 84 44
f 51 98 97
f 97 98 86
f 97 99 51
f 51 99 52
f 54 52 100
f 100 52 99
f 58 101 59
f 59 101 102
f 62 103 63
f 63 103 104
f 105 106 6
f 6 106 5
f 108 109 107
f 107 109 110
f 112 113 111
f 111 113 114
f 116 117 115
f 115 117 118
f 120 121 119
f 119 121 122
f 124 125 123
f 123 125 126
f 128 129 127
f 127 129 130
f 130 131 127
f 127 131 132
f 134 1 133
f 133 1 135
f 1 4 135
f 135 4 136
f 4 8 136
f 136 8 137
f 138 139 15
f 15 139 140
f 140 139 141
f 141 139 142
f 144 57 143
f 143 57 56
f 145 146 141
f 141 146 147
f 146 149 148
f 148 149 150
f 152 153 151
f 151 153 154
f 141 147 140
f 140 147 155
f 157 11 156
f 156 11 158
f 160 161 159
f 159 161 162
f 164 165 163
f 163 165 166
f 165 160 166
f 166 160 159
f 168 169 167
f 167 169 170
f 169 171 170
f 170 171 172
f 149 173 150
f 150 173 174
f 175 176 149
f 149 176 173
f 178 172 177
f 177 172 171
f 180 181 179
f 179 181 182
f 184 180 183
f 183 180 179
f 186 187 185
f 185 187 188
f 190 191 189
f 189 191 192
f 7 193 8
f 8 193 194
f 196 162 195
f 195 162 161
f 197 168 198
f 198 168 167
f 181 199 182
f 182 199 200
f 202 203 201
f 201 203 204
f 187 186 205
f 205 186 206
f 208 209 207
f 207 209 210
f 212 213 211
f 211 213 214
f 215 216 218
f 218 216 217
f 220 209 219
f 219 209 208
f 204 186 221
f 221 186 185
f 201 204 222
f 222 204 221
f 223 211 220
f 220 211 209
f 224 225 214
f 214 225 210
f 203 206 204
f 204 206 186
f 227 187 226
f 226 187 205
f 27 228 21
f 21 228 22
f 230 231 229
f 229 231 232
f 234 235 233
f 233 235 236
f 238 239 237
f 237 239 240
f 119 122 118
f 118 122 115
f 112 242 241
f 241 242 243
f 98 51 244
f 244 51 50
f 245 138 14
f 14 138 15
f 11 10 158
f 158 10 246
f 89 85 69
f 69 85 70
f 11 157 12
f 12 157 247
f 249 164 248
f 248 164 163
f 177 250 178
f 178 250 251
f 253 254 252
f 252 254 255
f 187 227 188
f 188 227 256
f 212 257 213
f 213 257 258
f 260 134 259
f 259 134 133
f 165 164 135
f 135 164 133
f 160 165 136
f 136 165 135
f 136 137 160
f 160 137 161
f 137 261 161
f 161 261 195
f 263 264 262
f 262 264 265
f 13 16 266
f 266 16 267
f 268 267 155
f 155 267 16
f 147 269 155
f 155 269 268
f 162 196 167
f 167 196 198
f 167 170 162
f 162 170 159
f 170 172 159
f 159 172 166
f 172 178 166
f 166 178 163
f 178 251 163
f 163 251 248
f 168 270 169
f 169 270 271
f 272 273 171
f 171 273 177
f 271 272 169
f 169 272 171
f 168 197 270
f 270 197 274
f 250 177 275
f 275 177 273
f 277 45 276
f 276 45 278
f 280 281 279
f 279 281 282
f 284 104 283
f 283 104 103
f 285 215 286
f 286 215 218
f 288 289 287
f 287 289 290
f 291 80 66
f 66 80 83
f 293 294 292
f 292 294 295
f 73 91 74
f 74 91 87
f 91 73 92
f 92 73 75
f 279 77 280
f 280 77 76
f 80 291 70
f 70 291 71
f 277 47 96
f 96 47 82
f 297 175 296
f 296 175 149
f 299 154 298
f 298 154 153
f 225 300 210
f 210 300 207
f 224 301 206
f 206 301 205
f 210 209 214
f 214 209 211
f 226 205 302
f 302 205 301
f 304 305 303
f 303 305 306
f 308 309 307
f 307 309 310
f 72 291 65
f 65 291 66
f 66 83 67
f 67 83 46
f 312 313 311
f 311 313 314
f 316 317 315
f 315 317 36
f 29 318 35
f 35 318 319
f 321 32 320
f 320 32 322
f 311 314 323
f 323 314 324
f 315 325 316
f 316 325 326
f 318 287 319
f 319 287 290
f 328 321 327
f 327 321 320
f 329 330 39
f 39 330 331
f 332 333 40
f 40 333 322
f 309 334 285
f 285 334 335
f 236 2 134
f 134 2 1
f 260 336 233
f 233 336 337
f 237 14 265
f 265 14 13
f 84 86 44
f 44 86 98
f 189 192 7
f 7 192 193
f 44 98 41
f 41 98 244
f 237 240 14
f 14 240 245
f 7 3 189
f 189 3 5
f 338 71 72
f 72 71 291
f 262 265 266
f 266 265 13
f 124 123 339
f 339 123 105
f 123 109 105
f 105 109 106
f 189 5 190
f 190 5 106
f 111 114 12
f 12 114 9
f 264 340 265
f 265 340 237
f 342 343 341
f 341 343 344
f 6 235 105
f 105 235 339
f 234 346 345
f 345 346 347
f 349 350 348
f 348 350 351
f 107 352 108
f 108 352 353
f 355 356 354
f 354 356 357
f 237 340 238
f 238 340 358
f 12 247 111
f 111 247 359
f 264 263 116
f 116 263 360
f 361 362 222
f 222 362 201
f 364 365 363
f 363 365 366
f 368 369 367
f 367 369 370
f 372 373 371
f 371 373 374
f 375 376 372
f 372 376 377
f 378 379 381
f 381 379 380
f 382 383 269
f 269 383 268
f 150 174 365
f 365 174 384
f 380 377 381
f 381 377 376
f 271 270 180
f 180 270 181
f 273 272 252
f 252 272 184
f 272 271 184
f 184 271 180
f 181 270 274
f 252 255 273
f 273 255 275
f 254 385 255
f 255 385 386
f 387 388 179
f 179 388 183
f 389 387 182
f 182 387 179
f 182 200 389
f 389 200 390
f 388 391 183
f 183 391 253
f 391 392 253
f 253 392 254
f 394 379 393
f 393 379 378
f 185 188 395
f 395 188 396
f 221 185 397
f 397 185 395
f 222 221 398
f 398 221 397
f 188 256 396
f 396 256 399
f 400 401 256
f 256 401 399
f 402 403 405
f 405 403 404
f 148 150 364
f 364 150 365
f 393 406 394
f 394 406 407
f 158 246 393
f 393 246 406
f 342 19 238
f 238 19 239
f 23 22 350
f 350 22 354
f 244 50 245
f 245 50 138
f 55 142 53
f 53 142 139
f 145 144 296
f 296 144 143
f 355 228 341
f 341 228 20
f 41 240 42
f 42 240 239
f 283 308 284
f 284 308 307
f 349 409 408
f 408 409 410
f 244 245 41
f 41 245 240
f 268 383 406
f 406 383 407
f 346 411 349
f 349 411 409
f 251 412 248
f 248 412 413
f 275 414 250
f 250 414 415
f 25 45 26
f 26 45 277
f 43 26 96
f 96 26 277
f 416 417 61
f 61 417 62
f 329 24 408
f 408 24 23
f 31 40 32
f 32 40 322
f 39 38 329
f 329 38 24
f 37 38 30
f 30 38 31
f 418 419 421
f 421 419 420
f 78 295 79
f 79 295 294
f 124 339 422
f 422 339 345
f 232 131 357
f 357 131 351
f 2 236 6
f 6 236 235
f 252 184 253
f 253 184 183
f 227 423 256
f 256 423 400
f 423 227 305
f 305 227 226
f 424 258 425
f 425 258 257
f 426 427 212
f 212 427 257
f 259 133 249
f 249 133 164
f 419 418 428
f 428 418 429
f 327 430 328
f 328 430 288
f 49 431 46
f 46 431 67
f 306 302 424
f 424 302 258
f 313 432 314
f 314 432 433
f 32 321 29
f 29 321 318
f 324 314 433
f 287 318 328
f 328 318 321
f 134 260 236
f 236 260 233
f 345 339 234
f 234 339 235
f 357 351 354
f 354 351 350
f 408 23 349
f 349 23 350
f 317 278 36
f 36 278 45
f 432 313 429
f 429 313 428
f 435 428 434
f 434 428 313
f 42 239 18
f 18 239 19
f 43 42 26
f 26 42 18
f 121 120 436
f 436 120 437
f 302 301 258
f 258 301 213
f 110 109 126
f 126 109 123
f 238 358 342
f 342 358 343
f 341 20 342
f 342 20 19
f 322 438 320
f 320 438 439
f 320 439 327
f 327 439 430
f 333 440 322
f 322 440 438
f 289 288 323
f 323 288 430
f 115 340 116
f 116 340 264
f 146 145 149
f 149 145 296
f 15 140 16
f 16 140 155
f 441 442 152
f 152 442 153
f 225 224 203
f 203 224 206
f 175 297 154
f 154 297 151
f 293 443 294
f 294 443 444
f 248 413 249
f 249 413 445
f 446 447 400
f 400 447 401
f 388 387 396
f 396 387 395
f 387 389 395
f 395 389 397
f 391 388 399
f 399 388 396
f 401 392 399
f 399 392 391
f 255 386 275
f 275 386 414
f 449 450 448
f 448 450 451
f 335 452 285
f 285 452 215
f 453 298 442
f 442 298 153
f 211 223 212
f 212 223 426
f 425 257 454
f 454 257 427
f 266 10 262
f 262 10 9
f 360 113 456
f 456 113 455
f 8 194 137
f 137 194 261
f 10 266 246
f 246 266 267
f 203 202 225
f 225 202 300
f 262 9 263
f 263 9 114
f 108 353 190
f 190 353 191
f 389 390 397
f 397 390 398
f 457 422 128
f 128 422 129
f 156 158 378
f 378 158 393
f 347 346 348
f 348 346 349
f 447 458 401
f 401 458 392
f 364 382 148
f 148 382 269
f 55 54 57
f 57 54 58
f 75 64 459
f 459 64 460
f 100 90 101
f 101 90 95
f 101 58 100
f 100 58 54
f 142 55 144
f 144 55 57
f 147 146 269
f 269 146 148
f 459 93 75
f 75 93 92
f 144 145 142
f 142 145 141
f 228 27 20
f 20 27 17
f 154 299 175
f 175 299 176
f 214 213 224
f 224 213 301
f 424 461 306
f 306 461 303
f 285 286 309
f 309 286 310
f 462 334 308
f 308 334 309
f 302 306 226
f 226 306 305
f 37 28 21
f 21 28 27
f 29 35 30
f 30 35 34
f 30 34 37
f 37 34 28
f 344 436 356
f 356 436 229
f 325 290 326
f 326 290 289
f 311 439 312
f 312 439 438
f 35 319 36
f 36 319 315
f 439 311 430
f 430 311 323
f 315 319 325
f 325 319 290
f 440 463 438
f 438 463 312
f 341 344 355
f 355 344 356
f 360 456 116
f 116 456 117
f 354 22 355
f 355 22 228
f 326 289 324
f 324 289 323
f 74 87 68
f 68 87 69
f 50 53 138
f 138 53 139
f 268 406 267
f 267 406 246
f 190 106 108
f 108 106 109
f 241 455 112
f 112 455 113
f 358 122 343
f 343 122 121
f 129 347 130
f 130 347 348
f 348 351 130
f 130 351 131
f 229 232 356
f 356 232 357
f 340 115 358
f 358 115 122
f 111 359 112
f 112 359 242
f 125 124 457
f 457 124 422
f 231 132 232
f 232 132 131
f 343 121 344
f 344 121 436
f 263 114 360
f 360 114 113
f 347 129 345
f 345 129 422
f 230 229 437
f 437 229 436
f 464 446 423
f 423 446 400
f 465 466 468
f 468 466 467
f 470 471 469
f 469 471 472
f 469 472 373
f 373 472 374
f 474 469 473
f 473 469 373
f 471 475 472
f 472 475 476
f 472 477 374
f 374 477 478
f 477 472 476
f 479 480 476
f 476 480 477
f 473 373 377
f 377 373 372
f 481 482 479
f 479 482 480
f 483 484 481
f 481 484 482
f 403 402 485
f 485 402 486
f 487 488 483
f 483 488 484
f 487 489 488
f 488 489 490
f 489 491 490
f 490 491 492
f 491 493 492
f 492 493 494
f 493 495 494
f 494 495 496
f 497 498 481
f 481 498 483
f 484 499 482
f 482 499 367
f 370 480 367
f 367 480 482
f 480 370 477
f 477 370 478
f 500 497 479
f 479 497 481
f 451 473 380
f 380 473 377
f 448 451 379
f 379 451 380
f 501 502 504
f 504 502 503
f 449 505 507
f 507 505 506
f 486 508 505
f 505 508 506
f 508 509 506
f 506 509 510
f 511 507 510
f 510 507 506
f 509 508 512
f 512 508 513
f 515 509 514
f 514 509 512
f 509 515 510
f 510 515 516
f 510 516 511
f 511 516 517
f 486 505 485
f 485 505 518
f 505 449 518
f 518 449 448
f 383 382 403
f 403 382 404
f 363 404 364
f 364 404 382
f 403 485 383
f 383 485 407
f 519 520 361
f 361 520 362
f 522 496 521
f 521 496 495
f 450 474 451
f 451 474 473
f 363 366 523
f 523 366 524
f 525 499 488
f 488 499 484
f 488 490 525
f 525 490 526
f 496 522 520
f 520 522 527
f 494 496 519
f 519 496 520
f 492 494 528
f 528 494 519
f 529 530 495
f 495 530 521
f 490 492 526
f 526 492 528
f 529 495 531
f 531 495 493
f 533 534 532
f 532 534 535
f 523 524 533
f 533 524 534
f 486 402 532
f 532 402 533
f 529 536 530
f 530 536 537
f 536 538 537
f 537 538 539
f 540 541 539
f 539 541 537
f 530 537 535
f 535 537 541
f 542 539 543
f 543 539 538
f 539 542 540
f 540 542 544
f 541 540 513
f 513 540 512
f 540 544 512
f 512 544 514
f 546 547 545
f 545 547 548
f 549 550 531
f 531 550 551
f 550 549 552
f 552 549 553
f 546 550 554
f 554 550 552
f 547 546 555
f 555 546 554
f 498 556 558
f 558 556 557
f 559 557 560
f 560 557 556
f 561 562 560
f 560 562 559
f 557 559 552
f 552 559 554
f 559 562 554
f 554 562 555
f 558 557 553
f 553 557 552
f 475 471 563
f 563 471 564
f 565 563 567
f 567 563 566
f 471 470 564
f 564 470 466
f 564 466 568
f 568 466 465
f 568 465 569
f 569 465 570
f 572 573 571
f 571 573 574
f 569 575 567
f 567 575 576
f 577 565 576
f 576 565 567
f 578 579 581
f 581 579 580
f 575 561 576
f 576 561 560
f 556 577 560
f 560 577 576
f 577 556 497
f 497 556 498
f 565 577 500
f 500 577 497
f 563 565 475
f 475 565 500
f 553 489 558
f 558 489 487
f 531 493 549
f 549 493 491
f 489 553 491
f 491 553 549
f 394 407 518
f 518 407 485
f 518 448 394
f 394 448 379
f 545 548 538
f 538 548 543
f 551 545 536
f 536 545 538
f 536 529 551
f 551 529 531
f 507 582 449
f 449 582 450
f 511 583 507
f 507 583 582
f 511 517 583
f 583 517 584
f 585 586 588
f 588 586 587
f 590 591 589
f 589 591 592
f 591 590 593
f 593 590 594
f 596 597 595
f 595 597 598
f 599 600 602
f 602 600 601
f 604 605 603
f 603 605 606
f 608 609 607
f 607 609 610
f 612 613 611
f 611 613 614
f 615 616 618
f 618 616 617
f 620 621 619
f 619 621 622
f 624 625 623
f 623 625 626
f 628 629 627
f 627 629 630
f 632 633 631
f 631 633 634
f 635 636 638
f 638 636 637
f 639 640 642
f 642 640 641
f 644 645 643
f 643 645 646
f 619 622 647
f 647 622 648
f 650 651 649
f 649 651 652
f 601 653 602
f 602 653 654
f 656 657 655
f 655 657 658
f 660 661 659
f 659 661 662
f 664 665 663
f 663 665 666
f 593 594 667
f 667 594 668
f 669 670 672
f 672 670 671
f 673 674 676
f 676 674 675
f 633 632 677
f 677 632 678
f 663 666 679
f 679 666 680
f 681 682 684
f 684 682 683
f 686 687 685
f 685 687 688
f 690 661 689
f 689 661 691
f 693 686 692
f 692 686 685
f 695 597 694
f 694 597 668
f 594 696 668
f 668 696 694
f 697 698 696
f 696 698 699
f 700 701 697
f 697 701 698
f 702 585 703
f 703 585 588
f 671 690 672
f 672 690 689
f 640 639 704
f 704 639 705
f 679 706 663
f 663 706 658
f 708 709 707
f 707 709 710
f 711 712 610
f 610 712 607
f 713 714 716
f 716 714 715
f 717 718 720
f 720 718 719
f 722 634 721
f 721 634 633
f 724 725 723
f 723 725 726
f 728 729 727
f 727 729 730
f 732 733 731
f 731 733 734
f 707 710 735
f 735 710 736
f 643 737 644
f 644 737 738
f 740 741 739
f 739 741 742
f 608 744 743
f 743 744 745
f 747 748 746
f 746 748 749
f 751 752 750
f 750 752 753
f 754 755 757
f 757 755 756
f 758 759 761
f 761 759 760
f 763 764 762
f 762 764 765
f 767 768 766
f 766 768 769
f 771 772 770
f 770 772 773
f 775 776 774
f 774 776 777
f 779 780 778
f 778 780 781
f 783 712 782
f 782 712 784
f 785 786 788
f 788 786 787
f 790 628 789
f 789 628 627
f 792 793 791
f 791 793 794
f 795 796 726
f 726 796 723
f 798 799 797
f 797 799 800
f 721 633 801
f 801 633 677
f 797 800 802
f 802 800 803
f 805 806 804
f 804 806 807
f 809 810 808
f 808 810 811
f 813 814 812
f 812 814 815
f 809 808 817
f 817 808 816
f 818 819 804
f 804 819 805
f 820 821 818
f 818 821 819
f 821 820 587
f 587 820 822
f 809 823 810
f 810 823 824
f 814 807 815
f 815 807 806
f 826 426 825
f 825 426 223
f 426 826 427
f 427 826 827
f 828 829 454
f 454 829 830
f 831 832 677
f 677 832 801
f 834 835 833
f 833 835 836
f 838 839 837
f 837 839 840
f 841 842 844
f 844 842 843
f 845 846 803
f 803 846 802
f 847 831 678
f 678 831 677
f 848 849 851
f 851 849 850
f 853 854 852
f 852 854 855
f 857 858 856
f 856 858 680
f 860 861 859
f 859 861 862
f 864 865 863
f 863 865 866
f 868 869 867
f 867 869 870
f 839 871 840
f 840 871 872
f 849 848 874
f 874 848 873
f 876 877 875
f 875 877 878
f 880 881 879
f 879 881 882
f 883 884 886
f 886 884 885
f 846 887 802
f 802 887 888
f 890 891 889
f 889 891 888
f 893 894 892
f 892 894 895
f 896 897 728
f 728 897 729
f 899 900 898
f 898 900 901
f 902 852 904
f 904 852 903
f 849 905 850
f 850 905 906
f 875 878 907
f 907 878 908
f 910 911 909
f 909 911 912
f 914 915 913
f 913 915 916
f 917 918 862
f 862 918 859
f 919 920 856
f 856 920 921
f 923 924 922
f 922 924 925
f 926 927 925
f 925 927 922
f 929 930 928
f 928 930 693
f 932 695 931
f 931 695 694
f 823 867 824
f 824 867 933
f 935 936 934
f 934 936 937
f 938 868 823
f 823 868 867
f 940 847 939
f 939 847 678
f 632 655 678
f 678 655 939
f 941 942 619
f 619 942 620
f 687 943 688
f 688 943 944
f 851 850 945
f 945 850 903
f 850 906 903
f 903 906 904
f 946 947 949
f 949 947 948
f 951 952 950
f 950 952 953
f 955 956 954
f 954 956 957
f 907 958 875
f 875 958 874
f 960 961 959
f 959 961 962
f 963 853 902
f 902 853 852
f 909 964 910
f 910 964 965
f 967 968 966
f 966 968 969
f 971 972 970
f 970 972 973
f 974 960 975
f 975 960 959
f 977 978 976
f 976 978 979
f 981 977 980
f 980 977 976
f 980 982 981
f 981 982 983
f 985 983 984
f 984 983 982
f 984 986 985
f 985 986 987
f 989 990 988
f 988 990 991
f 993 994 992
f 992 994 995
f 997 998 996
f 996 998 999
f 1001 1002 1000
f 1000 1002 1003
f 1005 1006 1004
f 1004 1006 1007
f 1004 1008 1005
f 1005 1008 1009
f 1008 1010 1009
f 1009 1010 1011
f 1013 1011 1012
f 1012 1011 1010
f 1014 1015 1017
f 1017 1015 1016
f 1019 1020 1018
f 1018 1020 1021
f 1022 1023 976
f 976 1023 980
f 1024 1025 982
f 982 1025 984
f 992 995 1026
f 1026 995 1027
f 956 955 1028
f 1028 955 1029
f 1030 1031 1033
f 1033 1031 1032
f 1010 1008 1034
f 1034 1008 1035
f 1008 1004 1035
f 1035 1004 1036
f 1037 1038 1002
f 1002 1038 1007
f 1002 1001 1037
f 1037 1001 1039
f 1040 1041 997
f 997 1041 998
f 1015 1014 1043
f 1043 1014 1042
f 1044 1045 1047
f 1047 1045 1046
f 1044 1020 1048
f 1048 1020 1049
f 1050 1051 1003
f 1003 1051 1000
f 1052 1050 1006
f 1006 1050 1003
f 1053 1054 1011
f 1011 1054 1009
f 1013 1045 1055
f 1055 1045 1056
f 1058 1059 1057
f 1057 1059 1060
f 1062 1063 1061
f 1061 1063 1064
f 1065 1066 1050
f 1050 1066 1051
f 1067 1065 1052
f 1052 1065 1050
f 1068 1069 1054
f 1054 1069 1070
f 1071 1068 1053
f 1053 1068 1054
f 1073 1071 1072
f 1072 1071 1074
f 1074 1071 1055
f 1055 1071 1053
f 1076 1077 1075
f 1075 1077 1078
f 1079 1080 1057
f 1057 1080 1058
f 1081 1082 1064
f 1064 1082 1061
f 1084 1085 1083
f 1083 1085 1086
f 1088 1089 1087
f 1087 1089 1090
f 1092 1093 1091
f 1091 1093 1094
f 1096 1097 1095
f 1095 1097 1098
f 1099 1100 1102
f 1102 1100 1101
f 1103 1104 1099
f 1099 1104 1100
f 1106 1107 1105
f 1105 1107 1108
f 1110 1111 1109
f 1109 1111 1112
f 1114 1115 1113
f 1113 1115 1116
f 1118 1119 1117
f 1117 1119 1077
f 1117 1120 1122
f 1122 1120 1121
f 1105 1123 1106
f 1106 1123 1124
f 1125 1126 1128
f 1128 1126 1127
f 1130 1131 1129
f 1129 1131 1132
f 1134 1135 1133
f 1133 1135 1114
f 1113 1136 1114
f 1114 1136 1133
f 1118 1137 1113
f 1113 1137 1136
f 1118 1117 1137
f 1137 1117 1122
f 1139 1140 1138
f 1138 1140 1141
f 1143 953 1142
f 1142 953 952
f 1145 957 1144
f 1144 957 956
f 1028 1146 956
f 956 1146 1144
f 1014 1147 1042
f 1042 1147 1148
f 1014 1017 1147
f 1147 1017 1149
f 1059 1058 1150
f 1150 1058 1151
f 1153 1080 1152
f 1152 1080 1154
f 1156 1088 1155
f 1155 1088 1087
f 1157 1158 1106
f 1106 1158 1107
f 1106 1124 1157
f 1157 1124 1159
f 1161 1162 1160
f 1160 1162 1163
f 1165 1166 1164
f 1164 1166 1167
f 1168 1031 1012
f 1012 1031 1046
f 1024 1023 1035
f 1035 1023 1034
f 1036 1038 1025
f 1025 1038 1169
f 1170 1171 1039
f 1039 1171 1037
f 1028 1029 1042
f 1042 1029 1043
f 1172 1173 1175
f 1175 1173 1174
f 1055 1053 1013
f 1013 1053 1011
f 1005 1009 1070
f 1070 1009 1054
f 996 999 1062
f 1062 999 1063
f 1016 1060 1017
f 1017 1060 1059
f 1017 1059 1149
f 1149 1059 1150
f 1177 1178 1176
f 1176 1178 1103
f 1176 1072 1179
f 1179 1072 1074
f 1073 1102 1086
f 1086 1102 1083
f 1180 1181 1067
f 1067 1181 1065
f 1182 1183 1184
f 1184 1183 1181
f 1186 1187 1185
f 1185 1187 1188
f 1189 1190 798
f 798 1190 799
f 1192 1193 1191
f 1191 1193 1194
f 1195 1196 1194
f 1194 1196 1191
f 1196 1195 1198
f 1198 1195 1197
f 1200 674 1199
f 1199 674 673
f 928 1201 1203
f 1203 1201 1202
f 861 1204 862
f 862 1204 921
f 1205 1206 913
f 913 1206 1207
f 882 1208 879
f 879 1208 1209
f 1210 1211 1167
f 1167 1211 1164
f 1212 769 1213
f 1213 769 768
f 727 1214 728
f 728 1214 1215
f 1217 1218 1216
f 1216 1218 1219
f 1220 813 1221
f 1221 813 812
f 827 828 427
f 427 828 454
f 1223 1224 1222
f 1222 1224 1165
f 1226 1227 1225
f 1225 1227 1228
f 851 1229 848
f 848 1229 1230
f 834 854 835
f 835 854 1231
f 1233 1234 1232
f 1232 1234 1235
f 1237 751 1236
f 1236 751 750
f 743 819 1238
f 1238 819 821
f 1240 1241 1239
f 1239 1241 1242
f 1244 1245 1243
f 1243 1245 1246
f 844 1247 841
f 841 1247 1248
f 1250 1251 1249
f 1249 1251 1252
f 1254 893 1253
f 1253 893 1237
f 1255 1256 1258
f 1258 1256 1257
f 1260 1261 1259
f 1259 1261 1262
f 945 903 855
f 855 903 852
f 855 1263 945
f 945 1263 1264
f 832 845 801
f 801 845 803
f 800 721 803
f 803 721 801
f 721 800 722
f 722 800 799
f 1266 1267 1265
f 1265 1267 1268
f 1270 795 1269
f 1269 795 726
f 725 1271 726
f 726 1271 1269
f 737 765 738
f 738 765 764
f 759 740 760
f 760 740 739
f 717 1272 1274
f 1274 1272 1273
f 1163 1226 1275
f 1275 1226 1225
f 1277 882 1276
f 1276 882 881
f 1041 1040 1027
f 1027 1040 1026
f 900 935 901
f 901 935 934
f 1164 1278 1165
f 1165 1278 1222
f 1211 1279 1164
f 1164 1279 1278
f 442 1280 453
f 453 1280 1281
f 788 1282 785
f 785 1282 1283
f 1285 1286 1284
f 1284 1286 1287
f 1284 1288 1285
f 1285 1288 1289
f 757 1289 754
f 754 1289 1288
f 605 604 675
f 675 604 676
f 1290 1291 1293
f 1293 1291 1292
f 1295 1296 1294
f 1294 1296 1297
f 696 699 694
f 694 699 931
f 1298 1299 592
f 592 1299 589
f 1299 1300 589
f 589 1300 700
f 1300 1301 700
f 700 1301 701
f 743 745 819
f 819 745 805
f 1303 1304 1302
f 1302 1304 1305
f 1306 1307 1305
f 1305 1307 1302
f 609 1298 610
f 610 1298 592
f 587 822 588
f 588 822 1308
f 703 588 1309
f 1309 588 1308
f 1310 703 571
f 571 703 1309
f 1311 1312 789
f 789 1312 790
f 825 223 1313
f 1313 223 220
f 219 1314 220
f 220 1314 1313
f 1315 1316 1311
f 1311 1316 1312
f 1317 1318 1319
f 1319 1318 1241
f 441 1320 442
f 442 1320 1280
f 1321 217 572
f 572 217 216
f 1323 1230 1322
f 1322 1230 1229
f 1324 1325 631
f 631 1325 656
f 1034 1168 1010
f 1010 1168 1012
f 1327 1328 1326
f 1326 1328 1329
f 1331 1202 1330
f 1330 1202 1201
f 571 1309 572
f 572 1309 1321
f 573 572 1332
f 1332 572 216
f 1334 1335 1333
f 1333 1335 1336
f 1337 1338 918
f 918 1338 859
f 1339 863 1340
f 1340 863 866
f 1341 1342 1344
f 1344 1342 1343
f 1345 1346 919
f 919 1346 920
f 1347 1348 673
f 673 1348 1199
f 693 1349 928
f 928 1349 1201
f 1351 1257 1350
f 1350 1257 1256
f 1350 1352 1351
f 1351 1352 1353
f 653 930 654
f 654 930 662
f 1279 1354 1278
f 1278 1354 1355
f 1357 1358 1356
f 1356 1358 1359
f 937 1360 1140
f 1140 1360 1361
f 1225 1228 909
f 909 1228 964
f 901 934 1362
f 1362 934 1139
f 1364 1365 1363
f 1363 1365 1362
f 1367 912 1366
f 1366 912 911
f 1143 1142 1368
f 1368 1142 1369
f 1144 1186 1145
f 1145 1186 1185
f 1146 1175 1144
f 1144 1175 1186
f 1175 1146 1172
f 1172 1146 1148
f 1147 1018 1148
f 1148 1018 1172
f 1018 1147 1019
f 1019 1147 1149
f 1149 1150 1019
f 1019 1150 1370
f 1150 1151 1370
f 1370 1151 1371
f 1151 1153 1371
f 1371 1153 1177
f 1152 1156 1178
f 1178 1156 1372
f 1155 1158 1373
f 1373 1158 1374
f 1157 1159 1376
f 1376 1159 1375
f 1378 1379 1377
f 1377 1379 1380
f 1382 1383 1381
f 1381 1383 1384
f 1382 1386 1385
f 1385 1386 1387
f 1386 1233 1387
f 1387 1233 1232
f 1389 1390 1388
f 1388 1390 1391
f 1393 1394 1392
f 1392 1394 1395
f 1397 1398 1396
f 1396 1398 1399
f 629 1397 630
f 630 1397 1396
f 1342 1400 1343
f 1343 1400 1401
f 1403 1404 1402
f 1402 1404 1405
f 1407 1408 1406
f 1406 1408 1409
f 1411 1412 1410
f 1410 1412 1413
f 793 1414 794
f 794 1414 1415
f 1417 1341 1416
f 1416 1341 1344
f 704 705 1347
f 1347 705 1418
f 741 1419 742
f 742 1419 1420
f 1422 669 1421
f 1421 669 672
f 645 1423 646
f 646 1423 1424
f 1196 1198 614
f 614 1198 611
f 613 1425 614
f 614 1425 1426
f 1427 616 659
f 659 616 660
f 614 1426 1196
f 1196 1426 1191
f 696 594 697
f 697 594 590
f 697 590 700
f 700 590 589
f 703 1310 702
f 702 1310 1428
f 1421 672 1192
f 1192 672 689
f 1271 648 1269
f 1269 648 622
f 621 1270 622
f 622 1270 1269
f 1429 1430 1417
f 1417 1430 1341
f 1431 1432 1434
f 1434 1432 1433
f 1436 1437 1435
f 1435 1437 1438
f 1440 1441 1439
f 1439 1441 1442
f 1443 1444 1446
f 1446 1444 1445
f 823 809 938
f 938 809 817
f 810 1447 811
f 811 1447 1448
f 1449 1450 679
f 679 1450 706
f 913 916 1205
f 1205 916 1451
f 1275 1225 912
f 912 1225 909
f 1452 1453 880
f 880 1453 881
f 1444 1401 1445
f 1445 1401 1400
f 936 1454 937
f 937 1454 1360
f 824 1455 810
f 810 1455 1447
f 631 656 632
f 632 656 655
f 966 1456 967
f 967 1456 1457
f 1459 1460 1458
f 1458 1460 1461
f 1460 1462 1461
f 1461 1462 1463
f 972 974 973
f 973 974 975
f 990 995 991
f 991 995 994
f 1464 1187 1033
f 1033 1187 1174
f 1018 1021 1172
f 1172 1021 1173
f 1000 999 1001
f 1001 999 998
f 976 979 1022
f 1022 979 1032
f 1023 1024 980
f 980 1024 982
f 989 986 1171
f 1171 986 1169
f 1171 1170 989
f 989 1170 990
f 1170 1027 990
f 990 1027 995
f 1041 1039 998
f 998 1039 1001
f 1051 1063 1000
f 1000 1063 999
f 1066 1064 1051
f 1051 1064 1063
f 1183 1081 1066
f 1066 1081 1064
f 1178 1372 1103
f 1103 1372 1104
f 1092 1091 1465
f 1465 1091 1182
f 1467 1465 1466
f 1466 1465 1468
f 1469 1470 1184
f 1184 1470 1468
f 1095 1098 1471
f 1471 1098 1101
f 1076 1374 1120
f 1120 1374 1376
f 1110 1472 1127
f 1127 1472 1132
f 1472 1473 1132
f 1132 1473 1129
f 1474 1475 1466
f 1466 1475 1473
f 1119 1118 1116
f 1116 1118 1113
f 1375 1121 1376
f 1376 1121 1120
f 1127 1132 1128
f 1128 1132 1131
f 1227 1476 1228
f 1228 1476 1361
f 1365 1477 1362
f 1362 1477 872
f 1478 1479 1323
f 1323 1479 1230
f 1480 1481 914
f 914 1481 915
f 913 1277 914
f 914 1277 1276
f 1168 1034 1022
f 1022 1034 1023
f 1035 1036 1024
f 1024 1036 1025
f 1039 1041 1170
f 1170 1041 1027
f 1042 1148 1028
f 1028 1148 1146
f 968 1459 969
f 969 1459 1458
f 1482 1483 664
f 664 1483 665
f 1485 1486 1484
f 1484 1486 1487
f 1489 1490 1488
f 1488 1490 1491
f 1492 1493 722
f 722 1493 634
f 1495 1496 1494
f 1494 1496 1497
f 1498 1207 1339
f 1339 1207 863
f 1224 1499 1165
f 1165 1499 1166
f 1160 1163 1500
f 1500 1163 1275
f 1500 877 1160
f 1160 877 1501
f 876 873 1502
f 1502 873 1479
f 945 1264 851
f 851 1264 1229
f 835 1231 839
f 839 1231 871
f 1503 1283 778
f 778 1283 1282
f 716 715 1505
f 1505 715 1504
f 1446 1445 1507
f 1507 1445 1506
f 779 792 1381
f 1381 792 791
f 1430 1409 1341
f 1341 1409 1342
f 1411 1429 1508
f 1508 1429 1417
f 635 1510 1509
f 1509 1510 1511
f 1377 1380 1315
f 1315 1380 1316
f 1445 1400 1506
f 1506 1400 1408
f 918 917 1336
f 1336 917 1333
f 1513 1514 1512
f 1512 1514 870
f 1515 1516 1363
f 1363 1516 1364
f 1453 1517 881
f 881 1517 1276
f 992 1518 993
f 993 1518 1519
f 1520 1029 1518
f 1518 1029 955
f 1520 1026 1521
f 1521 1026 1040
f 1522 1015 1521
f 1521 1015 1043
f 996 1523 997
f 997 1523 1522
f 1060 1016 1524
f 1524 1016 1523
f 1061 1525 1062
f 1062 1525 1524
f 1079 1527 1526
f 1526 1527 1528
f 1093 1529 1094
f 1094 1529 1528
f 1111 1530 1112
f 1112 1530 1531
f 1532 1533 1105
f 1105 1533 1123
f 934 937 1139
f 1139 937 1140
f 1138 1363 1139
f 1139 1363 1362
f 1534 1222 1355
f 1355 1222 1278
f 1535 1223 1534
f 1534 1223 1222
f 821 587 1238
f 1238 587 586
f 1319 711 1317
f 1317 711 1536
f 1538 1200 1537
f 1537 1200 1199
f 1508 1417 1539
f 1539 1417 1416
f 1540 1541 840
f 840 1541 837
f 1231 898 871
f 871 898 901
f 1500 1275 1367
f 1367 1275 912
f 1543 1379 1542
f 1542 1379 1395
f 1539 772 1508
f 1508 772 1544
f 1546 1403 1545
f 1545 1403 1402
f 1548 1549 1547
f 1547 1549 1550
f 1552 1548 1551
f 1551 1548 1547
f 1554 1555 1553
f 1553 1555 1556
f 1558 1559 1557
f 1557 1559 1560
f 1562 1563 1561
f 1561 1563 1564
f 1566 1567 1565
f 1565 1567 1568
f 1570 1571 1569
f 1569 1571 1572
f 1574 1575 1573
f 1573 1575 1576
f 1577 1578 1572
f 1572 1578 1569
f 1580 1581 1579
f 1579 1581 1582
f 1584 1585 1583
f 1583 1585 1586
f 1588 1555 1587
f 1587 1555 1589
f 1591 1592 1590
f 1590 1592 1593
f 1595 1596 1594
f 1594 1596 1597
f 1596 1581 1597
f 1597 1581 1576
f 1599 1570 1598
f 1598 1570 1569
f 1601 1602 1600
f 1600 1602 1603
f 1605 1606 1604
f 1604 1606 1607
f 1608 1609 1568
f 1568 1609 1565
f 1611 1612 1610
f 1610 1612 1613
f 1615 1616 1614
f 1614 1616 1617
f 1619 1617 1618
f 1618 1617 1616
f 1621 1622 1620
f 1620 1622 1623
f 1625 1626 1624
f 1624 1626 1627
f 1629 1630 1628
f 1628 1630 1631
f 1633 1634 1632
f 1632 1634 1635
f 1636 1637 1639
f 1639 1637 1638
f 1641 1642 1640
f 1640 1642 1643
f 1624 1627 1644
f 1644 1627 1645
f 1647 1648 1646
f 1646 1648 1649
f 1651 1652 1650
f 1650 1652 1653
f 1655 1656 1654
f 1654 1656 1657
f 1659 1660 1658
f 1658 1660 1661
f 1662 1663 1631
f 1631 1663 1628
f 1651 1665 1664
f 1664 1665 1666
f 1667 1656 1619
f 1619 1656 1617
f 1669 1670 1668
f 1668 1670 1671
f 1632 1635 1672
f 1672 1635 1673
f 1674 1675 1638
f 1638 1675 1639
f 1677 1678 1676
f 1676 1678 1679
f 1680 1640 1681
f 1681 1640 1643
f 1682 1683 1643
f 1643 1683 1681
f 1670 1669 1235
f 1235 1669 1232
f 1396 1399 1674
f 1674 1399 1675
f 627 630 1679
f 1679 630 1676
f 1681 1315 1680
f 1680 1315 1311
f 1683 1377 1681
f 1681 1377 1315
f 1672 1673 1387
f 1387 1673 1385
f 1636 1684 1646
f 1646 1684 1685
f 1687 1688 1686
f 1686 1688 1689
f 1585 1690 1586
f 1586 1690 1691
f 1599 1692 1551
f 1551 1692 1693
f 1552 1558 1694
f 1694 1558 1557
f 1696 1615 1695
f 1695 1615 1614
f 1698 1699 1697
f 1697 1699 1623
f 1700 1701 1703
f 1703 1701 1702
f 1705 1706 1704
f 1704 1706 1707
f 1708 1709 1640
f 1640 1709 1641
f 1710 1711 1713
f 1713 1711 1712
f 1652 1655 1653
f 1653 1655 1654
f 1714 1699 1712
f 1712 1699 1713
f 1715 1710 1716
f 1716 1710 1713
f 1717 1708 1680
f 1680 1708 1640
f 1393 1392 1715
f 1715 1392 1710
f 1719 1720 1718
f 1718 1720 1721
f 1680 1311 1717
f 1717 1311 789
f 1378 1711 1392
f 1392 1711 1710
f 1388 1391 1719
f 1719 1391 1720
f 1723 1606 1722
f 1722 1606 1689
f 1725 1568 1724
f 1724 1568 1567
f 1726 1647 1685
f 1685 1647 1646
f 1728 1554 1727
f 1727 1554 1553
f 1591 1687 1600
f 1600 1687 1686
f 1730 1595 1729
f 1729 1595 1594
f 1601 1605 1731
f 1731 1605 1604
f 1733 1663 1732
f 1732 1663 1734
f 1736 1639 1735
f 1735 1639 1675
f 1658 1644 1737
f 1737 1644 1645
f 1726 1662 1724
f 1724 1662 1631
f 1399 1738 1675
f 1675 1738 1735
f 1621 1667 1739
f 1739 1667 1619
f 1714 1740 1620
f 1620 1740 1741
f 1592 1549 1593
f 1593 1549 1742
f 1602 1571 1603
f 1603 1571 1550
f 1688 1690 1689
f 1689 1690 1722
f 1588 1559 1582
f 1582 1559 1579
f 1673 1735 1385
f 1385 1735 1738
f 1387 1232 1672
f 1672 1232 1669
f 1580 1692 1573
f 1573 1692 1743
f 1377 1683 1378
f 1378 1683 1711
f 1664 1666 1744
f 1744 1666 1745
f 1744 1696 1664
f 1664 1696 1695
f 1746 1747 1732
f 1732 1747 1748
f 1749 1750 1677
f 1677 1750 1678
f 1709 1708 1750
f 1750 1708 1678
f 1668 1632 1669
f 1669 1632 1672
f 1633 1746 1734
f 1734 1746 1732
f 1679 1678 1717
f 1717 1678 1708
f 789 627 1717
f 1717 627 1679
f 1563 1723 1564
f 1564 1723 1722
f 1728 1584 1751
f 1751 1584 1583
f 1674 1676 1396
f 1396 1676 630
f 1666 1566 1745
f 1745 1566 1565
f 1627 1629 1645
f 1645 1629 1628
f 1637 1749 1638
f 1638 1749 1677
f 1648 1665 1649
f 1649 1665 1752
f 1740 1642 1741
f 1741 1642 1657
f 1676 1674 1677
f 1677 1674 1638
f 1683 1682 1711
f 1711 1682 1712
f 1618 1753 1619
f 1619 1753 1739
f 1701 1739 1702
f 1702 1739 1753
f 1754 1214 1756
f 1756 1214 1755
f 647 1757 619
f 619 1757 941
f 1759 1193 1758
f 1758 1193 691
f 1419 1760 1420
f 1420 1760 1761
f 682 1762 683
f 683 1762 1763
f 1412 780 1413
f 1413 780 1384
f 1383 1398 1384
f 1384 1398 1413
f 1197 1424 1764
f 1764 1424 1423
f 1537 1287 1538
f 1538 1287 1286
f 1634 1684 1635
f 1635 1684 1736
f 1724 1631 1725
f 1725 1631 1630
f 1562 1730 1610
f 1610 1730 1729
f 1735 1673 1736
f 1736 1673 1635
f 1757 1195 941
f 941 1195 1194
f 1766 200 1765
f 1765 200 199
f 475 500 476
f 476 500 479
f 498 558 483
f 483 558 487
f 545 551 546
f 546 551 550
f 453 1281 219
f 219 1281 1314
f 298 453 208
f 208 453 219
f 368 1765 1767
f 1767 1765 199
f 523 405 363
f 363 405 404
f 523 533 405
f 405 533 402
f 298 208 299
f 299 208 207
f 299 207 176
f 176 207 300
f 176 300 173
f 173 300 202
f 173 202 174
f 174 202 201
f 1337 918 1768
f 1768 918 1336
f 1769 1770 1338
f 1338 1770 859
f 581 570 578
f 578 570 1771
f 555 562 580
f 580 562 561
f 504 1772 501
f 501 1772 548
f 517 542 584
f 584 542 543
f 515 514 516
f 516 514 544
f 542 517 544
f 544 517 516
f 561 575 580
f 580 575 581
f 575 569 581
f 581 569 570
f 501 548 1773
f 1773 548 547
f 1774 1775 570
f 570 1775 1771
f 369 368 1776
f 1776 368 1767
f 372 369 375
f 375 369 1776
f 822 1280 1308
f 1308 1280 1320
f 820 1281 822
f 822 1281 1280
f 818 1314 820
f 820 1314 1281
f 1314 818 1313
f 1313 818 804
f 807 814 825
f 825 814 826
f 814 813 826
f 826 813 827
f 813 1220 827
f 827 1220 828
f 580 579 555
f 555 579 547
f 1477 1540 872
f 872 1540 840
f 367 499 368
f 368 499 1765
f 1766 1765 525
f 525 1765 499
f 1777 1766 526
f 526 1766 525
f 520 527 362
f 362 527 384
f 361 1778 519
f 519 1778 528
f 371 1779 372
f 372 1779 369
f 369 1779 370
f 370 1779 478
f 1779 371 478
f 478 371 374
f 1778 1777 528
f 528 1777 526
f 1781 1782 1780
f 1780 1782 1783
f 431 460 67
f 67 460 64
f 68 338 74
f 74 338 72
f 1785 1782 1784
f 1784 1782 1786
f 1787 1788 1790
f 1790 1788 1789
f 1792 1789 1791
f 1791 1789 1793
f 1791 1794 1792
f 1792 1794 1795
f 1794 1796 1795
f 1795 1796 1797
f 1797 1798 938
f 938 1798 868
f 1798 1799 868
f 868 1799 869
f 1801 1802 1800
f 1800 1802 1451
f 1803 1804 1205
f 1205 1804 1206
f 1805 1806 864
f 864 1806 865
f 1806 1807 865
f 865 1807 1808
f 68 71 338
f 287 328 288
f 1320 1321 1308
f 1308 1321 1309
f 1320 441 1321
f 1321 441 217
f 441 152 217
f 217 152 218
f 151 286 152
f 152 286 218
f 297 310 151
f 151 310 286
f 296 307 297
f 297 307 310
f 296 143 307
f 307 143 284
f 143 56 284
f 284 56 104
f 56 59 104
f 104 59 63
f 59 102 63
f 63 102 60
f 102 94 60
f 60 94 282
f 93 459 279
f 279 459 77
f 459 460 77
f 77 460 78
f 460 431 78
f 78 431 295
f 431 49 295
f 295 49 292
f 48 421 49
f 49 421 292
f 276 278 418
f 418 278 429
f 317 432 278
f 278 432 429
f 432 317 433
f 433 317 316
f 326 324 316
f 316 324 433
f 1536 592 1809
f 1809 592 591
f 1810 744 1812
f 1812 744 1811
f 1814 1815 1813
f 1813 1815 1816
f 1817 748 1818
f 1818 748 747
f 1812 1819 1810
f 1810 1819 1817
f 1820 1821 748
f 748 1821 749
f 1823 1824 1822
f 1822 1824 1825
f 1827 1828 1826
f 1826 1828 1829
f 1831 1832 1830
f 1830 1832 1833
f 1834 1827 1243
f 1243 1827 1826
f 1313 804 825
f 825 804 807
f 1835 1253 1236
f 1236 1253 1237
f 1836 1837 1438
f 1438 1837 1435
f 1838 1505 1840
f 1840 1505 1839
f 1841 1842 716
f 716 1842 713
f 1843 1844 1510
f 1510 1844 1845
f 1847 1848 1846
f 1846 1848 1849
f 1850 1240 1822
f 1822 1240 1239
f 636 1831 637
f 637 1831 1830
f 1852 1853 1851
f 1851 1853 1854
f 1855 1856 1858
f 1858 1856 1857
f 1846 1849 1859
f 1859 1849 1860
f 1343 1401 1509
f 1509 1401 1861
f 1509 1861 635
f 635 1861 636
f 1863 1864 1862
f 1862 1864 1865
f 1283 1503 1867
f 1867 1503 1866
f 1868 1867 681
f 681 1867 682
f 1286 1285 683
f 683 1285 684
f 757 756 1274
f 1274 756 1869
f 1274 1869 717
f 717 1869 718
f 1434 1433 719
f 719 1433 720
f 1200 1538 1545
f 1545 1538 1763
f 1285 1289 684
f 684 1289 1273
f 684 1273 681
f 681 1273 1272
f 785 1283 1868
f 1868 1283 1867
f 786 785 1870
f 1870 785 1868
f 1289 757 1273
f 1273 757 1274
f 1539 1416 1871
f 1871 1416 1872
f 773 1871 1403
f 1403 1871 1404
f 675 674 1405
f 1405 674 1402
f 1864 1873 1865
f 1865 1873 1874
f 638 1843 635
f 635 1843 1510
f 1344 1343 1511
f 1511 1343 1509
f 772 1539 773
f 773 1539 1871
f 674 1200 1402
f 1402 1200 1545
f 1538 1286 1763
f 1763 1286 683
f 1444 1443 1875
f 1875 1443 1876
f 1875 1876 1831
f 1831 1876 1832
f 1416 1344 1872
f 1872 1344 1511
f 1877 1878 774
f 774 1878 1879
f 1878 1847 1879
f 1879 1847 1846
f 1880 714 1881
f 1881 714 1848
f 1401 1444 1861
f 1861 1444 1875
f 1861 1875 636
f 636 1875 1831
f 1823 1863 1882
f 1882 1863 1862
f 1441 1440 1884
f 1884 1440 1883
f 1883 1852 1884
f 1884 1852 1851
f 1886 1887 1885
f 1885 1887 1888
f 1358 1889 1359
f 1359 1889 1890
f 1891 1886 1892
f 1892 1886 1885
f 774 1879 775
f 775 1879 1893
f 1859 1893 1846
f 1846 1893 1879
f 713 1842 1849
f 1849 1842 1860
f 1318 1895 1894
f 1894 1895 1896
f 1873 1897 1874
f 1874 1897 1898
f 1898 605 1899
f 1899 605 675
f 1405 1844 675
f 675 1844 1899
f 1404 1845 1405
f 1405 1845 1844
f 593 1296 591
f 591 1296 1809
f 1295 1292 1900
f 1900 1292 1895
f 606 1897 1291
f 1291 1897 1896
f 1510 1845 1511
f 1511 1845 1872
f 1871 1872 1404
f 1404 1872 1845
f 1866 770 1762
f 1762 770 1546
f 1762 682 1866
f 1866 682 1867
f 1870 1868 1272
f 1272 1868 681
f 1272 717 1870
f 1870 717 720
f 1870 720 786
f 786 720 1433
f 786 1433 787
f 787 1433 1432
f 1261 1414 1432
f 1432 1414 787
f 1389 1234 1260
f 1260 1234 1415
f 1719 1670 1388
f 1388 1670 1235
f 1718 1671 1719
f 1719 1671 1670
f 1705 1747 1718
f 1718 1747 1671
f 1659 1901 1704
f 1704 1901 1748
f 1877 1903 1902
f 1902 1903 1904
f 1259 1905 1390
f 1390 1905 1394
f 1715 1720 1393
f 1393 1720 1391
f 1716 1721 1715
f 1715 1721 1720
f 1698 1706 1716
f 1716 1706 1721
f 277 276 47
f 47 276 48
f 84 96 81
f 81 96 82
f 80 70 81
f 81 70 85
f 99 97 88
f 88 97 89
f 90 100 88
f 88 100 99
f 101 95 102
f 102 95 94
f 1906 1907 280
f 280 1907 281
f 97 86 89
f 89 86 85
f 60 282 61
f 61 282 281
f 83 82 46
f 46 82 47
f 293 292 420
f 420 292 421
f 419 1908 420
f 420 1908 1909
f 92 95 91
f 91 95 90
f 279 282 93
f 93 282 94
f 276 418 48
f 48 418 421
f 1910 1660 1697
f 1697 1660 1707
f 1703 1624 1700
f 1700 1624 1644
f 1622 1910 1623
f 1623 1910 1697
f 1701 1700 1911
f 1911 1700 1661
f 1700 1644 1661
f 1661 1644 1658
f 1901 1737 1733
f 1733 1737 1645
f 1625 1912 1604
f 1604 1912 1731
f 1912 1913 1731
f 1731 1913 1914
f 1913 1577 1914
f 1914 1577 1572
f 1915 1578 1616
f 1616 1578 1618
f 1915 1916 1598
f 1598 1916 1743
f 1916 1574 1743
f 1743 1574 1573
f 1575 1917 1576
f 1576 1917 1597
f 1917 1609 1597
f 1597 1609 1594
f 1608 1611 1729
f 1729 1611 1610
f 1918 1612 1629
f 1629 1612 1630
f 1626 1918 1627
f 1627 1918 1629
f 1920 1921 1919
f 1919 1921 1922
f 1920 1924 1923
f 1923 1924 1925
f 1926 1927 1924
f 1924 1927 1925
f 1929 1930 1928
f 1928 1930 1931
f 1932 1933 1935
f 1935 1933 1934
f 1937 1938 1936
f 1936 1938 1939
f 1941 1942 1940
f 1940 1942 1943
f 1941 1945 1944
f 1944 1945 1946
f 1947 1948 1694
f 1694 1948 1949
f 1950 1951 1953
f 1953 1951 1952
f 1955 1956 1954
f 1954 1956 1589
f 1958 1956 1957
f 1957 1956 1932
f 1960 1934 1959
f 1959 1934 1933
f 1962 1963 1961
f 1961 1963 1964
f 1965 1955 1751
f 1751 1955 1954
f 1935 1930 1932
f 1932 1930 1957
f 1951 1950 1926
f 1926 1950 1929
f 1966 1967 1593
f 1593 1967 1590
f 1969 1967 1968
f 1968 1967 1964
f 1962 1921 1970
f 1970 1921 1971
f 1963 1945 1964
f 1964 1945 1968
f 1972 1948 1922
f 1922 1948 1919
f 1966 1972 1961
f 1961 1972 1922
f 1958 1953 1587
f 1587 1953 1560
f 1974 1975 1973
f 1973 1975 1976
f 1978 1979 1977
f 1977 1979 1691
f 1979 1975 1691
f 1691 1975 1586
f 1938 1942 1939
f 1939 1942 1980
f 1952 1947 1557
f 1557 1947 1694
f 1969 1978 1981
f 1981 1978 1977
f 1983 1984 1982
f 1982 1984 1985
f 1986 1987 1989
f 1989 1987 1988
f 1990 1991 1983
f 1983 1991 1984
f 1990 1993 1992
f 1992 1993 1994
f 1995 1996 1994
f 1994 1996 1997
f 1999 2000 1998
f 1998 2000 2001
f 2003 2004 2002
f 2002 2004 2005
f 2007 2008 2006
f 2006 2008 2009
f 2011 2012 2010
f 2010 2012 2013
f 2014 2015 2017
f 2017 2015 2016
f 2018 2019 2021
f 2021 2019 2020
f 2022 1989 2024
f 2024 1989 2023
f 1989 1988 2023
f 2023 1988 2025
f 2026 2027 2017
f 2017 2027 2014
f 2029 2030 2028
f 2028 2030 2031
f 2033 2034 2032
f 2032 2034 2035
f 2032 2035 2036
f 2036 2035 2037
f 2039 2040 2038
f 2038 2040 2041
f 1982 2042 1983
f 1983 2042 2043
f 2045 2046 2044
f 2044 2046 2047
f 2049 2050 2048
f 2048 2050 2051
f 2053 2054 2052
f 2052 2054 2055
f 2057 2058 2056
f 2056 2058 2059
f 2060 2061 2033
f 2033 2061 2034
f 2063 2064 2062
f 2062 2064 2065
f 2066 2035 2067
f 2067 2035 2034
f 2069 2039 2068
f 2068 2039 2038
f 2025 2070 2023
f 2023 2070 2071
f 2072 2024 2071
f 2071 2024 2023
f 2074 2020 2073
f 2073 2020 2019
f 2050 2049 2047
f 2047 2049 2075
f 1983 2043 1990
f 1990 2043 1993
f 2006 2050 2007
f 2007 2050 2076
f 2050 2006 2051
f 2051 2006 2077
f 2079 2080 2078
f 2078 2080 2081
f 2082 2083 2085
f 2085 2083 2084
f 2010 2013 2086
f 2086 2013 2087
f 2089 2033 2088
f 2088 2033 2032
f 2090 2060 2089
f 2089 2060 2033
f 2092 2093 2091
f 2091 2093 2094
f 2096 1986 2095
f 2095 1986 2097
f 2097 1986 2022
f 2022 1986 1989
f 2015 2094 2016
f 2016 2094 2098
f 2016 2098 2100
f 2100 2098 2099
f 2017 2016 2101
f 2101 2016 2100
f 2017 2101 2026
f 2026 2101 2102
f 2100 2099 2104
f 2104 2099 2103
f 2104 2105 2100
f 2100 2105 2101
f 2105 2106 2101
f 2101 2106 2102
f 2108 2061 2107
f 2107 2061 2109
f 2111 2112 2110
f 2110 2112 2020
f 2020 2074 2110
f 2110 2074 2113
f 2115 2116 2114
f 2114 2116 2117
f 2118 2119 1995
f 1995 2119 2120
f 2121 2122 2027
f 2027 2122 2014
f 2047 2075 2044
f 2044 2075 2123
f 2124 2125 2127
f 2127 2125 2126
f 2129 2130 2128
f 2128 2130 2131
f 2132 2133 2057
f 2057 2133 2058
f 2134 1999 2136
f 2136 1999 2135
f 2055 2138 2137
f 2137 2138 2139
f 2141 2142 2140
f 2140 2142 2143
f 2083 2082 2064
f 2064 2082 2065
f 2082 2144 2065
f 2065 2144 2145
f 2040 2146 2041
f 2041 2146 2147
f 2060 2090 2148
f 2148 2090 2149
f 2048 2051 2137
f 2137 2051 2150
f 2151 1997 2135
f 2135 1997 1996
f 2152 2150 2077
f 2077 2150 2051
f 2046 2045 2118
f 2118 2045 2119
f 2154 2155 2153
f 2153 2155 2156
f 2158 2159 2157
f 2157 2159 2160
f 2162 2163 2161
f 2161 2163 2164
f 2164 2163 2165
f 2165 2163 2166
f 2168 2169 2167
f 2167 2169 2170
f 2003 2172 2171
f 2171 2172 2173
f 2174 2175 2002
f 2002 2175 2176
f 2145 2177 2065
f 2065 2177 2062
f 2178 2179 2180
f 2180 2179 2134
f 2181 2052 2152
f 2152 2052 2150
f 2040 2127 2146
f 2146 2127 2182
f 2130 2162 2131
f 2131 2162 2161
f 2052 2055 2150
f 2150 2055 2137
f 2184 2185 2183
f 2183 2185 2186
f 2159 2030 2160
f 2160 2030 2187
f 2146 2182 2029
f 2029 2182 2188
f 2189 2190 2192
f 2192 2190 2191
f 2172 2003 2176
f 2176 2003 2002
f 1998 2151 1999
f 1999 2151 2135
f 2177 2172 2062
f 2062 2172 2176
f 2172 2177 2173
f 2173 2177 2193
f 2063 2194 2064
f 2064 2194 2195
f 2066 2197 2196
f 2196 2197 2198
f 2002 2005 2174
f 2174 2005 2199
f 2004 2003 2200
f 2200 2003 2171
f 2198 2201 2171
f 2171 2201 2200
f 2197 2202 2198
f 2198 2202 2201
f 2202 2197 2203
f 2203 2197 2204
f 2196 2198 2173
f 2173 2198 2171
f 2205 2069 2170
f 2170 2069 2206
f 2197 2066 2204
f 2204 2066 2067
f 2107 2207 2108
f 2108 2207 2208
f 2210 2208 2209
f 2209 2208 2207
f 2185 2211 2212
f 2213 2214 2211
f 2211 2214 2212
f 1998 2001 2213
f 2213 2001 2214
f 2134 2215 1999
f 1999 2215 2000
f 2216 2217 2219
f 2219 2217 2218
f 2206 2220 2170
f 2170 2220 2167
f 2069 2068 2206
f 2206 2068 2221
f 2151 1998 2222
f 2222 1998 2213
f 2124 2039 2205
f 2205 2039 2069
f 2142 2223 2143
f 2143 2223 2128
f 2203 2186 2202
f 2202 2186 2185
f 2185 2184 2211
f 2211 2184 2224
f 2224 2225 2222
f 2222 2225 2226
f 2071 2227 2072
f 2072 2227 2228
f 2229 2074 2230
f 2230 2074 2073
f 2074 2229 2113
f 2113 2229 2231
f 2232 2225 2227
f 2227 2225 2224
f 2233 2234 2031
f 2031 2234 2028
f 2236 2231 2235
f 2235 2231 2229
f 2230 2183 2229
f 2229 2183 2235
f 2237 1987 2096
f 2096 1987 1986
f 2152 2238 2181
f 2181 2238 2239
f 2080 2240 2081
f 2081 2240 2241
f 2236 2242 1971
f 1971 2242 1970
f 1925 2113 1923
f 1923 2113 2231
f 2110 1927 2111
f 2111 1927 1928
f 2103 2111 1931
f 1931 2111 1928
f 1931 2243 2103
f 2103 2243 2104
f 2105 2104 2244
f 2244 2104 2243
f 1939 1980 2148
f 2148 1980 2109
f 1980 1944 2109
f 2109 1944 2107
f 1946 2245 2207
f 2207 2245 2209
f 2245 1970 2209
f 2209 1970 2242
f 2231 2236 1923
f 1923 2236 1971
f 2113 1925 2110
f 2110 1925 1927
f 2234 2246 2028
f 2028 2246 2147
f 2247 2248 2058
f 2058 2248 2059
f 2114 2117 2249
f 2249 2117 2250
f 2252 2253 2251
f 2251 2253 2254
f 2094 2015 2091
f 2091 2015 2255
f 2256 2255 2014
f 2014 2255 2015
f 2257 2145 2258
f 2258 2145 2144
f 2131 2161 2123
f 2123 2161 2044
f 2045 2044 2164
f 2164 2044 2161
f 2045 2164 2119
f 2119 2164 2165
f 2259 2120 2165
f 2165 2120 2119
f 2260 2261 2259
f 2259 2261 2120
f 2205 2262 2124
f 2124 2262 2125
f 2180 2263 2178
f 2178 2263 2264
f 2265 2266 2092
f 2092 2266 2093
f 1992 2267 2268
f 2184 2228 2224
f 2224 2228 2227
f 2048 2269 2049
f 2049 2269 2141
f 2129 2168 2157
f 2157 2168 2167
f 2049 2141 2075
f 2075 2141 2140
f 2199 2215 2270
f 2270 2215 2271
f 2142 2141 2272
f 2272 2141 2269
f 2089 2026 2090
f 2090 2026 2102
f 2146 2029 2147
f 2147 2029 2028
f 2111 2103 2112
f 2112 2103 2099
f 2061 2060 2109
f 2109 2060 2148
f 2273 2274 2041
f 2041 2274 2038
f 2260 2275 2261
f 2261 2275 2136
f 2057 2138 2132
f 2132 2138 2276
f 2272 2269 2056
f 2056 2269 2139
f 2277 2278 2270
f 2270 2278 2199
f 2029 2188 2030
f 2030 2188 2187
f 2040 2039 2127
f 2127 2039 2124
f 2064 2195 2083
f 2083 2195 2279
f 2056 2139 2057
f 2057 2139 2138
f 2278 2277 2247
f 2247 2277 2248
f 2062 2176 2063
f 2063 2176 2175
f 2280 2210 2242
f 2242 2210 2209
f 2282 2233 2281
f 2281 2233 2031
f 2216 2219 2283
f 2283 2219 2221
f 2158 2220 2218
f 2218 2220 2219
f 2217 2282 2218
f 2218 2282 2281
f 2220 2158 2167
f 2167 2158 2157
f 2223 2264 2128
f 2128 2264 2263
f 2261 1996 2120
f 2120 1996 1995
f 2213 2211 2222
f 2222 2211 2224
f 2283 2221 2284
f 2284 2221 2068
f 2135 1996 2136
f 2136 1996 2261
f 2144 2081 2258
f 2258 2081 2241
f 2235 2280 2236
f 2236 2280 2242
f 2246 2273 2147
f 2147 2273 2041
f 2036 2285 2032
f 2032 2285 2088
f 2077 2286 2152
f 2152 2286 2238
f 1937 1960 1973
f 1973 1960 1959
f 2070 2232 2071
f 2071 2232 2227
f 2244 2287 2105
f 2105 2287 2106
f 1936 1939 2149
f 2149 1939 2148
f 1944 1946 2107
f 2107 1946 2207
f 2285 2121 2088
f 2088 2121 2027
f 2253 2249 2254
f 2254 2249 2250
f 2006 2009 2077
f 2077 2009 2286
f 2289 2086 2288
f 2288 2086 2087
f 2223 2142 2290
f 2290 2142 2272
f 2128 2131 2143
f 2143 2131 2123
f 2156 2291 2153
f 2153 2291 2175
f 2292 2293 2278
f 2278 2293 2294
f 2075 2140 2123
f 2123 2140 2143
f 2262 2169 2275
f 2275 2169 2180
f 2275 2180 2136
f 2136 2180 2134
f 2274 2284 2038
f 2038 2284 2068
f 2127 2126 2182
f 2182 2126 2166
f 2094 2093 2098
f 2098 2093 2021
f 2098 2021 2099
f 2099 2021 2112
f 2018 2021 2266
f 2266 2021 2093
f 2251 2289 2252
f 2252 2289 2288
f 1997 2151 2226
f 2226 2151 2222
f 2206 2221 2220
f 2220 2221 2219
f 2269 2048 2139
f 2139 2048 2137
f 2159 2158 2281
f 2281 2158 2218
f 2156 2155 2190
f 2190 2155 2191
f 1974 1965 1583
f 1583 1965 1751
f 2088 2027 2089
f 2089 2027 2026
f 2030 2159 2031
f 2031 2159 2281
f 2106 2149 2102
f 2102 2149 2090
f 2287 1936 2106
f 2106 1936 2149
f 2293 2154 2294
f 2294 2154 2153
f 2021 2020 2112
f 2247 2295 2278
f 2278 2295 2292
f 2284 2296 2283
f 2283 2296 2297
f 2298 2296 2274
f 2274 2296 2284
f 2273 2299 2274
f 2274 2299 2298
f 2246 2300 2273
f 2273 2300 2299
f 2283 2297 2216
f 2216 2297 2301
f 2216 2301 2217
f 2217 2301 2302
f 2302 2303 2217
f 2217 2303 2282
f 2304 2301 2305
f 2305 2301 2297
f 2307 2308 2306
f 2306 2308 2309
f 2306 2310 2307
f 2307 2310 2311
f 2307 2312 2308
f 2308 2312 2313
f 2314 2315 2312
f 2312 2315 2316
f 2316 2317 2312
f 2312 2317 2313
f 2317 2305 2313
f 2313 2305 2318
f 2314 2312 2311
f 2311 2312 2307
f 2319 2320 2322
f 2322 2320 2321
f 2322 2311 2319
f 2319 2311 2310
f 2313 2318 2308
f 2308 2318 2309
f 2296 2298 2318
f 2318 2298 2309
f 2309 2298 2323
f 2323 2298 2299
f 2306 2309 2324
f 2324 2309 2323
f 2310 2306 2325
f 2325 2306 2324
f 2296 2318 2297
f 2297 2318 2305
f 2319 2310 2326
f 2326 2310 2325
f 2328 2325 2327
f 2327 2325 2324
f 2325 2328 2326
f 2326 2328 2329
f 2331 2328 2330
f 2330 2328 2327
f 2332 2333 2327
f 2327 2333 2330
f 2328 2331 2329
f 2329 2331 2334
f 2324 2323 2327
f 2327 2323 2332
f 2300 2332 2299
f 2299 2332 2323
f 2326 2335 2319
f 2319 2335 2320
f 2305 2317 2336
f 2336 2317 2316
f 2336 2316 2337
f 2337 2316 2315
f 2338 2304 2336
f 2336 2304 2305
f 2337 2339 2336
f 2336 2339 2338
f 2337 2315 2341
f 2341 2315 2340
f 2342 2300 2234
f 2234 2300 2246
f 2303 2343 2282
f 2282 2343 2233
f 2234 2233 2342
f 2342 2233 2343
f 2342 2343 2333
f 2333 2343 2344
f 2333 2344 2330
f 2330 2344 2345
f 2346 2344 2303
f 2303 2344 2343
f 2332 2300 2333
f 2333 2300 2342
f 2347 2346 2302
f 2302 2346 2303
f 2301 2304 2302
f 2302 2304 2347
f 2304 2338 2347
f 2347 2338 2348
f 2348 2349 2347
f 2347 2349 2346
f 2350 2351 2348
f 2348 2351 2349
f 2349 2345 2346
f 2346 2345 2344
f 2345 2349 2352
f 2352 2349 2351
f 2338 2339 2348
f 2348 2339 2350
f 2350 2339 2353
f 2353 2339 2354
f 2356 2357 2355
f 2355 2357 2353
f 2351 2350 2357
f 2357 2350 2353
f 2353 2354 2355
f 2355 2354 2335
f 2320 2335 2341
f 2341 2335 2354
f 2339 2337 2354
f 2354 2337 2341
f 2352 2331 2345
f 2345 2331 2330
f 2356 2334 2352
f 2352 2334 2331
f 2356 2352 2357
f 2357 2352 2351
f 2355 2329 2356
f 2356 2329 2334
f 2335 2326 2355
f 2355 2326 2329
f 2321 2314 2322
f 2322 2314 2311
f 2321 2320 2340
f 2340 2320 2341
f 2315 2314 2340
f 2340 2314 2321
f 2125 2260 2126
f 2126 2260 2259
f 2157 2160 2129
f 2129 2160 2130
f 2188 2163 2187
f 2187 2163 2162
f 2182 2166 2188
f 2188 2166 2163
f 2180 2169 2263
f 2263 2169 2168
f 2160 2187 2130
f 2130 2187 2162
f 2275 2260 2262
f 2262 2260 2125
f 2128 2263 2129
f 2129 2263 2168
f 2262 2205 2169
f 2169 2205 2170
f 2165 2166 2259
f 2259 2166 2126
f 2359 2360 2358
f 2358 2360 2361
f 2363 2364 2362
f 2362 2364 2365
f 2367 2363 2366
f 2366 2363 2362
f 2368 2369 2371
f 2371 2369 2370
f 2372 2373 2248
f 2248 2373 2059
f 2364 2374 2365
f 2365 2374 2375
f 2377 2378 2376
f 2376 2378 2379
f 2290 2380 2223
f 2223 2380 2381
f 2223 2381 2264
f 2264 2381 2382
f 2384 2385 2383
f 2383 2385 2386
f 2364 2371 2374
f 2374 2371 2387
f 2059 2373 2290
f 2290 2373 2380
f 2378 2360 2379
f 2379 2360 2388
f 2374 2387 2359
f 2359 2387 2389
f 2390 2367 2386
f 2386 2367 2391
f 2393 2394 2392
f 2392 2394 2395
f 2386 2391 2383
f 2383 2391 2396
f 2367 2366 2391
f 2391 2366 2397
f 2363 2367 2368
f 2368 2367 2390
f 2398 2399 2361
f 2361 2399 2358
f 2399 2400 2358
f 2358 2400 2375
f 2390 2401 2368
f 2368 2401 2369
f 2372 2384 2376
f 2376 2384 2383
f 2374 2359 2375
f 2375 2359 2358
f 2402 2403 2365
f 2365 2403 2362
f 2359 2389 2360
f 2360 2389 2388
f 2364 2363 2371
f 2371 2363 2368
f 2405 2398 2404
f 2404 2398 2361
f 2392 2395 2406
f 2406 2395 2397
f 2377 2396 2394
f 2394 2396 2395
f 2394 2393 2404
f 2404 2393 2405
f 2396 2377 2383
f 2383 2377 2376
f 2406 2397 2407
f 2407 2397 2366
f 2400 2402 2375
f 2375 2402 2365
f 2385 2270 2401
f 2401 2270 2271
f 2403 2407 2362
f 2362 2407 2366
f 2371 2370 2387
f 2387 2370 2382
f 2391 2397 2396
f 2396 2397 2395
f 2378 2377 2404
f 2404 2377 2394
f 2360 2378 2361
f 2361 2378 2404
f 2407 2408 2406
f 2406 2408 2409
f 2410 2408 2403
f 2403 2408 2407
f 2411 2410 2402
f 2402 2410 2403
f 2412 2411 2400
f 2400 2411 2402
f 2406 2409 2392
f 2392 2409 2413
f 2392 2413 2393
f 2393 2413 2414
f 2415 2405 2414
f 2414 2405 2393
f 2416 2413 2417
f 2417 2413 2409
f 2419 2420 2418
f 2418 2420 2421
f 2420 2422 2421
f 2421 2422 2423
f 2420 2424 2422
f 2422 2424 2425
f 2426 2427 2424
f 2424 2427 2428
f 2428 2429 2424
f 2424 2429 2425
f 2426 2424 2419
f 2419 2424 2420
f 2419 2418 2431
f 2431 2418 2430
f 2425 2432 2422
f 2422 2432 2423
f 2408 2410 2432
f 2432 2410 2423
f 2423 2410 2433
f 2433 2410 2411
f 2421 2423 2434
f 2434 2423 2433
f 2435 2418 2434
f 2434 2418 2421
f 2429 2417 2425
f 2425 2417 2432
f 2408 2432 2409
f 2409 2432 2417
f 2418 2435 2430
f 2430 2435 2436
f 2438 2435 2437
f 2437 2435 2434
f 2435 2438 2436
f 2436 2438 2439
f 2441 2438 2440
f 2440 2438 2437
f 2442 2443 2437
f 2437 2443 2440
f 2439 2438 2444
f 2444 2438 2441
f 2433 2442 2434
f 2434 2442 2437
f 2412 2442 2411
f 2411 2442 2433
f 2436 2445 2430
f 2430 2445 2446
f 2430 2446 2431
f 2431 2446 2447
f 2417 2429 2448
f 2448 2429 2428
f 2427 2449 2428
f 2428 2449 2448
f 2450 2416 2448
f 2448 2416 2417
f 2451 2450 2449
f 2449 2450 2448
f 2427 2452 2449
f 2449 2452 2453
f 2447 2446 2452
f 2452 2446 2453
f 2454 2412 2399
f 2399 2412 2400
f 2415 2455 2405
f 2405 2455 2398
f 2399 2398 2454
f 2454 2398 2455
f 2454 2455 2443
f 2443 2455 2456
f 2443 2456 2440
f 2440 2456 2457
f 2458 2456 2415
f 2415 2456 2455
f 2443 2442 2454
f 2454 2442 2412
f 2459 2458 2414
f 2414 2458 2415
f 2413 2416 2414
f 2414 2416 2459
f 2459 2416 2460
f 2460 2416 2450
f 2460 2461 2459
f 2459 2461 2458
f 2462 2463 2460
f 2460 2463 2461
f 2461 2457 2458
f 2458 2457 2456
f 2457 2461 2464
f 2464 2461 2463
f 2451 2462 2450
f 2450 2462 2460
f 2462 2451 2465
f 2465 2451 2466
f 2468 2469 2467
f 2467 2469 2465
f 2463 2462 2469
f 2469 2462 2465
f 2465 2466 2467
f 2467 2466 2445
f 2446 2445 2453
f 2453 2445 2466
f 2451 2449 2466
f 2466 2449 2453
f 2464 2441 2457
f 2457 2441 2440
f 2468 2444 2464
f 2464 2444 2441
f 2468 2464 2469
f 2469 2464 2463
f 2467 2439 2468
f 2468 2439 2444
f 2445 2436 2467
f 2467 2436 2439
f 2447 2426 2431
f 2431 2426 2419
f 2427 2426 2452
f 2452 2426 2447
f 2369 2179 2370
f 2370 2179 2178
f 2376 2379 2372
f 2372 2379 2373
f 2389 2381 2388
f 2388 2381 2380
f 2387 2382 2389
f 2389 2382 2381
f 2270 2385 2277
f 2277 2385 2384
f 2379 2388 2373
f 2373 2388 2380
f 2401 2271 2369
f 2369 2271 2179
f 2248 2277 2372
f 2372 2277 2384
f 2401 2390 2385
f 2385 2390 2386
f 2264 2382 2178
f 2178 2382 2370
f 2215 2134 2271
f 2271 2134 2179
f 2005 2000 2199
f 2199 2000 2215
f 2004 2001 2005
f 2005 2001 2000
f 2200 2214 2004
f 2004 2214 2001
f 2470 2471 2473
f 2473 2471 2472
f 2475 2476 2474
f 2474 2476 2477
f 2479 2475 2478
f 2478 2475 2474
f 2481 2482 2480
f 2480 2482 2483
f 2476 2484 2477
f 2477 2484 2485
f 2487 2488 2486
f 2486 2488 2489
f 2133 2490 2058
f 2058 2490 2491
f 2058 2491 2247
f 2247 2491 2492
f 2494 2495 2493
f 2493 2495 2496
f 2476 2483 2484
f 2484 2483 2497
f 2472 2498 2488
f 2488 2498 2489
f 2484 2497 2471
f 2471 2497 2499
f 2500 2479 2496
f 2496 2479 2501
f 2502 2503 2505
f 2505 2503 2504
f 2496 2501 2493
f 2493 2501 2506
f 2479 2478 2501
f 2501 2478 2507
f 2475 2479 2480
f 2480 2479 2500
f 2508 2509 2473
f 2473 2509 2470
f 2509 2510 2470
f 2470 2510 2485
f 2511 2481 2500
f 2500 2481 2480
f 2512 2494 2486
f 2486 2494 2493
f 2485 2484 2470
f 2470 2484 2471
f 2513 2514 2477
f 2477 2514 2474
f 2471 2499 2472
f 2472 2499 2498
f 2476 2475 2483
f 2483 2475 2480
f 2516 2508 2515
f 2515 2508 2473
f 2502 2505 2517
f 2517 2505 2507
f 2504 2487 2505
f 2505 2487 2506
f 2503 2516 2504
f 2504 2516 2515
f 2506 2487 2493
f 2493 2487 2486
f 2517 2507 2518
f 2518 2507 2478
f 2510 2513 2485
f 2485 2513 2477
f 2511 2495 2293
f 2293 2495 2154
f 2514 2518 2474
f 2474 2518 2478
f 2483 2482 2497
f 2497 2482 2492
f 2501 2507 2506
f 2506 2507 2505
f 2488 2487 2515
f 2515 2487 2504
f 2472 2488 2473
f 2473 2488 2515
f 2518 2519 2517
f 2517 2519 2520
f 2521 2519 2514
f 2514 2519 2518
f 2522 2521 2513
f 2513 2521 2514
f 2523 2522 2510
f 2510 2522 2513
f 2517 2520 2502
f 2502 2520 2524
f 2502 2524 2503
f 2503 2524 2525
f 2525 2526 2503
f 2503 2526 2516
f 2527 2524 2528
f 2528 2524 2520
f 2530 2531 2529
f 2529 2531 2532
f 2531 2533 2532
f 2532 2533 2534
f 2531 2535 2533
f 2533 2535 2536
f 2537 2538 2535
f 2535 2538 2539
f 2539 2540 2535
f 2535 2540 2536
f 2537 2535 2530
f 2530 2535 2531
f 2529 2541 2530
f 2530 2541 2542
f 2543 2534 2536
f 2536 2534 2533
f 2519 2521 2543
f 2543 2521 2534
f 2534 2521 2544
f 2544 2521 2522
f 2532 2534 2545
f 2545 2534 2544
f 2529 2532 2546
f 2546 2532 2545
f 2536 2540 2543
f 2543 2540 2528
f 2519 2543 2520
f 2520 2543 2528
f 2541 2529 2547
f 2547 2529 2546
f 2548 2549 2545
f 2545 2549 2546
f 2549 2550 2546
f 2546 2550 2547
f 2551 2552 2548
f 2548 2552 2549
f 2548 2553 2551
f 2551 2553 2554
f 2550 2549 2555
f 2555 2549 2552
f 2545 2544 2548
f 2548 2544 2553
f 2523 2553 2522
f 2522 2553 2544
f 2547 2556 2541
f 2541 2556 2557
f 2541 2557 2542
f 2542 2557 2558
f 2528 2540 2559
f 2559 2540 2539
f 2538 2560 2539
f 2539 2560 2559
f 2561 2527 2559
f 2559 2527 2528
f 2560 2562 2559
f 2559 2562 2561
f 2560 2538 2564
f 2564 2538 2563
f 2558 2557 2563
f 2563 2557 2564
f 2565 2523 2509
f 2509 2523 2510
f 2526 2566 2516
f 2516 2566 2508
f 2509 2508 2565
f 2565 2508 2566
f 2565 2566 2554
f 2554 2566 2567
f 2554 2567 2551
f 2551 2567 2568
f 2569 2567 2526
f 2526 2567 2566
f 2553 2523 2554
f 2554 2523 2565
f 2570 2569 2525
f 2525 2569 2526
f 2524 2527 2525
f 2525 2527 2570
f 2527 2561 2570
f 2570 2561 2571
f 2571 2572 2570
f 2570 2572 2569
f 2573 2574 2571
f 2571 2574 2572
f 2572 2568 2569
f 2569 2568 2567
f 2568 2572 2575
f 2575 2572 2574
f 2562 2573 2561
f 2561 2573 2571
f 2573 2562 2576
f 2576 2562 2577
f 2579 2580 2578
f 2578 2580 2576
f 2574 2573 2580
f 2580 2573 2576
f 2576 2577 2578
f 2578 2577 2556
f 2557 2556 2564
f 2564 2556 2577
f 2562 2560 2577
f 2577 2560 2564
f 2575 2552 2568
f 2568 2552 2551
f 2579 2555 2575
f 2575 2555 2552
f 2579 2575 2580
f 2580 2575 2574
f 2550 2555 2578
f 2578 2555 2579
f 2556 2547 2578
f 2578 2547 2550
f 2558 2537 2542
f 2542 2537 2530
f 2538 2537 2563
f 2563 2537 2558
f 2292 2295 2481
f 2481 2295 2482
f 2486 2489 2512
f 2512 2489 2581
f 2499 2491 2498
f 2498 2491 2490
f 2497 2492 2499
f 2499 2492 2491
f 2155 2154 2494
f 2494 2154 2495
f 2581 2489 2490
f 2490 2489 2498
f 2293 2292 2511
f 2511 2292 2481
f 2191 2155 2512
f 2512 2155 2494
f 2500 2496 2511
f 2511 2496 2495
f 2247 2492 2295
f 2295 2492 2482
f 2583 2584 2582
f 2582 2584 2585
f 2587 2588 2586
f 2586 2588 2589
f 2591 2587 2590
f 2590 2587 2586
f 2593 2594 2592
f 2592 2594 2595
f 2596 2597 2599
f 2599 2597 2598
f 2588 2600 2589
f 2589 2600 2601
f 2602 2603 2605
f 2605 2603 2604
f 2606 2607 2609
f 2609 2607 2608
f 2609 2608 2190
f 2190 2608 2610
f 2611 2612 2614
f 2614 2612 2613
f 2600 2588 2615
f 2615 2588 2595
f 2599 2598 2606
f 2606 2598 2607
f 2584 2616 2604
f 2604 2616 2605
f 2600 2615 2583
f 2583 2615 2617
f 2591 2619 2618
f 2618 2619 2614
f 2621 2622 2620
f 2620 2622 2623
f 2619 2624 2614
f 2614 2624 2611
f 2591 2590 2619
f 2619 2590 2625
f 2587 2591 2592
f 2592 2591 2618
f 2626 2627 2585
f 2585 2627 2582
f 2627 2628 2582
f 2582 2628 2601
f 2629 2593 2618
f 2618 2593 2592
f 2602 2597 2611
f 2611 2597 2612
f 2600 2583 2601
f 2601 2583 2582
f 2630 2631 2589
f 2589 2631 2586
f 2583 2617 2584
f 2584 2617 2616
f 2588 2587 2595
f 2595 2587 2592
f 2633 2626 2632
f 2632 2626 2585
f 2620 2623 2634
f 2634 2623 2625
f 2622 2603 2623
f 2623 2603 2624
f 2621 2633 2622
f 2622 2633 2632
f 2611 2624 2602
f 2602 2624 2603
f 2634 2625 2635
f 2635 2625 2590
f 2628 2630 2601
f 2601 2630 2589
f 2613 2195 2629
f 2629 2195 2194
f 2631 2635 2586
f 2586 2635 2590
f 2595 2594 2615
f 2615 2594 2610
f 2619 2625 2624
f 2624 2625 2623
f 2632 2604 2622
f 2622 2604 2603
f 2585 2584 2632
f 2632 2584 2604
f 2635 2636 2634
f 2634 2636 2637
f 2638 2636 2631
f 2631 2636 2635
f 2639 2638 2630
f 2630 2638 2631
f 2640 2639 2628
f 2628 2639 2630
f 2634 2637 2620
f 2620 2637 2641
f 2620 2641 2621
f 2621 2641 2642
f 2642 2643 2621
f 2621 2643 2633
f 2641 2637 2644
f 2644 2637 2645
f 2646 2647 2649
f 2649 2647 2648
f 2648 2650 2649
f 2649 2650 2651
f 2648 2652 2650
f 2650 2652 2653
f 2652 2654 2656
f 2656 2654 2655
f 2656 2657 2652
f 2652 2657 2653
f 2654 2652 2647
f 2647 2652 2648
f 2647 2646 2659
f 2659 2646 2658
f 2660 2651 2653
f 2653 2651 2650
f 2636 2638 2660
f 2660 2638 2651
f 2651 2638 2661
f 2661 2638 2639
f 2651 2661 2649
f 2649 2661 2662
f 2663 2646 2662
f 2662 2646 2649
f 2653 2657 2660
f 2660 2657 2645
f 2636 2660 2637
f 2637 2660 2645
f 2646 2663 2658
f 2658 2663 2664
f 2665 2666 2662
f 2662 2666 2663
f 2666 2667 2663
f 2663 2667 2664
f 2668 2669 2665
f 2665 2669 2666
f 2665 2670 2668
f 2668 2670 2671
f 2667 2666 2672
f 2672 2666 2669
f 2662 2661 2665
f 2665 2661 2670
f 2640 2670 2639
f 2639 2670 2661
f 2673 2674 2664
f 2664 2674 2658
f 2658 2674 2659
f 2659 2674 2675
f 2645 2657 2676
f 2676 2657 2656
f 2677 2676 2655
f 2655 2676 2656
f 2676 2678 2645
f 2645 2678 2644
f 2677 2679 2676
f 2676 2679 2678
f 2655 2680 2677
f 2677 2680 2681
f 2675 2674 2680
f 2680 2674 2681
f 2682 2640 2627
f 2627 2640 2628
f 2643 2683 2633
f 2633 2683 2626
f 2682 2627 2683
f 2683 2627 2626
f 2683 2684 2682
f 2682 2684 2671
f 2684 2685 2671
f 2671 2685 2668
f 2686 2684 2643
f 2643 2684 2683
f 2670 2640 2671
f 2671 2640 2682
f 2687 2686 2642
f 2642 2686 2643
f 2642 2641 2687
f 2687 2641 2644
f 2687 2644 2688
f 2688 2644 2678
f 2688 2689 2687
f 2687 2689 2686
f 2690 2691 2688
f 2688 2691 2689
f 2689 2685 2686
f 2686 2685 2684
f 2685 2689 2692
f 2692 2689 2691
f 2679 2690 2678
f 2678 2690 2688
f 2690 2679 2693
f 2693 2679 2694
f 2696 2697 2695
f 2695 2697 2693
f 2691 2690 2697
f 2697 2690 2693
f 2693 2694 2695
f 2695 2694 2673
f 2674 2673 2681
f 2681 2673 2694
f 2679 2677 2694
f 2694 2677 2681
f 2685 2692 2668
f 2668 2692 2669
f 2696 2672 2692
f 2692 2672 2669
f 2696 2692 2697
f 2697 2692 2691
f 2695 2667 2696
f 2696 2667 2672
f 2673 2664 2695
f 2695 2664 2667
f 2675 2654 2659
f 2659 2654 2647
f 2655 2654 2680
f 2680 2654 2675
f 2291 2156 2593
f 2593 2156 2594
f 2597 2602 2598
f 2598 2602 2605
f 2616 2617 2607
f 2607 2617 2608
f 2615 2610 2617
f 2617 2610 2608
f 2597 2596 2612
f 2612 2596 2698
f 2598 2605 2607
f 2607 2605 2616
f 2194 2291 2629
f 2629 2291 2593
f 2629 2618 2613
f 2613 2618 2614
f 2190 2610 2156
f 2156 2610 2594
f 2700 2010 2699
f 2699 2010 2086
f 2267 2701 2116
f 2116 2701 2702
f 2116 2702 2117
f 2117 2702 2703
f 2704 2705 2250
f 2250 2705 2254
f 2011 2706 2267
f 2267 2706 2701
f 2699 2086 2707
f 2707 2086 2289
f 2010 2700 2011
f 2011 2700 2706
f 2708 2707 2251
f 2251 2707 2289
f 2703 2704 2117
f 2117 2704 2250
f 2705 2708 2254
f 2254 2708 2251
f 2709 2710 2708
f 2708 2710 2707
f 2711 2709 2705
f 2705 2709 2708
f 2712 2711 2704
f 2704 2711 2705
f 2713 2712 2703
f 2703 2712 2704
f 2707 2710 2699
f 2699 2710 2714
f 2699 2714 2700
f 2700 2714 2715
f 2716 2706 2715
f 2715 2706 2700
f 2714 2710 2717
f 2717 2710 2718
f 2720 2721 2719
f 2719 2721 2722
f 2721 2723 2722
f 2722 2723 2724
f 2721 2725 2723
f 2723 2725 2726
f 2727 2728 2725
f 2725 2728 2726
f 2729 2725 2720
f 2720 2725 2721
f 2731 2729 2730
f 2730 2729 2720
f 2719 2732 2720
f 2720 2732 2730
f 2726 2733 2723
f 2723 2733 2724
f 2709 2711 2733
f 2733 2711 2724
f 2724 2711 2734
f 2734 2711 2712
f 2722 2724 2735
f 2735 2724 2734
f 2719 2722 2736
f 2736 2722 2735
f 2726 2728 2733
f 2733 2728 2718
f 2709 2733 2710
f 2710 2733 2718
f 2732 2719 2737
f 2737 2719 2736
f 2738 2739 2735
f 2735 2739 2736
f 2739 2740 2736
f 2736 2740 2737
f 2741 2742 2738
f 2738 2742 2739
f 2738 2743 2741
f 2741 2743 2744
f 2740 2739 2745
f 2745 2739 2742
f 2735 2734 2738
f 2738 2734 2743
f 2713 2743 2712
f 2712 2743 2734
f 2737 2746 2732
f 2732 2746 2747
f 2732 2747 2730
f 2730 2747 2731
f 2718 2728 2748
f 2748 2728 2727
f 2749 2750 2727
f 2727 2750 2748
f 2748 2751 2718
f 2718 2751 2717
f 2750 2752 2748
f 2748 2752 2751
f 2750 2749 2754
f 2754 2749 2753
f 2731 2747 2753
f 2753 2747 2754
f 2727 2725 2749
f 2749 2725 2729
f 2749 2729 2753
f 2753 2729 2731
f 2702 2755 2703
f 2703 2755 2713
f 2706 2716 2701
f 2701 2716 2756
f 2755 2702 2756
f 2756 2702 2701
f 2756 2757 2755
f 2755 2757 2744
f 2757 2758 2744
f 2744 2758 2741
f 2759 2757 2716
f 2716 2757 2756
f 2743 2713 2744
f 2744 2713 2755
f 2760 2759 2715
f 2715 2759 2716
f 2715 2714 2760
f 2760 2714 2717
f 2760 2717 2761
f 2761 2717 2751
f 2761 2762 2760
f 2760 2762 2759
f 2763 2764 2761
f 2761 2764 2762
f 2762 2758 2759
f 2759 2758 2757
f 2758 2762 2765
f 2765 2762 2764
f 2752 2763 2751
f 2751 2763 2761
f 2763 2752 2766
f 2766 2752 2767
f 2768 2769 2766
f 2766 2769 2770
f 2764 2763 2770
f 2770 2763 2766
f 2766 2767 2768
f 2768 2767 2746
f 2747 2746 2754
f 2754 2746 2767
f 2752 2750 2767
f 2767 2750 2754
f 2758 2765 2741
f 2741 2765 2742
f 2769 2745 2765
f 2765 2745 2742
f 2769 2765 2770
f 2770 2765 2764
f 2768 2740 2769
f 2769 2740 2745
f 2746 2737 2768
f 2768 2737 2740
f 2201 2212 2200
f 2200 2212 2214
f 2201 2202 2212
f 2212 2202 2185
f 2512 2581 2191
f 2191 2581 2192
f 2059 2290 2056
f 2056 2290 2272
f 2174 2199 2294
f 2294 2199 2278
f 2063 2175 2194
f 2194 2175 2291
f 2192 2581 2133
f 2133 2581 2490
f 2133 2132 2192
f 2192 2132 2189
f 2054 2276 2055
f 2055 2276 2138
f 2083 2279 2084
f 2084 2279 2771
f 2771 2279 2599
f 2599 2279 2596
f 2606 2772 2599
f 2599 2772 2771
f 2772 2773 2771
f 2771 2773 2084
f 2773 2774 2084
f 2084 2774 2085
f 2085 2775 2082
f 2082 2775 2144
f 2774 2078 2085
f 2085 2078 2775
f 2078 2774 2079
f 2079 2774 2776
f 2774 2773 2776
f 2776 2773 2777
f 2773 2772 2777
f 2777 2772 2778
f 2190 2189 2609
f 2609 2189 2778
f 2053 2052 2779
f 2779 2052 2181
f 2144 2775 2081
f 2081 2775 2078
f 2294 2153 2174
f 2174 2153 2175
f 2132 2276 2189
f 2189 2276 2778
f 2606 2609 2772
f 2772 2609 2778
f 2195 2613 2698
f 2698 2613 2612
f 2596 2279 2698
f 2698 2279 2195
f 2054 2777 2276
f 2276 2777 2778
f 2777 2054 2776
f 2776 2054 2053
f 2053 2779 2776
f 2776 2779 2079
f 2779 2181 2079
f 2079 2181 2080
f 2181 2239 2080
f 2080 2239 2240
f 2122 2256 2014
f 2042 1982 2076
f 2076 1982 2007
f 1982 1985 2007
f 2007 1985 2008
f 2095 2097 2265
f 2265 2097 2266
f 2076 2050 2042
f 2042 2050 2047
f 2046 2043 2047
f 2047 2043 2042
f 2118 1993 2046
f 2046 1993 2043
f 1995 1994 2118
f 2118 1994 1993
f 2267 1992 2011
f 2011 1992 2012
f 1997 2012 1994
f 1994 2012 1992
f 2226 2013 1997
f 1997 2013 2012
f 2225 2087 2226
f 2226 2087 2013
f 2225 2232 2087
f 2087 2232 2288
f 2232 2070 2288
f 2288 2070 2252
f 2070 2025 2252
f 2252 2025 2253
f 1988 2249 2025
f 2025 2249 2253
f 2116 2115 2267
f 2267 2115 2268
f 2096 1984 2237
f 2237 1984 1991
f 2095 1985 2096
f 2096 1985 1984
f 2265 2008 2095
f 2095 2008 1985
f 2092 2009 2265
f 2265 2009 2008
f 2091 2286 2092
f 2092 2286 2009
f 2255 2238 2091
f 2091 2238 2286
f 2256 2239 2255
f 2255 2239 2238
f 2122 2240 2256
f 2256 2240 2239
f 2121 2241 2122
f 2122 2241 2240
f 2022 2018 2097
f 2097 2018 2266
f 2022 2024 2018
f 2018 2024 2019
f 2024 2072 2019
f 2019 2072 2073
f 2072 2228 2073
f 2073 2228 2230
f 2228 2184 2230
f 2230 2184 2183
f 2121 2285 2241
f 2241 2285 2258
f 2285 2036 2258
f 2258 2036 2257
f 2177 2145 2193
f 2193 2145 2257
f 2173 2193 2196
f 2196 2193 2037
f 2036 2037 2257
f 2257 2037 2193
f 2196 2037 2066
f 2066 2037 2035
f 2061 2108 2034
f 2034 2108 2067
f 2108 2208 2067
f 2067 2208 2204
f 2208 2210 2204
f 2204 2210 2203
f 2210 2280 2203
f 2203 2280 2186
f 2183 2186 2235
f 2235 2186 2280
f 1987 2114 1988
f 1988 2114 2249
f 2237 2115 1987
f 1987 2115 2114
f 1991 2268 2237
f 2237 2268 2115
f 1991 1990 2268
f 2268 1990 1992
f 107 110 2781
f 2781 110 2780
f 117 2782 118
f 118 2782 2783
f 119 2784 120
f 120 2784 2785
f 125 2786 126
f 126 2786 2787
f 127 2788 128
f 128 2788 2789
f 127 132 2788
f 2788 132 2790
f 231 230 2792
f 2792 230 2791
f 118 2783 119
f 119 2783 2784
f 241 243 2794
f 2794 243 2793
f 2781 2795 107
f 107 2795 352
f 120 2785 437
f 437 2785 2796
f 126 2787 110
f 110 2787 2780
f 455 2797 456
f 456 2797 2798
f 128 2789 457
f 457 2789 2799
f 456 2798 117
f 117 2798 2782
f 2794 2797 241
f 241 2797 455
f 457 2799 125
f 125 2799 2786
f 132 231 2790
f 2790 231 2792
f 230 437 2791
f 2791 437 2796
f 2792 2789 2790
f 2790 2789 2788
f 2785 2784 2801
f 2801 2784 2800
f 2786 2802 2787
f 2787 2802 2803
f 2792 2791 2805
f 2805 2791 2804
f 2784 2783 2800
f 2800 2783 2806
f 2785 2801 2796
f 2796 2801 2807
f 2787 2803 2780
f 2780 2803 2808
f 2789 2809 2799
f 2799 2809 2810
f 2799 2810 2786
f 2786 2810 2802
f 2791 2796 2804
f 2804 2796 2807
f 2789 2792 2809
f 2809 2792 2805
f 2812 2797 2811
f 2811 2797 2794
f 2809 2805 2810
f 2810 2805 2804
f 2810 2804 2802
f 2802 2804 2807
f 2802 2807 2803
f 2803 2807 2801
f 2808 2803 2800
f 2800 2803 2801
f 2814 699 2813
f 2813 699 698
f 2808 2815 2780
f 2780 2815 2781
f 2817 2782 2816
f 2816 2782 2798
f 2815 2818 2781
f 2781 2818 2795
f 2797 2812 2798
f 2798 2812 2816
f 2783 2782 2806
f 2806 2782 2817
f 2800 2806 2808
f 2808 2806 2815
f 2794 2793 2811
f 2811 2793 2819
f 174 201 384
f 384 201 362
f 200 1766 390
f 390 1766 1777
f 1777 1778 390
f 390 1778 398
f 1778 361 398
f 398 361 222
f 2820 2821 628
f 628 2821 629
f 1406 2820 790
f 790 2820 628
f 794 1415 1233
f 1233 1415 1234
f 1406 790 1407
f 1407 790 1312
f 1407 1312 2822
f 2822 1312 1316
f 2823 1380 1543
f 1543 1380 1379
f 1385 1738 1382
f 1382 1738 1383
f 1381 791 1382
f 1382 791 1386
f 791 794 1386
f 1386 794 1233
f 1259 1390 1260
f 1260 1390 1389
f 1905 1542 1394
f 1394 1542 1395
f 1410 1413 1397
f 1397 1413 1398
f 2821 1410 629
f 629 1410 1397
f 2823 2822 1380
f 1380 2822 1316
f 1392 1395 1378
f 1378 1395 1379
f 1738 1399 1383
f 1383 1399 1398
f 1388 1235 1389
f 1389 1235 1234
f 1393 1391 1394
f 1394 1391 1390
f 1381 1384 779
f 779 1384 780
f 1282 788 792
f 792 788 793
f 1431 1262 1432
f 1432 1262 1261
f 1400 1342 1408
f 1408 1342 1409
f 1508 1544 1411
f 1411 1544 1412
f 788 787 793
f 793 787 1414
f 2821 2820 1429
f 1429 2820 1430
f 2822 2823 1506
f 1506 2823 1507
f 778 1282 779
f 779 1282 792
f 2820 1406 1430
f 1430 1406 1409
f 1410 2821 1411
f 1411 2821 1429
f 1407 2822 1408
f 1408 2822 1506
f 1544 781 1412
f 1412 781 780
f 1260 1415 1261
f 1261 1415 1414
f 1334 2824 923
f 923 2824 924
f 2826 1268 2825
f 2825 1268 1267
f 769 1212 2827
f 2827 1212 2828
f 1492 1190 1266
f 1266 1190 1267
f 1488 2829 1489
f 1489 2829 2830
f 922 1329 923
f 923 1329 1328
f 1484 2831 1485
f 1485 2831 2832
f 1482 2833 1485
f 1485 2833 1486
f 1324 1493 1489
f 1489 1493 1490
f 1265 1491 1266
f 1266 1491 1490
f 2835 2836 2834
f 2834 2836 2837
f 1250 2838 2827
f 2827 2838 2839
f 1488 1491 2840
f 2840 1491 2841
f 1268 2826 2842
f 2842 2826 2843
f 2844 2845 1495
f 1495 2845 1496
f 1427 2847 2846
f 2846 2847 926
f 2829 1488 2848
f 2848 1488 2840
f 1329 922 2849
f 2849 922 927
f 2850 2851 768
f 768 2851 1213
f 1265 1268 2852
f 2852 1268 2842
f 1491 1265 2841
f 2841 1265 2852
f 2854 2855 2853
f 2853 2855 2856
f 2855 2857 2856
f 2856 2857 598
f 2857 2858 598
f 598 2858 595
f 2858 2859 595
f 595 2859 626
f 649 652 2860
f 2860 652 2861
f 639 642 2862
f 2862 642 2863
f 2864 705 2862
f 2862 705 639
f 2865 1418 2864
f 2864 1418 705
f 2866 2867 2865
f 2865 2867 1418
f 1760 1348 1761
f 1761 1348 2867
f 1764 2868 1197
f 1197 2868 1198
f 2869 611 2868
f 2868 611 1198
f 2870 612 2869
f 2869 612 611
f 1352 1350 944
f 944 1350 688
f 1350 1256 688
f 688 1256 685
f 1256 1255 685
f 685 1255 692
f 1255 2871 692
f 692 2871 2872
f 701 2873 698
f 698 2873 2813
f 2872 1349 692
f 692 1349 693
f 1696 1744 1574
f 1574 1744 1575
f 1753 1618 1577
f 1577 1618 1578
f 1729 1594 1608
f 1608 1594 1609
f 1725 1630 1611
f 1611 1630 1612
f 1604 1607 1625
f 1625 1607 1626
f 1624 1703 1625
f 1625 1703 1912
f 1703 1702 1912
f 1912 1702 1913
f 1702 1753 1913
f 1913 1753 1577
f 1598 1569 1915
f 1915 1569 1578
f 1616 1615 1915
f 1915 1615 1916
f 1615 1696 1916
f 1916 1696 1574
f 1744 1745 1575
f 1575 1745 1917
f 1745 1565 1917
f 1917 1565 1609
f 1568 1725 1608
f 1608 1725 1611
f 2874 1613 1918
f 1918 1613 1612
f 1607 2874 1626
f 1626 2874 1918
f 1610 1613 1562
f 1562 1613 1563
f 1547 1550 1570
f 1570 1550 1571
f 1573 1576 1580
f 1580 1576 1581
f 1553 1556 1595
f 1595 1556 1596
f 1556 1582 1596
f 1596 1582 1581
f 1551 1547 1599
f 1599 1547 1570
f 1731 1914 1601
f 1601 1914 1602
f 1686 1689 1605
f 1605 1689 1606
f 1598 1743 1599
f 1599 1743 1692
f 2874 1607 1723
f 1723 1607 1606
f 1727 1553 1730
f 1730 1553 1595
f 1600 1686 1601
f 1601 1686 1605
f 1914 1572 1602
f 1602 1572 1571
f 1579 1693 1580
f 1580 1693 1692
f 1613 2874 1563
f 1563 2874 1723
f 1561 1727 1562
f 1562 1727 1730
f 1949 1742 1548
f 1548 1742 1549
f 1694 1949 1552
f 1552 1949 1548
f 1954 1589 1554
f 1554 1589 1555
f 1693 1579 1558
f 1558 1579 1559
f 1561 1564 1584
f 1584 1564 1585
f 1582 1556 1588
f 1588 1556 1555
f 1600 1603 1591
f 1591 1603 1592
f 1981 1977 1687
f 1687 1977 1688
f 1564 1722 1585
f 1585 1722 1690
f 1551 1693 1552
f 1552 1693 1558
f 1751 1954 1728
f 1728 1954 1554
f 1590 1981 1591
f 1591 1981 1687
f 1603 1550 1592
f 1592 1550 1549
f 1977 1691 1688
f 1688 1691 1690
f 1587 1560 1588
f 1588 1560 1559
f 1727 1561 1728
f 1728 1561 1584
f 2875 1919 1947
f 1947 1919 1948
f 1557 1560 1952
f 1952 1560 1953
f 1933 1932 1955
f 1955 1932 1956
f 1587 1589 1958
f 1958 1589 1956
f 1959 1933 1965
f 1965 1933 1955
f 1961 1964 1966
f 1966 1964 1967
f 1981 1590 1969
f 1969 1590 1967
f 1742 1949 1972
f 1972 1949 1948
f 1593 1742 1966
f 1966 1742 1972
f 1957 1950 1958
f 1958 1950 1953
f 1583 1586 1974
f 1974 1586 1975
f 1940 1943 1978
f 1978 1943 1979
f 1943 1976 1979
f 1979 1976 1975
f 1951 2875 1952
f 1952 2875 1947
f 1968 1940 1969
f 1969 1940 1978
f 1973 1959 1974
f 1974 1959 1965
f 1923 1971 1920
f 1920 1971 1921
f 1919 2875 1920
f 1920 2875 1924
f 2875 1951 1924
f 1924 1951 1926
f 1950 1957 1929
f 1929 1957 1930
f 2244 2243 1934
f 1934 2243 1935
f 1973 1976 1937
f 1937 1976 1938
f 1944 1980 1941
f 1941 1980 1942
f 1940 1968 1941
f 1941 1968 1945
f 2287 2244 1960
f 1960 2244 1934
f 1970 2245 1962
f 1962 2245 1963
f 2243 1931 1935
f 1935 1931 1930
f 1927 1926 1928
f 1928 1926 1929
f 1961 1922 1962
f 1962 1922 1921
f 2245 1946 1963
f 1963 1946 1945
f 1976 1943 1938
f 1938 1943 1942
f 1936 2287 1937
f 1937 2287 1960
f 743 1238 608
f 608 1238 609
f 607 1811 608
f 608 1811 744
f 1304 2876 1305
f 1305 2876 2877
f 586 585 1298
f 1298 585 1299
f 585 702 1299
f 1299 702 1300
f 702 1428 1300
f 1300 1428 1301
f 1238 586 609
f 609 586 1298
f 2878 2879 1218
f 1218 2879 2877
f 2880 2881 1812
f 1812 2881 1819
f 2883 1821 2882
f 2882 1821 1820
f 2840 2841 620
f 620 2841 621
f 2842 2843 795
f 795 2843 796
f 892 895 2844
f 2844 895 2845
f 2848 2840 942
f 942 2840 620
f 2849 927 1202
f 1202 927 1203
f 2852 2842 1270
f 1270 2842 795
f 2841 2852 621
f 621 2852 1270
f 941 1759 942
f 942 1759 2884
f 659 929 1427
f 1427 929 2847
f 1237 2851 751
f 751 2851 2850
f 1216 2885 1217
f 1217 2885 1754
f 2887 734 2886
f 2886 734 733
f 2889 1816 2888
f 2888 1816 1815
f 2890 1245 2889
f 2889 1245 1816
f 1824 2891 1825
f 1825 2891 1246
f 2892 2893 2895
f 2895 2893 2894
f 1854 1833 1851
f 1851 1833 1832
f 1851 1832 1884
f 1884 1832 1876
f 1884 1876 1441
f 1441 1876 1443
f 1441 1443 1442
f 1442 1443 1446
f 1442 1446 2896
f 2896 1446 1507
f 2897 2823 2898
f 2898 2823 1543
f 1542 2899 1543
f 1543 2899 2898
f 1542 1905 2899
f 2899 1905 2900
f 1905 1259 2900
f 2900 1259 2901
f 1262 1431 2902
f 2902 1431 1904
f 1431 1434 1904
f 1904 1434 1902
f 1902 1434 2903
f 2903 1434 719
f 2903 719 2904
f 2904 719 718
f 1869 1881 718
f 718 1881 2904
f 1881 1869 1880
f 1880 1869 756
f 1880 756 2905
f 2905 756 755
f 2905 755 2906
f 2906 755 758
f 762 2907 763
f 763 2907 2908
f 724 723 2909
f 2909 723 894
f 796 895 723
f 723 895 894
f 2843 2845 796
f 796 2845 895
f 2826 1496 2843
f 2843 1496 2845
f 2825 1497 2826
f 2826 1497 1496
f 1189 2836 2825
f 2825 2836 1497
f 797 891 798
f 798 891 2837
f 802 888 797
f 797 888 891
f 2910 2911 2913
f 2913 2911 2912
f 1780 1783 2915
f 2915 1783 2914
f 2916 2917 831
f 831 2917 832
f 2918 2919 845
f 845 2919 846
f 2920 2916 847
f 847 2916 831
f 2921 2922 857
f 857 2922 858
f 2923 2924 860
f 860 2924 861
f 2919 2912 846
f 846 2912 887
f 2925 2920 940
f 940 2920 847
f 2924 2926 861
f 861 2926 1204
f 2917 2918 832
f 832 2918 845
f 2927 2928 1449
f 1449 2928 1450
f 2929 2930 889
f 889 2930 2931
f 2896 1507 2897
f 2897 1507 2823
f 2902 2901 1262
f 1262 2901 1259
f 2932 2933 750
f 750 2933 1236
f 2933 2934 1236
f 1236 2934 1835
f 2936 2937 2935
f 2935 2937 2938
f 2940 2941 2939
f 2939 2941 2942
f 2943 2944 1841
f 1841 2944 1842
f 2945 1860 2944
f 2944 1860 1842
f 2945 2946 1860
f 1860 2946 1859
f 1889 2947 1890
f 1890 2947 1856
f 1856 2947 1857
f 1857 2947 2948
f 2950 709 2949
f 2949 709 1829
f 2952 730 2951
f 2951 730 729
f 2866 2953 2867
f 2867 2953 1761
f 2953 2954 1761
f 1761 2954 1420
f 2954 2955 1420
f 1420 2955 742
f 2955 2956 742
f 742 2956 739
f 2956 2957 739
f 739 2957 760
f 2957 2958 760
f 760 2958 761
f 2958 2959 761
f 761 2959 2960
f 2959 2961 2960
f 2960 2961 2962
f 2963 2964 1839
f 1839 2964 1840
f 2964 2965 1840
f 1840 2965 2942
f 2966 2950 2939
f 2939 2950 2949
f 2935 2967 2936
f 2936 2967 2968
f 2969 2970 736
f 736 2970 735
f 734 2887 1815
f 1815 2887 2888
f 2887 2882 2888
f 2888 2882 2881
f 1819 1820 1817
f 1817 1820 748
f 1195 1757 1197
f 1197 1757 1424
f 1757 647 1424
f 1424 647 646
f 647 648 646
f 646 648 643
f 648 1271 643
f 643 1271 737
f 1271 725 737
f 737 725 765
f 725 724 765
f 765 724 762
f 762 724 2907
f 2907 724 2909
f 1254 1437 2909
f 2909 1437 2907
f 1438 1253 1836
f 1836 1253 1835
f 1836 1835 2938
f 2938 1835 2934
f 2971 2972 2935
f 2935 2972 2967
f 897 896 2969
f 2969 896 2970
f 1815 1814 734
f 734 1814 731
f 728 1215 896
f 896 1215 732
f 2885 1216 733
f 733 1216 2886
f 1216 1219 2886
f 2886 1219 2883
f 2876 1304 1821
f 1821 1304 749
f 1304 1303 749
f 749 1303 746
f 1818 2973 1817
f 1817 2973 1810
f 747 2974 1818
f 1818 2974 2973
f 747 746 2974
f 2974 746 1303
f 2976 2977 2975
f 2975 2977 2978
f 2976 2979 2901
f 2901 2979 2900
f 2980 2981 2982
f 2982 2981 2979
f 2981 2980 2983
f 2983 2980 2984
f 2985 2897 2983
f 2983 2897 2898
f 2987 2988 2986
f 2986 2988 2985
f 2896 2988 1442
f 1442 2988 1439
f 1903 2977 1904
f 1904 2977 2902
f 1856 1855 1890
f 1890 1855 2989
f 2989 2990 1890
f 1890 2990 1359
f 2990 2991 1359
f 1359 2991 1356
f 2946 2992 1859
f 1859 2992 1893
f 2992 2993 1893
f 1893 2993 775
f 2993 2994 775
f 775 2994 776
f 2986 1356 2987
f 2987 1356 2991
f 2975 2978 776
f 776 2978 777
f 2982 2994 2980
f 2980 2994 2995
f 1357 2984 2995
f 2995 2984 2980
f 2995 2996 1357
f 1357 2996 1358
f 2996 2997 1358
f 1358 2997 1889
f 2998 2999 2932
f 2932 2999 2933
f 2999 2971 2933
f 2933 2971 2934
f 1837 1836 2937
f 2937 1836 2938
f 2943 1841 2941
f 2941 1841 1838
f 3001 2944 3000
f 3000 2944 2943
f 3001 3002 2944
f 2944 3002 2945
f 3002 3003 2945
f 2945 3003 2946
f 2997 3003 1889
f 1889 3003 2947
f 2947 3003 2948
f 2948 3003 3002
f 3001 3004 3002
f 3002 3004 2948
f 3000 3005 3001
f 3001 3005 3004
f 2940 3006 3000
f 3000 3006 3005
f 2999 3007 2971
f 2971 3007 2972
f 2998 2951 2999
f 2999 2951 3007
f 3008 2952 2998
f 2998 2952 2951
f 2966 2965 2936
f 2936 2965 2937
f 2935 2938 2971
f 2971 2938 2934
f 3003 2997 2946
f 2946 2997 2992
f 2997 2996 2992
f 2992 2996 2993
f 2996 2995 2993
f 2993 2995 2994
f 1356 2986 1357
f 1357 2986 2984
f 2982 2975 2994
f 2994 2975 776
f 1844 1843 1899
f 1899 1843 3009
f 1843 638 3009
f 3009 638 3010
f 638 637 3010
f 3010 637 3011
f 637 1830 3011
f 3011 1830 3012
f 1830 1833 3012
f 3012 1833 2894
f 1833 1854 2894
f 2894 1854 2895
f 1854 1853 2895
f 2895 1853 1888
f 1858 1857 1885
f 1885 1857 1892
f 1899 3009 1898
f 1898 3009 1874
f 3009 3010 1874
f 1874 3010 1865
f 3010 3011 1865
f 1865 3011 1862
f 3011 3012 1862
f 1862 3012 1882
f 3012 2894 1882
f 1882 2894 2893
f 1850 2890 782
f 782 2890 2889
f 783 2880 1811
f 1811 2880 1812
f 744 1810 745
f 745 1810 2973
f 745 2973 805
f 805 2973 806
f 2973 2974 806
f 806 2974 815
f 1303 812 2974
f 2974 812 815
f 1303 1302 812
f 812 1302 1221
f 1307 3013 1302
f 1302 3013 1221
f 1734 3014 1633
f 1633 3014 1634
f 1646 1649 1636
f 1636 1649 1637
f 1654 1657 1641
f 1641 1657 1642
f 1639 1736 1636
f 1636 1736 1684
f 1716 1713 1698
f 1698 1713 1699
f 1718 1721 1705
f 1705 1721 1706
f 1653 1654 1709
f 1709 1654 1641
f 1620 1623 1714
f 1714 1623 1699
f 1712 1682 1714
f 1714 1682 1740
f 1668 1671 1746
f 1746 1671 1747
f 1752 1650 1749
f 1749 1650 1750
f 1750 1650 1709
f 1709 1650 1653
f 1632 1668 1633
f 1633 1668 1746
f 1649 1752 1637
f 1637 1752 1749
f 1682 1643 1740
f 1740 1643 1642
f 3014 1685 1634
f 1634 1685 1684
f 1704 1748 1705
f 1705 1748 1747
f 1697 1707 1698
f 1698 1707 1706
f 1739 1701 1621
f 1621 1701 1622
f 1567 1566 1647
f 1647 1566 1648
f 1664 1695 1651
f 1651 1695 1652
f 1614 1617 1655
f 1655 1617 1656
f 1704 1707 1659
f 1659 1707 1660
f 3014 1734 1662
f 1662 1734 1663
f 1650 1752 1651
f 1651 1752 1665
f 1741 1657 1667
f 1667 1657 1656
f 1695 1614 1652
f 1652 1614 1655
f 1724 1567 1726
f 1726 1567 1647
f 1645 1628 1733
f 1733 1628 1663
f 1685 3014 1726
f 1726 3014 1662
f 1620 1741 1621
f 1621 1741 1667
f 1566 1666 1648
f 1648 1666 1665
f 1658 1737 1659
f 1659 1737 1901
f 1911 1661 1910
f 1910 1661 1660
f 1701 1911 1622
f 1622 1911 1910
f 1732 1748 1733
f 1733 1748 1901
f 1857 2948 1892
f 1892 2948 3004
f 1892 3004 1891
f 1891 3004 3005
f 1828 3006 1829
f 1829 3006 2949
f 2967 736 2968
f 2968 736 710
f 2972 2969 2967
f 2967 2969 736
f 2969 2972 897
f 897 2972 3007
f 897 3007 729
f 729 3007 2951
f 3016 753 3015
f 3015 753 752
f 3018 767 3017
f 3017 767 766
f 3019 3020 1249
f 1249 3020 3021
f 2915 2914 3019
f 3019 2914 3020
f 3023 2914 3022
f 3022 2914 1783
f 2827 2839 769
f 769 2839 766
f 3025 2838 3024
f 3024 2838 3021
f 768 767 2850
f 2850 767 3026
f 2850 3026 751
f 751 3026 752
f 750 753 2932
f 2932 753 3027
f 3008 2998 3027
f 3027 2998 2932
f 3028 3029 3008
f 3008 3029 2952
f 3029 3030 2952
f 2952 3030 730
f 3032 3033 3031
f 3031 3033 3034
f 3036 3037 3035
f 3035 3037 3038
f 2870 3039 612
f 612 3039 3040
f 3041 3042 3031
f 3031 3042 3038
f 3034 1352 3043
f 3043 1352 944
f 612 3040 613
f 613 3040 3044
f 613 3044 1425
f 1425 3044 1422
f 3045 3042 669
f 669 3042 670
f 3041 3043 599
f 599 3043 600
f 772 771 1544
f 1544 771 781
f 1503 771 1866
f 1866 771 770
f 771 1503 781
f 781 1503 778
f 61 281 416
f 416 281 1907
f 283 103 3046
f 3046 103 3047
f 76 79 3048
f 3048 79 3049
f 280 76 1906
f 1906 76 3048
f 3051 335 3050
f 3050 335 334
f 3053 417 3052
f 3052 417 416
f 3055 435 3054
f 3054 435 434
f 428 435 419
f 419 435 1908
f 420 1909 293
f 293 1909 443
f 79 294 3049
f 3049 294 444
f 3057 444 3056
f 3056 444 443
f 3051 3058 335
f 335 3058 452
f 216 215 1332
f 1332 215 452
f 308 283 462
f 462 283 3046
f 3050 334 3059
f 3059 334 462
f 103 62 3047
f 3047 62 417
f 313 312 434
f 434 312 463
f 3061 574 3060
f 3060 574 573
f 1310 3062 1428
f 1428 3062 3063
f 1258 3064 1255
f 1255 3064 2871
f 932 3065 2853
f 2853 3065 3066
f 699 2814 931
f 931 2814 3067
f 3068 1301 3063
f 3063 1301 1428
f 571 574 1310
f 1310 574 3062
f 3060 573 3069
f 3069 573 1332
f 3070 3071 1906
f 1906 3071 1907
f 3072 3073 1908
f 1908 3073 1909
f 3075 2814 3074
f 3074 2814 2813
f 2854 3076 1258
f 1258 3076 3064
f 2871 3077 2872
f 2872 3077 3078
f 3074 2813 3079
f 3079 2813 2873
f 2872 3078 1349
f 1349 3078 3080
f 2873 701 3068
f 3068 701 1301
f 1330 1201 3080
f 3080 1201 1349
f 1264 1263 3081
f 3081 1263 3082
f 3083 3084 3082
f 3082 3084 3081
f 811 1448 3086
f 3086 1448 3085
f 808 811 3087
f 3087 811 3086
f 3088 3083 833
f 833 3083 3082
f 884 3089 885
f 885 3089 3090
f 3087 1790 808
f 808 1790 816
f 1790 3087 1787
f 1787 3087 3091
f 3092 3091 3086
f 3086 3091 3087
f 3093 3094 3084
f 3084 3094 3095
f 3089 3096 3090
f 3090 3096 3088
f 3097 3093 3083
f 3083 3093 3084
f 3099 3100 3098
f 3098 3100 1786
f 3101 1788 2913
f 2913 1788 3102
f 838 837 885
f 885 837 886
f 886 837 3103
f 3103 837 1541
f 3094 3093 3104
f 3104 3093 3097
f 3105 3106 3089
f 3089 3106 3096
f 3108 3109 3107
f 3107 3109 3110
f 3111 3112 3091
f 3091 3112 1787
f 3114 3108 3113
f 3113 3108 3107
f 3114 3115 3112
f 3112 3115 3102
f 3091 3092 3111
f 3111 3092 3116
f 839 838 835
f 835 838 836
f 885 3090 838
f 838 3090 836
f 3110 3117 1247
f 1247 3117 3118
f 1247 3118 1248
f 1248 3118 3119
f 3120 3121 3119
f 3119 3121 1248
f 1247 844 3110
f 3110 844 3107
f 844 843 3107
f 3107 843 3113
f 843 3099 3113
f 3113 3099 3122
f 1781 3123 3098
f 3098 3123 3124
f 2915 2931 1780
f 1780 2931 2930
f 3019 3125 2915
f 2915 3125 2931
f 890 3125 2834
f 2834 3125 1252
f 3125 3019 1252
f 1252 3019 1249
f 907 908 946
f 946 908 947
f 1185 1188 1369
f 1369 1188 948
f 954 957 951
f 951 957 952
f 910 965 953
f 953 965 950
f 905 958 960
f 960 958 961
f 3126 978 949
f 949 978 962
f 936 935 967
f 967 935 968
f 994 993 969
f 969 993 966
f 902 904 971
f 971 904 972
f 983 985 973
f 973 985 970
f 906 905 974
f 974 905 960
f 977 981 959
f 959 981 975
f 911 910 1143
f 1143 910 953
f 952 957 1142
f 1142 957 1145
f 911 1143 1366
f 1366 1143 1368
f 1185 1369 1145
f 1145 1369 1142
f 993 1519 966
f 966 1519 1456
f 965 1454 950
f 950 1454 1457
f 900 899 1459
f 1459 899 1460
f 988 991 1461
f 1461 991 1458
f 899 963 1460
f 1460 963 1462
f 985 987 970
f 970 987 1463
f 904 906 972
f 972 906 974
f 981 983 975
f 975 983 973
f 935 900 968
f 968 900 1459
f 991 994 1458
f 1458 994 969
f 1154 1526 1088
f 1088 1526 1089
f 1109 1112 1092
f 1092 1112 1093
f 1083 1098 1084
f 1084 1098 1097
f 1078 1471 1100
f 1100 1471 1101
f 1075 1078 1104
f 1104 1078 1100
f 1152 1154 1156
f 1156 1154 1088
f 1156 1155 1372
f 1372 1155 1373
f 1372 1373 1104
f 1104 1373 1075
f 1467 1109 1465
f 1465 1109 1092
f 1465 1182 1468
f 1468 1182 1184
f 1474 1470 1096
f 1096 1470 1097
f 1102 1101 1083
f 1083 1101 1098
f 1112 1531 1093
f 1093 1531 1529
f 1102 1073 1099
f 1099 1073 1072
f 1526 1154 1079
f 1079 1154 1080
f 1081 1091 1082
f 1082 1091 1094
f 1069 1068 1085
f 1085 1068 1086
f 1153 1151 1080
f 1080 1151 1058
f 1371 1177 1179
f 1179 1177 1176
f 1099 1072 1103
f 1103 1072 1176
f 1068 1071 1086
f 1086 1071 1073
f 1085 1084 1180
f 1180 1084 1469
f 1066 1065 1183
f 1183 1065 1181
f 1153 1152 1177
f 1177 1152 1178
f 1091 1081 1182
f 1182 1081 1183
f 1057 1525 1079
f 1079 1525 1527
f 1120 1117 1076
f 1076 1117 1077
f 1087 1090 1107
f 1107 1090 1108
f 1127 1126 1110
f 1110 1126 1111
f 1095 1116 1096
f 1096 1116 1115
f 1471 1078 1119
f 1119 1078 1077
f 1087 1107 1155
f 1155 1107 1158
f 1376 1374 1157
f 1157 1374 1158
f 1076 1075 1374
f 1374 1075 1373
f 1109 1467 1110
f 1110 1467 1472
f 1467 1466 1472
f 1472 1466 1473
f 1135 1475 1114
f 1114 1475 1115
f 1471 1119 1095
f 1095 1119 1116
f 1126 1532 1111
f 1111 1532 1530
f 914 1276 1480
f 1480 1276 1517
f 3127 3128 1223
f 1223 3128 1224
f 824 933 1455
f 1455 933 3129
f 3131 1448 3130
f 3130 1448 1447
f 3132 3133 1452
f 1452 3133 1453
f 3130 1447 1322
f 1322 1447 1455
f 933 1514 3129
f 3129 1514 3134
f 1161 3135 1480
f 1480 3135 1481
f 3128 3136 1224
f 1224 3136 1499
f 3133 1162 1453
f 1453 1162 1517
f 1515 3127 1535
f 1535 3127 1223
f 3095 3085 3131
f 3131 3085 1448
f 3137 3092 3085
f 3085 3092 3086
f 3138 3116 3137
f 3137 3116 3092
f 3110 3109 3117
f 3117 3109 3139
f 3105 3140 3117
f 3117 3140 3118
f 3140 3141 3118
f 3118 3141 3119
f 3142 3120 3141
f 3141 3120 3119
f 1498 3143 1277
f 1277 3143 882
f 3144 3145 1340
f 1340 3145 1339
f 1340 3146 3144
f 3144 3146 3147
f 3145 3144 3143
f 3143 3144 3148
f 871 901 872
f 872 901 1362
f 3149 3148 3147
f 3147 3148 3144
f 1208 3150 1209
f 3098 1786 1781
f 1781 1786 1782
f 2930 2929 3123
f 3123 2929 2911
f 1794 1791 2916
f 2916 1791 2917
f 1793 3101 2918
f 2918 3101 2919
f 1796 1794 2920
f 2920 1794 2916
f 3151 3152 2921
f 2921 3152 2922
f 3153 3154 2923
f 2923 3154 2924
f 2919 3101 2912
f 2912 3101 2913
f 3155 1796 2925
f 2925 1796 2920
f 3154 3156 2924
f 2924 3156 2926
f 1791 1793 2917
f 2917 1793 2918
f 3157 3158 2927
f 2927 3158 2928
f 1780 2930 1781
f 1781 2930 3123
f 2825 1267 1189
f 1189 1267 1190
f 2827 2828 1250
f 1250 2828 1251
f 1489 2830 1324
f 1324 2830 1325
f 923 1328 1334
f 1334 1328 1335
f 1485 2832 1482
f 1482 2832 1483
f 1266 1490 1492
f 1492 1490 1493
f 1333 1346 1334
f 1334 1346 2824
f 722 799 1492
f 1492 799 1190
f 664 657 1482
f 1482 657 2833
f 631 634 1324
f 1324 634 1493
f 2828 1494 1251
f 1251 1494 2835
f 1249 3021 1250
f 1250 3021 2838
f 798 2837 1189
f 1189 2837 2836
f 3100 842 3160
f 3160 842 3159
f 1788 3101 1789
f 1789 3101 1793
f 1792 816 1789
f 1789 816 1790
f 817 816 1795
f 1795 816 1792
f 938 817 1797
f 1797 817 1795
f 1796 3155 1797
f 1797 3155 1798
f 3155 3158 1798
f 1798 3158 1799
f 3157 3152 1801
f 1801 3152 1802
f 3151 3156 1803
f 1803 3156 1804
f 3154 3153 1805
f 1805 3153 1806
f 3153 3161 1806
f 1806 3161 1807
f 3099 843 3100
f 3100 843 842
f 1788 1787 3102
f 3102 1787 3112
f 2910 3115 3124
f 3124 3115 3122
f 3099 3098 3122
f 3122 3098 3124
f 416 1907 3052
f 3052 1907 3071
f 3046 3047 3163
f 3163 3047 3162
f 249 445 259
f 259 445 3164
f 425 3165 424
f 424 3165 461
f 408 410 329
f 329 410 330
f 39 331 40
f 40 331 332
f 305 304 423
f 423 304 464
f 385 254 458
f 458 254 392
f 250 415 251
f 251 415 412
f 233 337 234
f 234 337 3166
f 435 3055 1908
f 1908 3055 3072
f 443 1909 3056
f 3056 1909 3073
f 3167 3049 3057
f 3057 3049 444
f 452 3058 1332
f 1332 3058 3069
f 234 3166 346
f 346 3166 411
f 3046 3163 462
f 462 3163 3059
f 259 3164 260
f 260 3164 336
f 3047 417 3162
f 3162 417 3053
f 463 3168 434
f 434 3168 3054
f 454 830 425
f 425 830 3165
f 3062 3169 3063
f 3063 3169 3170
f 1355 1354 1534
f 1534 1354 3171
f 3063 3170 3068
f 3068 3170 3172
f 574 3061 3062
f 3062 3061 3169
f 1534 3171 1535
f 1535 3171 3173
f 3079 2873 3172
f 3172 2873 3068
f 2838 3025 2839
f 2839 3025 3174
f 3176 3177 3175
f 3175 3177 3178
f 3180 1125 3179
f 3179 1125 1128
f 3182 3183 3181
f 3181 3183 3184
f 1134 3185 1130
f 1130 3185 3182
f 3186 3187 3189
f 3189 3187 3188
f 3191 3189 3190
f 3190 3189 3188
f 1137 1122 3190
f 3190 1122 3192
f 3175 3178 3193
f 3193 3178 3194
f 3181 3184 3179
f 3179 3184 3195
f 3197 3198 3196
f 3196 3198 3180
f 3200 3178 3199
f 3199 3178 3177
f 3202 3196 3201
f 3201 3196 3195
f 3204 3184 3203
f 3203 3184 3183
f 3206 3207 3205
f 3205 3207 3186
f 3205 3186 3208
f 3208 3186 3189
f 3209 3208 3191
f 3191 3208 3189
f 3210 3194 3200
f 3200 3194 3178
f 3201 3195 3204
f 3204 3195 3184
f 3197 3211 3177
f 3177 3211 3199
f 3213 3214 3212
f 3212 3214 3215
f 3217 3218 3216
f 3216 3218 3219
f 3221 3222 3220
f 3220 3222 3223
f 3225 3226 3224
f 3224 3226 3227
f 3229 3230 3228
f 3228 3230 3231
f 3233 3234 3232
f 3232 3234 3235
f 3237 3238 3236
f 3236 3238 3239
f 3238 3240 3239
f 3239 3240 3241
f 3232 3235 3242
f 3242 3235 3243
f 3245 3246 3244
f 3244 3246 3247
f 3248 3249 3245
f 3245 3249 3246
f 3251 3252 3250
f 3250 3252 3253
f 3255 3252 3254
f 3254 3252 3251
f 3256 3257 3259
f 3259 3257 3258
f 3261 3262 3260
f 3260 3262 3263
f 3265 3263 3264
f 3264 3263 3262
f 3256 3259 3266
f 3266 3259 3267
f 3269 3270 3268
f 3268 3270 3271
f 3269 3272 3270
f 3270 3272 3273
f 3274 3275 3277
f 3277 3275 3276
f 3278 3279 3276
f 3276 3279 3277
f 3281 3282 3280
f 3280 3282 3283
f 3280 3284 3281
f 3281 3284 3285
f 3287 3288 3286
f 3286 3288 3289
f 3290 3291 3288
f 3288 3291 3289
f 3234 3218 3235
f 3235 3218 3217
f 3232 3292 3233
f 3233 3292 3293
f 3239 3294 3236
f 3236 3294 3219
f 3233 3293 3237
f 3237 3293 3295
f 3296 3294 3241
f 3241 3294 3239
f 3240 3238 3297
f 3297 3238 3298
f 3217 3216 3235
f 3235 3216 3243
f 3297 3299 3240
f 3240 3299 3242
f 3246 3300 3247
f 3247 3300 3223
f 3301 3302 3254
f 3254 3302 3244
f 3249 3303 3246
f 3246 3303 3300
f 3245 3304 3248
f 3248 3304 3292
f 3252 3221 3253
f 3253 3221 3220
f 3250 3248 3299
f 3299 3248 3292
f 3222 3221 3255
f 3255 3221 3252
f 3297 3301 3251
f 3251 3301 3254
f 3258 3214 3259
f 3259 3214 3213
f 3257 3256 3304
f 3304 3256 3305
f 3263 3306 3260
f 3260 3306 3215
f 3261 3257 3302
f 3302 3257 3304
f 3307 3306 3265
f 3265 3306 3263
f 3262 3301 3264
f 3264 3301 3308
f 3259 3213 3267
f 3267 3213 3212
f 3308 3309 3264
f 3264 3309 3266
f 3270 3310 3271
f 3271 3310 3231
f 3311 3312 3278
f 3278 3312 3268
f 3270 3273 3310
f 3310 3273 3313
f 3272 3269 3305
f 3305 3269 3314
f 3277 3229 3274
f 3274 3229 3228
f 3275 3272 3309
f 3309 3272 3305
f 3279 3230 3277
f 3277 3230 3229
f 3276 3308 3278
f 3278 3308 3311
f 3281 3315 3282
f 3282 3315 3227
f 3290 3316 3283
f 3283 3316 3317
f 3281 3285 3315
f 3315 3285 3318
f 3284 3280 3314
f 3314 3280 3319
f 3289 3225 3286
f 3286 3225 3224
f 3287 3284 3312
f 3284 3314 3312
f 3291 3226 3289
f 3289 3226 3225
f 3288 3311 3290
f 3290 3311 3316
f 3212 3215 3307
f 3307 3215 3306
f 3294 3296 3219
f 3219 3296 3216
f 3303 3220 3300
f 3300 3220 3223
f 3224 3227 3318
f 3318 3227 3315
f 3228 3231 3313
f 3313 3231 3310
f 3234 3233 3236
f 3236 3233 3237
f 3243 3241 3242
f 3242 3241 3240
f 3247 3255 3244
f 3244 3255 3254
f 3253 3249 3250
f 3250 3249 3248
f 3260 3258 3261
f 3261 3258 3257
f 3266 3267 3264
f 3264 3267 3265
f 3268 3271 3278
f 3278 3271 3279
f 3274 3273 3275
f 3275 3273 3272
f 3283 3282 3290
f 3290 3282 3291
f 3286 3285 3287
f 3287 3285 3284
f 3218 3234 3219
f 3219 3234 3236
f 3295 3298 3237
f 3237 3298 3238
f 3216 3296 3243
f 3243 3296 3241
f 3242 3299 3232
f 3232 3299 3292
f 3223 3222 3247
f 3247 3222 3255
f 3244 3302 3245
f 3245 3302 3304
f 3303 3249 3220
f 3220 3249 3253
f 3297 3251 3299
f 3299 3251 3250
f 3215 3214 3260
f 3260 3214 3258
f 3301 3262 3302
f 3302 3262 3261
f 3212 3307 3267
f 3267 3307 3265
f 3266 3309 3256
f 3256 3309 3305
f 3271 3231 3279
f 3279 3231 3230
f 3268 3312 3269
f 3269 3312 3314
f 3228 3313 3274
f 3274 3313 3273
f 3308 3276 3309
f 3309 3276 3275
f 3282 3227 3291
f 3291 3227 3226
f 3317 3319 3283
f 3283 3319 3280
f 3224 3318 3286
f 3286 3318 3285
f 3312 3311 3287
f 3311 3288 3287
f 3320 3321 3194
f 3194 3321 3193
f 1375 3321 1121
f 1121 3321 3322
f 3323 3324 3322
f 3322 3324 3192
f 3175 1124 3176
f 3176 1124 1123
f 3179 3195 3180
f 3180 3195 3196
f 3181 1131 3182
f 3182 1131 1130
f 3207 3185 3186
f 3186 3185 3187
f 1136 3188 1133
f 1133 3188 3187
f 3190 3188 1137
f 1137 3188 1136
f 3193 1159 3175
f 3175 1159 1124
f 3179 1128 3181
f 3181 1128 1131
f 1533 3198 1123
f 1123 3198 3176
f 3321 1375 3193
f 3193 1375 1159
f 3321 3320 3322
f 3322 3320 3323
f 1122 1121 3192
f 3192 1121 3322
f 3194 3210 3320
f 3320 3210 3325
f 3324 3323 3327
f 3327 3323 3326
f 3320 3325 3323
f 3323 3325 3326
f 3208 3328 3205
f 3205 3328 3329
f 3330 3206 3329
f 3329 3206 3205
f 3203 3331 3204
f 3204 3331 3332
f 3210 3333 3325
f 3325 3333 3334
f 3325 3334 3326
f 3326 3334 3335
f 3327 3326 3336
f 3336 3326 3335
f 3327 3209 3324
f 3324 3209 3191
f 3190 3192 3191
f 3191 3192 3324
f 3338 3339 3337
f 3337 3339 3340
f 3338 3341 3339
f 3339 3341 3342
f 3341 3343 3342
f 3342 3343 3344
f 3343 3345 3344
f 3344 3345 3346
f 3345 3347 3346
f 3346 3347 3348
f 3347 3349 3348
f 3348 3349 3350
f 3337 3340 3351
f 3351 3340 3352
f 3351 3352 3353
f 3353 3352 3354
f 3353 3354 3355
f 3355 3354 3356
f 3350 3349 3357
f 3357 3349 3358
f 3355 3356 3359
f 3359 3356 3360
f 3359 3360 3361
f 3361 3360 3362
f 3361 3362 3363
f 3363 3362 3364
f 3363 3364 3358
f 3358 3364 3357
f 3339 3342 3365
f 3365 3342 3366
f 3342 3344 3366
f 3366 3344 3367
f 3344 3346 3367
f 3367 3346 3368
f 3346 3348 3368
f 3368 3348 3369
f 3348 3350 3369
f 3369 3350 3370
f 3368 3369 3371
f 3371 3369 3372
f 3369 3370 3372
f 3372 3370 3373
f 3373 3374 3372
f 3372 3374 3375
f 3377 3378 3376
f 3376 3378 3379
f 3377 3375 3378
f 3378 3375 3374
f 3375 3380 3372
f 3372 3380 3371
f 3377 3381 3375
f 3375 3381 3380
f 3376 3382 3377
f 3377 3382 3381
f 3384 3385 3383
f 3383 3385 3386
f 3384 3383 3388
f 3388 3383 3387
f 3388 3387 3389
f 3389 3387 3390
f 3392 3385 3391
f 3391 3385 3384
f 3388 3393 3384
f 3384 3393 3391
f 3389 3394 3388
f 3388 3394 3393
f 3389 3395 3394
f 3394 3395 3396
f 3395 3389 3397
f 3397 3389 3390
f 3339 3365 3340
f 3340 3365 3398
f 3340 3398 3352
f 3352 3398 3399
f 3371 3400 3368
f 3368 3400 3367
f 3400 3401 3367
f 3367 3401 3366
f 3366 3401 3365
f 3365 3401 3402
f 3398 3365 3403
f 3403 3365 3402
f 3398 3403 3399
f 3399 3403 3404
f 3403 3405 3404
f 3404 3405 3406
f 3352 3399 3354
f 3354 3399 3407
f 3399 3404 3407
f 3407 3404 3408
f 3404 3406 3408
f 3408 3406 3409
f 3405 3410 3406
f 3406 3410 3411
f 3410 3412 3411
f 3411 3412 3413
f 3397 3414 3395
f 3395 3414 3415
f 3417 3415 3416
f 3416 3415 3412
f 3410 3418 3412
f 3412 3418 3416
f 3410 3405 3418
f 3418 3405 3419
f 3405 3403 3419
f 3419 3403 3402
f 3370 3350 3420
f 3420 3350 3357
f 3373 3370 3421
f 3421 3370 3420
f 3374 3373 3422
f 3422 3373 3421
f 3378 3374 3423
f 3423 3374 3422
f 3378 3423 3379
f 3379 3423 3424
f 3424 3425 3379
f 3379 3425 3386
f 3383 3426 3387
f 3387 3426 3427
f 3387 3427 3390
f 3390 3427 3428
f 3390 3428 3397
f 3397 3428 3429
f 3429 3430 3397
f 3397 3430 3414
f 3411 3413 3431
f 3431 3413 3432
f 3406 3411 3409
f 3409 3411 3431
f 3401 3400 3335
f 3335 3400 3336
f 3401 3335 3402
f 3402 3335 3334
f 3402 3334 3419
f 3419 3334 3333
f 3419 3333 3418
f 3418 3333 3433
f 3418 3433 3416
f 3416 3433 3434
f 3435 3417 3434
f 3434 3417 3416
f 3394 3396 3436
f 3436 3396 3437
f 3393 3394 3332
f 3332 3394 3436
f 3393 3332 3391
f 3391 3332 3331
f 3330 3392 3331
f 3331 3392 3391
f 3382 3329 3381
f 3381 3329 3328
f 3354 3407 3356
f 3356 3407 3438
f 3356 3438 3360
f 3360 3438 3439
f 3360 3439 3362
f 3362 3439 3440
f 3362 3440 3364
f 3364 3440 3441
f 3364 3441 3357
f 3357 3441 3420
f 3421 3420 3442
f 3442 3420 3441
f 3442 3441 3443
f 3443 3441 3440
f 3443 3440 3444
f 3444 3440 3439
f 3444 3439 3445
f 3445 3439 3438
f 3445 3438 3408
f 3408 3438 3407
f 3422 3421 3446
f 3446 3421 3442
f 3446 3442 3447
f 3447 3442 3443
f 3447 3443 3448
f 3448 3443 3444
f 3448 3444 3449
f 3449 3444 3445
f 3449 3445 3409
f 3409 3445 3408
f 3409 3431 3449
f 3449 3431 3450
f 3449 3450 3448
f 3448 3450 3451
f 3451 3452 3448
f 3448 3452 3447
f 3447 3452 3446
f 3446 3452 3453
f 3446 3453 3422
f 3422 3453 3423
f 3424 3423 3454
f 3454 3423 3453
f 3452 3455 3453
f 3453 3455 3454
f 3452 3451 3455
f 3455 3451 3456
f 3450 3457 3451
f 3451 3457 3456
f 3431 3432 3450
f 3450 3432 3457
f 3454 3458 3424
f 3424 3458 3425
f 3427 3426 3459
f 3459 3426 3460
f 3428 3427 3461
f 3461 3427 3459
f 3428 3461 3429
f 3429 3461 3462
f 3462 3463 3429
f 3429 3463 3430
f 3464 3465 3462
f 3462 3465 3463
f 3455 3466 3454
f 3454 3466 3458
f 3465 3464 3466
f 3466 3464 3467
f 3461 3459 3468
f 3468 3459 3469
f 3468 3469 3464
f 3464 3469 3467
f 3464 3462 3468
f 3468 3462 3461
f 3459 3460 3469
f 3469 3460 3467
f 3295 3351 3298
f 3298 3351 3353
f 3353 3355 3298
f 3298 3355 3297
f 3297 3355 3301
f 3301 3355 3359
f 3301 3359 3308
f 3308 3359 3361
f 3308 3361 3311
f 3311 3361 3363
f 3311 3363 3316
f 3316 3363 3358
f 3316 3358 3317
f 3317 3358 3349
f 3349 3347 3317
f 3317 3347 3319
f 3347 3345 3319
f 3319 3345 3314
f 3345 3343 3314
f 3314 3343 3305
f 3343 3341 3305
f 3305 3341 3304
f 3304 3341 3292
f 3292 3341 3338
f 3292 3338 3293
f 3293 3338 3337
f 3293 3337 3295
f 3295 3337 3351
f 3437 3202 3436
f 3436 3202 3201
f 3436 3201 3332
f 3332 3201 3204
f 3433 3200 3434
f 3434 3200 3199
f 3211 3435 3199
f 3199 3435 3434
f 3333 3210 3433
f 3433 3210 3200
f 3380 3470 3371
f 3400 3371 3336
f 3336 3371 3470
f 3381 3328 3380
f 3380 3328 3470
f 3470 3328 3209
f 3209 3328 3208
f 3336 3470 3327
f 3327 3470 3209
f 1545 1763 1546
f 1546 1763 1762
f 1403 1546 773
f 773 1546 770
f 1221 3013 1220
f 1220 3013 3471
f 1305 2877 1306
f 1306 2877 2879
f 1220 3471 828
f 828 3471 829
f 1217 1754 3472
f 3472 1754 1756
f 1049 3473 1048
f 1048 3473 3474
f 1371 1179 3473
f 3473 1179 3474
f 1074 3475 1179
f 1179 3475 3474
f 3474 3475 1048
f 1048 3475 1056
f 919 666 1345
f 1345 666 665
f 856 680 919
f 919 680 666
f 679 680 1449
f 1449 680 858
f 1367 878 1500
f 1500 878 877
f 1366 908 1367
f 1367 908 878
f 1512 916 1513
f 1513 916 915
f 947 1368 948
f 948 1368 1369
f 1047 1021 1044
f 1044 1021 1020
f 1370 1049 1019
f 1019 1049 1020
f 1173 1030 1174
f 1174 1030 1033
f 3126 1188 1464
f 1464 1188 1187
f 1800 1451 1512
f 1512 1451 916
f 1175 1174 1186
f 1186 1174 1187
f 1030 1173 1047
f 1047 1173 1021
f 1513 915 3476
f 3476 915 1481
f 1345 665 3477
f 3477 665 1483
f 1502 1501 876
f 876 1501 877
f 1205 1451 1803
f 1803 1451 1802
f 3479 2832 3478
f 3478 2832 2831
f 1449 858 2927
f 2927 858 2922
f 908 1366 947
f 947 1366 1368
f 949 948 3126
f 3126 948 1188
f 3480 3135 1502
f 1502 3135 1501
f 2927 2922 3157
f 3157 2922 3152
f 3477 1483 3479
f 3479 1483 2832
f 1803 1802 3151
f 3151 1802 3152
f 663 658 664
f 664 658 657
f 655 658 939
f 939 658 706
f 1512 870 1800
f 1800 870 869
f 875 874 876
f 876 874 873
f 849 874 905
f 905 874 958
f 949 962 946
f 946 962 961
f 978 3126 979
f 979 3126 1464
f 1031 1168 1032
f 1032 1168 1022
f 1045 1013 1046
f 1046 1013 1012
f 1045 1044 1056
f 1056 1044 1048
f 1047 1046 1030
f 1030 1046 1031
f 939 706 940
f 940 706 1450
f 979 1464 1032
f 1032 1464 1033
f 3480 1478 3476
f 3476 1478 3134
f 2829 1487 2830
f 2830 1487 1486
f 848 1230 873
f 873 1230 1479
f 867 870 933
f 933 870 1514
f 1800 869 1801
f 1801 869 1799
f 2830 1486 1325
f 1325 1486 2833
f 940 1450 2925
f 2925 1450 2928
f 946 961 907
f 907 961 958
f 959 962 977
f 977 962 978
f 3476 3134 1513
f 1513 3134 1514
f 2925 2928 3155
f 3155 2928 3158
f 1325 2833 656
f 656 2833 657
f 1801 1799 3157
f 3157 1799 3158
f 1074 1055 3475
f 3475 1055 1056
f 1371 3473 1370
f 1370 3473 1049
f 2884 615 3481
f 3481 615 618
f 3478 2831 2846
f 2846 2831 617
f 2831 1484 617
f 617 1484 618
f 1484 1487 618
f 618 1487 3481
f 2848 3481 2829
f 2829 3481 1487
f 1480 1517 1161
f 1161 1517 1162
f 3129 1323 1455
f 1455 1323 1322
f 3129 3134 1323
f 1323 3134 1478
f 1535 3173 1515
f 1515 3173 1516
f 3085 3095 3137
f 3137 3095 3094
f 3137 3094 3138
f 3138 3094 3104
f 3117 3139 3105
f 3105 3139 3106
f 1138 1141 3127
f 3127 1141 3128
f 3081 3131 1264
f 1264 3131 3130
f 1227 1226 3132
f 3132 1226 3133
f 1264 3130 1229
f 1229 3130 1322
f 1160 1501 1161
f 1161 1501 3135
f 1141 1476 3128
f 3128 1476 3136
f 1226 1163 3133
f 3133 1163 1162
f 1363 1138 1515
f 1515 1138 3127
f 3084 3095 3081
f 3081 3095 3131
f 3089 884 3105
f 3105 884 3140
f 884 883 3140
f 3140 883 3141
f 883 3482 3141
f 3141 3482 3142
f 3476 1481 3480
f 3480 1481 3135
f 1502 1479 3480
f 3480 1479 1478
f 3168 463 440
f 714 1880 715
f 715 1880 2905
f 896 732 2970
f 2970 732 731
f 1263 834 3082
f 3082 834 833
f 898 1231 853
f 853 1231 854
f 3125 890 2931
f 2931 890 889
f 1237 893 2851
f 2851 893 892
f 898 853 899
f 899 853 963
f 988 987 989
f 989 987 986
f 1002 1007 1003
f 1003 1007 1006
f 1038 1036 1007
f 1007 1036 1004
f 1070 1052 1005
f 1005 1052 1006
f 1069 1067 1070
f 1070 1067 1052
f 1130 1129 1134
f 1134 1129 1135
f 879 1167 880
f 880 1167 1166
f 1171 1169 1037
f 1037 1169 1038
f 1085 1180 1069
f 1069 1180 1067
f 1209 1210 879
f 879 1210 1167
f 2885 1215 1754
f 1754 1215 1214
f 1263 855 834
f 834 855 854
f 708 1244 1826
f 1826 1244 1243
f 2909 894 1254
f 1254 894 893
f 1228 1361 964
f 964 1361 1360
f 2908 2907 1436
f 1436 2907 1437
f 2990 1440 2991
f 2991 1440 1439
f 964 1360 965
f 965 1360 1454
f 950 1457 951
f 951 1457 1456
f 970 1463 971
f 971 1463 1462
f 1025 1169 984
f 984 1169 986
f 1084 1097 1469
f 1469 1097 1470
f 1096 1115 1474
f 1474 1115 1475
f 1140 1361 1141
f 1141 1361 1476
f 1212 1495 2828
f 2828 1495 1494
f 880 1166 1452
f 1452 1166 1499
f 715 2905 1504
f 1504 2905 2906
f 954 1519 955
f 955 1519 1518
f 1026 1520 992
f 992 1520 1518
f 1029 1520 1043
f 1043 1520 1521
f 997 1522 1040
f 1040 1522 1521
f 1015 1522 1016
f 1016 1522 1523
f 1523 996 1524
f 1524 996 1062
f 1057 1060 1525
f 1525 1060 1524
f 1094 1528 1082
f 1082 1528 1527
f 1526 1528 1089
f 1089 1528 1529
f 1090 1531 1108
f 1108 1531 1530
f 1125 1533 1126
f 1126 1533 1532
f 3483 1755 727
f 727 1755 1214
f 735 1814 707
f 707 1814 1813
f 2891 1834 1246
f 1246 1834 1243
f 2904 1881 1847
f 1847 1881 1848
f 1852 1855 1853
f 1853 1855 1858
f 1902 2903 1877
f 1877 2903 1878
f 2903 2904 1878
f 1878 2904 1847
f 714 713 1848
f 1848 713 1849
f 1440 2990 1883
f 1883 2990 2989
f 1883 2989 1852
f 1852 2989 1855
f 2895 1888 2892
f 2892 1888 1887
f 774 777 1877
f 1877 777 1903
f 1251 2835 1252
f 1252 2835 2834
f 1213 2844 1212
f 1212 2844 1495
f 2851 892 1213
f 1213 892 2844
f 3123 2911 3124
f 3124 2911 2910
f 887 2929 888
f 888 2929 889
f 1435 2963 1436
f 1436 2963 2961
f 1253 1438 1254
f 1254 1438 1437
f 2970 731 735
f 735 731 1814
f 733 732 2885
f 2885 732 1215
f 2901 2902 2976
f 2976 2902 2977
f 2975 2982 2976
f 2976 2982 2979
f 2899 2900 2981
f 2981 2900 2979
f 2899 2981 2898
f 2898 2981 2983
f 2986 2985 2984
f 2984 2985 2983
f 2897 2985 2896
f 2896 2985 2988
f 2991 1439 2987
f 2987 1439 2988
f 777 2978 1903
f 1903 2978 2977
f 1885 1888 1858
f 1858 1888 1853
f 3090 3088 836
f 836 3088 833
f 3083 3088 3097
f 3097 3088 3096
f 3097 3096 3104
f 3104 3096 3106
f 3111 3116 3108
f 3108 3116 3109
f 3112 3111 3114
f 3114 3111 3108
f 3113 3122 3114
f 3114 3122 3115
f 891 890 2837
f 2837 890 2834
f 951 1456 954
f 954 1456 1519
f 967 1457 936
f 936 1457 1454
f 971 1462 902
f 902 1462 963
f 1461 1463 988
f 988 1463 987
f 1466 1468 1474
f 1474 1468 1470
f 1089 1529 1090
f 1090 1529 1531
f 1184 1181 1469
f 1469 1181 1180
f 1082 1527 1061
f 1061 1527 1525
f 1129 1473 1135
f 1135 1473 1475
f 1108 1530 1105
f 1105 1530 1532
f 1452 1499 3132
f 3132 1499 3136
f 3109 3116 3139
f 3139 3116 3138
f 2912 2911 887
f 887 2911 2929
f 2836 2835 1497
f 1497 2835 1494
f 2913 3102 2910
f 2910 3102 3115
f 1133 3187 1134
f 1134 3187 3185
f 3177 3176 3197
f 3197 3176 3198
f 3203 3183 3206
f 3206 3183 3207
f 3196 3202 3197
f 3197 3202 3211
f 3183 3182 3207
f 3207 3182 3185
f 1125 3180 1533
f 1533 3180 3198
f 3331 3203 3330
f 3330 3203 3206
f 3376 3379 3385
f 3385 3379 3386
f 3382 3376 3392
f 3392 3376 3385
f 3412 3415 3413
f 3413 3415 3414
f 3417 3396 3415
f 3415 3396 3395
f 3383 3386 3426
f 3426 3386 3425
f 3413 3414 3432
f 3432 3414 3430
f 3437 3396 3435
f 3435 3396 3417
f 3329 3382 3330
f 3330 3382 3392
f 3426 3425 3460
f 3460 3425 3458
f 3432 3430 3457
f 3457 3430 3463
f 3457 3463 3456
f 3456 3463 3465
f 3460 3458 3467
f 3467 3458 3466
f 3466 3455 3465
f 3465 3455 3456
f 3202 3437 3211
f 3211 3437 3435
f 3104 3106 3138
f 3138 3106 3139
f 3132 3136 1227
f 1227 3136 1476
f 943 687 600
f 600 687 601
f 596 625 667
f 667 625 1297
f 687 686 601
f 601 686 653
f 1319 784 711
f 711 784 712
f 1811 607 783
f 783 607 712
f 862 921 917
f 917 921 920
f 3478 925 3479
f 3479 925 924
f 2846 926 3478
f 3478 926 925
f 659 662 929
f 929 662 930
f 856 921 857
f 857 921 1204
f 1206 864 1207
f 1207 864 863
f 2876 1219 2877
f 2877 1219 1218
f 667 1297 593
f 593 1297 1296
f 917 920 1333
f 1333 920 1346
f 686 693 653
f 653 693 930
f 1277 913 1498
f 1498 913 1207
f 592 1536 610
f 610 1536 711
f 864 1206 1805
f 1805 1206 1804
f 1317 1536 1900
f 1900 1536 1809
f 1900 1809 1295
f 1295 1809 1296
f 3479 924 3477
f 3477 924 2824
f 927 926 1203
f 1203 926 2847
f 3484 2859 3032
f 3032 2859 3033
f 3472 2878 1217
f 1217 2878 1218
f 2889 2888 2880
f 2880 2888 2881
f 2886 2883 2887
f 2887 2883 2882
f 929 928 2847
f 2847 928 1203
f 857 1204 2921
f 2921 1204 2926
f 1820 1819 2882
f 2882 1819 2881
f 1821 2883 2876
f 2876 2883 1219
f 782 2889 783
f 783 2889 2880
f 1352 3034 1353
f 1353 3034 3033
f 3031 3034 3041
f 3041 3034 3043
f 944 943 3043
f 3043 943 600
f 1339 3145 1498
f 1498 3145 3143
f 1208 882 3148
f 3148 882 3143
f 2921 2926 3151
f 3151 2926 3156
f 3477 2824 1345
f 1345 2824 1346
f 1805 1804 3154
f 3154 1804 3156
f 886 3103 883
f 883 3103 3482
f 841 1248 3485
f 3485 1248 3121
f 2811 2819 2812
f 2812 2819 2816
f 2818 2815 2817
f 2817 2815 2806
f 2817 2816 2818
f 2818 2816 2819
f 2793 2795 2819
f 2819 2795 2818
f 243 352 2793
f 2793 352 2795
f 242 353 243
f 243 353 352
f 359 191 242
f 242 191 353
f 247 192 359
f 359 192 191
f 157 193 247
f 247 193 192
f 156 194 157
f 157 194 193
f 378 261 156
f 156 261 194
f 378 381 261
f 261 381 195
f 195 381 196
f 196 381 376
f 196 376 198
f 198 376 375
f 375 1776 198
f 198 1776 197
f 1776 1767 197
f 197 1767 274
f 181 274 199
f 199 274 1767
f 568 566 564
f 564 566 563
f 568 569 566
f 566 569 567
f 501 1773 1771
f 1771 1773 578
f 547 579 1773
f 1773 579 578
f 3486 470 474
f 474 470 469
f 450 582 3487
f 3487 582 3488
f 582 583 3488
f 3488 583 3489
f 583 584 3489
f 3489 584 3490
f 3490 584 3491
f 3491 584 543
f 470 3486 466
f 466 3486 467
f 3489 3490 503
f 503 3490 504
f 503 3492 3489
f 3489 3492 3488
f 3492 503 3493
f 3493 503 502
f 3495 3492 3494
f 3494 3492 3493
f 3487 3488 3495
f 3495 3488 3492
f 468 1774 465
f 465 1774 570
f 3494 3493 1775
f 1775 3493 1771
f 3490 3491 504
f 504 3491 1772
f 3491 543 1772
f 1772 543 548
f 450 3487 474
f 474 3487 3486
f 3495 467 3487
f 3487 467 3486
f 3494 468 3495
f 3495 468 467
f 468 3494 1774
f 1774 3494 1775
f 501 1771 502
f 502 1771 3493
f 527 366 384
f 384 366 365
f 522 524 527
f 527 524 366
f 521 534 522
f 522 534 524
f 530 535 521
f 521 535 534
f 508 486 513
f 513 486 532
f 513 532 541
f 541 532 535
f 667 668 596
f 596 668 597
f 1294 1297 624
f 624 1297 625
f 603 641 604
f 604 641 640
f 1290 1293 650
f 650 1293 651
f 1758 691 660
f 660 691 661
f 602 671 599
f 599 671 670
f 654 662 690
f 690 662 661
f 2856 598 695
f 695 598 597
f 602 654 671
f 671 654 690
f 604 640 676
f 676 640 704
f 1826 1829 708
f 708 1829 709
f 1288 1284 740
f 740 1284 741
f 755 754 758
f 758 754 759
f 2853 2856 932
f 932 2856 695
f 689 691 1192
f 1192 691 1193
f 784 1319 1240
f 1240 1319 1241
f 1813 1816 1244
f 1244 1816 1245
f 754 1288 759
f 759 1288 740
f 1894 1242 1318
f 1318 1242 1241
f 2867 1348 1418
f 1418 1348 1347
f 676 704 673
f 673 704 1347
f 1284 1287 741
f 741 1287 1419
f 1421 1426 1422
f 1422 1426 1425
f 1758 660 615
f 615 660 616
f 1192 1191 1421
f 1421 1191 1426
f 2962 1839 1504
f 1504 1839 1505
f 941 1194 1759
f 1759 1194 1193
f 1287 1537 1419
f 1419 1537 1760
f 1882 2893 1823
f 1823 2893 1824
f 1886 1891 1827
f 1827 1891 1828
f 1887 1886 1834
f 1834 1886 1827
f 1841 716 1838
f 1838 716 1505
f 782 784 1850
f 1850 784 1240
f 1239 1242 1863
f 1863 1242 1864
f 1242 1894 1864
f 1864 1894 1873
f 1822 1239 1823
f 1823 1239 1863
f 1318 1317 1895
f 1895 1317 1900
f 1894 1896 1873
f 1873 1896 1897
f 1291 1896 1292
f 1292 1896 1895
f 605 1898 606
f 606 1898 1897
f 1258 1257 2854
f 2854 1257 2855
f 1257 1351 2855
f 2855 1351 2857
f 1351 1353 2857
f 2857 1353 2858
f 1353 3033 2858
f 2858 3033 2859
f 2860 2861 3036
f 3036 2861 3037
f 2862 2863 2870
f 2870 2863 3039
f 2870 2869 2862
f 2862 2869 2864
f 2868 2865 2869
f 2869 2865 2864
f 1764 2866 2868
f 2868 2866 2865
f 1537 1199 1760
f 1760 1199 1348
f 615 2884 1758
f 1758 2884 1759
f 1825 1246 2890
f 2890 1246 1245
f 2893 2892 1824
f 1824 2892 2891
f 761 2960 758
f 758 2960 2906
f 3000 2943 2940
f 2940 2943 2941
f 2968 710 2950
f 2950 710 709
f 1764 1423 2866
f 2866 1423 2953
f 1423 645 2953
f 2953 645 2954
f 645 644 2954
f 2954 644 2955
f 644 738 2955
f 2955 738 2956
f 738 764 2956
f 2956 764 2957
f 764 763 2957
f 2957 763 2958
f 763 2908 2958
f 2958 2908 2959
f 2908 1436 2959
f 2959 1436 2961
f 1837 2964 1435
f 1435 2964 2963
f 1837 2937 2964
f 2964 2937 2965
f 2936 2968 2966
f 2966 2968 2950
f 1840 2942 1838
f 1838 2942 2941
f 2939 2949 2940
f 2940 2949 3006
f 2939 2942 2966
f 2966 2942 2965
f 1822 1825 1850
f 1850 1825 2890
f 1891 3005 1828
f 1828 3005 3006
f 3035 3038 3045
f 3045 3038 3042
f 3045 3044 3035
f 3035 3044 3040
f 669 1422 3045
f 3045 1422 3044
f 599 670 3041
f 3041 670 3042
f 931 3067 932
f 932 3067 3065
f 2853 3066 2854
f 2854 3066 3076
f 3067 3496 3065
f 3065 3496 3497
f 3066 3498 3076
f 3076 3498 3499
f 707 1813 708
f 708 1813 1244
f 2960 2962 2906
f 2906 2962 1504
f 2892 1887 2891
f 2891 1887 1834
f 1839 2962 2963
f 2963 2962 2961
f 595 626 596
f 596 626 625
f 623 626 3484
f 3484 626 2859
f 1291 1290 606
f 606 1290 603
f 1290 650 603
f 603 650 641
f 641 650 642
f 642 650 649
f 2860 2863 649
f 649 2863 642
f 3036 3039 2860
f 2860 3039 2863
f 3035 3040 3036
f 3036 3040 3039
f 1294 1293 1295
f 1295 1293 1292
f 624 651 1294
f 1294 651 1293
f 623 652 624
f 624 652 651
f 3484 2861 623
f 623 2861 652
f 3032 3037 3484
f 3484 3037 2861
f 3031 3038 3032
f 3032 3038 3037
f 3481 2848 2884
f 2884 2848 942
f 2846 617 1427
f 1427 617 616
f 3049 3167 3048
f 3048 3167 3500
f 1906 3048 3070
f 3070 3048 3500
f 1337 1768 3501
f 3501 1768 3502
f 3020 3503 3021
f 3021 3503 3024
f 2914 3023 3020
f 3020 3023 3503
f 859 1770 860
f 860 1770 3504
f 1336 3505 1768
f 1768 3505 3502
f 3065 3497 3066
f 3066 3497 3498
f 2814 3075 3067
f 3067 3075 3496
f 2839 3174 766
f 766 3174 3017
f 1337 3501 1338
f 1338 3501 1769
f 767 3018 3026
f 3026 3018 3506
f 3076 3499 3064
f 3064 3499 3507
f 727 730 3483
f 3483 730 3030
f 3064 3507 2871
f 2871 3507 3077
f 3100 3160 1786
f 1786 3160 1784
f 3026 3506 752
f 752 3506 3015
f 860 3504 2923
f 2923 3504 3508
f 753 3016 3027
f 3027 3016 3509
f 3027 3509 3008
f 3008 3509 3028
f 1782 1785 1783
f 1783 1785 3022
f 2923 3508 3153
f 3153 3508 3161
f 3148 3149 1208
f 1208 3149 3150
f 1335 1328 3510
f 3510 1328 1327
f 1336 1335 3505
f 3505 1335 3510
f 866 3511 1340
f 1340 3511 3146
f 865 1808 866
f 866 1808 3511
f 842 841 3159
f 3159 841 3485
f 2849 3512 1329
f 1329 3512 1326
f 1202 1331 2849
f 2849 1331 3512
f 3514 3515 3513
f 3513 3515 3516
f 3518 3516 3517
f 3517 3516 3515
f 3519 3520 3514
f 3514 3520 3515
f 3522 3523 3521
f 3521 3523 3524
f 3526 3527 3525
f 3525 3527 3528
f 3530 3531 3529
f 3529 3531 3532
f 3534 3535 3533
f 3533 3535 3536
f 3529 3532 3537
f 3537 3532 3538
f 3537 3539 3529
f 3529 3539 3540
f 3542 3543 3541
f 3541 3543 3544
f 3546 3547 3545
f 3545 3547 3548
f 3550 3534 3549
f 3549 3534 3533
f 3550 3543 3551
f 3551 3543 3552
f 3537 3545 3539
f 3539 3545 3548
f 3553 3554 3556
f 3556 3554 3555
f 3537 3557 3545
f 3545 3557 3546
f 3558 3559 3561
f 3561 3559 3560
f 3563 3564 3562
f 3562 3564 3565
f 3564 3563 3566
f 3566 3563 3567
f 3569 3570 3568
f 3568 3570 3571
f 3573 3574 3572
f 3572 3574 3575
f 3577 3578 3576
f 3576 3578 3579
f 3581 3582 3580
f 3580 3582 3583
f 3585 3586 3584
f 3584 3586 3579
f 3586 3587 3579
f 3579 3587 3576
f 3589 3590 3588
f 3588 3590 3591
f 3592 3593 3595
f 3595 3593 3594
f 3597 3598 3596
f 3596 3598 3595
f 3583 3600 3599
f 3599 3600 3601
f 3603 3599 3602
f 3602 3599 3601
f 3605 3606 3604
f 3604 3606 3607
f 3608 3555 3596
f 3596 3555 3554
f 3597 3610 3609
f 3609 3610 3565
f 3564 3611 3565
f 3565 3611 3609
f 3611 3564 3612
f 3612 3564 3566
f 3613 3614 3569
f 3569 3614 3570
f 3615 3616 3573
f 3573 3616 3574
f 3517 3617 3518
f 3518 3617 3618
f 3620 3621 3619
f 3619 3621 3622
f 3624 3625 3623
f 3623 3625 3626
f 3628 3629 3627
f 3627 3629 3630
f 3632 3633 3631
f 3631 3633 3634
f 3636 3637 3635
f 3635 3637 3638
f 3640 3641 3639
f 3639 3641 3642
f 3643 3644 3639
f 3639 3644 3640
f 3646 3513 3645
f 3645 3513 3647
f 3648 3514 3646
f 3646 3514 3513
f 3649 3519 3648
f 3648 3519 3514
f 3650 3651 3527
f 3527 3651 3652
f 3654 3651 3653
f 3653 3651 3650
f 3568 3571 3655
f 3655 3571 3656
f 3657 3658 3653
f 3653 3658 3659
f 3661 3662 3660
f 3660 3662 3658
f 3664 3665 3663
f 3663 3665 3666
f 3667 3657 3650
f 3650 3657 3653
f 3669 3523 3668
f 3668 3523 3670
f 3672 3673 3671
f 3671 3673 3674
f 3676 3677 3675
f 3675 3677 3678
f 3671 3674 3676
f 3676 3674 3677
f 3680 3681 3679
f 3679 3681 3682
f 3683 3684 3680
f 3680 3684 3681
f 3685 3686 3661
f 3661 3686 3662
f 3686 3687 3662
f 3662 3687 3688
f 3684 3683 3689
f 3689 3683 3690
f 3692 3693 3691
f 3691 3693 3694
f 3691 3694 3695
f 3695 3694 3696
f 3698 3699 3697
f 3697 3699 3700
f 3702 3703 3701
f 3701 3703 3704
f 3705 3706 3519
f 3519 3706 3520
f 3673 3672 3707
f 3707 3672 3708
f 3709 3710 3682
f 3682 3710 3679
f 3711 3712 3692
f 3692 3712 3693
f 3714 3715 3713
f 3713 3715 3716
f 3718 3700 3717
f 3717 3700 3699
f 3720 3721 3719
f 3719 3721 3722
f 3724 3725 3723
f 3723 3725 3726
f 3727 3728 3730
f 3730 3728 3729
f 3722 3721 3731
f 3731 3721 3732
f 3697 3700 3733
f 3733 3700 3714
f 3733 3714 3734
f 3734 3714 3713
f 3721 3723 3732
f 3732 3723 3735
f 3720 3736 3724
f 3724 3736 3737
f 3700 3718 3714
f 3714 3718 3715
f 3717 3699 3738
f 3738 3699 3739
f 3536 3740 3533
f 3533 3740 3540
f 3742 3743 3741
f 3741 3743 3744
f 3746 3747 3745
f 3745 3747 3748
f 3750 3751 3749
f 3749 3751 3752
f 3627 3632 3628
f 3628 3632 3631
f 3754 3755 3753
f 3753 3755 3626
f 3562 3565 3756
f 3756 3565 3610
f 3527 3652 3528
f 3528 3652 3757
f 3758 3524 3669
f 3669 3524 3523
f 3582 3598 3583
f 3583 3598 3600
f 3759 3670 3522
f 3522 3670 3523
f 3675 3678 3760
f 3760 3678 3761
f 3762 3763 3690
f 3690 3763 3689
f 3765 3766 3764
f 3764 3766 3767
f 3768 3739 3698
f 3698 3739 3699
f 3726 3725 3770
f 3770 3725 3769
f 3645 3647 3771
f 3771 3647 3772
f 3645 3678 3646
f 3646 3678 3677
f 3646 3677 3648
f 3648 3677 3674
f 3673 3649 3674
f 3674 3649 3648
f 3707 3773 3673
f 3673 3773 3649
f 3775 3776 3774
f 3774 3776 3777
f 3779 3526 3778
f 3778 3526 3525
f 3526 3779 3667
f 3667 3779 3780
f 3780 3781 3667
f 3667 3781 3657
f 3672 3679 3708
f 3708 3679 3710
f 3671 3680 3672
f 3672 3680 3679
f 3676 3683 3671
f 3671 3683 3680
f 3675 3690 3676
f 3676 3690 3683
f 3760 3762 3675
f 3675 3762 3690
f 3682 3681 3783
f 3783 3681 3782
f 3689 3784 3684
f 3684 3784 3785
f 3684 3785 3681
f 3681 3785 3782
f 3786 3709 3783
f 3783 3709 3682
f 3784 3689 3787
f 3787 3689 3763
f 3789 3557 3788
f 3788 3557 3790
f 3792 3793 3791
f 3791 3793 3794
f 3616 3615 3795
f 3795 3615 3796
f 3797 3798 3727
f 3727 3798 3728
f 3800 3801 3799
f 3799 3801 3802
f 3803 3578 3592
f 3592 3578 3593
f 3805 3806 3804
f 3804 3806 3807
f 3599 3603 3585
f 3585 3603 3586
f 3587 3586 3604
f 3604 3586 3603
f 3588 3591 3794
f 3794 3591 3791
f 3581 3803 3582
f 3582 3803 3592
f 3594 3561 3608
f 3608 3561 3790
f 3662 3688 3808
f 3808 3688 3809
f 3665 3664 3810
f 3810 3664 3811
f 3719 3812 3720
f 3720 3812 3736
f 3717 3813 3718
f 3718 3813 3737
f 3723 3721 3724
f 3724 3721 3720
f 3813 3717 3814
f 3814 3717 3738
f 3815 3816 303
f 303 3816 304
f 3818 3819 3817
f 3817 3819 3820
f 3578 3803 3579
f 3579 3803 3584
f 3558 3593 3577
f 3577 3593 3578
f 3822 3823 3821
f 3821 3823 3824
f 3546 3826 3825
f 3825 3826 3827
f 3828 3829 3547
f 3547 3829 3541
f 3831 3542 3830
f 3830 3542 3832
f 3834 3822 3833
f 3833 3822 3821
f 3835 3836 3827
f 3827 3836 3825
f 3800 3799 3828
f 3828 3799 3829
f 3830 3832 3837
f 3837 3832 3838
f 331 330 3551
f 3551 330 3839
f 3831 333 3552
f 3552 333 332
f 3819 3797 3841
f 3841 3797 3840
f 3513 3516 3647
f 3647 3516 3746
f 337 336 3745
f 3745 336 3772
f 3525 3528 3775
f 3775 3528 3749
f 3610 3597 3554
f 3554 3597 3596
f 3706 3702 3520
f 3520 3702 3701
f 3756 3610 3553
f 3553 3610 3554
f 3757 3750 3528
f 3528 3750 3749
f 3517 3515 3701
f 3701 3515 3520
f 3842 3584 3581
f 3581 3584 3803
f 3525 3775 3778
f 3778 3775 3774
f 3638 3843 3635
f 3635 3843 3618
f 3617 3621 3618
f 3618 3621 3635
f 3617 3517 3704
f 3704 3517 3701
f 3521 3624 3522
f 3522 3624 3623
f 3749 3844 3775
f 3775 3844 3776
f 3846 3847 3845
f 3845 3847 3848
f 3843 3747 3618
f 3618 3747 3518
f 3850 3851 3849
f 3849 3851 3748
f 3853 3854 3852
f 3852 3854 3855
f 3856 3857 3622
f 3622 3857 3619
f 3859 3860 3858
f 3858 3860 3861
f 3862 3844 3752
f 3752 3844 3749
f 3863 3759 3623
f 3623 3759 3522
f 3864 3777 3630
f 3630 3777 3776
f 3713 3865 3734
f 3734 3865 3866
f 3868 3869 3867
f 3867 3869 3870
f 3872 3873 3871
f 3871 3873 3874
f 3876 3877 3875
f 3875 3877 3878
f 3879 3880 3878
f 3878 3880 3881
f 3882 3883 3885
f 3885 3883 3884
f 3780 3886 3781
f 3781 3886 3887
f 3888 3685 3869
f 3869 3685 3661
f 3880 3879 3883
f 3883 3879 3884
f 3693 3783 3694
f 3694 3783 3782
f 3696 3785 3764
f 3764 3785 3784
f 3694 3782 3696
f 3696 3782 3785
f 3693 3786 3783
f 3787 3765 3784
f 3784 3765 3764
f 386 385 3765
f 3765 385 3766
f 3695 3889 3691
f 3691 3889 3890
f 3691 3890 3692
f 3692 3890 3891
f 3892 3711 3891
f 3891 3711 3692
f 3767 3893 3695
f 3695 3893 3889
f 3766 3894 3767
f 3767 3894 3893
f 3882 3885 3895
f 3895 3885 3896
f 3898 3698 3897
f 3897 3698 3697
f 3897 3697 3899
f 3899 3697 3733
f 3899 3733 3900
f 3900 3733 3734
f 3901 3768 3898
f 3898 3768 3698
f 3901 3902 3768
f 3768 3902 3903
f 3904 3905 3907
f 3907 3905 3906
f 3869 3661 3870
f 3870 3661 3660
f 3908 3909 3896
f 3896 3909 3895
f 3909 3758 3895
f 3895 3758 3669
f 3751 3531 3752
f 3752 3531 3848
f 3858 3536 3854
f 3854 3536 3535
f 3652 3562 3757
f 3757 3562 3756
f 3651 3654 3563
f 3563 3654 3567
f 3655 3656 3808
f 3808 3656 3659
f 3530 3740 3845
f 3845 3740 3861
f 3751 3750 3556
f 3556 3750 3553
f 3817 3820 3796
f 3796 3820 3795
f 410 409 3910
f 3910 409 3855
f 3750 3757 3553
f 3553 3757 3756
f 3908 3886 3909
f 3909 3886 3780
f 409 411 3855
f 3855 411 3851
f 413 412 3760
f 3760 412 3762
f 415 414 3763
f 3763 414 3787
f 3790 3557 3538
f 3538 3557 3537
f 3555 3608 3538
f 3538 3608 3790
f 3574 3911 3575
f 3575 3911 3912
f 3535 3534 3910
f 3910 3534 3839
f 3831 3552 3542
f 3542 3552 3543
f 3534 3550 3839
f 3839 3550 3551
f 3543 3550 3544
f 3544 3550 3549
f 3913 3914 3916
f 3916 3914 3915
f 3806 3805 3589
f 3589 3805 3590
f 3849 3843 3917
f 3917 3843 3638
f 3853 3644 3859
f 3859 3644 3742
f 3747 3746 3518
f 3518 3746 3516
f 3695 3696 3767
f 3767 3696 3764
f 3903 3918 3768
f 3768 3918 3739
f 3738 3739 3816
f 3816 3739 3918
f 3919 3920 3769
f 3769 3920 3770
f 3921 3726 3922
f 3922 3726 3770
f 3678 3645 3761
f 3761 3645 3771
f 3924 3913 3923
f 3923 3913 3916
f 3802 3925 3838
f 3838 3925 3837
f 3577 3926 3558
f 3558 3926 3559
f 3815 3919 3814
f 3814 3919 3769
f 3927 3928 3822
f 3822 3928 3823
f 3829 3832 3541
f 3541 3832 3542
f 3834 3927 3822
f 3832 3829 3838
f 3838 3829 3799
f 3745 3772 3746
f 3746 3772 3647
f 3849 3748 3843
f 3843 3748 3747
f 3854 3853 3858
f 3858 3853 3859
f 3854 3535 3855
f 3855 3535 3910
f 3557 3789 3546
f 3546 3789 3826
f 3923 3823 3924
f 3924 3823 3928
f 3823 3923 3929
f 3929 3923 3930
f 3531 3751 3532
f 3532 3751 3556
f 3532 3556 3538
f 3538 3556 3555
f 3932 3634 3931
f 3931 3634 3633
f 3814 3769 3813
f 3813 3769 3725
f 3620 3636 3621
f 3621 3636 3635
f 3847 3862 3848
f 3848 3862 3752
f 3531 3530 3848
f 3848 3530 3845
f 3933 3934 3830
f 3830 3934 3831
f 3925 3933 3837
f 3837 3933 3830
f 3934 440 3831
f 3831 440 333
f 3925 3802 3833
f 3833 3802 3801
f 3776 3844 3630
f 3630 3844 3627
f 3808 3659 3662
f 3662 3659 3658
f 3667 3650 3526
f 3526 3650 3527
f 3935 3666 3936
f 3936 3666 3665
f 3718 3737 3715
f 3715 3737 3736
f 3663 3809 3664
f 3664 3809 3688
f 3807 3806 3938
f 3938 3806 3937
f 445 413 3761
f 3761 413 3760
f 3902 447 3903
f 3903 447 446
f 3897 3890 3898
f 3898 3890 3889
f 3899 3891 3897
f 3897 3891 3890
f 3898 3889 3901
f 3901 3889 3893
f 3893 3894 3901
f 3901 3894 3902
f 414 386 3787
f 3787 386 3765
f 3940 3941 3939
f 3939 3941 3942
f 3840 3797 3943
f 3943 3797 3727
f 3665 3810 3936
f 3936 3810 3944
f 3921 3735 3726
f 3726 3735 3723
f 3920 3945 3770
f 3770 3945 3922
f 3521 3524 3774
f 3774 3524 3778
f 3864 3946 3625
f 3625 3946 3947
f 3773 3705 3649
f 3649 3705 3519
f 3779 3778 3758
f 3758 3778 3524
f 3812 3716 3736
f 3736 3716 3715
f 3624 3521 3777
f 3777 3521 3774
f 3703 3856 3704
f 3704 3856 3622
f 3900 3892 3899
f 3899 3892 3891
f 3641 3917 3642
f 3642 3917 3948
f 3895 3669 3882
f 3882 3669 3668
f 3855 3851 3852
f 3852 3851 3850
f 3894 458 3902
f 3902 458 447
f 3781 3887 3660
f 3660 3887 3870
f 3570 3566 3571
f 3571 3566 3567
f 3950 3576 3949
f 3949 3576 3587
f 3605 3602 3614
f 3614 3602 3612
f 3614 3612 3570
f 3570 3612 3566
f 3571 3567 3656
f 3656 3567 3654
f 3660 3658 3781
f 3781 3658 3657
f 3604 3607 3587
f 3587 3607 3949
f 3653 3659 3654
f 3654 3659 3656
f 3529 3540 3530
f 3530 3540 3740
f 3687 3811 3688
f 3688 3811 3664
f 3813 3725 3737
f 3737 3725 3724
f 3919 3815 461
f 461 3815 303
f 3818 3798 3819
f 3819 3798 3797
f 3819 3841 3820
f 3820 3841 3951
f 3816 3815 3738
f 3738 3815 3814
f 3540 3539 3533
f 3533 3539 3549
f 3548 3547 3544
f 3544 3547 3541
f 3539 3548 3549
f 3549 3548 3544
f 3741 3931 3860
f 3860 3931 3846
f 3801 3800 3835
f 3835 3800 3836
f 3934 3933 3824
f 3824 3933 3821
f 3825 3828 3546
f 3546 3828 3547
f 3833 3821 3925
f 3925 3821 3933
f 3800 3828 3836
f 3836 3828 3825
f 3824 3952 3934
f 3934 3952 440
f 3860 3846 3861
f 3861 3846 3845
f 3629 3946 3630
f 3630 3946 3864
f 3740 3536 3861
f 3861 3536 3858
f 3833 3801 3834
f 3834 3801 3835
f 3583 3599 3580
f 3580 3599 3585
f 3651 3563 3652
f 3652 3563 3562
f 3758 3909 3779
f 3779 3909 3780
f 3621 3617 3622
f 3622 3617 3704
f 3625 3947 3626
f 3626 3947 3753
f 3633 3632 3847
f 3847 3632 3862
f 3852 3850 3640
f 3640 3850 3641
f 3644 3853 3640
f 3640 3853 3852
f 3859 3742 3860
f 3860 3742 3741
f 3632 3627 3862
f 3862 3627 3844
f 3755 3863 3626
f 3626 3863 3623
f 3917 3638 3948
f 3948 3638 3637
f 3644 3643 3742
f 3742 3643 3743
f 3931 3633 3846
f 3846 3633 3847
f 3625 3624 3864
f 3864 3624 3777
f 3917 3641 3849
f 3849 3641 3850
f 3744 3932 3741
f 3741 3932 3931
f 3903 446 3918
f 3918 446 464
f 3953 3954 3956
f 3956 3954 3955
f 3958 3959 3957
f 3957 3959 3960
f 3876 3958 3877
f 3877 3958 3957
f 3877 3957 3961
f 3961 3957 3962
f 3963 3964 3958
f 3958 3964 3959
f 3965 3966 3876
f 3876 3966 3958
f 3966 3963 3958
f 3966 3967 3963
f 3963 3967 3968
f 3878 3877 3879
f 3879 3877 3961
f 3967 3969 3968
f 3968 3969 3970
f 3969 3971 3970
f 3970 3971 3972
f 3974 3904 3973
f 3973 3904 3907
f 3971 3975 3972
f 3972 3975 3976
f 3976 3975 3978
f 3978 3975 3977
f 3979 3980 3977
f 3977 3980 3978
f 3981 3982 3979
f 3979 3982 3980
f 3983 3984 3981
f 3981 3984 3982
f 3972 3985 3970
f 3970 3985 3986
f 3871 3987 3969
f 3969 3987 3971
f 3872 3871 3967
f 3967 3871 3969
f 3965 3872 3966
f 3966 3872 3967
f 3970 3986 3968
f 3968 3986 3988
f 3879 3961 3884
f 3884 3961 3940
f 3884 3940 3885
f 3885 3940 3939
f 3989 3990 3992
f 3992 3990 3991
f 3942 3993 3995
f 3995 3993 3994
f 3994 3996 3995
f 3995 3996 3974
f 3997 3998 3994
f 3994 3998 3996
f 3999 3997 3993
f 3993 3997 3994
f 4001 3996 4000
f 4000 3996 3998
f 4000 3998 4002
f 4002 3998 4003
f 4004 4003 3997
f 3997 4003 3998
f 3997 3999 4004
f 4004 3999 4005
f 4006 3995 3973
f 3973 3995 3974
f 3939 3942 4006
f 4006 3942 3995
f 3906 3887 3907
f 3907 3887 3886
f 3887 3906 3870
f 3870 3906 3867
f 3908 3973 3886
f 3886 3973 3907
f 3865 4007 3866
f 3866 4007 4008
f 3984 3983 4009
f 4009 3983 4010
f 3961 3962 3940
f 3940 3962 3941
f 4012 3868 4011
f 4011 3868 3867
f 4013 3975 3987
f 3987 3975 3971
f 4014 3977 4013
f 4013 3977 3975
f 4015 4010 4007
f 4007 4010 3983
f 4007 3983 4008
f 4008 3983 3981
f 4008 3981 4016
f 4016 3981 3979
f 4017 3984 4018
f 4018 3984 4009
f 3977 4014 3979
f 3979 4014 4016
f 3982 3984 4019
f 4019 3984 4017
f 4021 4022 4020
f 4020 4022 4023
f 4022 4012 4023
f 4023 4012 4011
f 4023 3904 4020
f 4020 3904 3974
f 4024 4025 4018
f 4018 4025 4017
f 4026 4027 4024
f 4024 4027 4025
f 4028 4026 4029
f 4029 4026 4024
f 4018 4021 4024
f 4024 4021 4029
f 4030 4031 4026
f 4026 4031 4027
f 4032 4030 4028
f 4028 4030 4026
f 4029 4001 4028
f 4028 4001 4000
f 4028 4000 4032
f 4032 4000 4002
f 4034 4035 4033
f 4033 4035 4036
f 4037 4038 4019
f 4019 4038 4039
f 4041 4039 4040
f 4040 4039 4038
f 4040 4038 4042
f 4042 4038 4036
f 4042 4036 4043
f 4043 4036 4035
f 3985 4044 4046
f 4046 4044 4045
f 4047 4048 4045
f 4045 4048 4046
f 4047 4049 4048
f 4048 4049 4050
f 4042 4047 4040
f 4040 4047 4045
f 4043 4049 4042
f 4042 4049 4047
f 4040 4045 4041
f 4041 4045 4044
f 4052 3959 4051
f 4051 3959 3964
f 4053 4054 4051
f 4051 4054 4055
f 3956 3960 4052
f 4052 3960 3959
f 3953 3956 4056
f 4056 3956 4052
f 4058 3953 4057
f 4057 3953 4056
f 4060 4061 4059
f 4059 4061 4062
f 4063 4064 4054
f 4054 4064 4057
f 4054 4053 4063
f 4063 4053 4065
f 4066 4067 4069
f 4069 4067 4068
f 4048 4050 4063
f 4063 4050 4064
f 4063 4065 4048
f 4048 4065 4046
f 3985 4046 3986
f 3986 4046 4065
f 3986 4065 3988
f 3988 4065 4053
f 3988 4053 3964
f 3964 4053 4051
f 3976 3978 4044
f 4044 3978 4041
f 3980 3982 4039
f 4039 3982 4019
f 4039 4041 3980
f 3980 4041 3978
f 3973 3908 4006
f 4006 3908 3896
f 3885 3939 3896
f 3896 3939 4006
f 4031 4034 4027
f 4027 4034 4033
f 4027 4033 4025
f 4025 4033 4037
f 4019 4017 4037
f 4037 4017 4025
f 3993 3942 4070
f 4070 3942 3941
f 3999 3993 4071
f 4071 3993 4070
f 3999 4071 4005
f 4005 4071 4072
f 4073 4074 4076
f 4076 4074 4075
f 4078 4079 4077
f 4077 4079 4080
f 4082 4080 4081
f 4081 4080 4079
f 4084 4085 4083
f 4083 4085 4086
f 4087 4088 4090
f 4090 4088 4089
f 4092 4093 4091
f 4091 4093 4094
f 4096 4097 4095
f 4095 4097 4098
f 4100 4101 4099
f 4099 4101 4102
f 4103 4104 4106
f 4106 4104 4105
f 4108 4109 4107
f 4107 4109 4110
f 4112 4113 4111
f 4111 4113 4114
f 4116 4117 4115
f 4115 4117 4118
f 4120 4121 4119
f 4119 4121 4122
f 4123 4124 4126
f 4126 4124 4125
f 4127 4128 4130
f 4130 4128 4129
f 4132 4133 4131
f 4131 4133 4134
f 4136 4108 4135
f 4135 4108 4107
f 4138 4139 4137
f 4137 4139 4140
f 4141 4142 4088
f 4088 4142 4089
f 4144 4145 4143
f 4143 4145 4146
f 4148 4149 4147
f 4147 4149 4150
f 4152 4153 4151
f 4151 4153 4154
f 4156 4082 4155
f 4155 4082 4081
f 4157 4158 4160
f 4160 4158 4159
f 4161 4162 4164
f 4164 4162 4163
f 4166 4122 4165
f 4165 4122 4121
f 4168 4152 4167
f 4167 4152 4151
f 4169 4170 4172
f 4172 4170 4171
f 4174 4175 4173
f 4173 4175 4176
f 4178 4149 4177
f 4177 4149 4179
f 4173 4176 4180
f 4180 4176 4181
f 4156 4085 4182
f 4182 4085 4183
f 4182 4184 4156
f 4156 4184 4082
f 4185 4186 4184
f 4184 4186 4187
f 4186 4188 4187
f 4187 4188 4189
f 4190 4191 4073
f 4073 4191 4074
f 4177 4179 4158
f 4158 4179 4159
f 4193 4127 4192
f 4192 4127 4130
f 4144 4194 4151
f 4151 4194 4167
f 4196 4197 4195
f 4195 4197 4198
f 4095 4199 4096
f 4096 4199 4200
f 4201 4202 4204
f 4204 4202 4203
f 4205 4206 4208
f 4208 4206 4207
f 4121 4120 4209
f 4209 4120 4210
f 4212 4213 4211
f 4211 4213 4214
f 4216 4217 4215
f 4215 4217 4218
f 4220 4221 4219
f 4219 4221 4222
f 4224 4196 4223
f 4223 4196 4195
f 4225 4226 4134
f 4134 4226 4131
f 4228 4229 4227
f 4227 4229 4230
f 4232 4233 4231
f 4231 4233 4098
f 4235 4236 4234
f 4234 4236 4237
f 4239 4240 4238
f 4238 4240 4241
f 4242 4243 4245
f 4245 4243 4244
f 4246 4247 4249
f 4249 4247 4248
f 4251 4252 4250
f 4250 4252 4253
f 4255 4256 4254
f 4254 4256 4257
f 4259 4260 4258
f 4258 4260 4261
f 4263 4264 4262
f 4262 4264 4265
f 4267 4268 4266
f 4266 4268 4269
f 4271 4199 4270
f 4270 4199 4272
f 4273 4274 4276
f 4276 4274 4275
f 4115 4118 4277
f 4277 4118 4278
f 4280 4281 4279
f 4279 4281 4282
f 4211 4283 4212
f 4212 4283 4284
f 4286 4287 4285
f 4285 4287 4288
f 4165 4121 4289
f 4289 4121 4209
f 4291 4286 4290
f 4290 4286 4285
f 4293 4294 4292
f 4292 4294 4295
f 4297 4298 4296
f 4296 4298 4299
f 4301 4302 4300
f 4300 4302 4303
f 4299 4304 4296
f 4296 4304 4305
f 4306 4292 4307
f 4307 4292 4295
f 4307 4308 4306
f 4306 4308 4309
f 4310 4309 4075
f 4075 4309 4308
f 4299 4298 4312
f 4312 4298 4311
f 4302 4301 4293
f 4293 4301 4294
f 3735 3921 4313
f 4313 3921 4314
f 4315 4314 3922
f 3922 4314 3921
f 4316 3945 829
f 829 3945 830
f 4289 4317 4165
f 4165 4317 4318
f 4320 4321 4319
f 4319 4321 4322
f 4324 4325 4323
f 4323 4325 4326
f 4327 4328 4330
f 4330 4328 4329
f 4290 4331 4291
f 4291 4331 4332
f 4165 4318 4166
f 4166 4318 4333
f 4334 4335 4337
f 4337 4335 4336
f 4339 4340 4338
f 4338 4340 4341
f 4168 4343 4342
f 4342 4343 4344
f 4346 4347 4345
f 4345 4347 4348
f 4350 4351 4349
f 4349 4351 4352
f 4354 4355 4353
f 4353 4355 4356
f 4357 4358 4324
f 4324 4358 4325
f 4337 4359 4334
f 4334 4359 4360
f 4362 4363 4361
f 4361 4363 4364
f 4366 4367 4365
f 4365 4367 4368
f 4369 4370 4372
f 4372 4370 4371
f 4331 4290 4374
f 4374 4290 4373
f 4373 4376 4375
f 4375 4376 4377
f 4379 4380 4378
f 4378 4380 4381
f 4217 4382 4218
f 4218 4382 4383
f 4385 4386 4384
f 4384 4386 4387
f 4388 4389 4338
f 4338 4389 4390
f 4337 4336 4392
f 4392 4336 4391
f 4394 4362 4393
f 4393 4362 4361
f 4396 4397 4395
f 4395 4397 4398
f 4400 4401 4399
f 4399 4401 4402
f 4345 4403 4346
f 4346 4403 4404
f 4405 4406 4342
f 4342 4406 4407
f 4409 4410 4408
f 4408 4410 4411
f 4408 4412 4409
f 4409 4412 4413
f 4181 4415 4414
f 4414 4415 4416
f 4182 4183 4417
f 4417 4183 4418
f 4419 4353 4311
f 4311 4353 4312
f 4421 4422 4420
f 4420 4422 4423
f 4353 4356 4312
f 4312 4356 4424
f 4166 4333 4425
f 4425 4333 4426
f 4425 4143 4166
f 4166 4143 4122
f 4427 4107 4428
f 4428 4107 4110
f 4429 4430 4174
f 4174 4430 4175
f 4335 4431 4336
f 4336 4431 4390
f 4336 4390 4391
f 4391 4390 4389
f 4432 4433 4435
f 4435 4433 4434
f 4437 4438 4436
f 4436 4438 4439
f 4441 4442 4440
f 4440 4442 4443
f 4359 4444 4361
f 4361 4444 4393
f 4446 4447 4445
f 4445 4447 4448
f 4338 4341 4388
f 4388 4341 4449
f 4450 4451 4398
f 4398 4451 4395
f 4453 4454 4452
f 4452 4454 4455
f 4457 4458 4456
f 4456 4458 4459
f 4460 4461 4448
f 4448 4461 4445
f 4463 4464 4462
f 4462 4464 4465
f 4462 4465 4466
f 4466 4465 4467
f 4468 4469 4467
f 4467 4469 4466
f 4469 4468 4470
f 4470 4468 4471
f 4472 4473 4471
f 4471 4473 4470
f 4475 4476 4474
f 4474 4476 4477
f 4479 4480 4478
f 4478 4480 4481
f 4483 4484 4482
f 4482 4484 4485
f 4487 4488 4486
f 4486 4488 4489
f 4491 4492 4490
f 4490 4492 4493
f 4494 4495 4493
f 4493 4495 4490
f 4496 4497 4494
f 4494 4497 4495
f 4497 4496 4498
f 4498 4496 4499
f 4500 4501 4503
f 4503 4501 4502
f 4505 4506 4504
f 4504 4506 4507
f 4466 4508 4462
f 4462 4508 4509
f 4470 4510 4469
f 4469 4510 4511
f 4513 4479 4512
f 4512 4479 4478
f 4515 4443 4514
f 4514 4443 4442
f 4516 4517 4519
f 4519 4517 4518
f 4521 4495 4520
f 4520 4495 4497
f 4522 4490 4521
f 4521 4490 4495
f 4491 4523 4488
f 4488 4523 4524
f 4525 4489 4524
f 4524 4489 4488
f 4484 4526 4485
f 4485 4526 4527
f 4503 4528 4500
f 4500 4528 4529
f 4530 4531 4533
f 4533 4531 4532
f 4535 4506 4534
f 4534 4506 4530
f 4486 4536 4487
f 4487 4536 4537
f 4487 4537 4492
f 4492 4537 4538
f 4494 4539 4496
f 4496 4539 4540
f 4542 4533 4541
f 4541 4533 4499
f 4544 4545 4543
f 4543 4545 4546
f 4548 4549 4547
f 4547 4549 4550
f 4536 4551 4537
f 4537 4551 4552
f 4537 4552 4538
f 4538 4552 4553
f 4554 4539 4556
f 4556 4539 4555
f 4557 4540 4554
f 4554 4540 4539
f 4559 4557 4558
f 4558 4557 4560
f 4540 4557 4541
f 4541 4557 4559
f 4562 4563 4561
f 4561 4563 4564
f 4546 4565 4543
f 4543 4565 4566
f 4547 4567 4548
f 4548 4567 4568
f 4570 4571 4569
f 4569 4571 4572
f 4574 4575 4573
f 4573 4575 4576
f 4578 4579 4577
f 4577 4579 4580
f 4582 4583 4581
f 4581 4583 4584
f 4585 4586 4588
f 4588 4586 4587
f 4589 4585 4590
f 4590 4585 4588
f 4592 4593 4591
f 4591 4593 4594
f 4596 4597 4595
f 4595 4597 4598
f 4600 4601 4599
f 4599 4601 4602
f 4563 4604 4603
f 4603 4604 4605
f 4603 4606 4608
f 4608 4606 4607
f 4609 4610 4594
f 4594 4610 4591
f 4611 4612 4614
f 4614 4612 4613
f 4616 4617 4615
f 4615 4617 4618
f 4602 4620 4619
f 4619 4620 4621
f 4619 4622 4602
f 4602 4622 4599
f 4605 4599 4623
f 4623 4599 4622
f 4605 4623 4603
f 4603 4623 4606
f 4625 4626 4624
f 4624 4626 4627
f 4438 4437 4628
f 4628 4437 4629
f 4442 4441 4630
f 4630 4441 4631
f 4630 4632 4442
f 4442 4632 4514
f 4633 4634 4529
f 4529 4634 4500
f 4500 4634 4501
f 4501 4634 4635
f 4637 4546 4636
f 4636 4546 4545
f 4639 4565 4638
f 4638 4565 4640
f 4573 4576 4641
f 4641 4576 4642
f 4593 4643 4594
f 4594 4643 4644
f 4645 4609 4644
f 4644 4609 4594
f 4647 4648 4646
f 4646 4648 4649
f 4651 4652 4650
f 4650 4652 4653
f 4654 4498 4519
f 4519 4498 4532
f 4520 4508 4521
f 4521 4508 4511
f 4522 4510 4523
f 4523 4510 4655
f 4524 4656 4525
f 4525 4656 4657
f 4514 4529 4515
f 4515 4529 4528
f 4658 4659 4661
f 4661 4659 4660
f 4496 4540 4499
f 4499 4540 4541
f 4493 4555 4494
f 4494 4555 4539
f 4549 4483 4550
f 4550 4483 4482
f 4545 4544 4501
f 4501 4544 4502
f 4636 4545 4635
f 4635 4545 4501
f 4589 4663 4662
f 4662 4663 4664
f 4662 4665 4558
f 4558 4665 4559
f 4569 4586 4570
f 4570 4586 4560
f 4552 4666 4553
f 4553 4666 4667
f 4668 4669 4670
f 4670 4669 4666
f 4672 4673 4671
f 4671 4673 4674
f 4287 4675 4288
f 4288 4675 4676
f 4678 4679 4677
f 4677 4679 4680
f 4681 4678 4682
f 4682 4678 4677
f 4682 4683 4681
f 4681 4683 4684
f 4161 4164 4685
f 4685 4164 4686
f 4414 4687 4689
f 4689 4687 4688
f 4405 4690 4346
f 4346 4690 4347
f 4691 4399 4693
f 4693 4399 4692
f 1209 4694 4365
f 4365 4694 4366
f 4650 1211 4651
f 4651 1211 1210
f 4695 4696 4255
f 4255 4696 4256
f 4697 4698 4218
f 4218 4698 4215
f 4700 4701 4699
f 4699 4701 4702
f 4703 4704 4303
f 4303 4704 4300
f 4315 3922 4316
f 4316 3922 3945
f 4653 4706 4705
f 4705 4706 4707
f 4709 4710 4708
f 4708 4710 4711
f 4335 4334 4713
f 4713 4334 4712
f 4714 4340 4321
f 4321 4340 4322
f 4716 4717 4715
f 4715 4717 4718
f 4238 4241 4719
f 4719 4241 4720
f 4231 4721 4307
f 4307 4721 4308
f 4723 4724 4722
f 4722 4724 4725
f 4727 4728 4726
f 4726 4728 4729
f 4730 4731 4327
f 4327 4731 4328
f 4733 4734 4732
f 4732 4734 4735
f 4720 4381 4736
f 4736 4381 4737
f 4738 4739 4741
f 4741 4739 4740
f 4743 4744 4742
f 4742 4744 4745
f 4338 4390 4339
f 4339 4390 4431
f 4746 4747 4431
f 4431 4747 4339
f 4291 4332 4289
f 4289 4332 4317
f 4289 4209 4291
f 4291 4209 4286
f 4287 4286 4210
f 4210 4286 4209
f 4749 4750 4748
f 4748 4750 4751
f 4212 4284 4752
f 4752 4284 4753
f 4752 4754 4212
f 4212 4754 4213
f 4252 4251 4225
f 4225 4251 4226
f 4227 4230 4248
f 4248 4230 4249
f 4205 4755 4757
f 4757 4755 4756
f 4708 4711 4758
f 4758 4711 4647
f 4367 4366 4759
f 4759 4366 4760
f 4526 4513 4527
f 4527 4513 4512
f 4420 4423 4385
f 4385 4423 4386
f 4705 4761 4653
f 4653 4761 4650
f 4761 1279 4650
f 4650 1279 1211
f 4762 4763 3944
f 3944 4763 3936
f 4274 4273 4765
f 4765 4273 4764
f 4767 4768 4766
f 4766 4768 4769
f 4770 4771 4769
f 4769 4771 4766
f 4771 4770 4242
f 4242 4770 4243
f 4093 4163 4094
f 4094 4163 4162
f 4772 4773 4775
f 4775 4773 4774
f 4777 4778 4776
f 4776 4778 4779
f 4417 4185 4182
f 4182 4185 4184
f 4780 4078 4781
f 4781 4078 4077
f 4781 4077 4782
f 4782 4077 4189
f 4188 4783 4189
f 4189 4783 4782
f 4295 4232 4307
f 4307 4232 4231
f 4785 4786 4784
f 4784 4786 4787
f 4784 1307 4785
f 4785 1307 1306
f 4078 4780 4096
f 4096 4780 4097
f 4075 4074 4310
f 4310 4074 4788
f 4788 4074 4789
f 4789 4074 4191
f 4789 4191 4059
f 4059 4191 4790
f 4791 4277 4792
f 4792 4277 4278
f 3732 3735 4793
f 4793 3735 4313
f 4793 4794 3732
f 3732 4794 3731
f 4792 4795 4791
f 4791 4795 4796
f 4797 4798 4799
f 4799 4798 4724
f 4763 4800 3936
f 3936 4800 3935
f 4801 4062 3729
f 3729 4062 3730
f 4713 4712 4802
f 4802 4712 4803
f 4146 4804 4119
f 4119 4804 4805
f 4498 4654 4497
f 4497 4654 4520
f 4806 4807 1326
f 1326 4807 1327
f 4689 4688 1330
f 1330 4688 1331
f 4801 4789 4062
f 4062 4789 4059
f 3730 4062 4808
f 4808 4062 4061
f 4810 4811 4809
f 4809 4811 4812
f 4813 4403 4814
f 4814 4403 4345
f 4815 4816 4349
f 4349 4816 4350
f 4817 4818 4820
f 4820 4818 4819
f 4406 4821 4407
f 4407 4821 4822
f 4823 4161 4824
f 4824 4161 4685
f 4181 4414 4825
f 4825 4414 4689
f 4741 4740 4826
f 4826 4740 4827
f 4828 4829 4827
f 4827 4829 4826
f 4142 4141 4415
f 4415 4141 4148
f 4830 1354 4761
f 4761 1354 1279
f 4832 4833 4831
f 4831 4833 4834
f 4835 4836 4626
f 4626 4836 4421
f 4451 4709 4395
f 4395 4709 4708
f 4627 4420 4837
f 4837 4420 4385
f 4837 1365 4838
f 4838 1365 1364
f 4397 4396 4839
f 4839 4396 4840
f 4842 4628 4841
f 4841 4628 4629
f 4671 4674 4631
f 4631 4674 4630
f 4674 4659 4630
f 4630 4659 4632
f 4633 4632 4658
f 4658 4632 4659
f 4658 4504 4633
f 4633 4504 4634
f 4635 4634 4507
f 4507 4634 4504
f 4843 4636 4507
f 4507 4636 4635
f 4844 4637 4843
f 4843 4637 4636
f 4637 4844 4640
f 4640 4844 4664
f 4638 4663 4642
f 4642 4663 4845
f 4847 4643 4846
f 4846 4643 4641
f 4644 4848 4645
f 4645 4848 4849
f 4851 4852 4850
f 4850 4852 4853
f 4855 4856 4854
f 4854 4856 4857
f 4859 4860 4858
f 4858 4860 4857
f 4715 4718 4859
f 4859 4718 4860
f 4862 4863 4861
f 4861 4863 4864
f 4866 4867 4865
f 4865 4867 4868
f 4870 4871 4869
f 4869 4871 4872
f 4869 4872 4116
f 4116 4872 4117
f 4820 4819 4874
f 4874 4819 4873
f 4876 4877 4875
f 4875 4877 4878
f 4880 4881 4879
f 4879 4881 4882
f 4884 4885 4883
f 4883 4885 4886
f 4887 4888 4280
f 4280 4888 4281
f 4818 4817 4889
f 4889 4817 4890
f 4891 4193 4823
f 4823 4193 4192
f 4892 4893 4228
f 4228 4893 4229
f 4158 4157 4894
f 4894 4157 4895
f 4896 4897 4132
f 4132 4897 4133
f 4099 4683 4100
f 4100 4683 4682
f 4101 4100 4899
f 4899 4100 4898
f 4150 4106 4147
f 4147 4106 4900
f 4100 4682 4898
f 4898 4682 4677
f 4080 4082 4187
f 4187 4082 4184
f 4077 4080 4189
f 4189 4080 4187
f 4191 4190 4790
f 4790 4190 4901
f 4177 4158 4680
f 4680 4158 4894
f 4108 4136 4752
f 4752 4136 4754
f 4752 4753 4108
f 4108 4753 4109
f 4817 4902 4890
f 4890 4902 4903
f 4904 4905 4907
f 4907 4905 4906
f 4909 4910 4908
f 4908 4910 4911
f 4913 4914 4912
f 4912 4914 4915
f 4916 4917 4919
f 4919 4917 4918
f 4312 4424 4299
f 4299 4424 4304
f 4920 4921 4297
f 4297 4921 4298
f 4194 4922 4167
f 4167 4922 4923
f 4924 4400 4691
f 4691 4400 4399
f 4395 4708 4396
f 4396 4708 4758
f 4367 4925 4368
f 4368 4925 4926
f 4919 4918 4873
f 4873 4918 4874
f 4836 4927 4421
f 4421 4927 4422
f 4921 4928 4298
f 4298 4928 4311
f 4143 4146 4122
f 4122 4146 4119
f 4929 4930 4455
f 4455 4930 4452
f 4932 4933 4931
f 4931 4933 4934
f 4935 4936 4932
f 4932 4936 4933
f 4461 4460 4457
f 4457 4460 4458
f 4480 4479 4475
f 4475 4479 4476
f 4660 4673 4517
f 4517 4673 4937
f 4661 4505 4658
f 4658 4505 4504
f 4484 4483 4489
f 4489 4483 4486
f 4462 4509 4463
f 4463 4509 4518
f 4469 4511 4466
f 4466 4511 4508
f 4655 4473 4656
f 4656 4473 4477
f 4476 4657 4477
f 4477 4657 4656
f 4479 4513 4476
f 4476 4513 4657
f 4489 4525 4484
f 4484 4525 4526
f 4483 4549 4486
f 4486 4549 4536
f 4549 4548 4536
f 4536 4548 4551
f 4548 4568 4551
f 4551 4568 4670
f 4663 4589 4845
f 4845 4589 4590
f 4668 4577 4938
f 4938 4577 4580
f 4940 4938 4939
f 4939 4938 4941
f 4940 4942 4669
f 4669 4942 4943
f 4587 4582 4944
f 4944 4582 4581
f 4848 4847 4608
f 4608 4847 4564
f 4616 4945 4613
f 4613 4945 4598
f 4615 4946 4616
f 4616 4946 4945
f 4947 4939 4948
f 4948 4939 4946
f 4599 4605 4600
f 4600 4605 4604
f 4608 4607 4848
f 4848 4607 4849
f 4613 4612 4616
f 4616 4612 4617
f 4835 4949 4709
f 4709 4949 4710
f 4357 1477 4837
f 4837 1477 1365
f 4712 4950 4803
f 4803 4950 4951
f 4401 4952 4402
f 4402 4952 4953
f 4759 4760 4402
f 4402 4760 4399
f 4508 4520 4509
f 4509 4520 4654
f 4510 4522 4511
f 4511 4522 4521
f 4513 4526 4657
f 4657 4526 4525
f 4632 4633 4514
f 4514 4633 4529
f 4931 4934 4453
f 4453 4934 4454
f 4153 4954 4154
f 4154 4954 4955
f 4957 4958 4956
f 4956 4958 4959
f 4961 4962 4960
f 4960 4962 4963
f 4120 4964 4210
f 4210 4964 4965
f 4967 4968 4966
f 4966 4968 4969
f 4349 4692 4815
f 4815 4692 4970
f 4652 4971 4653
f 4653 4971 4706
f 4758 4647 4972
f 4972 4647 4646
f 4973 4363 4646
f 4646 4363 4972
f 4950 4360 4974
f 4974 4360 4364
f 4431 4335 4746
f 4746 4335 4713
f 4358 4714 4325
f 4325 4714 4321
f 4765 4764 4266
f 4266 4764 4975
f 4202 4976 4203
f 4203 4976 4977
f 4917 4978 4918
f 4918 4978 4979
f 4279 4282 4854
f 4854 4282 4269
f 4820 4880 4817
f 4817 4880 4902
f 4890 4903 4980
f 4980 4903 4886
f 4982 4983 4981
f 4981 4983 4123
f 4795 4851 4796
f 4796 4851 4850
f 4918 4979 4874
f 4874 4979 4881
f 4809 4404 4810
f 4810 4404 4403
f 4354 4985 4984
f 4984 4985 4986
f 1364 1516 4838
f 4838 1516 4987
f 4759 4988 4367
f 4367 4988 4925
f 4989 4990 4481
f 4481 4990 4478
f 4443 4515 4990
f 4990 4515 4991
f 4527 4512 4992
f 4992 4512 4991
f 4528 4503 4992
f 4992 4503 4993
f 4993 4994 4485
f 4485 4994 4482
f 4544 4995 4502
f 4502 4995 4994
f 4995 4996 4550
f 4550 4996 4547
f 4998 4999 4997
f 4997 4999 4566
f 4998 5000 4578
f 4578 5000 4579
f 5001 5002 4596
f 4596 5002 4597
f 5003 4591 5004
f 5004 4591 4610
f 4626 4421 4627
f 4627 4421 4420
f 4837 4838 4627
f 4627 4838 4624
f 4761 4705 4830
f 4830 4705 5005
f 4705 4707 5005
f 5005 4707 5006
f 4308 4721 4075
f 4075 4721 4076
f 5007 4200 4797
f 4797 4200 4798
f 4685 4686 5008
f 5008 4686 5009
f 4889 4890 5010
f 5010 4890 4980
f 4323 1541 4324
f 4324 1541 1540
f 4385 4384 4358
f 4358 4384 4714
f 4396 4758 4840
f 4840 4758 4972
f 4866 4852 5011
f 5011 4852 5012
f 5013 4260 4980
f 4980 4260 5010
f 4875 4878 5014
f 5014 4878 5015
f 5017 5018 5016
f 5016 5018 5019
f 5016 5019 5020
f 5020 5019 5021
f 5023 5024 5022
f 5022 5024 5025
f 5027 5028 5026
f 5026 5028 5029
f 5031 5032 5030
f 5030 5032 5033
f 5035 5036 5034
f 5034 5036 5037
f 5039 5040 5038
f 5038 5040 5041
f 5043 5044 5042
f 5042 5044 5045
f 5038 5046 5039
f 5039 5046 5047
f 5049 5050 5048
f 5048 5050 5051
f 5053 5054 5052
f 5052 5054 5055
f 5057 5024 5056
f 5056 5024 5058
f 5060 5061 5059
f 5059 5061 5062
f 5064 5065 5063
f 5063 5065 5066
f 5043 5050 5064
f 5064 5050 5065
f 5038 5041 5067
f 5067 5041 5068
f 5070 5071 5069
f 5069 5071 5072
f 5074 5075 5073
f 5073 5075 5076
f 5034 5077 5035
f 5035 5077 5078
f 5080 5081 5079
f 5079 5081 5082
f 5084 5085 5083
f 5083 5085 5086
f 5085 5084 5087
f 5087 5084 5088
f 5090 5091 5089
f 5089 5091 5092
f 5094 5095 5093
f 5093 5095 5096
f 5098 5099 5097
f 5097 5099 5100
f 5102 5103 5101
f 5101 5103 5104
f 5105 5106 5108
f 5108 5106 5107
f 5110 5111 5109
f 5109 5111 5112
f 5114 5094 5113
f 5113 5094 5093
f 5116 5117 5115
f 5115 5117 5118
f 5120 5121 5119
f 5119 5121 5122
f 5124 5125 5123
f 5123 5125 5126
f 5128 5129 5127
f 5127 5129 5130
f 5097 5131 5098
f 5098 5131 5132
f 5134 5135 5133
f 5133 5135 5122
f 5084 5125 5088
f 5088 5125 5136
f 5138 5139 5137
f 5137 5139 5140
f 5142 5102 5141
f 5141 5102 5101
f 5106 5143 5107
f 5107 5143 5144
f 5146 5147 5145
f 5145 5147 5148
f 5149 5150 5109
f 5109 5150 5110
f 5151 5110 5152
f 5152 5110 5150
f 4715 5140 4716
f 4716 5140 5139
f 5143 4870 5144
f 5144 4870 4869
f 4115 5146 4116
f 4116 5146 5145
f 4791 4796 5149
f 5149 4796 5150
f 4796 4850 5150
f 5150 4850 5152
f 4858 5142 4859
f 4859 5142 5141
f 5153 5154 5115
f 5115 5154 5105
f 5156 5157 5155
f 5155 5157 5158
f 5159 5160 5053
f 5053 5160 5054
f 5161 5162 5020
f 5020 5162 5068
f 5026 5029 5163
f 5163 5029 5021
f 5083 5086 5164
f 5164 5086 5165
f 5090 5167 5166
f 5166 5167 5168
f 5169 5170 5172
f 5172 5170 5171
f 5174 5175 5173
f 5173 5175 5176
f 5177 5109 5178
f 5178 5109 5112
f 5179 5180 5182
f 5182 5180 5181
f 5123 5126 5120
f 5120 5126 5121
f 5180 5167 5181
f 5181 5167 5183
f 5184 5185 5179
f 5179 5185 5180
f 5186 5149 5177
f 5177 5149 5109
f 4868 5184 4865
f 4865 5184 5179
f 5188 5189 5187
f 5187 5189 5190
f 4277 4791 5186
f 5186 4791 5149
f 5179 5182 4865
f 4865 5182 4853
f 5189 4862 5190
f 5190 4862 4861
f 5156 5075 5191
f 5191 5075 5192
f 5036 5035 5193
f 5193 5035 5194
f 5115 5118 5153
f 5153 5118 5195
f 5022 5025 5196
f 5196 5025 5197
f 5155 5158 5069
f 5069 5158 5062
f 5063 5066 5198
f 5198 5066 5199
f 5073 5076 5200
f 5200 5076 5072
f 5202 5131 5201
f 5201 5131 5203
f 5143 5106 5204
f 5204 5106 5205
f 5114 5113 5206
f 5206 5113 5127
f 5098 5132 5193
f 5193 5132 5195
f 5204 5207 5143
f 5143 5207 4870
f 5088 5136 5208
f 5208 5136 5092
f 5209 5210 5089
f 5089 5210 5183
f 5211 5018 5060
f 5060 5018 5061
f 5017 5040 5070
f 5070 5040 5071
f 5191 5160 5156
f 5156 5160 5157
f 5048 5028 5049
f 5049 5028 5058
f 5207 5204 4858
f 4858 5204 5142
f 4859 5141 4715
f 4715 5141 5140
f 5212 5162 5042
f 5042 5162 5051
f 5182 5152 4853
f 4853 5152 4850
f 5214 5134 5213
f 5213 5134 5133
f 5164 5165 5133
f 5133 5165 5213
f 5215 5216 5201
f 5201 5216 5217
f 5147 5218 5148
f 5148 5218 5219
f 5147 5177 5218
f 5218 5177 5178
f 5141 5101 5140
f 5140 5101 5137
f 5201 5217 5202
f 5202 5217 5104
f 5146 5186 5147
f 5147 5186 5177
f 4277 5186 4115
f 4115 5186 5146
f 5191 5192 5031
f 5031 5192 5032
f 5052 5055 5220
f 5220 5055 5197
f 4116 5145 4869
f 4869 5145 5144
f 5034 5037 5214
f 5214 5037 5134
f 5097 5100 5114
f 5114 5100 5094
f 5108 5107 5219
f 5219 5107 5148
f 5221 5135 5116
f 5116 5135 5117
f 5124 5111 5209
f 5209 5111 5210
f 5107 5144 5148
f 5148 5144 5145
f 5152 5182 5151
f 5151 5182 5181
f 5208 5222 5088
f 5088 5222 5087
f 5222 5208 5171
f 5171 5208 5172
f 5223 1756 4698
f 4698 1756 1755
f 4427 5224 4107
f 4107 5224 4135
f 4178 4679 5225
f 5225 4679 5226
f 5227 5228 4892
f 4892 5228 4893
f 5229 5230 4171
f 4171 5230 4172
f 4855 4268 4884
f 4884 4268 4885
f 4884 4871 4855
f 4855 4871 4856
f 4684 5231 4896
f 4896 5231 4897
f 4768 4767 5009
f 5009 4767 5008
f 5205 5154 5102
f 5102 5154 5103
f 5099 5098 5194
f 5194 5098 5193
f 5198 5199 5079
f 5079 5199 5033
f 5102 5142 5205
f 5205 5142 5204
f 5224 4427 4681
f 4681 4427 4678
f 3712 3711 5232
f 5232 3711 5233
f 3968 3988 3963
f 3963 3988 3964
f 3976 4044 3972
f 3972 4044 3985
f 4038 4037 4036
f 4036 4037 4033
f 4794 4762 3731
f 3731 4762 3944
f 3731 3944 3722
f 3722 3944 3810
f 3874 5234 5232
f 5232 5234 3712
f 3906 3905 3867
f 3867 3905 4011
f 3904 4023 3905
f 3905 4023 4011
f 3719 3722 3811
f 3811 3722 3810
f 3812 3719 3687
f 3687 3719 3811
f 3716 3812 3686
f 3686 3812 3687
f 3713 3716 3685
f 3685 3716 3686
f 4810 4403 5235
f 5235 4403 4813
f 4345 1770 4814
f 4814 1770 1769
f 4067 4066 4058
f 4058 4066 5236
f 4043 4068 4049
f 4049 4068 4050
f 4034 5237 3989
f 3989 5237 3990
f 4031 4030 4072
f 4072 4030 4005
f 4003 4004 4002
f 4002 4004 4032
f 4004 4005 4032
f 4032 4005 4030
f 4067 4064 4068
f 4068 4064 4050
f 4058 4057 4067
f 4067 4057 4064
f 4035 4034 5238
f 5238 4034 3989
f 5236 5239 4058
f 4058 5239 5240
f 5234 3874 5241
f 5241 3874 3873
f 5241 3873 3881
f 3881 3873 3878
f 4800 4763 4788
f 4788 4763 4310
f 4763 4762 4310
f 4310 4762 4309
f 4762 4794 4309
f 4309 4794 4306
f 4794 4793 4306
f 4306 4793 4292
f 4293 4313 4302
f 4302 4313 4314
f 4302 4314 4303
f 4303 4314 4315
f 4303 4315 4703
f 4703 4315 4316
f 4035 4069 4043
f 4043 4069 4068
f 4324 1540 4357
f 4357 1540 1477
f 5232 3987 3874
f 3874 3987 3871
f 3987 5232 4013
f 4013 5232 5233
f 4013 5233 4014
f 4014 5233 5242
f 3888 4015 3865
f 3865 4015 4007
f 3866 4008 5243
f 5243 4008 4016
f 3873 5244 3878
f 3878 5244 3875
f 3965 5244 3872
f 3872 5244 3873
f 3876 3875 3965
f 3965 3875 5244
f 5243 4016 5242
f 5242 4016 4014
f 5246 5247 5245
f 5245 5247 5248
f 3576 3950 3577
f 3577 3950 3926
f 3584 3842 3585
f 3585 3842 3580
f 5249 5247 1784
f 1784 5247 1785
f 5250 5251 5253
f 5253 5251 5252
f 5255 5252 5254
f 5254 5252 5256
f 5254 5256 5258
f 5258 5256 5257
f 5258 5257 5260
f 5260 5257 5259
f 4356 5261 4424
f 4424 5261 5259
f 4355 5262 4356
f 4356 5262 5261
f 4924 5264 5263
f 5263 5264 5265
f 4693 5266 4691
f 4691 5266 5267
f 4351 5268 4352
f 4352 5268 5269
f 1808 1807 4351
f 4351 1807 5268
f 3580 3842 3581
f 3799 3802 3838
f 4800 4788 4801
f 4801 4788 4789
f 3729 3935 4801
f 4801 3935 4800
f 3728 3666 3729
f 3729 3666 3935
f 3728 3798 3666
f 3666 3798 3663
f 3798 3818 3663
f 3663 3818 3809
f 3818 3817 3809
f 3809 3817 3808
f 3796 3655 3817
f 3817 3655 3808
f 3615 3568 3796
f 3796 3568 3655
f 3573 3569 3615
f 3615 3569 3568
f 3572 3613 3573
f 3573 3613 3569
f 3792 3606 3572
f 3572 3606 3613
f 3607 3791 3949
f 3949 3791 3591
f 3590 3950 3591
f 3591 3950 3949
f 3805 3926 3590
f 3590 3926 3950
f 3804 3559 3805
f 3805 3559 3926
f 3804 3914 3559
f 3559 3914 3560
f 3924 3789 3913
f 3913 3789 3788
f 3924 3928 3789
f 3789 3928 3826
f 3928 3927 3826
f 3826 3927 3827
f 3927 3834 3827
f 3827 3834 3835
f 4079 4078 5270
f 5270 4078 5007
f 5271 5272 4233
f 4233 5272 5273
f 5275 5276 5274
f 5274 5276 5277
f 5278 5279 4236
f 4236 5279 4237
f 5278 5280 5271
f 5271 5280 5272
f 4235 5281 4236
f 4236 5281 5282
f 5284 5285 5283
f 5283 5285 5286
f 5288 5289 5287
f 5287 5289 5290
f 5292 5293 5291
f 5291 5293 5294
f 5287 5290 4726
f 4726 5290 5295
f 4293 4292 4313
f 4313 4292 4793
f 4720 4736 4719
f 4719 4736 5296
f 5297 4909 5298
f 5298 4909 4908
f 5299 5300 4976
f 4976 5300 5301
f 5302 4202 5303
f 5303 4202 4201
f 5304 5305 4983
f 4983 5305 5306
f 5308 5309 5307
f 5307 5309 5310
f 4722 4725 5283
f 5283 4725 5311
f 5291 5294 4125
f 4125 5294 4126
f 5313 5314 5312
f 5312 5314 5315
f 5316 5317 5319
f 5319 5317 5318
f 5321 5308 5320
f 5320 5308 5307
f 4819 4981 4873
f 4873 4981 5322
f 4981 4123 5322
f 5322 4123 4126
f 5324 5325 5323
f 5323 5325 5326
f 4764 5327 4975
f 4975 5327 5328
f 4172 5327 4169
f 4169 5327 5329
f 4768 4171 4769
f 4769 4171 4170
f 4243 4755 4244
f 4244 4755 5330
f 4755 4205 5330
f 5330 4205 4208
f 4206 4906 4207
f 4207 4906 4905
f 4686 5014 5009
f 5009 5014 5229
f 4756 4770 4170
f 4170 4770 4769
f 4170 4169 4756
f 4756 4169 4757
f 4273 5329 4764
f 4764 5329 5327
f 4276 5331 4273
f 4273 5331 5329
f 4770 4756 4243
f 4243 4756 4755
f 5333 4889 5332
f 5332 4889 5010
f 4877 5332 4878
f 4878 5332 4259
f 4875 4164 4876
f 4876 4164 4163
f 5334 5335 5324
f 5324 5335 5325
f 4983 5306 4123
f 4123 5306 4124
f 4818 4982 4819
f 4819 4982 4981
f 5332 5010 4259
f 4259 5010 4260
f 5014 4686 4875
f 4875 4686 4164
f 4171 4768 5229
f 5229 4768 5009
f 5337 4916 5336
f 5336 4916 4919
f 5293 5337 5294
f 5294 5337 5336
f 4982 4818 5333
f 5333 4818 4889
f 5338 5339 4262
f 4262 5339 5340
f 5307 5310 5338
f 5338 5310 5339
f 5341 5342 4204
f 4204 5342 5309
f 5336 4919 5322
f 5322 4919 4873
f 5294 5336 4126
f 4126 5336 5322
f 5323 5326 5343
f 5343 5326 5286
f 4914 5344 4915
f 4915 5344 5345
f 5312 5315 5344
f 5344 5315 5345
f 5347 5348 5346
f 5346 5348 5349
f 5350 5351 4832
f 4832 5351 4833
f 5352 5353 5349
f 5349 5353 5346
f 5354 5338 4265
f 4265 5338 4262
f 5320 5307 5354
f 5354 5307 5338
f 4201 5308 5303
f 5303 5308 5321
f 5356 5357 5355
f 5355 5357 4799
f 5358 5359 5334
f 5334 5359 5335
f 5358 5360 4093
f 4093 5360 4163
f 5360 5305 4163
f 4163 5305 4876
f 5305 5304 4876
f 4876 5304 4877
f 5270 4778 4079
f 4079 4778 4081
f 4779 5361 4774
f 4774 5361 5357
f 5356 5359 4775
f 4775 5359 4092
f 5333 5304 4982
f 4982 5304 4983
f 5332 4877 5333
f 5333 4877 5304
f 5015 4258 5230
f 5230 4258 5328
f 5327 4172 5328
f 5328 4172 5230
f 4169 5329 4757
f 4757 5329 5331
f 4757 5331 4205
f 4205 5331 4206
f 5331 4276 4206
f 4206 4276 4906
f 4276 4275 4906
f 4906 4275 4907
f 4275 4888 4907
f 4907 4888 4744
f 4887 4717 4745
f 4745 4717 4864
f 4716 5139 4861
f 4861 5139 5190
f 5139 5138 5190
f 5190 5138 5187
f 5138 5216 5187
f 5187 5216 5176
f 5215 5362 5173
f 5173 5362 5130
f 5364 5365 5363
f 5363 5365 5340
f 4742 4863 5366
f 5366 4863 4867
f 4862 5189 4868
f 4868 5189 5184
f 5189 5188 5184
f 5184 5188 5185
f 5188 5175 5185
f 5185 5175 5168
f 3560 3788 3561
f 3561 3788 3790
f 3596 3595 3608
f 3608 3595 3594
f 3598 3582 3595
f 3595 3582 3592
f 3600 3609 3601
f 3601 3609 3611
f 3602 3601 3612
f 3612 3601 3611
f 3606 3605 3613
f 3613 3605 3614
f 3793 5367 3794
f 3794 5367 5368
f 3598 3597 3600
f 3600 3597 3609
f 3793 3792 3575
f 3575 3792 3572
f 3561 3594 3558
f 3558 3594 3593
f 3807 3915 3804
f 3804 3915 3914
f 3916 3915 5370
f 5370 3915 5369
f 3602 3605 3603
f 3603 3605 3604
f 3606 3792 3607
f 3607 3792 3791
f 3914 3913 3560
f 3560 3913 3788
f 5174 5129 5166
f 5166 5129 5371
f 5170 5169 5093
f 5093 5169 5113
f 5166 5371 5090
f 5090 5371 5091
f 5128 5169 5372
f 5372 5169 5172
f 5127 5113 5128
f 5128 5113 5169
f 5114 5206 5203
f 5203 5206 5362
f 5200 5373 5073
f 5073 5373 5096
f 5374 5375 5200
f 5200 5375 5373
f 5039 5047 5374
f 5374 5047 5375
f 5087 5046 5085
f 5085 5046 5376
f 5212 5377 5067
f 5067 5377 5376
f 5042 5045 5212
f 5212 5045 5377
f 5064 5378 5043
f 5043 5378 5044
f 5063 5077 5064
f 5064 5077 5378
f 5079 5082 5198
f 5198 5082 5078
f 5099 5081 5100
f 5100 5081 5379
f 5100 5379 5094
f 5094 5379 5095
f 5381 5382 5380
f 5380 5382 5383
f 5385 5386 5384
f 5384 5386 5383
f 5385 5387 5386
f 5386 5387 5388
f 5390 5391 5389
f 5389 5391 5392
f 5393 5394 5396
f 5396 5394 5395
f 5398 5399 5397
f 5397 5399 5400
f 5402 5403 5401
f 5401 5403 5404
f 5406 5407 5405
f 5405 5407 5404
f 5408 5409 5163
f 5163 5409 5410
f 5411 5412 5414
f 5414 5412 5413
f 5057 5416 5415
f 5415 5416 5417
f 5393 5416 5418
f 5418 5416 5419
f 5396 5395 5420
f 5420 5395 5421
f 5423 5424 5422
f 5422 5424 5425
f 5415 5417 5220
f 5220 5417 5426
f 5418 5391 5393
f 5393 5391 5394
f 5414 5388 5411
f 5411 5388 5392
f 5059 5427 5060
f 5060 5427 5428
f 5423 5427 5429
f 5429 5427 5430
f 5432 5382 5431
f 5431 5382 5425
f 5429 5407 5423
f 5423 5407 5424
f 5380 5409 5381
f 5381 5409 5433
f 5381 5433 5422
f 5422 5433 5428
f 5027 5412 5056
f 5056 5412 5419
f 5435 5436 5434
f 5434 5436 5437
f 5159 5439 5438
f 5438 5439 5440
f 5053 5436 5159
f 5159 5436 5439
f 5441 5403 5398
f 5398 5403 5399
f 5163 5410 5026
f 5026 5410 5413
f 5438 5440 5442
f 5442 5440 5430
f 5444 5445 5443
f 5443 5445 5446
f 5447 5448 5450
f 5450 5448 5449
f 5451 5446 5452
f 5452 5446 5445
f 5454 5455 5453
f 5453 5455 5451
f 5456 5454 5458
f 5458 5454 5457
f 5460 5461 5459
f 5459 5461 5462
f 5464 5465 5463
f 5463 5465 5466
f 5468 5469 5467
f 5467 5469 5470
f 5472 5473 5471
f 5471 5473 5474
f 5475 5476 5478
f 5478 5476 5477
f 5479 5480 5482
f 5482 5480 5481
f 5483 5484 5448
f 5448 5484 5485
f 5448 5485 5449
f 5449 5485 5486
f 5487 5476 5488
f 5488 5476 5475
f 5490 5491 5489
f 5489 5491 5492
f 5494 5495 5493
f 5493 5495 5496
f 5498 5494 5497
f 5497 5494 5493
f 5500 5501 5499
f 5499 5501 5502
f 5503 5504 5446
f 5446 5504 5443
f 5506 5507 5505
f 5505 5507 5508
f 5510 5511 5509
f 5509 5511 5512
f 5514 5515 5513
f 5513 5515 5516
f 5518 5519 5517
f 5517 5519 5520
f 5495 5521 5496
f 5496 5521 5522
f 5524 5525 5523
f 5523 5525 5526
f 5527 5528 5494
f 5494 5528 5495
f 5499 5502 5529
f 5529 5502 5530
f 5531 5532 5485
f 5485 5532 5486
f 5485 5484 5531
f 5531 5484 5533
f 5482 5481 5534
f 5534 5481 5535
f 5536 5512 5506
f 5506 5512 5511
f 5455 5503 5451
f 5451 5503 5446
f 5467 5470 5511
f 5511 5470 5537
f 5538 5467 5510
f 5510 5467 5511
f 5540 5541 5539
f 5539 5541 5542
f 5543 5544 5546
f 5546 5544 5545
f 5548 5472 5547
f 5547 5472 5471
f 5493 5496 5549
f 5549 5496 5550
f 5496 5522 5550
f 5550 5522 5551
f 5553 5554 5552
f 5552 5554 5555
f 5557 5447 5556
f 5556 5447 5558
f 5557 5483 5447
f 5447 5483 5448
f 5478 5477 5553
f 5553 5477 5559
f 5477 5560 5559
f 5559 5560 5561
f 5476 5562 5477
f 5477 5562 5560
f 5476 5487 5562
f 5562 5487 5563
f 5560 5564 5561
f 5561 5564 5565
f 5564 5560 5566
f 5566 5560 5562
f 5563 5567 5562
f 5562 5567 5566
f 5569 5521 5568
f 5568 5521 5570
f 5481 5572 5571
f 5571 5572 5573
f 5574 5535 5571
f 5571 5535 5481
f 5576 5577 5575
f 5575 5577 5578
f 5579 5580 5456
f 5456 5580 5581
f 5475 5582 5488
f 5488 5582 5583
f 5584 5536 5505
f 5505 5536 5506
f 5585 5586 5588
f 5588 5586 5587
f 5590 5591 5589
f 5589 5591 5592
f 5519 5593 5520
f 5520 5593 5594
f 5595 5596 5462
f 5462 5596 5597
f 5599 5600 5598
f 5598 5600 5514
f 5602 5603 5601
f 5601 5603 5604
f 5524 5543 5525
f 5525 5543 5546
f 5543 5524 5606
f 5606 5524 5605
f 5607 5608 5500
f 5500 5608 5501
f 5610 5551 5609
f 5609 5551 5522
f 5611 5510 5598
f 5598 5510 5509
f 5612 5597 5457
f 5457 5597 5458
f 5510 5611 5538
f 5538 5611 5613
f 5580 5508 5581
f 5581 5508 5507
f 5615 5616 5614
f 5614 5616 5617
f 5619 5620 5618
f 5618 5620 5621
f 5623 5624 5622
f 5622 5624 5625
f 5627 5624 5626
f 5626 5624 5623
f 5629 5630 5628
f 5628 5630 5631
f 5633 5634 5632
f 5632 5634 5466
f 5635 5636 5463
f 5463 5636 5637
f 5523 5638 5524
f 5524 5638 5605
f 5639 5640 5641
f 5641 5640 5595
f 5611 5513 5613
f 5613 5513 5642
f 5643 5586 5608
f 5608 5586 5501
f 5622 5625 5590
f 5590 5625 5591
f 5598 5514 5611
f 5611 5514 5513
f 5645 5646 5644
f 5644 5646 5647
f 5620 5619 5491
f 5491 5619 5648
f 5649 5643 5492
f 5492 5643 5608
f 5650 5651 5653
f 5653 5651 5652
f 5463 5466 5635
f 5635 5466 5634
f 5597 5612 5462
f 5462 5612 5459
f 5635 5634 5523
f 5523 5634 5638
f 5654 5638 5633
f 5633 5638 5634
f 5655 5656 5525
f 5525 5656 5526
f 5658 5659 5657
f 5657 5659 5527
f 5660 5464 5637
f 5637 5464 5463
f 5632 5466 5661
f 5661 5466 5465
f 5661 5662 5632
f 5632 5662 5658
f 5662 5663 5658
f 5658 5663 5659
f 5665 5659 5664
f 5664 5659 5663
f 5632 5658 5633
f 5633 5658 5657
f 5666 5629 5530
f 5530 5629 5667
f 5528 5527 5665
f 5665 5527 5659
f 5668 5669 5570
f 5570 5669 5568
f 5669 5668 5670
f 5670 5668 5671
f 5646 5672 5673
f 5672 5674 5673
f 5673 5674 5675
f 5674 5460 5675
f 5675 5460 5459
f 5461 5676 5462
f 5462 5676 5595
f 5677 5678 5680
f 5680 5678 5679
f 5628 5681 5629
f 5629 5681 5667
f 5682 5529 5667
f 5667 5529 5530
f 5675 5459 5683
f 5683 5459 5612
f 5585 5666 5502
f 5502 5666 5530
f 5589 5684 5602
f 5602 5684 5603
f 5646 5645 5663
f 5663 5645 5664
f 5685 5647 5673
f 5673 5647 5646
f 5686 5687 5683
f 5683 5687 5685
f 5688 5689 5533
f 5533 5689 5531
f 5690 5691 5535
f 5535 5691 5534
f 5692 5690 5574
f 5574 5690 5535
f 5685 5687 5689
f 5689 5687 5693
f 5489 5694 5490
f 5490 5694 5695
f 5690 5692 5696
f 5696 5692 5697
f 5696 5644 5690
f 5690 5644 5691
f 5447 5450 5558
f 5558 5450 5698
f 5699 5700 5642
f 5642 5700 5613
f 5701 5702 5540
f 5540 5702 5541
f 5431 5703 5432
f 5432 5703 5697
f 5385 5384 5574
f 5574 5384 5692
f 5389 5387 5573
f 5573 5387 5571
f 5565 5390 5573
f 5573 5390 5389
f 5390 5565 5704
f 5704 5565 5564
f 5566 5705 5564
f 5564 5705 5704
f 5569 5441 5609
f 5609 5441 5398
f 5568 5405 5569
f 5569 5405 5441
f 5670 5706 5669
f 5669 5706 5406
f 5703 5431 5670
f 5670 5431 5706
f 5432 5697 5384
f 5384 5697 5692
f 5574 5571 5385
f 5385 5571 5387
f 5607 5707 5489
f 5489 5707 5694
f 5518 5708 5519
f 5519 5708 5709
f 5711 5576 5710
f 5710 5576 5575
f 5713 5714 5712
f 5712 5714 5715
f 5553 5552 5478
f 5478 5552 5716
f 5717 5475 5716
f 5716 5475 5478
f 5718 5719 5605
f 5605 5719 5606
f 5505 5622 5584
f 5584 5622 5590
f 5508 5623 5505
f 5505 5623 5622
f 5626 5623 5580
f 5580 5623 5508
f 5580 5579 5626
f 5626 5579 5720
f 5579 5721 5720
f 5720 5721 5722
f 5666 5585 5723
f 5723 5585 5588
f 5724 5725 5639
f 5639 5725 5640
f 5554 5726 5555
f 5555 5726 5727
f 5453 5728 5729
f 5689 5688 5685
f 5685 5688 5647
f 5604 5730 5512
f 5512 5730 5509
f 5628 5631 5618
f 5618 5631 5592
f 5601 5604 5536
f 5536 5604 5512
f 5732 5676 5731
f 5731 5676 5660
f 5730 5604 5733
f 5733 5604 5603
f 5563 5487 5551
f 5551 5487 5550
f 5489 5492 5607
f 5607 5492 5608
f 5573 5572 5565
f 5565 5572 5561
f 5609 5522 5569
f 5569 5522 5521
f 5499 5734 5500
f 5500 5734 5735
f 5596 5736 5721
f 5721 5736 5722
f 5737 5600 5594
f 5594 5600 5520
f 5599 5730 5517
f 5517 5730 5733
f 5660 5738 5731
f 5731 5738 5739
f 5648 5649 5491
f 5491 5649 5492
f 5501 5586 5502
f 5502 5586 5585
f 5525 5546 5655
f 5655 5546 5740
f 5600 5599 5520
f 5520 5599 5517
f 5708 5739 5709
f 5709 5739 5738
f 5636 5635 5526
f 5526 5635 5523
f 5670 5671 5703
f 5703 5671 5741
f 5490 5695 5742
f 5742 5695 5743
f 5682 5678 5744
f 5744 5678 5677
f 5678 5681 5679
f 5679 5681 5621
f 5742 5743 5679
f 5679 5743 5680
f 5618 5621 5628
f 5628 5621 5681
f 5725 5724 5589
f 5589 5724 5684
f 5456 5458 5579
f 5579 5458 5721
f 5675 5683 5673
f 5673 5683 5685
f 5529 5682 5745
f 5745 5682 5744
f 5721 5458 5596
f 5596 5458 5597
f 5701 5540 5719
f 5719 5540 5606
f 5703 5741 5697
f 5697 5741 5696
f 5500 5735 5607
f 5607 5735 5707
f 5549 5746 5493
f 5493 5746 5497
f 5700 5747 5613
f 5613 5747 5538
f 5420 5421 5434
f 5434 5421 5400
f 5689 5693 5531
f 5531 5693 5532
f 5705 5566 5748
f 5748 5566 5567
f 5609 5398 5610
f 5610 5398 5397
f 5669 5406 5568
f 5568 5406 5405
f 5488 5583 5549
f 5549 5583 5746
f 5714 5713 5710
f 5710 5713 5711
f 5747 5468 5538
f 5538 5468 5467
f 5548 5547 5749
f 5749 5547 5750
f 5733 5603 5751
f 5751 5603 5684
f 5589 5602 5590
f 5590 5602 5584
f 5636 5752 5614
f 5614 5752 5615
f 5753 5754 5738
f 5738 5754 5755
f 5602 5601 5584
f 5584 5601 5536
f 5723 5736 5630
f 5630 5736 5640
f 5595 5640 5596
f 5596 5640 5736
f 5734 5499 5745
f 5745 5499 5529
f 5627 5587 5643
f 5643 5587 5586
f 5553 5559 5554
f 5554 5559 5480
f 5559 5561 5480
f 5480 5561 5572
f 5554 5480 5726
f 5726 5480 5479
f 5749 5750 5715
f 5715 5750 5712
f 5683 5612 5686
f 5686 5612 5457
f 5678 5682 5681
f 5681 5682 5667
f 5598 5509 5599
f 5599 5509 5730
f 5679 5621 5742
f 5742 5621 5620
f 5652 5616 5653
f 5653 5616 5615
f 5220 5426 5052
f 5052 5426 5437
f 5487 5488 5550
f 5550 5488 5549
f 5742 5620 5490
f 5490 5620 5491
f 5551 5610 5563
f 5563 5610 5567
f 5610 5397 5567
f 5567 5397 5748
f 5614 5617 5753
f 5753 5617 5754
f 5480 5572 5481
f 5755 5756 5738
f 5738 5756 5709
f 5745 5744 5758
f 5758 5744 5757
f 5745 5758 5734
f 5734 5758 5759
f 5735 5734 5760
f 5760 5734 5759
f 5707 5735 5761
f 5761 5735 5760
f 5744 5677 5757
f 5757 5677 5762
f 5677 5680 5762
f 5762 5680 5763
f 5763 5680 5764
f 5764 5680 5743
f 5765 5766 5762
f 5762 5766 5757
f 5768 5769 5767
f 5767 5769 5770
f 5771 5772 5770
f 5770 5772 5767
f 5770 5769 5774
f 5774 5769 5773
f 5775 5776 5774
f 5774 5776 5777
f 5773 5778 5774
f 5774 5778 5775
f 5779 5766 5773
f 5773 5766 5778
f 5777 5771 5774
f 5774 5771 5770
f 5780 5781 5783
f 5783 5781 5782
f 5781 5780 5771
f 5771 5780 5772
f 5773 5769 5779
f 5779 5769 5768
f 5768 5759 5779
f 5779 5759 5758
f 5768 5784 5759
f 5759 5784 5760
f 5767 5785 5768
f 5768 5785 5784
f 5785 5767 5786
f 5786 5767 5772
f 5766 5779 5757
f 5757 5779 5758
f 5780 5787 5772
f 5772 5787 5786
f 5785 5786 5788
f 5788 5786 5789
f 5786 5787 5789
f 5789 5787 5790
f 5788 5789 5791
f 5791 5789 5792
f 5791 5793 5788
f 5788 5793 5794
f 5795 5792 5790
f 5790 5792 5789
f 5785 5788 5784
f 5784 5788 5794
f 5784 5794 5760
f 5760 5794 5761
f 5787 5780 5796
f 5796 5780 5783
f 5775 5778 5797
f 5797 5778 5766
f 5797 5798 5775
f 5775 5798 5776
f 5766 5765 5797
f 5797 5765 5799
f 5798 5797 5800
f 5800 5797 5799
f 5798 5801 5776
f 5776 5801 5802
f 5707 5761 5694
f 5694 5761 5803
f 5695 5804 5743
f 5743 5804 5764
f 5804 5695 5803
f 5803 5695 5694
f 5803 5793 5804
f 5804 5793 5805
f 5793 5791 5805
f 5805 5791 5806
f 5804 5805 5764
f 5764 5805 5807
f 5803 5761 5793
f 5793 5761 5794
f 5808 5763 5807
f 5807 5763 5764
f 5808 5765 5763
f 5763 5765 5762
f 5809 5799 5808
f 5808 5799 5765
f 5809 5808 5810
f 5810 5808 5807
f 5811 5809 5812
f 5812 5809 5810
f 5805 5806 5807
f 5807 5806 5810
f 5806 5813 5810
f 5810 5813 5812
f 5799 5809 5800
f 5800 5809 5811
f 5815 5800 5814
f 5814 5800 5811
f 5814 5817 5816
f 5816 5817 5818
f 5814 5811 5817
f 5817 5811 5812
f 5814 5816 5815
f 5815 5816 5796
f 5815 5796 5801
f 5801 5796 5783
f 5801 5798 5815
f 5815 5798 5800
f 5791 5792 5806
f 5806 5792 5813
f 5818 5813 5795
f 5795 5813 5792
f 5818 5817 5813
f 5813 5817 5812
f 5816 5818 5790
f 5790 5818 5795
f 5790 5787 5816
f 5816 5787 5796
f 5771 5777 5781
f 5781 5777 5782
f 5782 5802 5783
f 5783 5802 5801
f 5782 5777 5802
f 5802 5777 5776
f 5588 5587 5722
f 5722 5587 5720
f 5591 5619 5592
f 5592 5619 5618
f 5625 5624 5648
f 5648 5624 5649
f 5624 5627 5649
f 5649 5627 5643
f 5631 5630 5725
f 5725 5630 5640
f 5625 5648 5591
f 5591 5648 5619
f 5588 5722 5723
f 5723 5722 5736
f 5631 5725 5592
f 5592 5725 5589
f 5723 5630 5666
f 5666 5630 5629
f 5587 5627 5720
f 5720 5627 5626
f 5820 5821 5819
f 5819 5821 5822
f 5824 5825 5823
f 5823 5825 5826
f 5823 5826 5827
f 5827 5826 5828
f 5829 5830 5832
f 5832 5830 5831
f 5518 5833 5708
f 5708 5833 5834
f 5835 5836 5824
f 5824 5836 5825
f 5838 5839 5837
f 5837 5839 5840
f 5751 5684 5842
f 5842 5684 5841
f 5843 5841 5724
f 5724 5841 5684
f 5845 5846 5844
f 5844 5846 5847
f 5848 5830 5836
f 5836 5830 5825
f 5518 5751 5833
f 5833 5751 5842
f 5839 5838 5821
f 5821 5838 5849
f 5850 5848 5822
f 5822 5848 5836
f 5851 5845 5828
f 5828 5845 5852
f 5854 5855 5853
f 5853 5855 5856
f 5845 5844 5852
f 5852 5844 5857
f 5858 5827 5852
f 5852 5827 5828
f 5851 5828 5829
f 5829 5828 5826
f 5819 5859 5820
f 5820 5859 5860
f 5835 5861 5819
f 5819 5861 5859
f 5851 5829 5862
f 5862 5829 5832
f 5844 5847 5837
f 5837 5847 5834
f 5819 5822 5835
f 5835 5822 5836
f 5823 5863 5824
f 5824 5863 5864
f 5849 5850 5821
f 5821 5850 5822
f 5825 5830 5826
f 5826 5830 5829
f 5820 5860 5865
f 5865 5860 5866
f 5858 5854 5867
f 5867 5854 5853
f 5854 5857 5855
f 5855 5857 5840
f 5855 5865 5856
f 5856 5865 5866
f 5837 5840 5844
f 5844 5840 5857
f 5827 5858 5868
f 5868 5858 5867
f 5824 5864 5835
f 5835 5864 5861
f 5732 5731 5862
f 5862 5731 5846
f 5863 5823 5868
f 5868 5823 5827
f 5843 5831 5848
f 5848 5831 5830
f 5854 5858 5857
f 5857 5858 5852
f 5855 5840 5865
f 5865 5840 5839
f 5865 5839 5820
f 5820 5839 5821
f 5868 5867 5870
f 5870 5867 5869
f 5868 5870 5863
f 5863 5870 5871
f 5863 5871 5864
f 5864 5871 5872
f 5864 5872 5861
f 5861 5872 5873
f 5867 5853 5869
f 5869 5853 5874
f 5853 5856 5874
f 5874 5856 5875
f 5856 5866 5875
f 5875 5866 5876
f 5877 5878 5874
f 5874 5878 5869
f 5880 5881 5879
f 5879 5881 5882
f 5883 5884 5880
f 5880 5884 5881
f 5881 5884 5886
f 5886 5884 5885
f 5887 5888 5886
f 5886 5888 5889
f 5885 5890 5886
f 5886 5890 5887
f 5889 5882 5886
f 5886 5882 5881
f 5882 5891 5879
f 5879 5891 5892
f 5885 5884 5893
f 5893 5884 5883
f 5883 5871 5893
f 5893 5871 5870
f 5883 5894 5871
f 5871 5894 5872
f 5880 5895 5883
f 5883 5895 5894
f 5896 5895 5879
f 5879 5895 5880
f 5893 5878 5885
f 5885 5878 5890
f 5878 5893 5869
f 5869 5893 5870
f 5897 5896 5892
f 5892 5896 5879
f 5895 5896 5898
f 5898 5896 5899
f 5896 5897 5899
f 5899 5897 5900
f 5898 5899 5901
f 5901 5899 5902
f 5901 5903 5898
f 5898 5903 5904
f 5900 5905 5899
f 5899 5905 5902
f 5898 5904 5895
f 5895 5904 5894
f 5894 5904 5872
f 5872 5904 5873
f 5897 5892 5907
f 5907 5892 5906
f 5892 5891 5906
f 5906 5891 5908
f 5887 5890 5909
f 5909 5890 5878
f 5888 5887 5910
f 5910 5887 5909
f 5878 5877 5909
f 5909 5877 5911
f 5909 5911 5910
f 5910 5911 5912
f 5913 5914 5910
f 5910 5914 5888
f 5908 5914 5906
f 5906 5914 5913
f 5861 5873 5859
f 5859 5873 5915
f 5860 5916 5866
f 5866 5916 5876
f 5916 5860 5915
f 5915 5860 5859
f 5915 5903 5916
f 5916 5903 5917
f 5903 5901 5917
f 5917 5901 5918
f 5916 5917 5876
f 5876 5917 5919
f 5903 5915 5904
f 5904 5915 5873
f 5920 5875 5919
f 5919 5875 5876
f 5920 5877 5875
f 5875 5877 5874
f 5920 5921 5877
f 5877 5921 5911
f 5921 5920 5922
f 5922 5920 5919
f 5923 5921 5924
f 5924 5921 5922
f 5917 5918 5919
f 5919 5918 5922
f 5918 5925 5922
f 5922 5925 5924
f 5921 5923 5911
f 5911 5923 5912
f 5927 5912 5926
f 5926 5912 5923
f 5926 5929 5928
f 5928 5929 5930
f 5926 5923 5929
f 5929 5923 5924
f 5926 5928 5927
f 5927 5928 5907
f 5927 5907 5913
f 5913 5907 5906
f 5913 5910 5927
f 5927 5910 5912
f 5901 5902 5918
f 5918 5902 5925
f 5930 5925 5905
f 5905 5925 5902
f 5930 5929 5925
f 5925 5929 5924
f 5928 5930 5900
f 5900 5930 5905
f 5900 5897 5928
f 5928 5897 5907
f 5882 5889 5891
f 5891 5889 5908
f 5908 5889 5914
f 5914 5889 5888
f 5832 5831 5641
f 5641 5831 5639
f 5833 5838 5834
f 5834 5838 5837
f 5842 5841 5849
f 5849 5841 5850
f 5841 5843 5850
f 5850 5843 5848
f 5847 5846 5739
f 5739 5846 5731
f 5842 5849 5833
f 5833 5849 5838
f 5862 5832 5732
f 5732 5832 5641
f 5847 5739 5834
f 5834 5739 5708
f 5862 5846 5851
f 5851 5846 5845
f 5831 5843 5639
f 5639 5843 5724
f 5676 5732 5595
f 5595 5732 5641
f 5676 5461 5660
f 5660 5461 5464
f 5461 5460 5464
f 5464 5460 5465
f 5460 5674 5465
f 5465 5674 5661
f 5931 5932 5934
f 5934 5932 5933
f 5936 5937 5935
f 5935 5937 5938
f 5935 5938 5939
f 5939 5938 5940
f 5942 5943 5941
f 5941 5943 5944
f 5945 5946 5936
f 5936 5946 5937
f 5948 5949 5947
f 5947 5949 5950
f 5951 5952 5519
f 5519 5952 5593
f 5953 5951 5709
f 5709 5951 5519
f 5955 5956 5954
f 5954 5956 5957
f 5958 5942 5946
f 5946 5942 5937
f 5948 5959 5949
f 5949 5959 5933
f 5960 5958 5934
f 5934 5958 5946
f 5961 5955 5940
f 5940 5955 5962
f 5963 5964 5966
f 5966 5964 5965
f 5955 5954 5962
f 5962 5954 5967
f 5968 5939 5962
f 5962 5939 5940
f 5961 5940 5941
f 5941 5940 5938
f 5931 5969 5932
f 5932 5969 5970
f 5945 5971 5931
f 5931 5971 5969
f 5941 5944 5961
f 5961 5944 5972
f 5954 5957 5947
f 5947 5957 5973
f 5945 5931 5946
f 5946 5931 5934
f 5935 5974 5936
f 5936 5974 5975
f 5959 5960 5933
f 5933 5960 5934
f 5937 5942 5938
f 5938 5942 5941
f 5932 5970 5976
f 5976 5970 5977
f 5968 5964 5978
f 5978 5964 5963
f 5965 5964 5950
f 5950 5964 5967
f 5976 5977 5965
f 5965 5977 5966
f 5947 5950 5954
f 5954 5950 5967
f 5939 5968 5979
f 5979 5968 5978
f 5936 5975 5945
f 5945 5975 5971
f 5972 5754 5956
f 5956 5754 5617
f 5974 5935 5979
f 5979 5935 5939
f 5953 5943 5958
f 5958 5943 5942
f 5964 5968 5967
f 5967 5968 5962
f 5965 5950 5976
f 5976 5950 5949
f 5976 5949 5932
f 5932 5949 5933
f 5979 5978 5981
f 5981 5978 5980
f 5979 5981 5974
f 5974 5981 5982
f 5974 5982 5975
f 5975 5982 5983
f 5975 5983 5971
f 5971 5983 5984
f 5978 5963 5980
f 5980 5963 5985
f 5963 5966 5985
f 5985 5966 5986
f 5986 5966 5987
f 5987 5966 5977
f 5988 5989 5985
f 5985 5989 5980
f 5991 5992 5990
f 5990 5992 5993
f 5994 5995 5991
f 5991 5995 5992
f 5992 5995 5997
f 5997 5995 5996
f 5998 5999 5997
f 5997 5999 6000
f 5996 6001 5997
f 5997 6001 5998
f 6000 5993 5997
f 5997 5993 5992
f 6002 6003 5993
f 5993 6003 5990
f 5995 5994 5996
f 5996 5994 6004
f 5994 5982 6004
f 6004 5982 5981
f 5994 6005 5982
f 5982 6005 5983
f 5991 6006 5994
f 5994 6006 6005
f 6006 5991 6007
f 6007 5991 5990
f 5996 6004 6001
f 6001 6004 5989
f 5989 6004 5980
f 5980 6004 5981
f 6003 6008 5990
f 5990 6008 6007
f 6009 6006 6010
f 6010 6006 6007
f 6008 6011 6007
f 6007 6011 6010
f 6012 6009 6013
f 6013 6009 6010
f 6009 6012 6015
f 6015 6012 6014
f 6011 6016 6010
f 6010 6016 6013
f 6006 6009 6005
f 6005 6009 6015
f 6005 6015 5983
f 5983 6015 5984
f 6008 6003 6018
f 6018 6003 6017
f 6003 6002 6017
f 6017 6002 6019
f 5998 6001 6020
f 6020 6001 5989
f 5999 5998 6021
f 6021 5998 6020
f 5989 5988 6020
f 6020 5988 6022
f 6021 6020 6023
f 6023 6020 6022
f 6021 6024 5999
f 5999 6024 6025
f 6019 6025 6017
f 6017 6025 6024
f 5971 5984 5969
f 5969 5984 6026
f 5970 6027 5977
f 5977 6027 5987
f 6027 5970 6026
f 6026 5970 5969
f 6026 6014 6027
f 6027 6014 6028
f 6014 6012 6028
f 6028 6012 6029
f 6027 6028 5987
f 5987 6028 6030
f 6026 5984 6014
f 6014 5984 6015
f 6031 5986 6030
f 6030 5986 5987
f 6031 5988 5986
f 5986 5988 5985
f 6032 6022 6031
f 6031 6022 5988
f 6032 6031 6033
f 6033 6031 6030
f 6034 6032 6035
f 6035 6032 6033
f 6028 6029 6030
f 6030 6029 6033
f 6029 6036 6033
f 6033 6036 6035
f 6032 6034 6022
f 6022 6034 6023
f 6038 6023 6037
f 6037 6023 6034
f 6037 6040 6039
f 6039 6040 6041
f 6037 6034 6040
f 6040 6034 6035
f 6037 6039 6038
f 6038 6039 6018
f 6038 6018 6024
f 6024 6018 6017
f 6024 6021 6038
f 6038 6021 6023
f 6012 6013 6029
f 6029 6013 6036
f 6041 6036 6016
f 6016 6036 6013
f 6041 6040 6036
f 6036 6040 6035
f 6041 6016 6039
f 6039 6016 6011
f 6011 6008 6039
f 6039 6008 6018
f 5993 6000 6002
f 6002 6000 6019
f 6019 6000 6025
f 6025 6000 5999
f 5943 5756 5944
f 5944 5756 5755
f 6042 5948 5973
f 5973 5948 5947
f 5952 5951 5959
f 5959 5951 5960
f 5951 5953 5960
f 5960 5953 5958
f 5616 5957 5617
f 5617 5957 5956
f 6042 5952 5948
f 5948 5952 5959
f 5944 5755 5972
f 5972 5755 5754
f 5957 5616 5973
f 5973 5616 5652
f 5956 5955 5972
f 5972 5955 5961
f 5943 5953 5756
f 5756 5953 5709
f 6044 6045 6043
f 6043 6045 6046
f 6048 6049 6047
f 6047 6049 6050
f 6047 6050 6051
f 6051 6050 6052
f 6054 6055 6053
f 6053 6055 6056
f 6057 6058 6060
f 6060 6058 6059
f 6061 6062 6048
f 6048 6062 6049
f 6063 6064 6066
f 6066 6064 6065
f 6067 6068 6070
f 6070 6068 6069
f 6071 6069 5653
f 5653 6069 6068
f 6072 6073 6075
f 6075 6073 6074
f 6062 6076 6049
f 6049 6076 6054
f 6058 6067 6059
f 6059 6067 6070
f 6064 6077 6065
f 6065 6077 6045
f 6078 6076 6046
f 6046 6076 6062
f 6073 6080 6079
f 6079 6080 6052
f 6082 6083 6081
f 6081 6083 6084
f 6072 6085 6073
f 6073 6085 6080
f 6086 6051 6080
f 6080 6051 6052
f 6079 6052 6053
f 6053 6052 6050
f 6043 6087 6044
f 6044 6087 6088
f 6061 6089 6043
f 6043 6089 6087
f 6053 6056 6079
f 6079 6056 6090
f 6063 6072 6060
f 6060 6072 6075
f 6043 6046 6061
f 6061 6046 6062
f 6047 6091 6048
f 6048 6091 6092
f 6077 6078 6045
f 6045 6078 6046
f 6049 6054 6050
f 6050 6054 6053
f 6044 6088 6093
f 6093 6088 6094
f 6086 6082 6095
f 6095 6082 6081
f 6083 6082 6066
f 6066 6082 6085
f 6093 6094 6083
f 6083 6094 6084
f 6072 6063 6085
f 6085 6063 6066
f 6051 6086 6096
f 6096 6086 6095
f 6048 6092 6061
f 6061 6092 6089
f 5656 5655 6090
f 6090 5655 6074
f 6091 6047 6096
f 6096 6047 6051
f 6071 6055 6076
f 6076 6055 6054
f 6082 6086 6085
f 6085 6086 6080
f 6093 6083 6065
f 6065 6083 6066
f 6044 6093 6045
f 6045 6093 6065
f 6096 6095 6098
f 6098 6095 6097
f 6096 6098 6091
f 6091 6098 6099
f 6091 6099 6092
f 6092 6099 6100
f 6092 6100 6089
f 6089 6100 6101
f 6095 6081 6097
f 6097 6081 6102
f 6081 6084 6102
f 6102 6084 6103
f 6103 6084 6104
f 6104 6084 6094
f 6106 6097 6105
f 6105 6097 6102
f 6107 6108 6110
f 6110 6108 6109
f 6111 6112 6108
f 6108 6112 6109
f 6109 6112 6114
f 6114 6112 6113
f 6114 6115 6117
f 6117 6115 6116
f 6113 6118 6114
f 6114 6118 6115
f 6117 6110 6114
f 6114 6110 6109
f 6110 6119 6107
f 6107 6119 6120
f 6112 6111 6113
f 6113 6111 6121
f 6111 6099 6121
f 6121 6099 6098
f 6111 6122 6099
f 6099 6122 6100
f 6123 6122 6108
f 6108 6122 6111
f 6124 6123 6107
f 6107 6123 6108
f 6113 6121 6118
f 6118 6121 6106
f 6106 6121 6097
f 6097 6121 6098
f 6125 6124 6120
f 6120 6124 6107
f 6126 6123 6127
f 6127 6123 6124
f 6125 6128 6124
f 6124 6128 6127
f 6129 6126 6130
f 6130 6126 6127
f 6126 6129 6132
f 6132 6129 6131
f 6128 6133 6127
f 6127 6133 6130
f 6123 6126 6122
f 6122 6126 6132
f 6122 6132 6100
f 6100 6132 6101
f 6120 6134 6125
f 6125 6134 6135
f 6120 6119 6134
f 6134 6119 6136
f 6115 6118 6137
f 6137 6118 6106
f 6115 6137 6116
f 6116 6137 6138
f 6137 6106 6139
f 6139 6106 6105
f 6138 6137 6140
f 6140 6137 6139
f 6141 6142 6138
f 6138 6142 6116
f 6136 6142 6134
f 6134 6142 6141
f 6089 6101 6087
f 6087 6101 6143
f 6088 6144 6094
f 6094 6144 6104
f 6143 6144 6087
f 6087 6144 6088
f 6131 6145 6143
f 6143 6145 6144
f 6129 6146 6131
f 6131 6146 6145
f 6144 6145 6104
f 6104 6145 6147
f 6143 6101 6131
f 6131 6101 6132
f 6148 6103 6147
f 6147 6103 6104
f 6103 6148 6102
f 6102 6148 6105
f 6148 6149 6105
f 6105 6149 6139
f 6149 6148 6150
f 6150 6148 6147
f 6151 6149 6152
f 6152 6149 6150
f 6145 6146 6147
f 6147 6146 6150
f 6146 6153 6150
f 6150 6153 6152
f 6149 6151 6139
f 6139 6151 6140
f 6155 6140 6154
f 6154 6140 6151
f 6154 6157 6156
f 6156 6157 6158
f 6154 6151 6157
f 6157 6151 6152
f 6154 6156 6155
f 6155 6156 6135
f 6155 6135 6141
f 6141 6135 6134
f 6141 6138 6155
f 6155 6138 6140
f 6146 6129 6153
f 6153 6129 6130
f 6158 6153 6133
f 6133 6153 6130
f 6158 6157 6153
f 6153 6157 6152
f 6156 6158 6128
f 6128 6158 6133
f 6128 6125 6156
f 6156 6125 6135
f 6110 6117 6119
f 6119 6117 6136
f 6136 6117 6142
f 6142 6117 6116
f 6055 5615 6056
f 6056 5615 5752
f 6060 6059 6063
f 6063 6059 6064
f 6077 6070 6078
f 6078 6070 6069
f 6069 6071 6078
f 6078 6071 6076
f 6159 6057 6075
f 6075 6057 6060
f 6059 6070 6064
f 6064 6070 6077
f 6056 5752 6090
f 6090 5752 5656
f 6090 6074 6079
f 6079 6074 6073
f 6055 6071 5615
f 5615 6071 5653
f 5547 5471 6160
f 6160 5471 6161
f 5729 5577 6163
f 6163 5577 6162
f 5577 5576 6162
f 6162 5576 6164
f 5713 6165 5711
f 5711 6165 6166
f 5474 5729 6167
f 6167 5729 6163
f 5750 5547 6168
f 6168 5547 6160
f 5471 5474 6161
f 6161 5474 6167
f 6169 5712 6168
f 6168 5712 5750
f 5711 6166 5576
f 5576 6166 6164
f 6165 5713 6169
f 6169 5713 5712
f 6168 6170 6169
f 6169 6170 6171
f 6169 6171 6165
f 6165 6171 6172
f 6165 6172 6166
f 6166 6172 6173
f 6166 6173 6164
f 6164 6173 6174
f 6168 6160 6170
f 6170 6160 6175
f 6160 6161 6175
f 6175 6161 6176
f 6161 6167 6176
f 6176 6167 6177
f 6179 6170 6178
f 6178 6170 6175
f 6181 6182 6180
f 6180 6182 6183
f 6184 6185 6181
f 6181 6185 6182
f 6186 6187 6185
f 6185 6187 6182
f 6186 6188 6187
f 6187 6188 6189
f 6190 6183 6187
f 6187 6183 6182
f 6183 6190 6191
f 6191 6190 6192
f 6191 6193 6183
f 6183 6193 6180
f 6186 6185 6194
f 6194 6185 6184
f 6184 6172 6194
f 6194 6172 6171
f 6184 6195 6172
f 6172 6195 6173
f 6181 6196 6184
f 6184 6196 6195
f 6196 6181 6197
f 6197 6181 6180
f 6186 6194 6188
f 6188 6194 6179
f 6179 6194 6170
f 6170 6194 6171
f 6193 6198 6180
f 6180 6198 6197
f 6199 6196 6200
f 6200 6196 6197
f 6198 6201 6197
f 6197 6201 6200
f 6202 6199 6203
f 6203 6199 6200
f 6199 6202 6205
f 6205 6202 6204
f 6201 6206 6200
f 6200 6206 6203
f 6196 6199 6195
f 6195 6199 6205
f 6195 6205 6173
f 6173 6205 6174
f 6198 6193 6208
f 6208 6193 6207
f 6193 6191 6207
f 6207 6191 6192
f 6189 6188 6209
f 6209 6188 6179
f 6210 6189 6211
f 6211 6189 6209
f 6209 6179 6212
f 6212 6179 6178
f 6211 6209 6213
f 6213 6209 6212
f 6211 6214 6210
f 6210 6214 6215
f 6192 6215 6207
f 6207 6215 6214
f 6190 6187 6210
f 6210 6187 6189
f 6192 6190 6215
f 6215 6190 6210
f 6162 6164 6216
f 6216 6164 6174
f 6167 6163 6177
f 6177 6163 6217
f 6216 6217 6162
f 6162 6217 6163
f 6204 6218 6216
f 6216 6218 6217
f 6202 6219 6204
f 6204 6219 6218
f 6217 6218 6177
f 6177 6218 6220
f 6216 6174 6204
f 6204 6174 6205
f 6221 6176 6220
f 6220 6176 6177
f 6176 6221 6175
f 6175 6221 6178
f 6221 6222 6178
f 6178 6222 6212
f 6222 6221 6223
f 6223 6221 6220
f 6224 6222 6225
f 6225 6222 6223
f 6218 6219 6220
f 6220 6219 6223
f 6219 6226 6223
f 6223 6226 6225
f 6222 6224 6212
f 6212 6224 6213
f 6228 6213 6227
f 6227 6213 6224
f 6229 6227 6231
f 6231 6227 6230
f 6227 6224 6230
f 6230 6224 6225
f 6227 6229 6228
f 6228 6229 6208
f 6228 6208 6214
f 6214 6208 6207
f 6214 6211 6228
f 6228 6211 6213
f 6219 6202 6226
f 6226 6202 6203
f 6231 6226 6206
f 6206 6226 6203
f 6231 6230 6226
f 6226 6230 6225
f 6229 6231 6201
f 6201 6231 6206
f 6201 6198 6229
f 6229 6198 6208
f 5674 5672 5661
f 5661 5672 5662
f 5662 5672 5663
f 5663 5672 5646
f 5651 6042 5652
f 5652 6042 5973
f 5518 5517 5751
f 5751 5517 5733
f 5738 5660 5753
f 5753 5660 5637
f 5752 5636 5656
f 5656 5636 5526
f 5952 6042 5593
f 5593 6042 5651
f 5593 5651 5594
f 5594 5651 5650
f 5600 5737 5514
f 5514 5737 5515
f 5546 5545 5740
f 5740 5545 6232
f 6232 6058 5740
f 5740 6058 6057
f 6067 6058 6233
f 6233 6058 6232
f 6233 6232 6234
f 6234 6232 5545
f 6234 5545 6235
f 6235 5545 5544
f 5606 6236 5543
f 5543 6236 5544
f 6235 5544 5539
f 5539 5544 6236
f 6237 6235 5542
f 5542 6235 5539
f 6235 6237 6234
f 6234 6237 6238
f 6234 6238 6233
f 6233 6238 6239
f 5653 6068 5650
f 5650 6068 6239
f 5642 5513 6240
f 6240 5513 5516
f 5539 6236 5540
f 5540 6236 5606
f 5636 5614 5637
f 5637 5614 5753
f 6239 5737 5650
f 5650 5737 5594
f 6239 6068 6233
f 6233 6068 6067
f 6075 6074 6159
f 6159 6074 5655
f 6057 6159 5740
f 5740 6159 5655
f 5515 5737 6238
f 6238 5737 6239
f 6238 6237 5515
f 5515 6237 5516
f 5542 6240 6237
f 6237 6240 5516
f 6240 5542 5642
f 5642 5542 5541
f 5702 5699 5541
f 5541 5699 5642
f 5582 5475 5717
f 5470 5443 5537
f 5537 5443 5504
f 5469 5444 5470
f 5470 5444 5443
f 5726 5557 5727
f 5727 5557 5556
f 5537 5504 5511
f 5511 5504 5506
f 5504 5503 5506
f 5506 5503 5507
f 5503 5455 5507
f 5507 5455 5581
f 5455 5454 5581
f 5581 5454 5456
f 5473 5453 5474
f 5474 5453 5729
f 5457 5454 5473
f 5473 5454 5453
f 5473 5472 5457
f 5457 5472 5686
f 5472 5548 5686
f 5686 5548 5687
f 5749 5693 5548
f 5548 5693 5687
f 5715 5532 5749
f 5749 5532 5693
f 5714 5486 5715
f 5715 5486 5532
f 5714 5710 5486
f 5486 5710 5449
f 5728 5578 5729
f 5729 5578 5577
f 5452 5445 5698
f 5698 5445 5558
f 5445 5444 5558
f 5558 5444 5556
f 5444 5469 5556
f 5556 5469 5727
f 5469 5468 5727
f 5727 5468 5555
f 5468 5747 5555
f 5555 5747 5552
f 5747 5700 5552
f 5552 5700 5716
f 5700 5699 5716
f 5716 5699 5717
f 5699 5702 5717
f 5717 5702 5582
f 5702 5701 5582
f 5582 5701 5583
f 5726 5479 5557
f 5557 5479 5483
f 5483 5479 5484
f 5484 5479 5482
f 5534 5533 5482
f 5482 5533 5484
f 5691 5688 5534
f 5534 5688 5533
f 5644 5647 5691
f 5691 5647 5688
f 5719 5746 5701
f 5701 5746 5583
f 5718 5497 5719
f 5719 5497 5746
f 5718 5605 5654
f 5654 5605 5638
f 5498 5654 5657
f 5657 5654 5633
f 5497 5718 5498
f 5498 5718 5654
f 5657 5527 5498
f 5498 5527 5494
f 5528 5570 5495
f 5495 5570 5521
f 5665 5668 5528
f 5528 5668 5570
f 5664 5671 5665
f 5665 5671 5668
f 5645 5741 5664
f 5664 5741 5671
f 5644 5696 5645
f 5645 5696 5741
f 5710 5575 5449
f 5449 5575 5450
f 5575 5578 5450
f 5450 5578 5698
f 5578 5728 5698
f 5698 5728 5452
f 5452 5728 5451
f 5451 5728 5453
f 3619 6241 3620
f 3620 6241 6242
f 6243 6244 3628
f 3628 6244 3629
f 6245 6246 3634
f 3634 6246 3631
f 6247 6248 3636
f 3636 6248 3637
f 6249 6250 3642
f 3642 6250 3639
f 3639 6250 3643
f 3643 6250 6251
f 3743 6252 3744
f 3744 6252 6253
f 6246 6243 3631
f 3631 6243 3628
f 3753 6254 3754
f 3754 6254 6255
f 3857 6256 3619
f 3619 6256 6241
f 6257 6245 3932
f 3932 6245 3634
f 6242 6247 3620
f 3620 6247 3636
f 6258 6259 3946
f 3946 6259 3947
f 6260 6249 3948
f 3948 6249 3642
f 6244 6258 3629
f 3629 6258 3946
f 3947 6259 3753
f 3753 6259 6254
f 6248 6260 3637
f 3637 6260 3948
f 3643 6251 3743
f 3743 6251 6252
f 3744 6253 3932
f 3932 6253 6257
f 6250 6249 6251
f 6251 6249 6252
f 6245 6261 6246
f 6246 6261 6262
f 6263 6264 6247
f 6247 6264 6248
f 6252 6265 6253
f 6253 6265 6266
f 6246 6262 6243
f 6243 6262 6267
f 6268 6261 6257
f 6257 6261 6245
f 6269 6263 6242
f 6242 6263 6247
f 6270 6271 6260
f 6260 6271 6249
f 6264 6270 6248
f 6248 6270 6260
f 6253 6266 6257
f 6257 6266 6268
f 6249 6271 6252
f 6252 6271 6265
f 6254 6259 6272
f 6272 6259 6273
f 6266 6265 6270
f 6270 6265 6271
f 6268 6266 6264
f 6264 6266 6270
f 6261 6268 6263
f 6263 6268 6264
f 6269 6262 6263
f 6263 6262 6261
f 4186 4185 6274
f 6274 4185 6275
f 6241 6276 6242
f 6242 6276 6269
f 6258 6244 6277
f 6277 6244 6278
f 6256 6279 6241
f 6241 6279 6276
f 6259 6258 6273
f 6273 6258 6277
f 6243 6267 6244
f 6244 6267 6278
f 6276 6267 6269
f 6269 6267 6262
f 6254 6272 6255
f 6255 6272 6280
f 3865 3713 3888
f 3888 3713 3685
f 5242 5233 3892
f 3892 5233 3711
f 3900 5243 3892
f 3892 5243 5242
f 3734 3866 3900
f 3900 3866 5243
f 4117 6281 4118
f 4118 6281 6282
f 4118 6282 4278
f 4278 6282 4879
f 4717 4887 4718
f 4718 4887 4280
f 4792 4278 4882
f 4882 4278 4879
f 4795 4792 6283
f 6283 4792 4882
f 4852 4851 5012
f 5012 4851 6284
f 4856 5207 4857
f 4857 5207 4858
f 4860 4279 4857
f 4857 4279 4854
f 4718 4280 4860
f 4860 4280 4279
f 4864 4863 4745
f 4745 4863 4742
f 5366 4867 5011
f 5011 4867 4866
f 4871 4884 4872
f 4872 4884 4883
f 4872 4883 4117
f 4117 4883 6281
f 6284 4851 6283
f 6283 4851 4795
f 4852 4866 4853
f 4853 4866 4865
f 4871 4870 4856
f 4856 4870 5207
f 4717 4716 4864
f 4864 4716 4861
f 4868 4867 4862
f 4862 4867 4863
f 4268 4855 4269
f 4269 4855 4854
f 4281 4274 4282
f 4282 4274 4765
f 4744 4743 4907
f 4907 4743 4904
f 4874 4881 4820
f 4820 4881 4880
f 4885 5013 4886
f 4886 5013 4980
f 4888 4275 4281
f 4281 4275 4274
f 4902 6282 4903
f 4903 6282 6281
f 6283 4979 6284
f 6284 4979 4978
f 4282 4765 4269
f 4269 4765 4266
f 4880 4879 4902
f 4902 4879 6282
f 4903 6281 4886
f 4886 6281 4883
f 4882 4881 6283
f 6283 4881 4979
f 5013 4885 4267
f 4267 4885 4268
f 4888 4887 4744
f 4744 4887 4745
f 4410 6285 4411
f 4411 6285 4812
f 4750 4749 6286
f 6286 4749 6287
f 6289 4695 6288
f 6288 4695 4255
f 4750 4675 4751
f 4751 4675 4965
f 6290 6291 4963
f 4963 6291 4960
f 4807 4806 4411
f 4411 4806 4408
f 6292 6293 4959
f 4959 6293 4956
f 4958 6294 4959
f 4959 6294 4955
f 4962 4964 4963
f 4963 4964 4805
f 4962 4961 4751
f 4751 4961 4748
f 6296 6297 6295
f 6295 6297 6298
f 6299 6300 6288
f 6288 6300 4735
f 6302 4961 6301
f 6301 4961 4960
f 6304 6287 6303
f 6303 6287 4749
f 4968 6305 4969
f 4969 6305 6306
f 4413 6308 6307
f 6307 6308 4900
f 6301 4960 6309
f 6309 4960 6291
f 4412 4408 6310
f 6310 4408 4806
f 4696 6311 4256
f 4256 6311 6312
f 6303 4749 6313
f 6313 4749 4748
f 6313 4748 6302
f 6302 4748 4961
f 6315 6316 6314
f 6314 6316 6317
f 4084 6318 6315
f 6315 6318 6316
f 4083 6319 4084
f 4084 6319 6318
f 4112 6320 4083
f 4083 6320 6319
f 6322 4138 6321
f 6321 4138 4137
f 6324 4128 6323
f 6323 4128 4127
f 4127 4193 6323
f 6323 4193 6325
f 4193 4891 6325
f 6325 4891 6326
f 4891 6327 6326
f 6326 6327 6328
f 6327 4824 5227
f 5227 4824 5228
f 5231 4684 6329
f 6329 4684 4683
f 4683 4099 6329
f 6329 4099 6330
f 4099 4102 6330
f 6330 4102 6331
f 4174 4826 4429
f 4429 4826 4829
f 4173 4741 4174
f 4174 4741 4826
f 4180 4738 4173
f 4173 4738 4741
f 6332 6333 4180
f 4180 6333 4738
f 6274 6334 4186
f 4186 6334 4188
f 4181 4825 4180
f 4180 4825 6332
f 5044 5213 5045
f 5045 5213 5165
f 5046 5087 5047
f 5047 5087 5222
f 5077 5063 5078
f 5078 5063 5198
f 5081 5099 5082
f 5082 5099 5194
f 5095 5074 5096
f 5096 5074 5073
f 5373 5170 5096
f 5096 5170 5093
f 5375 5171 5373
f 5373 5171 5170
f 5047 5222 5375
f 5375 5222 5171
f 5046 5038 5376
f 5376 5038 5067
f 5377 5086 5376
f 5376 5086 5085
f 5045 5165 5377
f 5377 5165 5086
f 5378 5214 5044
f 5044 5214 5213
f 5077 5034 5378
f 5378 5034 5214
f 5082 5194 5078
f 5078 5194 5035
f 5081 5080 5379
f 5379 5080 6335
f 5379 6335 5095
f 5095 6335 5074
f 5032 5080 5033
f 5033 5080 5079
f 5040 5017 5041
f 5041 5017 5016
f 5050 5043 5051
f 5051 5043 5042
f 5065 5023 5066
f 5066 5023 5022
f 5050 5049 5065
f 5065 5049 5023
f 5041 5016 5068
f 5068 5016 5020
f 5071 5374 5072
f 5072 5374 5200
f 5075 5156 5076
f 5076 5156 5155
f 5162 5212 5068
f 5068 5212 5067
f 5075 5074 5192
f 5192 5074 6335
f 5066 5022 5199
f 5199 5022 5196
f 5076 5155 5072
f 5072 5155 5069
f 5040 5039 5071
f 5071 5039 5374
f 5162 5161 5051
f 5051 5161 5048
f 5192 6335 5032
f 5032 6335 5080
f 5199 5196 5033
f 5033 5196 5030
f 5018 5211 5019
f 5019 5211 5408
f 5019 5408 5021
f 5021 5408 5163
f 5024 5057 5025
f 5025 5057 5415
f 5028 5048 5029
f 5029 5048 5161
f 5054 5031 5055
f 5055 5031 5030
f 5024 5023 5058
f 5058 5023 5049
f 5061 5070 5062
f 5062 5070 5069
f 5157 5438 5158
f 5158 5438 5442
f 5160 5191 5054
f 5054 5191 5031
f 5029 5161 5021
f 5021 5161 5020
f 5025 5415 5197
f 5197 5415 5220
f 5158 5442 5062
f 5062 5442 5059
f 5018 5017 5061
f 5061 5017 5070
f 5160 5159 5157
f 5157 5159 5438
f 5028 5027 5058
f 5058 5027 5056
f 5055 5030 5197
f 5197 5030 5196
f 5409 5380 5410
f 5410 5380 6336
f 5026 5413 5027
f 5027 5413 5412
f 5396 5417 5393
f 5393 5417 5416
f 5416 5057 5419
f 5419 5057 5056
f 5417 5396 5426
f 5426 5396 5420
f 5427 5423 5428
f 5428 5423 5422
f 5427 5059 5430
f 5430 5059 5442
f 5409 5408 5433
f 5433 5408 5211
f 5433 5211 5428
f 5428 5211 5060
f 5412 5411 5419
f 5419 5411 5418
f 5436 5053 5437
f 5437 5053 5052
f 5439 5402 5440
f 5440 5402 5401
f 5436 5435 5439
f 5439 5435 5402
f 5410 6336 5413
f 5413 6336 5414
f 5440 5401 5430
f 5430 5401 5429
f 5426 5420 5437
f 5437 5420 5434
f 5382 5432 5383
f 5383 5432 5384
f 5386 6336 5383
f 5383 6336 5380
f 6336 5386 5414
f 5414 5386 5388
f 5391 5418 5392
f 5392 5418 5411
f 5705 5395 5704
f 5704 5395 5394
f 5399 5435 5400
f 5400 5435 5434
f 5403 5441 5404
f 5404 5441 5405
f 5407 5429 5404
f 5404 5429 5401
f 5395 5705 5421
f 5421 5705 5748
f 5424 5706 5425
f 5425 5706 5431
f 5391 5390 5394
f 5394 5390 5704
f 5392 5388 5389
f 5389 5388 5387
f 5382 5381 5425
f 5425 5381 5422
f 5407 5406 5424
f 5424 5406 5706
f 5403 5402 5399
f 5399 5402 5435
f 5421 5748 5400
f 5400 5748 5397
f 4097 4721 4098
f 4098 4721 4231
f 4233 5273 4098
f 4098 5273 4095
f 6337 6338 4785
f 4785 6338 4786
f 4076 4780 4073
f 4073 4780 4781
f 4782 4190 4781
f 4781 4190 4073
f 4783 4901 4782
f 4782 4901 4190
f 4780 4076 4097
f 4097 4076 4721
f 6337 2879 4701
f 4701 2879 2878
f 5280 6339 5272
f 5272 6339 6340
f 5282 5281 6341
f 6341 5281 6342
f 4109 6302 4110
f 4110 6302 6301
f 4283 6304 4284
f 4284 6304 6303
f 6305 4379 6306
f 6306 4379 4378
f 4110 6301 4428
f 4428 6301 6309
f 6310 4688 4412
f 4412 4688 4687
f 4284 6303 4753
f 4753 6303 6313
f 4753 6313 4109
f 4109 6313 6302
f 6343 5226 4428
f 4428 5226 4427
f 4147 4900 4416
f 4416 4900 6308
f 6312 6311 4241
f 4241 6311 4720
f 5223 6344 4702
f 4702 6344 4699
f 4221 4220 6345
f 6345 4220 6346
f 5276 5275 6347
f 6347 5275 6348
f 5275 4728 6348
f 6348 4728 6349
f 4727 6350 5284
f 5284 6350 5285
f 6351 6352 6354
f 6354 6352 6353
f 5313 5312 5292
f 5292 5312 5293
f 5312 5344 5293
f 5293 5344 5337
f 5344 4914 5337
f 5337 4914 4916
f 4914 4913 4916
f 4916 4913 4917
f 4913 6355 4917
f 4917 6355 4978
f 6356 6357 6284
f 6284 6357 5012
f 6357 6358 5012
f 5012 6358 5011
f 5011 6358 5366
f 5366 6358 6359
f 6360 4742 6359
f 6359 4742 5366
f 4743 6361 4904
f 4904 6361 5364
f 5363 4905 5364
f 5364 4905 4904
f 5363 6362 4905
f 4905 6362 4207
f 6362 6363 4207
f 4207 6363 4208
f 6363 5342 4208
f 4208 5342 5330
f 5342 5341 5330
f 5330 5341 4244
f 5341 6364 4244
f 4244 6364 4245
f 6364 6365 4245
f 4245 6365 4246
f 6366 6367 4253
f 4253 6367 4250
f 4214 6368 4211
f 4211 6368 4380
f 4380 4379 4211
f 4211 4379 4283
f 4379 6305 4283
f 4283 6305 6304
f 6305 4968 6304
f 6304 4968 6287
f 4968 4967 6287
f 6287 4967 6286
f 4967 6297 6286
f 6286 6297 4676
f 6296 4376 4288
f 4288 4376 4285
f 4376 4373 4285
f 4285 4373 4290
f 6369 6370 6372
f 6372 6370 6371
f 5245 6373 5246
f 5246 6373 6374
f 4317 6375 4318
f 4318 6375 6376
f 4331 6377 4332
f 4332 6377 6378
f 6379 4333 6376
f 6376 4333 4318
f 4343 6380 4344
f 4344 6380 6381
f 4347 6382 4348
f 4348 6382 6383
f 4374 6371 4331
f 4331 6371 6377
f 4333 6379 4426
f 4426 6379 6384
f 4690 6385 4347
f 4347 6385 6382
f 4332 6378 4317
f 4317 6378 6375
f 4922 6386 4923
f 4923 6386 6387
f 6388 6389 4375
f 4375 6389 6390
f 6355 6356 4978
f 4978 6356 6284
f 4742 6360 4743
f 4743 6360 6361
f 6391 4238 6392
f 6392 4238 4719
f 6392 4719 6393
f 6393 4719 5296
f 6395 6396 6394
f 6394 6396 6397
f 6399 6400 6398
f 6398 6400 6401
f 6402 5302 6403
f 6403 5302 5303
f 5303 5321 6403
f 6403 5321 6404
f 5320 6405 5321
f 5321 6405 6404
f 5319 6406 5350
f 5350 6406 5351
f 5319 5318 6406
f 6406 5318 6407
f 5288 4197 6408
f 6408 4197 6409
f 4217 4216 6410
f 6410 4216 6411
f 5227 6412 6327
f 6327 6412 6328
f 4892 6413 5227
f 5227 6413 6412
f 4228 6414 4892
f 4892 6414 6413
f 4227 6415 4228
f 4228 6415 6414
f 4248 6416 4227
f 4227 6416 6415
f 4247 6417 4248
f 4248 6417 6416
f 6417 4247 6419
f 6419 4247 6418
f 6419 6418 6421
f 6421 6418 6420
f 6422 5301 6423
f 6423 5301 5300
f 6423 5300 6424
f 6424 5300 6399
f 6408 6409 6398
f 6398 6409 6425
f 6426 6427 6397
f 6397 6427 6394
f 6428 4224 6429
f 6429 4224 4223
f 6347 6346 5276
f 5276 6346 4220
f 6346 6347 6341
f 6341 6347 6339
f 5280 5278 5282
f 5282 5278 4236
f 4896 5224 4684
f 4684 5224 4681
f 4132 4135 4896
f 4896 4135 5224
f 4131 4136 4132
f 4132 4136 4135
f 4226 4754 4131
f 4131 4754 4136
f 4251 4213 4226
f 4226 4213 4754
f 4250 4214 4251
f 4251 4214 4213
f 4250 6367 4214
f 4214 6367 6368
f 6367 4910 6368
f 6368 4910 4737
f 4909 5297 4736
f 4736 5297 5296
f 5297 6395 5296
f 5296 6395 6393
f 6427 6430 6394
f 6394 6430 6431
f 6429 4383 6428
f 6428 4383 4382
f 4219 5277 4220
f 4220 5277 5276
f 4222 4697 4383
f 4383 4697 4218
f 6345 4699 4221
f 4221 4699 6344
f 6342 4700 6345
f 6345 4700 4699
f 4235 4786 5281
f 5281 4786 6338
f 4234 4787 4235
f 4235 4787 4786
f 5279 5278 6432
f 6432 5278 5271
f 4237 5279 6433
f 6433 5279 6432
f 4787 4234 6433
f 6433 4234 4237
f 6435 6436 6434
f 6434 6436 6437
f 6359 6438 6360
f 6360 6438 6437
f 6439 6440 6441
f 6441 6440 6438
f 6443 6439 6442
f 6442 6439 6441
f 6357 6356 6442
f 6442 6356 6444
f 6444 6446 6445
f 6445 6446 6447
f 4912 6446 4913
f 4913 6446 6355
f 6361 6436 5364
f 5364 6436 5365
f 5319 5350 5316
f 5316 5350 6448
f 4832 6449 5350
f 5350 6449 6448
f 4831 6450 4832
f 4832 6450 6449
f 5354 6451 5320
f 5320 6451 6405
f 4265 6452 5354
f 5354 6452 6451
f 4264 6453 4265
f 4265 6453 6452
f 6450 4831 6447
f 6447 4831 6445
f 4263 6435 4264
f 4264 6435 6434
f 6454 6453 6439
f 6439 6453 6440
f 6439 6443 6454
f 6454 6443 4834
f 4833 6455 4834
f 4834 6455 6454
f 5351 6456 4833
f 4833 6456 6455
f 6457 6391 6458
f 6458 6391 6392
f 6458 6392 6431
f 6431 6392 6393
f 5298 6396 5297
f 5297 6396 6395
f 6402 6400 5302
f 5302 6400 5299
f 6402 6403 6459
f 6459 6403 6460
f 6460 6403 6461
f 6461 6403 6404
f 6405 6462 6404
f 6404 6462 6461
f 6406 6462 5351
f 5351 6462 6456
f 6406 6407 6462
f 6462 6407 6461
f 6407 6463 6461
f 6461 6463 6460
f 6463 6464 6460
f 6460 6464 6459
f 6464 6465 6459
f 6459 6465 6401
f 6430 6466 6431
f 6431 6466 6458
f 6466 6410 6458
f 6458 6410 6457
f 6410 6411 6457
f 6457 6411 6467
f 6396 6424 6397
f 6397 6424 6425
f 6393 6395 6431
f 6431 6395 6394
f 6451 6456 6405
f 6405 6456 6462
f 6452 6455 6451
f 6451 6455 6456
f 6453 6454 6452
f 6452 6454 6455
f 6443 6445 4834
f 4834 6445 4831
f 6440 6453 6434
f 6434 6453 4264
f 6468 5306 5360
f 5360 5306 5305
f 6469 4124 6468
f 6468 4124 5306
f 6470 4125 6469
f 6469 4125 4124
f 6471 5291 6470
f 6470 5291 4125
f 6353 5292 6471
f 6471 5292 5291
f 5292 6353 5313
f 5313 6353 6352
f 5347 5314 6352
f 6352 5314 5313
f 5353 5318 5346
f 5346 5318 5317
f 5334 6468 5358
f 5358 6468 5360
f 5324 6469 5334
f 5334 6469 6468
f 5323 6470 5324
f 5324 6470 6469
f 5343 6471 5323
f 5323 6471 6470
f 6354 6353 5343
f 5343 6353 6471
f 6348 6349 4270
f 4270 6349 5311
f 5272 6340 5273
f 5273 6340 4272
f 6432 5271 4232
f 4232 5271 4233
f 4294 6432 4295
f 4295 6432 4232
f 6432 4294 6433
f 6433 4294 4301
f 4301 4300 6433
f 6433 4300 4787
f 4704 4784 4300
f 4300 4784 4787
f 4704 3013 4784
f 4784 3013 1307
f 5103 6472 5104
f 5104 6472 5202
f 5108 5116 5105
f 5105 5116 5115
f 5111 5124 5112
f 5112 5124 5123
f 5154 5205 5105
f 5105 5205 5106
f 5167 5180 5168
f 5168 5180 5185
f 5175 5188 5176
f 5176 5188 5187
f 5112 5123 5178
f 5178 5123 5120
f 5167 5090 5183
f 5183 5090 5089
f 5210 5151 5183
f 5183 5151 5181
f 5216 5138 5217
f 5217 5138 5137
f 5218 5119 5219
f 5219 5119 5221
f 5218 5178 5119
f 5119 5178 5120
f 5217 5137 5104
f 5104 5137 5101
f 5116 5108 5221
f 5221 5108 5219
f 5111 5110 5210
f 5210 5110 5151
f 5154 5153 5103
f 5103 5153 6472
f 5216 5215 5176
f 5176 5215 5173
f 5175 5174 5168
f 5168 5174 5166
f 5091 5172 5092
f 5092 5172 5208
f 5117 5037 5118
f 5118 5037 5036
f 5121 5164 5122
f 5122 5164 5133
f 5125 5084 5126
f 5126 5084 5083
f 5129 5174 5130
f 5130 5174 5173
f 5131 5202 5132
f 5132 5202 6472
f 5135 5221 5122
f 5122 5221 5119
f 5125 5124 5136
f 5136 5124 5209
f 5126 5083 5121
f 5121 5083 5164
f 5118 5036 5195
f 5195 5036 5193
f 5131 5097 5203
f 5203 5097 5114
f 5132 6472 5195
f 5195 6472 5153
f 5136 5209 5092
f 5092 5209 5089
f 5135 5134 5117
f 5117 5134 5037
f 5362 5206 5130
f 5130 5206 5127
f 5372 5371 5128
f 5128 5371 5129
f 5371 5372 5091
f 5091 5372 5172
f 5362 5215 5203
f 5203 5215 5201
f 6463 6407 5353
f 5353 6407 5318
f 6464 6463 5352
f 5352 6463 5353
f 6408 6465 5288
f 5288 6465 5289
f 4196 4224 6426
f 6426 4224 6427
f 6430 6427 6428
f 6428 6427 4224
f 6466 6430 4382
f 4382 6430 6428
f 6410 6466 4217
f 4217 6466 4382
f 4240 4239 3015
f 3015 4239 3016
f 4254 4257 3017
f 3017 4257 3018
f 6473 6474 4732
f 4732 6474 6475
f 6474 6374 6475
f 6475 6374 6373
f 5246 6374 3022
f 3022 6374 3023
f 4254 6299 4255
f 4255 6299 6288
f 6473 6300 3024
f 3024 6300 3025
f 6476 4257 6312
f 6312 4257 4256
f 4240 6476 4241
f 4241 6476 6312
f 6477 4239 6391
f 6391 4239 4238
f 6467 6477 6457
f 6457 6477 6391
f 6411 3029 6467
f 6467 3029 3028
f 4216 3030 6411
f 6411 3030 3029
f 6479 6480 6478
f 6478 6480 6481
f 6483 6484 6482
f 6482 6484 6485
f 6486 6487 4102
f 4102 6487 6331
f 6483 6488 6478
f 6478 6488 6489
f 4429 4829 6490
f 6490 4829 6479
f 6491 6486 4101
f 4101 6486 4102
f 4895 6491 4899
f 4899 6491 4101
f 4160 6488 4157
f 4157 6488 6492
f 6489 4087 6490
f 6490 4087 4090
f 4267 4261 5013
f 5013 4261 4260
f 4258 4261 5328
f 5328 4261 4975
f 4261 4267 4975
f 4975 4267 4266
f 5367 3793 3912
f 3912 3793 3575
f 6494 3616 6493
f 6493 3616 3795
f 6496 3589 6495
f 6495 3589 3588
f 6495 3588 5368
f 5368 3588 3794
f 3841 3840 3050
f 3050 3840 3051
f 3912 3911 3052
f 3052 3911 3053
f 3929 3930 3054
f 3054 3930 3055
f 5370 3930 3916
f 3916 3930 3923
f 3938 5369 3807
f 3807 5369 3915
f 3589 6496 3806
f 3806 6496 3937
f 3938 3937 3056
f 3056 3937 3057
f 3051 3840 3058
f 3058 3840 3943
f 3730 4808 3727
f 3727 4808 3943
f 3820 3951 3795
f 3795 3951 6493
f 3951 3841 3059
f 3059 3841 3050
f 3911 3574 6494
f 6494 3574 3616
f 3823 3929 3824
f 3824 3929 3952
f 4061 4060 3060
f 3060 4060 3061
f 6497 6498 4901
f 4901 6498 4790
f 6333 6499 4738
f 4738 6499 4739
f 6500 6501 6314
f 6314 6501 4418
f 6502 6275 4417
f 4417 6275 4185
f 6503 6497 4783
f 4783 6497 4901
f 6498 4060 4790
f 4790 4060 4059
f 4808 4061 3069
f 3069 4061 3060
f 5367 3071 5368
f 5368 3071 3070
f 5369 3073 5370
f 5370 3073 3072
f 6274 6275 3074
f 3074 6275 3075
f 6499 6504 4739
f 4739 6504 6317
f 6333 6332 3077
f 3077 6332 3078
f 6334 6274 3079
f 3079 6274 3074
f 6332 4825 3078
f 3078 4825 3080
f 6334 6503 4188
f 4188 6503 4783
f 4825 4689 3080
f 3080 4689 1330
f 6506 4747 6505
f 6505 4747 4746
f 6505 6507 6506
f 6506 6507 6508
f 4297 6509 4920
f 4920 6509 6510
f 4296 6511 4297
f 4297 6511 6509
f 6506 6508 4319
f 4319 6508 6512
f 4372 4371 6514
f 6514 4371 6513
f 6511 4296 5251
f 5251 4296 4305
f 5251 5250 6511
f 6511 5250 6515
f 6516 6509 6515
f 6515 6509 6511
f 6517 6507 6519
f 6519 6507 6518
f 6512 6520 6513
f 6513 6520 6514
f 6507 6517 6508
f 6508 6517 6521
f 5249 6523 6522
f 6522 6523 6524
f 6525 6370 5253
f 5253 6370 6526
f 4370 4323 4371
f 4371 4323 4326
f 4370 3103 4323
f 4323 3103 1541
f 6521 6517 6527
f 6527 6517 6519
f 6520 6528 6514
f 6514 6528 6529
f 6531 6532 6530
f 6530 6532 6533
f 5250 6534 6515
f 6515 6534 6535
f 6530 6533 6536
f 6536 6533 6537
f 6526 6538 6534
f 6534 6538 6537
f 6515 6535 6516
f 6516 6535 6539
f 4325 4321 4326
f 4326 4321 4320
f 4371 4326 6513
f 6513 4326 4320
f 6531 4731 6541
f 6541 4731 6540
f 4731 4730 6540
f 6540 4730 6542
f 4730 3121 6542
f 6542 3121 3120
f 6530 4328 6531
f 6531 4328 4731
f 4328 6530 4329
f 4329 6530 6536
f 4329 6536 6524
f 6524 6536 6543
f 6544 6545 6522
f 6522 6545 5248
f 6389 6388 5245
f 5245 6388 6373
f 6388 6546 6373
f 6373 6546 6475
f 4733 6546 6295
f 6295 6546 4377
f 4732 6475 4733
f 4733 6475 6546
f 4393 4432 4394
f 4394 4432 4435
f 4434 4672 4842
f 4842 4672 4671
f 4440 4439 4441
f 4441 4439 4438
f 4436 4450 4437
f 4437 4450 4398
f 4447 4444 4448
f 4448 4444 4392
f 4446 4464 4433
f 4433 4464 6547
f 4454 4423 4455
f 4455 4423 4422
f 4452 4481 4453
f 4453 4481 4480
f 4458 4389 4459
f 4459 4389 4388
f 4456 4471 4457
f 4457 4471 4468
f 4391 4460 4392
f 4392 4460 4448
f 4461 4467 4445
f 4445 4467 4465
f 4437 4398 4629
f 4629 4398 4397
f 4438 4628 4441
f 4441 4628 4631
f 4841 4629 4839
f 4839 4629 4397
f 4628 4842 4631
f 4631 4842 4671
f 4930 4989 4452
f 4452 4989 4481
f 4929 4927 4436
f 4436 4927 4450
f 4933 4387 4934
f 4934 4387 4386
f 4931 4475 4932
f 4932 4475 4474
f 4936 4449 4933
f 4933 4449 4387
f 4935 4472 4456
f 4456 4472 4471
f 4389 4458 4391
f 4391 4458 4460
f 4457 4468 4461
f 4461 4468 4467
f 4934 4386 4454
f 4454 4386 4423
f 4453 4480 4931
f 4931 4480 4475
f 4575 4997 4576
f 4576 4997 4639
f 4579 4596 4580
f 4580 4596 4595
f 4583 4582 4572
f 4572 4582 4569
f 4587 4944 4588
f 4588 4944 4562
f 4588 4562 4590
f 4590 4562 4561
f 4576 4639 4642
f 4642 4639 4638
f 4642 4845 4641
f 4641 4845 4846
f 4845 4590 4846
f 4846 4590 4561
f 4941 4938 4595
f 4595 4938 4580
f 4938 4940 4668
f 4668 4940 4669
f 4583 4942 4584
f 4584 4942 4947
f 4582 4587 4569
f 4569 4587 4586
f 5000 5001 4579
f 4579 5001 4596
f 4558 4560 4585
f 4585 4560 4586
f 4565 4639 4566
f 4566 4639 4997
f 4568 4567 4577
f 4577 4567 4578
f 4570 4554 4571
f 4571 4554 4556
f 4640 4565 4637
f 4637 4565 4546
f 4662 4664 4665
f 4665 4664 4844
f 4662 4558 4589
f 4589 4558 4585
f 4554 4570 4557
f 4557 4570 4560
f 4571 4667 4572
f 4572 4667 4943
f 4551 4670 4552
f 4552 4670 4666
f 4640 4664 4638
f 4638 4664 4663
f 4670 4568 4668
f 4668 4568 4577
f 4999 4996 4566
f 4566 4996 4543
f 4608 4564 4603
f 4603 4564 4563
f 4573 4593 4574
f 4574 4593 4592
f 4597 4614 4598
f 4598 4614 4613
f 4601 4600 4584
f 4584 4600 4581
f 4563 4562 4604
f 4604 4562 4944
f 4643 4593 4641
f 4641 4593 4573
f 4643 4847 4644
f 4644 4847 4848
f 4564 4847 4561
f 4561 4847 4846
f 4945 4941 4598
f 4598 4941 4595
f 4941 4945 4939
f 4939 4945 4946
f 4601 4948 4602
f 4602 4948 4620
f 4600 4604 4581
f 4581 4604 4944
f 5002 5003 4597
f 4597 5003 4614
f 4988 4759 4953
f 4953 4759 4402
f 4706 6548 4707
f 4707 6548 6549
f 4311 4928 4419
f 4419 4928 6550
f 4921 4920 6551
f 6551 4920 6552
f 4925 6553 4926
f 4926 6553 6554
f 4928 4921 4802
f 4802 4921 6551
f 6555 4985 6550
f 6550 4985 4419
f 4952 6556 4953
f 4953 6556 4649
f 4971 6557 4706
f 4706 6557 6548
f 4988 4648 4925
f 4925 4648 6553
f 4707 6549 5006
f 5006 6549 4987
f 4920 6510 6552
f 6552 6510 6518
f 6558 6510 6516
f 6516 6510 6509
f 6559 6558 6539
f 6539 6558 6516
f 6531 6541 6532
f 6532 6541 6560
f 6540 6561 6541
f 6541 6561 6529
f 6542 6562 6540
f 6540 6562 6561
f 6542 3120 6562
f 6562 3120 3142
f 4366 6563 4760
f 4760 6563 4970
f 4815 6564 4816
f 4816 6564 6565
f 3147 3146 6565
f 6565 3146 4816
f 6564 6563 6565
f 6565 6563 6566
f 4837 4385 4357
f 4357 4385 4358
f 6565 6566 3147
f 3147 6566 3149
f 4694 1209 3150
f 5247 5249 5248
f 5248 5249 6522
f 6372 6390 6545
f 6545 6390 6389
f 6375 5254 6376
f 6376 5254 5258
f 6377 6525 6378
f 6378 6525 5255
f 5260 6379 5258
f 5258 6379 6376
f 6380 6567 6381
f 6381 6567 6568
f 6382 6569 6383
f 6383 6569 6570
f 6377 6371 6525
f 6525 6371 6370
f 6379 5260 6384
f 6384 5260 6571
f 6385 6572 6382
f 6382 6572 6569
f 6378 5255 6375
f 6375 5255 5254
f 6386 6573 6387
f 6387 6573 6574
f 6545 6389 5248
f 5248 6389 5245
f 4675 4750 4676
f 4676 4750 6286
f 4734 6289 4735
f 4735 6289 6288
f 4804 6290 4805
f 4805 6290 4963
f 4811 4807 4812
f 4812 4807 4411
f 4954 6292 4955
f 4955 6292 4959
f 4964 4962 4965
f 4965 4962 4751
f 6285 4821 4812
f 4812 4821 4809
f 4675 4287 4965
f 4965 4287 4210
f 6294 4145 4955
f 4955 4145 4154
f 4964 4120 4805
f 4805 4120 4119
f 6298 4966 4734
f 4734 4966 6289
f 6300 6473 4735
f 4735 6473 4732
f 6297 6296 4676
f 4676 6296 4288
f 6523 3160 4330
f 4330 3160 3159
f 5253 5252 6525
f 6525 5252 5255
f 5256 5252 4305
f 4305 5252 5251
f 4304 5257 4305
f 4305 5257 5256
f 4424 5259 4304
f 4304 5259 5257
f 5261 6571 5259
f 5259 6571 5260
f 5262 6573 5261
f 5261 6573 6571
f 5264 6567 5265
f 5265 6567 6574
f 5266 6572 5267
f 5267 6572 6568
f 5268 6570 5269
f 5269 6570 6569
f 1807 3161 5268
f 5268 3161 6570
f 6524 6523 4329
f 4329 6523 4330
f 5253 6526 5250
f 5250 6526 6534
f 6543 6538 6544
f 6544 6538 6369
f 6524 6543 6522
f 6522 6543 6544
f 3071 5367 3052
f 3052 5367 3912
f 6493 3163 6494
f 6494 3163 3162
f 3164 445 3771
f 3771 445 3761
f 461 3165 3919
f 3919 3165 3920
f 330 410 3839
f 3839 410 3910
f 332 331 3552
f 3552 331 3551
f 464 304 3918
f 3918 304 3816
f 385 458 3766
f 3766 458 3894
f 412 415 3762
f 3762 415 3763
f 3166 337 3748
f 3748 337 3745
f 3072 3055 5370
f 5370 3055 3930
f 3073 5369 3056
f 3056 5369 3938
f 3167 3057 6496
f 6496 3057 3937
f 3069 3058 4808
f 4808 3058 3943
f 411 3166 3851
f 3851 3166 3748
f 3059 3163 3951
f 3951 3163 6493
f 336 3164 3772
f 3772 3164 3771
f 3053 3911 3162
f 3162 3911 6494
f 3054 3168 3929
f 3929 3168 3952
f 3165 830 3920
f 3920 830 3945
f 3170 3169 6497
f 6497 3169 6498
f 3171 1354 5005
f 5005 1354 4830
f 3172 3170 6503
f 6503 3170 6497
f 3169 3061 6498
f 6498 3061 4060
f 3173 3171 5006
f 5006 3171 5005
f 3079 3172 6334
f 6334 3172 6503
f 3174 3025 6299
f 6299 3025 6300
f 6576 6577 6575
f 6575 6577 6578
f 4612 4611 6579
f 6579 4611 6580
f 6582 6583 6581
f 6581 6583 6584
f 6584 6585 4618
f 4618 6585 4621
f 6586 6587 6589
f 6589 6587 6588
f 6588 6587 6590
f 6590 6587 6591
f 6592 4606 6590
f 6590 4606 4623
f 6594 6576 6593
f 6593 6576 6575
f 6595 6582 6579
f 6579 6582 6581
f 6580 6597 6596
f 6596 6597 6598
f 6577 6576 6599
f 6599 6576 6600
f 6595 6596 6601
f 6601 6596 6602
f 6583 6582 6603
f 6603 6582 6604
f 6586 6606 6605
f 6605 6606 6607
f 6587 6586 6608
f 6608 6586 6605
f 6587 6608 6591
f 6591 6608 6609
f 6576 6594 6600
f 6600 6594 6610
f 6582 6595 6604
f 6604 6595 6601
f 6599 6611 6577
f 6577 6611 6598
f 6613 6614 6612
f 6612 6614 6615
f 6617 6618 6616
f 6616 6618 6619
f 6621 6622 6620
f 6620 6622 6623
f 6625 6626 6624
f 6624 6626 6627
f 6629 6630 6628
f 6628 6630 6631
f 6633 6634 6632
f 6632 6634 6635
f 6637 6638 6636
f 6636 6638 6639
f 6640 6641 6637
f 6637 6641 6638
f 6643 6633 6642
f 6642 6633 6632
f 6645 6646 6644
f 6644 6646 6647
f 6646 6648 6647
f 6647 6648 6649
f 6651 6652 6650
f 6650 6652 6653
f 6653 6652 6654
f 6654 6652 6655
f 6656 6657 6659
f 6659 6657 6658
f 6661 6662 6660
f 6660 6662 6663
f 6662 6661 6664
f 6664 6661 6665
f 6667 6657 6666
f 6666 6657 6656
f 6669 6670 6668
f 6668 6670 6671
f 6672 6673 6670
f 6670 6673 6671
f 6674 6675 6677
f 6677 6675 6676
f 6675 6678 6676
f 6676 6678 6679
f 6681 6682 6680
f 6680 6682 6683
f 6684 6685 6683
f 6683 6685 6680
f 6687 6688 6686
f 6686 6688 6689
f 6687 6690 6688
f 6688 6690 6691
f 6619 6618 6633
f 6633 6618 6634
f 6632 6635 6693
f 6693 6635 6692
f 6617 6694 6636
f 6636 6694 6637
f 6695 6692 6639
f 6639 6692 6635
f 6637 6694 6640
f 6640 6694 6696
f 6698 6638 6697
f 6697 6638 6641
f 6643 6616 6633
f 6633 6616 6619
f 6642 6699 6641
f 6641 6699 6697
f 6646 6645 6700
f 6700 6645 6621
f 6644 6701 6654
f 6654 6701 6702
f 6700 6703 6646
f 6646 6703 6648
f 6693 6704 6649
f 6649 6704 6647
f 6620 6623 6651
f 6651 6623 6652
f 6693 6649 6699
f 6699 6649 6650
f 6652 6623 6655
f 6655 6623 6622
f 6654 6702 6653
f 6653 6702 6697
f 6615 6614 6657
f 6657 6614 6658
f 6705 6656 6704
f 6704 6656 6659
f 6613 6706 6660
f 6660 6706 6661
f 6704 6659 6701
f 6701 6659 6663
f 6661 6706 6665
f 6665 6706 6707
f 6708 6702 6664
f 6664 6702 6662
f 6612 6615 6667
f 6667 6615 6657
f 6666 6709 6664
f 6664 6709 6708
f 6629 6710 6669
f 6669 6710 6670
f 6668 6711 6679
f 6679 6711 6712
f 6713 6672 6710
f 6710 6672 6670
f 6714 6671 6705
f 6705 6671 6673
f 6628 6631 6674
f 6674 6631 6675
f 6705 6673 6709
f 6709 6673 6677
f 6631 6630 6675
f 6675 6630 6678
f 6712 6708 6679
f 6679 6708 6676
f 6625 6715 6682
f 6682 6715 6683
f 6716 6717 6681
f 6681 6717 6691
f 6718 6684 6715
f 6715 6684 6683
f 6719 6680 6714
f 6714 6680 6685
f 6624 6627 6686
f 6686 6627 6687
f 6689 6711 6685
f 6685 6711 6714
f 6627 6626 6687
f 6687 6626 6690
f 6717 6712 6691
f 6691 6712 6688
f 6612 6707 6613
f 6613 6707 6706
f 6616 6696 6617
f 6617 6696 6694
f 6703 6700 6620
f 6620 6700 6621
f 6715 6625 6718
f 6718 6625 6624
f 6710 6629 6713
f 6713 6629 6628
f 6639 6635 6636
f 6636 6635 6634
f 6641 6640 6642
f 6642 6640 6643
f 6654 6655 6644
f 6644 6655 6645
f 6651 6650 6648
f 6648 6650 6649
f 6659 6658 6663
f 6663 6658 6660
f 6665 6667 6664
f 6664 6667 6666
f 6678 6669 6679
f 6679 6669 6668
f 6673 6672 6677
f 6677 6672 6674
f 6690 6682 6691
f 6691 6682 6681
f 6685 6684 6689
f 6689 6684 6686
f 6636 6634 6617
f 6617 6634 6618
f 6638 6698 6639
f 6639 6698 6695
f 6640 6696 6643
f 6643 6696 6616
f 6693 6699 6632
f 6632 6699 6642
f 6655 6622 6645
f 6645 6622 6621
f 6704 6701 6647
f 6647 6701 6644
f 6651 6648 6620
f 6620 6648 6703
f 6650 6653 6699
f 6699 6653 6697
f 6613 6660 6614
f 6614 6660 6658
f 6663 6662 6701
f 6701 6662 6702
f 6665 6707 6667
f 6667 6707 6612
f 6705 6709 6656
f 6656 6709 6666
f 6630 6629 6678
f 6678 6629 6669
f 6714 6711 6671
f 6671 6711 6668
f 6672 6713 6674
f 6674 6713 6628
f 6677 6676 6709
f 6709 6676 6708
f 6626 6625 6690
f 6690 6625 6682
f 6680 6719 6681
f 6681 6719 6716
f 6684 6718 6686
f 6686 6718 6624
f 6711 6689 6712
f 6689 6688 6712
f 6593 6720 6594
f 6594 6720 6721
f 6722 6720 4607
f 4607 6720 4849
f 6592 6723 6722
f 6722 6723 6724
f 4610 4609 6578
f 6578 4609 6575
f 6596 6595 6580
f 6580 6595 6579
f 4618 4617 6584
f 6584 4617 6581
f 6589 6585 6586
f 6586 6585 6606
f 4622 4619 6588
f 6588 4619 6589
f 4622 6588 4623
f 4623 6588 6590
f 4609 4645 6575
f 6575 4645 6593
f 4617 4612 6581
f 6581 4612 6579
f 5004 4610 6597
f 6597 4610 6578
f 4645 4849 6593
f 6593 4849 6720
f 6724 6721 6722
f 6722 6721 6720
f 6722 4607 6592
f 6592 4607 4606
f 6725 6610 6721
f 6721 6610 6594
f 6723 6726 6724
f 6724 6726 6727
f 6727 6725 6724
f 6724 6725 6721
f 6728 6729 6605
f 6605 6729 6608
f 6605 6607 6728
f 6728 6607 6730
f 6731 6732 6604
f 6604 6732 6603
f 6733 6734 6725
f 6725 6734 6610
f 6735 6733 6727
f 6727 6733 6725
f 6735 6727 6736
f 6736 6727 6726
f 6591 6609 6723
f 6723 6609 6726
f 6723 6592 6591
f 6591 6592 6590
f 6738 6739 6737
f 6737 6739 6740
f 6740 6739 6742
f 6742 6739 6741
f 6743 6744 6741
f 6741 6744 6742
f 6745 6746 6743
f 6743 6746 6744
f 6747 6748 6745
f 6745 6748 6746
f 6749 6750 6747
f 6747 6750 6748
f 6752 6738 6751
f 6751 6738 6737
f 6754 6752 6753
f 6753 6752 6751
f 6756 6754 6755
f 6755 6754 6753
f 6758 6750 6757
f 6757 6750 6749
f 6760 6756 6759
f 6759 6756 6755
f 6762 6760 6761
f 6761 6760 6759
f 6764 6762 6763
f 6763 6762 6761
f 6757 6764 6758
f 6758 6764 6763
f 6766 6741 6765
f 6765 6741 6739
f 6767 6743 6766
f 6766 6743 6741
f 6768 6745 6767
f 6767 6745 6743
f 6769 6747 6768
f 6768 6747 6745
f 6770 6749 6769
f 6769 6749 6747
f 6772 6769 6771
f 6771 6769 6768
f 6773 6770 6772
f 6772 6770 6769
f 6774 6775 6772
f 6772 6775 6773
f 6777 6778 6776
f 6776 6778 6779
f 6775 6774 6778
f 6778 6774 6779
f 6771 6780 6772
f 6772 6780 6774
f 6780 6781 6774
f 6774 6781 6779
f 6781 6782 6779
f 6779 6782 6776
f 6784 6785 6783
f 6783 6785 6786
f 6786 6787 6783
f 6783 6787 6788
f 6790 6788 6789
f 6789 6788 6787
f 6786 6785 6791
f 6791 6785 6792
f 6791 6793 6786
f 6786 6793 6787
f 6793 6794 6787
f 6787 6794 6789
f 6795 6796 6794
f 6794 6796 6789
f 6790 6789 6797
f 6797 6789 6796
f 6798 6765 6738
f 6738 6765 6739
f 6799 6798 6752
f 6752 6798 6738
f 6767 6800 6768
f 6768 6800 6771
f 6766 6801 6767
f 6767 6801 6800
f 6802 6801 6765
f 6765 6801 6766
f 6798 6803 6765
f 6765 6803 6802
f 6804 6803 6799
f 6799 6803 6798
f 6805 6806 6804
f 6804 6806 6803
f 6807 6799 6754
f 6754 6799 6752
f 6808 6804 6807
f 6807 6804 6799
f 6809 6805 6808
f 6808 6805 6804
f 6810 6811 6805
f 6805 6811 6806
f 6812 6813 6810
f 6810 6813 6811
f 6814 6815 6796
f 6796 6815 6797
f 6813 6814 6816
f 6816 6814 6817
f 6816 6818 6813
f 6813 6818 6811
f 6819 6806 6818
f 6818 6806 6811
f 6802 6803 6819
f 6819 6803 6806
f 6757 6749 6820
f 6820 6749 6770
f 6820 6770 6821
f 6821 6770 6773
f 6821 6773 6822
f 6822 6773 6775
f 6822 6775 6823
f 6823 6775 6778
f 6824 6823 6777
f 6777 6823 6778
f 6784 6825 6777
f 6777 6825 6824
f 6826 6827 6788
f 6788 6827 6783
f 6828 6826 6790
f 6790 6826 6788
f 6829 6828 6797
f 6797 6828 6790
f 6815 6830 6797
f 6797 6830 6829
f 6832 6812 6831
f 6831 6812 6810
f 6831 6810 6809
f 6809 6810 6805
f 6736 6800 6735
f 6735 6800 6801
f 6733 6735 6802
f 6802 6735 6801
f 6734 6733 6819
f 6819 6733 6802
f 6833 6734 6818
f 6818 6734 6819
f 6834 6833 6816
f 6816 6833 6818
f 6816 6817 6834
f 6834 6817 6835
f 6837 6795 6836
f 6836 6795 6794
f 6836 6794 6731
f 6731 6794 6793
f 6732 6731 6791
f 6791 6731 6793
f 6791 6792 6732
f 6732 6792 6730
f 6729 6728 6781
f 6781 6728 6782
f 6838 6807 6756
f 6756 6807 6754
f 6839 6838 6760
f 6760 6838 6756
f 6840 6839 6762
f 6762 6839 6760
f 6841 6840 6764
f 6764 6840 6762
f 6820 6841 6757
f 6757 6841 6764
f 6841 6820 6842
f 6842 6820 6821
f 6840 6841 6843
f 6843 6841 6842
f 6839 6840 6844
f 6844 6840 6843
f 6838 6839 6845
f 6845 6839 6844
f 6807 6838 6808
f 6808 6838 6845
f 6842 6821 6846
f 6846 6821 6822
f 6843 6842 6847
f 6847 6842 6846
f 6844 6843 6848
f 6848 6843 6847
f 6845 6844 6849
f 6849 6844 6848
f 6808 6845 6809
f 6809 6845 6849
f 6850 6831 6849
f 6849 6831 6809
f 6851 6850 6848
f 6848 6850 6849
f 6847 6852 6848
f 6848 6852 6851
f 6853 6852 6846
f 6846 6852 6847
f 6846 6822 6853
f 6853 6822 6823
f 6853 6823 6854
f 6854 6823 6824
f 6854 6855 6853
f 6853 6855 6852
f 6856 6851 6855
f 6855 6851 6852
f 6856 6857 6851
f 6851 6857 6850
f 6857 6832 6850
f 6850 6832 6831
f 6825 6858 6824
f 6824 6858 6854
f 6860 6827 6859
f 6859 6827 6826
f 6859 6826 6861
f 6861 6826 6828
f 6862 6861 6829
f 6829 6861 6828
f 6830 6863 6829
f 6829 6863 6862
f 6863 6864 6862
f 6862 6864 6865
f 6858 6866 6854
f 6854 6866 6855
f 6867 6865 6866
f 6866 6865 6864
f 6869 6859 6868
f 6868 6859 6861
f 6867 6869 6865
f 6865 6869 6868
f 6861 6862 6868
f 6868 6862 6865
f 6867 6860 6869
f 6869 6860 6859
f 6753 6751 6698
f 6698 6751 6695
f 6697 6755 6698
f 6698 6755 6753
f 6759 6755 6702
f 6702 6755 6697
f 6761 6759 6708
f 6708 6759 6702
f 6763 6761 6712
f 6712 6761 6708
f 6758 6763 6717
f 6717 6763 6712
f 6750 6758 6716
f 6716 6758 6717
f 6719 6748 6716
f 6716 6748 6750
f 6714 6746 6719
f 6719 6746 6748
f 6705 6744 6714
f 6714 6744 6746
f 6704 6742 6705
f 6705 6742 6744
f 6740 6742 6693
f 6693 6742 6704
f 6737 6740 6692
f 6692 6740 6693
f 6751 6737 6695
f 6695 6737 6692
f 6601 6602 6836
f 6836 6602 6837
f 6604 6601 6731
f 6731 6601 6836
f 6599 6600 6834
f 6834 6600 6833
f 6834 6835 6599
f 6599 6835 6611
f 6600 6610 6833
f 6833 6610 6734
f 6780 6771 6870
f 6870 6771 6736
f 6736 6771 6800
f 6870 6729 6780
f 6780 6729 6781
f 6608 6729 6609
f 6609 6729 6870
f 6609 6870 6726
f 6726 6870 6736
f 5014 5015 5229
f 5229 5015 5230
f 4258 5015 4259
f 4259 5015 4878
f 3471 3013 4703
f 4703 3013 4704
f 2879 6337 1306
f 1306 6337 4785
f 829 3471 4316
f 4316 3471 4703
f 4702 3472 5223
f 5223 3472 1756
f 6871 6872 4534
f 4534 6872 4535
f 6871 4665 6872
f 6872 4665 4844
f 6871 6873 4665
f 4665 6873 4559
f 6871 4534 6873
f 6873 4534 4542
f 4153 4152 4822
f 4822 4152 4407
f 4152 4168 4407
f 4407 4168 4342
f 4343 4168 4923
f 4923 4168 4167
f 4363 4362 4972
f 4972 4362 4840
f 4362 4394 4840
f 4840 4394 4839
f 4401 4400 4986
f 4986 4400 4984
f 4435 4434 4841
f 4841 4434 4842
f 4506 4505 4530
f 4530 4505 4531
f 4506 4535 4507
f 4507 4535 4843
f 4661 4660 4516
f 4516 4660 4517
f 4673 4672 4937
f 4937 4672 6547
f 4400 4924 4984
f 4984 4924 5263
f 4673 4660 4674
f 4674 4660 4659
f 4505 4661 4531
f 4531 4661 4516
f 4952 4401 6874
f 6874 4401 4986
f 4954 4153 6875
f 6875 4153 4822
f 4363 4973 4364
f 4364 4973 4974
f 5264 4924 5267
f 5267 4924 4691
f 6293 6292 6876
f 6876 6292 6877
f 6380 4343 6387
f 6387 4343 4923
f 4394 4435 4839
f 4839 4435 4841
f 4672 4434 6547
f 6547 4434 4433
f 4973 6556 4974
f 4974 6556 6878
f 6567 6380 6574
f 6574 6380 6387
f 6292 4954 6877
f 6877 4954 6875
f 6567 5264 6568
f 6568 5264 5267
f 4145 4144 4154
f 4154 4144 4151
f 4194 4144 4425
f 4425 4144 4143
f 4355 4354 5263
f 5263 4354 4984
f 4360 4359 4364
f 4364 4359 4361
f 4444 4359 4392
f 4392 4359 4337
f 4447 4446 4432
f 4432 4446 4433
f 4464 4463 6547
f 6547 4463 4937
f 4519 4518 4654
f 4654 4518 4509
f 4533 4532 4499
f 4499 4532 4498
f 4533 4542 4530
f 4530 4542 4534
f 4519 4532 4516
f 4516 4532 4531
f 4922 4194 4426
f 4426 4194 4425
f 4463 4518 4937
f 4937 4518 4517
f 6555 4951 6874
f 6874 4951 6878
f 4958 4957 6290
f 6290 4957 6291
f 4334 4360 4712
f 4712 4360 4950
f 4985 4354 4419
f 4419 4354 4353
f 5262 4355 5265
f 5265 4355 5263
f 6294 4958 4804
f 4804 4958 6290
f 6386 4922 6384
f 6384 4922 4426
f 4444 4447 4393
f 4393 4447 4432
f 4464 4446 4465
f 4465 4446 4445
f 4985 6555 4986
f 4986 6555 6874
f 6573 6386 6571
f 6571 6386 6384
f 4145 6294 4146
f 4146 6294 4804
f 6573 5262 6574
f 6574 5262 5265
f 4542 4541 6873
f 6873 4541 4559
f 4535 6872 4843
f 4843 6872 4844
f 4104 4103 6879
f 6879 4103 6343
f 4105 6293 6307
f 6307 6293 6876
f 4104 4956 4105
f 4105 4956 6293
f 4956 4104 4957
f 4957 4104 6879
f 4957 6879 6291
f 6291 6879 6309
f 4648 4988 4649
f 4649 4988 4953
f 4802 4803 4928
f 4928 4803 6550
f 6550 4803 6555
f 6555 4803 4951
f 1516 3173 4987
f 4987 3173 5006
f 6519 6518 6558
f 6558 6518 6510
f 6527 6519 6559
f 6559 6519 6558
f 6528 6560 6529
f 6529 6560 6541
f 6548 4625 6549
f 6549 4625 4624
f 6551 6552 4746
f 4746 6552 6505
f 6553 4711 6554
f 6554 4711 4710
f 4802 6551 4713
f 4713 6551 4746
f 6556 4973 4649
f 4649 4973 4646
f 6557 4949 6548
f 6548 4949 4625
f 4648 4647 6553
f 6553 4647 4711
f 6549 4624 4987
f 4987 4624 4838
f 6552 6518 6505
f 6505 6518 6507
f 6561 4372 6529
f 6529 4372 6514
f 6562 4369 6561
f 6561 4369 4372
f 3142 3482 6562
f 6562 3482 4369
f 6556 4952 6878
f 6878 4952 6874
f 4951 4950 6878
f 6878 4950 4974
f 3168 440 3952
f 4204 4203 5341
f 5341 4203 6364
f 4219 4222 6429
f 6429 4222 4383
f 4319 4322 6506
f 6506 4322 4747
f 4340 4714 4341
f 4341 4714 4384
f 4375 4377 6388
f 6388 4377 6546
f 4378 4381 6311
f 6311 4381 4720
f 4449 4341 4387
f 4387 4341 4384
f 4473 4472 4477
f 4477 4472 4474
f 4492 4491 4487
f 4487 4491 4488
f 4523 4491 4522
f 4522 4491 4490
f 4492 4538 4493
f 4493 4538 4555
f 4538 4553 4555
f 4555 4553 4556
f 4620 4615 4621
f 4621 4615 4618
f 4652 4651 4368
f 4368 4651 4365
f 4523 4655 4524
f 4524 4655 4656
f 4553 4667 4556
f 4556 4667 4571
f 4651 1210 4365
f 4365 1210 1209
f 4698 4697 5223
f 5223 4697 6344
f 4340 4339 4322
f 4322 4339 4747
f 4726 4729 5287
f 5287 4729 4198
f 4381 4380 4737
f 4737 4380 6368
f 4836 4835 4451
f 4451 4835 4709
f 4910 6367 4911
f 4911 6367 6366
f 4912 4915 6450
f 6450 4915 6449
f 4927 4836 4450
f 4450 4836 4451
f 4930 4929 4439
f 4439 4929 4436
f 4936 4935 4459
f 4459 4935 4456
f 4473 4655 4470
f 4470 4655 4510
f 4942 4583 4943
f 4943 4583 4572
f 4948 4601 4947
f 4947 4601 4584
f 4949 4835 4625
f 4625 4835 4626
f 4966 4969 6289
f 6289 4969 4695
f 4971 4652 4926
f 4926 4652 4368
f 4203 4977 6364
f 6364 4977 6365
f 4990 4989 4443
f 4443 4989 4440
f 4990 4991 4478
f 4478 4991 4512
f 4992 4991 4528
f 4528 4991 4515
f 4992 4993 4527
f 4527 4993 4485
f 4994 4993 4502
f 4502 4993 4503
f 4994 4995 4482
f 4482 4995 4550
f 4543 4996 4544
f 4544 4996 4995
f 4999 4998 4567
f 4567 4998 4578
f 5000 4998 4575
f 4575 4998 4997
f 5002 5001 4592
f 4592 5001 4574
f 5003 5004 4614
f 4614 5004 4611
f 3483 4215 1755
f 1755 4215 4698
f 5274 5277 4195
f 4195 5277 4223
f 4726 5295 4727
f 4727 5295 6350
f 5309 5342 5310
f 5310 5342 6363
f 5315 5314 5316
f 5316 5314 5317
f 5339 6362 5340
f 5340 6362 5363
f 5310 6363 5339
f 5339 6363 6362
f 4204 5309 4201
f 4201 5309 5308
f 4915 5345 6449
f 6449 5345 6448
f 5345 5315 6448
f 6448 5315 5316
f 5348 5347 6351
f 6351 5347 6352
f 5365 4263 5340
f 5340 4263 4262
f 6295 6298 4733
f 4733 6298 4734
f 4969 6306 4695
f 4695 6306 4696
f 6306 4378 4696
f 4696 4378 6311
f 6369 6372 6544
f 6544 6372 6545
f 4375 6390 4373
f 4373 6390 4374
f 6421 6422 4911
f 4911 6422 4908
f 4910 4909 4737
f 4737 4909 4736
f 5277 4219 4223
f 4223 4219 6429
f 4697 4222 6344
f 6344 4222 4221
f 6436 6361 6437
f 6437 6361 6360
f 6438 6440 6437
f 6437 6440 6434
f 6438 6359 6441
f 6441 6359 6358
f 6442 6441 6357
f 6357 6441 6358
f 6442 6444 6443
f 6443 6444 6445
f 6446 6444 6355
f 6355 6444 6356
f 6446 4912 6447
f 6447 4912 6450
f 6436 6435 5365
f 5365 6435 4263
f 5314 5347 5317
f 5317 5347 5346
f 4319 6512 4320
f 4320 6512 6513
f 6520 6512 6521
f 6521 6512 6508
f 6528 6520 6527
f 6527 6520 6521
f 6532 6539 6533
f 6533 6539 6535
f 6533 6535 6537
f 6537 6535 6534
f 6538 6543 6537
f 6537 6543 6536
f 6295 4377 6296
f 6296 4377 4376
f 4989 4930 4440
f 4440 4930 4439
f 4927 4929 4422
f 4422 4929 4455
f 4449 4936 4388
f 4388 4936 4459
f 4472 4935 4474
f 4474 4935 4932
f 4942 4940 4947
f 4947 4940 4939
f 5001 5000 4574
f 4574 5000 4575
f 4669 4943 4666
f 4666 4943 4667
f 4996 4999 4547
f 4547 4999 4567
f 4948 4946 4620
f 4620 4946 4615
f 5003 5002 4591
f 4591 5002 4592
f 6557 4971 6554
f 6554 4971 4926
f 6532 6560 6539
f 6539 6560 6559
f 6390 6372 4374
f 4374 6372 6371
f 4966 6298 4967
f 4967 6298 6297
f 6538 6526 6369
f 6369 6526 6370
f 6585 6589 4621
f 4621 6589 4619
f 6597 6578 6598
f 6598 6578 6577
f 6606 6583 6607
f 6607 6583 6603
f 6611 6602 6598
f 6598 6602 6596
f 6585 6584 6606
f 6606 6584 6583
f 6597 6580 5004
f 5004 6580 4611
f 6607 6603 6730
f 6730 6603 6732
f 6776 6785 6777
f 6777 6785 6784
f 6785 6776 6792
f 6792 6776 6782
f 6815 6814 6812
f 6812 6814 6813
f 6817 6814 6795
f 6795 6814 6796
f 6825 6784 6827
f 6827 6784 6783
f 6830 6815 6832
f 6832 6815 6812
f 6817 6795 6835
f 6835 6795 6837
f 6792 6782 6730
f 6730 6782 6728
f 6858 6825 6860
f 6860 6825 6827
f 6863 6830 6857
f 6857 6830 6832
f 6864 6863 6856
f 6856 6863 6857
f 6866 6858 6867
f 6867 6858 6860
f 6866 6864 6855
f 6855 6864 6856
f 6835 6837 6611
f 6611 6837 6602
f 6560 6528 6559
f 6559 6528 6527
f 4949 6557 4710
f 4710 6557 6554
f 4430 4090 4175
f 4175 4090 4089
f 4777 4113 4155
f 4155 4113 4086
f 4175 4089 4176
f 4176 4089 4142
f 4199 4271 4200
f 4200 4271 4798
f 4199 4095 4272
f 4272 4095 5273
f 4406 4405 4404
f 4404 4405 4346
f 4410 4409 6877
f 6877 4409 6876
f 4409 4413 6876
f 6876 4413 6307
f 4415 4148 4416
f 4416 4148 4147
f 4690 4405 4344
f 4344 4405 4342
f 4693 4692 4352
f 4352 4692 4349
f 4701 4700 6337
f 6337 4700 6338
f 4778 4777 4081
f 4081 4777 4155
f 4821 4406 4809
f 4809 4406 4404
f 4176 4142 4181
f 4181 4142 4415
f 4760 4970 4399
f 4399 4970 4692
f 4200 5007 4096
f 4096 5007 4078
f 5266 4693 5269
f 5269 4693 4352
f 5270 5007 5361
f 5361 5007 4797
f 4778 5270 4779
f 4779 5270 5361
f 6285 4410 6875
f 6875 4410 6877
f 6308 4413 4687
f 4687 4413 4412
f 6480 6320 6481
f 6481 6320 6880
f 4701 2878 4702
f 4702 2878 3472
f 6339 6347 6340
f 6340 6347 6348
f 6341 6342 6346
f 6346 6342 6345
f 4416 6308 4414
f 4414 6308 4687
f 6385 4690 6381
f 6381 4690 4344
f 5282 6341 5280
f 5280 6341 6339
f 4700 6342 6338
f 6338 6342 5281
f 6340 6348 4272
f 4272 6348 4270
f 6480 6479 4828
f 4828 6479 4829
f 6490 6479 6489
f 6489 6479 6478
f 4090 4430 6490
f 6490 4430 4429
f 6563 6564 4970
f 4970 6564 4815
f 4694 6566 4366
f 4366 6566 6563
f 6572 6385 6568
f 6568 6385 6381
f 4821 6285 4822
f 4822 6285 6875
f 6572 5266 6569
f 6569 5266 5269
f 3482 3103 4369
f 4369 3103 4370
f 3121 4730 3485
f 3485 4730 4327
f 6277 6280 6273
f 6273 6280 6272
f 6267 6276 6278
f 6278 6276 6279
f 6278 6279 6277
f 6277 6279 6280
f 6279 6256 6280
f 6280 6256 6255
f 6256 3857 6255
f 6255 3857 3754
f 3857 3856 3754
f 3754 3856 3755
f 3856 3703 3755
f 3755 3703 3863
f 3703 3702 3863
f 3863 3702 3759
f 3702 3706 3759
f 3759 3706 3670
f 3706 3705 3670
f 3670 3705 3668
f 3705 3773 3668
f 3668 3773 3882
f 3882 3773 3883
f 3883 3773 3707
f 3707 3708 3883
f 3883 3708 3880
f 3708 3710 3880
f 3880 3710 3881
f 3709 5241 3710
f 3710 5241 3881
f 5241 3709 5234
f 5234 3709 3786
f 3693 3712 3786
f 3786 3712 5234
f 4051 4055 4052
f 4052 4055 4056
f 4056 4055 4057
f 4057 4055 4054
f 4066 5238 5236
f 5236 5238 3989
f 4066 4069 5238
f 5238 4069 4035
f 6881 3962 3960
f 3960 3962 3957
f 6883 4070 6882
f 6882 4070 3941
f 4070 6883 4071
f 4071 6883 6884
f 4071 6884 4072
f 4072 6884 6885
f 6885 6886 4072
f 4072 6886 4031
f 3955 6881 3956
f 3956 6881 3960
f 6884 3991 6885
f 6885 3991 3990
f 6883 6887 6884
f 6884 6887 3991
f 6887 6888 3991
f 3991 6888 3992
f 6888 6887 6889
f 6889 6887 6890
f 6887 6883 6890
f 6890 6883 6882
f 4058 5240 3953
f 3953 5240 3954
f 5236 6888 5239
f 5239 6888 6889
f 5237 6886 3990
f 3990 6886 6885
f 4034 4031 5237
f 5237 4031 6886
f 6881 6882 3962
f 3962 6882 3941
f 6881 3955 6882
f 6882 3955 6890
f 3955 3954 6890
f 6890 3954 6889
f 5239 6889 5240
f 5240 6889 3954
f 6888 5236 3992
f 3992 5236 3989
f 3869 3868 3888
f 3888 3868 4015
f 3868 4012 4015
f 4015 4012 4010
f 4012 4022 4010
f 4010 4022 4009
f 4022 4021 4009
f 4009 4021 4018
f 4020 3974 4001
f 4001 3974 3996
f 4021 4020 4029
f 4029 4020 4001
f 4085 4156 4086
f 4086 4156 4155
f 4113 4777 4114
f 4114 4777 4776
f 4130 4129 4094
f 4094 4129 4091
f 4139 4773 4140
f 4140 4773 4772
f 4149 4178 4150
f 4150 4178 5225
f 4160 4159 4087
f 4087 4159 4088
f 4149 4148 4179
f 4179 4148 4141
f 4085 4084 4183
f 4183 4084 6315
f 4179 4141 4159
f 4159 4141 4088
f 4192 4130 4162
f 4162 4130 4094
f 4197 5288 4198
f 4198 5288 5287
f 4229 4766 4230
f 4230 4766 4771
f 4245 4246 4242
f 4242 4246 4249
f 4183 6315 4418
f 4418 6315 6314
f 4679 4178 4680
f 4680 4178 4177
f 4724 4798 4725
f 4725 4798 4271
f 4728 5275 4729
f 4729 5275 5274
f 4230 4771 4249
f 4249 4771 4242
f 4724 4723 4799
f 4799 4723 5355
f 4823 4824 4891
f 4891 4824 6327
f 4823 4192 4161
f 4161 4192 4162
f 4893 4767 4229
f 4229 4767 4766
f 4894 4895 4898
f 4898 4895 4899
f 4106 4150 4103
f 4103 4150 5225
f 4680 4894 4677
f 4677 4894 4898
f 6420 4977 5301
f 5301 4977 4976
f 4679 4678 5226
f 5226 4678 4427
f 5228 5008 4893
f 4893 5008 4767
f 5285 6354 5286
f 5286 6354 5343
f 5289 5352 5290
f 5290 5352 5349
f 5290 5349 5295
f 5295 5349 5348
f 5302 5299 4202
f 4202 5299 4976
f 4725 4271 5311
f 5311 4271 4270
f 5325 4723 5326
f 5326 4723 4722
f 5335 5355 5325
f 5325 5355 4723
f 5326 4722 5286
f 5286 4722 5283
f 4799 5357 4797
f 4797 5357 5361
f 5359 5356 5335
f 5335 5356 5355
f 4775 4774 5356
f 5356 4774 5357
f 5359 5358 4092
f 4092 5358 4093
f 6316 4740 6317
f 6317 4740 4739
f 6318 4827 6316
f 6316 4827 4740
f 6319 4828 6318
f 6318 4828 4827
f 6320 6480 6319
f 6319 6480 4828
f 6484 6322 6485
f 6485 6322 6321
f 6487 6324 6331
f 6331 6324 6323
f 6331 6323 6330
f 6330 6323 6325
f 6325 6326 6330
f 6330 6326 6329
f 6326 6328 6329
f 6329 6328 5231
f 4824 4685 5228
f 5228 4685 5008
f 5226 6343 5225
f 5225 6343 4103
f 4728 4727 6349
f 6349 4727 5284
f 6350 6351 5285
f 5285 6351 6354
f 4247 4246 6418
f 6418 4246 6365
f 6400 6402 6401
f 6401 6402 6459
f 4197 4196 6409
f 6409 4196 6426
f 6412 4897 6328
f 6328 4897 5231
f 6413 4133 6412
f 6412 4133 4897
f 6414 4134 6413
f 6413 4134 4133
f 6415 4225 6414
f 6414 4225 4134
f 6416 4252 6415
f 6415 4252 4225
f 6417 4253 6416
f 6416 4253 4252
f 4253 6417 6366
f 6366 6417 6419
f 6366 6419 4911
f 4911 6419 6421
f 6422 6423 4908
f 4908 6423 5298
f 5298 6423 6396
f 6396 6423 6424
f 6409 6426 6425
f 6425 6426 6397
f 5300 5299 6399
f 6399 5299 6400
f 6465 6408 6401
f 6401 6408 6398
f 6424 6399 6425
f 6425 6399 6398
f 6349 5284 5311
f 5311 5284 5283
f 6465 6464 5289
f 5289 6464 5352
f 6488 6483 6492
f 6492 6483 6482
f 6486 6491 6482
f 6482 6491 6492
f 6491 4895 6492
f 6492 4895 4157
f 6488 4160 6489
f 6489 4160 4087
f 6501 6502 4418
f 4418 6502 4417
f 6504 6500 6317
f 6317 6500 6314
f 3497 3496 6501
f 6501 3496 6502
f 3499 3498 6504
f 6504 3498 6500
f 4729 5274 4198
f 4198 5274 4195
f 6418 6365 6420
f 6420 6365 4977
f 5295 5348 6350
f 6350 5348 6351
f 5301 6422 6420
f 6420 6422 6421
f 4113 4112 4086
f 4086 4112 4083
f 6320 4112 6880
f 6880 4112 4111
f 4091 4772 4092
f 4092 4772 4775
f 4129 4140 4091
f 4091 4140 4772
f 4137 4140 4128
f 4128 4140 4129
f 4128 6324 4137
f 4137 6324 6321
f 6324 6487 6321
f 6321 6487 6485
f 6487 6486 6485
f 6485 6486 6482
f 4774 4773 4779
f 4779 4773 4776
f 4773 4139 4776
f 4776 4139 4114
f 4139 4138 4114
f 4114 4138 4111
f 4138 6322 4111
f 4111 6322 6880
f 6322 6484 6880
f 6880 6484 6481
f 6484 6483 6481
f 6481 6483 6478
f 6879 6343 6309
f 6309 6343 4428
f 4106 4105 4900
f 4900 4105 6307
f 3500 3167 6495
f 6495 3167 6496
f 3500 6495 3070
f 3070 6495 5368
f 3502 5235 3501
f 3501 5235 4813
f 3024 3503 6473
f 6473 3503 6474
f 3503 3023 6474
f 6474 3023 6374
f 3504 1770 4348
f 4348 1770 4345
f 3502 3505 5235
f 5235 3505 4810
f 3498 3497 6500
f 6500 3497 6501
f 3496 3075 6502
f 6502 3075 6275
f 6299 4254 3174
f 3174 4254 3017
f 1769 3501 4814
f 4814 3501 4813
f 3506 3018 6476
f 6476 3018 4257
f 3507 3499 6499
f 6499 3499 6504
f 3030 4216 3483
f 3483 4216 4215
f 3077 3507 6333
f 6333 3507 6499
f 1784 3160 5249
f 5249 3160 6523
f 3015 3506 4240
f 4240 3506 6476
f 3508 3504 6383
f 6383 3504 4348
f 3509 3016 6477
f 6477 3016 4239
f 3028 3509 6467
f 6467 3509 6477
f 3022 1785 5246
f 5246 1785 5247
f 3161 3508 6570
f 6570 3508 6383
f 3150 3149 4694
f 4694 3149 6566
f 1327 4807 3510
f 3510 4807 4811
f 3510 4811 3505
f 3505 4811 4810
f 3146 3511 4816
f 4816 3511 4350
f 3511 1808 4350
f 4350 1808 4351
f 3485 4327 3159
f 3159 4327 4330
f 1326 3512 4806
f 4806 3512 6310
f 3512 1331 6310
f 6310 1331 4688
