v -0.02755226567387581 0.07643058896064758 5.628672122955322
v -0.028828514739871025 0.060720741748809814 5.63523530960083
v -0.020563945174217224 0.05954292416572571 5.623730182647705
v -0.01903178170323372 0.07189568877220154 5.614579677581787
v -0.020377647131681442 0.049126893281936646 5.630632400512695
v -0.028254522010684013 0.048208802938461304 5.636969089508057
v -0.015495211817324162 0.0555797815322876 5.613065719604492
v -0.01457835454493761 0.06485256552696228 5.601949214935303
v -0.006037222687155008 0.02231263928115368 5.595674514770508
v -0.004109578672796488 0.019647745415568352 5.5839080810546875
v -0.006512700114399195 0.03165951371192932 5.589453220367432
v -0.008826461620628834 0.03118365816771984 5.59900426864624
v -0.0040799290873110294 -0.0025250627659261227 5.5897746086120605
v -0.006176790688186884 -0.01289445348083973 5.597753524780273
v -0.005476570222526789 -0.020431460812687874 5.586149215698242
v -0.004671888891607523 -0.010348739102482796 5.5774617195129395
v -0.032647933810949326 -0.007466347422450781 5.627837657928467
v -0.027076363563537598 -0.01260736770927906 5.625289440155029
v -0.024308260530233383 -0.00530257960781455 5.624802112579346
v -0.030615556985139847 -0.0010309829376637936 5.6263861656188965
v -0.04119161143898964 -0.000100763063528575 5.636451244354248
v -0.04160864278674126 0.005689977202564478 5.634081840515137
v -0.04569249972701073 0.008153526112437248 5.641009330749512
v -0.04418100044131279 0.0017057345248758793 5.643459796905518
v -0.03714089095592499 -0.013632180169224739 5.628201961517334
v -0.031276192516088486 -0.018861325457692146 5.624313831329346
v -0.03740682080388069 -0.0030682100914418697 5.63073205947876
v -0.038310497999191284 -0.00782090611755848 5.633278846740723
v -0.0381552018225193 -0.01523459143936634 5.642364025115967
v -0.037712447345256805 -0.010131271556019783 5.641945838928223
v -0.0393875390291214 -0.01017707772552967 5.648270606994629
v -0.039765097200870514 -0.015738220885396004 5.646365642547607
v -0.037441302090883255 -0.014571400359272957 5.632023334503174
v -0.03693661838769913 -0.011947216466069221 5.634841442108154
v -0.03809675574302673 -0.016224415972828865 5.6370415687561035
v -0.03979344293475151 -0.018200816586613655 5.635120391845703
v -0.040711287409067154 -0.004945935215801001 5.638220310211182
v -0.0422196127474308 -0.0039457096718251705 5.6464667320251465
v -0.044487472623586655 -0.003896655049175024 5.6535491943359375
v -0.04165862500667572 -0.01181999035179615 5.655736446380615
v -0.01690383441746235 -0.022909702733159065 5.6145100593566895
v -0.02143769897520542 -0.01762002892792225 5.620177268981934
v -0.0256037674844265 -0.02323833294212818 5.620459079742432
v -0.021283086389303207 -0.02738949842751026 5.61678409576416
v -0.039121706038713455 -0.02040150947868824 5.6309638023376465
v -0.03377339243888855 -0.0346086323261261 5.628446578979492
v -0.033954884856939316 -0.030908944085240364 5.629004001617432
v -0.03882941976189613 -0.03143295645713806 5.633955478668213
v -0.038032904267311096 -0.034832268953323364 5.633419990539551
v -0.012770307250320911 -0.03470262885093689 5.60259485244751
v -0.01715468429028988 -0.03723400831222534 5.608702182769775
v -0.016766773536801338 -0.04335755109786987 5.604246139526367
v -0.012814550660550594 -0.04223054647445679 5.598238945007324
v -0.01865679770708084 -0.049283117055892944 5.6042304039001465
v -0.014504260383546352 -0.04975605010986328 5.595709323883057
v -0.021854672580957413 -0.06457623839378357 5.595057964324951
v -0.01778152771294117 -0.05782422423362732 5.5954718589782715
v -0.021505307406187057 -0.0552084743976593 5.604856491088867
v -0.024902701377868652 -0.061145901679992676 5.608696460723877
v -0.03365417569875717 -0.059404969215393066 5.617438793182373
v -0.038139358162879944 -0.061939537525177 5.621336460113525
v -0.03337211161851883 -0.07247558236122131 5.616568088531494
v -0.02900729514658451 -0.0676998496055603 5.612985134124756
v -0.03459884598851204 -0.04002350568771362 5.622902870178223
v -0.031692709773778915 -0.039088934659957886 5.61994743347168
v -0.030930843204259872 -0.0377064049243927 5.622074127197266
v -0.033957339823246 -0.03774791955947876 5.6253743171691895
v -0.028669921681284904 -0.03848147392272949 5.61647891998291
v -0.027250563725829124 -0.03839561343193054 5.615269184112549
v -0.027242502197623253 -0.03730839490890503 5.616482257843018
v -0.028746066614985466 -0.03789699077606201 5.616795539855957
v -0.030346259474754333 -0.03860011696815491 5.617770671844482
v -0.031155705451965332 -0.04056656360626221 5.617818355560303
v -0.029425330460071564 -0.03943371772766113 5.616383075714111
v -0.03357087820768356 -0.04217272996902466 5.620697975158691
v -0.042441438883543015 -0.04713800549507141 5.63227653503418
v -0.03944053873419762 -0.04598724842071533 5.629537582397461
v -0.04156059771776199 -0.0420835018157959 5.629876613616943
v -0.04419979080557823 -0.04275748133659363 5.632003307342529
v -0.028637947514653206 -0.03594622015953064 5.619414806365967
v -0.02666034735739231 -0.03402528166770935 5.6187520027160645
v -0.02962651476264 -0.032224178314208984 5.62244176864624
v -0.0305038895457983 -0.03509783744812012 5.62324333190918
v -0.024419980123639107 -0.03150773048400879 5.617575168609619
v -0.025473499670624733 -0.03567853569984436 5.616733074188232
v -0.02274562418460846 -0.0342695415019989 5.616034507751465
v -0.027826843783259392 -0.040007084608078 5.615149974822998
v -0.025494929403066635 -0.04092887043952942 5.612989902496338
v -0.02479930780827999 -0.03846472501754761 5.613842010498047
v -0.026921739801764488 -0.044169336557388306 5.613006114959717
v -0.029531283304095268 -0.04217079281806946 5.616391181945801
v -0.031745728105306625 -0.0446242094039917 5.619524002075195
v -0.03465741500258446 -0.04730197787284851 5.623631000518799
v -0.032601866871118546 -0.0509452223777771 5.619028568267822
v -0.029275493696331978 -0.04757767915725708 5.616227626800537
v -0.028282037004828453 -0.028048785403370857 5.623386383056641
v -0.02146991714835167 -0.03804180026054382 5.611537456512451
v -0.018954381346702576 -0.03163847327232361 5.612174987792969
v -0.021567754447460175 -0.042337000370025635 5.609508037567139
v -0.02312859706580639 -0.04677566885948181 5.6096320152282715
v -0.026081645861268044 -0.051366180181503296 5.61256217956543
v -0.029494673013687134 -0.055571019649505615 5.614545822143555
v -0.03328198939561844 -0.0790499746799469 5.60340690612793
v -0.027415089309215546 -0.07275837659835815 5.601645469665527
v -0.02938077412545681 0.04038307070732117 5.633904457092285
v -0.021858474239706993 0.04127785563468933 5.630324840545654
v -0.02136027254164219 0.03424450755119324 5.624401092529297
v -0.02010360173881054 0.03661608695983887 5.623157024383545
v -0.024306364357471466 0.03702950477600098 5.627819538116455
v -0.024748893454670906 0.03433921933174133 5.627264499664307
v -0.012565026991069317 0.031236140057444572 5.60475492477417
v -0.01577533595263958 0.031487226486206055 5.609837055206299
v -0.015181549824774265 0.028265206143260002 5.608996868133545
v -0.010094965808093548 0.02528548054397106 5.602581977844238
v -0.018935296684503555 0.018959371373057365 5.616001129150391
v -0.016048945486545563 0.021222887560725212 5.612278938293457
v -0.02002541907131672 0.026613859459757805 5.61585807800293
v -0.021996697410941124 0.02500566653907299 5.619110107421875
v -0.024728229269385338 0.023639647290110588 5.622096538543701
v -0.028154602274298668 0.022822825238108635 5.625433921813965
v -0.02728564850986004 0.01775684766471386 5.623406887054443
v -0.022961655631661415 0.01796841435134411 5.620331287384033
v -0.030353857204318047 0.036715179681777954 5.630377292633057
v -0.037155088037252426 0.034624308347702026 5.632249355316162
v -0.035677842795848846 0.03217810392379761 5.630300998687744
v -0.029710661619901657 0.033805519342422485 5.629732131958008
v -0.04521339014172554 0.024493006989359856 5.628036975860596
v -0.04424918070435524 0.026943353936076164 5.628900527954102
v -0.047278840094804764 0.027577457949519157 5.631258964538574
v -0.04769267141819 0.023386595770716667 5.630006790161133
v -0.04509011656045914 0.020848480984568596 5.628396511077881
v -0.04370306432247162 0.023183224722743034 5.627877235412598
v -0.0398210808634758 0.09672370553016663 5.6304521560668945
v -0.038754116743803024 0.07799094915390015 5.640896797180176
v -0.027547461912035942 0.09337928891181946 5.616631031036377
v -0.018379442393779755 0.08499521017074585 5.602360725402832
v -0.013421214185655117 0.07355749607086182 5.590343475341797
v -0.00862791296094656 -0.028884025290608406 5.594522476196289
v -0.008198936469852924 -0.036592721939086914 5.5883588790893555
v -0.005640784744173288 -0.02752709574997425 5.5760674476623535
v -0.007697489578276873 -0.03660506010055542 5.57127046585083
v -0.010100544430315495 -0.04604858160018921 5.58378267288208
v -0.021718421950936317 -0.06541025638580322 5.580938816070557
v -0.014372826553881168 -0.05632588267326355 5.581938743591309
v -0.012935956008732319 -0.04610198736190796 5.564691543579102
v -0.011967702768743038 -0.03159263730049133 5.550437927246094
v -0.007673012558370829 -0.025243761017918587 5.558994770050049
v -0.013969472609460354 -0.014706077054142952 5.541604518890381
v -0.018832271918654442 -0.03844529390335083 5.541217803955078
v -0.018547872081398964 -0.015281977131962776 5.534514904022217
v -0.02706875652074814 -0.07540825009346008 5.5409135818481445
v -0.024621393531560898 -0.0871630311012268 5.536017894744873
v -0.017919301986694336 -0.07659387588500977 5.523752689361572
v -0.019254567101597786 -0.06561145186424255 5.529632568359375
v -0.005104113835841417 -0.017871232703328133 5.565567493438721
v -0.009307331405580044 0.043608903884887695 5.581802845001221
v -0.010123682208359241 0.041390806436538696 5.593430042266846
v -0.005962661001831293 0.0312802791595459 5.577241897583008
v -0.020267082378268242 0.10501953959465027 5.569939136505127
v -0.019603699445724487 0.09664419293403625 5.5879926681518555
v -0.012732318602502346 0.0827161967754364 5.577014446258545
v -0.014265262521803379 0.0910235047340393 5.562431335449219
v -0.04838964715600014 0.13358569145202637 5.588897705078125
v -0.042291976511478424 0.11722040176391602 5.612625598907471
v -0.029920078814029694 0.10910382866859436 5.600130558013916
v -0.033213790506124496 0.12261748313903809 5.580925464630127
v -0.016016002744436264 0.09483063220977783 5.547405242919922
v -0.020138060674071312 0.09709635376930237 5.530599117279053
v -0.029689259827136993 0.11132806539535522 5.5264973640441895
v -0.025309152901172638 0.11184847354888916 5.548226833343506
v -0.04558234289288521 0.128454327583313 5.5246171951293945
v -0.03982267156243324 0.128484308719635 5.551696300506592
v -0.01966112107038498 -0.028016211465001106 5.524379253387451
v -0.021795088425278664 -0.008838417008519173 5.523240566253662
v -0.02093801274895668 -0.053325355052948 5.53672456741333
v -0.01849810965359211 -0.043834805488586426 5.521724700927734
v -0.06560515612363815 0.13813939690589905 5.527553081512451
v -0.05831892788410187 0.14055663347244263 5.557811260223389
v -0.04120379686355591 0.07777491211891174 5.485727787017822
v -0.0393047071993351 0.09395089745521545 5.494595527648926
v -0.026226239278912544 0.08211767673492432 5.50616979598999
v -0.029133208096027374 0.06913718581199646 5.496853828430176
v -0.057093072682619095 0.08667328953742981 5.4752397537231445
v -0.05624895170331001 0.10545521974563599 5.485145568847656
v -0.0429677814245224 0.023102758452296257 5.483713626861572
v -0.0440402589738369 0.005054561886936426 5.4894208908081055
v -0.055477824062108994 0.006534127984195948 5.480718612670898
v -0.05592450872063637 0.025254903361201286 5.473128318786621
v -0.015503237955272198 0.04761767387390137 5.6199212074279785
v -0.01708853244781494 0.04065069556236267 5.62332820892334
v -0.014863432385027409 0.038934409618377686 5.616846084594727
v -0.013093269430100918 0.04413613677024841 5.611643314361572
v -0.0127878962084651 0.049434512853622437 5.602036476135254
v -0.012635218910872936 0.05539071559906006 5.589693069458008
v -0.010689935646951199 0.0700734555721283 5.5676069259643555
v -0.011235426180064678 0.07889896631240845 5.5555644035339355
v -0.015724876895546913 0.08376139402389526 5.53093147277832
v -0.01264589186757803 0.0819883644580841 5.544216156005859
v -0.020215900614857674 0.06909704208374023 5.512045860290527
v -0.022842850536108017 0.06089651584625244 5.5072760581970215
v -0.02735014818608761 0.0026937113143503666 5.511655807495117
v -0.026784230023622513 -0.019026728346943855 5.510568141937256
v -0.03600934520363808 -0.014916988089680672 5.500648021697998
v -0.03586060553789139 0.0042912946082651615 5.499064922332764
v -0.05444822460412979 -0.011030377820134163 5.484460353851318
v -0.04548252746462822 -0.012725861743092537 5.491841793060303
v -0.022839391604065895 -0.051400452852249146 5.5061492919921875
v -0.020864874124526978 -0.06377407908439636 5.498743534088135
v -0.027070093899965286 -0.057839274406433105 5.487783908843994
v -0.03063146211206913 -0.046825021505355835 5.494165897369385
v -0.03488205000758171 -0.055383771657943726 5.478782653808594
v -0.044891491532325745 -0.054834216833114624 5.472814083099365
v -0.049514349550008774 -0.042408645153045654 5.476745128631592
v -0.040563374757766724 -0.043606072664260864 5.483268737792969
v -0.04218439385294914 -0.10111269354820251 5.549475193023682
v -0.04177608713507652 -0.11118078231811523 5.542829513549805
v -0.03243868052959442 -0.10560259222984314 5.5384135246276855
v -0.03448295593261719 -0.09501534700393677 5.544229030609131
v -0.017562011256814003 -0.07342708110809326 5.493245601654053
v -0.022505322471261024 -0.0656270682811737 5.481478691101074
v -0.03298484534025192 0.021167008206248283 5.496204376220703
v -0.026838531717658043 0.02198532037436962 5.5055975914001465
v -0.02967492863535881 -0.06235629320144653 5.4718337059021
v -0.0432177297770977 -0.029430212453007698 5.489696025848389
v -0.03418233245611191 -0.03257250785827637 5.497946262359619
v -0.06686044484376907 -0.009807320311665535 5.479137897491455
v -0.06886021047830582 0.007457552943378687 5.4739909172058105
v -0.036482129245996475 0.002715973649173975 5.63041353225708
v -0.03691736236214638 0.018622873350977898 5.6272406578063965
v -0.03689799830317497 0.02266487292945385 5.627620697021484
v -0.0408664233982563 0.022784559056162834 5.628535747528076
v -0.041405390948057175 0.019552169367671013 5.628695011138916
v -0.05034482479095459 0.0550021231174469 5.650257110595703
v -0.0493682436645031 0.03798976540565491 5.646911144256592
v -0.03802651911973953 0.04442554712295532 5.64376163482666
v -0.039191216230392456 0.05893060564994812 5.644050121307373
v -0.009362234733998775 -0.003274382557719946 5.611291408538818
v -0.016915684565901756 -0.0004287674091756344 5.619595527648926
v -0.018155736848711967 -0.010076256468892097 5.620486736297607
v -0.01286719273775816 -0.01526227779686451 5.613173484802246
v -0.01769533008337021 0.031770676374435425 5.615265846252441
v -0.01660231687128544 0.03388780355453491 5.614200592041016
v -0.018174301832914352 0.032882511615753174 5.6179633140563965
v -0.014607650227844715 -0.02840188331902027 5.6088480949401855
v -0.010003631003201008 -0.02192363329231739 5.603388786315918
v -0.0046456647105515 0.017108527943491936 5.573889255523682
v -0.011391243897378445 0.03859266638755798 5.603348731994629
v -0.06919392198324203 0.13902819156646729 5.599660396575928
v -0.059928931295871735 0.12002173066139221 5.625733852386475
v -0.08653829991817474 0.1446685791015625 5.533777236938477
v -0.07902837544679642 0.14702868461608887 5.566089630126953
v -0.07582063972949982 0.11263680458068848 5.480885028839111
v -0.07591533660888672 0.09233438968658447 5.469515323638916
v -0.09488751739263535 0.09598055481910706 5.466860771179199
v -0.09596394747495651 0.11814233660697937 5.48158073425293
v -0.07109295576810837 0.026570556685328484 5.465930938720703
v -0.05603942647576332 -0.05413627624511719 5.46535062789917
v -0.06047704443335533 -0.04047676920890808 5.472290992736816
v -0.05410477891564369 0.09697896242141724 5.641171455383301
v -0.05104498937726021 0.07500725984573364 5.648375034332275
v -0.011317889206111431 0.061877429485321045 5.5786051750183105
v -0.0042764791287481785 0.013167528435587883 5.596381664276123
v -0.008364330045878887 0.018686382099986076 5.604065418243408
v -0.009125330485403538 0.01350158266723156 5.607259273529053
v -0.00497336545959115 0.005235610995441675 5.600494861602783
v -0.003325140569359064 0.007156400475651026 5.584720134735107
v -0.004967686254531145 0.00239094952121377 5.571170806884766
v -0.006990159396082163 -0.0020554079674184322 5.555856704711914
v -0.010152437724173069 -0.010732205584645271 5.548032760620117
v -0.024535439908504486 0.09369313716888428 5.516189098358154
v -0.037391502410173416 0.10718843340873718 5.505676746368408
v -0.05233493447303772 0.11962690949440002 5.501689434051514
v -0.07188830524682999 0.1280161440372467 5.499740123748779
v -0.019943786785006523 0.0826350748538971 5.518430709838867
v -0.09214853495359421 0.1345035433769226 5.504211902618408
v -0.04018007963895798 -0.027202578261494637 5.63431453704834
v -0.03461635112762451 -0.02530008740723133 5.628030776977539
v -0.042194366455078125 -0.023654313758015633 5.635225296020508
v -0.03796768561005592 -0.049722135066986084 5.627666473388672
v -0.04138863459229469 -0.05134674906730652 5.62936544418335
v -0.040658414363861084 -0.05555489659309387 5.624650478363037
v -0.036601465195417404 -0.05374354124069214 5.622376918792725
v -0.0372142530977726 -0.07961350679397583 5.587957859039307
v -0.02990964613854885 -0.07325974106788635 5.583529949188232
v -0.042130183428525925 -0.09167629480361938 5.556490421295166
v -0.035249076783657074 -0.08529981970787048 5.550447940826416
v -0.04210224002599716 -0.016727479174733162 5.641386985778809
v -0.04352220147848129 -0.01672774739563465 5.642159938812256
v -0.04416976496577263 -0.01727810688316822 5.639753818511963
v -0.04239218309521675 -0.016978206112980843 5.63887882232666
v -0.029656801372766495 -0.037760764360427856 5.619658946990967
v -0.04197411239147186 -0.03612712025642395 5.635815143585205
v -0.04462458938360214 -0.03699740767478943 5.637523174285889
v -0.04436470568180084 -0.03994914889335632 5.635593414306641
v -0.04162527248263359 -0.03927600383758545 5.633133411407471
v -0.02280535362660885 -0.05808478593826294 5.561413288116455
v -0.027481867000460625 -0.06507739424705505 5.549145221710205
v -0.016901258379220963 -0.07120808959007263 5.511927127838135
v -0.01794579066336155 -0.05798712372779846 5.517613410949707
v -0.024592945352196693 -0.03623172640800476 5.508829593658447
v -0.05281253531575203 -0.026227088645100594 5.4811882972717285
v -0.06330849230289459 -0.025248797610402107 5.476190567016602
v -0.08737104386091232 -0.025437505915760994 5.475106239318848
v -0.0926518663764 -0.011100860312581062 5.476162910461426
v -0.07914760708808899 -0.009904386475682259 5.474717617034912
v -0.07567335665225983 -0.024944903329014778 5.475399971008301
v -0.032425206154584885 -0.0727304220199585 5.569697856903076
v -0.040210846811532974 -0.07980823516845703 5.57388973236084
v -0.041966985911130905 -0.08358064293861389 5.5643415451049805
v -0.03493935987353325 -0.07666003704071045 5.558988571166992
v -0.046384766697883606 -0.020528526976704597 5.643492698669434
v -0.047138333320617676 -0.022061588242650032 5.644381046295166
v -0.04724763706326485 -0.02343943901360035 5.640888214111328
v -0.04593418911099434 -0.02107766456902027 5.639840126037598
v -0.041851744055747986 -0.01826527900993824 5.636351585388184
v -0.04379184916615486 -0.019526036456227303 5.637599945068359
v -0.04325670748949051 -0.021299006417393684 5.635946750640869
v -0.04050424322485924 -0.01673579402267933 5.641969680786133
v -0.04068851098418236 -0.01739862747490406 5.638363361358643
v -0.04368071258068085 -0.017756225541234016 5.6473917961120605
v -0.04153891280293465 -0.017140241339802742 5.644689559936523
v -0.042394645512104034 -0.018732460215687752 5.650982856750488
v -0.0454896055161953 -0.01892981119453907 5.641510963439941
v -0.045341428369283676 -0.0196304339915514 5.63938570022583
v -0.042900022119283676 -0.017644109204411507 5.6377692222595215
v -0.04437016695737839 -0.018219085410237312 5.638047218322754
v -0.04403994604945183 -0.017330827191472054 5.644664764404297
v -0.042694780975580215 -0.01690918393433094 5.643222808837891
v -0.046887218952178955 0.0030204937793314457 5.650784492492676
v -0.051763080060482025 0.002429662737995386 5.654298305511475
v -0.04969768226146698 -0.005195231642574072 5.6577982902526855
v -0.04760662466287613 -0.013466628268361092 5.660583019256592
v -0.04715414717793465 -0.020584316924214363 5.6558661460876465
v -0.04843342676758766 -0.08797168731689453 5.56658411026001
v -0.0489991120994091 -0.09621551632881165 5.56024169921875
v -0.06593908369541168 0.07093319296836853 5.653570652008057
v -0.06213924661278725 0.051088541746139526 5.653349876403809
v -0.02933664806187153 -0.038473427295684814 5.617133617401123
v -0.037784673273563385 0.03799375891685486 5.636767864227295
v -0.013029034249484539 0.009763507172465324 5.613691806793213
v -0.03063473477959633 0.005697636399418116 5.625264644622803
v -0.024110976606607437 0.002770660910755396 5.621804237365723
v -0.02566756121814251 0.010686663910746574 5.622542381286621
v -0.031420961022377014 0.012147961184382439 5.62526273727417
v -0.04598300904035568 0.03340986371040344 5.637304782867432
v -0.05235917121171951 0.027307091280817986 5.64391565322876
v -0.05024354159832001 0.027504531666636467 5.636353015899658
v -0.05009828135371208 0.0212933998554945 5.634649276733398
v -0.0508323572576046 0.018114356324076653 5.641319274902344
v -0.04693043604493141 0.013242093846201897 5.635960578918457
v -0.046962179243564606 0.01713642291724682 5.631770610809326
v -0.019358906894922256 0.033693283796310425 5.620046615600586
v -0.01777232624590397 0.03580307960510254 5.619774341583252
v -0.04213307425379753 0.010640023276209831 5.632143974304199
v -0.03668540343642235 0.008086590096354485 5.627681732177734
v -0.03698968514800072 0.013596592471003532 5.6267242431640625
v -0.042239103466272354 0.014944968745112419 5.628580570220947
v -0.019279275089502335 0.009479371830821037 5.619064807891846
v -0.013742669485509396 0.036040425300598145 5.610052108764648
v -0.014958417043089867 0.024639395996928215 5.610325336456299
v -0.02236096002161503 0.02554064802825451 5.513909339904785
v -0.02269437536597252 0.013122258707880974 5.5189127922058105
v -0.011535934172570705 0.0009455070830881596 5.5305986404418945
v -0.012780440039932728 -0.004018248524516821 5.534125328063965
v -0.018637601286172867 -0.001243682112544775 5.532705783843994
v -0.014708493836224079 0.003957627806812525 5.529043674468994
v -0.013594125397503376 0.05535563826560974 5.5257954597473145
v -0.015503373928368092 0.0628315806388855 5.524984836578369
v -0.013425271026790142 0.06236398220062256 5.531794548034668
v -0.013627818785607815 0.05518823862075806 5.528692245483398
v -0.01226442214101553 0.056569069623947144 5.535913467407227
v -0.012045442126691341 0.05968502163887024 5.537878513336182
v -0.011509307660162449 0.051280081272125244 5.538206100463867
v -0.012283640913665295 0.05205070972442627 5.53494119644165
v -0.011593488045036793 0.06983503699302673 5.540956497192383
v -0.010552595369517803 0.0655045211315155 5.550469875335693
v -0.011306650005280972 0.054551124572753906 5.5451459884643555
v -0.009745902381837368 0.0467228889465332 5.566373348236084
v -0.011108598671853542 0.03909003734588623 5.552586078643799
v -0.011255976743996143 0.04733237624168396 5.5501885414123535
v -0.010686545632779598 0.05764976143836975 5.559544086456299
v -0.011464343406260014 -0.0004877462051808834 5.539604663848877
v -0.010775693692266941 0.00544696906581521 5.543571472167969
v -0.021740078926086426 0.003756700549274683 5.5250091552734375
v -0.11594284325838089 0.1018807590007782 5.474471569061279
v -0.11583298444747925 0.12279349565505981 5.492361545562744
v -0.04210615158081055 0.06073066592216492 5.482273578643799
v -0.05697742477059364 0.06634697318077087 5.47039794921875
v -0.03081182949244976 0.05432629585266113 5.492738723754883
v -0.023970952257514 0.049089282751083374 5.504087924957275
v -0.07270006835460663 0.07277968525886536 5.462559223175049
v -0.08840428292751312 0.07165554165840149 5.461092948913574
v -0.006993040908128023 0.02978595905005932 5.563024520874023
v -0.010560157708823681 0.026859460398554802 5.551126480102539
v -0.042303550988435745 0.041790932416915894 5.480281829833984
v -0.05655556917190552 0.04640874266624451 5.470093250274658
v -0.03178998827934265 0.03770706057548523 5.492111682891846
v -0.025214221328496933 0.036195218563079834 5.503194332122803
v -0.07368992269039154 0.05210790038108826 5.462926387786865
v -0.0862828716635704 0.024383006617426872 5.462798595428467
v -0.09048198908567429 0.047044992446899414 5.459295272827148
v -0.01109782513231039 0.011820314452052116 5.533501148223877
v -0.011078509502112865 0.008746175095438957 5.537569046020508
v -0.010796814225614071 0.003117977175861597 5.5345139503479
v -0.008979770354926586 0.0061739967204630375 5.532881736755371
v -0.006924877408891916 0.01484215073287487 5.558407306671143
v -0.009999851696193218 0.01571202091872692 5.546503067016602
v -0.04865737631917 0.010136006399989128 5.647460460662842
v -0.056016042828559875 0.017581192776560783 5.647363185882568
v -0.05375438928604126 0.009935287758708 5.651412010192871
v -0.058027543127536774 0.026320604607462883 5.647581100463867
v -0.0990302637219429 0.145134836435318 5.5777177810668945
v -0.09015791118144989 0.13656750321388245 5.607701301574707
v -0.11234332621097565 0.137870192527771 5.518422603607178
v -0.10624810308218002 0.14607730507850647 5.5478835105896
v -0.042151469737291336 -0.06356349587440491 5.62662410736084
v -0.038549017161130905 -0.07559141516685486 5.6189188957214355
v -0.04399803653359413 -0.02885434217751026 5.636988162994385
v -0.046465132385492325 -0.0300541240721941 5.638502597808838
v -0.04544264078140259 -0.03365775942802429 5.637585639953613
v -0.04290995001792908 -0.032528072595596313 5.63651180267334
v -0.04344486445188522 0.0316731333732605 5.632535457611084
v -0.0830979272723198 0.00710707763209939 5.471425533294678
v -0.07197042554616928 -0.04019486904144287 5.46988582611084
v -0.06803715974092484 -0.05402997136116028 5.462904930114746
v -0.039608944207429886 -0.06171378493309021 5.464391231536865
v -0.05074872449040413 -0.06205970048904419 5.460111141204834
v -0.04728151112794876 -0.026658685877919197 5.639353275299072
v -0.045134350657463074 -0.025489868596196175 5.6375532150268555
v -0.045056965202093124 -0.01765349693596363 5.644432067871094
v -0.037807874381542206 -0.03831368684768677 5.630260944366455
v -0.04556754603981972 -0.02275186963379383 5.6389594078063965
v -0.04518527165055275 -0.020767899230122566 5.638110637664795
v -0.048869092017412186 -0.024453284218907356 5.642068862915039
v -0.048580318689346313 -0.027277858927845955 5.639533519744873
v -0.03195487707853317 0.017976908013224602 5.625399112701416
v -0.03246482089161873 0.022605417296290398 5.626633167266846
v -0.04562239721417427 -0.021069170907139778 5.648580551147461
v -0.045683108270168304 -0.019385995343327522 5.64622163772583
v -0.048408593982458115 -0.022657962515950203 5.649322986602783
v -0.022568315267562866 -0.0981493890285492 5.529958724975586
v -0.01626303233206272 -0.08874106407165527 5.517504692077637
v -0.04647500813007355 -0.037638694047927856 5.637196063995361
v -0.04624684900045395 -0.04073143005371094 5.6353583335876465
v -0.07999490201473236 0.11743205785751343 5.633616924285889
v -0.10111521184444427 0.02010735683143139 5.465293884277344
v -0.10634168982505798 0.039304256439208984 5.462234973907471
v -0.012081286869943142 0.03430497646331787 5.543745994567871
v -0.01134451199322939 0.03200942277908325 5.537217140197754
v -0.011408275924623013 0.03917384147644043 5.536624908447266
v -0.012195500545203686 0.04208266735076904 5.543312072753906
v -0.04908958077430725 -0.10512080788612366 5.553058624267578
v -0.015164599753916264 -0.08138507604598999 5.5043511390686035
v -0.06363128125667572 -0.06323549151420593 5.455292224884033
v -0.017876964062452316 0.030127016827464104 5.6132636070251465
v -0.018693361431360245 0.02841549925506115 5.61463737487793
v -0.040825266391038895 0.029966024681925774 5.630902290344238
v -0.11263442039489746 0.0695793628692627 5.4640913009643555
v -0.03636589273810387 -0.04445609450340271 5.626014709472656
v -0.038299743086099625 -0.04112708568572998 5.627890110015869
v -0.08338956534862518 -0.039988815784454346 5.470625400543213
v -0.04631349816918373 -0.08408451080322266 5.578341484069824
v -0.048260193318128586 -0.022994520142674446 5.645606994628906
v -0.0970311164855957 0.00415864447131753 5.472446918487549
v -0.0119951656088233 0.04722270369529724 5.529841899871826
v -0.00951406266540289 0.04541763663291931 5.531891822814941
v -0.00974536594003439 0.042606353759765625 5.531248092651367
v -0.0116538992151618 0.043225228786468506 5.530999183654785
v -0.008015106432139874 0.04759332537651062 5.536564350128174
v -0.007170163560658693 0.04535529017448425 5.533911228179932
v -0.006017474923282862 0.04820767045021057 5.5335373878479
v -0.007391961757093668 0.05114114284515381 5.536072254180908
v -0.011599902994930744 0.047855883836746216 5.540656566619873
v -0.009590954519808292 0.04389089345932007 5.538247585296631
v -0.005770450923591852 0.05047184228897095 5.532342433929443
v -0.005885046441107988 0.05286461114883423 5.5347089767456055
v -0.008906803093850613 0.05404472351074219 5.533290863037109
v -0.01291330810636282 0.05414500832557678 5.531760215759277
v -0.004649466369301081 0.05469664931297302 5.530213356018066
v -0.008821490220725536 0.05648064613342285 5.529590129852295
v -0.0034852814860641956 0.055966198444366455 5.526218891143799
v -0.008662319742143154 0.05812191963195801 5.525885105133057
v -0.003236489836126566 0.054363250732421875 5.520297527313232
v -0.009081906639039516 0.05548691749572754 5.520030498504639
v -0.011174592189490795 0.016065208241343498 5.539794445037842
v -0.012581720016896725 0.018522320315241814 5.533728122711182
v -0.00306204566732049 0.050077885389328 5.515359401702881
v -0.009294022805988789 0.050096362829208374 5.516271591186523
v -0.003389126155525446 0.043833643198013306 5.512803077697754
v -0.00918040331453085 0.04357457160949707 5.5124006271362305
v -0.004073013085871935 0.03656694293022156 5.5121026039123535
v -0.008937005884945393 0.03626751899719238 5.511629581451416
v -0.004300825763493776 0.029299793764948845 5.512437343597412
v -0.008967640809714794 0.027732251212000847 5.5108489990234375
v -0.004736893344670534 0.02159029059112072 5.51448392868042
v -0.009162201546132565 0.017940757796168327 5.513674736022949
v -0.0065681845881044865 0.05369529128074646 5.525605201721191
v -0.006223820615559816 0.05175834894180298 5.5204291343688965
v -0.015316465869545937 0.051666259765625 5.525030612945557
v -0.006391937378793955 0.05297759175300598 5.52968168258667
v -0.012876694090664387 0.03936636447906494 5.524801254272461
v -0.014483173377811909 0.040928810834884644 5.524969100952148
v -0.013142031617462635 0.03937450051307678 5.52596378326416
v -0.01477915607392788 0.038380712270736694 5.523110389709473
v -0.011546839959919453 0.024590013548731804 5.536357402801514
v -0.011184205301105976 0.025891689583659172 5.532104015350342
v -0.01136388536542654 0.031398922204971313 5.534484386444092
v -0.012342278845608234 0.021957961842417717 5.531221866607666
v -0.013515257276594639 0.02357885055243969 5.5314836502075195
v -0.014122583903372288 0.026679156348109245 5.53145694732666
v -0.01519762258976698 0.030797002837061882 5.5334153175354
v -0.013943632133305073 0.021881548687815666 5.528153419494629
v -0.01208528969436884 0.020858554169535637 5.5292181968688965
v -0.014642193913459778 0.023481247946619987 5.529438018798828
v -0.014794798567891121 0.024009792134165764 5.530418872833252
v -0.016184447333216667 0.02597358636558056 5.529176712036133
v -0.016604142263531685 0.02961277775466442 5.527802467346191
v -0.011535081081092358 0.024736491963267326 5.541289806365967
v -0.01700293831527233 0.02791607193648815 5.51989221572876
v -0.01799788326025009 0.018604634329676628 5.522180557250977
v -0.005798727739602327 0.015453128144145012 5.518755912780762
v -0.008302547968924046 0.009340224787592888 5.518341064453125
v -0.007059149909764528 0.004212318453937769 5.5291924476623535
v -0.006998781580477953 0.004063694272190332 5.524116516113281
v -0.0164328683167696 0.04718014597892761 5.522563934326172
v -0.016427969560027122 0.041920095682144165 5.518279075622559
v -0.01712489314377308 0.010598806664347649 5.526099681854248
v -0.016337990760803223 0.035742610692977905 5.518266201019287
v -0.00660189101472497 0.025140492245554924 5.5169243812561035
v -0.008200700394809246 0.020700393244624138 5.519924640655518
v -0.005504301283508539 0.030642954632639885 5.515285968780518
v -0.01075738389045 0.01742750220000744 5.52885103225708
v -0.008399582467973232 0.011665074154734612 5.529922962188721
v -0.006664313841611147 0.012530354782938957 5.524755954742432
v -0.009703856892883778 0.01821902208030224 5.524349212646484
v -0.007651499006897211 0.027640877291560173 5.52004337310791
v -0.01021259743720293 0.024266330525279045 5.521734714508057
v -0.010814986191689968 0.02983739785850048 5.520273685455322
v -0.013094396330416203 0.026814697310328484 5.5228424072265625
v -0.013531495817005634 0.02406260184943676 5.526965618133545
v -0.011710033752024174 0.021937726065516472 5.525673866271973
v -0.016867123544216156 0.028420863673090935 5.524138927459717
v -0.01424360554665327 0.032251447439193726 5.522273063659668
v -0.01578659564256668 0.025202332064509392 5.528165340423584
v -0.008738926611840725 0.03309863805770874 5.52062463760376
v -0.006939566228538752 0.036829859018325806 5.520022869110107
v -0.00869299378246069 0.03849807381629944 5.523471832275391
v -0.01143696065992117 0.03553703427314758 5.522011756896973
v -0.0061435759998857975 0.03655445575714111 5.514655590057373
v -0.005311245564371347 0.03638887405395508 5.517693519592285
v -0.006101884413510561 0.03166896104812622 5.518240451812744
v -0.00531218433752656 0.041683048009872437 5.518491744995117
v -0.006209779996424913 0.04283061623573303 5.5153021812438965
v -0.006227041129022837 0.04090237617492676 5.520617961883545
v -0.007143475580960512 0.041281431913375854 5.523158073425293
v -0.005919494200497866 0.0491391122341156 5.521496772766113
v -0.005726801697164774 0.04605564475059509 5.5193915367126465
v -0.00585617171600461 0.04824787378311157 5.516765594482422
v -0.005930381361395121 0.04427078366279602 5.52142858505249
v -0.006524261552840471 0.04686978459358215 5.524109840393066
v -0.007289406377822161 0.0445096492767334 5.523768901824951
v -0.00669426703825593 0.04343515634536743 5.52332067489624
v -0.008107484318315983 0.05002889037132263 5.5307936668396
v -0.008714421652257442 0.04803586006164551 5.532956123352051
v -0.00757891358807683 0.050995588302612305 5.528335094451904
v -0.009550695307552814 0.0506206750869751 5.529975891113281
v -0.008643233217298985 0.048733294010162354 5.5285325050354
v -0.010661092586815357 0.049374133348464966 5.529952049255371
v -0.009230184368789196 0.04662540555000305 5.528800964355469
v -0.010936460457742214 0.04403066635131836 5.527358531951904
v -0.04008311778306961 -0.1366763561964035 5.526442050933838
v -0.040814291685819626 -0.12351939082145691 5.534641265869141
v -0.05064544454216957 -0.12963518500328064 5.535866737365723
v -0.051222361624240875 -0.14205963909626007 5.5272674560546875
v -0.008216756395995617 0.045636147260665894 5.5260772705078125
v -0.007675363216549158 0.04830572009086609 5.5267014503479
v -0.007032299879938364 0.051141977310180664 5.5260186195373535
v -0.010182025842368603 0.041536033153533936 5.525500774383545
v -0.008948826231062412 0.041063517332077026 5.525369167327881
v -0.008191312663257122 0.042481690645217896 5.524332046508789
v -0.009412302635610104 0.043459415435791016 5.526790618896484
v -0.011849193833768368 0.03517451882362366 5.534897804260254
v -0.014342028647661209 0.03416886925697327 5.532086372375488
v -0.014642982743680477 0.03279027342796326 5.526465892791748
v -0.009954496286809444 -0.14164990186691284 5.5060200691223145
v 0.0041979155503213406 -0.12797124683856964 5.500938892364502
v -0.0022803456522524357 -0.11884860694408417 5.503047943115234
v -0.014295877888798714 -0.13004638254642487 5.509090423583984
v -0.0012335634091868997 -0.17219287157058716 5.505368232727051
v 0.0009812185307964683 -0.1930588334798813 5.501281261444092
v 0.017016610130667686 -0.18502652645111084 5.5012054443359375
v 0.01898893527686596 -0.15705791115760803 5.501892566680908
v 0.017144838348031044 -0.20797061920166016 5.5010151863098145
v 0.002714147325605154 -0.21447978913784027 5.500192165374756
v 0.02052677981555462 -0.2687041163444519 5.4988861083984375
v 0.019659990444779396 -0.249191552400589 5.499781131744385
v 0.00479811942204833 -0.25394007563591003 5.501245021820068
v 0.005453263875097036 -0.2733560800552368 5.499446868896484
v 0.05315506085753441 -0.34869498014450073 5.476325511932373
v 0.041281167417764664 -0.351036936044693 5.481175899505615
v 0.035415735095739365 -0.36302199959754944 5.469540119171143
v 0.04889141395688057 -0.3617009222507477 5.462184429168701
v 0.0665389820933342 -0.22537747025489807 5.485927104949951
v 0.07424251735210419 -0.23003767430782318 5.479036331176758
v 0.07443687319755554 -0.21757318079471588 5.486687183380127
v 0.06667263805866241 -0.21157066524028778 5.491597652435303
v 0.03809070959687233 -0.10444235801696777 5.4874267578125
v 0.02874334342777729 -0.09892135858535767 5.486076354980469
v 0.021244825795292854 -0.12070757150650024 5.494028091430664
v 0.029405025765299797 -0.12789790332317352 5.4971842765808105
v 0.09052134305238724 -0.30302202701568604 5.448445796966553
v 0.08383945375680923 -0.3019617795944214 5.462253093719482
v 0.08347371220588684 -0.31608784198760986 5.45908784866333
v 0.0889146700501442 -0.31839415431022644 5.4471540451049805
v 0.06393101811408997 -0.36866170167922974 5.382395267486572
v 0.05117656663060188 -0.37975722551345825 5.393352508544922
v 0.050974879413843155 -0.3939369320869446 5.379276275634766
v 0.0647009089589119 -0.38244548439979553 5.367755889892578
v 0.0937698483467102 -0.3103073239326477 5.354091644287109
v 0.09043287485837936 -0.3214234411716461 5.341243743896484
v 0.08903414011001587 -0.3044559359550476 5.322693347930908
v 0.09163815528154373 -0.29405659437179565 5.335186004638672
v 0.04553328827023506 -0.26139962673187256 5.492239475250244
v 0.04388992860913277 -0.24234645068645477 5.494168281555176
v 0.03272117301821709 -0.2452414184808731 5.495987892150879
v 0.034123506397008896 -0.2647254168987274 5.495774745941162
v 0.19586209952831268 -0.29770731925964355 5.5038886070251465
v 0.17847533524036407 -0.27817192673683167 5.502843856811523
v 0.1703491508960724 -0.2881246507167816 5.493304252624512
v 0.18761587142944336 -0.30734774470329285 5.493387699127197
v 0.09284386783838272 -0.3884833753108978 5.2824201583862305
v 0.09465000033378601 -0.3998458981513977 5.274607181549072
v 0.09471873939037323 -0.38266244530677795 5.256308078765869
v 0.092188760638237 -0.370944082736969 5.2665181159973145
v 0.11862257868051529 -0.18571443855762482 5.515565395355225
v 0.13207685947418213 -0.16779643297195435 5.51422643661499
v 0.12190916389226913 -0.15678110718727112 5.51369047164917
v 0.10818057507276535 -0.17402958869934082 5.517302989959717
v 0.07734248787164688 -0.2553432881832123 5.470295429229736
v 0.07569050043821335 -0.24299712479114532 5.47344446182251
v 0.0674944519996643 -0.24014046788215637 5.481528282165527
v 0.06931664794683456 -0.25480422377586365 5.477336406707764
v 0.09977801889181137 -0.2684864103794098 5.351069927215576
v 0.10140614956617355 -0.2538298964500427 5.361752033233643
v 0.10297022014856339 -0.26636946201324463 5.376737594604492
v 0.10211388021707535 -0.2825161814689636 5.369730472564697
v 0.09970148652791977 -0.2973146438598633 5.362643241882324
v 0.09700135141611099 -0.28210246562957764 5.343023777008057
v 0.06272519379854202 -0.25635576248168945 5.483011722564697
v 0.05947434529662132 -0.23872694373130798 5.487104892730713
v 0.0524776466190815 -0.24010908603668213 5.4901299476623535
v 0.054918255656957626 -0.2587445378303528 5.488578796386719
v 0.02717563323676586 -0.37027686834335327 5.453842639923096
v 0.04287463054060936 -0.3684622347354889 5.444718837738037
v 0.08848930150270462 -0.41705140471458435 5.291161060333252
v 0.08747588843107224 -0.40651819109916687 5.297876358032227
v 0.0766516700387001 -0.42246004939079285 5.310390472412109
v 0.07720332592725754 -0.43242716789245605 5.305339813232422
v 0.03502551093697548 -0.3750474154949188 5.4133782386779785
v 0.04921012744307518 -0.3675799071788788 5.4058051109313965
v 0.051793452352285385 -0.3644699454307556 5.421419620513916
v 0.037051502615213394 -0.3696390986442566 5.428655624389648
v 0.062036845833063126 -0.44530022144317627 5.317772388458252
v 0.06186448410153389 -0.43618372082710266 5.321625709533691
v 0.04518616572022438 -0.4478239417076111 5.331177234649658
v 0.0452796034514904 -0.45808959007263184 5.3284220695495605
v 0.018342791125178337 -0.22908829152584076 5.499874114990234
v 0.003987861331552267 -0.23458313941955566 5.501064300537109
v 0.07272348552942276 -0.3382365107536316 5.465585231781006
v 0.06412269175052643 -0.3441152572631836 5.470892906188965
v 0.0609247200191021 -0.3572199046611786 5.456575393676758
v 0.07100174576044083 -0.35032007098197937 5.450716972351074
v 0.09023050963878632 -0.23864860832691193 5.449699878692627
v 0.09105013310909271 -0.2313671112060547 5.453439235687256
v 0.08343680202960968 -0.2250349074602127 5.476027488708496
v 0.08271972090005875 -0.2352762669324875 5.4670867919921875
v 0.09967292100191116 -0.39485663175582886 5.248503684997559
v 0.0984627977013588 -0.41043218970298767 5.268579006195068
v 0.0643804743885994 -0.45469921827316284 5.316343307495117
v 0.04716189578175545 -0.4676055908203125 5.328154563903809
v 0.1159038320183754 -0.2101437896490097 5.407334804534912
v 0.111322782933712 -0.2127150148153305 5.418089866638184
v 0.10778439790010452 -0.21371105313301086 5.41079568862915
v 0.11247315257787704 -0.20982351899147034 5.399725914001465
v 0.0008995546377263963 -0.35238802433013916 5.483243465423584
v 0.011235875077545643 -0.3657562732696533 5.466799736022949
v 0.02276918850839138 -0.35769879817962646 5.47866153717041
v 0.014775709249079227 -0.34481388330459595 5.489324569702148
v 0.06744513660669327 -0.35643261671066284 5.432864665985107
v 0.05596138909459114 -0.36344513297080994 5.437651634216309
v 0.06434598565101624 -0.3570186197757721 5.415177822113037
v -0.013731162063777447 -0.3573765754699707 5.472003936767578
v -0.0022375904954969883 -0.370510071516037 5.449214935302734
v -0.011914563365280628 -0.24002724885940552 5.500509738922119
v -0.011456822045147419 -0.258527934551239 5.501010417938232
v -0.013171038590371609 -0.22021609544754028 5.5007004737854
v -0.015294910408556461 -0.2016381323337555 5.503232479095459
v -0.03129427880048752 -0.20824910700321198 5.503849506378174
v -0.02931729145348072 -0.22739046812057495 5.501034259796143
v -0.018139556050300598 -0.18301542103290558 5.508130073547363
v -0.03387056663632393 -0.19104133546352386 5.5081987380981445
v -0.025137076154351234 -0.15276049077510834 5.5095906257629395
v -0.02782365493476391 -0.14033202826976776 5.513437271118164
v 0.08379591256380081 -0.24653510749340057 5.460893630981445
v 0.08536507934331894 -0.2576315104961395 5.457429885864258
v 0.07974676042795181 -0.44125285744667053 5.301834583282471
v 0.0669717788696289 -0.10624244809150696 5.384317398071289
v 0.08395161479711533 -0.11194294691085815 5.3967671394348145
v 0.08092212677001953 -0.12037256360054016 5.381996154785156
v 0.06340958923101425 -0.11482314765453339 5.36924409866333
v 0.04078641161322594 -0.13174287974834442 5.500155448913574
v 0.047735366970300674 -0.10717129707336426 5.490530490875244
v 0.11489418894052505 -0.18143951892852783 5.380765914916992
v 0.11141843348741531 -0.18693776428699493 5.377591133117676
v 0.10373806208372116 -0.1837446391582489 5.368247032165527
v 0.10564569383859634 -0.17759163677692413 5.372199058532715
v 0.12208335846662521 -0.2037746012210846 5.394233703613281
v 0.12466605752706528 -0.19937951862812042 5.394050121307373
v 0.13491256535053253 -0.20809803903102875 5.3977437019348145
v 0.13123628497123718 -0.2125105857849121 5.398950576782227
v 0.08898114413022995 -0.3675693869590759 5.240633487701416
v 0.08600563555955887 -0.35398176312446594 5.250100612640381
v 0.06721702218055725 -0.2458096593618393 5.296607494354248
v 0.07518908381462097 -0.23372822999954224 5.306679725646973
v 0.08483513444662094 -0.25016331672668457 5.316099166870117
v 0.0780656486749649 -0.26245713233947754 5.305482864379883
v -0.04371383786201477 -0.12192299962043762 5.3536248207092285
v -0.023013310506939888 -0.11607170104980469 5.353699207305908
v -0.022903012111783028 -0.12559662759304047 5.342911243438721
v -0.043359123170375824 -0.13257987797260284 5.342659950256348
v 0.025919804349541664 -0.09498795866966248 5.375622749328613
v 0.0007586194551549852 -0.09910666942596436 5.368008136749268
v 0.0011434456100687385 -0.09128721058368683 5.378793716430664
v 0.026775704696774483 -0.08725802600383759 5.388671398162842
v 0.04625055566430092 -0.10294680297374725 5.372623920440674
v 0.042677368968725204 -0.11232136189937592 5.357719421386719
v 0.09550751000642776 -0.2536301612854004 5.338452339172363
v 0.09784569591283798 -0.24068760871887207 5.349174976348877
v 0.1010061576962471 -0.2214074283838272 5.362460136413574
v 0.10337252169847488 -0.2150740772485733 5.369047164916992
v 0.10357203334569931 -0.22408804297447205 5.3797712326049805
v 0.10220546275377274 -0.23138585686683655 5.37415075302124
v 0.019035981968045235 -0.09261709451675415 5.486067771911621
v 0.031068304553627968 -0.08084572851657867 5.472695350646973
v 0.018120018765330315 -0.07563731074333191 5.470905303955078
v -0.013901456259191036 -0.0707225352525711 5.423234939575195
v -0.003925275523215532 -0.06930141150951385 5.430296421051025
v 0.0022540665231645107 -0.07084640860557556 5.423824310302734
v -0.012055645696818829 -0.0727357268333435 5.4170756340026855
v -0.017916837707161903 -0.17439891397953033 5.297962188720703
v -0.014971021562814713 -0.19308911263942719 5.287614822387695
v -0.03683565557003021 -0.1931913048028946 5.286666393280029
v -0.03883536905050278 -0.17577503621578217 5.296698093414307
v 0.10550444573163986 -0.20302121341228485 5.3677802085876465
v 0.10431382805109024 -0.1961829960346222 5.364346027374268
v 0.10954789072275162 -0.19725127518177032 5.373898983001709
v 0.10987737029790878 -0.2025674730539322 5.375161170959473
v 0.09998715668916702 -0.19914714992046356 5.357003688812256
v 0.10185948759317398 -0.2064790278673172 5.361029624938965
v 0.09907708317041397 -0.21177594363689423 5.355289459228516
v 0.09598395973443985 -0.20176927745342255 5.349489212036133
v 0.0820990800857544 -0.22349444031715393 5.319573402404785
v 0.08720739185810089 -0.21390178799629211 5.3310627937316895
v 0.0925527885556221 -0.22693879902362823 5.339029788970947
v 0.08972368389368057 -0.23844049870967865 5.327488899230957
v -0.034062016755342484 -0.25133949518203735 5.25793981552124
v -0.034891437739133835 -0.23219971358776093 5.264774799346924
v -0.015455725602805614 -0.23262476921081543 5.265954971313477
v -0.01536030787974596 -0.2506779134273529 5.256786823272705
v 0.10909498482942581 -0.2211345136165619 5.445407867431641
v 0.1172587051987648 -0.23214098811149597 5.447677135467529
v 0.11204088479280472 -0.23196597397327423 5.462814807891846
v 0.10471219569444656 -0.22352851927280426 5.461663722991943
v 0.15315048396587372 -0.19979825615882874 5.403861045837402
v 0.15622887015342712 -0.19492509961128235 5.407159328460693
v 0.1654982715845108 -0.20175130665302277 5.410276889801025
v 0.16259311139583588 -0.20582766830921173 5.406652927398682
v 0.13317182660102844 -0.24953603744506836 5.434153079986572
v 0.1452440619468689 -0.26625850796699524 5.434045314788818
v 0.13908453285694122 -0.26511919498443604 5.449222564697266
v 0.12693288922309875 -0.24741746485233307 5.449286460876465
v 0.06569286435842514 -0.09175026416778564 5.473170280456543
v 0.05545555427670479 -0.08827748894691467 5.475095748901367
v 0.05801672115921974 -0.11032845079898834 5.493433475494385
v 0.13262145221233368 -0.23226790130138397 5.413232803344727
v 0.137044295668602 -0.22816184163093567 5.406008243560791
v 0.14944039285182953 -0.24126368761062622 5.406581401824951
v 0.14379367232322693 -0.24639493227005005 5.412947177886963
v 0.20693598687648773 -0.287332147359848 5.506618499755859
v 0.19021935760974884 -0.26719579100608826 5.506141185760498
v 0.16654753684997559 -0.28482648730278015 5.422872543334961
v 0.15111567080020905 -0.26681995391845703 5.423418998718262
v 0.15756846964359283 -0.263145387172699 5.413437366485596
v 0.17522065341472626 -0.2807205021381378 5.414839744567871
v 0.07222094386816025 -0.27393683791160583 5.296791076660156
v 0.059829529374837875 -0.25876566767692566 5.287215232849121
v 0.06394358724355698 -0.3439851999282837 5.211789131164551
v 0.05961276963353157 -0.3277101218700409 5.22419548034668
v 0.07407354563474655 -0.3395352065563202 5.234980583190918
v 0.07815100252628326 -0.35465431213378906 5.223658084869385
v 0.09302350878715515 -0.3812534213066101 5.228592395782471
v 0.06767591834068298 -0.361511766910553 5.200588226318359
v 0.0821651741862297 -0.370138555765152 5.212231636047363
v -0.003633389715105295 -0.07174815237522125 5.4740824699401855
v 0.007384718861430883 -0.07273679971694946 5.472937107086182
v -0.003438516054302454 -0.06665375828742981 5.456445693969727
v -0.012940234504640102 -0.06557886302471161 5.461973190307617
v 0.12977033853530884 -0.48207205533981323 5.183363914489746
v 0.1322615146636963 -0.48944956064224243 5.209133625030518
v 0.1335086077451706 -0.5087369084358215 5.191810607910156
v 0.13038602471351624 -0.5075784921646118 5.1685919761657715
v -0.033658549189567566 -0.06756661832332611 5.434532165527344
v -0.04015115275979042 -0.06635288894176483 5.443998336791992
v -0.02590104751288891 -0.06542658805847168 5.450797080993652
v -0.01802918314933777 -0.06638753414154053 5.444368362426758
v 0.12779778242111206 -0.45836761593818665 5.197283744812012
v 0.13022629916667938 -0.4692523181438446 5.2216997146606445
v -0.001491280854679644 -0.0849539041519165 5.486700534820557
v 0.009608970023691654 -0.08826504647731781 5.486083507537842
v -0.0028069247491657734 -0.09844888746738434 5.496140956878662
v 0.006109540816396475 -0.10412771999835968 5.494978427886963
v -0.008458820171654224 -0.10971106588840485 5.506051540374756
v 0.12743882834911346 -0.49778828024864197 5.228444576263428
v 0.13095779716968536 -0.5150243043899536 5.215098857879639
v -0.02270890399813652 -0.06525346636772156 5.466780662536621
v -0.03448950871825218 -0.06483934819698334 5.4568257331848145
v -0.046076275408267975 -0.06532160937786102 5.451407432556152
v -0.05975980684161186 -0.06725652515888214 5.447498798370361
v -0.07469415664672852 -0.06965821981430054 5.44722843170166
v -0.07815559208393097 -0.06464481353759766 5.451992511749268
v 0.10614489763975143 -0.4069766700267792 5.2442779541015625
v 0.10103898495435715 -0.3940635919570923 5.222639560699463
v 0.09030242264270782 -0.61351078748703 5.103910446166992
v 0.09606368094682693 -0.6344446539878845 5.124447345733643
v 0.06274284422397614 -0.6380142569541931 5.11303186416626
v 0.062065351754426956 -0.6173713803291321 5.094109058380127
v -0.01313032303005457 -0.61027991771698 5.086353302001953
v 0.02796724997460842 -0.6175143122673035 5.088496208190918
v 0.025291526690125465 -0.639229416847229 5.1080193519592285
v -0.013919859193265438 -0.6351163983345032 5.107222557067871
v -0.014039193280041218 -0.46083804965019226 5.091843605041504
v -0.0135239502415061 -0.44092291593551636 5.105888366699219
v 0.016124142333865166 -0.4412499964237213 5.105862140655518
v 0.016577253118157387 -0.4605277180671692 5.092282772064209
v 0.08995667845010757 -0.38447993993759155 5.202333927154541
v 0.0751187801361084 -0.3771268427371979 5.188381195068359
v 0.10353267937898636 -0.421100378036499 5.262907028198242
v 0.140476793050766 -0.6040225028991699 5.274980068206787
v 0.14251279830932617 -0.6323056817054749 5.293159008026123
v 0.1518290936946869 -0.6451489925384521 5.254056930541992
v 0.1535467505455017 -0.6168527603149414 5.235171794891357
v 0.12657609581947327 -0.6718564629554749 5.1848530769348145
v 0.09719293564558029 -0.6805887222290039 5.167610168457031
v 0.09664153307676315 -0.6579338312149048 5.1447014808654785
v 0.12835705280303955 -0.6457197666168213 5.168893337249756
v 0.028641561046242714 -0.478564590215683 5.33803653717041
v 0.029873358085751534 -0.48913711309432983 5.339726448059082
v 0.048544254153966904 -0.4765825867652893 5.327052593231201
v -0.03035881370306015 -0.4951035678386688 5.354752063751221
v -0.031082505360245705 -0.5062404274940491 5.3571085929870605
v -0.010541866533458233 -0.5032668709754944 5.353540897369385
v -0.009298044256865978 -0.4919663071632385 5.350980281829834
v -0.023107312619686127 -0.5707756876945496 5.315743446350098
v -0.020233524963259697 -0.5525738000869751 5.318193435668945
v -0.034999486058950424 -0.5608252286911011 5.325643062591553
v -0.03589726984500885 -0.5756765007972717 5.3152570724487305
v 0.11595495790243149 -0.5046647191047668 5.245687484741211
v 0.11402831226587296 -0.49165698885917664 5.258498191833496
v 0.09646261483430862 -0.500103235244751 5.278748989105225
v 0.0976741686463356 -0.509299099445343 5.270959377288818
v 0.022855916991829872 -0.6557888984680176 5.135838508605957
v -0.014435661025345325 -0.6495246291160583 5.132217884063721
v 0.11630704253911972 -0.5906187295913696 5.31046724319458
v 0.12141155451536179 -0.6185076236724854 5.32881498336792
v 0.0897742435336113 -0.60896897315979 5.352641582489014
v 0.08717552572488785 -0.5823922157287598 5.334347248077393
v 0.0527026392519474 -0.5828649401664734 5.341618061065674
v 0.05460159853100777 -0.6094117164611816 5.358491897583008
v -0.036984238773584366 -0.5988080501556396 5.2517876625061035
v -0.03642868995666504 -0.6044204235076904 5.259676456451416
v -0.022816501557826996 -0.586378276348114 5.2746381759643555
v -0.027197744697332382 -0.5832182168960571 5.269465923309326
v -0.014247407205402851 -0.5579098463058472 5.068680763244629
v 0.020095882937312126 -0.5613924264907837 5.068445205688477
v 0.023500515148043633 -0.5903019309043884 5.075305938720703
v -0.01321223471313715 -0.5841680765151978 5.0746541023254395
v 0.057272735983133316 -0.3721840977668762 5.177801609039307
v 0.05081577226519585 -0.35460007190704346 5.1918625831604
v 0.03271542862057686 -0.35090965032577515 5.18590784072876
v 0.029421580955386162 -0.3306863605976105 5.199123382568359
v 0.04778851941227913 -0.33501115441322327 5.204746723175049
v 0.027256054803729057 -0.23057323694229126 5.278554916381836
v 0.0356464721262455 -0.21535415947437286 5.287481307983398
v 0.0527433417737484 -0.2309814691543579 5.289525985717773
v 0.04527584835886955 -0.24431265890598297 5.281924247741699
v -0.0008490202599205077 -0.10848277807235718 5.355492115020752
v -0.0013930263230577111 -0.11848011612892151 5.3433990478515625
v 0.059512969106435776 -0.68508380651474 5.159637451171875
v 0.06874483078718185 -0.7070854902267456 5.184454917907715
v 0.031506869941949844 -0.7060554623603821 5.1829729080200195
v 0.012783893384039402 -0.6752990484237671 5.158839225769043
v 0.12654106318950653 -0.6965738534927368 5.209661483764648
v 0.1472298502922058 -0.6587160229682922 5.218376159667969
v 0.14518114924430847 -0.685431718826294 5.238415718078613
v 0.14244331419467926 -0.6577391028404236 5.313887119293213
v 0.15082824230194092 -0.6721015572547913 5.275587558746338
v 0.09066328406333923 -0.6371119618415833 5.368564605712891
v 0.05607074126601219 -0.637890636920929 5.372211456298828
v -0.02303432486951351 -0.6451754570007324 5.306407451629639
v -0.018031548708677292 -0.6694513559341431 5.3157267570495605
v -0.0022299555130302906 -0.6574580669403076 5.34173583984375
v -0.005283585283905268 -0.6318989992141724 5.333037376403809
v 0.012216177769005299 -0.5465310215950012 5.294605731964111
v 0.019454902037978172 -0.5491620302200317 5.2930731773376465
v 0.04723649099469185 -0.5333167314529419 5.287149906158447
v 0.04645528271794319 -0.527500331401825 5.28953742980957
v -0.008329455740749836 -0.4828067719936371 5.351358890533447
v -0.025369955226778984 -0.4857579469680786 5.353489875793457
v 0.027535537257790565 -0.4691379964351654 5.338322639465332
v 0.009038195945322514 -0.4774494171142578 5.346349716186523
v 0.009347577579319477 -0.48739805817604065 5.346200466156006
v -0.0032045715488493443 -0.4366190433502197 5.391305446624756
v -0.005591255147010088 -0.45131221413612366 5.37837028503418
v 0.01398873794823885 -0.4446185529232025 5.3717498779296875
v 0.01686285249888897 -0.4298642873764038 5.385310173034668
v 0.019628090783953667 -0.412493497133255 5.400708198547363
v -0.0009436091058887541 -0.4188522398471832 5.406549453735352
v -0.0018440993735566735 -0.3796098530292511 5.427389621734619
v 0.018083585426211357 -0.3786061704158783 5.420658588409424
v 0.01893881894648075 -0.37272879481315613 5.436865329742432
v -0.028125671669840813 -0.2459697723388672 5.49998664855957
v -0.02713516727089882 -0.2642466127872467 5.49758768081665
v 0.1215396597981453 -0.5169646739959717 5.249715805053711
v -0.016104137524962425 -0.6752101182937622 5.1853861808776855
v 4.759749208460562e-05 -0.7030134201049805 5.197546482086182
v -0.017195433378219604 -0.6975310444831848 5.225139141082764
v -0.026318704709410667 -0.6728131771087646 5.217622756958008
v 0.125180184841156 -0.48195573687553406 5.241801738739014
v 0.09130038321018219 -0.42625564336776733 5.28596830368042
v 0.09550165385007858 -0.4359187185764313 5.281960487365723
v 0.08869712799787521 -0.3268721401691437 5.379404544830322
v 0.08530576527118683 -0.33769604563713074 5.359245777130127
v 0.030113602057099342 -0.34905314445495605 5.485981464385986
v 0.027092741802334785 -0.33865267038345337 5.491767406463623
v 0.14891402423381805 -0.6303056478500366 5.196732997894287
v 0.09152203053236008 -0.665520191192627 5.381099224090576
v 0.057939354330301285 -0.6675167083740234 5.384298324584961
v 0.05888286605477333 -0.6969299912452698 5.394184589385986
v 0.09151484817266464 -0.6940317749977112 5.391922950744629
v -0.01554988231509924 -0.7069370746612549 5.297239780426025
v -0.005432254169136286 -0.7347199320793152 5.310638427734375
v -0.0029294551350176334 -0.7237738966941833 5.334166049957275
v -0.011245022527873516 -0.696117639541626 5.325199604034424
v 0.004835841711610556 -0.7613696455955505 5.324523448944092
v 0.013579045422375202 -0.7868174314498901 5.33782958984375
v 0.013303165324032307 -0.7796924710273743 5.360996723175049
v 0.005422429647296667 -0.7514439225196838 5.348644256591797
v 0.12212156504392624 -0.6449009776115417 5.346668720245361
v 0.13920050859451294 -0.7086249589920044 5.347917556762695
v 0.14085440337657928 -0.6829349398612976 5.331777572631836
v 0.12078826874494553 -0.6718168258666992 5.360884666442871
v 0.1204957440495491 -0.6993383765220642 5.3753156661987305
v 0.10117187350988388 -0.7055448293685913 5.1971306800842285
v -0.03134768083691597 -0.6575807332992554 5.2822089195251465
v -0.02516888827085495 -0.6803381443023682 5.285616874694824
v 0.011276506818830967 -0.7517246007919312 5.262667655944824
v -0.0025440589524805546 -0.724932074546814 5.245225429534912
v 0.017282864078879356 -0.7314001321792603 5.221095561981201
v 0.03076651506125927 -0.757684588432312 5.2432403564453125
v 0.133042573928833 -0.7422270178794861 5.260980129241943
v 0.1301804482936859 -0.7205649018287659 5.239400863647461
v 0.14575007557868958 -0.7088713645935059 5.265106678009033
v 0.1466318517923355 -0.7315082550048828 5.287247180938721
v 0.14909490942955017 -0.6955665946006775 5.299205303192139
v 0.14801254868507385 -0.7201327681541443 5.3179121017456055
v 0.1381538361310959 -0.7602033615112305 5.38045072555542
v 0.13815349340438843 -0.7343891263008118 5.363278865814209
v 0.11934200674295425 -0.726531445980072 5.389326095581055
v 0.11897636204957962 -0.7541387677192688 5.403021812438965
v 0.14852415025234222 -0.7679632902145386 5.352907657623291
v 0.14803916215896606 -0.7439004182815552 5.33347749710083
v 0.14891111850738525 -0.775398850440979 5.326038837432861
v 0.14798301458358765 -0.7538583278656006 5.306341171264648
v 0.1378646194934845 -0.7825207710266113 5.302488327026367
v 0.13597069680690765 -0.7629892826080322 5.281117916107178
v 0.12103015929460526 -0.7894613146781921 5.285923004150391
v 0.11689681559801102 -0.7713736295700073 5.263914585113525
v 0.09265772253274918 -0.7780091762542725 5.255617618560791
v 0.09929520636796951 -0.7948151230812073 5.277628421783447
v 0.07550307363271713 -0.7980247139930725 5.275895595550537
v 0.06693955510854721 -0.7807954549789429 5.257073402404785
v 0.033979322761297226 -0.7975262403488159 5.296576499938965
v 0.02354699932038784 -0.7762743234634399 5.281625270843506
v 0.042338717728853226 -0.7805188298225403 5.2637715339660645
v 0.05277414247393608 -0.7998329401016235 5.283392906188965
v 0.0676797404885292 -0.8513427376747131 5.3453826904296875
v 0.059696901589632034 -0.8429476022720337 5.338928699493408
v 0.07929515838623047 -0.8380348086357117 5.336151123046875
v 0.08623800426721573 -0.845700740814209 5.344448566436768
v 0.10368954390287399 -0.842052161693573 5.3438944816589355
v 0.09787435084581375 -0.8338161110877991 5.337055206298828
v 0.11618665605783463 -0.8305547833442688 5.338672161102295
v 0.12229599803686142 -0.8394089937210083 5.34531307220459
v 0.1441018283367157 -0.8291683793067932 5.359601020812988
v 0.14888916909694672 -0.8434189558029175 5.366399765014648
v 0.1382504403591156 -0.8394044637680054 5.352131366729736
v 0.13276323676109314 -0.8286959528923035 5.344888210296631
v 0.1558009535074234 -0.8310715556144714 5.37752103805542
v 0.1582084596157074 -0.8486186265945435 5.381577491760254
v 0.15428489446640015 -0.8345693349838257 5.399162292480469
v 0.15404494106769562 -0.8565926551818848 5.401467323303223
v 0.13742464780807495 -0.8394793272018433 5.4200663566589355
v 0.13689453899860382 -0.8641703128814697 5.418834686279297
v 0.031198984012007713 -0.8475343585014343 5.384572505950928
v 0.032869864255189896 -0.8463603258132935 5.367792129516602
v 0.04038875177502632 -0.8598829507827759 5.366553783416748
v 0.037659574300050735 -0.8645850419998169 5.385417461395264
v 0.052586231380701065 -0.8491830825805664 5.42458438873291
v 0.058918509632349014 -0.8719661235809326 5.4168009757995605
v 0.07117331027984619 -0.8734860420227051 5.433985233306885
v 0.06778089702129364 -0.8475977182388306 5.442302703857422
v 0.13812221586704254 -0.7865325808525085 5.39832067489624
v 0.14924325048923492 -0.7908530235290527 5.3715128898620605
v 0.15008176863193512 -0.7951928377151489 5.346161365509033
v 0.1393307000398636 -0.8001922965049744 5.3265380859375
v 0.04356544092297554 -0.8162411451339722 5.314664363861084
v 0.06285703182220459 -0.8158363103866577 5.303704738616943
v 0.019898859784007072 -0.8056220412254333 5.374563694000244
v 0.02048751525580883 -0.8101868033409119 5.3512678146362305
v 0.0913652628660202 -0.8147388100624084 5.444504261016846
v 0.11813563853502274 -0.812816858291626 5.431845188140869
v 0.11868792027235031 -0.783111572265625 5.419500350952148
v 0.0908607542514801 -0.7829896211624146 5.4298882484436035
v 0.1522551327943802 -0.8124079704284668 5.387735843658447
v 0.1519874930381775 -0.8130002617835999 5.3626790046691895
v 0.14091452956199646 -0.8146679401397705 5.344160556793213
v 0.11069958657026291 -0.8203988671302795 5.3221659660339355
v 0.1283198446035385 -0.8172883987426758 5.329276084899902
v 0.09134350717067719 -0.8234645128250122 5.319936752319336
v 0.05171236768364906 -0.8300216197967529 5.325081825256348
v 0.07187627255916595 -0.8282141089439392 5.320981979370117
v 0.026939677074551582 -0.8283259868621826 5.382809162139893
v 0.02700342796742916 -0.8297319412231445 5.360590934753418
v 0.09485960751771927 -0.8725205063819885 5.441773891448975
v 0.12011875957250595 -0.8696273565292358 5.435995578765869
v 0.1183018609881401 -0.8428533673286438 5.438268184661865
v 0.09289874136447906 -0.8455725908279419 5.4491190910339355
v 0.09714173525571823 -0.894848644733429 5.4264750480651855
v 0.07617112249135971 -0.8938266634941101 5.42112922668457
v 0.12538476288318634 -0.848764181137085 5.3411688804626465
v 0.10931731015443802 -0.8501735925674438 5.340928554534912
v 0.1415931135416031 -0.8514304161071777 5.348190784454346
v 0.151834174990654 -0.878344714641571 5.395346164703369
v 0.15965943038463593 -0.8655974864959717 5.375917434692383
v 0.13600382208824158 -0.8893762826919556 5.411386966705322
v 0.11859674006700516 -0.8914373517036438 5.425206661224365
v 0.05419744923710823 -0.8855908513069153 5.348138332366943
v 0.051284562796354294 -0.8945600986480713 5.362232208251953
v 0.043883468955755234 -0.876318097114563 5.376102924346924
v 0.0488787479698658 -0.8720473051071167 5.362268924713135
v 0.07715693861246109 -0.8705000877380371 5.328368663787842
v 0.07476154714822769 -0.8598600625991821 5.3450846672058105
v 0.09179820865392685 -0.8547928333282471 5.342590808868408
v 0.09413375705480576 -0.8628982305526733 5.3216753005981445
v 0.13135364651679993 -0.8601539731025696 5.324106693267822
v 0.11308475583791733 -0.8593631982803345 5.320601940155029
v 0.14794281125068665 -0.8633896112442017 5.332089900970459
v 0.1607840657234192 -0.8854702115058899 5.362934112548828
v 0.1605108678340912 -0.8717228174209595 5.345128536224365
v 0.15377113223075867 -0.8562630414962769 5.359408855438232
v 0.15145902335643768 -0.90202397108078 5.382434844970703
v 0.12925846874713898 -0.939532995223999 5.376134872436523
v 0.15304681658744812 -0.9266238808631897 5.365062236785889
v 0.1278727948665619 -0.9147157073020935 5.395469665527344
v 0.10539955645799637 -1.0124821662902832 5.307895183563232
v 0.10516824573278427 -1.0372267961502075 5.282586574554443
v 0.1274271309375763 -1.0359599590301514 5.287378311157227
v 0.13020773231983185 -1.0115357637405396 5.311532020568848
v 0.055265162140131 -0.9028428792953491 5.326705455780029
v 0.05407748743891716 -0.913374662399292 5.341972827911377
v 0.09596803039312363 -0.8761869668960571 5.298343658447266
v 0.07651789486408234 -0.8830533027648926 5.303180694580078
v 0.16671766340732574 -0.929244875907898 5.323639392852783
v 0.16617554426193237 -0.9122197031974792 5.304673671722412
v 0.16399474442005157 -0.8908517360687256 5.3266730308532715
v 0.16378948092460632 -0.9072182178497314 5.345597743988037
v 0.0543324314057827 -0.9818604588508606 5.274021625518799
v 0.05232991650700569 -0.9576356410980225 5.29714822769165
v 0.05399974063038826 -0.944824755191803 5.279653549194336
v 0.05597551539540291 -0.9701498746871948 5.258294105529785
v 0.0940389558672905 -0.8942000865936279 5.271851539611816
v 0.09402748197317123 -0.9178578853607178 5.250397205352783
v 0.07562495023012161 -0.9249520301818848 5.255902290344238
v 0.07420224696397781 -0.9015270471572876 5.277784824371338
v 0.16320371627807617 -0.9818007349967957 5.281744480133057
v 0.1638278365135193 -0.9664074182510376 5.262676239013672
v 0.16672813892364502 -0.9375451803207397 5.283512115478516
v 0.16648545861244202 -0.9542658925056458 5.302830219268799
v 0.1311059594154358 -0.963142454624176 5.355643272399902
v 0.1325739026069641 -0.9869054555892944 5.333654403686523
v 0.1553320586681366 -0.9729585647583008 5.322657585144043
v 0.1555902659893036 -0.9490203857421875 5.343113422393799
v 0.1041199341416359 -0.9641774296760559 5.35215950012207
v 0.10581540316343307 -0.987745463848114 5.330621242523193
v 0.06717335432767868 -1.0287774801254272 5.218080520629883
v 0.06565996259450912 -1.0401531457901 5.228826522827148
v 0.05976605787873268 -1.0105928182601929 5.252516746520996
v 0.061335835605859756 -0.9985889196395874 5.238735198974609
v 0.09547557681798935 -0.9455066919326782 5.230632305145264
v 0.09733087569475174 -0.9773339033126831 5.21400785446167
v 0.08050442487001419 -0.9822102189064026 5.218327045440674
v 0.07711230963468552 -0.9517434239387512 5.23593807220459
v 0.15165357291698456 -1.0405404567718506 5.235908508300781
v 0.15098123252391815 -1.0279183387756348 5.220246315002441
v 0.15840786695480347 -0.9974568486213684 5.243143081665039
v 0.1581401228904724 -1.0106544494628906 5.259848594665527
v 0.12471868842840195 -1.0619932413101196 5.2599992752075195
v 0.14404192566871643 -1.0538699626922607 5.252208232879639
v 0.14857801795005798 -1.0259321928024292 5.2781548500061035
v 0.10401222854852676 -1.063175082206726 5.257101058959961
v 0.10140109807252884 -1.089013934135437 5.230177879333496
v 0.11937368661165237 -1.0886993408203125 5.2330217361450195
v 0.0703684613108635 -1.058170199394226 5.194060802459717
v 0.0706314668059349 -1.0678426027297974 5.204719543457031
v 0.08262476325035095 -1.045108675956726 5.178131580352783
v 0.08303762972354889 -1.013757348060608 5.198305606842041
v 0.09782404452562332 -1.0087050199508667 5.195548057556152
v 0.09612718969583511 -1.0394099950790405 5.174304485321045
v 0.1308039426803589 -1.0123909711837769 5.195568561553955
v 0.12597930431365967 -1.04313325881958 5.17596435546875
v 0.11165399104356766 -1.0387706756591797 5.173348426818848
v 0.11441389471292496 -1.0078591108322144 5.191862106323242
v 0.1417596936225891 -1.0558652877807617 5.196901321411133
v 0.13570255041122437 -1.0479038953781128 5.184696674346924
v 0.14314444363117218 -1.0178024768829346 5.203719139099121
v 0.14469344913959503 -1.0675667524337769 5.21268367767334
v 0.1374279409646988 -1.0811617374420166 5.226888656616211
v -0.033890124410390854 -0.6477761268615723 5.194910049438477
v -0.02498243749141693 -0.6552770137786865 5.186599254608154
v -0.03234442323446274 -0.6554509997367859 5.22029972076416
v -0.037635885179042816 -0.6437278985977173 5.224902629852295
v 0.009684224613010883 -0.7136660814285278 5.362307548522949
v 0.003843990620225668 -0.6842201948165894 5.352481365203857
v 0.02164626680314541 -0.7719013690948486 5.384467124938965
v 0.01619880460202694 -0.7427574396133423 5.374758243560791
v 0.02834801934659481 -0.8001675605773926 5.3950934410095215
v 0.03907977417111397 -0.8487122654914856 5.405835151672363
v 0.035236213356256485 -0.8265740871429443 5.405154228210449
v 0.04422702267765999 -0.8672086000442505 5.400008678436279
v 0.05156144127249718 -0.8846074938774109 5.389475345611572
v 0.057248663157224655 -0.9046103954315186 5.3750410079956055
v 0.06249013915657997 -0.9464977979660034 5.3367695808410645
v 0.06128000095486641 -0.9243572354316711 5.3555908203125
v 0.05336401239037514 -0.9346042275428772 5.319699764251709
v 0.06381966918706894 -0.995587170124054 5.290109634399414
v 0.062481533735990524 -0.9701464176177979 5.313759803771973
v 0.07226388901472092 -1.0514109134674072 5.238864421844482
v 0.06765273958444595 -1.023476481437683 5.265399932861328
v 0.07739847153425217 -1.0781059265136719 5.216538429260254
v 0.019411956891417503 -0.5729154944419861 5.323859214782715
v 0.019342748448252678 -0.558749258518219 5.3063788414001465
v -0.0054086619056761265 -0.5772498846054077 5.305698394775391
v -0.006937029305845499 -0.5899405479431152 5.3142008781433105
v -0.04265497252345085 -0.6148951649665833 5.232318878173828
v -0.042635705322027206 -0.6201595067977905 5.234781265258789
v -0.0404389463365078 -0.614181399345398 5.247803211212158
v -0.04065404087305069 -0.6087219715118408 5.240272521972656
v 0.1389382779598236 -0.8132061958312988 5.4133687019348145
v 0.1248086467385292 -0.8051175475120544 5.310366153717041
v 0.08419110625982285 -0.813031792640686 5.300076484680176
v 0.10503105074167252 -0.8084936738014221 5.2995991706848145
v 0.0461973138153553 -0.8233198523521423 5.4241228103637695
v 0.06507177650928497 -0.8178239464759827 5.438539505004883
v 0.06295519322156906 -0.7871512770652771 5.427739143371582
v 0.04215226694941521 -0.7938746213912964 5.4141364097595215
v 0.10155505686998367 -0.9434537887573242 5.371342658996582
v 0.07809031754732132 -0.9359001517295837 5.365644454956055
v 0.08077141642570496 -0.9575483798980713 5.346164226531982
v 0.10083261877298355 -0.9243848919868469 5.391378402709961
v 0.15363070368766785 -0.8793781399726868 5.31220817565918
v 0.13676565885543823 -0.8736386895179749 5.3018341064453125
v 0.11670169979333878 -0.8905134201049805 5.272100448608398
v 0.11674044281244278 -0.8727551698684692 5.297657012939453
v 0.13875509798526764 -0.8917330503463745 5.27720308303833
v 0.03459777310490608 -0.7350502014160156 5.394899368286133
v 0.03728260472416878 -0.7644362449645996 5.405879497528076
v 0.06135013327002525 -0.7565975189208984 5.416511058807373
v 0.05980830267071724 -0.7266543507575989 5.4054365158081055
v 0.05538085475564003 -0.3122030794620514 5.240926265716553
v 0.06949050724506378 -0.3247152864933014 5.250030517578125
v 0.0869898647069931 -0.33418038487434387 5.428068161010742
v 0.07805009931325912 -0.3466932773590088 5.429623126983643
v 0.07702818512916565 -0.3464968204498291 5.409585952758789
v 0.08757691830396652 -0.3322345018386841 5.406723499298096
v 0.09461230784654617 -0.3175835907459259 5.408440113067627
v 0.09274408966302872 -0.32027506828308105 5.429149627685547
v 0.09812875837087631 -0.3023119866847992 5.411707401275635
v 0.09571083635091782 -0.3047548532485962 5.432694435119629
v 0.09429524093866348 -0.23572276532649994 5.432873249053955
v 0.09525860846042633 -0.22701215744018555 5.4373459815979
v -0.02361048385500908 -0.3850162923336029 5.430347919464111
v -0.022559430450201035 -0.40435367822647095 5.422403812408447
v -0.0002605250047054142 -0.40029025077819824 5.419315338134766
v 0.009517376311123371 -0.4972885847091675 5.348264694213867
v 0.018653614446520805 -0.5293882489204407 5.298067092895508
v -0.003139736596494913 -0.5401338338851929 5.308709144592285
v -0.009239821694791317 -0.5596347451210022 5.301921367645264
v -0.03914467245340347 -0.5908780097961426 5.2679524421691895
v -0.04455938935279846 -0.5979388356208801 5.255369663238525
v -0.04443926364183426 -0.6084559559822083 5.240088939666748
v -0.044766440987586975 -0.6139959096908569 5.229445934295654
v 0.0035902909003198147 -0.2545781135559082 5.257213115692139
v 0.0041774786077439785 -0.23728486895561218 5.267773628234863
v -0.04403427988290787 -0.11272697150707245 5.363975524902344
v -0.021994806826114655 -0.10618580877780914 5.36460018157959
v -0.022785648703575134 -0.09054973721504211 5.384696960449219
v -0.0442274771630764 -0.09536473453044891 5.383381366729736
v -0.04599995166063309 -0.08920556306838989 5.391726016998291
v -0.02491382695734501 -0.08432210981845856 5.395102500915527
v -0.05737457796931267 -0.06990975141525269 5.438953876495361
v -0.05406207963824272 -0.07189387083053589 5.4300217628479
v -0.04316122829914093 -0.625686526298523 5.220444679260254
v -0.04195605218410492 -0.632027804851532 5.214498519897461
v -0.04185289889574051 -0.6267319321632385 5.236289978027344
v -0.025704870000481606 -0.6246607303619385 5.302937030792236
v -0.02638826332986355 -0.6086766123771667 5.302770614624023
v -0.03646407276391983 -0.6247200965881348 5.280022621154785
v -0.03504929319024086 -0.6387912631034851 5.280294418334961
v 0.15186163783073425 -0.5858252644538879 5.222931385040283
v 0.13858869671821594 -0.5765887498855591 5.261421203613281
v 0.06120627000927925 -0.660426676273346 5.136590003967285
v 0.2123015820980072 -0.3152044415473938 5.4228692054748535
v 0.19334979355335236 -0.2972962558269501 5.4191155433654785
v 0.20469552278518677 -0.29051855206489563 5.4153666496276855
v 0.2235001027584076 -0.30847370624542236 5.421557903289795
v 0.00531738018617034 -0.1731361746788025 5.299333572387695
v 0.013176769949495792 -0.19664552807807922 5.289186477661133
v 0.0139765040948987 -0.11139845848083496 5.493439674377441
v 0.07799612730741501 -0.11908036470413208 5.49972677230835
v 0.06785907596349716 -0.11498257517814636 5.495922088623047
v 0.06082799658179283 -0.13740727305412292 5.506567478179932
v 0.06908886134624481 -0.140880286693573 5.51065731048584
v 0.09610477834939957 -0.1090916246175766 5.417431354522705
v 0.08454422652721405 -0.10312435030937195 5.40948486328125
v 0.08369923382997513 -0.09697103500366211 5.427896022796631
v 0.09427332133054733 -0.10323435068130493 5.435577392578125
v 0.016093267127871513 -0.48270225524902344 5.080134391784668
v -0.014642979018390179 -0.4832015037536621 5.080578327178955
v -0.01288264337927103 -0.30385977029800415 5.215421199798584
v -0.014835172332823277 -0.2859193682670593 5.231533527374268
v 0.004215126391500235 -0.2889631390571594 5.228986740112305
v 0.006892358418554068 -0.3067795932292938 5.213066577911377
v 0.0352243147790432 -0.18710950016975403 5.298985958099365
v 0.048948485404253006 -0.20425182580947876 5.297456741333008
v -0.019377246499061584 -0.33830833435058594 5.4868316650390625
v -0.004679067526012659 -0.3332355320453644 5.492612361907959
v -0.007555816788226366 -0.3142966628074646 5.497168064117432
v -0.02285938523709774 -0.31854602694511414 5.493259429931641
v 0.2003098577260971 -0.2467711865901947 5.416454315185547
v 0.19559110701084137 -0.2633388638496399 5.410778522491455
v 0.17581170797348022 -0.24948064982891083 5.407418251037598
v 0.1780826598405838 -0.23558597266674042 5.407818794250488
v 0.12619343400001526 -0.619306743144989 5.146581172943115
v 0.14708121120929718 -0.5936511754989624 5.174667835235596
v 0.08098914474248886 -0.3124680817127228 5.283926010131836
v 0.07959570735692978 -0.3267332911491394 5.272725582122803
v 0.06745857745409012 -0.3106326162815094 5.262333393096924
v 0.06943868100643158 -0.29612812399864197 5.27236795425415
v 0.0861024335026741 -0.2784411907196045 5.318904399871826
v 0.08197889477014542 -0.2892887592315674 5.308628559112549
v 0.09192265570163727 -0.26647812128067017 5.3282246589660645
v 0.11974180489778519 -0.20805230736732483 5.397678852081299
v 0.11438623815774918 -0.20544366538524628 5.390833377838135
v 0.11531824618577957 -0.2010188102722168 5.386662483215332
v -0.0061967563815414906 -0.6085555553436279 5.322329044342041
v -0.003039328847080469 -0.567142903804779 5.2910847663879395
v -0.00896396767348051 -0.5675413608551025 5.2889580726623535
v -0.04407575726509094 -0.6189265847206116 5.220312595367432
v -0.045097559690475464 -0.6177091598510742 5.220521926879883
v -0.013282590545713902 -0.09961366653442383 5.511883735656738
v -0.010214301757514477 -0.09098617732524872 5.499114513397217
v 0.1390472948551178 -0.2492074817419052 5.42288064956665
v 0.12823143601417542 -0.23374590277671814 5.423018455505371
v 0.10563916712999344 -0.21823997795581818 5.384487152099609
v 0.10837126523256302 -0.21446195244789124 5.39055061340332
v 0.10514942556619644 -0.21898077428340912 5.404321670532227
v 0.10302362591028214 -0.22540797293186188 5.398019790649414
v 0.10624106973409653 -0.2108936309814453 5.3739776611328125
v 0.10978392511606216 -0.20893695950508118 5.3811163902282715
v 0.057985175400972366 -0.22228968143463135 5.4911627769470215
v 0.05786353722214699 -0.20596818625926971 5.495861053466797
v 0.048139285296201706 -0.20397615432739258 5.498570919036865
v 0.04946768656373024 -0.22135505080223083 5.4949798583984375
v 0.04127490893006325 -0.22241175174713135 5.495577812194824
v 0.040071774274110794 -0.20236513018608093 5.498587131500244
v 0.029710041359066963 -0.20376598834991455 5.499019622802734
v 0.03103410266339779 -0.224986732006073 5.498080253601074
v 0.009558317251503468 -0.1398315131664276 5.501189231872559
v -0.0058960323221981525 -0.15481261909008026 5.504918098449707
v -0.022062327712774277 -0.16640855371952057 5.5082597732543945
v -0.036613453179597855 -0.1746516078710556 5.511507034301758
v -0.04787759855389595 -0.07387720048427582 5.419968128204346
v -0.02596677653491497 -0.06957337260246277 5.424908638000488
v -0.027493730187416077 -0.07410958409309387 5.413225173950195
v -0.04616479575634003 -0.0779237300157547 5.410964012145996
v -0.06662081182003021 -0.08103390038013458 5.40954065322876
v -0.06857173889875412 -0.07736736536026001 5.418463706970215
v -0.017762746661901474 -0.11824643611907959 5.514978885650635
v -0.02914249897003174 -0.12854015827178955 5.522514820098877
v -0.0397721603512764 -0.14917469024658203 5.51890230178833
v 0.2214166820049286 -0.2778286933898926 5.502363204956055
v 0.20501545071601868 -0.258177250623703 5.503130912780762
v -0.014879049733281136 -0.07039520144462585 5.477365493774414
v -0.010750009678304195 -0.08035553991794586 5.488023281097412
v 0.23414906859397888 -0.27227410674095154 5.493452548980713
v 0.21752148866653442 -0.2522863745689392 5.493163108825684
v 0.04586217179894447 -0.15925273299217224 5.50457763671875
v 0.055213529616594315 -0.16142326593399048 5.506765365600586
v 0.05128828063607216 -0.13462595641613007 5.503345012664795
v -0.020253639668226242 -0.10761719942092896 5.522410869598389
v -0.03008347377181053 -0.11708688735961914 5.530879020690918
v 0.14607027173042297 -0.5565932989120483 5.219392776489258
v 0.13245348632335663 -0.5509703159332275 5.250942707061768
v 0.09059680998325348 -0.376674622297287 5.290602684020996
v 0.08658253401517868 -0.3949083089828491 5.305356025695801
v -0.04636089503765106 -0.44154536724090576 5.392293930053711
v -0.047099705785512924 -0.45634394884109497 5.380213260650635
v -0.0263914093375206 -0.45452234148979187 5.381112575531006
v -0.02437131106853485 -0.44056692719459534 5.394746780395508
v -0.0463235005736351 -0.38764214515686035 5.4286322593688965
v -0.04576710984110832 -0.40687626600265503 5.4187331199646
v -0.049761462956666946 -0.11652722954750061 5.545234680175781
v -0.008927279151976109 -0.47284215688705444 5.355527877807617
v -0.007639648858457804 -0.4629623591899872 5.365755558013916
v -0.02804976888000965 -0.46488019824028015 5.368002891540527
v -0.02962326817214489 -0.4766983985900879 5.355471611022949
v -0.038988158106803894 -0.4904707074165344 5.352324962615967
v -0.040608037263154984 -0.4943680167198181 5.353147029876709
v -0.027770085260272026 -0.5794270038604736 5.303831100463867
v -0.036729682236909866 -0.5841522216796875 5.306602954864502
v 0.1364070624113083 -0.22965072095394135 5.505857944488525
v 0.14835220575332642 -0.21683315932750702 5.510655403137207
v 0.13696761429309845 -0.20544622838497162 5.5128889083862305
v 0.12607818841934204 -0.21832701563835144 5.505691051483154
v 0.028301959857344627 -0.4584525525569916 5.342411041259766
v 0.009870973415672779 -0.46730464696884155 5.35115385055542
v 0.09075028449296951 -0.24854347109794617 5.444645881652832
v 0.09477900713682175 -0.2455659657716751 5.428346157073975
v -0.024916047230362892 -0.3717276155948639 5.445554256439209
v 0.011689011938869953 -0.3289889693260193 5.495663642883301
v 0.008330256678164005 -0.31097665429115295 5.4989399909973145
v 0.025122573599219322 -0.32348713278770447 5.496896266937256
v 0.02317108027637005 -0.30642110109329224 5.4979729652404785
v -0.04500787705183029 -0.6203008890151978 5.206553936004639
v -0.04342194274067879 -0.6248388290405273 5.216829299926758
v 0.1754450798034668 -0.17901013791561127 5.438441753387451
v 0.17442351579666138 -0.18485653400421143 5.430415153503418
v 0.1646534949541092 -0.17592361569404602 5.426418781280518
v 0.16619034111499786 -0.1693030446767807 5.433628082275391
v -0.031214917078614235 -0.6685599684715271 5.255730152130127
v -0.03585514798760414 -0.6503061652183533 5.253786563873291
v -0.018660299479961395 -0.6518990397453308 5.157506465911865
v -0.03530071675777435 -0.6458198428153992 5.168588638305664
v -0.042345281690359116 -0.6437874436378479 5.165553092956543
v -0.041994042694568634 -0.6415442824363708 5.150214195251465
v 0.023207752034068108 -0.6465625762939453 5.3619704246521
v 0.021140454337000847 -0.6183276176452637 5.349516868591309
v 0.02683384157717228 -0.6762970089912415 5.374013900756836
v 0.03023659624159336 -0.7062243223190308 5.385829925537109
v 0.06496348232030869 -0.8913408517837524 5.402647018432617
v 0.07491839677095413 -0.9141263365745544 5.387966156005859
v 0.08262987434864044 -0.9806437492370605 5.323369026184082
v 0.08385787159204483 -1.0052989721298218 5.299724102020264
v 0.08523771911859512 -1.0318573713302612 5.2750935554504395
v 0.08821266144514084 -1.084689736366272 5.223262310028076
v 0.08645278215408325 -1.0592883825302124 5.249379634857178
v 0.24350088834762573 -0.26912030577659607 5.480792045593262
v 0.24947845935821533 -0.27134615182876587 5.466480255126953
v 0.23233774304389954 -0.2498510181903839 5.462606430053711
v 0.22621789574623108 -0.2469158172607422 5.478719711303711
v 0.1597687304019928 -0.2846657335758209 5.4350504875183105
v 0.1755877435207367 -0.3018304109573364 5.437904357910156
v 0.16985802352428436 -0.30160099267959595 5.451105117797852
v 0.15412664413452148 -0.28355085849761963 5.450937747955322
v 0.19276845455169678 -0.3197585344314575 5.439723491668701
v 0.18319721519947052 -0.2999553680419922 5.4261932373046875
v 0.20170579850673676 -0.3177816867828369 5.429880619049072
v 0.23354360461235046 -0.29770126938819885 5.423647880554199
v 0.2151600867509842 -0.2801632285118103 5.41794490814209
v 0.22297227382659912 -0.2685031592845917 5.423816680908203
v 0.24203640222549438 -0.288528710603714 5.430196285247803
v 0.25099891424179077 -0.27592384815216064 5.453866958618164
v 0.24832388758659363 -0.2817572057247162 5.440256118774414
v 0.23056384921073914 -0.26150527596473694 5.43560791015625
v 0.23397794365882874 -0.2552449405193329 5.449084281921387
v 0.18358869850635529 -0.31426867842674255 5.480284214019775
v 0.1665424108505249 -0.2950875759124756 5.480606555938721
v 0.1664668619632721 -0.29973483085632324 5.466557502746582
v 0.18306642770767212 -0.31895893812179565 5.466285228729248
v 0.16455131769180298 -0.2063116878271103 5.505952835083008
v 0.1506066620349884 -0.18971607089042664 5.512570381164551
v 0.09298168867826462 -0.2209884077310562 5.4579315185546875
v 0.09761253744363785 -0.21845337748527527 5.4602274894714355
v 0.09710360318422318 -0.21960388123989105 5.476870059967041
v 0.0912938192486763 -0.21935974061489105 5.4758219718933105
v 0.17387917637825012 -0.24768495559692383 5.5073394775390625
v 0.18978512287139893 -0.23899972438812256 5.503695011138916
v 0.17527441680431366 -0.22038663923740387 5.506371021270752
v 0.16003330051898956 -0.23107105493545532 5.508908271789551
v 0.15006229281425476 -0.2763453423976898 5.479820251464844
v 0.13312631845474243 -0.2596629858016968 5.48048734664917
v 0.13433802127838135 -0.2628771960735321 5.464707374572754
v 0.15006355941295624 -0.2813541293144226 5.465646266937256
v 0.16580036282539368 -0.25600409507751465 5.408343315124512
v 0.1852414608001709 -0.27335125207901 5.411860942840576
v 0.1175537183880806 -0.2303861379623413 5.493221282958984
v 0.12684334814548492 -0.24009014666080475 5.49466609954834
v 0.09192811697721481 -0.2593677043914795 5.44093656539917
v 0.101778544485569 -0.2327203005552292 5.394245624542236
v 0.10148965567350388 -0.24130584299564362 5.388708114624023
v 0.07816289365291595 -0.34175431728363037 5.44655704498291
v 0.07790295034646988 -0.33179160952568054 5.460915565490723
v 0.10157044976949692 -0.2777212858200073 5.39633846282959
v 0.10006260126829147 -0.2944397032260895 5.390076160430908
v 0.08205942064523697 -0.3264199495315552 5.4559712409973145
v 0.08432191610336304 -0.3314381539821625 5.445322513580322
v 0.036906253546476364 -0.3884793817996979 5.40391731262207
v -0.03885285556316376 -0.1616869866847992 5.513422012329102
v 0.138372540473938 -0.2543798089027405 5.492438316345215
v 0.14818142354488373 -0.24482962489128113 5.502676963806152
v 0.1617330014705658 -0.22656430304050446 5.403177738189697
v 0.15640679001808167 -0.23468759655952454 5.403659820556641
v 0.1417393684387207 -0.22227756679058075 5.401557445526123
v 0.14707976579666138 -0.21718373894691467 5.400712490081787
v 0.06698032468557358 -0.17445948719978333 5.324166774749756
v 0.07355666905641556 -0.18757537007331848 5.32346773147583
v 0.06232443079352379 -0.19535520672798157 5.310214996337891
v 0.05254679545760155 -0.18019378185272217 5.309971332550049
v 0.1792777180671692 -0.17661143839359283 5.454676628112793
v 0.17016252875328064 -0.16501712799072266 5.45456600189209
v 0.17238974571228027 -0.16647876799106598 5.465351581573486
v 0.18237422406673431 -0.17994217574596405 5.465636730194092
v 0.17075930535793304 -0.1708449423313141 5.480979919433594
v 0.16601085662841797 -0.18150809407234192 5.498395919799805
v 0.17508697509765625 -0.19443242251873016 5.497577667236328
v 0.18035538494586945 -0.1851300597190857 5.4817023277282715
v 0.14005519449710846 -0.5325695276260376 5.1914381980896
v 0.13326677680015564 -0.5311205983161926 5.155644416809082
v 0.06646884232759476 -0.4639500677585602 5.313543319702148
v 0.08295153826475143 -0.45074597001075745 5.299624919891357
v 0.04737280681729317 -0.5190853476524353 5.300079822540283
v -0.03749709203839302 -0.6099755167961121 5.272168159484863
v -0.02430756203830242 -0.5912210941314697 5.288474082946777
v -0.024132825434207916 -0.6900734305381775 5.256280899047852
v 0.13816547393798828 -0.5350107550621033 5.219101905822754
v -0.00011754276783904061 -0.7435393929481506 5.286372661590576
v -0.012377369217574596 -0.7162988185882568 5.270356178283691
v 0.05759826675057411 -0.7592052221298218 5.2324018478393555
v 0.04646703228354454 -0.7340403199195862 5.2080888748168945
v 0.07765377312898636 -0.7336950302124023 5.208129405975342
v 0.0855380967259407 -0.7582904696464539 5.234443187713623
v 0.10687840729951859 -0.7296202778816223 5.2213239669799805
v 0.11191240698099136 -0.7521398663520813 5.244566440582275
v 0.09188764542341232 -0.7525023818016052 5.4152326583862305
v 0.11660713702440262 -0.914853036403656 5.249619960784912
v 0.13694380223751068 -0.9462454319000244 5.234158992767334
v 0.11630953103303909 -0.9433980584144592 5.22878885269165
v 0.13873589038848877 -0.9166120290756226 5.255796909332275
v 0.15616340935230255 -0.8994368314743042 5.289333343505859
v 0.15604770183563232 -0.9241888523101807 5.266927242279053
v 0.15247660875320435 -0.9985913038253784 5.30056619644165
v 0.1162579283118248 -0.9755391478538513 5.21194314956665
v 0.13452529907226562 -0.9791715741157532 5.214993953704834
v 0.15412840247154236 -0.9542068243026733 5.247744083404541
v 0.14946167171001434 -0.9859321117401123 5.226317882537842
v -0.038548145443201065 -0.637169599533081 5.25610876083374
v -0.04128071665763855 -0.6415900588035583 5.133908748626709
v 0.10522715002298355 -0.5430489182472229 5.267190933227539
v 0.11153966933488846 -0.5652915835380554 5.2828497886657715
v 0.019981196150183678 -0.5504052042961121 5.29106330871582
v 0.04800723120570183 -0.5384354591369629 5.297567367553711
v 0.06292681396007538 -0.4257763624191284 5.328210830688477
v 0.04642832651734352 -0.4373154938220978 5.339150905609131
v 0.06425613909959793 -0.3977247178554535 5.353660583496094
v 0.0637747272849083 -0.4128834903240204 5.339432716369629
v 0.07692944258451462 -0.39839962124824524 5.329679012298584
v 0.07684043049812317 -0.38356971740722656 5.342145919799805
v 0.08995414525270462 -0.3489859104156494 5.31556510925293
v 0.08953642100095749 -0.3634587228298187 5.302696228027344
v 0.08768440037965775 -0.34468019008636475 5.287055969238281
v 0.0881173387169838 -0.33016014099121094 5.298855781555176
v 0.081681989133358 -0.34078505635261536 5.2610392570495605
v 0.08932485431432724 -0.3583854138851166 5.276150703430176
v 0.021727504208683968 -0.27807530760765076 5.244991302490234
v 0.02198195271193981 -0.2615102231502533 5.257823944091797
v 0.0390283428132534 -0.27041390538215637 5.26011848449707
v 0.03844119980931282 -0.2866653501987457 5.247530937194824
v -0.018625181168317795 -0.5715460181236267 5.295560836791992
v -0.04103490710258484 -0.620349109172821 5.254356861114502
v 0.020104272291064262 -0.5930273532867432 5.337502479553223
v 0.04884965345263481 -0.5609534382820129 5.317875385284424
v 0.0818440318107605 -0.5591582655906677 5.309056282043457
v 0.12326616793870926 -0.2332250475883484 5.434691905975342
v 0.0961608961224556 -0.18207906186580658 5.358213901519775
v 0.09623142331838608 -0.17393046617507935 5.362132549285889
v 0.18776962161064148 -0.21084681153297424 5.4948601722717285
v 0.1928088665008545 -0.20199134945869446 5.479999542236328
v 0.12077999860048294 -0.24513044953346252 5.479579448699951
v 0.12742474675178528 -0.19581423699855804 5.514184474945068
v 0.10800493508577347 -0.2027057409286499 5.506744861602783
v 0.11687112599611282 -0.21054501831531525 5.506214618682861
v 0.07322899252176285 -0.5157673954963684 5.27966833114624
v 0.0746036097407341 -0.5233256816864014 5.276266098022461
v 0.10056602209806442 -0.5192099213600159 5.265748023986816
v -0.03969794511795044 -0.6405486464500427 5.183066368103027
v -0.04307558387517929 -0.6388234496116638 5.174631118774414
v -0.0037743491120636463 -0.5695962309837341 5.294374465942383
v 0.020607685670256615 -0.7933790683746338 5.317017078399658
v 0.011054863221943378 -0.7700299024581909 5.303616523742676
v 0.028721807524561882 -0.8137162327766418 5.329946041107178
v 0.036608610302209854 -0.8310554027557373 5.342644691467285
v 0.043549079447984695 -0.8450368642807007 5.351489067077637
v 0.051604289561510086 -0.8573992252349854 5.350446701049805
v 0.060528431087732315 -0.8678454756736755 5.354116439819336
v 0.06399759650230408 -0.8791170716285706 5.338104248046875
v 0.05444550886750221 -0.9224113821983337 5.302227973937988
v 0.06242500618100166 -0.8924989700317383 5.313699245452881
v 0.06156476214528084 -0.9111993908882141 5.288722991943359
v 0.06244663521647453 -0.9343427419662476 5.266404151916504
v 0.06874088197946548 -0.9896656274795532 5.226903915405273
v 0.06391776353120804 -0.9594292640686035 5.244478225708008
v 0.0729251354932785 -1.019212007522583 5.204733848571777
v 0.0749211385846138 -1.0510447025299072 5.185791492462158
v -0.04304412752389908 -0.627550482749939 5.203865051269531
v -0.04153153672814369 -0.6345248222351074 5.19486665725708
v 0.03533681109547615 -0.15787750482559204 5.502030849456787
v 0.09854821115732193 -0.23098523914813995 5.414806842803955
v 0.0996374860405922 -0.2238190770149231 5.419414520263672
v 0.11145418137311935 -0.23329204320907593 5.479953289031982
v -0.04117549583315849 -0.6311046481132507 5.114355087280273
v -0.04251762107014656 -0.6082449555397034 5.094659328460693
v 0.21849432587623596 -0.23859737813472748 5.442463397979736
v 0.21740835905075073 -0.23094205558300018 5.456843852996826
v 0.12163250893354416 -0.24566319584846497 5.464526176452637
v 0.09623122960329056 -0.2212732881307602 5.4406962394714355
v 0.10052069276571274 -0.21759401261806488 5.443903923034668
v 0.23485037684440613 -0.2774277925491333 5.548422336578369
v 0.22438263893127441 -0.27386462688446045 5.565553665161133
v 0.23483002185821533 -0.2737518548965454 5.5706610679626465
v 0.24580004811286926 -0.2781943082809448 5.552964687347412
v 0.2237701117992401 -0.28191494941711426 5.5445556640625
v 0.2151433825492859 -0.27970045804977417 5.561316967010498
v 0.2106989026069641 -0.3383146822452545 5.555176258087158
v 0.20639365911483765 -0.33257877826690674 5.574326038360596
v 0.2022828608751297 -0.3223666846752167 5.567874908447266
v 0.20670412480831146 -0.32748353481292725 5.5486836433410645
v 0.19979636371135712 -0.2865598797798157 5.577088832855225
v 0.20730584859848022 -0.28843873739242554 5.560173034667969
v 0.20254765450954437 -0.2998470664024353 5.559988498687744
v 0.1962062120437622 -0.2969629168510437 5.577669143676758
v 0.23172444105148315 -0.34849196672439575 5.568552494049072
v 0.23552116751670837 -0.3565686047077179 5.549417018890381
v 0.24810665845870972 -0.35348859429359436 5.554407119750977
v 0.24362394213676453 -0.3446308374404907 5.5727434158325195
v 0.23099619150161743 -0.35840120911598206 5.473962306976318
v 0.23401644825935364 -0.3611946105957031 5.4647746086120605
v 0.23474928736686707 -0.3712715804576874 5.465744495391846
v 0.23293480277061462 -0.36906954646110535 5.4794020652771
v 0.2561498284339905 -0.28497442603111267 5.5138726234436035
v 0.2451801598072052 -0.28086966276168823 5.530777454376221
v 0.25637581944465637 -0.28348904848098755 5.536065101623535
v 0.2664233148097992 -0.2901843190193176 5.518117904663086
v 0.22399741411209106 -0.3109453618526459 5.5047526359558105
v 0.23497486114501953 -0.31728965044021606 5.487030029296875
v 0.22879835963249207 -0.3309093713760376 5.486815929412842
v 0.21925295889377594 -0.325191855430603 5.505242824554443
v 0.27770376205444336 -0.2988552451133728 5.501865863800049
v 0.26723963022232056 -0.2917446196079254 5.497834205627441
v 0.20851004123687744 -0.30283433198928833 5.540961742401123
v 0.21576383709907532 -0.30624106526374817 5.522628307342529
v 0.21215735375881195 -0.31966784596443176 5.52368688583374
v 0.20643922686576843 -0.3154400885105133 5.54365873336792
v 0.22177237272262573 -0.3313840329647064 5.6052045822143555
v 0.22712919116020203 -0.34004300832748413 5.58744478225708
v 0.2381477653980255 -0.3356003165245056 5.590086460113525
v 0.23188653588294983 -0.3265124559402466 5.607293128967285
v 0.19579339027404785 -0.3071187138557434 5.580543518066406
v 0.2013048380613327 -0.3113848865032196 5.56256103515625
v 0.1974472999572754 -0.31695204973220825 5.5867133140563965
v 0.24095627665519714 -0.28260689973831177 5.5981597900390625
v 0.2520730793476105 -0.2892649173736572 5.582242012023926
v 0.2445189356803894 -0.27994441986083984 5.575291156768799
v 0.2335917055606842 -0.27461516857147217 5.593299388885498
v 0.21934866905212402 -0.34968703985214233 5.513626575469971
v 0.21478857100009918 -0.34417814016342163 5.535219192504883
v 0.2115173041820526 -0.3328476548194885 5.528139114379883
v 0.2175751030445099 -0.33836546540260315 5.508378505706787
v 0.2424047291278839 -0.2886224389076233 5.509805679321289
v 0.23273074626922607 -0.2849871516227722 5.527554512023926
v 0.2625008523464203 -0.2967146039009094 5.564935684204102
v 0.27189159393310547 -0.3051530122756958 5.547513008117676
v 0.2655937075614929 -0.29227757453918457 5.540904521942139
v 0.2551206052303314 -0.2856881618499756 5.5586466789245605
v 0.28009942173957825 -0.32954055070877075 5.534279823303223
v 0.2721872329711914 -0.3199543356895447 5.552698135375977
v 0.2666838765144348 -0.3340747058391571 5.5556230545043945
v 0.2728593945503235 -0.3437095880508423 5.536329746246338
v 0.22983354330062866 -0.3650665581226349 5.499033451080322
v 0.2265569567680359 -0.3542245924472809 5.492751598358154
v 0.2380777895450592 -0.36400046944618225 5.5287885665893555
v 0.2405211627483368 -0.3713664412498474 5.506875038146973
v 0.2538902461528778 -0.37053894996643066 5.5119309425354
v 0.25134754180908203 -0.36220625042915344 5.533862590789795
v 0.26302558183670044 -0.31645724177360535 5.469387531280518
v 0.2557026445865631 -0.3097585141658783 5.475204944610596
v 0.26742032170295715 -0.301246702671051 5.478824615478516
v 0.27552998065948486 -0.30894961953163147 5.472565650939941
v 0.28013864159584045 -0.3001658320426941 5.483931064605713
v 0.2878311276435852 -0.30851370096206665 5.475071430206299
v 0.2943965494632721 -0.31858670711517334 5.470643520355225
v 0.29757383465766907 -0.3196418881416321 5.471935749053955
v 0.29735037684440613 -0.32885441184043884 5.4684224128723145
v 0.2941790819168091 -0.3252701759338379 5.4657697677612305
v 0.28927379846572876 -0.3515848219394684 5.498284816741943
v 0.2853306531906128 -0.3408479690551758 5.5168538093566895
v 0.2756790220737457 -0.35485541820526123 5.516964912414551
v 0.2785656750202179 -0.3647319972515106 5.49757194519043
v 0.26613205671310425 -0.37814244627952576 5.475701332092285
v 0.26714155077934265 -0.3736056387424469 5.494499206542969
v 0.2544148862361908 -0.37839701771736145 5.491756916046143
v 0.25306203961372375 -0.3820529878139496 5.473097801208496
v 0.23503896594047546 -0.35190948843955994 5.436460971832275
v 0.24639847874641418 -0.3643483817577362 5.442110061645508
v 0.23587778210639954 -0.3680676817893982 5.446401596069336
v 0.22538796067237854 -0.35581550002098083 5.442086219787598
v 0.22404935956001282 -0.3625819981098175 5.459786891937256
v 0.22452634572982788 -0.3561854362487793 5.470095157623291
v 0.21439290046691895 -0.3467068672180176 5.475131988525391
v 0.2132350206375122 -0.3529675602912903 5.462784290313721
v 0.2548115849494934 -0.31266820430755615 5.494697093963623
v 0.262588769197464 -0.3196603059768677 5.486501693725586
v 0.27526769042015076 -0.31270721554756165 5.486759662628174
v 0.26699355244636536 -0.30509892106056213 5.489902496337891
v 0.29097604751586914 -0.3581892251968384 5.482477188110352
v 0.27854281663894653 -0.37100595235824585 5.477816581726074
v 0.23027363419532776 -0.3696713149547577 5.45792293548584
v 0.233381450176239 -0.3721972107887268 5.4594597816467285
v 0.2330286204814911 -0.36267325282096863 5.461082458496094
v 0.23086205124855042 -0.36174246668815613 5.46403169631958
v 0.24362802505493164 -0.3425333499908447 5.476912975311279
v 0.24597308039665222 -0.3433046340942383 5.4677252769470215
v 0.2550505995750427 -0.3325257897377014 5.470268726348877
v 0.25363585352897644 -0.33251887559890747 5.477095603942871
v 0.2659032940864563 -0.323077529668808 5.480162620544434
v 0.2662695348262787 -0.3218243420124054 5.472490310668945
v 0.27947235107421875 -0.3151806592941284 5.474627494812012
v 0.27933719754219055 -0.3159204423427582 5.479786396026611
v 0.29193636775016785 -0.3565765619277954 5.469475746154785
v 0.2887704372406006 -0.354946494102478 5.460356712341309
v 0.2932659089565277 -0.3459152579307556 5.461704254150391
v 0.2955183684825897 -0.3478069603443146 5.471063137054443
v 0.24974992871284485 -0.38116806745529175 5.459559917449951
v 0.26158806681632996 -0.37729212641716003 5.460234642028809
v 0.2449606955051422 -0.33842816948890686 5.465129852294922
v 0.23798802495002747 -0.3516327738761902 5.463198184967041
v 0.23626217246055603 -0.35060349106788635 5.464706897735596
v 0.2912192940711975 -0.31353822350502014 5.473654747009277
v 0.24500772356987 -0.34690389037132263 5.434600353240967
v 0.23078790307044983 -0.33306244015693665 5.42885684967041
v 0.24065643548965454 -0.3262348771095276 5.427154541015625
v 0.2543484568595886 -0.3404063880443573 5.43289041519165
v 0.22079578042030334 -0.3379976153373718 5.432563781738281
v 0.2116636037826538 -0.3409755527973175 5.440680027008057
v 0.20073337852954865 -0.3328528106212616 5.479241371154785
v 0.20011208951473236 -0.33798447251319885 5.46560525894165
v 0.2050275206565857 -0.32549530267715454 5.491909503936768
v 0.21898497641086578 -0.3390622138977051 5.4863715171813965
v 0.2263132929801941 -0.32985955476760864 5.496637344360352
v 0.21205563843250275 -0.3163754940032959 5.50204610824585
v 0.23902615904808044 -0.297259658575058 5.500735759735107
v 0.2518497109413147 -0.29107654094696045 5.492269515991211
v 0.2746756374835968 -0.3032307028770447 5.482054233551025
v 0.2607310116291046 -0.2892097234725952 5.481908798217773
v 0.22818335890769958 -0.3669000566005707 5.451510429382324
v 0.23522672057151794 -0.37470170855522156 5.453221321105957
v 0.2642703056335449 -0.31085747480392456 5.569880962371826
v 0.2546572983264923 -0.30200958251953125 5.585867881774902
v 0.2523529529571533 -0.31539201736450195 5.588777542114258
v 0.2605392336845398 -0.3245481550693512 5.572899341583252
v 0.2466827929019928 -0.32693609595298767 5.590041637420654
v 0.23902079463005066 -0.3178761899471283 5.606904029846191
v 0.22318127751350403 -0.29390615224838257 5.524264335632324
v 0.21472500264644623 -0.291032075881958 5.542419910430908
v 0.20517770946025848 -0.27656829357147217 5.57930850982666
v 0.25310802459716797 -0.32765328884124756 5.467527866363525
v 0.24684342741966248 -0.32224321365356445 5.471837520599365
v 0.2910080850124359 -0.33306607604026794 5.4598388671875
v 0.28474488854408264 -0.3250257074832916 5.455167293548584
v 0.28741198778152466 -0.318846732378006 5.463511943817139
v 0.2974358797073364 -0.34264177083969116 5.481215000152588
v 0.2960321307182312 -0.33032339811325073 5.476804733276367
v 0.29204508662223816 -0.32082879543304443 5.490889072418213
v 0.2940715551376343 -0.3351678252220154 5.4942545890808105
v 0.2820281386375427 -0.35114574432373047 5.452234745025635
v 0.2742534875869751 -0.3431645929813385 5.44252872467041
v 0.2806219756603241 -0.3338795006275177 5.44891881942749
v 0.28773441910743713 -0.34188148379325867 5.455458641052246
v 0.2394791841506958 -0.32133948802948 5.4977850914001465
v 0.24888673424720764 -0.3296163082122803 5.487631320953369
v 0.2665269076824188 -0.2957846224308014 5.458378791809082
v 0.26640304923057556 -0.2915883958339691 5.468817710876465
v 0.2790392339229584 -0.30535688996315 5.471158504486084
v 0.2783479392528534 -0.30877742171287537 5.462202072143555
v 0.2879556715488434 -0.31366920471191406 5.471226692199707
v 0.2638983428478241 -0.300397664308548 5.447115421295166
v 0.27589747309684753 -0.3146454095840454 5.452288627624512
v 0.2239578366279602 -0.3065900206565857 5.505153656005859
v 0.264305055141449 -0.33090537786483765 5.436765670776367
v 0.2506738007068634 -0.31663644313812256 5.4300761222839355
v 0.258619487285614 -0.30778464674949646 5.436811923980713
v 0.2711876332759857 -0.32212814688682556 5.443378925323486
v 0.2530699074268341 -0.33631932735443115 5.5736565589904785
v 0.258210152387619 -0.3455843925476074 5.556095600128174
v 0.24197781085968018 -0.3790385127067566 5.469137191772461
v 0.24193817377090454 -0.37674441933631897 5.485015869140625
v 0.2402605414390564 -0.37826135754585266 5.458523273468018
v 0.21933767199516296 -0.3465269207954407 5.56295919418335
v 0.21540221571922302 -0.33915963768959045 5.581894397735596
v 0.22708940505981445 -0.3592911660671234 5.521475315093994
v 0.2228175401687622 -0.3530298173427582 5.542187690734863
v 0.28038057684898376 -0.31444627046585083 5.529201984405518
v 0.2650679051876068 -0.367597371339798 5.449977874755859
v 0.27185559272766113 -0.3720857501029968 5.460713863372803
v 0.2551044523715973 -0.37283310294151306 5.4497199058532715
v 0.20348070561885834 -0.34087589383125305 5.452949523925781
v 0.21751119196414948 -0.35630807280540466 5.451346397399902
v 0.28362390398979187 -0.36592069268226624 5.468351364135742
v 0.18625938892364502 -0.3210661709308624 5.451930522918701
v 0.2953628897666931 -0.3172411620616913 5.477553844451904
v 0.2839764952659607 -0.3107950687408447 5.480526924133301
v 0.2893833816051483 -0.3147607147693634 5.476141452789307
v 0.22402703762054443 -0.26956063508987427 5.587052822113037
v 0.2321036159992218 -0.2977902591228485 5.506218433380127
v 0.23968055844306946 -0.33474552631378174 5.472097396850586
v 0.2329513132572174 -0.3471825420856476 5.472784042358398
v 0.2567608654499054 -0.3586036264896393 5.440974235534668
v 0.2658352553844452 -0.3520285189151764 5.439717769622803
v 0.27427443861961365 -0.36008429527282715 5.448787212371826
v 0.22905156016349792 -0.34793683886528015 5.478992938995361
v 0.2365100383758545 -0.33840411901474 5.488511085510254
v 0.21069729328155518 -0.3311750292778015 5.599175453186035
v 0.23521021008491516 -0.3525327444076538 5.471419334411621
v 0.2889064848423004 -0.30833834409713745 5.486681938171387
v -0.044097308069467545 -0.10361598432064056 5.373079776763916
v -0.06264142692089081 -0.11608614027500153 5.364166736602783
v -0.06323610991239548 -0.10767340660095215 5.373780727386475
v 0.09661414474248886 -0.3099421560764313 5.384261131286621
v 0.06231476739048958 -0.35810765624046326 5.3977580070495605
v 0.07533883303403854 -0.3456890285015106 5.3887200355529785
v 0.09813187271356583 -0.23949962854385376 5.411511421203613
v 0.09897906333208084 -0.2503851652145386 5.405943870544434
v 0.10543223470449448 -0.2148752361536026 5.429571628570557
v 0.10170156508684158 -0.217123344540596 5.424551010131836
v 0.09913595765829086 -0.28633466362953186 5.415559768676758
v -0.0176550205796957 0.05951753258705139 5.519577503204346
v -0.02018885128200054 0.05286279320716858 5.515201568603516
v -0.016383647918701172 0.07206788659095764 5.5212082862854
v -0.04008866101503372 -0.48380932211875916 5.350913047790527
v -0.05332932248711586 -0.49455612897872925 5.351355075836182
v -0.05348779633641243 -0.49821847677230835 5.355067729949951
v -0.012285853736102581 0.041889458894729614 5.526895523071289
v -0.014589873142540455 0.0368255078792572 5.522555828094482
v -0.010463404469192028 0.039548248052597046 5.52346658706665
v -0.011977416463196278 0.04309847950935364 5.52869176864624
v -0.012268890626728535 0.04224005341529846 5.528340816497803
v -0.01375753153115511 0.07229495048522949 5.531003952026367
v -0.02072357013821602 0.04596850275993347 5.512598514556885
v -0.021295251324772835 0.03662857413291931 5.512015342712402
v -0.012883792631328106 0.05795055627822876 5.533486366271973
v -0.002290582749992609 -0.3668859004974365 5.162610054016113
v 0.003512491937726736 -0.38555407524108887 5.148562908172607
v -0.02243230678141117 -0.38401350378990173 5.147187232971191
v -0.02622040919959545 -0.3654634952545166 5.1630353927612305
v -0.0497170090675354 -0.39910465478897095 5.133856773376465
v -0.05095554515719414 -0.38020506501197815 5.148536205291748
v -0.01816553995013237 -0.40437987446784973 5.1319379806518555
v 0.10259697586297989 -0.4487983286380768 5.146775245666504
v 0.09810192137956619 -0.4270806610584259 5.1567487716674805
v 0.11346911638975143 -0.43160921335220337 5.179187774658203
v 0.11810997873544693 -0.4527970850467682 5.169711112976074
v 0.11669711023569107 -0.4227798879146576 5.210247039794922
v 0.12314442545175552 -0.439113050699234 5.205197811126709
v 0.10613227635622025 -0.4139050543308258 5.18706750869751
v 0.12017076462507248 -0.4344666600227356 5.234206199645996
v 0.12578731775283813 -0.4506934881210327 5.229783058166504
v 0.11652345210313797 -0.448207288980484 5.257709980010986
v 0.12153936177492142 -0.46471530199050903 5.251185894012451
v 0.11091694980859756 -0.47792935371398926 5.269892692565918
v 0.09408498555421829 -0.48922762274742126 5.285358905792236
v 0.07306122779846191 -0.5080546736717224 5.2881245613098145
v 0.07302764058113098 -0.4998299777507782 5.29960298538208
v 0.04966823384165764 -0.509449303150177 5.309597492218018
v 0.02519252710044384 -0.5192306041717529 5.319372177124023
v 0.0025934590958058834 -0.5284992456436157 5.325794219970703
v -0.01702895760536194 -0.5372341275215149 5.33127498626709
v -0.03404153883457184 -0.5441449880599976 5.337920188903809
v -0.049211692065000534 -0.5464513897895813 5.3387885093688965
v -0.04768965765833855 -0.5632199048995972 5.327128887176514
v 0.03064153902232647 -0.18151403963565826 5.501600742340088
v 0.02538405917584896 -0.07134684920310974 5.453726291656494
v 0.04343763366341591 -0.08514904975891113 5.474360466003418
v 0.03826307877898216 -0.07544837892055511 5.4532999992370605
v 0.0694437250494957 -0.09784339368343353 5.397095203399658
v 0.04904085770249367 -0.09553684294223785 5.384602069854736
v 0.05005927011370659 -0.08832596242427826 5.400693893432617
v 0.06939315795898438 -0.08966758847236633 5.416463851928711
v 0.015797795727849007 -0.06974424421787262 5.436733245849609
v 0.00704346364364028 -0.06833294034004211 5.438211917877197
v 0.026781605556607246 -0.07202695310115814 5.433774948120117
v 0.011021916754543781 -0.07251708209514618 5.418211936950684
v -0.006992990616708994 -0.07501928508281708 5.40878438949585
v 0.08558060973882675 -0.10553328692913055 5.479198455810547
v 0.0965934470295906 -0.11266736686229706 5.484869003295898
v 0.10008721798658371 -0.10761453211307526 5.461446285247803
v 0.09098625928163528 -0.10086926817893982 5.4554572105407715
v 0.09655994921922684 -0.11678807437419891 5.403017044067383
v 0.1061835065484047 -0.12162961065769196 5.4113054275512695
v 0.10568863898515701 -0.1302093267440796 5.3983235359191895
v 0.09509984403848648 -0.12527507543563843 5.39044713973999
v 0.13042645156383514 -0.14299222826957703 5.499375820159912
v 0.14166772365570068 -0.15140663087368011 5.501933574676514
v 0.1467122733592987 -0.1444542109966278 5.48286247253418
v 0.13461923599243164 -0.13414953649044037 5.480554580688477
v 0.10496223717927933 -0.11528703570365906 5.427065372467041
v 0.026776107028126717 -0.1682366132736206 5.306133270263672
v 0.04526912793517113 -0.16486023366451263 5.314449787139893
v 0.06136366352438927 -0.161616712808609 5.325899124145508
v 0.09731266647577286 -0.1662755161523819 5.3683576583862305
v 0.08737476170063019 -0.17225320637226105 5.350576877593994
v 0.08689463883638382 -0.16276918351650238 5.355876445770264
v 0.10844282060861588 -0.17024342715740204 5.378398895263672
v 0.1160435751080513 -0.1735152006149292 5.385226249694824
v 0.10006580501794815 -0.1952390968799591 5.506048202514648
v 0.09386718273162842 -0.21192646026611328 5.492024898529053
v 0.10092439502477646 -0.21595725417137146 5.4916157722473145
v 0.13144591450691223 -0.18690641224384308 5.397975444793701
v 0.12913388013839722 -0.19101153314113617 5.396604537963867
v 0.12047391384840012 -0.18718880414962769 5.38992977142334
v 0.12247315794229507 -0.18258348107337952 5.390751838684082
v 0.07495126873254776 -0.09848064184188843 5.4742021560668945
v 0.14690609276294708 -0.14224812388420105 5.4632978439331055
v 0.14835749566555023 -0.14356699585914612 5.44894552230835
v 0.1353103667497635 -0.13530242443084717 5.445335388183594
v 0.13448293507099152 -0.1327943205833435 5.4596405029296875
v 0.1468617469072342 -0.14712953567504883 5.43552827835083
v 0.14532102644443512 -0.1527470201253891 5.4244585037231445
v 0.1340913027524948 -0.1444164514541626 5.419796466827393
v 0.1353902518749237 -0.13945066928863525 5.430478096008301
v 0.1345232129096985 -0.18187320232391357 5.399234294891357
v 0.12437351793050766 -0.17653417587280273 5.393514633178711
v 0.14182278513908386 -0.179965078830719 5.513332843780518
v 0.0992349162697792 -0.1342160403728485 5.509695529937744
v 0.08828876912593842 -0.1259351670742035 5.505165100097656
v 0.07768929749727249 -0.14667409658432007 5.514881610870361
v 0.08799882978200912 -0.15684740245342255 5.517467498779297
v 0.11330433934926987 -0.22047795355319977 5.432653903961182
v 0.1188812181353569 -0.2197011262178421 5.420253753662109
v 0.12381396442651749 -0.2197679877281189 5.409337043762207
v 0.11613776534795761 -0.19524572789669037 5.383662223815918
v 0.12757748365402222 -0.216385155916214 5.40278434753418
v 0.10308333486318588 -0.22453835606575012 5.4787774085998535
v 0.10849171131849289 -0.21959449350833893 5.492822170257568
v 0.06979924440383911 -0.17032992839813232 5.511819839477539
v 0.07852686196565628 -0.17724190652370453 5.512268543243408
v 0.15469150245189667 -0.16591215133666992 5.500004768371582
v 0.15971162915229797 -0.1570935994386673 5.4814252853393555
v 0.15152490139007568 -0.20518703758716583 5.401357173919678
v 0.1402171552181244 -0.19897684454917908 5.399314880371094
v 0.1423422396183014 -0.19374246895313263 5.400786399841309
v 0.10988066345453262 -0.1913653165102005 5.374082565307617
v 0.11729978770017624 -0.19085945188999176 5.386315822601318
v 0.10778478533029556 -0.12048132717609406 5.489594459533691
v 0.16078093647956848 -0.15394258499145508 5.449592590332031
v 0.16147200763225555 -0.15335099399089813 5.4637603759765625
v 0.1246173158288002 -0.131904736161232 5.424837589263916
v 0.11501849442720413 -0.12634654343128204 5.417580604553223
v 0.11383826285600662 -0.11985372006893158 5.431692123413086
v 0.12392277270555496 -0.12845055758953094 5.438282489776611
v 0.15376761555671692 -0.16668637096881866 5.419914722442627
v 0.1564599871635437 -0.16145044565200806 5.428664684295654
v 0.11483501642942429 -0.1352500468492508 5.409067153930664
v 0.1240043118596077 -0.13991786539554596 5.4158034324646
v 0.14522136747837067 -0.1888212263584137 5.404029369354248
v 0.06250155717134476 -0.1639842689037323 5.508926868438721
v 0.050554726272821426 -0.18414531648159027 5.503907680511475
v 0.059616561979055405 -0.18648523092269897 5.502729892730713
v 0.06653017550706863 -0.19127430021762848 5.502202987670898
v 0.07495816051959991 -0.19974082708358765 5.4997406005859375
v 0.08382796496152878 -0.20733922719955444 5.496768474578857
v 0.04184873774647713 -0.18229754269123077 5.502326488494873
v 0.2794634699821472 -0.36430463194847107 5.4587225914001465
v 0.15057992935180664 -0.21151089668273926 5.4018235206604
v 0.1626352071762085 -0.2118542194366455 5.4052958488464355
v 0.1630990207195282 -0.2186613529920578 5.4049201011657715
v 0.2126656323671341 -0.24273425340652466 5.428922653198242
v -0.0441657155752182 -0.052149027585983276 5.6313629150390625
v -0.04390903189778328 -0.05653679370880127 5.626522064208984
v -0.04793736711144447 -0.030704142525792122 5.639028072357178
v -0.047190919518470764 -0.03412303328514099 5.639127731323242
v 0.29421597719192505 -0.33819881081581116 5.466555595397949
v 0.2964513897895813 -0.3385438919067383 5.470765590667725
v 0.2898297607898712 -0.323627233505249 5.5112104415893555
v 0.2859341502189636 -0.30941155552864075 5.505716800689697
v 0.2766211926937103 -0.29997721314430237 5.523911476135254
v 0.25558245182037354 -0.293942928314209 5.492325305938721
v 0.24408602714538574 -0.30332890152931213 5.488567352294922
v 0.22643426060676575 -0.3431219458580017 5.48833703994751
v 0.26694685220718384 -0.36419832706451416 5.515002727508545
v 0.19319476187229156 -0.26479101181030273 5.6147074699401855
v 0.18329842388629913 -0.2623773217201233 5.6294169425964355
v 0.19262903928756714 -0.2592617869377136 5.633449077606201
v 0.20296038687229156 -0.26278096437454224 5.6193013191223145
v 0.17547328770160675 -0.2579771876335144 5.644071102142334
v 0.17613822221755981 -0.26878970861434937 5.628691673278809
v 0.16921868920326233 -0.26459628343582153 5.644218921661377
v 0.17330166697502136 -0.27657026052474976 5.6293182373046875
v 0.16671286523342133 -0.27218449115753174 5.645293235778809
v 0.16769297420978546 -0.2804422378540039 5.647905349731445
v 0.17376652359962463 -0.2851523756980896 5.632256507873535
v 0.17578411102294922 -0.2927021384239197 5.636773586273193
v 0.17021259665489197 -0.28674906492233276 5.653538227081299
v 0.18580560386180878 -0.3053245544433594 5.623483180999756
v 0.19107580184936523 -0.31212812662124634 5.6299662590026855
v 0.18496590852737427 -0.3041558861732483 5.647880554199219
v 0.17956557869911194 -0.2991332411766052 5.64218282699585
v 0.19431526958942413 -0.2959100604057312 5.670446395874023
v 0.20067785680294037 -0.3057049512863159 5.655151844024658
v 0.2081764042377472 -0.30058515071868896 5.656801700592041
v 0.2011280655860901 -0.29191911220550537 5.671566963195801
v 0.22400245070457458 -0.28994977474212646 5.637118816375732
v 0.21562841534614563 -0.2827252149581909 5.653124809265137
v 0.21319764852523804 -0.29272711277008057 5.6562628746032715
v 0.221635103225708 -0.3006327748298645 5.639043807983398
v 0.2098996341228485 -0.2762065529823303 5.6675190925598145
v 0.21459367871284485 -0.2740877866744995 5.650394439697266
v 0.20841065049171448 -0.26781874895095825 5.662936210632324
v 0.19520072638988495 -0.27346324920654297 5.5958075523376465
v 0.2038433700799942 -0.26738685369491577 5.598259925842285
v 0.21402886509895325 -0.2702064514160156 5.5830464363098145
v 0.1802968680858612 -0.28893548250198364 5.615124702453613
v 0.18085579574108124 -0.27994269132614136 5.613142967224121
v 0.1895933747291565 -0.2824089527130127 5.595246315002441
v 0.18754629790782928 -0.2921953797340393 5.597127437591553
v 0.20173920691013336 -0.32538601756095886 5.592945098876953
v 0.19692960381507874 -0.3188788890838623 5.610937118530273
v 0.19175061583518982 -0.3107888102531433 5.605105400085449
v 0.1821684092283249 -0.2974284887313843 5.6182990074157715
v 0.18861716985702515 -0.30169492959976196 5.599814414978027
v 0.19904085993766785 -0.3158572316169739 5.635768413543701
v 0.19243037700653076 -0.30684423446655273 5.653265476226807
v 0.21176083385944366 -0.2655963897705078 5.6243062019348145
v 0.20176219940185547 -0.261299729347229 5.638445854187012
v 0.20894446969032288 -0.2668260931968689 5.645106315612793
v 0.21876995265483856 -0.2715548872947693 5.629657745361328
v 0.20538273453712463 -0.32350796461105347 5.61782169342041
v 0.22248739004135132 -0.2697162628173828 5.608768939971924
v 0.22976744174957275 -0.27669423818588257 5.614588737487793
v 0.2236679196357727 -0.2800886631011963 5.634222030639648
v 0.23403045535087585 -0.2866421937942505 5.619661808013916
v 0.19444486498832703 -0.25644445419311523 5.650846481323242
v 0.1850041151046753 -0.25455576181411743 5.646433353424072
v 0.21372251212596893 -0.26585495471954346 5.603830337524414
v 0.2084057629108429 -0.3149673044681549 5.638936996459961
v 0.21541795134544373 -0.3230413496494293 5.621129989624023
v 0.2247091829776764 -0.3178718090057373 5.623958110809326
v 0.21661178767681122 -0.30929839611053467 5.640008449554443
v 0.24366578459739685 -0.30613213777542114 5.60504674911499
v 0.2338980734348297 -0.2980225682258606 5.6223907470703125
v 0.2307155430316925 -0.30892235040664673 5.623225212097168
v 0.20678645372390747 -0.2853574752807617 5.670866966247559
v 0.24438753724098206 -0.29394662380218506 5.602308750152588
v 0.16933101415634155 -0.21595412492752075 5.707494735717773
v 0.1642964780330658 -0.20755523443222046 5.705075740814209
v 0.15900322794914246 -0.21450293064117432 5.700567722320557
v 0.16484364867210388 -0.2235429883003235 5.702354907989502
v 0.14641395211219788 -0.22941303253173828 5.6895904541015625
v 0.14360526204109192 -0.21683645248413086 5.6872429847717285
v 0.14283883571624756 -0.2181275486946106 5.678253173828125
v 0.14484873414039612 -0.2312501072883606 5.678216457366943
v 0.16201251745224 -0.19976365566253662 5.700519561767578
v 0.15602827072143555 -0.20646226406097412 5.697134971618652
v 0.16298922896385193 -0.1964687705039978 5.694183349609375
v 0.16730475425720215 -0.19317132234573364 5.7027764320373535
v 0.17142745852470398 -0.1903664469718933 5.697126865386963
v 0.1761322170495987 -0.18470263481140137 5.701073169708252
v 0.18472126126289368 -0.18584632873535156 5.699855804443359
v 0.180382639169693 -0.19347906112670898 5.6909589767456055
v 0.1997312754392624 -0.20822572708129883 5.696951389312744
v 0.19972018897533417 -0.1973273754119873 5.7079081535339355
v 0.2049727737903595 -0.20472055673599243 5.712470531463623
v 0.2046404331922531 -0.21565991640090942 5.70197057723999
v 0.20839612185955048 -0.2224476933479309 5.71995210647583
v 0.20763301849365234 -0.23154008388519287 5.709905624389648
v 0.2062598466873169 -0.22323256731033325 5.706268310546875
v 0.20642820000648499 -0.21276026964187622 5.716575622558594
v 0.17814016342163086 -0.2278153896331787 5.711663722991943
v 0.17505744099617004 -0.22331702709197998 5.709853172302246
v 0.17173966765403748 -0.23139715194702148 5.704560279846191
v 0.17518508434295654 -0.2365880012512207 5.706538200378418
v 0.1601695418357849 -0.1927693486213684 5.685223579406738
v 0.15829023718833923 -0.193192720413208 5.68881368637085
v 0.1680419147014618 -0.19517755508422852 5.688812255859375
v 0.16950717568397522 -0.19783657789230347 5.683032989501953
v 0.1710565835237503 -0.2650045156478882 5.7017412185668945
v 0.1674676388502121 -0.26228731870651245 5.696871280670166
v 0.16713736951351166 -0.2706491947174072 5.6884660720825195
v 0.17148344218730927 -0.27411550283432007 5.692625999450684
v 0.1519370973110199 -0.252633273601532 5.677480220794678
v 0.1557767391204834 -0.249356210231781 5.666171073913574
v 0.1581733077764511 -0.25851970911026 5.664589881896973
v 0.15741156041622162 -0.26183903217315674 5.677643775939941
v 0.1478663682937622 -0.2429267168045044 5.678114414215088
v 0.15116587281227112 -0.22881031036376953 5.669414043426514
v 0.15326860547065735 -0.24018704891204834 5.668276309967041
v 0.1480783224105835 -0.216183602809906 5.671802997589111
v 0.17955011129379272 -0.28024423122406006 5.695949554443359
v 0.17930710315704346 -0.27511483430862427 5.704843521118164
v 0.16756048798561096 -0.15397661924362183 5.737321853637695
v 0.16862839460372925 -0.1577964425086975 5.733384609222412
v 0.16957315802574158 -0.1603151559829712 5.737675666809082
v 0.16844165325164795 -0.15648400783538818 5.7414751052856445
v 0.197082981467247 -0.2745215892791748 5.701359748840332
v 0.19539320468902588 -0.2790488004684448 5.69627571105957
v 0.20137453079223633 -0.2741283178329468 5.692224979400635
v 0.20247535407543182 -0.2691059708595276 5.696955680847168
v 0.19923248887062073 -0.26939308643341064 5.706816673278809
v 0.20443235337734222 -0.2623226046562195 5.701376914978027
v 0.1774604618549347 -0.14722096920013428 5.735786437988281
v 0.17948174476623535 -0.15159571170806885 5.730959892272949
v 0.17477770149707794 -0.15253859758377075 5.730885028839111
v 0.17298918962478638 -0.1485452651977539 5.734567642211914
v 0.1718633770942688 -0.2079562544822693 5.711982727050781
v 0.16738611459732056 -0.20013165473937988 5.708103656768799
v 0.17142365872859955 -0.18774652481079102 5.718145370483398
v 0.17038936913013458 -0.18498635292053223 5.714186191558838
v 0.16893599927425385 -0.19235193729400635 5.710978031158447
v 0.1728406548500061 -0.19888240098953247 5.715918064117432
v 0.1828431785106659 -0.21471703052520752 5.722634315490723
v 0.1795482635498047 -0.20777040719985962 5.721450328826904
v 0.17871946096420288 -0.215864896774292 5.715152263641357
v 0.18188965320587158 -0.22267287969589233 5.717092037200928
v 0.18445256352424622 -0.23180335760116577 5.723669052124023
v 0.1856149435043335 -0.23556888103485107 5.728002071380615
v 0.18740102648735046 -0.22958332300186157 5.732485771179199
v 0.1862729787826538 -0.22440332174301147 5.727965354919434
v 0.18620085716247559 -0.20692288875579834 5.737054824829102
v 0.18834105134010315 -0.21094495058059692 5.7398881912231445
v 0.19005942344665527 -0.20437633991241455 5.744184970855713
v 0.18761247396469116 -0.20028918981552124 5.741128921508789
v 0.1957300305366516 -0.28320401906967163 5.6905083656311035
v 0.20181897282600403 -0.27774763107299805 5.688079833984375
v 0.2092261165380478 -0.24043112993240356 5.727600574493408
v 0.2105845957994461 -0.23569387197494507 5.73530912399292
v 0.2068856656551361 -0.24374550580978394 5.739917278289795
v 0.20549240708351135 -0.2486119270324707 5.731934070587158
v 0.2044863998889923 -0.2616416811943054 5.690884590148926
v 0.20388182997703552 -0.2665148973464966 5.688244342803955
v 0.18132063746452332 -0.14819461107254028 5.738382816314697
v 0.18350782990455627 -0.1524031162261963 5.7345685958862305
v 0.15700379014015198 -0.2130221724510193 5.6693339347839355
v 0.16092431545257568 -0.22620558738708496 5.6665143966674805
v 0.16328786313533783 -0.23758965730667114 5.664465427398682
v 0.16418476402759552 -0.24586093425750732 5.662386894226074
v 0.16422206163406372 -0.2522868514060974 5.659567356109619
v 0.17572355270385742 -0.19775110483169556 5.722007751464844
v 0.1757073998451233 -0.2161077857017517 5.7114691734313965
v 0.179620623588562 -0.2314123511314392 5.713309288024902
v 0.1862003207206726 -0.25149667263031006 5.729038238525391
v 0.18398088216781616 -0.24541574716567993 5.72594690322876
v 0.18075215816497803 -0.2497592568397522 5.721301078796387
v 0.18592962622642517 -0.259286105632782 5.723668098449707
v 0.19915401935577393 -0.25227588415145874 5.734456539154053
v 0.2000676542520523 -0.24631214141845703 5.741488456726074
v 0.19436945021152496 -0.2443246841430664 5.741829872131348
v 0.19325345754623413 -0.25022608041763306 5.734854698181152
v 0.16066870093345642 -0.19169849157333374 5.679746150970459
v 0.16751471161842346 -0.2003815770149231 5.6768903732299805
v 0.1884651929140091 -0.2778632640838623 5.7047834396362305
v 0.1872425526380539 -0.2822806239128113 5.696945667266846
v 0.18845997750759125 -0.2846683859825134 5.690964221954346
v 0.17074692249298096 -0.25012242794036865 5.703411102294922
v 0.16895651817321777 -0.24659889936447144 5.701840877532959
v 0.16105994582176208 -0.25733089447021484 5.69286584854126
v 0.16491533815860748 -0.2608301043510437 5.695249080657959
v 0.15778455138206482 -0.2325807809829712 5.698514938354492
v 0.15234282612800598 -0.22208517789840698 5.696494102478027
v 0.1505604088306427 -0.24187982082366943 5.689764976501465
v 0.16286151111125946 -0.2673547863960266 5.684302806854248
v 0.16416272521018982 -0.2729398012161255 5.674726486206055
v 0.16885673999786377 -0.27687740325927734 5.67977237701416
v 0.1744522899389267 -0.28054970502853394 5.68479585647583
v 0.18161579966545105 -0.28446489572525024 5.687326908111572
v 0.16631734371185303 -0.27973413467407227 5.666805267333984
v 0.17088112235069275 -0.2835986018180847 5.6719841957092285
v 0.1770562082529068 -0.28693288564682007 5.677216053009033
v 0.1839674562215805 -0.28894728422164917 5.680686950683594
v 0.2066560536623001 -0.272469699382782 5.677087783813477
v 0.20457303524017334 -0.27005404233932495 5.683443069458008
v 0.20362189412117004 -0.2807002663612366 5.680943965911865
v 0.16195893287658691 -0.26583045721054077 5.657735824584961
v 0.16348278522491455 -0.2744308114051819 5.661798000335693
v 0.16039207577705383 -0.26822757720947266 5.669724464416504
v 0.1657676100730896 -0.25782865285873413 5.653934478759766
v 0.14293336868286133 -0.207513689994812 5.685592174530029
v 0.14822643995285034 -0.20474308729171753 5.691374778747559
v 0.14644011855125427 -0.19802969694137573 5.690369129180908
v 0.1419990360736847 -0.19986450672149658 5.685237407684326
v 0.17082327604293823 -0.18721634149551392 5.705867767333984
v 0.17300906777381897 -0.18147140741348267 5.709187984466553
v 0.17851190268993378 -0.17900007963180542 5.706043720245361
v 0.18118935823440552 -0.2699328660964966 5.713100910186768
v 0.17485645413398743 -0.2611910104751587 5.709916591644287
v 0.17402710020542145 -0.18911850452423096 5.7229695320129395
v 0.18149906396865845 -0.15679150819778442 5.726863861083984
v 0.18336978554725647 -0.1657850742340088 5.7186174392700195
v 0.1779792308807373 -0.16713374853134155 5.718064308166504
v 0.1763438731431961 -0.15768641233444214 5.725835800170898
v 0.17811760306358337 -0.18380844593048096 5.729623317718506
v 0.17846208810806274 -0.17666161060333252 5.732586860656738
v 0.1739472895860672 -0.17719340324401855 5.72914981842041
v 0.17420107126235962 -0.183302640914917 5.72562313079834
v 0.18989048898220062 -0.21648061275482178 5.741611957550049
v 0.19136908650398254 -0.21102875471115112 5.745826244354248
v 0.19602806866168976 -0.18804186582565308 5.71898078918457
v 0.19389522075653076 -0.19091439247131348 5.700978755950928
v 0.1934354603290558 -0.1824224591255188 5.710766792297363
v 0.18500196933746338 -0.21993666887283325 5.725166320800781
v 0.18745002150535583 -0.21742737293243408 5.734996795654297
v 0.18569505214691162 -0.21329504251480103 5.7311601638793945
v 0.17712514102458954 -0.19672489166259766 5.724788188934326
v 0.17967624962329865 -0.20196765661239624 5.7259297370910645
v 0.1795656383037567 -0.19579797983169556 5.729124546051025
v 0.17676258087158203 -0.19097602367401123 5.7265753746032715
v 0.19525322318077087 -0.2594423294067383 5.728338718414307
v 0.2037949562072754 -0.25546956062316895 5.722771644592285
v 0.17081119120121002 -0.154976487159729 5.730556011199951
v 0.16947788000106812 -0.15108716487884521 5.734533786773682
v 0.19739827513694763 -0.2864324450492859 5.683586120605469
v 0.19071263074874878 -0.2890778183937073 5.682760715484619
v 0.18346557021141052 -0.22745472192764282 5.720550060272217
v 0.19225551187992096 -0.201227605342865 5.6931071281433105
v 0.1804603934288025 -0.23536032438278198 5.714181423187256
v 0.20625057816505432 -0.21765273809432983 5.7408294677734375
v 0.20624218881130219 -0.21242129802703857 5.746155738830566
v 0.2015736848115921 -0.21573203802108765 5.748594284057617
v 0.20222942531108856 -0.22194868326187134 5.745109558105469
v 0.17833620309829712 -0.16702544689178467 5.740053653717041
v 0.17770716547966003 -0.1613268256187439 5.743739128112793
v 0.1729617565870285 -0.16158932447433472 5.741865634918213
v 0.17345482110977173 -0.16727060079574585 5.736884593963623
v 0.1719154566526413 -0.18205690383911133 5.72029972076416
v 0.1714489907026291 -0.17571145296096802 5.725283145904541
v 0.17128683626651764 -0.1730014681816101 5.720389366149902
v 0.17151924967765808 -0.17945867776870728 5.716371536254883
v 0.17420373857021332 -0.17637646198272705 5.713225841522217
v 0.17388905584812164 -0.16979998350143433 5.718544006347656
v 0.18385472893714905 -0.16462892293930054 5.7385430335998535
v 0.18445271253585815 -0.17371684312820435 5.7325286865234375
v 0.18902122974395752 -0.17054075002670288 5.727321624755859
v 0.18678273260593414 -0.16081660985946655 5.735291957855225
v 0.20626342296600342 -0.2407206892967224 5.699889659881592
v 0.20850950479507446 -0.23985695838928223 5.714265823364258
v 0.2070232331752777 -0.24824094772338867 5.704161643981934
v 0.20864808559417725 -0.21468132734298706 5.730316638946533
v 0.207449272274971 -0.22511684894561768 5.734437465667725
v 0.20921437442302704 -0.2317488193511963 5.724918365478516
v 0.20794636011123657 -0.2472907304763794 5.718944549560547
v 0.1880805492401123 -0.18539750576019287 5.730109691619873
v 0.19378404319286346 -0.18528014421463013 5.727957248687744
v 0.1901959627866745 -0.18017852306365967 5.722525596618652
v 0.1809139847755432 -0.24094313383102417 5.718400955200195
v 0.1723012924194336 -0.15998762845993042 5.725935935974121
v 0.1831953227519989 -0.24088209867477417 5.66308069229126
v 0.18475179374217987 -0.2346699833869934 5.6672043800354
v 0.19562439620494843 -0.23848110437393188 5.674343585968018
v 0.1928015649318695 -0.24408793449401855 5.668018341064453
v 0.1706169992685318 -0.16555774211883545 5.7332868576049805
v 0.16960889101028442 -0.16292023658752441 5.728578567504883
v 0.19258075952529907 -0.22093480825424194 5.7454423904418945
v 0.19648492336273193 -0.22270196676254272 5.750023365020752
v 0.1970488280057907 -0.21714144945144653 5.750861167907715
v 0.19398090243339539 -0.21519285440444946 5.748534679412842
v 0.2066187858581543 -0.2549123764038086 5.709294319152832
v 0.21132387220859528 -0.23332351446151733 5.742020130157471
v 0.20703749358654022 -0.24035978317260742 5.746246337890625
v 0.20595373213291168 -0.25579994916915894 5.696688175201416
v 0.20344474911689758 -0.2541179060935974 5.684810161590576
v 0.2048526108264923 -0.24854528903961182 5.690971851348877
v 0.2039930671453476 -0.2027057409286499 5.729549407958984
v 0.20479857921600342 -0.23347002267837524 5.69652795791626
v 0.2032158374786377 -0.24168145656585693 5.688064098358154
v 0.20092028379440308 -0.24719464778900146 5.679372787475586
v 0.19890648126602173 -0.25114554166793823 5.674635410308838
v 0.2022489458322525 -0.25795477628707886 5.681788921356201
v 0.18572241067886353 -0.15772807598114014 5.729825019836426
v 0.18479865789413452 -0.1553218960762024 5.739124774932861
v 0.20413030683994293 -0.2643243074417114 5.670729160308838
v 0.20221564173698425 -0.26156795024871826 5.677116870880127
v 0.19867688417434692 -0.25803470611572266 5.6653523445129395
v 0.19777686893939972 -0.25473642349243164 5.670818328857422
v 0.19639554619789124 -0.2288699746131897 5.679723262786865
v 0.20055311918258667 -0.23512494564056396 5.6842522621154785
v 0.19871041178703308 -0.21898454427719116 5.688138961791992
v 0.20290997624397278 -0.22643554210662842 5.693576335906982
v 0.20358775556087494 -0.19521236419677734 5.7227301597595215
v 0.17898273468017578 -0.14726972579956055 5.751981258392334
v 0.1758236587047577 -0.14981180429458618 5.753269672393799
v 0.17684194445610046 -0.15646767616271973 5.748176574707031
v 0.18060415983200073 -0.1537070870399475 5.746926307678223
v 0.18216539919376373 -0.15893155336380005 5.7422194480896
v 0.18291807174682617 -0.1506173014640808 5.743914604187012
v 0.19038477540016174 -0.21198958158493042 5.684067249298096
v 0.18071070313453674 -0.1894528865814209 5.7318010330200195
v 0.18457433581352234 -0.2232809066772461 5.673668384552002
v 0.17588847875595093 -0.20975559949874878 5.674311637878418
v 0.18078356981277466 -0.20265913009643555 5.682541847229004
v 0.17205071449279785 -0.22404074668884277 5.6661696434021
v 0.1739347279071808 -0.23497623205184937 5.663885593414307
v 0.17211587727069855 -0.24756860733032227 5.65898323059082
v 0.17341388761997223 -0.24242496490478516 5.6606855392456055
v 0.1719871610403061 -0.252419650554657 5.653604984283447
v 0.1669650375843048 -0.21164077520370483 5.6696577072143555
v 0.1674325168132782 -0.15153533220291138 5.746608734130859
v 0.1659192442893982 -0.14899808168411255 5.743547439575195
v 0.18127480149269104 -0.2458648681640625 5.659873962402344
v 0.1811111718416214 -0.2499934434890747 5.656083583831787
v 0.14944007992744446 -0.2120494842529297 5.693711757659912
v 0.17691215872764587 -0.24319255352020264 5.7090911865234375
v 0.17719766497612 -0.24740535020828247 5.71193790435791
v 0.17781397700309753 -0.25479668378829956 5.716363906860352
v 0.18280094861984253 -0.2637481689453125 5.7192912101745605
v 0.19115710258483887 -0.2521079182624817 5.659346103668213
v 0.17415109276771545 -0.29171204566955566 5.659830570220947
v 0.1801469326019287 -0.2952883839607239 5.66455602645874
v 0.20234429836273193 -0.2616118788719177 5.658231258392334
v 0.16753989458084106 -0.14587008953094482 5.740993499755859
v 0.194440558552742 -0.19948238134384155 5.744316101074219
v 0.1928521990776062 -0.19739019870758057 5.743008613586426
v 0.1417439579963684 -0.2085585594177246 5.678252220153809
v 0.14116868376731873 -0.19966423511505127 5.680299758911133
v 0.15061715245246887 -0.19371050596237183 5.674356937408447
v 0.15340980887413025 -0.20284104347229004 5.671431541442871
v 0.14586293697357178 -0.2062336802482605 5.673203468322754
v 0.14457374811172485 -0.1970984935760498 5.6754889488220215
v 0.17206862568855286 -0.252038836479187 5.704893112182617
v 0.17348015308380127 -0.2548460364341736 5.7078399658203125
v 0.20198586583137512 -0.2624282240867615 5.714459419250488
v 0.19363710284233093 -0.26624059677124023 5.719415187835693
v 0.17899368703365326 -0.17382746934890747 5.712419033050537
v 0.1847996711730957 -0.17333132028579712 5.712033271789551
v 0.18584215641021729 -0.17891019582748413 5.706516742706299
v 0.18842071294784546 -0.16744911670684814 5.721672534942627
v 0.18424755334854126 -0.18088793754577637 5.729357719421387
v 0.18397226929664612 -0.18520104885101318 5.731776237487793
v 0.16466811299324036 -0.24087083339691162 5.699910640716553
v 0.15618616342544556 -0.251390278339386 5.6914544105529785
v 0.15343227982521057 -0.19603615999221802 5.690911293029785
v 0.15453234314918518 -0.20130693912506104 5.693014144897461
v 0.18291550874710083 -0.20817309617996216 5.728382587432861
v 0.20170535147190094 -0.1927870512008667 5.735770225524902
v 0.201177716255188 -0.18804031610488892 5.72904634475708
v 0.1831739991903305 -0.20188188552856445 5.73236083984375
v 0.17070411145687103 -0.1431419849395752 5.740474224090576
v 0.1750974953174591 -0.1417408585548401 5.741260051727295
v 0.19082240760326385 -0.17550396919250488 5.716329574584961
v 0.18883651494979858 -0.2229941487312317 5.738317966461182
v 0.19786427915096283 -0.1950622797012329 5.741128921508789
v 0.20179103314876556 -0.20101714134216309 5.736771106719971
v 0.20089426636695862 -0.24253612756729126 5.7467827796936035
v 0.19088903069496155 -0.24841147661209106 5.665064334869385
v 0.17196939885616302 -0.1576102375984192 5.745678901672363
v 0.1711166799068451 -0.15224498510360718 5.750550270080566
v 0.18039393424987793 -0.14506840705871582 5.7476959228515625
v 0.17920225858688354 -0.14290159940719604 5.744152069091797
v 0.19127784669399261 -0.2717828154563904 5.711988925933838
v 0.17604658007621765 -0.24021154642105103 5.707830429077148
v 0.1871526837348938 -0.2969551682472229 5.668826580047607
v 0.1618586778640747 -0.20135188102722168 5.672125339508057
v 0.15737459063529968 -0.19170516729354858 5.675314903259277
v 0.1836078017950058 -0.19624364376068115 5.735830307006836
v 0.20731331408023834 -0.22639048099517822 5.741976737976074
v 0.20352447032928467 -0.19949203729629517 5.74137544631958
v 0.20810481905937195 -0.20554304122924805 5.742680072784424
v 0.20834890007972717 -0.2095736861228943 5.7375335693359375
v 0.1985076367855072 -0.19797998666763306 5.743819236755371
v 0.17767763137817383 -0.1380365490913391 5.7485551834106445
v 0.1789156198501587 -0.14030730724334717 5.751882553100586
v 0.1736009120941162 -0.13661307096481323 5.746161937713623
v 0.16937579214572906 -0.13872277736663818 5.744406223297119
v 0.16658490896224976 -0.141851007938385 5.745163440704346
v 0.1777295619249344 -0.1425166130065918 5.755239963531494
v 0.17480289936065674 -0.1451190710067749 5.756178379058838
v 0.17038142681121826 -0.1478588581085205 5.754635334014893
v 0.17647090554237366 -0.13877570629119873 5.758791923522949
v 0.1773556023836136 -0.13561201095581055 5.756521224975586
v 0.16955165565013885 -0.12793254852294922 5.754307746887207
v 0.17198587954044342 -0.1271173357963562 5.755779266357422
v 0.173211008310318 -0.12962424755096436 5.754615306854248
v 0.17222705483436584 -0.1314569115638733 5.750556945800781
v 0.16832691431045532 -0.12516063451766968 5.757784843444824
v 0.17126423120498657 -0.12413299083709717 5.759925842285156
v 0.17492935061454773 -0.1281670331954956 5.758498191833496
v 0.17546433210372925 -0.13124948740005493 5.7545671463012695
v 0.17427636682987213 -0.1249544620513916 5.762263774871826
v 0.17527852952480316 -0.12754404544830322 5.7646918296813965
v 0.1756688505411148 -0.13061130046844482 5.760921955108643
v 0.1762227863073349 -0.13256824016571045 5.757883071899414
v 0.17641997337341309 -0.13374823331832886 5.752528667449951
v 0.16860556602478027 -0.12315249443054199 5.76294469833374
v 0.1707542985677719 -0.12345117330551147 5.767184734344482
v 0.17322863638401031 -0.12255328893661499 5.765710353851318
v 0.1709064245223999 -0.12235325574874878 5.76282262802124
v 0.1684361696243286 -0.1345474123954773 5.748722553253174
v 0.1670563519001007 -0.1303538680076599 5.75425910949707
v 0.16612380743026733 -0.12726354598999023 5.759088516235352
v 0.1665322482585907 -0.1254461407661438 5.7636003494262695
v 0.1647692620754242 -0.13290715217590332 5.755195140838623
v 0.1648223102092743 -0.1295453906059265 5.760396957397461
v 0.16558615863323212 -0.1280927062034607 5.764111042022705
v 0.1641179621219635 -0.13539916276931763 5.7569804191589355
v 0.16484597325325012 -0.13152962923049927 5.762372016906738
v 0.1658344566822052 -0.13788354396820068 5.749688625335693
v 0.16482648253440857 -0.14114487171173096 5.750514984130859
v 0.1656334400177002 -0.12989050149917603 5.764476776123047
v 0.16893133521080017 -0.1258363127708435 5.767698764801025
v 0.17600888013839722 -0.13312935829162598 5.7616286277771
v 0.17489849030971527 -0.12991738319396973 5.766411781311035
v 0.17503762245178223 -0.13522547483444214 5.762933254241943
v 0.1736859679222107 -0.13171207904815674 5.767420768737793
v 0.17481786012649536 -0.12514632940292358 5.767408847808838
v 0.17343886196613312 -0.1266021728515625 5.768249034881592
v 0.1653589904308319 -0.14513003826141357 5.747783184051514
v 0.16719317436218262 -0.14758449792861938 5.7511701583862305
v 0.1664036512374878 -0.1435059905052185 5.754461288452148
v 0.16570471227169037 -0.13784945011138916 5.760238170623779
v 0.1698407381772995 -0.1437106728553772 5.757211208343506
v 0.17382550239562988 -0.14119654893875122 5.759880542755127
v 0.17279331386089325 -0.13695812225341797 5.763841152191162
v 0.16941967606544495 -0.13842368125915527 5.763562202453613
v 0.17150244116783142 -0.13328731060028076 5.766818523406982
v 0.16891315579414368 -0.13407570123672485 5.766364097595215
v 0.16633737087249756 -0.13326382637023926 5.764519691467285
v 0.16987185180187225 -0.13042950630187988 5.7683186531066895
v 0.17173625528812408 -0.12857693433761597 5.768833637237549
v 0.1676502525806427 -0.12845993041992188 5.766823768615723
v 0.16693107783794403 -0.13067758083343506 5.766037464141846
v 0.16853198409080505 -0.13161611557006836 5.767308712005615
v 0.18207702040672302 -0.16610819101333618 5.763437747955322
v 0.18293792009353638 -0.17048877477645874 5.757057189941406
v 0.18442150950431824 -0.17349261045455933 5.7602386474609375
v 0.18352803587913513 -0.1690790057182312 5.765690326690674
v 0.19106437265872955 -0.1597442626953125 5.758508205413818
v 0.19263118505477905 -0.16401541233062744 5.752483367919922
v 0.18740475177764893 -0.1650378704071045 5.753518104553223
v 0.18581581115722656 -0.16113698482513428 5.758656024932861
v 0.19586578011512756 -0.16222542524337769 5.761404037475586
v 0.19774657487869263 -0.16633570194244385 5.756172180175781
v 0.19405265152454376 -0.1689046025276184 5.745975017547607
v 0.1942797601222992 -0.17846322059631348 5.736266136169434
v 0.18841534852981567 -0.17991316318511963 5.736250877380371
v 0.1884961724281311 -0.17016464471817017 5.747529029846191
v 0.19227318465709686 -0.19134736061096191 5.748018741607666
v 0.18817830085754395 -0.19162720441818237 5.745372295379639
v 0.18432657420635223 -0.16765862703323364 5.755673885345459
v 0.18289446830749512 -0.16338855028152466 5.76141357421875
v 0.19201451539993286 -0.18153738975524902 5.758634090423584
v 0.19158214330673218 -0.1757550835609436 5.765669822692871
v 0.18735358119010925 -0.17546749114990234 5.762970924377441
v 0.18784119188785553 -0.1811879277229309 5.757181644439697
v 0.1846342533826828 -0.18892234563827515 5.742107391357422
v 0.18236398696899414 -0.18499910831451416 5.738650321960449
v 0.18443194031715393 -0.18186956644058228 5.738090991973877
v 0.1967715620994568 -0.17949312925338745 5.758419990539551
v 0.19748136401176453 -0.18848669528961182 5.748485088348389
v 0.20109687745571136 -0.18477904796600342 5.743806838989258
v 0.1997988075017929 -0.1756921410560608 5.754051208496094
v 0.1848139464855194 -0.1726992130279541 5.748734474182129
v 0.18492412567138672 -0.1788846254348755 5.753457546234131
v 0.18315383791923523 -0.17570817470550537 5.7506022453308105
v 0.19909769296646118 -0.1714848279953003 5.749399185180664
v 0.19826486706733704 -0.1706557273864746 5.759990215301514
v 0.1934831142425537 -0.16242974996566772 5.775970458984375
v 0.19034242630004883 -0.16423261165618896 5.778080463409424
v 0.19084319472312927 -0.17109549045562744 5.770265579223633
v 0.19457045197486877 -0.16906481981277466 5.769472122192383
v 0.19542664289474487 -0.1738898754119873 5.764165878295898
v 0.19685408473014832 -0.1660146713256836 5.76625394821167
v 0.18286097049713135 -0.16256928443908691 5.77463960647583
v 0.18093878030776978 -0.15983575582504272 5.77110481262207
v 0.18149827420711517 -0.15721946954727173 5.76885986328125
v 0.2005559504032135 -0.18031740188598633 5.738724231719971
v 0.1843288242816925 -0.15529954433441162 5.7674994468688965
v 0.1892802119255066 -0.15405458211898804 5.7664899826049805
v 0.1865989863872528 -0.17095863819122314 5.768775463104248
v 0.18613575398921967 -0.1644870638847351 5.777865886688232
v 0.19515684247016907 -0.15988224744796753 5.772212505340576
v 0.1941377818584442 -0.15647846460342407 5.768651962280273
v 0.19279968738555908 -0.15169250965118408 5.775411605834961
v 0.1938665807247162 -0.15495789051055908 5.778963088989258
v 0.18832024931907654 -0.14924728870391846 5.772395133972168
v 0.18369850516319275 -0.15085595846176147 5.772399425506592
v 0.18129748106002808 -0.15315794944763184 5.7741570472717285
v 0.19270624220371246 -0.15717577934265137 5.781585216522217
v 0.1900201141834259 -0.15917575359344482 5.782290458679199
v 0.18604540824890137 -0.16015565395355225 5.782055377960205
v 0.19203731417655945 -0.15263277292251587 5.786975383758545
v 0.1930614709854126 -0.14983612298965454 5.7849297523498535
v 0.18560346961021423 -0.13809770345687866 5.788276195526123
v 0.18859949707984924 -0.13754922151565552 5.788943767547607
v 0.1887359768152237 -0.1407894492149353 5.784909725189209
v 0.18622565269470215 -0.14102518558502197 5.783871650695801
v 0.18961989879608154 -0.14313572645187378 5.783010482788086
v 0.18807318806648254 -0.14437443017959595 5.778934955596924
v 0.19060483574867249 -0.14282441139221191 5.785680770874023
v 0.19158527255058289 -0.1449611783027649 5.784416198730469
v 0.1921587884426117 -0.1384618878364563 5.791854381561279
v 0.19285672903060913 -0.14139807224273682 5.794037818908691
v 0.19227367639541626 -0.14480656385421753 5.789299964904785
v 0.1922663450241089 -0.14681726694107056 5.786163330078125
v 0.18660518527030945 -0.13583624362945557 5.793761253356934
v 0.18888716399669647 -0.13520610332489014 5.792983531951904
v 0.19210359454154968 -0.14742153882980347 5.780815601348877
v 0.18374404311180115 -0.14703208208084106 5.77729606628418
v 0.18319888412952423 -0.1428353190422058 5.784181594848633
v 0.1832040250301361 -0.13952672481536865 5.789495944976807
v 0.18441087007522583 -0.1376793384552002 5.794682025909424
v 0.18071801960468292 -0.14529705047607422 5.784021377563477
v 0.18156541883945465 -0.1416463851928711 5.79064416885376
v 0.18326851725578308 -0.14020270109176636 5.794968128204346
v 0.1802125871181488 -0.1481807827949524 5.786402702331543
v 0.1814573109149933 -0.14418506622314453 5.791683673858643
v 0.18102297186851501 -0.14999288320541382 5.777796268463135
v 0.180636927485466 -0.15288454294204712 5.781156063079834
v 0.18300610780715942 -0.14227145910263062 5.7942705154418945
v 0.18717914819717407 -0.13817250728607178 5.797461032867432
v 0.18944957852363586 -0.13598144054412842 5.797036647796631
v 0.19202378392219543 -0.13506293296813965 5.7950029373168945
v 0.19200149178504944 -0.14673519134521484 5.790989875793457
v 0.19168516993522644 -0.1431143879890442 5.7946085929870605
v 0.19148820638656616 -0.14853715896606445 5.791010856628418
v 0.19103115797042847 -0.14451801776885986 5.7966156005859375
v 0.1930105984210968 -0.13848388195037842 5.797321796417236
v 0.19160622358322144 -0.13937431573867798 5.798599720001221
v 0.180955171585083 -0.15590494871139526 5.777197360992432
v 0.18272709846496582 -0.15865272283554077 5.779412269592285
v 0.18232128024101257 -0.15563642978668213 5.783649921417236
v 0.18221241235733032 -0.15089339017868042 5.789361476898193
v 0.18582898378372192 -0.15686249732971191 5.785961151123047
v 0.18970274925231934 -0.15510082244873047 5.786535263061523
v 0.18948227167129517 -0.1504635214805603 5.791540145874023
v 0.18605774641036987 -0.15175563097000122 5.7918243408203125
v 0.18915706872940063 -0.1461769938468933 5.7954912185668945
v 0.18634362518787384 -0.14723902940750122 5.795073509216309
v 0.1832437962293625 -0.14647501707077026 5.793441295623779
v 0.18791550397872925 -0.1429387927055359 5.79739236831665
v 0.18972787261009216 -0.141055166721344 5.797872066497803
v 0.1856234222650528 -0.14083802700042725 5.797488689422607
v 0.18444690108299255 -0.14332091808319092 5.796438694000244
v 0.18634061515331268 -0.14445418119430542 5.7974853515625
v 0.1931002140045166 -0.1881832480430603 5.771622180938721
v 0.19349819421768188 -0.19106227159500122 5.765603065490723
v 0.19366028904914856 -0.19525271654129028 5.767296314239502
v 0.1929626315832138 -0.19242197275161743 5.772855758666992
v 0.2027604877948761 -0.18411558866500854 5.769248008728027
v 0.20345458388328552 -0.18703407049179077 5.7624125480651855
v 0.19916215538978577 -0.18643349409103394 5.762918949127197
v 0.1990264356136322 -0.18372315168380737 5.768468856811523
v 0.2059757560491562 -0.1870850920677185 5.771397590637207
v 0.2071540653705597 -0.19075340032577515 5.765312194824219
v 0.203739196062088 -0.19038617610931396 5.75614595413208
v 0.2038516402244568 -0.19581490755081177 5.748624801635742
v 0.19838598370552063 -0.19536876678466797 5.7499189376831055
v 0.1988639086484909 -0.18955200910568237 5.757974147796631
v 0.19574284553527832 -0.18793374300003052 5.764512538909912
v 0.19565555453300476 -0.1850581169128418 5.77025032043457
v 0.1985796093940735 -0.20426559448242188 5.766149044036865
v 0.19882409274578094 -0.20009779930114746 5.771462917327881
v 0.19581781327724457 -0.19855505228042603 5.769665718078613
v 0.19586575031280518 -0.20238924026489258 5.764407634735107
v 0.19294896721839905 -0.20595389604568481 5.752696990966797
v 0.19244489073753357 -0.20124214887619019 5.7509684562683105
v 0.19449609518051147 -0.1976684331893921 5.749673843383789
v 0.20320071280002594 -0.20367050170898438 5.764767169952393
v 0.20241954922676086 -0.2102007269859314 5.7560834884643555
v 0.20703110098838806 -0.20675116777420044 5.752449035644531
v 0.20743517577648163 -0.20011359453201294 5.762765884399414
v 0.19519692659378052 -0.19120514392852783 5.758830547332764
v 0.1932680606842041 -0.19905656576156616 5.761563301086426
v 0.19312171638011932 -0.19455987215042114 5.759820461273193
v 0.2074916660785675 -0.19476228952407837 5.757981777191162
v 0.20689627528190613 -0.1958785057067871 5.7687602043151855
v 0.20311614871025085 -0.18898552656173706 5.78416633605957
v 0.19949960708618164 -0.19071173667907715 5.784870624542236
v 0.1989029049873352 -0.19683337211608887 5.777357578277588
v 0.20312035083770752 -0.19541752338409424 5.776923656463623
v 0.20312534272670746 -0.19947999715805054 5.771595001220703
v 0.20612071454524994 -0.19163811206817627 5.774124622344971
v 0.19287651777267456 -0.18755865097045898 5.781431198120117
v 0.19239088892936707 -0.1837249994277954 5.778526782989502
v 0.1949218511581421 -0.18077713251113892 5.776972770690918
v 0.207917720079422 -0.20049452781677246 5.749657154083252
v 0.19757938385009766 -0.21134966611862183 5.756263256072998
v 0.19809764623641968 -0.17928546667099 5.77785062789917
v 0.20152214169502258 -0.17931711673736572 5.778000831604004
v 0.19544056057929993 -0.19568681716918945 5.776364803314209
v 0.1956970989704132 -0.19041460752487183 5.784187316894531
v 0.20536275207996368 -0.1857629418373108 5.781965732574463
v 0.20500922203063965 -0.18190187215805054 5.778815746307373
v 0.20441679656505585 -0.1781306266784668 5.785125732421875
v 0.2052757740020752 -0.18190741539001465 5.787970542907715
v 0.2010302096605301 -0.17535847425460815 5.783544540405273
v 0.19750839471817017 -0.17596584558486938 5.782552719116211
v 0.19475315511226654 -0.17774969339370728 5.783759117126465
v 0.20307770371437073 -0.18488967418670654 5.790406227111816
v 0.19985096156597137 -0.18641775846481323 5.7905659675598145
v 0.1959657073020935 -0.18691229820251465 5.78827428817749
v 0.20299968123435974 -0.18220150470733643 5.794952869415283
v 0.20464149117469788 -0.17852193117141724 5.793306827545166
v 0.19881629943847656 -0.166273832321167 5.797403812408447
v 0.20089095830917358 -0.166675865650177 5.798239231109619
v 0.20067591965198517 -0.16937518119812012 5.79425048828125
v 0.19896677136421204 -0.16868263483047485 5.793028831481934
v 0.2015095353126526 -0.17124974727630615 5.7913994789123535
v 0.20066872239112854 -0.17190855741500854 5.788376331329346
v 0.2037106156349182 -0.17098748683929443 5.795870304107666
v 0.20355108380317688 -0.17331910133361816 5.792234420776367
v 0.20386353135108948 -0.1684356927871704 5.800041198730469
v 0.20424172282218933 -0.17220628261566162 5.801863670349121
v 0.20384913682937622 -0.1746113896369934 5.797595977783203
v 0.20424377918243408 -0.17567527294158936 5.794153690338135
v 0.19965910911560059 -0.1649666428565979 5.801760196685791
v 0.20148402452468872 -0.16508722305297852 5.801342487335205
v 0.2037937045097351 -0.17523998022079468 5.78952169418335
v 0.19715243577957153 -0.17302793264389038 5.787130832672119
v 0.19631701707839966 -0.1697312593460083 5.792252540588379
v 0.1962847113609314 -0.16723954677581787 5.797285079956055
v 0.19711188971996307 -0.16650664806365967 5.801762580871582
v 0.19392402470111847 -0.17198193073272705 5.792627334594727
v 0.19428810477256775 -0.16941577196121216 5.797697067260742
v 0.1953079104423523 -0.16877609491348267 5.801476001739502
v 0.19248543679714203 -0.1748257279396057 5.793900012969971
v 0.19331127405166626 -0.1718692183494568 5.79868221282959
v 0.19443605840206146 -0.17530357837677002 5.787701606750488
v 0.19285687804222107 -0.1784493327140808 5.78806734085083
v 0.19457758963108063 -0.17071151733398438 5.801270961761475
v 0.19923853874206543 -0.16860228776931763 5.805617809295654
v 0.20193499326705933 -0.16670429706573486 5.805485248565674
v 0.20409941673278809 -0.1662229299545288 5.803893089294434
v 0.20384569466114044 -0.17704111337661743 5.798732280731201
v 0.2034807801246643 -0.17428666353225708 5.80310583114624
v 0.20218054950237274 -0.17918771505355835 5.799327850341797
v 0.20183423161506653 -0.17587053775787354 5.803625583648682
v 0.20444661378860474 -0.16986387968063354 5.804556369781494
v 0.2033374309539795 -0.17095446586608887 5.805706977844238
v 0.19283263385295868 -0.18078619241714478 5.784024238586426
v 0.1932855248451233 -0.18445438146591187 5.78585147857666
v 0.19332805275917053 -0.1818302869796753 5.7898712158203125
v 0.1933009773492813 -0.1780703067779541 5.79605770111084
v 0.1960172951221466 -0.18424463272094727 5.791867256164551
v 0.19975027441978455 -0.1837366223335266 5.794586181640625
v 0.1995018720626831 -0.1804567575454712 5.799254417419434
v 0.1961243748664856 -0.1804385781288147 5.797938823699951
v 0.19926699995994568 -0.17686372995376587 5.801996231079102
v 0.19656842947006226 -0.17673945426940918 5.802494049072266
v 0.19418548047542572 -0.17467981576919556 5.800697326660156
v 0.19885528087615967 -0.17369800806045532 5.805306911468506
v 0.2012491226196289 -0.17248880863189697 5.805978298187256
v 0.19704699516296387 -0.1706475019454956 5.804441452026367
v 0.19551125168800354 -0.17242980003356934 5.803048610687256
v 0.19696944952011108 -0.17437022924423218 5.804149627685547
v 0.19510844349861145 -0.20941448211669922 5.754246711730957
v 0.20122361183166504 -0.22147136926651 5.772267818450928
v 0.20104877650737762 -0.2225271463394165 5.767251968383789
v 0.20074602961540222 -0.22616076469421387 5.767384052276611
v 0.20088070631027222 -0.22520124912261963 5.772878170013428
v 0.21091607213020325 -0.21914851665496826 5.770662307739258
v 0.21112817525863647 -0.2202756404876709 5.764790058135986
v 0.20691251754760742 -0.21861857175827026 5.765108585357666
v 0.20702293515205383 -0.21747267246246338 5.7701945304870605
v 0.2134544998407364 -0.2235114574432373 5.772526741027832
v 0.2138586938381195 -0.22499018907546997 5.7672438621521
v 0.21048247814178467 -0.22200876474380493 5.7583794593811035
v 0.2088935822248459 -0.22474616765975952 5.748548984527588
v 0.20398321747779846 -0.22305047512054443 5.749975204467773
v 0.205934077501297 -0.2203458547592163 5.758847236633301
v 0.20114776492118835 -0.23971378803253174 5.749787330627441
v 0.20213085412979126 -0.23700553178787231 5.755070686340332
v 0.19924184679985046 -0.23422861099243164 5.7546844482421875
v 0.19746707379817963 -0.23722690343856812 5.749115943908691
v 0.2031027376651764 -0.21965104341506958 5.765775680541992
v 0.20355592668056488 -0.21864396333694458 5.771471977233887
v 0.20404720306396484 -0.23366272449493408 5.764660358428955
v 0.20493662357330322 -0.23215222358703613 5.770008087158203
v 0.20216022431850433 -0.22952938079833984 5.769340991973877
v 0.2011043131351471 -0.2309759259223938 5.763885021209717
v 0.195221409201622 -0.23311644792556763 5.748884677886963
v 0.19781044125556946 -0.23069638013839722 5.755230903625488
v 0.1980612725019455 -0.22691160440444946 5.753263473510742
v 0.19463691115379333 -0.22804248332977295 5.749142169952393
v 0.19996333122253418 -0.2243770956993103 5.75246524810791
v 0.20801806449890137 -0.2343040108680725 5.763402462005615
v 0.20595493912696838 -0.23783397674560547 5.755041599273682
v 0.21035881340503693 -0.23651081323623657 5.752767086029053
v 0.21204867959022522 -0.23210829496383667 5.763095855712891
v 0.2022484838962555 -0.22132527828216553 5.759854793548584
v 0.19976745545864105 -0.22766607999801636 5.763159275054932
v 0.20029520988464355 -0.22391921281814575 5.761310577392578
v 0.2133212387561798 -0.22673559188842773 5.759354114532471
v 0.21246971189975739 -0.23003840446472168 5.767732620239258
v 0.20931699872016907 -0.22955507040023804 5.780789852142334
v 0.20599161088466644 -0.22959041595458984 5.781488418579102
v 0.20529431104660034 -0.2312837839126587 5.775040149688721
v 0.2092098891735077 -0.23154431581497192 5.7746686935424805
v 0.2090293914079666 -0.23261523246765137 5.770158290863037
v 0.21259929239749908 -0.22864407300949097 5.774060249328613
v 0.20126619935035706 -0.2236883044242859 5.778538703918457
v 0.20155245065689087 -0.21983039379119873 5.778443336486816
v 0.20376572012901306 -0.21715933084487915 5.777229309082031
v 0.21258564293384552 -0.23015308380126953 5.749248504638672
v 0.20700347423553467 -0.21594077348709106 5.778214454650879
v 0.21054035425186157 -0.2172667384147644 5.777785301208496
v 0.20234116911888123 -0.22867602109909058 5.773558616638184
v 0.20302698016166687 -0.22722625732421875 5.780735969543457
v 0.21229985356330872 -0.22668951749801636 5.780594348907471
v 0.212858647108078 -0.22160637378692627 5.7783589363098145
v 0.21309512853622437 -0.21986156702041626 5.784654140472412
v 0.21252910792827606 -0.22481685876846313 5.786612033843994
v 0.210462749004364 -0.21576792001724243 5.783185958862305
v 0.2068818211555481 -0.2148762345314026 5.7821855545043945
v 0.20401348173618317 -0.2161543369293213 5.78133487701416
v 0.2094368040561676 -0.22773855924606323 5.786929130554199
v 0.20647525787353516 -0.22761106491088867 5.786495685577393
v 0.20395584404468536 -0.22558611631393433 5.7844157218933105
v 0.20964175462722778 -0.2257901430130005 5.790715217590332
v 0.2126336395740509 -0.2225697636604309 5.791635513305664
v 0.208420529961586 -0.2108694314956665 5.796116352081299
v 0.2103656828403473 -0.2117929458618164 5.7965826988220215
v 0.2105160355567932 -0.21312856674194336 5.793905258178711
v 0.20863425731658936 -0.21207386255264282 5.792174816131592
v 0.21102561056613922 -0.21469646692276 5.790721416473389
v 0.2102220356464386 -0.2143229842185974 5.7881035804748535
v 0.2125934511423111 -0.21583741903305054 5.794504165649414
v 0.21244460344314575 -0.2173345685005188 5.7905168533325195
v 0.2129502296447754 -0.21435093879699707 5.798274517059326
v 0.21234852075576782 -0.2182639241218567 5.798740863800049
v 0.21256333589553833 -0.2197083830833435 5.7950825691223145
v 0.21285641193389893 -0.22008872032165527 5.792590618133545
v 0.20913085341453552 -0.21067029237747192 5.800012588500977
v 0.21080473065376282 -0.21108198165893555 5.799345970153809
v 0.21281790733337402 -0.2183704376220703 5.789067268371582
v 0.20712777972221375 -0.2135838270187378 5.787173748016357
v 0.20657913386821747 -0.21187013387680054 5.791511535644531
v 0.2063731551170349 -0.21062994003295898 5.796627998352051
v 0.20705437660217285 -0.21139585971832275 5.8008131980896
v 0.2044498324394226 -0.2132928967475891 5.791085243225098
v 0.20460328459739685 -0.21223890781402588 5.7964091300964355
v 0.20537443459033966 -0.21289211511611938 5.799297332763672
v 0.20295202732086182 -0.21585994958877563 5.790894985198975
v 0.20343764126300812 -0.21446257829666138 5.795910358428955
v 0.2043641209602356 -0.21504485607147217 5.785097122192383
v 0.20277372002601624 -0.21760797500610352 5.785859107971191
v 0.2042742371559143 -0.21413028240203857 5.798520088195801
v 0.20803511142730713 -0.21409404277801514 5.802724838256836
v 0.21052488684654236 -0.21337872743606567 5.8028130531311035
v 0.2128506600856781 -0.21325808763504028 5.801445960998535
v 0.21166017651557922 -0.22206419706344604 5.795499324798584
v 0.2111428827047348 -0.22004342079162598 5.800862789154053
v 0.20941457152366638 -0.22369372844696045 5.795360565185547
v 0.20891663432121277 -0.2207431197166443 5.800782203674316
v 0.21262940764427185 -0.21653223037719727 5.802170753479004
v 0.21080562472343445 -0.21709823608398438 5.801848888397217
v 0.20209994912147522 -0.21885794401168823 5.78228235244751
v 0.20187395811080933 -0.2222731113433838 5.7823004722595215
v 0.20238447189331055 -0.2211727499961853 5.786838054656982
v 0.2026159167289734 -0.21915560960769653 5.791745185852051
v 0.20408833026885986 -0.22430342435836792 5.788196563720703
v 0.206735759973526 -0.22603583335876465 5.789212703704834
v 0.20666682720184326 -0.22371906042099 5.794068336486816
v 0.20405206084251404 -0.22224503755569458 5.792236328125
v 0.2064816802740097 -0.22060954570770264 5.798409938812256
v 0.20456580817699432 -0.21937406063079834 5.798061847686768
v 0.20328116416931152 -0.21704763174057007 5.796520709991455
v 0.2065124660730362 -0.21744918823242188 5.801604747772217
v 0.20853185653686523 -0.217454195022583 5.802810192108154
v 0.20604398846626282 -0.2149132490158081 5.801458358764648
v 0.20462389290332794 -0.21567976474761963 5.799671173095703
v 0.20518895983695984 -0.21736592054367065 5.800203800201416
v 0.20451034605503082 -0.24000906944274902 5.749919891357422
v 0.1564960777759552 -0.18189048767089844 5.682374000549316
v 0.15635186433792114 -0.18330204486846924 5.687486171722412
v 0.14863738417625427 -0.1877509355545044 5.69182014465332
v 0.14321115612983704 -0.1896091103553772 5.690920352935791
v 0.13954731822013855 -0.19010251760482788 5.685878276824951
v 0.13955238461494446 -0.1885930895805359 5.681454181671143
v 0.14237359166145325 -0.18608415126800537 5.6786699295043945
v 0.15380242466926575 -0.18516814708709717 5.690511226654053
v 0.1540650725364685 -0.1815253496170044 5.679046154022217
v 0.14798495173454285 -0.18330562114715576 5.677011966705322
v 0.14526385068893433 -0.17356616258621216 5.6781134605407715
v 0.1516481637954712 -0.1723383069038391 5.680205345153809
v 0.13929694890975952 -0.1768181324005127 5.679379940032959
v 0.13665729761123657 -0.18040072917938232 5.6825432777404785
v 0.13722720742225647 -0.1833101511001587 5.686759948730469
v 0.1547704041004181 -0.1736322045326233 5.685069561004639
v 0.15461155772209167 -0.17626255750656128 5.6888322830200195
v 0.15149584412574768 -0.17935633659362793 5.692230224609375
v 0.15265455842018127 -0.1656475067138672 5.685023784637451
v 0.149039626121521 -0.16129273176193237 5.6819844245910645
v 0.13373631238937378 -0.15724217891693115 5.685394287109375
v 0.13603773713111877 -0.1552531123161316 5.682508945465088
v 0.1368640959262848 -0.15924060344696045 5.681482791900635
v 0.13425901532173157 -0.16204959154129028 5.683612823486328
v 0.13838854432106018 -0.16174393892288208 5.681066513061523
v 0.136989563703537 -0.16648823022842407 5.681608200073242
v 0.14152640104293823 -0.15642708539962769 5.680093288421631
v 0.1422729194164276 -0.1594163179397583 5.680261135101318
v 0.1462841033935547 -0.1548008918762207 5.681685447692871
v 0.1460610330104828 -0.15777260065078735 5.68069314956665
v 0.14042481780052185 -0.15231120586395264 5.680352210998535
v 0.13579243421554565 -0.15164023637771606 5.683035373687744
v 0.1393246352672577 -0.14922136068344116 5.682368755340576
v 0.13454824686050415 -0.1522059440612793 5.686123847961426
v 0.14320236444473267 -0.1637941598892212 5.680183410644531
v 0.13465219736099243 -0.17255759239196777 5.6851630210876465
v 0.13303032517433167 -0.16529065370559692 5.686966896057129
v 0.1329261064529419 -0.15879446268081665 5.688897609710693
v 0.13474351167678833 -0.1535995602607727 5.688789367675781
v 0.13416540622711182 -0.16792982816696167 5.691549301147461
v 0.13476654887199402 -0.16033470630645752 5.691544055938721
v 0.13658255338668823 -0.1555323600769043 5.691751003265381
v 0.13814190030097961 -0.16860103607177734 5.693609714508057
v 0.13797703385353088 -0.1609819531440735 5.69386625289917
v 0.13545629382133484 -0.17664366960525513 5.689254283905029
v 0.13933882117271423 -0.17839837074279785 5.693284511566162
v 0.1384182870388031 -0.1570601463317871 5.693368911743164
v 0.1391315758228302 -0.15017789602279663 5.6892991065979
v 0.13851302862167358 -0.14824575185775757 5.685247421264648
v 0.14895182847976685 -0.15577155351638794 5.6844000816345215
v 0.1451730728149414 -0.15126323699951172 5.682301044464111
v 0.14720746874809265 -0.15167272090911865 5.684274196624756
v 0.150730162858963 -0.15843331813812256 5.687688827514648
v 0.1478794813156128 -0.15324777364730835 5.687915802001953
v 0.143266499042511 -0.14862102270126343 5.681516170501709
v 0.14402848482131958 -0.14855575561523438 5.684974670410156
v 0.14087873697280884 -0.18413829803466797 5.691614627838135
v 0.14607638120651245 -0.18249636888504028 5.693604946136475
v 0.14486026763916016 -0.17681586742401123 5.693851947784424
v 0.14346379041671753 -0.1677151322364807 5.695993900299072
v 0.15039414167404175 -0.1732083559036255 5.693341255187988
v 0.1533055305480957 -0.1691528558731079 5.689959526062012
v 0.15058660507202148 -0.16120237112045288 5.691417217254639
v 0.14823919534683228 -0.1646057367324829 5.694860458374023
v 0.14723649621009827 -0.15557265281677246 5.691132545471191
v 0.14527028799057007 -0.15814745426177979 5.693163871765137
v 0.14177265763282776 -0.1600913405418396 5.694304466247559
v 0.1437530815601349 -0.15296214818954468 5.691563606262207
v 0.1440744698047638 -0.15021121501922607 5.688957691192627
v 0.13991454243659973 -0.15302306413650513 5.691826820373535
v 0.14076274633407593 -0.15581530332565308 5.693361282348633
v 0.14330169558525085 -0.15524834394454956 5.692838191986084
v 0.19546173512935638 -0.24016880989074707 5.74608850479126
v 0.19267497956752777 -0.23545032739639282 5.744459629058838
v 0.19114603102207184 -0.23949098587036133 5.739457607269287
v 0.18869879841804504 -0.245272696018219 5.73496150970459
v 0.19028881192207336 -0.25425583124160767 5.73142147064209
v 0.18688178062438965 -0.2400786280632019 5.731989860534668
v 0.18933901190757751 -0.23451590538024902 5.737074375152588
v 0.19136881828308105 -0.2283860445022583 5.7429375648498535
v 0.18365737795829773 -0.24034929275512695 5.724689483642578
v -0.025443637743592262 0.0330204963684082 5.6270647048950195
v -0.022631792351603508 0.032956868410110474 5.621714115142822
v -0.021477937698364258 0.02859407477080822 5.617865085601807
v -0.02332836017012596 0.027356622740626335 5.619826316833496
v -0.025893062353134155 0.026253102347254753 5.621931076049805
v -0.0292058028280735 0.025444654747843742 5.62410306930542
v -0.03491654619574547 0.030952302739024162 5.628528118133545
v -0.029725123196840286 0.03238481283187866 5.6275739669799805
v -0.04385385662317276 0.02481245808303356 5.627213001251221
v -0.04227932170033455 0.02632066421210766 5.62744140625
v -0.042969148606061935 0.02405044250190258 5.627239227294922
v -0.036879561841487885 0.02451246790587902 5.62753963470459
v -0.040688250213861465 0.024399517104029655 5.627590656280518
v -0.019655022770166397 0.03233414888381958 5.617238998413086
v -0.019088078290224075 0.03176560997962952 5.615940570831299
v -0.020880242809653282 0.032762497663497925 5.619516849517822
v -0.03308830037713051 0.024898676201701164 5.6261396408081055
v -0.01935189589858055 0.030897019430994987 5.615533351898193
v -0.02020367607474327 0.029848365113139153 5.616346836090088
v -0.039281632751226425 0.028997061774134636 5.629220962524414
v -0.02588946372270584 0.0284519474953413 5.623261451721191
v -0.02925705537199974 0.027541426941752434 5.624990463256836
v -0.03388230502605438 0.02897903136909008 5.627439498901367
v -0.029370421543717384 0.0300405602902174 5.626158237457275
v -0.0368027426302433 0.026100007817149162 5.627096176147461
v -0.03932817280292511 0.025695709511637688 5.626895427703857
v -0.023419737815856934 0.02913924865424633 5.62052059173584
v -0.0331915058195591 0.026762602850794792 5.626377582550049
v -0.025527464225888252 0.030765948817133904 5.623968124389648
v -0.0398520901799202 0.026463298127055168 5.627789497375488
v -0.03772445768117905 0.027688531205058098 5.627796173095703
v -0.01968601904809475 0.03119879774749279 5.615990161895752
v -0.01979205571115017 0.03094985894858837 5.617273807525635
v -0.046645790338516235 -0.21352790296077728 5.503694534301758
v -0.04527410492300987 -0.2332039177417755 5.5002923011779785
v -0.022985374554991722 0.031140265986323357 5.622579574584961
v -0.020505229011178017 0.03032001666724682 5.61702823638916
v -0.0216742642223835 0.029813556000590324 5.6194915771484375
v -0.021406497806310654 0.03123241476714611 5.6197733879089355
v -0.020275965332984924 0.03131711483001709 5.618124961853027
v 0.16173343360424042 -0.26041194796562195 5.501704692840576
v 0.15362593531608582 -0.2700037658214569 5.493213176727295
v 0.2023210972547531 -0.23041236400604248 5.4925336837768555
v 0.2087908238172531 -0.22210532426834106 5.473331928253174
v 0.01174755860120058 -0.4565321207046509 5.360426902770996
v 0.0534391812980175 -0.29735901951789856 5.252818584442139
v 0.054835427552461624 -0.281950443983078 5.26299524307251
v -0.015353548340499401 -0.2679162919521332 5.2455620765686035
v 0.003474136348813772 -0.2716408371925354 5.243680477142334
v 0.08596726506948471 -0.3671693205833435 5.329807281494141
v 0.08580807596445084 -0.3816739022731781 5.317298889160156
v 0.0497404970228672 -0.4095757007598877 5.363620758056641
v 0.04844604805111885 -0.4246061444282532 5.351044178009033
v 0.07707300782203674 -0.41145044565200806 5.318663597106934
v 0.026235518977046013 -0.31113067269325256 5.214792251586914
v 0.023058293387293816 -0.2955510914325714 5.228551864624023
v 0.039840515702962875 -0.30296117067337036 5.2325921058654785
v 0.04351813718676567 -0.3187309801578522 5.217013359069824
v -0.03420450538396835 -0.2863275706768036 5.236936092376709
v -0.03396489843726158 -0.26877346634864807 5.250046730041504
v 0.09122947603464127 -0.334454208612442 5.327310085296631
v 0.08953600376844406 -0.31647881865501404 5.3106184005737305
v 0.07048045098781586 -0.28372231125831604 5.283082485198975
v 0.05621039494872093 -0.2694205343723297 5.2749786376953125
v 0.02312205545604229 -0.24628771841526031 5.268769264221191
v 0.04046787694096565 -0.2569151818752289 5.270698547363281
v 0.03673679009079933 -0.4039445221424103 5.390439033508301
v 0.020014388486742973 -0.3951873183250427 5.412713050842285
v 0.08672349154949188 -0.3524201512336731 5.344878673553467
v -0.022768035531044006 -0.42346465587615967 5.408470153808594
v -0.015569532290101051 -0.21327583491802216 5.276220798492432
v 0.006642953958362341 -0.21823807060718536 5.2784318923950195
v 0.0820542648434639 -0.2995925545692444 5.2956414222717285
v -0.026949532330036163 -0.28237012028694153 5.49893045425415
v -0.025343220680952072 -0.3007359802722931 5.496930122375488
v -0.009251126088202 -0.29639118909835815 5.498198986053467
v -0.010538612492382526 -0.2777771055698395 5.499999046325684
v 0.006489699240773916 -0.2923765778541565 5.499241352081299
v 0.02166946418583393 -0.2880864143371582 5.498704433441162
v 0.03530144318938255 -0.2838892340660095 5.4968061447143555
v 0.06537569314241409 -0.2740890383720398 5.482141971588135
v 0.05685556307435036 -0.27674007415771484 5.487663269042969
v 0.07927858829498291 -0.26920026540756226 5.467193126678467
v 0.07228557020425797 -0.2712550163269043 5.476171970367432
v 0.08739428967237473 -0.2705235779285431 5.454471111297607
v 0.09396172314882278 -0.27204790711402893 5.437745571136475
v 0.09808962792158127 -0.27140629291534424 5.419151306152344
v 0.09609019011259079 -0.2568395137786865 5.423009395599365
v 0.09482275694608688 -0.28757166862487793 5.434258937835693
v 0.08917286992073059 -0.2860844135284424 5.452086925506592
v 0.08206889778375626 -0.28598812222480774 5.4650750160217285
v -0.03527769073843956 -0.3417183458805084 5.480086326599121
v -0.030944081023335457 -0.3588726222515106 5.465245723724365
v -0.04846109822392464 -0.19516348838806152 5.506850242614746
v 0.2619050443172455 -0.3551827371120453 5.536623001098633
v 0.18624398112297058 -0.27234572172164917 5.6109299659729
v -0.026006806641817093 -0.07824122905731201 5.403485298156738
v -0.047506507486104965 -0.08372962474822998 5.400625705718994
v -0.06338457763195038 -0.09123696386814117 5.391767501831055
v -0.06388329714536667 -0.08443459868431091 5.40100622177124
v 0.051495205610990524 -0.0797252506017685 5.450654029846191
v 0.03727412596344948 -0.07597759366035461 5.428554058074951
v 0.01775292493402958 -0.07653817534446716 5.41072940826416
v -0.003971273545175791 -0.07964061200618744 5.400267124176025
v 0.07576258480548859 -0.3547504246234894 5.3725972175598145
v -0.02295638807117939 -0.09801176190376282 5.373225212097168
v -0.00044580790563486516 -0.08483810722827911 5.390970230102539
v 0.0243182685226202 -0.08126343786716461 5.401569366455078
v 0.045706894248723984 -0.08094684779644012 5.416679382324219
v 0.0665014386177063 -0.08502791821956635 5.442910671234131
v 0.08051552623510361 -0.09406422078609467 5.450016498565674
v 0.1026209369301796 -0.10891464352607727 5.440930366516113
v 0.1118331030011177 -0.1160263866186142 5.447413444519043
v 0.11042674630880356 -0.11530569195747375 5.467636585235596
v 0.12181351333856583 -0.12425775825977325 5.474299907684326
v 0.1226755753159523 -0.12430424988269806 5.454866409301758
v 0.19068709015846252 -0.1928817629814148 5.464514255523682
v 0.19956350326538086 -0.20500627160072327 5.458137512207031
v 0.20392338931560516 -0.21402356028556824 5.447582244873047
v 0.2042073756456375 -0.2220378965139389 5.436137676239014
v 0.19918160140514374 -0.22712093591690063 5.425294876098633
v 0.18901897966861725 -0.22798027098178864 5.417534828186035
v 0.1761770397424698 -0.22434361279010773 5.410294055938721
v 0.1389450877904892 -0.2039904147386551 5.400393486022949
v 0.1276906132698059 -0.19505292177200317 5.39535665512085
v 0.1036747619509697 -0.18974347412586212 5.364414215087891
v 0.09780431538820267 -0.18987834453582764 5.356265544891357
v 0.07245345413684845 -0.2100207507610321 5.313533306121826
v 0.08055964857339859 -0.20058639347553253 5.326462745666504
v 0.06293603777885437 -0.2195996195077896 5.300580024719238
v 0.05267149582505226 -0.4059614837169647 5.143096923828125
v 0.04540635272860527 -0.38880977034568787 5.155749797821045
v 0.06565772742033005 -0.38913750648498535 5.165065765380859
v 0.07279680669307709 -0.40687239170074463 5.153564453125
v -0.028703656047582626 -0.3476409614086151 5.183926105499268
v -0.006601555738598108 -0.3475502133369446 5.181272506713867
v 0.11336096376180649 -0.42002174258232117 5.238159656524658
v 0.10867617279291153 -0.4082169830799103 5.21404504776001
v 0.09807432442903519 -0.399152934551239 5.194349765777588
v 0.08322086185216904 -0.3926542401313782 5.177365779876709
v 0.11053700000047684 -0.4334433078765869 5.261147499084473
v 0.029413139447569847 -0.49821990728378296 5.334789752960205
v 0.04970565065741539 -0.48722928762435913 5.323761940002441
v -0.03232491388916969 -0.5168926119804382 5.354981422424316
v -0.012409369461238384 -0.5134840607643127 5.3498215675354
v 0.101409412920475 -0.4481961131095886 5.280862331390381
v 0.008308370597660542 -0.50723797082901 5.344099998474121
v 0.06917653232812881 -0.475117027759552 5.310917377471924
v 0.08731787651777267 -0.46222230792045593 5.296517372131348
v 0.0382094569504261 -0.3692091107368469 5.1699371337890625
v 0.01863955147564411 -0.36730819940567017 5.164748191833496
v 0.013910857029259205 -0.3483547866344452 5.181839466094971
v -0.021107172593474388 -0.15835461020469666 5.306511878967285
v -0.0003637453482951969 -0.15568207204341888 5.3086137771606445
v 0.020643306896090508 -0.15297584235668182 5.3135457038879395
v 0.039328571408987045 -0.13644357025623322 5.3322224617004395
v 0.057769086211919785 -0.13663874566555023 5.342983722686768
v 0.05796338990330696 -0.1487417370080948 5.33262825012207
v 0.04058264568448067 -0.14987017214298248 5.322014331817627
v 0.08957263082265854 -0.14473897218704224 5.37092399597168
v 0.1016160324215889 -0.14852948486804962 5.379369735717773
v 0.09937778860330582 -0.15814504027366638 5.373729705810547
v 0.08752652257680893 -0.1540401428937912 5.361788749694824
v 0.11047274619340897 -0.1612391471862793 5.381964683532715
v 0.11847791820764542 -0.1650141477584839 5.388920783996582
v 0.12710411846637726 -0.1701863706111908 5.397458076477051
v 0.1377732902765274 -0.1754358857870102 5.403646945953369
v 0.14279520511627197 -0.15862484276294708 5.415501117706299
v 0.13235770165920258 -0.15242603421211243 5.41067361831665
v 0.09218421578407288 -0.13456778228282928 5.379014492034912
v 0.07728305459022522 -0.12904687225818634 5.366694450378418
v -0.02317829616367817 -0.1371486634016037 5.330658435821533
v -0.04245394840836525 -0.14358793199062347 5.330743312835693
v 0.10036290436983109 -0.2635633051395416 5.401565074920654
v 0.10169298201799393 -0.2529311180114746 5.3827056884765625
v 0.1007627323269844 -0.24153956770896912 5.3674702644348145
v 0.09867171198129654 -0.230222687125206 5.356423377990723
v 0.09623800963163376 -0.21863217651844025 5.347425937652588
v 0.09219850599765778 -0.20706939697265625 5.341179847717285
v 0.08698002249002457 -0.19541198015213013 5.336965560913086
v 0.09229028970003128 -0.19193542003631592 5.34646463394165
v 0.08220162242650986 -0.18352694809436798 5.336001873016357
v 0.08945602923631668 -0.18197685480117798 5.347011566162109
v 0.07787151634693146 -0.17202048003673553 5.337110996246338
v 0.07436453551054001 -0.16078102588653564 5.340130805969238
v 0.07345052808523178 -0.14990192651748657 5.347935676574707
v 0.0746312141418457 -0.13949675858020782 5.356497287750244
v 0.04030134156346321 -0.12380111217498779 5.343712329864502
v 0.05960451439023018 -0.12514150142669678 5.355276584625244
v 0.021487822756171227 -0.1136104017496109 5.3488054275512695
v 0.02403201349079609 -0.10332867503166199 5.36208963394165
v 0.018319016322493553 -0.13880792260169983 5.323308944702148
v 0.019809594377875328 -0.12525972723960876 5.335475921630859
v 0.008333121426403522 -0.06780566275119781 5.45077657699585
v -0.009451041929423809 -0.0676872581243515 5.436454772949219
v 0.17424695193767548 -0.20813903212547302 5.413267612457275
v 0.1811629980802536 -0.2160281091928482 5.414462566375732
v 0.17267663776874542 -0.21529331803321838 5.409221172332764
v 0.1697710007429123 -0.20988191664218903 5.409954071044922
v 0.1875886470079422 -0.21330253779888153 5.421581268310547
v 0.1825844645500183 -0.2004060596227646 5.425760746002197
v 0.19181610643863678 -0.20901215076446533 5.431262016296387
v 0.17891626060009003 -0.20498351752758026 5.419136047363281
v 0.19277679920196533 -0.20230476558208466 5.440774440765381
v 0.18393591046333313 -0.19382122159004211 5.434072971343994
v 0.19118136167526245 -0.19613875448703766 5.448051452636719
v 0.1842520534992218 -0.1887059509754181 5.440662860870361
v 0.18344929814338684 -0.18411315977573395 5.446585655212402
v 0.1872621774673462 -0.1874459683895111 5.4526519775390625
v 0.1579778492450714 -0.15607023239135742 5.439284801483154
v 0.16827797889709473 -0.16597115993499756 5.442553520202637
v 0.17703412473201752 -0.17609429359436035 5.445534706115723
v 0.1485133320093155 -0.182194784283638 5.407054424285889
v 0.15966597199440002 -0.18919461965560913 5.411374568939209
v 0.16968615353107452 -0.1969410479068756 5.415222644805908
v 0.17281398177146912 -0.190977543592453 5.42185640335083
v 0.16276077926158905 -0.18275223672389984 5.417083740234375
v 0.151273712515831 -0.174730122089386 5.412215709686279
v -0.023001058027148247 -0.14740748703479767 5.3169403076171875
v -0.003102839458733797 -0.14212290942668915 5.319207668304443
v 0.11244701594114304 -0.15205146372318268 5.387348651885986
v 0.1208244040608406 -0.156073659658432 5.395584583282471
v 0.12921656668186188 -0.16113683581352234 5.40207576751709
v 0.13982941210269928 -0.16690123081207275 5.408508777618408
v 0.12283123284578323 -0.14745567739009857 5.402987003326416
v 0.11411003023386002 -0.14287111163139343 5.396100997924805
v 0.10365807265043259 -0.13900834321975708 5.38707160949707
v -0.0027679172344505787 -0.1302870362997055 5.330747127532959
v -0.04176671430468559 -0.15259887278079987 5.315710544586182
v 0.08906776458024979 -0.1875196397304535 5.509836673736572
v 0.09890774637460709 -0.16688644886016846 5.517189025878906
v 0.11159705370664597 -0.14729319512844086 5.512403964996338
v 0.11900866776704788 -0.13001808524131775 5.496111869812012
v -0.07072662562131882 -0.07461047172546387 5.42874813079834
v 0.24389633536338806 -0.37634390592575073 5.449913501739502
v -0.056181229650974274 -0.19327197968959808 5.283420562744141
v -0.05824621021747589 -0.1766040176153183 5.2932448387146
v -0.05177515745162964 -0.25333747267723083 5.261884689331055
v -0.05295778810977936 -0.23314502835273743 5.265007972717285
v -0.009860505349934101 -0.3248489499092102 5.199100017547607
v -0.030965115875005722 -0.32460787892341614 5.20471715927124
v -0.03289495036005974 -0.30555880069732666 5.220596790313721
v -0.052213601768016815 -0.3643607199192047 5.1638360023498535
v -0.05227494239807129 -0.34876155853271484 5.18698787689209
v -0.051435116678476334 -0.3078106939792633 5.226521968841553
v -0.051578424870967865 -0.2893235385417938 5.244470596313477
v -0.035785797983407974 -0.21216385066509247 5.273906707763672
v -0.0407528281211853 -0.1610211730003357 5.302984237670898
v -0.060028769075870514 -0.15534944832324982 5.316318988800049
v -0.0603906512260437 -0.14726832509040833 5.328817367553711
v -0.061595432460308075 -0.13545504212379456 5.3411078453063965
v 0.04982862249016762 -0.31551429629325867 5.4901275634765625
v 0.04822525009512901 -0.2980339229106903 5.491959571838379
v 0.036245349794626236 -0.3016297221183777 5.4962239265441895
v 0.037858109921216965 -0.31888338923454285 5.49380350112915
v 0.06894910335540771 -0.30723661184310913 5.478915214538574
v 0.06739339232444763 -0.29095664620399475 5.4816694259643555
v 0.058445800095796585 -0.2943752408027649 5.487148284912109
v 0.06068329140543938 -0.31186142563819885 5.485548496246338
v 0.07498352974653244 -0.28792625665664673 5.473835468292236
v 0.07677997648715973 -0.30373963713645935 5.471518039703369
v 0.051742177456617355 -0.3325239419937134 5.486170291900635
v 0.06233776733279228 -0.3283906877040863 5.4806318283081055
v 0.03980511054396629 -0.3356982469558716 5.489860534667969
v 0.07773780077695847 -0.3189041316509247 5.4684038162231445
v 0.07075736671686172 -0.32347241044044495 5.4747490882873535
v -0.04308013245463371 -0.08328908681869507 5.590809345245361
v -0.03965969756245613 -0.08269926905632019 5.60598087310791
v -0.04486152529716492 -0.0481184720993042 5.632672309875488
v -0.04619993641972542 -0.04362821578979492 5.633028030395508
v -0.055018942803144455 -0.09086418151855469 5.567760944366455
v -0.055852778255939484 -0.09851783514022827 5.5609612464904785
v -0.04600343480706215 -0.06423941254615784 5.625061988830566
v -0.0444008968770504 -0.07714134454727173 5.621091365814209
v -0.049695368856191635 -0.024717124179005623 5.642134189605713
v -0.04969964176416397 -0.02753177471458912 5.640637397766113
v -0.048019275069236755 -0.03791600465774536 5.6383843421936035
v -0.04783995449542999 -0.04123330116271973 5.635487079620361
v -0.05643982067704201 -0.10898908972740173 5.553563594818115
v -0.05297049880027771 -0.08597752451896667 5.579075336456299
v -0.05970669165253639 -0.13483062386512756 5.534839630126953
v -0.061105914413928986 -0.14652878046035767 5.524336814880371
v -0.05148467794060707 -0.15400813519954681 5.51785945892334
v -0.05091569572687149 -0.16683676838874817 5.5125250816345215
v -0.03795358166098595 -0.32235294580459595 5.4884724617004395
v -0.04267793893814087 -0.2702758014202118 5.494110107421875
v -0.042014479637145996 -0.28669777512550354 5.496107578277588
v -0.043967053294181824 -0.25207340717315674 5.497553825378418
v -0.04975830391049385 -0.18076227605342865 5.509457588195801
v -0.05800602585077286 -0.12182387709617615 5.5455193519592285
v -0.04643983766436577 -0.052797019481658936 5.632300853729248
v -0.046641889959573746 -0.05720469355583191 5.627456188201904
v -0.04921412095427513 -0.031143279746174812 5.638404846191406
v -0.04860027879476547 -0.034430742263793945 5.638908386230469
v -0.061102334409952164 -0.216623917222023 5.502274990081787
v -0.06035882234573364 -0.2362830638885498 5.499557018280029
v -0.04037846252322197 -0.30492666363716125 5.49390983581543
v -0.05039384588599205 -0.34370726346969604 5.477951526641846
v -0.048541463911533356 -0.3613327443599701 5.461960315704346
v -0.0618230402469635 -0.19803673028945923 5.506254196166992
v -0.047757964581251144 -0.37382224202156067 5.442527770996094
v 0.13107125461101532 -0.5817725658416748 5.140451431274414
v 0.11535394936800003 -0.6003579497337341 5.123626232147217
v 0.1034516915678978 -0.5827243328094482 5.101103782653809
v 0.11617854982614517 -0.569911777973175 5.1126627922058105
v 0.12185827642679214 -0.5283222794532776 5.134179592132568
v 0.12075451761484146 -0.5049735307693481 5.146020889282227
v 0.12025345116853714 -0.4789392650127411 5.157294750213623
v 0.083472840487957 -0.5897397994995117 5.089494705200195
v 0.051022130995988846 -0.5639448165893555 5.073665142059326
v 0.05668313428759575 -0.5915507674217224 5.079123020172119
v 0.10542833060026169 -0.4741882085800171 5.136597633361816
v 0.10640957206487656 -0.499591201543808 5.126262664794922
v 0.10619545727968216 -0.5603494048118591 5.104955196380615
v 0.10703954845666885 -0.5449260473251343 5.108222961425781
v 0.12149471789598465 -0.5508268475532532 5.123580455780029
v 0.07653412967920303 -0.5641639828681946 5.082761287689209
v 0.09539677947759628 -0.5642032027244568 5.094480037689209
v 0.009580117650330067 -0.4052759110927582 5.13393497467041
v 0.01413653139024973 -0.4234815537929535 5.120468616485596
v -0.014266367070376873 -0.4225507974624634 5.118991374969482
v 0.09134095162153244 -0.4085271656513214 5.1681365966796875
v 0.07926035672426224 -0.4249187111854553 5.142303943634033
v -0.0435682013630867 -0.5806617736816406 5.081231117248535
v 0.09141578525304794 -0.5436050295829773 5.09515380859375
v 0.046285759657621384 -0.5354019999504089 5.072773456573486
v 0.07171663641929626 -0.5396908521652222 5.082254886627197
v 0.04311360791325569 -0.4620908200740814 5.09780216217041
v 0.06677988916635513 -0.46591222286224365 5.106944561004639
v 0.06644707173109055 -0.48871681094169617 5.0952253341674805
v 0.04311953857541084 -0.48416733741760254 5.085994243621826
v 0.08735626190900803 -0.4701501727104187 5.119946002960205
v 0.08405646681785583 -0.4465693533420563 5.129863739013672
v 0.041623275727033615 -0.4420812129974365 5.110414028167725
v 0.0640234425663948 -0.44367244839668274 5.1180291175842285
v 0.05904856696724892 -0.42321282625198364 5.131096363067627
v 0.08837740868330002 -0.49518242478370667 5.109018802642822
v 0.043492499738931656 -0.5085189938545227 5.0764360427856445
v 0.014757164753973484 -0.5063667893409729 5.07138204574585
v -0.01595149002969265 -0.5054163932800293 5.073198318481445
v -0.04668956995010376 -0.5089651346206665 5.074965476989746
v -0.04771805927157402 -0.48570531606674194 5.081762313842773
v 0.03759646788239479 -0.42257171869277954 5.1244025230407715
v 0.02507380209863186 -0.38603296875953674 5.150674343109131
v 0.03249243646860123 -0.40431448817253113 5.137897968292236
v 0.010023077018558979 -0.327585369348526 5.198085784912109
v 0.09030939638614655 -0.7236796617507935 5.405375003814697
v -0.038912322372198105 -0.6400649547576904 5.205620288848877
v -0.04073980823159218 -0.634395956993103 5.233072757720947
v 0.1258685141801834 -0.5321153402328491 5.243624687194824
v 0.14497213065624237 -0.5596134662628174 5.177760124206543
v 0.1347690373659134 -0.5571021437644958 5.143401145935059
v -0.037523217499256134 -0.6156822443008423 5.279629707336426
v -0.02571716718375683 -0.5978728532791138 5.298336029052734
v 0.10456729680299759 -0.5297724604606628 5.27152156829834
v 0.049006473273038864 -0.5466248989105225 5.310276031494141
v -0.04052641987800598 -0.6270014643669128 5.255213737487793
v 0.10660073906183243 -0.5249730944633484 5.11746883392334
v 0.08940120786428452 -0.5210569500923157 5.100210666656494
v 0.068385049700737 -0.5144025683403015 5.086634635925293
v 0.01696089468896389 -0.5332079529762268 5.0669169425964355
v -0.015552488155663013 -0.5312775373458862 5.069145679473877
v -0.04569924995303154 -0.5323125123977661 5.074141025543213
v -0.02864059805870056 -0.5812299251556396 5.285317420959473
v -0.03866424411535263 -0.5851981043815613 5.290981769561768
v -0.031668130308389664 -0.584908127784729 5.295114040374756
v -0.04558129981160164 -0.5824688673019409 5.3013129234313965
v -0.04549095407128334 -0.5839159488677979 5.289940357208252
v -0.03860699012875557 -0.5851308703422546 5.279766082763672
v -0.04518794268369675 -0.5858787894248962 5.278136253356934
v -0.044798266142606735 -0.5940238237380981 5.269406318664551
v 0.02820311300456524 -0.5088085532188416 5.327136516571045
v 0.050311218947172165 -0.4989021420478821 5.318290710449219
v -0.03349535912275314 -0.5294855833053589 5.34814977645874
v -0.014614569954574108 -0.5246005058288574 5.342219352722168
v 0.10666709393262863 -0.4625171422958374 5.276540279388428
v 0.006002706941217184 -0.5175492763519287 5.335930347442627
v 0.07134070992469788 -0.4879685342311859 5.30634880065918
v 0.09143854677677155 -0.475850373506546 5.292976379394531
v -0.04938378557562828 -0.4401108920574188 5.104754447937012
v -0.04937424883246422 -0.4193861186504364 5.1188554763793945
v -0.051045820116996765 -0.532523512840271 5.351482391357422
v -0.04595547914505005 -0.08455640077590942 5.607795715332031
v -0.04974677786231041 -0.08506828546524048 5.5906572341918945
v -0.07233279198408127 0.09368404746055603 5.648557662963867
v -0.08021551370620728 -0.054637640714645386 5.462519645690918
v -0.05972689017653465 0.03652074933052063 5.650938510894775
v -0.047865353524684906 -0.0441037118434906 5.6340227127075195
v -0.0491555817425251 -0.023316653445363045 5.645109176635742
v -0.06182035803794861 -0.1571332812309265 5.515202045440674
v -0.06195617839694023 -0.16956482827663422 5.508257865905762
v -0.04462011903524399 -0.6272097229957581 5.197879314422607
v -0.06205413118004799 -0.18332970142364502 5.507992267608643
v -0.043782249093055725 -0.6332948803901672 5.187195301055908
v -0.05145180970430374 -0.2714603543281555 5.2558159828186035
v 0.07416218519210815 -1.0945848226547241 5.188513278961182
v 0.07335608452558517 -1.085830807685852 5.17623233795166
v 0.07588934153318405 -1.1123573780059814 5.163395404815674
v 0.07511372864246368 -1.1188091039657593 5.174210071563721
v 0.09340468049049377 -1.0685802698135376 5.156002521514893
v 0.08144950866699219 -1.0740625858306885 5.160702705383301
v 0.10784218460321426 -1.0672249794006348 5.155026435852051
v 0.1207856759428978 -1.0700935125350952 5.158751487731934
v 0.11557570844888687 -1.0969959497451782 5.143467426300049
v 0.10460544377565384 -1.0944404602050781 5.137417793273926
v 0.12851360440254211 -1.075229287147522 5.1678786277771
v 0.12937237322330475 -1.105244755744934 5.161464691162109
v 0.13406041264533997 -1.081722617149353 5.179103851318359
v 0.1375884711742401 -1.0921502113342285 5.194128036499023
v 0.1316377967596054 -1.1137995719909668 5.1784443855285645
v 0.12954436242580414 -1.1040059328079224 5.206417560577393
v 0.12423326820135117 -1.1230900287628174 5.190853118896484
v 0.11418496817350388 -1.1105949878692627 5.213227272033691
v 0.07957233488559723 -1.1029008626937866 5.198261260986328
v 0.07828878611326218 -1.1258918046951294 5.187107086181641
v 0.09141412377357483 -1.0964460372924805 5.138554573059082
v 0.08202383667230606 -1.1020610332489014 5.145308017730713
v 0.07819656282663345 -1.1074851751327515 5.154444694519043
v 0.07587379962205887 -1.07990562915802 5.167574882507324
v 0.07658082246780396 -1.138345718383789 5.1526994705200195
v 0.0713752880692482 -1.1439021825790405 5.166332244873047
v 0.09132307022809982 -1.124243974685669 5.123516082763672
v 0.08509760349988937 -1.1296247243881226 5.1346917152404785
v 0.11263159662485123 -1.1230665445327759 5.129985332489014
v 0.10410366207361221 -1.1212140321731567 5.121856689453125
v 0.12998558580875397 -1.1286711692810059 5.149162292480469
v 0.12088959664106369 -1.1255275011062622 5.139347553253174
v 0.12278541177511215 -1.1005734205245972 5.152121067047119
v 0.13017618656158447 -1.1339789628982544 5.1632585525512695
v 0.1224466934800148 -1.1414082050323486 5.180124759674072
v 0.07552547007799149 -1.1482468843460083 5.181057929992676
v 0.08133602142333984 -1.1340744495391846 5.144345760345459
v 0.1481926143169403 -1.19961416721344 5.326028823852539
v 0.1462896466255188 -1.1957459449768066 5.325020790100098
v 0.14220087230205536 -1.19598388671875 5.326872825622559
v 0.14193274080753326 -1.2003401517868042 5.327998161315918
v 0.11278439313173294 -1.2020421028137207 5.343204021453857
v 0.10981328040361404 -1.1926217079162598 5.3442583084106445
v 0.10178304463624954 -1.1954987049102783 5.343560695648193
v 0.10207275301218033 -1.206882119178772 5.343502521514893
v 0.12961162626743317 -1.2006932497024536 5.33870267868042
v 0.13030630350112915 -1.2044949531555176 5.336248874664307
v 0.13492050766944885 -1.2039105892181396 5.334415435791016
v 0.13666696846485138 -1.1998125314712524 5.3359694480896
v 0.16341686248779297 -1.1991662979125977 5.29233980178833
v 0.16369223594665527 -1.2042934894561768 5.291893482208252
v 0.16742585599422455 -1.203883409500122 5.289320468902588
v 0.16827327013015747 -1.1994962692260742 5.288390636444092
v 0.15349315106868744 -1.2009605169296265 5.31427001953125
v 0.1538039743900299 -1.2054144144058228 5.311487674713135
v 0.1573355793952942 -1.2046129703521729 5.308568477630615
v 0.158869206905365 -1.2012009620666504 5.309925079345703
v 0.10813308507204056 -1.1936672925949097 5.320394992828369
v 0.09415705502033234 -1.1953792572021484 5.32087516784668
v 0.09811588376760483 -1.1961749792099 5.333958148956299
v 0.10987178236246109 -1.191747784614563 5.334227561950684
v 0.09300258755683899 -1.2065163850784302 5.3333740234375
v 0.088603675365448 -1.2076538801193237 5.317364692687988
v 0.09666768461465836 -1.2141679525375366 5.317824363708496
v 0.10012979060411453 -1.2104722261428833 5.331146240234375
v 0.10966751724481583 -1.2112152576446533 5.318129539489746
v 0.11176890879869461 -1.2080422639846802 5.329976558685303
v 0.11603251844644547 -1.2025337219238281 5.319436073303223
v 0.11945272237062454 -1.1990342140197754 5.333162307739258
v 0.13423791527748108 -1.1991643905639648 5.317590236663818
v 0.12840405106544495 -1.1930263042449951 5.317648410797119
v 0.1330251693725586 -1.1938893795013428 5.330005168914795
v 0.13911479711532593 -1.198891520500183 5.327735424041748
v 0.11813903599977493 -1.1943939924240112 5.321133136749268
v 0.12528780102729797 -1.1947436332702637 5.3324503898620605
v 0.1163024976849556 -1.2044150829315186 5.32359504699707
v 0.12129379063844681 -1.2095658779144287 5.319591522216797
v 0.12629660964012146 -1.2061035633087158 5.330215930938721
v 0.12121296674013138 -1.2013442516326904 5.334372043609619
v 0.13015832006931305 -1.2075135707855225 5.317076206207275
v 0.13456317782402039 -1.2055017948150635 5.327883720397949
v 0.143670916557312 -1.192624568939209 5.308135986328125
v 0.13425609469413757 -1.1939705610275269 5.312147617340088
v 0.1390594244003296 -1.1956617832183838 5.321211338043213
v 0.14625811576843262 -1.1945325136184692 5.318568229675293
v 0.13595443964004517 -1.2034143209457397 5.3243184089660645
v 0.13243991136550903 -1.2036182880401611 5.315124034881592
v 0.13760465383529663 -1.2076294422149658 5.311423301696777
v 0.14111080765724182 -1.2058017253875732 5.32085657119751
v 0.14624834060668945 -1.206134557723999 5.3081254959106445
v 0.1480725109577179 -1.2051681280136108 5.318925380706787
v 0.14952519536018372 -1.1980558633804321 5.308722496032715
v 0.15149013698101044 -1.198860764503479 5.3173651695251465
v 0.16102400422096252 -1.1985960006713867 5.292527675628662
v 0.1565335988998413 -1.1925034523010254 5.292457580566406
v 0.15820229053497314 -1.1951408386230469 5.303009986877441
v 0.16119694709777832 -1.2007949352264404 5.302200794219971
v 0.14987587928771973 -1.1935077905654907 5.298213481903076
v 0.15278132259845734 -1.1949141025543213 5.305722713470459
v 0.14858871698379517 -1.1996564865112305 5.308526515960693
v 0.14810064435005188 -1.1988821029663086 5.302252769470215
v 0.1508045494556427 -1.2069759368896484 5.298765182495117
v 0.1513194739818573 -1.206827163696289 5.307008266448975
v 0.1582764983177185 -1.2065632343292236 5.29401159286499
v 0.1583075225353241 -1.2064945697784424 5.304175853729248
v 0.16714251041412354 -1.1932322978973389 5.2751851081848145
v 0.16828137636184692 -1.1943562030792236 5.2831010818481445
v 0.17034786939620972 -1.1998111009597778 5.282266616821289
v 0.16931793093681335 -1.199792504310608 5.27305269241333
v 0.16146129369735718 -1.1926761865615845 5.280456066131592
v 0.16268251836299896 -1.1942116022109985 5.286642074584961
v 0.15961405634880066 -1.1994274854660034 5.289426326751709
v 0.16036288440227509 -1.197927713394165 5.283092021942139
v 0.16089984774589539 -1.2066595554351807 5.281703948974609
v 0.16118685901165009 -1.2059872150421143 5.287055015563965
v 0.16631434857845306 -1.2059686183929443 5.276278495788574
v 0.1675846427679062 -1.2058866024017334 5.284624099731445
v 0.10920872539281845 -1.1959199905395508 5.3064656257629395
v 0.09106162190437317 -1.1955692768096924 5.305166244506836
v 0.10361573845148087 -1.207859992980957 5.33962345123291
v 0.0860208049416542 -1.2097680568695068 5.302330493927002
v 0.11015672236680984 -1.206418514251709 5.338878631591797
v 0.11117831617593765 -1.2133506536483765 5.305598735809326
v 0.09479756653308868 -1.2174628973007202 5.302784442901611
v 0.11357001215219498 -1.204150915145874 5.31455135345459
v 0.1340518593788147 -1.1949915885925293 5.335326671600342
v 0.12989427149295807 -1.2110810279846191 5.301862716674805
v 0.13064828515052795 -1.2030613422393799 5.3096418380737305
v 0.12928131222724915 -1.195420503616333 5.336461544036865
v 0.12673136591911316 -1.1934770345687866 5.301689147949219
v 0.14218726754188538 -1.194085955619812 5.290585517883301
v 0.14388352632522583 -1.2041922807693481 5.32602071762085
v 0.1474376916885376 -1.204309344291687 5.325383186340332
v 0.14633047580718994 -1.2097440958023071 5.292274475097656
v 0.14812952280044556 -1.1985130310058594 5.299612998962402
v 0.15809278190135956 -1.1967414617538452 5.309030055999756
v 0.158209890127182 -1.2089422941207886 5.2791032791137695
v 0.16044601798057556 -1.1984184980392456 5.284099102020264
v 0.15454229712486267 -1.1969664096832275 5.311215400695801
v 0.15579605102539062 -1.1926703453063965 5.277561664581299
v 0.16657283902168274 -1.1972991228103638 5.289211273193359
v 0.16546683013439178 -1.2084263563156128 5.267200946807861
v 0.16885186731815338 -1.2005430459976196 5.262567043304443
v 0.16398361325263977 -1.1965047121047974 5.290929794311523
v 0.16520240902900696 -1.1925249099731445 5.265336513519287
v 0.0862366110086441 -1.1296131610870361 5.195053577423096
v 0.08775317668914795 -1.1089943647384644 5.206705093383789
v 0.09840235859155655 -1.110825538635254 5.209719181060791
v 0.09612590819597244 -1.129759669303894 5.197944641113281
v 0.11005163937807083 -1.1287765502929688 5.198244094848633
v 0.0845758393406868 -1.1493452787399292 5.192259788513184
v 0.0957963839173317 -1.1472008228302002 5.195285797119141
v 0.10882317274808884 -1.1465896368026733 5.191470146179199
v 0.13547155261039734 -1.1501961946487427 5.153419494628906
v 0.13302671909332275 -1.1457819938659668 5.139320373535156
v 0.12351345270872116 -1.1439820528030396 5.128544330596924
v 0.11580049246549606 -1.1430879831314087 5.118918418884277
v 0.106082983314991 -1.1436818838119507 5.111123085021973
v 0.0753818079829216 -1.1670804023742676 5.183645725250244
v 0.08372237533330917 -1.1653251647949219 5.201106548309326
v 0.09619954973459244 -1.1613609790802002 5.207597255706787
v 0.11108360439538956 -1.1604074239730835 5.199773788452148
v 0.08338472992181778 -1.1964365243911743 5.288154602050781
v 0.10105688124895096 -1.1902480125427246 5.287909507751465
v 0.09384351223707199 -1.1870365142822266 5.270547866821289
v 0.08128490298986435 -1.1996183395385742 5.268025875091553
v 0.11834756284952164 -1.1904747486114502 5.283756256103516
v 0.11124702543020248 -1.184119701385498 5.264472484588623
v 0.1340196430683136 -1.1904094219207764 5.2735724449157715
v 0.1271437108516693 -1.1862399578094482 5.256654262542725
v 0.14867644011974335 -1.1909810304641724 5.263092517852783
v 0.14181742072105408 -1.1878657341003418 5.245302200317383
v 0.16168373823165894 -1.1919128894805908 5.253445625305176
v 0.15600062906742096 -1.1913667917251587 5.237171649932861
v 0.16912472248077393 -1.2000421285629272 5.2504377365112305
v 0.1654893457889557 -1.1984072923660278 5.233270168304443
v 0.08033569902181625 -1.2134424448013306 5.286342144012451
v 0.08045566827058792 -1.2148457765579224 5.264599800109863
v 0.09150264412164688 -1.222806692123413 5.283700942993164
v 0.0918736532330513 -1.2257355451583862 5.263219833374023
v 0.10755584388971329 -1.2197299003601074 5.282262802124023
v 0.10631246119737625 -1.2229646444320679 5.259681224822998
v 0.1629466861486435 -1.2103803157806396 5.234570503234863
v 0.16505907475948334 -1.2111222743988037 5.252608776092529
v 0.12484396249055862 -1.2170803546905518 5.27610445022583
v 0.12285078316926956 -1.219170331954956 5.253805637359619
v 0.1408710479736328 -1.2162725925445557 5.268691539764404
v 0.1387132853269577 -1.2174828052520752 5.246863842010498
v 0.15419122576713562 -1.2145906686782837 5.259610652923584
v 0.15241721272468567 -1.2156108617782593 5.240409851074219
v 0.08746118098497391 -1.1856820583343506 5.2461466789245605
v 0.10437066107988358 -1.1761071681976318 5.244612693786621
v 0.12010692805051804 -1.1789543628692627 5.234519958496094
v 0.1356826275587082 -1.1829657554626465 5.224146366119385
v 0.15061892569065094 -1.1883831024169922 5.215436935424805
v 0.16122034192085266 -1.1947121620178223 5.210677623748779
v 0.13406682014465332 -1.1736791133880615 5.197107315063477
v 0.14694258570671082 -1.185890793800354 5.189357757568359
v 0.15561923384666443 -1.1936123371124268 5.188745975494385
v 0.15211264789104462 -1.1928703784942627 5.1652703285217285
v 0.14613208174705505 -1.1821972131729126 5.1632280349731445
v 0.14078685641288757 -1.1798384189605713 5.124945640563965
v 0.14346514642238617 -1.1799724102020264 5.141421794891357
v 0.1506570726633072 -1.1916964054107666 5.142316818237305
v 0.1486489325761795 -1.1934055089950562 5.125067710876465
v 0.13709330558776855 -1.1700663566589355 5.1692070960998535
v 0.13654766976833344 -1.1657114028930664 5.147026538848877
v 0.1325627863407135 -1.1626651287078857 5.130967140197754
v 0.13471457362174988 -1.1959099769592285 5.103221416473389
v 0.1298099309206009 -1.1793409585952759 5.101844310760498
v 0.13707558810710907 -1.1800059080123901 5.11326265335083
v 0.1441069394350052 -1.19448983669281 5.112664699554443
v 0.12020879238843918 -1.2015949487686157 5.098003387451172
v 0.11551821976900101 -1.18401038646698 5.09542179107666
v 0.10063482075929642 -1.1912275552749634 5.104809761047363
v 0.10499972850084305 -1.2076321840286255 5.106266021728516
v 0.12167013436555862 -1.160894751548767 5.109714031219482
v 0.12766000628471375 -1.1615824699401855 5.119185447692871
v 0.11031989008188248 -1.1632879972457886 5.102556228637695
v 0.09712376445531845 -1.1685556173324585 5.108575344085693
v 0.09237303584814072 -1.1944149732589722 5.122067451477051
v 0.08962272107601166 -1.1730406284332275 5.1255059242248535
v 0.09576717764139175 -1.2105761766433716 5.122297286987305
v 0.08126424998044968 -1.2007904052734375 5.242496967315674
v 0.0842873677611351 -1.212820291519165 5.238593578338623
v 0.11568937450647354 -1.1693081855773926 5.215488433837891
v 0.09867963939905167 -1.1689972877502441 5.22438383102417
v 0.0830676332116127 -1.1798598766326904 5.2174296379089355
v 0.07995889335870743 -1.2001110315322876 5.21512508392334
v 0.08766873925924301 -1.2115100622177124 5.211872100830078
v 0.08106201142072678 -1.200684666633606 5.189903259277344
v 0.09038899093866348 -1.2104213237762451 5.188828945159912
v 0.09384606033563614 -1.2209197282791138 5.2375664710998535
v 0.09735860675573349 -1.2155988216400146 5.210702896118164
v 0.09910955280065536 -1.2138053178787231 5.184726238250732
v 0.08294882625341415 -1.1997557878494263 5.168295383453369
v 0.09059496968984604 -1.2103010416030884 5.165894031524658
v 0.08678508549928665 -1.197022557258606 5.148728370666504
v 0.09167086333036423 -1.2102625370025635 5.14968729019165
v 0.09292855113744736 -1.2105035781860352 5.1366353034973145
v 0.08978735655546188 -1.195082426071167 5.134801864624023
v 0.08326807618141174 -1.1787209510803223 5.1477131843566895
v 0.08647419512271881 -1.174817442893982 5.135652542114258
v 0.07948959618806839 -1.1825968027114868 5.163807392120361
v 0.07665795832872391 -1.1840424537658691 5.188188552856445
v 0.16044539213180542 -1.2070386409759521 5.213609218597412
v 0.1566096395254135 -1.2038017511367798 5.191080093383789
v 0.15231384336948395 -1.2017667293548584 5.167768955230713
v 0.15041179955005646 -1.2031415700912476 5.145049571990967
v 0.14649905264377594 -1.2056952714920044 5.128188133239746
v 0.14167480170726776 -1.2073332071304321 5.117192268371582
v 0.13394370675086975 -1.208919882774353 5.10975456237793
v 0.12153664976358414 -1.2120065689086914 5.1066718101501465
v 0.11015143245458603 -1.2160416841506958 5.111761093139648
v 0.10423605889081955 -1.2195286750793457 5.125574111938477
v 0.10177416354417801 -1.220108985900879 5.137414455413818
v 0.09975063055753708 -1.2162317037582397 5.165308952331543
v 0.10031931847333908 -1.2189139127731323 5.14966344833374
v 0.07339338958263397 -1.1648565530776978 5.16276741027832
v 0.07742486149072647 -1.1599594354629517 5.147973537445068
v 0.08200346678495407 -1.1556662321090698 5.13769006729126
v 0.0939396396279335 -1.1472264528274536 5.115631580352783
v 0.08712859451770782 -1.151376724243164 5.129044532775879
v 0.10718611627817154 -1.221536636352539 5.234267711639404
v 0.12285584956407547 -1.2176439762115479 5.228244781494141
v 0.13814762234687805 -1.215133547782898 5.222325801849365
v 0.15100005269050598 -1.2128490209579468 5.217690467834473
v 0.14927448332309723 -1.2095555067062378 5.193958759307861
v 0.13761655986309052 -1.2122915983200073 5.197323799133301
v 0.12329850345849991 -1.2155649662017822 5.202916622161865
v 0.10874756425619125 -1.216825246810913 5.208381175994873
v 0.14591974020004272 -1.2086966037750244 5.1720147132873535
v 0.13568110764026642 -1.2121316194534302 5.175011157989502
v 0.12270057946443558 -1.2150623798370361 5.178272247314453
v 0.1099262461066246 -1.2164483070373535 5.183408737182617
v 0.10976823419332504 -1.2188478708267212 5.162143230438232
v 0.12089020758867264 -1.217136263847351 5.157633304595947
v 0.1324550360441208 -1.2143094539642334 5.155384063720703
v 0.14209243655204773 -1.2102024555206299 5.150676727294922
v 0.13844139873981476 -1.2114558219909668 5.133468151092529
v 0.12948118150234222 -1.215212106704712 5.139619827270508
v 0.11896047741174698 -1.2182166576385498 5.1422553062438965
v 0.10993852466344833 -1.220448613166809 5.147252082824707
v 0.13511890172958374 -1.2126715183258057 5.124752044677734
v 0.12274583429098129 -1.2154921293258667 5.114887237548828
v 0.13024018704891205 -1.2134836912155151 5.117377758026123
v 0.11526956409215927 -1.2182217836380005 5.117092132568359
v 0.11193627864122391 -1.2201684713363647 5.126811981201172
v 0.11049287766218185 -1.2204216718673706 5.1358113288879395
v 0.11831865459680557 -1.2179884910583496 5.125856399536133
v 0.11843357235193253 -1.21835458278656 5.133420467376709
v 0.12767142057418823 -1.215366244316101 5.130249500274658
v 0.12545299530029297 -1.2155922651290894 5.1238813400268555
v 0.11879905313253403 -1.2172404527664185 5.1205244064331055
v 0.12247071415185928 -1.2161357402801514 5.119751453399658
v 0.12508457899093628 -1.1591758728027344 5.178064346313477
v -0.07312276214361191 -0.07302866876125336 5.4382100105285645
v -0.0634828582406044 -0.09919185936450958 5.382537841796875
v 0.08452606946229935 -0.9062905311584473 5.406247138977051
v 0.09900636225938797 -0.9088057279586792 5.4080119132995605
v 0.11512995511293411 -0.9067339897155762 5.410925388336182
v 0.07693468779325485 -0.5301963090896606 5.286688327789307
v 0.03000171296298504 -0.44735974073410034 5.350016117095947
v 0.03476175293326378 -0.42039966583251953 5.3749823570251465
v 0.03219715133309364 -0.4350840449333191 5.360897541046143
v 0.07970435917377472 -0.5425190329551697 5.300770282745361
v 0.07710177451372147 -0.3688720166683197 5.357851982116699
v -0.04474388062953949 -0.5552046895027161 5.076653003692627
v -0.061995282769203186 -0.12590709328651428 5.35362434387207
v 0.04690326377749443 -0.2800469398498535 5.491838455200195
v -0.048490967601537704 -0.4624614119529724 5.092700481414795
v -0.008984030224382877 0.04238727688789368 5.533932685852051
v -0.01125557254999876 0.04080629348754883 5.5341596603393555
v -0.011747821234166622 0.0377679169178009 5.532201290130615
v -0.013152013532817364 0.036820173263549805 5.528585433959961
v -0.014094185084104538 0.03554627299308777 5.5246148109436035
v -0.015960384160280228 0.035140395164489746 5.521916389465332
v -0.011130056343972683 0.03928488492965698 5.528764724731445
v -0.013742179609835148 0.04214349389076233 5.527578353881836
v -0.012000291608273983 0.04155474901199341 5.529310703277588
v -0.01043843012303114 0.040736764669418335 5.530470848083496
v -0.059088051319122314 -0.25557106733322144 5.494307518005371
v -0.05784745141863823 -0.2735770642757416 5.491572380065918
v -0.05628908798098564 -0.28967708349227905 5.496104717254639
v -0.05429505929350853 -0.30748116970062256 5.491595268249512
v -0.0468306802213192 -0.04858401417732239 5.634159564971924
v -0.052792683243751526 -0.49044662714004517 5.349973678588867
v -0.05177139490842819 -0.4842294454574585 5.351202487945557
v -0.051531706005334854 -0.32669979333877563 5.209407329559326
v -0.05254404991865158 -0.5059778690338135 5.35975456237793
v -0.05046141892671585 -0.47670117020606995 5.356332778930664
v -0.054120566695928574 -0.2120359092950821 5.272341728210449
v -0.052159689366817474 -0.32580938935279846 5.486367702484131
v -0.051719073206186295 -0.5183349847793579 5.357905387878418
v -0.05901022255420685 -0.16235791146755219 5.302178859710693
v -0.04859389737248421 -0.46853646636009216 5.367495059967041
v -0.04636606574058533 -0.5754205584526062 5.313599586486816
v -0.04570617899298668 -0.4255776107311249 5.407061576843262
v -0.11167847365140915 0.0600220263004303 5.646787166595459
v -0.12277478724718094 0.051879703998565674 5.6378326416015625
v -0.11351866275072098 0.04180470108985901 5.643059730529785
v -0.10167764872312546 0.04674115777015686 5.650365352630615
v -0.10661081969738007 0.03315293788909912 5.646412372589111
v -0.09591984003782272 0.035693466663360596 5.65178108215332
v -0.13000380992889404 0.04152873158454895 5.627835750579834
v -0.12149779498577118 0.035202354192733765 5.635832786560059
v -0.12363145500421524 0.0005178735591471195 5.622842788696289
v -0.12314698100090027 0.009732095524668694 5.6229777336120605
v -0.1300170123577118 0.00786474160850048 5.616954326629639
v -0.1289447546005249 -0.004053266253322363 5.612906455993652
v -0.11907465755939484 -0.024792613461613655 5.615821838378906
v -0.1215202808380127 -0.03203165531158447 5.603816509246826
v -0.11323348432779312 -0.04059144854545593 5.611250400543213
v -0.11042440682649612 -0.03247895836830139 5.622375965118408
v -0.07658093422651291 -0.01549878902733326 5.637443542480469
v -0.08071975409984589 -0.010178865864872932 5.637669563293457
v -0.08577520400285721 -0.01655498333275318 5.638355731964111
v -0.08082351088523865 -0.022399725392460823 5.637613296508789
v -0.06802032142877579 -0.0046833171509206295 5.64185094833374
v -0.06300413608551025 -0.001463861670345068 5.647609710693359
v -0.06533429026603699 0.004522501025348902 5.643786907196045
v -0.07062742859125137 0.0003908560611307621 5.639754772186279
v -0.07069742679595947 -0.019637437537312508 5.636429786682129
v -0.07513231039047241 -0.02671203203499317 5.6345930099487305
v -0.06963731348514557 -0.013401808217167854 5.640040874481201
v -0.07266386598348618 -0.009316237643361092 5.639071941375732
v -0.0629505068063736 -0.019482793286442757 5.647086143493652
v -0.05917258560657501 -0.018968285992741585 5.6510491371154785
v -0.060765717178583145 -0.013837428763508797 5.653562068939209
v -0.06520447134971619 -0.014967681840062141 5.6467695236206055
v -0.06819003820419312 -0.020013215020298958 5.639278888702393
v -0.06398367881774902 -0.022528501227498055 5.639749526977539
v -0.0647554025053978 -0.020797939971089363 5.6429219245910645
v -0.0679120123386383 -0.01724282093346119 5.642815113067627
v -0.06586398929357529 -0.00957772321999073 5.644164562225342
v -0.06150008738040924 -0.0075373961590230465 5.649669170379639
v -0.056148648262023926 -0.006162942852824926 5.65585994720459
v -0.05509480834007263 -0.014021040871739388 5.6580328941345215
v -0.09027772396802902 -0.03621312975883484 5.632472515106201
v -0.08405427634716034 -0.038786619901657104 5.632079601287842
v -0.07986023277044296 -0.032992810010910034 5.633934020996094
v -0.08568277209997177 -0.02937343902885914 5.635926246643066
v -0.06532158702611923 -0.025089623406529427 5.636579513549805
v -0.06553904712200165 -0.04061943292617798 5.635322570800781
v -0.05959527567028999 -0.038970381021499634 5.638518810272217
v -0.060095205903053284 -0.03520748019218445 5.638689041137695
v -0.06660063564777374 -0.03683513402938843 5.636017322540283
v -0.0950264111161232 -0.04996517300605774 5.621809959411621
v -0.09486182779073715 -0.05741366744041443 5.617685317993164
v -0.08747151494026184 -0.056297093629837036 5.622249603271484
v -0.08796674013137817 -0.050262510776519775 5.625598430633545
v -0.08458637446165085 -0.061518311500549316 5.619845867156982
v -0.09211858361959457 -0.06460541486740112 5.613434314727783
v -0.08028468489646912 -0.07673847675323486 5.609532356262207
v -0.07371779531240463 -0.07079818844795227 5.619107246398926
v -0.07985688745975494 -0.06633839011192322 5.617612838745117
v -0.08685988932847977 -0.07107967138290405 5.610313415527344
v -0.06143554672598839 -0.06446284055709839 5.625108242034912
v -0.06619817763566971 -0.07494404911994934 5.622308731079102
v -0.057975005358457565 -0.07738769054412842 5.622176170349121
v -0.05511508509516716 -0.06493756175041199 5.625824451446533
v -0.06503305584192276 -0.04550808668136597 5.630920886993408
v -0.06502199918031693 -0.043471843004226685 5.633128643035889
v -0.06948410719633102 -0.04458820819854736 5.630597114562988
v -0.06928083300590515 -0.0460682213306427 5.6279497146606445
v -0.07356920838356018 -0.04650011658668518 5.627390384674072
v -0.0734160915017128 -0.045972585678100586 5.628960132598877
v -0.07494786381721497 -0.04563066363334656 5.628853797912598
v -0.07524468749761581 -0.04686558246612549 5.626695156097412
v -0.07162962108850479 -0.04623106122016907 5.628047466278076
v -0.07244277745485306 -0.04730913043022156 5.626684665679932
v -0.07003768533468246 -0.04787585139274597 5.628359794616699
v -0.06604287028312683 -0.048404306173324585 5.630263328552246
v -0.05177256092429161 -0.048958778381347656 5.635214328765869
v -0.05187562108039856 -0.044446468353271484 5.633761405944824
v -0.0551191046833992 -0.044816404581069946 5.633487224578857
v -0.05571143329143524 -0.04919925332069397 5.633355617523193
v -0.0733586996793747 -0.044189274311065674 5.629377365112305
v -0.07052031904459 -0.0424712598323822 5.6328253746032715
v -0.07212609797716141 -0.03975704312324524 5.633892059326172
v -0.07572867721319199 -0.042767465114593506 5.630077838897705
v -0.07906194776296616 -0.04094997048377991 5.630373477935791
v -0.08116553723812103 -0.04475840926170349 5.627715587615967
v -0.07746411859989166 -0.04509317874908447 5.6276936531066895
v -0.07421325892210007 -0.04840797185897827 5.625870704650879
v -0.07791890949010849 -0.047761619091033936 5.625476360321045
v -0.07698627561330795 -0.050275713205337524 5.623774528503418
v -0.07444552332162857 -0.05288821458816528 5.624074935913086
v -0.07167373597621918 -0.04997792840003967 5.62638521194458
v -0.06774021685123444 -0.05135005712509155 5.628880500793457
v -0.07035142928361893 -0.05521303415298462 5.625799179077148
v -0.06477158516645432 -0.05689811706542969 5.627562046051025
v -0.062355976551771164 -0.05258098244667053 5.631406784057617
v -0.07500249892473221 -0.036533743143081665 5.6331305503845215
v -0.08211180567741394 -0.0488969087600708 5.625420093536377
v -0.0865650400519371 -0.044128865003585815 5.627869129180908
v -0.08149884641170502 -0.0532548725605011 5.624200344085693
v -0.078697569668293 -0.05713018774986267 5.622811794281006
v -0.0682857483625412 -0.06296354532241821 5.625411033630371
v -0.07429718226194382 -0.06044343113899231 5.624050140380859
v -0.07115383446216583 -0.08197811245918274 5.610764503479004
v -0.06160625070333481 -0.08499234914779663 5.6115593910217285
v -0.10190068930387497 0.026963381096720695 5.6458539962768555
v -0.09307465702295303 0.028506604954600334 5.64835262298584
v -0.10196403414011002 0.019831953570246696 5.6412787437438965
v -0.09792821854352951 0.020933447405695915 5.642667293548584
v -0.09889691323041916 0.023214993998408318 5.6436662673950195
v -0.10405284911394119 0.021951822564005852 5.642077922821045
v -0.11684629321098328 0.012231318280100822 5.628352642059326
v -0.11749692261219025 0.005390761885792017 5.626306533813477
v -0.11165831238031387 0.010432688519358635 5.62998628616333
v -0.11147582530975342 0.014218835160136223 5.631036281585693
v -0.10163706541061401 0.0031743929721415043 5.633996963500977
v -0.09993983060121536 0.010227648541331291 5.636864185333252
v -0.10345102101564407 0.01090112142264843 5.635717868804932
v -0.10667985677719116 0.00427049258723855 5.632788181304932
v -0.09571639448404312 0.009995250031352043 5.637824535369873
v -0.0963069275021553 0.0037527368403971195 5.636495113372803
v -0.09125480055809021 0.005360363516956568 5.637253284454346
v -0.0914691612124443 0.01071077398955822 5.638338088989258
v -0.09214118868112564 0.02485334686934948 5.643249988555908
v -0.09232920408248901 0.022230563685297966 5.643519401550293
v -0.08636238425970078 0.022704211995005608 5.640761852264404
v -0.08520950376987457 0.025816259905695915 5.641843318939209
v -0.07690634578466415 0.018256900832057 5.634364128112793
v -0.07365154474973679 0.01811954192817211 5.6346845626831055
v -0.07466720789670944 0.02190038375556469 5.634921073913574
v -0.07788976281881332 0.020304379984736443 5.6346893310546875
v -0.07767774164676666 0.01625838689506054 5.633077144622803
v -0.0753810778260231 0.01480167917907238 5.634812831878662
v -0.10726206749677658 0.08377799391746521 5.645984649658203
v -0.12254951149225235 0.0746627151966095 5.63819694519043
v -0.09731943905353546 0.06644922494888306 5.6523637771606445
v -0.13286903500556946 0.06293323636054993 5.627682209014893
v -0.1394328773021698 0.0486910343170166 5.61944055557251
v -0.11491047590970993 -0.04820695519447327 5.602695941925049
v -0.10478132218122482 -0.05491286516189575 5.6105451583862305
v -0.10394015163183212 -0.046619534492492676 5.618188381195068
v -0.1127476617693901 -0.0570659339427948 5.594291687011719
v -0.10203468799591064 -0.06390106678009033 5.6044769287109375
v -0.08708211779594421 -0.07818776369094849 5.594365119934082
v -0.09627154469490051 -0.07203081250190735 5.598267555236816
v -0.12278907001018524 -0.0468449592590332 5.583009243011475
v -0.11972738802433014 -0.052402645349502563 5.573491096496582
v -0.10762359946966171 -0.06514927744865417 5.585140228271484
v -0.12885776162147522 -0.037143558263778687 5.564598083496094
v -0.12765325605869293 -0.0382344126701355 5.555943965911865
v -0.1156858429312706 -0.057760268449783325 5.560033798217773
v -0.09689472615718842 -0.09024512767791748 5.551258087158203
v -0.11101748794317245 -0.0847453773021698 5.544771671295166
v -0.11202195286750793 -0.09596729278564453 5.534724235534668
v -0.0987885519862175 -0.10232740640640259 5.5450921058654785
v -0.12384285777807236 -0.039604514837265015 5.592774868011475
v -0.13535341620445251 0.019068656489253044 5.612055778503418
v -0.1358327716588974 0.006312041077762842 5.6073384284973145
v -0.12858088314533234 0.018340853974223137 5.621639728546143
v -0.1534988284111023 0.08147948980331421 5.601609706878662
v -0.15720222890377045 0.06416299939155579 5.5963664054870605
v -0.14873522520065308 0.05684569478034973 5.60835599899292
v -0.14407071471214294 0.0731530487537384 5.616872310638428
v -0.12989866733551025 0.1177750825881958 5.607636451721191
v -0.14334839582443237 0.10132715106010437 5.605343341827393
v -0.1334693878889084 0.08942428231239319 5.625243186950684
v -0.11939498037099838 0.10237318277359009 5.63049840927124
v -0.1630774289369583 0.06802946329116821 5.581628322601318
v -0.16050827503204346 0.08707261085510254 5.580865383148193
v -0.16619384288787842 0.08580726385116577 5.559631824493408
v -0.1677183210849762 0.0694504976272583 5.5663933753967285
v -0.15218572318553925 0.10740801692008972 5.578930854797363
v -0.15933376550674438 0.10703378915786743 5.553645610809326
v -0.1317865550518036 -0.03245854377746582 5.547403335571289
v -0.12579873204231262 -0.050240397453308105 5.544321060180664
v -0.12193572521209717 -0.06515315175056458 5.5412163734436035
v -0.11097452789545059 -0.07180392742156982 5.55332612991333
v -0.14558227360248566 0.12282717227935791 5.548295021057129
v -0.1386091262102127 0.12534025311470032 5.578076362609863
v -0.16291727125644684 0.053899526596069336 5.516653537750244
v -0.16479888558387756 0.04215148091316223 5.529819011688232
v -0.16813157498836517 0.05465593934059143 5.540305137634277
v -0.16648730635643005 0.0695280134677887 5.526522636413574
v -0.15770818293094635 0.06663161516189575 5.501020431518555
v -0.161386638879776 0.08469605445861816 5.513059139251709
v -0.14212541282176971 0.004285870585590601 5.505095958709717
v -0.13887988030910492 0.00927424244582653 5.491499423980713
v -0.12734965980052948 -0.006078572478145361 5.495133876800537
v -0.1303686797618866 -0.010584952309727669 5.507805824279785
v -0.11447502672672272 0.02903076820075512 5.641785621643066
v -0.11890712380409241 0.024089721962809563 5.6354594230651855
v -0.11247976869344711 0.021162299439311028 5.637762546539307
v -0.10829973965883255 0.02444031648337841 5.642693042755127
v -0.13348805904388428 0.031046031042933464 5.61899995803833
v -0.12615951895713806 0.027338264510035515 5.6275105476379395
v -0.14924579858779907 0.04299703240394592 5.599803447723389
v -0.15690460801124573 0.04983755946159363 5.590092182159424
v -0.16600212454795837 0.055220842361450195 5.567552089691162
v -0.16222117841243744 0.05338743329048157 5.57951021194458
v -0.16311433911323547 0.03260907530784607 5.538867473602295
v -0.1652468740940094 0.04081282019615173 5.547126293182373
v -0.13680261373519897 -0.020995380356907845 5.534132480621338
v -0.13345903158187866 -0.015932204201817513 5.519729137420654
v -0.12620405852794647 -0.032998234033584595 5.5167975425720215
v -0.12956194579601288 -0.040332645177841187 5.530195236206055
v -0.11817384511232376 -0.02183053083717823 5.496645450592041
v -0.12158071249723434 -0.02630561776459217 5.506621837615967
v -0.12281476706266403 -0.06989055871963501 5.517405033111572
v -0.1204007938504219 -0.06229931116104126 5.50509786605835
v -0.12111249566078186 -0.07367253303527832 5.4986572265625
v -0.12147480994462967 -0.08188360929489136 5.508317470550537
v -0.11525382101535797 -0.06789141893386841 5.488246917724609
v -0.11541961878538132 -0.05596894025802612 5.494287490844727
v -0.10927123576402664 -0.051604896783828735 5.484801292419434
v -0.10803256928920746 -0.06381797790527344 5.477015495300293
v -0.07323437929153442 -0.10776907205581665 5.553863525390625
v -0.08494972437620163 -0.10552045702934265 5.549676895141602
v -0.08772442489862442 -0.11674922704696655 5.543180465698242
v -0.07513957470655441 -0.11821794509887695 5.546457290649414
v -0.12360220402479172 -0.09070321917533875 5.503238201141357
v -0.12344890832901001 -0.08130761981010437 5.490561485290527
v -0.14364759624004364 -0.0005827262066304684 5.520341873168945
v -0.14575538039207458 -0.0032691373489797115 5.531006813049316
v -0.11849689483642578 -0.07520458102226257 5.479335784912109
v -0.12178266793489456 -0.0489538311958313 5.510660171508789
v -0.11685078591108322 -0.04237174987792969 5.501213550567627
v -0.11240582913160324 -0.018506081774830818 5.4872236251831055
v -0.12094510346651077 -0.0031116618774831295 5.485198974609375
v -0.07578453421592712 -0.004536630120128393 5.638584613800049
v -0.08204126358032227 0.010045913979411125 5.6371283531188965
v -0.07834186404943466 0.012301651760935783 5.636403560638428
v -0.07998756319284439 0.01508435420691967 5.636491775512695
v -0.08322831988334656 0.013498244807124138 5.636889934539795
v -0.07471690326929092 0.049857497215270996 5.655500411987305
v -0.08841615170240402 0.04907694458961487 5.654199123382568
v -0.08356710523366928 0.03578132390975952 5.652719497680664
v -0.07045718282461166 0.033804744482040405 5.65029764175415
v -0.10542212426662445 -0.02144155092537403 5.632296562194824
v -0.09752931445837021 -0.030983449891209602 5.63315486907959
v -0.09151087701320648 -0.023641647771000862 5.636510372161865
v -0.09597005695104599 -0.015025587752461433 5.637484550476074
v -0.10806838423013687 0.015524355694651604 5.634152889251709
v -0.10679731518030167 0.016926584765315056 5.636997699737549
v -0.10984700173139572 0.017282573506236076 5.6356987953186035
v -0.09316312521696091 -0.04281237721443176 5.626960277557373
v -0.1014200821518898 -0.0389193594455719 5.625770568847656
v -0.13336312770843506 -0.0077749802730977535 5.601418495178223
v -0.12139172852039337 0.017924068495631218 5.627632141113281
v -0.11103155463933945 0.13082444667816162 5.609520435333252
v -0.10059809684753418 0.11240670084953308 5.634860515594482
v -0.12100888788700104 0.13891083002090454 5.576080799102783
v -0.12825006246566772 0.13675090670585632 5.545017719268799
v -0.14942669868469238 0.09733161330223083 5.501076698303223
v -0.13410694897174835 0.11013755202293396 5.494214057922363
v -0.13276973366737366 0.08781173825263977 5.478724479675293
v -0.1474536657333374 0.07719096541404724 5.488868236541748
v -0.13053490221500397 0.014691678807139397 5.478786945343018
v -0.10169075429439545 -0.04671865701675415 5.476897716522217
v -0.09987346827983856 -0.06045639514923096 5.46897554397583
v -0.09089392423629761 0.09012839198112488 5.649305820465088
v -0.08161154389381409 0.06926414370536804 5.655478000640869
v -0.14148953557014465 0.03588289022445679 5.608991622924805
v -0.12111092358827591 -0.008487315848469734 5.622561454772949
v -0.11560895293951035 -0.01594865508377552 5.6249895095825195
v -0.11193910241127014 -0.005621494259685278 5.631424903869629
v -0.11608943343162537 -0.0009467317722737789 5.628532409667969
v -0.12507592141628265 -0.015490831807255745 5.613202095031738
v -0.12839512526988983 -0.020999940112233162 5.6003923416137695
v -0.1319577991962433 -0.025808783248066902 5.584517002105713
v -0.13052354753017426 -0.033712565898895264 5.573647499084473
v -0.16767899692058563 0.08253982663154602 5.538091659545898
v -0.16901955008506775 0.06608405709266663 5.551426887512207
v -0.1495714783668518 0.11289840936660767 5.5220046043396
v -0.16216157376766205 0.09886625409126282 5.529572486877441
v -0.1676214039325714 0.054382264614105225 5.554062366485596
v -0.13276371359825134 0.12630373239517212 5.515859127044678
v -0.06052965298295021 -0.030920298770070076 5.638967037200928
v -0.05968187004327774 -0.026769312098622322 5.639461517333984
v -0.06849842518568039 -0.03133806586265564 5.6363654136657715
v -0.056910835206508636 -0.05342978239059448 5.631814956665039
v -0.058965668082237244 -0.05780285596847534 5.630451202392578
v -0.05352799594402313 -0.05773910880088806 5.628347873687744
v -0.052281349897384644 -0.05340626835823059 5.632403373718262
v -0.06500619649887085 -0.08567065000534058 5.595014572143555
v -0.07566697895526886 -0.08286115527153015 5.594601154327393
v -0.07174291461706161 -0.09797737002372742 5.560695648193359
v -0.08325628191232681 -0.09560993313789368 5.556379795074463
v -0.05956101045012474 -0.01992902345955372 5.645490646362305
v -0.06043253839015961 -0.020540179684758186 5.643302917480469
v -0.05846475809812546 -0.019781919196248055 5.642961025238037
v -0.05809875577688217 -0.01943361945450306 5.645171165466309
v -0.07197114825248718 -0.0453144907951355 5.629854202270508
v -0.05470183491706848 -0.03847697377204895 5.639568328857422
v -0.05469230189919472 -0.04173442721366882 5.637303829193115
v -0.051602911204099655 -0.04159995913505554 5.636963844299316
v -0.051566410809755325 -0.03847450017929077 5.638503074645996
v -0.09709132462739944 -0.07347860932350159 5.576135158538818
v -0.09605417400598526 -0.07965508103370667 5.561549663543701
v -0.11880294978618622 -0.08921179175376892 5.524875640869141
v -0.12016021460294724 -0.07837468385696411 5.531167030334473
v -0.12527625262737274 -0.05634179711341858 5.524738788604736
v -0.11224999278783798 -0.03695458173751831 5.490018367767334
v -0.1056525707244873 -0.03250423073768616 5.4835052490234375
v -0.0971236303448677 -0.028867753222584724 5.4773173332214355
v -0.10380014032125473 -0.014760227873921394 5.479299068450928
v -0.07985550910234451 -0.08270090818405151 5.578854560852051
v -0.08185335993766785 -0.0871603786945343 5.5668110847473145
v -0.07046881318092346 -0.09007963538169861 5.569891929626465
v -0.06811793148517609 -0.08590906858444214 5.581707000732422
v -0.053685370832681656 -0.021869750693440437 5.644474983215332
v -0.054960671812295914 -0.022600146010518074 5.642658710479736
v -0.05271302908658981 -0.024474384263157845 5.6420817375183105
v -0.051825497299432755 -0.0229377169162035 5.644960403442383
v -0.06131378188729286 -0.02175694890320301 5.64113187789917
v -0.05912305787205696 -0.024110229685902596 5.639623165130615
v -0.059050921350717545 -0.02227032370865345 5.64055871963501
v -0.061759646981954575 -0.021160664036870003 5.642725467681885
v -0.06067223474383354 -0.02033168263733387 5.645560264587402
v -0.05515794828534126 -0.019837738946080208 5.64931058883667
v -0.05379331484436989 -0.020345749333500862 5.654329299926758
v -0.058247290551662445 -0.02002790756523609 5.648303031921387
v -0.05590212717652321 -0.020642252638936043 5.644642353057861
v -0.056502919644117355 -0.021535487845540047 5.6412129402160645
v -0.05874618515372276 -0.02072441764175892 5.641497611999512
v -0.06033577024936676 -0.020805301144719124 5.642148017883301
v -0.0560094453394413 -0.019466372206807137 5.648232936859131
v -0.058015257120132446 -0.019619138911366463 5.647317886352539
v -0.05769798159599304 0.000777720008045435 5.652052402496338
v -0.06279805302619934 -0.09915497899055481 5.561807155609131
v -0.0613187812268734 -0.09073612093925476 5.5712127685546875
v -0.07283789664506912 -0.04627746343612671 5.627562999725342
v -0.08377604931592941 0.028997747227549553 5.646313190460205
v -0.10484354197978973 -0.007436694111675024 5.635575294494629
v -0.08357830345630646 -0.004162879195064306 5.638482570648193
v -0.08522912859916687 0.0018280730582773685 5.637093544006348
v -0.09077596664428711 -0.0017319931648671627 5.6378092765808105
v -0.08927088975906372 -0.009336771443486214 5.6387224197387695
v -0.07507295161485672 0.027504442259669304 5.64259147644043
v -0.07009757310152054 0.023335067555308342 5.640122890472412
v -0.06488295644521713 0.0247803907841444 5.645193099975586
v -0.06877827644348145 0.017330912873148918 5.636998653411865
v -0.07143672555685043 0.012404052540659904 5.636709690093994
v -0.06797323375940323 0.009203312918543816 5.640023231506348
v -0.06335924565792084 0.015542594715952873 5.643923759460449
v -0.10749658942222595 0.019814549013972282 5.639199733734131
v -0.1048307865858078 0.018444059416651726 5.639989376068115
v -0.07300310581922531 0.004753767047077417 5.637931823730469
v -0.07549044489860535 0.00858178548514843 5.635446071624756
v -0.08006298542022705 0.005289433989673853 5.6367878913879395
v -0.07815972715616226 0.00025316933169960976 5.63677978515625
v -0.09716463834047318 -0.005241872277110815 5.636250019073486
v -0.11495814472436905 0.017367927357554436 5.631908416748047
v -0.10999450087547302 0.006790100131183863 5.630373954772949
v -0.1414267122745514 -0.010974409058690071 5.543200969696045
v -0.14827288687229156 -0.00017121575365308672 5.541554927825928
v -0.13818883895874023 -0.02257162518799305 5.559244155883789
v -0.13853533565998077 -0.019863517954945564 5.555870532989502
v -0.13279061019420624 -0.024296434596180916 5.555249214172363
v -0.1341249942779541 -0.026601018384099007 5.55972146987915
v -0.16086553037166595 0.027083931490778923 5.559791088104248
v -0.15950815379619598 0.02657836489379406 5.563257217407227
v -0.1606336236000061 0.03277081251144409 5.566067218780518
v -0.1624087542295456 0.03353050351142883 5.557755947113037
v -0.1580210030078888 0.027349887415766716 5.569180965423584
v -0.156627357006073 0.02385222725570202 5.569049835205078
v -0.1555676907300949 0.022651134058833122 5.5722432136535645
v -0.15780425071716309 0.029851732775568962 5.572634696960449
v -0.15371710062026978 0.026072172448039055 5.578889846801758
v -0.15514494478702545 0.03651994466781616 5.5843987464904785
v -0.15995994210243225 0.04066768288612366 5.576231479644775
v -0.142449289560318 0.019889740273356438 5.598899841308594
v -0.14879781007766724 0.03015368990600109 5.591552734375
v -0.1488034725189209 0.020440487191081047 5.581201553344727
v -0.14518329501152039 0.011697916314005852 5.583279609680176
v -0.13673217594623566 -0.019160183146595955 5.572251796722412
v -0.13547785580158234 -0.025075020268559456 5.565959930419922
v -0.1358870565891266 -0.01944846101105213 5.549434661865234
v -0.152500182390213 0.04696923494338989 5.49490213394165
v -0.15877506136894226 0.037211835384368896 5.509810924530029
v -0.16013231873512268 0.028494982048869133 5.523133277893066
v -0.15902554988861084 0.021988151594996452 5.534322261810303
v -0.14516989886760712 0.058020442724227905 5.4823222160339355
v -0.13292132318019867 0.06222689151763916 5.473461151123047
v -0.1402781903743744 0.003652839455753565 5.594482421875
v -0.1419035941362381 0.0010287747718393803 5.581152439117432
v -0.15165291726589203 0.019941864535212517 5.505451679229736
v -0.14659449458122253 0.027583478018641472 5.4906086921691895
v -0.15282723307609558 0.013783393427729607 5.51958703994751
v -0.15329882502555847 0.010346142575144768 5.531618118286133
v -0.13867533206939697 0.03857120871543884 5.4782209396362305
v -0.1239979937672615 0.04038771986961365 5.468684673309326
v -0.11773065477609634 0.018346814438700676 5.470357894897461
v -0.14342184364795685 -0.015785785391926765 5.564207077026367
v -0.1430354118347168 -0.021303148940205574 5.563209533691406
v -0.13953322172164917 -0.021993936970829964 5.563703536987305
v -0.14030338823795319 -0.017507167533040047 5.567621231079102
v -0.13972999155521393 -0.009637387469410896 5.577547073364258
v -0.13647085428237915 -0.010268213227391243 5.5880045890808105
v -0.06007608771324158 0.007780461106449366 5.648589134216309
v -0.05068260058760643 -0.07785537838935852 5.622823715209961
v -0.05016876384615898 -0.0646483302116394 5.626638889312744
v -0.05530066788196564 -0.031070323660969734 5.639522552490234
v -0.05502113327383995 -0.03473803400993347 5.640395164489746
v -0.05190649628639221 -0.0349043607711792 5.640273094177246
v -0.052159275859594345 -0.031278789043426514 5.639347076416016
v -0.07882504910230637 0.024828461930155754 5.639302730560303
v -0.11075791716575623 0.0008064196445047855 5.476059436798096
v -0.09299121797084808 -0.04326525330543518 5.472168922424316
v -0.09048263728618622 -0.057153791189193726 5.4653215408325195
v -0.11028002947568893 -0.0715668797492981 5.47019100189209
v -0.10039333999156952 -0.06959414482116699 5.462626934051514
v -0.05230291932821274 -0.027622761204838753 5.639912128448486
v -0.05526188388466835 -0.027283431962132454 5.640071868896484
v -0.05570198595523834 -0.019702227786183357 5.645765781402588
v -0.05939799174666405 -0.04248332977294922 5.635876655578613
v -0.05657022446393967 -0.022658856585621834 5.641565799713135
v -0.05554413050413132 -0.024527432397007942 5.641526222229004
v -0.050591450184583664 -0.024766745045781136 5.642629623413086
v -0.050740864127874374 -0.027748139575123787 5.6399245262146
v -0.08631868660449982 0.007498203311115503 5.637027740478516
v -0.08710399270057678 0.011970994994044304 5.638494968414307
v -0.05367584899067879 -0.020821215584874153 5.648065090179443
v -0.05186521261930466 -0.0220185536891222 5.6500115394592285
v -0.10146927833557129 -0.11318445205688477 5.5367512702941895
v -0.11324059218168259 -0.10659033060073853 5.527643203735352
v -0.049503784626722336 -0.041419774293899536 5.63624906539917
v -0.04956837743520737 -0.03825452923774719 5.639033317565918
v -0.14645826816558838 0.007181583438068628 5.575075626373291
v -0.1493658721446991 0.014206377789378166 5.574339866638184
v -0.15124575793743134 0.010690925642848015 5.569315433502197
v -0.14832724630832672 0.004844842944294214 5.56892728805542
v -0.06387592852115631 -0.10836821794509888 5.554830551147461
v -0.12032608687877655 -0.09933942556381226 5.5145649909973145
v -0.08973760157823563 -0.06671419739723206 5.457067966461182
v -0.10634065419435501 0.012160031124949455 5.63400411605835
v -0.10778889805078506 0.01378348283469677 5.6328911781311035
v -0.08137983828783035 0.022200433537364006 5.637736797332764
v -0.06074269488453865 -0.04904255270957947 5.632970333099365
v -0.05967121943831444 -0.04527178406715393 5.63240909576416
v -0.05915476009249687 -0.08669465780258179 5.581046104431152
v -0.05009970813989639 -0.0234167892485857 5.645898818969727
v -0.15467232465744019 0.019135622307658195 5.5648040771484375
v -0.15361538529396057 0.015595881268382072 5.564102649688721
v -0.15559788048267365 0.014133809134364128 5.565797805786133
v -0.15611733496189117 0.016983089968562126 5.567617893218994
v -0.15684084594249725 0.018769947811961174 5.572875022888184
v -0.15886469185352325 0.021912841126322746 5.57210111618042
v -0.1598774939775467 0.01870316080749035 5.570098400115967
v -0.15788757801055908 0.016263393685221672 5.569209098815918
v -0.15320523083209991 0.019267050549387932 5.574758052825928
v -0.1542290598154068 0.015213100239634514 5.571181774139404
v -0.16190281510353088 0.02301674894988537 5.571934223175049
v -0.1615501493215561 0.020783809944987297 5.5692362785339355
v -0.15830086171627045 0.025266585871577263 5.5665740966796875
v -0.15998749434947968 0.024953363463282585 5.570283889770508
v -0.16251851618289948 0.027397630736231804 5.567185401916504
v -0.165308877825737 0.024495957419276237 5.569210529327393
v -0.1658260077238083 0.028198150917887688 5.5616936683654785
v -0.16904738545417786 0.02445918135344982 5.56450080871582
v -0.16678489744663239 0.026041416451334953 5.555884838104248
v -0.17044705152511597 0.02277838997542858 5.557716369628906
v -0.14234697818756104 -0.010298581793904305 5.570239067077637
v -0.1431366354227066 -0.007588238921016455 5.563355445861816
v -0.1663593351840973 0.02092784456908703 5.550771713256836
v -0.1708555370569229 0.018604783341288567 5.553657531738281
v -0.16535066068172455 0.01434248499572277 5.547160625457764
v -0.1696060299873352 0.012595681473612785 5.5497965812683105
v -0.16313855350017548 0.006114153657108545 5.544590473175049
v -0.1668214052915573 0.005846171174198389 5.547428607940674
v -0.16019552946090698 -0.0010395064018666744 5.545890808105469
v -0.1637733280658722 -0.0008565797470510006 5.548379898071289
v -0.15578222274780273 -0.010246159508824348 5.5469512939453125
v -0.15974843502044678 -0.007865460589528084 5.549638271331787
v -0.16626094281673431 0.021601645275950432 5.5574469566345215
v -0.16498173773288727 0.023560790345072746 5.5615949630737305
v -0.15932822227478027 0.024517802521586418 5.556972980499268
v -0.16299645602703094 0.023308483883738518 5.567382335662842
v -0.15386010706424713 0.012165842577815056 5.556085586547852
v -0.15268979966640472 0.010301319882273674 5.555195331573486
v -0.1546023041009903 0.009518442675471306 5.558648586273193
v -0.15311063826084137 0.012786595150828362 5.557238578796387
v -0.1494426280260086 0.0037574456073343754 5.565131664276123
v -0.14839845895767212 -0.0013175918720662594 5.5632805824279785
v -0.14676523208618164 -0.0019924952648580074 5.567560195922852
v -0.1460551768541336 -0.004487217869609594 5.561069488525391
v -0.14616762101650238 0.0001631066988920793 5.561161518096924
v -0.1459631323814392 -0.002834500279277563 5.560943603515625
v -0.14620304107666016 0.004488854203373194 5.562827110290527
v -0.14653842151165009 -0.004016221966594458 5.559585094451904
v -0.14683674275875092 -0.005896539893001318 5.558960914611816
v -0.14578421413898468 -0.0028002276085317135 5.557775020599365
v -0.1454039216041565 -0.0019674613140523434 5.5601582527160645
v -0.14498268067836761 0.0001701102446531877 5.559537410736084
v -0.14614789187908173 0.0035035894252359867 5.558220386505127
v -0.14478249847888947 -0.0014840676449239254 5.572610855102539
v -0.145813450217247 -0.006691040005534887 5.549084663391113
v -0.15116578340530396 0.0010991678573191166 5.549205303192139
v -0.15505997836589813 -0.013296844437718391 5.554408550262451
v -0.15147703886032104 -0.018186481669545174 5.551547527313232
v -0.1452029049396515 -0.0238021332770586 5.561166286468506
v -0.14803415536880493 -0.023279817774891853 5.5559892654418945
v -0.1578245311975479 0.020130930468440056 5.5540618896484375
v -0.15688101947307587 0.014308301731944084 5.550003528594971
v -0.14142107963562012 -0.01354849524796009 5.552888870239258
v -0.15495525300502777 0.008452801033854485 5.548939228057861
v -0.158199280500412 -0.004337878432124853 5.551206111907959
v -0.1543511599302292 -0.00774812838062644 5.554975509643555
v -0.16197559237480164 0.0006714151240885258 5.550602912902832
v -0.14690183103084564 -0.009585978463292122 5.561042308807373
v -0.15083163976669312 -0.009658219292759895 5.5585479736328125
v -0.15113094449043274 -0.015750588849186897 5.557825088500977
v -0.14724323153495789 -0.01631888933479786 5.5614800453186035
v -0.15272729098796844 -0.003998698201030493 5.5557074546813965
v -0.1567695438861847 -0.0016070320270955563 5.553794860839844
v -0.15019142627716064 -0.0011724247597157955 5.554574012756348
v -0.1539786458015442 0.001221387181431055 5.553274154663086
v -0.14790338277816772 -0.0031307353638112545 5.557217597961426
v -0.14932851493358612 -0.005502612795680761 5.557756423950195
v -0.14720258116722107 0.0013158605434000492 5.553082466125488
v -0.15119622647762299 0.004965601954609156 5.553234100341797
v -0.1459658145904541 -0.0014336719177663326 5.556290626525879
v -0.1574123203754425 0.003837971482425928 5.553910255432129
v -0.155006542801857 0.007272122893482447 5.554839134216309
v -0.15820205211639404 0.009372590109705925 5.557547569274902
v -0.16020414233207703 0.007015316281467676 5.555934906005859
v -0.16021578013896942 0.0018016682006418705 5.553182601928711
v -0.1630268394947052 0.006046889815479517 5.554149627685547
v -0.16381816565990448 0.006551800761371851 5.549659729003906
v -0.1645229458808899 0.011234847828745842 5.554802417755127
v -0.16551823914051056 0.012534616515040398 5.551586151123047
v -0.16247814893722534 0.010577170178294182 5.556986331939697
v -0.16060718894004822 0.011147288605570793 5.558925628662109
v -0.16675178706645966 0.017957953736186028 5.55435037612915
v -0.1651463508605957 0.015743015334010124 5.556255340576172
v -0.16486120223999023 0.019069133326411247 5.558927059173584
v -0.16344520449638367 0.013960329815745354 5.5585503578186035
v -0.16295568645000458 0.01658180169761181 5.560486793518066
v -0.1618334949016571 0.013239143416285515 5.559897422790527
v -0.1610194444656372 0.01454111747443676 5.560677528381348
v -0.1591225564479828 0.02097478322684765 5.566690444946289
v -0.1574879139661789 0.01932915858924389 5.568521976470947
v -0.16121608018875122 0.02156364731490612 5.565560817718506
v -0.15953408181667328 0.01959127001464367 5.5645246505737305
v -0.15857674181461334 0.02070826105773449 5.565079212188721
v -0.15701554715633392 0.019977359101176262 5.565726280212402
v -0.1581498235464096 0.017542360350489616 5.564128875732422
v -0.15621788799762726 0.01625528745353222 5.562530517578125
v -0.08021771162748337 -0.14345654845237732 5.528781890869141
v -0.06950152665376663 -0.14510704576969147 5.5275068283081055
v -0.06729105114936829 -0.13278931379318237 5.5375871658325195
v -0.07759299129247665 -0.13064652681350708 5.537876129150391
v -0.1612287163734436 0.018304286524653435 5.5617852210998535
v -0.15960735082626343 0.015913305804133415 5.562873840332031
v -0.16315744817256927 0.02115618996322155 5.561567783355713
v -0.15735052525997162 0.012981502339243889 5.5589141845703125
v -0.15825584530830383 0.01430240087211132 5.561629772186279
v -0.15938234329223633 0.01246398501098156 5.5602030754089355
v -0.15840035676956177 0.01168799214065075 5.559380054473877
v -0.14995189011096954 0.007774053607136011 5.565627574920654
v -0.14879798889160156 0.007216154132038355 5.561158180236816
v -0.1494874358177185 0.005753664765506983 5.556522846221924
v -0.11508149653673172 -0.15164951980113983 5.5034074783325195
v -0.11102846264839172 -0.14159338176250458 5.509377956390381
v -0.1269526481628418 -0.13228531181812286 5.5033159255981445
v -0.13190443813800812 -0.14040116965770721 5.497707366943359
v -0.12378967553377151 -0.18006978929042816 5.498840808868408
v -0.14594891667366028 -0.1677953451871872 5.491601467132568
v -0.1418992429971695 -0.1952088177204132 5.49205207824707
v -0.12512333691120148 -0.20112581551074982 5.494194030761719
v -0.14007270336151123 -0.2181558758020401 5.490903854370117
v -0.12546193599700928 -0.22206471860408783 5.492111682891846
v -0.1359962522983551 -0.27930691838264465 5.490128040313721
v -0.12096305936574936 -0.28122183680534363 5.493253707885742
v -0.12281885743141174 -0.26186564564704895 5.492855548858643
v -0.13771453499794006 -0.25954657793045044 5.490450382232666
v -0.15046364068984985 -0.35915085673332214 5.470912456512451
v -0.14349815249443054 -0.3703033924102783 5.456486701965332
v -0.130578875541687 -0.3701187074184418 5.463531970977783
v -0.13906443119049072 -0.359700083732605 5.475478649139404
v -0.18874181807041168 -0.24327126145362854 5.469580173492432
v -0.1918354034423828 -0.22770904004573822 5.4763593673706055
v -0.19982030987739563 -0.234651118516922 5.47038459777832
v -0.19574546813964844 -0.2489607334136963 5.462838649749756
v -0.16754528880119324 -0.11824338138103485 5.477442264556885
v -0.1580234318971634 -0.14080005884170532 5.4866557121276855
v -0.1505565494298935 -0.13274313509464264 5.4858198165893555
v -0.15983903408050537 -0.11216358840465546 5.47882604598999
v -0.19385641813278198 -0.32249194383621216 5.437846660614014
v -0.18908242881298065 -0.3363107442855835 5.438446044921875
v -0.18520018458366394 -0.3341159224510193 5.450116157531738
v -0.1886676549911499 -0.3210483193397522 5.451141357421875
v -0.1577228605747223 -0.37692853808403015 5.380196571350098
v -0.15945766866207123 -0.3899458944797516 5.367551326751709
v -0.1444481462240219 -0.40017077326774597 5.378851890563965
v -0.14348509907722473 -0.3866468071937561 5.390883922576904
v -0.1936987340450287 -0.3233407735824585 5.3473968505859375
v -0.1962328851222992 -0.3076630234718323 5.327582836151123
v -0.19504445791244507 -0.31569305062294006 5.317047119140625
v -0.1935311257839203 -0.3328317105770111 5.335732460021973
v -0.16091038286685944 -0.27600404620170593 5.480813503265381
v -0.14940521121025085 -0.27730607986450195 5.485804080963135
v -0.1509074866771698 -0.2580472230911255 5.486019611358643
v -0.1622227430343628 -0.25707176327705383 5.481273174285889
v -0.3332189917564392 -0.30033668875694275 5.486055850982666
v -0.3253045976161957 -0.31058821082115173 5.477163791656494
v -0.30653128027915955 -0.29355645179748535 5.477871417999268
v -0.31432756781578064 -0.28302842378616333 5.486330986022949
v -0.1972074806690216 -0.3889581263065338 5.277649879455566
v -0.1965438425540924 -0.3717570900917053 5.26164436340332
v -0.19886665046215057 -0.38519999384880066 5.251842975616455
v -0.1987396478652954 -0.40105292201042175 5.269085884094238
v -0.2457168996334076 -0.19639374315738678 5.4976348876953125
v -0.235658198595047 -0.18716511130332947 5.498273849487305
v -0.24529433250427246 -0.16501915454864502 5.494990825653076
v -0.2565973997116089 -0.1757107675075531 5.494752407073975
v -0.19204799830913544 -0.275681734085083 5.453507900238037
v -0.18510638177394867 -0.27398934960365295 5.462905406951904
v -0.1868501603603363 -0.2588087022304535 5.465787410736084
v -0.19372165203094482 -0.26277369260787964 5.4562788009643555
v -0.20588524639606476 -0.2883837819099426 5.3420329093933105
v -0.20466172695159912 -0.30216509103775024 5.359672546386719
v -0.20843572914600372 -0.2872079610824585 5.364785671234131
v -0.20979426801204681 -0.2748172879219055 5.348487854003906
v -0.19980859756469727 -0.3142959177494049 5.353317737579346
v -0.20141075551509857 -0.2995300590991974 5.335030555725098
v -0.17870453000068665 -0.2739134728908539 5.46980619430542
v -0.1705578863620758 -0.27486762404441833 5.475679397583008
v -0.17167717218399048 -0.25657930970191956 5.478135108947754
v -0.17912520468235016 -0.256497859954834 5.472377777099609
v -0.13638529181480408 -0.3746773898601532 5.439970016479492
v -0.12100271135568619 -0.3749102056026459 5.449304103851318
v -0.19268342852592468 -0.4170495271682739 5.284903526306152
v -0.18159452080726624 -0.4321151673793793 5.300021648406982
v -0.18044978380203247 -0.42230165004730225 5.3070549964904785
v -0.19147655367851257 -0.4065555930137634 5.293951511383057
v -0.12741433084011078 -0.3797881007194519 5.410245895385742
v -0.1301935613155365 -0.37477776408195496 5.4234795570373535
v -0.14444495737552643 -0.3707038462162018 5.415748596191406
v -0.1420324295759201 -0.37438663840293884 5.401629447937012
v -0.1669643223285675 -0.4451589286327362 5.311464309692383
v -0.1500745266675949 -0.4574953615665436 5.323306560516357
v -0.14785133302211761 -0.4476664364337921 5.328437328338623
v -0.16509348154067993 -0.4357748031616211 5.318465232849121
v -0.1391204297542572 -0.23924365639686584 5.490986347198486
v -0.12445437163114548 -0.24219906330108643 5.492772579193115
v -0.17025019228458405 -0.35204970836639404 5.458567142486572
v -0.166239395737648 -0.3622085452079773 5.444139003753662
v -0.15556709468364716 -0.36730578541755676 5.450032711029053
v -0.1611134260892868 -0.3563072681427002 5.464154243469238
v -0.20650002360343933 -0.25842589139938354 5.431646823883057
v -0.20202744007110596 -0.25525739789009094 5.448945045471191
v -0.20738500356674194 -0.2407250702381134 5.45918607711792
v -0.2102593630552292 -0.24916169047355652 5.437358379364014
v -0.20130804181098938 -0.3986285626888275 5.24332857131958
v -0.2011447548866272 -0.41283687949180603 5.26196813583374
v -0.16934993863105774 -0.45553791522979736 5.3086323738098145
v -0.15227629244327545 -0.46735602617263794 5.320570945739746
v -0.24063678085803986 -0.23303061723709106 5.388006210327148
v -0.23233649134635925 -0.23319393396377563 5.38130521774292
v -0.22897005081176758 -0.23781277239322662 5.392724990844727
v -0.2364196926355362 -0.23632323741912842 5.399901390075684
v -0.100862056016922 -0.3565945029258728 5.4784955978393555
v -0.11660857498645782 -0.3514871299266815 5.484615325927734
v -0.12099701911211014 -0.3641670048236847 5.4738969802856445
v -0.1075054481625557 -0.3699968457221985 5.462533950805664
v -0.16197462379932404 -0.3667333126068115 5.427279472351074
v -0.1582554280757904 -0.3660237193107605 5.410677909851074
v -0.14997567236423492 -0.37204089760780334 5.432465553283691
v -0.0845746099948883 -0.3595718741416931 5.4690704345703125
v -0.09199140220880508 -0.3736093044281006 5.447150707244873
v -0.10824514925479889 -0.24546918272972107 5.494312286376953
v -0.10661736875772476 -0.263989120721817 5.495337009429932
v -0.1088733896613121 -0.22673271596431732 5.495680332183838
v -0.09217116981744766 -0.2308599203824997 5.4973015785217285
v -0.09122924506664276 -0.2121364027261734 5.5005598068237305
v -0.10781896114349365 -0.2071877121925354 5.49798583984375
v -0.08920812606811523 -0.19399939477443695 5.505687236785889
v -0.1054222583770752 -0.1884574443101883 5.502098560333252
v -0.09803448617458344 -0.16009847819805145 5.507890701293945
v -0.09482454508543015 -0.14902712404727936 5.515622138977051
v -0.19979511201381683 -0.26696112751960754 5.4439778327941895
v -0.1983182281255722 -0.2784736156463623 5.440647602081299
v -0.18403561413288116 -0.4424208402633667 5.2949113845825195
v -0.1859467327594757 -0.11458045244216919 5.371921539306641
v -0.18121886253356934 -0.12335267663002014 5.358242511749268
v -0.19898450374603271 -0.1291775405406952 5.368303298950195
v -0.20281882584095 -0.12054532766342163 5.381806373596191
v -0.17691704630851746 -0.12217164039611816 5.480072975158691
v -0.1691485494375229 -0.14581826329231262 5.4877800941467285
v -0.2329806685447693 -0.19444100558757782 5.361861228942871
v -0.22222404181957245 -0.18971484899520874 5.3541765213012695
v -0.22082455456256866 -0.19841931760311127 5.350452423095703
v -0.22931432723999023 -0.20143112540245056 5.359013080596924
v -0.2444048821926117 -0.22328174114227295 5.374938488006592
v -0.2557019293308258 -0.22945557534694672 5.38034725189209
v -0.25992363691329956 -0.22351598739624023 5.3810930252075195
v -0.24621987342834473 -0.2170209288597107 5.375680446624756
v -0.1929173469543457 -0.3695395886898041 5.236230373382568
v -0.18956723809242249 -0.3556362986564636 5.245619297027588
v -0.17563249170780182 -0.2544688582420349 5.288002967834473
v -0.18548531830310822 -0.2735573351383209 5.298542499542236
v -0.19381876289844513 -0.2648002803325653 5.307085990905762
v -0.18635372817516327 -0.24597442150115967 5.298356533050537
v -0.08100765943527222 -0.12301887571811676 5.350470066070557
v -0.07941335439682007 -0.13299205899238586 5.339488506317139
v -0.09884443134069443 -0.12899865210056305 5.340076923370361
v -0.10076162964105606 -0.11936409771442413 5.351718902587891
v -0.1456506997346878 -0.10190591216087341 5.370487689971924
v -0.14792101085186005 -0.09602153301239014 5.381863594055176
v -0.12500926852226257 -0.09715603291988373 5.377365589141846
v -0.12351837009191513 -0.10511943697929382 5.364739894866943
v -0.1653663069009781 -0.11114165186882019 5.363353729248047
v -0.16133974492549896 -0.1206635981798172 5.350104331970215
v -0.20872706174850464 -0.26078081130981445 5.335987567901611
v -0.20410504937171936 -0.27249547839164734 5.328153610229492
v -0.21497657895088196 -0.24182914197444916 5.347132682800293
v -0.21494783461093903 -0.25246870517730713 5.357772350311279
v -0.21789778769016266 -0.2449250966310501 5.3630290031433105
v -0.22002793848514557 -0.23838689923286438 5.351889133453369
v -0.15290622413158417 -0.10593979060649872 5.479941368103027
v -0.15410491824150085 -0.08867472410202026 5.466730117797852
v -0.16358612477779388 -0.09420159459114075 5.465640068054199
v -0.12077131122350693 -0.07620996236801147 5.421523571014404
v -0.12077141553163528 -0.07811054587364197 5.415513038635254
v -0.13441914319992065 -0.07774792611598969 5.421835899353027
v -0.13132241368293762 -0.07644373178482056 5.427234172821045
v -0.0973062664270401 -0.1763218343257904 5.294040679931641
v -0.07668349146842957 -0.17666076123714447 5.2920613288879395
v -0.07496388256549835 -0.19366872310638428 5.282140254974365
v -0.09663286060094833 -0.19446995854377747 5.284582138061523
v -0.222718745470047 -0.22501349449157715 5.350146293640137
v -0.22781850397586823 -0.22328101098537445 5.3572306632995605
v -0.22797246277332306 -0.21703080832958221 5.355776309967041
v -0.2214701771736145 -0.21587449312210083 5.347871780395508
v -0.215928316116333 -0.21641604602336884 5.341594219207764
v -0.21119295060634613 -0.2197515368461609 5.334349632263184
v -0.21350230276584625 -0.2310505211353302 5.34019136428833
v -0.21735957264900208 -0.2261618971824646 5.345420837402344
v -0.1948103904724121 -0.23817189037799835 5.308943748474121
v -0.2005484700202942 -0.25556042790412903 5.317604064941406
v -0.20646634697914124 -0.2459314465522766 5.325911521911621
v -0.202317476272583 -0.23018404841423035 5.319436550140381
v -0.06922456622123718 -0.25095149874687195 5.257063865661621
v -0.08746077120304108 -0.25040143728256226 5.25385856628418
v -0.08912009000778198 -0.23269221186637878 5.263329982757568
v -0.07025328278541565 -0.23200473189353943 5.263250827789307
v -0.23769059777259827 -0.24268680810928345 5.431191444396973
v -0.23459520936012268 -0.24354104697704315 5.447258472442627
v -0.24392732977867126 -0.24979054927825928 5.44814920425415
v -0.24752706289291382 -0.2491341531276703 5.431795597076416
v -0.27972444891929626 -0.2123715877532959 5.385249137878418
v -0.2902884781360626 -0.21726758778095245 5.38905668258667
v -0.293133944272995 -0.212327778339386 5.392124652862549
v -0.2826747000217438 -0.20650695264339447 5.388606071472168
v -0.26448073983192444 -0.26331987977027893 5.418972969055176
v -0.2590094804763794 -0.2610272467136383 5.432501316070557
v -0.2723385989665985 -0.2761736512184143 5.433230400085449
v -0.2776050865650177 -0.2779870927333832 5.417741775512695
v -0.19194254279136658 -0.10761161148548126 5.462100028991699
v -0.18617427349090576 -0.12581908702850342 5.480518817901611
v -0.18268001079559326 -0.10350935161113739 5.464763641357422
v -0.2607528567314148 -0.24843326210975647 5.3946709632873535
v -0.2733452320098877 -0.25941070914268494 5.396239757537842
v -0.2781631350517273 -0.254096657037735 5.388736724853516
v -0.26444220542907715 -0.24341309070587158 5.387698650360107
v -0.3439253270626068 -0.2876117527484894 5.488122463226318
v -0.32540109753608704 -0.27046823501586914 5.488845348358154
v -0.29960885643959045 -0.29250627756118774 5.407136917114258
v -0.30758270621299744 -0.287847101688385 5.398524284362793
v -0.2889243960380554 -0.2750973105430603 5.39720344543457
v -0.28246229887008667 -0.2779170572757721 5.406230449676514
v -0.1672074943780899 -0.2632628083229065 5.279701232910156
v -0.1795877367258072 -0.2810317277908325 5.287886142730713
v -0.1679842472076416 -0.3457929193973541 5.209631443023682
v -0.18228581547737122 -0.3565066456794739 5.220754146575928
v -0.1778363734483719 -0.34041547775268555 5.232720851898193
v -0.163198322057724 -0.328447550535202 5.221492290496826
v -0.19458848237991333 -0.3863199055194855 5.225107669830322
v -0.1704816371202469 -0.3653251528739929 5.198483943939209
v -0.18457259237766266 -0.373902291059494 5.211191177368164
v -0.13710999488830566 -0.0849648267030716 5.475459575653076
v -0.1296244114637375 -0.07694140076637268 5.461972236633301
v -0.13593080639839172 -0.07760351896286011 5.45555305480957
v -0.14536280930042267 -0.08560621738433838 5.4697041511535645
v -0.22704945504665375 -0.4935010075569153 5.179534435272217
v -0.2270401567220688 -0.5204053521156311 5.165712833404541
v -0.2312789261341095 -0.5243162512779236 5.190060615539551
v -0.2299906313419342 -0.5013139247894287 5.204372882843018
v -0.10585803538560867 -0.07368890941143036 5.43529748916626
v -0.12231739610433578 -0.07527494430541992 5.443502902984619
v -0.11763239651918411 -0.07445454597473145 5.451979637145996
v -0.10310392081737518 -0.07409942150115967 5.445133686065674
v -0.22810673713684082 -0.4790368676185608 5.2154741287231445
v -0.2253430187702179 -0.4686639904975891 5.192070007324219
v -0.13737407326698303 -0.09969742596149445 5.487596035003662
v -0.14556320011615753 -0.10228966176509857 5.483651161193848
v -0.13862721621990204 -0.11937177181243896 5.492070198059082
v -0.13121384382247925 -0.11415719985961914 5.499000549316406
v -0.12119723111391068 -0.12450885772705078 5.510180950164795
v -0.22809457778930664 -0.5292478203773499 5.219479560852051
v -0.22523702681064606 -0.5102267265319824 5.228026866912842
v -0.12314338237047195 -0.07749345898628235 5.470367908477783
v -0.11324585229158401 -0.07456287741661072 5.459976673126221
v -0.10150880366563797 -0.07259902358055115 5.453550815582275
v -0.08942827582359314 -0.0718451738357544 5.4496965408325195
v -0.20132459700107574 -0.4013097286224365 5.21654748916626
v -0.2068970948457718 -0.4130714535713196 5.236094951629639
v -0.17754454910755157 -0.6247857213020325 5.104334354400635
v -0.1485520899295807 -0.6253682374954224 5.093108177185059
v -0.14796404540538788 -0.6481221914291382 5.112171649932861
v -0.18246430158615112 -0.6471147537231445 5.122925281524658
v -0.07230964303016663 -0.6126543879508972 5.085165500640869
v -0.06900898367166519 -0.638036847114563 5.107388496398926
v -0.10969653725624084 -0.6447829604148865 5.107675075531006
v -0.11353722959756851 -0.6232211589813232 5.0879082679748535
v -0.08318795263767242 -0.4632939100265503 5.090513229370117
v -0.11371061205863953 -0.4649631977081299 5.090962886810303
v -0.11465327441692352 -0.4442966878414154 5.104095935821533
v -0.08477470278739929 -0.44190528988838196 5.103498458862305
v -0.1764957457780838 -0.38232365250587463 5.1870503425598145
v -0.19090531766414642 -0.3901750147342682 5.201292991638184
v -0.2055026888847351 -0.4260808229446411 5.254979133605957
v -0.2340204119682312 -0.6197314858436584 5.270870208740234
v -0.24451185762882233 -0.6332827806472778 5.231663703918457
v -0.2416846603155136 -0.6611818075180054 5.249691963195801
v -0.23323900997638702 -0.6475407481193542 5.285482406616211
v -0.21163883805274963 -0.6876896619796753 5.18715238571167
v -0.21331042051315308 -0.6604992151260376 5.160394668579102
v -0.18076692521572113 -0.6721741557121277 5.145605087280273
v -0.18018804490566254 -0.6968649625778198 5.171699523925781
v -0.1338503062725067 -0.47765839099884033 5.3318586349487305
v -0.15351298451423645 -0.4775666892528534 5.318544387817383
v -0.1351562887430191 -0.488865464925766 5.331908702850342
v -0.07658706605434418 -0.49451255798339844 5.35212516784668
v -0.09750505536794662 -0.491273432970047 5.347742557525635
v -0.09608189016580582 -0.5030442476272583 5.348729133605957
v -0.07508526742458344 -0.5062652230262756 5.354507923126221
v -0.07169926166534424 -0.5708063244819641 5.309048175811768
v -0.05753990262746811 -0.5765498876571655 5.314440727233887
v -0.06124116852879524 -0.5615348219871521 5.324772357940674
v -0.07703766226768494 -0.5542696118354797 5.316010475158691
v -0.21465803682804108 -0.5167399048805237 5.2481465339660645
v -0.19496741890907288 -0.5192633867263794 5.264513969421387
v -0.19554723799228668 -0.5104053020477295 5.27229642868042
v -0.21254432201385498 -0.5028656721115112 5.253455638885498
v -0.06784563511610031 -0.6527376770973206 5.132020950317383
v -0.10463858395814896 -0.664169192314148 5.133555889129639
v -0.21262308955192566 -0.632254421710968 5.319798946380615
v -0.21103952825069427 -0.6047027111053467 5.298351764678955
v -0.1804753988981247 -0.6191998720169067 5.347262382507324
v -0.14396649599075317 -0.6155943274497986 5.355241298675537
v -0.14340686798095703 -0.5900154113769531 5.336003303527832
v -0.17960447072982788 -0.5929054021835327 5.325600624084473
v -0.05413195490837097 -0.5998754501342773 5.250101566314697
v -0.06403859704732895 -0.5841262936592102 5.268394470214844
v -0.06785748898983002 -0.5868427753448486 5.27227258682251
v -0.05422097444534302 -0.604626476764679 5.257546901702881
v -0.07548921555280685 -0.5595758557319641 5.068237781524658
v -0.07478872686624527 -0.5849218368530273 5.073786735534668
v -0.11106686294078827 -0.5950100421905518 5.072875022888184
v -0.11049270629882812 -0.5645420551300049 5.065975666046143
v -0.15418116748332977 -0.3588215708732605 5.189486503601074
v -0.15962448716163635 -0.3772549331188202 5.175784587860107
v -0.13642434775829315 -0.35409533977508545 5.183329105377197
v -0.1513102501630783 -0.3375210165977478 5.201423168182373
v -0.13328184187412262 -0.3317001461982727 5.197397708892822
v -0.1343441754579544 -0.232257679104805 5.270901203155518
v -0.1519249826669693 -0.24703702330589294 5.272349834442139
v -0.16151681542396545 -0.23655930161476135 5.281788349151611
v -0.1448996514081955 -0.2190682739019394 5.279634475708008
v -0.11949321627616882 -0.12351198494434357 5.3399176597595215
v -0.12167558819055557 -0.11364157497882843 5.352450847625732
v -0.1408352106809616 -0.695781946182251 5.158352851867676
v -0.09447507560253143 -0.6835855841636658 5.159597873687744
v -0.11306441575288773 -0.7144125699996948 5.185670375823975
v -0.1503048539161682 -0.7192468643188477 5.186474323272705
v -0.2102927714586258 -0.7126022577285767 5.212705612182617
v -0.22983616590499878 -0.7014209032058716 5.234801769256592
v -0.23406775295734406 -0.6754398345947266 5.2168707847595215
v -0.238401398062706 -0.6887233257293701 5.274692058563232
v -0.23102064430713654 -0.673161506652832 5.310947895050049
v -0.18052326142787933 -0.6466955542564392 5.367079257965088
v -0.14347109198570251 -0.6448891758918762 5.37270975112915
v -0.06340920925140381 -0.6462722420692444 5.310924530029297
v -0.08150921761989594 -0.6338883638381958 5.335256099700928
v -0.0834883600473404 -0.6593946814537048 5.344217300415039
v -0.06648586690425873 -0.6707983613014221 5.317204475402832
v -0.10807065665721893 -0.5465546250343323 5.283348560333252
v -0.14311209321022034 -0.5302103757858276 5.275697231292725
v -0.1419801115989685 -0.5395896434783936 5.2775187492370605
v -0.11236002296209335 -0.5518218874931335 5.280877590179443
v -0.08029379695653915 -0.4850956201553345 5.351107120513916
v -0.09686744958162308 -0.481704443693161 5.347456932067871
v -0.11533654481172562 -0.48561614751815796 5.340724468231201
v -0.11397717148065567 -0.47651606798171997 5.341311931610107
v -0.1320752203464508 -0.46829456090927124 5.333064556121826
v -0.08960507065057755 -0.43969303369522095 5.391700744628906
v -0.11012446880340576 -0.4340033233165741 5.385372161865234
v -0.10929345339536667 -0.4478987157344818 5.371326446533203
v -0.08921990543603897 -0.45338737964630127 5.377064228057861
v -0.09039437025785446 -0.4223090708255768 5.406297206878662
v -0.11094243079423904 -0.4169858396053314 5.398914337158203
v -0.08995695412158966 -0.3833262622356415 5.426414489746094
v -0.11280471831560135 -0.3769092857837677 5.433783054351807
v -0.11016006022691727 -0.38309186697006226 5.418298721313477
v -0.09167946130037308 -0.2497619092464447 5.495458602905273
v -0.09017360210418701 -0.26778408885002136 5.495179653167725
v -0.21780598163604736 -0.530282199382782 5.241055488586426
v -0.06745242327451706 -0.6817438006401062 5.189373016357422
v -0.056806016713380814 -0.676110029220581 5.219203472137451
v -0.06496306508779526 -0.701267659664154 5.226750373840332
v -0.0820368230342865 -0.7083557844161987 5.199990272521973
v -0.2235070765018463 -0.49170440435409546 5.236269474029541
v -0.19487062096595764 -0.42787909507751465 5.27918004989624
v -0.19892528653144836 -0.439990758895874 5.274442672729492
v -0.18467935919761658 -0.3405251204967499 5.372373580932617
v -0.18481890857219696 -0.3491605222225189 5.355405807495117
v -0.1294003576040268 -0.34650835394859314 5.4850029945373535
v -0.12978529930114746 -0.35690999031066895 5.478587627410889
v -0.23726299405097961 -0.6465623378753662 5.194329261779785
v -0.1790800392627716 -0.6745853424072266 5.380763053894043
v -0.17739395797252655 -0.7027314901351929 5.393634796142578
v -0.14373357594013214 -0.7033059000968933 5.397262096405029
v -0.14416274428367615 -0.6738630533218384 5.384819984436035
v -0.06690558046102524 -0.710098922252655 5.300131797790527
v -0.07216325402259827 -0.6984900832176208 5.327569484710693
v -0.0786447748541832 -0.7271040081977844 5.340251922607422
v -0.07588520646095276 -0.7380942702293396 5.313518047332764
v -0.08364441990852356 -0.7657658457756042 5.3293232917785645
v -0.08533857017755508 -0.7554137706756592 5.353827953338623
v -0.09071816504001617 -0.7839348912239075 5.3680572509765625
v -0.09010449796915054 -0.7915888428688049 5.345300197601318
v -0.21102461218833923 -0.6579622626304626 5.346132755279541
v -0.22344385087490082 -0.7225210666656494 5.347940444946289
v -0.2062680870294571 -0.7106062769889832 5.375954627990723
v -0.20780861377716064 -0.6846792697906494 5.362519264221191
v -0.22704152762889862 -0.697116494178772 5.331743240356445
v -0.183533176779747 -0.720211923122406 5.1990580558776855
v -0.05907901003956795 -0.6827815175056458 5.28993558883667
v -0.05417663976550102 -0.6592276692390442 5.2860260009765625
v -0.08975467085838318 -0.7588081359863281 5.270452976226807
v -0.10859722644090652 -0.7662158608436584 5.251533031463623
v -0.09703909605741501 -0.73932945728302 5.226449489593506
v -0.07750434428453445 -0.7311486601829529 5.249537944793701
v -0.21266455948352814 -0.7574012279510498 5.26611852645874
v -0.22768743336200714 -0.746783435344696 5.29051399230957
v -0.2284175306558609 -0.7248554229736328 5.266438007354736
v -0.2113262563943863 -0.7356129288673401 5.242579936981201
v -0.2345874160528183 -0.7110369205474854 5.299434185028076
v -0.2310696542263031 -0.7343874573707581 5.317793369293213
v -0.21882160007953644 -0.7732592821121216 5.384861946105957
v -0.20060493052005768 -0.7657699584960938 5.408988952636719
v -0.2039390206336975 -0.7372809052467346 5.390270709991455
v -0.2206776738166809 -0.7476534843444824 5.3654937744140625
v -0.22742755711078644 -0.7814285159111023 5.356381893157959
v -0.22884304821491241 -0.7581719160079956 5.336064338684082
v -0.22670485079288483 -0.7681156396865845 5.308963298797607
v -0.22598306834697723 -0.7892972230911255 5.330501079559326
v -0.2134065181016922 -0.7961238026618958 5.308250904083252
v -0.21343310177326202 -0.7772020697593689 5.286035537719727
v -0.19333836436271667 -0.7844354510307312 5.269073009490967
v -0.195253387093544 -0.8018609285354614 5.292199611663818
v -0.16815099120140076 -0.7890986800193787 5.261184215545654
v -0.14209209382534027 -0.7898449897766113 5.261468410491943
v -0.1488383561372757 -0.8072927594184875 5.283822059631348
v -0.17268823087215424 -0.8059343099594116 5.284963130950928
v -0.10793503373861313 -0.8041212558746338 5.304165840148926
v -0.12602801620960236 -0.807062029838562 5.289774417877197
v -0.11775021255016327 -0.7879951000213623 5.269917964935303
v -0.09980196505784988 -0.783306360244751 5.287703514099121
v -0.1332141011953354 -0.8547187447547913 5.357308387756348
v -0.15171551704406738 -0.8491288423538208 5.356204986572266
v -0.1459643393754959 -0.8431022763252258 5.347114086151123
v -0.12665143609046936 -0.8483790159225464 5.351952075958252
v -0.16932304203510284 -0.8452470898628235 5.353487014770508
v -0.18778234720230103 -0.8435441851615906 5.355106830596924
v -0.1831643134355545 -0.8375980854034424 5.348455429077148
v -0.16505058109760284 -0.8413043022155762 5.352084636688232
v -0.2136676013469696 -0.8382936716079712 5.367362022399902
v -0.20054233074188232 -0.8367519378662109 5.353960990905762
v -0.20444360375404358 -0.8444578647613525 5.361200332641602
v -0.21692553162574768 -0.8491542339324951 5.373432159423828
v -0.2279825657606125 -0.8555998206138611 5.390128135681152
v -0.22671961784362793 -0.8407561779022217 5.384331703186035
v -0.22726985812187195 -0.8640512228012085 5.408190727233887
v -0.22877022624015808 -0.845325767993927 5.40654182434082
v -0.21424858272075653 -0.8498030304908752 5.42690372467041
v -0.21325372159481049 -0.8729857206344604 5.426399230957031
v -0.10186561197042465 -0.8537725210189819 5.395644664764404
v -0.10736710578203201 -0.8702225685119629 5.395315170288086
v -0.1070326492190361 -0.8653587698936462 5.379334449768066
v -0.1008640006184578 -0.8516132831573486 5.3785600662231445
v -0.12694256007671356 -0.8569672703742981 5.4335455894470215
v -0.14326809346675873 -0.8558121919631958 5.448932647705078
v -0.14637774229049683 -0.8825058937072754 5.442666530609131
v -0.13132990896701813 -0.8795323371887207 5.424582481384277
v -0.22684749960899353 -0.8036624193191528 5.3763017654418945
v -0.21741467714309692 -0.7989841103553772 5.4029645919799805
v -0.2124272733926773 -0.8128489255905151 5.333263397216797
v -0.2248750925064087 -0.8082075715065002 5.35160493850708
v -0.11514251679182053 -0.8220338225364685 5.321816921234131
v -0.13391685485839844 -0.8228445053100586 5.311723709106445
v -0.09580390900373459 -0.8100239634513855 5.382128715515137
v -0.09503655135631561 -0.8147146701812744 5.359683036804199
v -0.17007865011692047 -0.8235369324684143 5.4499831199646
v -0.17039909958839417 -0.7924718856811523 5.436400413513184
v -0.1985510289669037 -0.7943985462188721 5.426057815551758
v -0.19653144478797913 -0.8240113854408264 5.4395036697387695
v -0.2276579588651657 -0.824996829032898 5.394503116607666
v -0.22517704963684082 -0.8250696659088135 5.37166690826416
v -0.21234320104122162 -0.8264209032058716 5.353680610656738
v -0.19824814796447754 -0.8277411460876465 5.338354110717773
v -0.17976942658424377 -0.8295471668243408 5.3318376541137695
v -0.16017818450927734 -0.8314082026481628 5.329399585723877
v -0.14017240703105927 -0.8344781398773193 5.330079555511475
v -0.1209484115242958 -0.8362205028533936 5.337119102478027
v -0.09791914373636246 -0.8351787328720093 5.369999885559082
v -0.09930125623941422 -0.8339565992355347 5.392793655395508
v -0.1714571863412857 -0.8817182779312134 5.447286128997803
v -0.17038553953170776 -0.8553587794303894 5.456439971923828
v -0.19600526988506317 -0.8528596758842468 5.444693565368652
v -0.1969088613986969 -0.8789411187171936 5.441273212432861
v -0.17348851263523102 -0.9034048318862915 5.43378210067749
v -0.15198539197444916 -0.9015671014785767 5.428167819976807
v -0.17406824231147766 -0.8521308302879333 5.352855682373047
v -0.1910090297460556 -0.8508567810058594 5.353901386260986
v -0.20740453898906708 -0.8537149429321289 5.359073638916016
v -0.22997887432575226 -0.8695175051689148 5.384178161621094
v -0.2258673459291458 -0.8829770684242249 5.401627540588379
v -0.2119084894657135 -0.8955274224281311 5.417218208312988
v -0.1952887624502182 -0.8988339304924011 5.430112361907959
v -0.12230551242828369 -0.8876171708106995 5.360536575317383
v -0.11614135652780533 -0.8764375448226929 5.3753252029418945
v -0.11596664041280746 -0.8833745718002319 5.388928413391113
v -0.12299799174070358 -0.8980925679206848 5.374227046966553
v -0.1413482427597046 -0.8702294826507568 5.341540813446045
v -0.15746253728866577 -0.861980140209198 5.335447788238525
v -0.15683461725711823 -0.857331395149231 5.355629920959473
v -0.14044521749019623 -0.8627970218658447 5.357919216156006
v -0.17799174785614014 -0.8572132587432861 5.333218097686768
v -0.19694659113883972 -0.8572273254394531 5.335771560668945
v -0.21411101520061493 -0.860804557800293 5.342147350311279
v -0.23231086134910583 -0.8842146396636963 5.368046283721924
v -0.22279739379882812 -0.8587618470191956 5.369520664215088
v -0.22791337966918945 -0.8700191378593445 5.353889465332031
v -0.22593572735786438 -0.9033997058868408 5.387423515319824
v -0.2058609277009964 -0.939994752407074 5.377499103546143
v -0.20352107286453247 -0.9181552529335022 5.399013996124268
v -0.22802725434303284 -0.9243572354316711 5.366343975067139
v -0.18279007077217102 -1.0057755708694458 5.302994728088379
v -0.20777326822280884 -1.0033080577850342 5.305029392242432
v -0.20537009835243225 -1.0248743295669556 5.2772440910339355
v -0.18349908292293549 -1.0279394388198853 5.275628566741943
v -0.12597762048244476 -0.9141453504562378 5.352512836456299
v -0.12388428300619125 -0.9019148349761963 5.338418483734131
v -0.1413339227437973 -0.8786570429801941 5.314371585845947
v -0.15965138375759125 -0.8698671460151672 5.3079833984375
v -0.2387605458498001 -0.9218971133232117 5.325662136077881
v -0.23559851944446564 -0.9026865363121033 5.348697185516357
v -0.23166459798812866 -0.8856325149536133 5.333376884460449
v -0.2339944839477539 -0.903445839881897 5.30903434753418
v -0.1274343878030777 -0.9746922254562378 5.277194976806641
v -0.12513205409049988 -0.9612864255905151 5.262053489685059
v -0.12216650694608688 -0.9388372898101807 5.28726863861084
v -0.12481638789176941 -0.9528185129165649 5.302045822143555
v -0.15816178917884827 -0.8863446116447449 5.283381462097168
v -0.13989859819412231 -0.8951650857925415 5.2892608642578125
v -0.14058274030685425 -0.9156918525695801 5.265434265136719
v -0.15842846035957336 -0.9067083597183228 5.258901596069336
v -0.236874058842659 -0.9687671661376953 5.276946544647217
v -0.23943209648132324 -0.9437766671180725 5.301224231719971
v -0.23526056110858917 -0.9255526661872864 5.285254001617432
v -0.23341809213161469 -0.9514210820198059 5.261005401611328
v -0.20793214440345764 -0.9608561992645264 5.355087757110596
v -0.23071610927581787 -0.9440869688987732 5.343254566192627
v -0.2310606986284256 -0.964752197265625 5.319370269775391
v -0.20948027074337006 -0.9817166328430176 5.330000877380371
v -0.1800824999809265 -0.963382363319397 5.3536601066589355
v -0.18221694231033325 -0.9842257499694824 5.329464912414551
v -0.13867193460464478 -1.0155212879180908 5.215435981750488
v -0.131638303399086 -0.9878792762756348 5.23966646194458
v -0.13350698351860046 -1.0004422664642334 5.249996662139893
v -0.14106571674346924 -1.027376651763916 5.2243266105651855
v -0.16110959649085999 -0.9320160746574402 5.2353057861328125
v -0.14355583488941193 -0.9391902685165405 5.240609169006348
v -0.14825215935707092 -0.9686943292617798 5.2204909324646
v -0.16421832144260406 -0.9623886346817017 5.215359687805176
v -0.22678492963314056 -1.0233051776885986 5.224902153015137
v -0.23259468376636505 -0.9952601194381714 5.251373291015625
v -0.22844251990318298 -0.980150043964386 5.236308574676514
v -0.22224915027618408 -1.0093023777008057 5.211002826690674
v -0.2027582824230194 -1.0487589836120605 5.246128559112549
v -0.22535061836242676 -1.0130479335784912 5.269169807434082
v -0.22105932235717773 -1.0385427474975586 5.238921165466309
v -0.1992267370223999 -1.0734113454818726 5.2190680503845215
v -0.18237002193927765 -1.0746451616287231 5.2173357009887695
v -0.1826511025428772 -1.0509858131408691 5.244823455810547
v -0.14775796234607697 -1.0523625612258911 5.198073387145996
v -0.1439332216978073 -1.042184591293335 5.18833065032959
v -0.15425604581832886 -1.027389407157898 5.175108432769775
v -0.16692125797271729 -1.020851731300354 5.1711506843566895
v -0.16664229333400726 -0.991897463798523 5.193879127502441
v -0.15262052416801453 -0.9983763694763184 5.19815731048584
v -0.20034527778625488 -0.9937630295753479 5.1925177574157715
v -0.18369601666927338 -0.9904513359069824 5.191606521606445
v -0.18263942003250122 -1.0196565389633179 5.169384002685547
v -0.1976371556520462 -1.022993803024292 5.1697258949279785
v -0.2152104377746582 -1.036860466003418 5.188718795776367
v -0.21337006986141205 -0.9994765520095825 5.200480937957764
v -0.2080843597650528 -1.0275896787643433 5.175426483154297
v -0.22048591077327728 -1.0487889051437378 5.199421405792236
v -0.2163899540901184 -1.0642281770706177 5.213079929351807
v -0.05210469290614128 -0.648745059967041 5.195385932922363
v -0.049185968935489655 -0.645280122756958 5.2280592918396
v -0.05241760239005089 -0.6584554314613342 5.222714424133301
v -0.05891096219420433 -0.6590698957443237 5.187954425811768
v -0.09193552285432816 -0.7171421051025391 5.366222381591797
v -0.08765082061290741 -0.6867361068725586 5.354654312133789
v -0.10052832216024399 -0.776091992855072 5.391202449798584
v -0.09679172188043594 -0.7468165159225464 5.379993915557861
v -0.10462264716625214 -0.8051974773406982 5.403831481933594
v -0.10856413841247559 -0.8323670625686646 5.41324520111084
v -0.11102448403835297 -0.8563736081123352 5.416439533233643
v -0.11597079783678055 -0.8752060532569885 5.411269664764404
v -0.12455260753631592 -0.8921838998794556 5.401327610015869
v -0.1308201253414154 -0.9093953967094421 5.385067939758301
v -0.1354980319738388 -0.9461991190910339 5.341255187988281
v -0.12507364153862 -0.9325876235961914 5.326881408691406
v -0.1346886307001114 -0.9271331429481506 5.364024639129639
v -0.13885937631130219 -0.989753007888794 5.291156768798828
v -0.1365061104297638 -0.967126190662384 5.317593097686768
v -0.14375954866409302 -1.014916181564331 5.26279354095459
v -0.14979173243045807 -1.0397390127182007 5.233604431152344
v -0.15616247057914734 -1.0631827116012573 5.2077155113220215
v -0.11125484108924866 -0.5769763588905334 5.319033145904541
v -0.08328894525766373 -0.5921816825866699 5.314140796661377
v -0.08588933199644089 -0.579487681388855 5.303062915802002
v -0.11316803097724915 -0.5628076791763306 5.304040908813477
v -0.04806402325630188 -0.6153616905212402 5.232114791870117
v -0.05006739869713783 -0.6093060970306396 5.240637302398682
v -0.050039142370224 -0.6141022443771362 5.245769023895264
v -0.0478588230907917 -0.6207209229469299 5.2353668212890625
v -0.21665513515472412 -0.8250229954719543 5.419473171234131
v -0.19666525721549988 -0.8165013194084167 5.317571640014648
v -0.1765325516462326 -0.81930011510849 5.309506416320801
v -0.15511874854564667 -0.8213601112365723 5.308681964874268
v -0.12238968163728714 -0.8302427530288696 5.432826042175293
v -0.11985570937395096 -0.7999729514122009 5.421503067016602
v -0.1414065659046173 -0.7950044870376587 5.434760093688965
v -0.14157870411872864 -0.8261106014251709 5.44655704498291
v -0.1775152087211609 -0.9451585412025452 5.374604225158691
v -0.15535621345043182 -0.9571537971496582 5.349172115325928
v -0.1528959423303604 -0.9383553266525269 5.370967864990234
v -0.17622269690036774 -0.9286167025566101 5.3956193923950195
v -0.20120984315872192 -0.8675091862678528 5.312386989593506
v -0.21900072693824768 -0.8731585144996643 5.319986343383789
v -0.1807103157043457 -0.8816978335380554 5.283072471618652
v -0.20247003436088562 -0.8828925490379333 5.286717891693115
v -0.1811048537492752 -0.8661465048789978 5.308195114135742
v -0.11665554344654083 -0.7400004267692566 5.400712013244629
v -0.14300160109996796 -0.733315646648407 5.4103569984436035
v -0.14185044169425964 -0.7637911438941956 5.421176433563232
v -0.11724945157766342 -0.7691532373428345 5.409214496612549
v -0.17197182774543762 -0.3271452784538269 5.245272636413574
v -0.15797901153564453 -0.31269076466560364 5.235982418060303
v -0.18310897052288055 -0.3493269383907318 5.420909404754639
v -0.18293996155261993 -0.3461543917655945 5.399679183959961
v -0.1709601879119873 -0.35776486992836 5.405104160308838
v -0.17284651100635529 -0.3593098223209381 5.422913074493408
v -0.19174495339393616 -0.33458778262138367 5.4002461433410645
v -0.19064946472644806 -0.3380155563354492 5.42158317565918
v -0.1961830109357834 -0.3241569995880127 5.421812534332275
v -0.1982164978981018 -0.3218151926994324 5.4020676612854
v -0.20975342392921448 -0.2551841139793396 5.4147047996521
v -0.21354767680168152 -0.2472994476556778 5.41859245300293
v -0.0904868096113205 -0.40234971046447754 5.417677402496338
v -0.06860241293907166 -0.40505698323249817 5.420295238494873
v -0.06873912364244461 -0.3858817219734192 5.428498268127441
v -0.11602487415075302 -0.4971867799758911 5.340724468231201
v -0.11790778487920761 -0.5336045622825623 5.293579578399658
v -0.08664387464523315 -0.5611166954040527 5.297618865966797
v -0.09524253010749817 -0.5424928665161133 5.3045501708984375
v -0.05079960450530052 -0.5909594297409058 5.266960620880127
v -0.10654337704181671 -0.2546199858188629 5.253133773803711
v -0.10876663774251938 -0.23787018656730652 5.263784885406494
v -0.1027364656329155 -0.1096804141998291 5.362637996673584
v -0.08240324258804321 -0.11350838840007782 5.362832069396973
v -0.10393822193145752 -0.09492552280426025 5.3834309577941895
v -0.10359825193881989 -0.08865003287792206 5.39321231842041
v -0.08359219878911972 -0.09124301373958588 5.392064094543457
v -0.08340747654438019 -0.09757158160209656 5.382871627807617
v -0.08787818253040314 -0.07283331453800201 5.439506530761719
v -0.0877203643321991 -0.07507064938545227 5.4307403564453125
v -0.04654238373041153 -0.6266531944274902 5.22052001953125
v -0.047772955149412155 -0.626963198184967 5.235986232757568
v -0.04724588990211487 -0.6325527429580688 5.214106559753418
v -0.062310028821229935 -0.6253665685653687 5.307249069213867
v -0.0519971139729023 -0.6397757530212402 5.285747528076172
v -0.05191447213292122 -0.6248801350593567 5.283195972442627
v -0.06257161498069763 -0.609300434589386 5.304098606109619
v -0.23231178522109985 -0.5930262207984924 5.255090236663818
v -0.24481716752052307 -0.6033624410629272 5.218479156494141
v -0.1435021162033081 -0.6718286871910095 5.1350884437561035
v -0.3480740487575531 -0.3176553249359131 5.40712308883667
v -0.35886749625205994 -0.3112294673919678 5.40449333190918
v -0.3381085991859436 -0.29526486992836 5.398863792419434
v -0.3272382915019989 -0.3024550974369049 5.402857303619385
v -0.11988457292318344 -0.1763095110654831 5.2943243980407715
v -0.12448877841234207 -0.19913646578788757 5.284256458282471
v -0.14450086653232574 -0.1249975860118866 5.489145278930664
v -0.2043902575969696 -0.13505665957927704 5.48464298248291
v -0.19590042531490326 -0.15551094710826874 5.494367599487305
v -0.1879000961780548 -0.1518402397632599 5.492212772369385
v -0.19527184963226318 -0.1300990730524063 5.482525825500488
v -0.21672891080379486 -0.11968107521533966 5.404238700866699
v -0.21609242260456085 -0.11519566178321838 5.421459197998047
v -0.2054518759250641 -0.10847648978233337 5.415798187255859
v -0.20504947006702423 -0.1132781058549881 5.397541046142578
v -0.08086001873016357 -0.48478367924690247 5.0799760818481445
v -0.11188483983278275 -0.4860134422779083 5.078013896942139
v -0.08893254399299622 -0.30434831976890564 5.2131428718566895
v -0.1088809072971344 -0.30730506777763367 5.21000862121582
v -0.10615720599889755 -0.28922662138938904 5.225757598876953
v -0.0871247723698616 -0.286025732755661 5.22934103012085
v -0.1487436592578888 -0.19214023649692535 5.291615009307861
v -0.16137823462486267 -0.2106853723526001 5.2889885902404785
v -0.08310332149267197 -0.3406413495540619 5.483950138092041
v -0.08441600203514099 -0.3212469220161438 5.490116119384766
v -0.10115466266870499 -0.31952783465385437 5.492624282836914
v -0.10033299773931503 -0.33864831924438477 5.488718032836914
v -0.33121025562286377 -0.2537161111831665 5.398041725158691
v -0.3080613315105438 -0.2459591031074524 5.391341686248779
v -0.3053589165210724 -0.2579290568828583 5.390362739562988
v -0.32756516337394714 -0.2702106237411499 5.393875598907471
v -0.2370709329843521 -0.6115692257881165 5.161834716796875
v -0.21268321573734283 -0.6326881051063538 5.137914657592773
v -0.18629217147827148 -0.31704407930374146 5.278636932373047
v -0.1745508313179016 -0.2991485893726349 5.266040325164795
v -0.17159612476825714 -0.3128528892993927 5.25632381439209
v -0.18339261412620544 -0.3296646177768707 5.26811408996582
v -0.19264955818653107 -0.2910182476043701 5.311324596405029
v -0.1893407106399536 -0.298445463180542 5.301407814025879
v -0.19889485836029053 -0.2827005088329315 5.319828510284424
v -0.23452851176261902 -0.2221393883228302 5.367522239685059
v -0.23382849991321564 -0.22763963043689728 5.371706485748291
v -0.24230369925498962 -0.22898472845554352 5.379796981811523
v -0.08180741965770721 -0.6111940145492554 5.323648452758789
v -0.08828435093164444 -0.5679096579551697 5.280971527099609
v -0.08307665586471558 -0.567266047000885 5.279875755310059
v -0.04669113829731941 -0.6193853616714478 5.2209248542785645
v -0.12456326931715012 -0.1078503429889679 5.506681442260742
v -0.1163552924990654 -0.1160496175289154 5.518679141998291
v -0.2570030093193054 -0.25079458951950073 5.406033515930176
v -0.2691313326358795 -0.2628081440925598 5.40516471862793
v -0.22157932817935944 -0.23970526456832886 5.367978572845459
v -0.21846164762973785 -0.2461216002702713 5.380945682525635
v -0.22360068559646606 -0.2423926740884781 5.385782241821289
v -0.22658708691596985 -0.2371571809053421 5.372632026672363
v -0.22808687388896942 -0.23120947182178497 5.363266944885254
v -0.22260670363903046 -0.23203524947166443 5.357091426849365
v -0.1805744618177414 -0.2393873631954193 5.476138591766357
v -0.17157214879989624 -0.23780225217342377 5.481754302978516
v -0.17228737473487854 -0.21944938600063324 5.485401630401611
v -0.18226386606693268 -0.22186334431171417 5.481756687164307
v -0.16292332112789154 -0.23748399317264557 5.484826564788818
v -0.1519772708415985 -0.23793081939220428 5.487127304077148
v -0.15304528176784515 -0.21662144362926483 5.489457607269287
v -0.16383983194828033 -0.21689994633197784 5.487610816955566
v -0.13731683790683746 -0.15075616538524628 5.495202541351318
v -0.11968132108449936 -0.1632632464170456 5.5023579597473145
v -0.10191334784030914 -0.1725081354379654 5.505566120147705
v -0.08695019781589508 -0.17920443415641785 5.509241580963135
v -0.08729010075330734 -0.07784460484981537 5.419832706451416
v -0.08524475991725922 -0.08083067834377289 5.409641742706299
v -0.10488702356815338 -0.07897317409515381 5.411182403564453
v -0.10911279171705246 -0.07519492506980896 5.423091411590576
v -0.10733568668365479 -0.13182668387889862 5.518670082092285
v -0.09279898554086685 -0.13872964680194855 5.524839401245117
v -0.08201894164085388 -0.15513071417808533 5.5187883377075195
v -0.3573289215564728 -0.2779686450958252 5.482972145080566
v -0.33922603726387024 -0.2611158788204193 5.483547210693359
v -0.12880194187164307 -0.08516892790794373 5.482961654663086
v -0.12884998321533203 -0.09689855575561523 5.495666980743408
v -0.3510405123233795 -0.2531889081001282 5.472140312194824
v -0.36920616030693054 -0.2705104649066925 5.471802711486816
v -0.1723729372024536 -0.1732201874256134 5.49221658706665
v -0.17885860800743103 -0.14887963235378265 5.489363670349121
v -0.181278795003891 -0.1757202297449112 5.4915995597839355
v -0.10433971136808395 -0.12235978245735168 5.528634548187256
v -0.09077396988868713 -0.12830191850662231 5.533750534057617
v -0.2384544014930725 -0.5736340284347534 5.202995300292969
v -0.22525498270988464 -0.5657529830932617 5.233673095703125
v -0.1891506463289261 -0.39613077044487 5.303436279296875
v -0.1941642463207245 -0.37800243496894836 5.2877302169799805
v -0.06809166073799133 -0.4422610104084015 5.393248558044434
v -0.06801950186491013 -0.45561355352401733 5.379540920257568
v -0.06537535041570663 -0.12001961469650269 5.546109676361084
v -0.09314907342195511 -0.4726467430591583 5.352921009063721
v -0.07258923351764679 -0.4765389561653137 5.356064319610596
v -0.06971043348312378 -0.4656778573989868 5.367619037628174
v -0.09051406383514404 -0.4640621542930603 5.364067554473877
v -0.06697864085435867 -0.48950716853141785 5.350710391998291
v -0.06621378660202026 -0.49360817670822144 5.35154914855957
v -0.06423445791006088 -0.5793637633323669 5.297524452209473
v -0.05443400517106056 -0.5838354825973511 5.301079273223877
v -0.2685771882534027 -0.24080514907836914 5.4886016845703125
v -0.25675997138023376 -0.23052054643630981 5.488724231719971
v -0.26519322395324707 -0.21441055834293365 5.494745254516602
v -0.27870309352874756 -0.22591714560985565 5.493575096130371
v -0.11162244528532028 -0.4672563970088959 5.348506927490234
v -0.1300426870584488 -0.458609938621521 5.339951515197754
v -0.2042730152606964 -0.2688594460487366 5.427674293518066
v -0.20779679715633392 -0.2651645541191101 5.41137170791626
v -0.06942678987979889 -0.3731606900691986 5.444194316864014
v -0.11644493043422699 -0.335526704788208 5.490725994110107
v -0.11779064685106277 -0.31835123896598816 5.492809295654297
v -0.13259953260421753 -0.3160370886325836 5.491226673126221
v -0.13133849203586578 -0.33260807394981384 5.490232944488525
v -0.04614512622356415 -0.6250619292259216 5.217731475830078
v -0.29976460337638855 -0.18525002896785736 5.4186506271362305
v -0.2895379364490509 -0.17636269330978394 5.414471626281738
v -0.2890738248825073 -0.18363498151302338 5.405584335327148
v -0.29982271790504456 -0.19176574051380157 5.410107135772705
v -0.04990502446889877 -0.6519448161125183 5.2563090324401855
v -0.05331785976886749 -0.6704487800598145 5.256564140319824
v -0.06367196887731552 -0.6554113626480103 5.15652322769165
v -0.050298165529966354 -0.6468563079833984 5.167989730834961
v -0.11033699661493301 -0.6508395671844482 5.363284111022949
v -0.11007372289896011 -0.6220033764839172 5.349308967590332
v -0.11088389903306961 -0.6807626485824585 5.375361442565918
v -0.11350464075803757 -0.7104317545890808 5.387884140014648
v -0.13821029663085938 -0.8984473943710327 5.412003040313721
v -0.14971163868904114 -0.9196991920471191 5.396028995513916
v -0.1577652245759964 -0.9776620268821716 5.324248790740967
v -0.1598103642463684 -0.9996867179870605 5.297952651977539
v -0.16279394924640656 -1.0234076976776123 5.270203590393066
v -0.1652403324842453 -1.0471127033233643 5.238879680633545
v -0.16801992058753967 -1.0707625150680542 5.212780475616455
v -0.37823471426963806 -0.26733720302581787 5.45833158493042
v -0.359232097864151 -0.24783354997634888 5.456789970397949
v -0.36507460474967957 -0.2511380612850189 5.442112922668457
v -0.38406750559806824 -0.27030616998672485 5.446319580078125
v -0.2927910387516022 -0.2941064238548279 5.418670177459717
v -0.2877410650253296 -0.2929385304450989 5.434022426605225
v -0.3051111400127411 -0.30870118737220764 5.435152053833008
v -0.31047379970550537 -0.30869269371032715 5.421252250671387
v -0.329904168844223 -0.324517160654068 5.4234161376953125
v -0.3382752239704132 -0.3220038414001465 5.4136738777160645
v -0.3175552189350128 -0.30631399154663086 5.409206867218018
v -0.3689062297344208 -0.3011273443698883 5.406113624572754
v -0.3768353760242462 -0.2904876172542572 5.410946846008301
v -0.3559207618236542 -0.27294954657554626 5.4041748046875
v -0.34893813729286194 -0.28545886278152466 5.4000325202941895
v -0.38541337847709656 -0.27523866295814514 5.431605815887451
v -0.36688199639320374 -0.2577524483203888 5.428016185760498
v -0.36370304226875305 -0.2646639049053192 5.414865970611572
v -0.3829922080039978 -0.2825366258621216 5.420125961303711
v -0.3211505711078644 -0.3186265230178833 5.464906692504883
v -0.3205046057701111 -0.323694109916687 5.450666904449463
v -0.30268606543540955 -0.30631133913993835 5.4505791664123535
v -0.3028043508529663 -0.3014606833457947 5.4650678634643555
v -0.27700087428092957 -0.19679677486419678 5.491847515106201
v -0.2908637821674347 -0.21111463010311127 5.489832878112793
v -0.2177760899066925 -0.2418842315673828 5.441721439361572
v -0.21794074773788452 -0.2382614016532898 5.459602355957031
v -0.2256844937801361 -0.23910729587078094 5.461218357086182
v -0.22570529580116272 -0.24025966227054596 5.445156097412109
v -0.30739903450012207 -0.2541567385196686 5.489877223968506
v -0.2919780910015106 -0.23933103680610657 5.491400241851807
v -0.30565962195396423 -0.22681434452533722 5.486735820770264
v -0.3221759498119354 -0.24458546936511993 5.484213352203369
v -0.28416332602500916 -0.28626546263694763 5.465658664703369
v -0.28443774580955505 -0.2906378209590912 5.450706481933594
v -0.26791611313819885 -0.27396485209465027 5.4506988525390625
v -0.26688554883003235 -0.271073579788208 5.466452598571777
v -0.31756797432899475 -0.28147396445274353 5.394726753234863
v -0.29684343934059143 -0.2683834135532379 5.391606330871582
v -0.250274121761322 -0.24524448812007904 5.477991580963135
v -0.2612607181072235 -0.2551072835922241 5.478875637054443
v -0.20301476120948792 -0.2801499664783478 5.425285339355469
v -0.2127278596162796 -0.2622014284133911 5.372732639312744
v -0.21515797078609467 -0.25319764018058777 5.378029823303223
v -0.17531655728816986 -0.3554477393627167 5.440715312957764
v -0.17728757858276367 -0.3470422029495239 5.453012466430664
v -0.20162269473075867 -0.3136921226978302 5.380103588104248
v -0.20600222051143646 -0.29848620295524597 5.384006977081299
v -0.18275439739227295 -0.3471604883670807 5.438565254211426
v -0.18193595111370087 -0.3429305851459503 5.44774866104126
v -0.1283779740333557 -0.3941701054573059 5.4019269943237305
v -0.08391223102807999 -0.16641239821910858 5.512096405029297
v -0.2809900939464569 -0.2529384195804596 5.486869812011719
v -0.2721099555492401 -0.26363426446914673 5.477687835693359
v -0.28969547152519226 -0.2374473661184311 5.3865766525268555
v -0.27391117811203003 -0.23027978837490082 5.383604049682617
v -0.26881521940231323 -0.23668797314167023 5.3837080001831055
v -0.2849830090999603 -0.24608032405376434 5.387197017669678
v -0.18293164670467377 -0.18528440594673157 5.313100337982178
v -0.16731314361095428 -0.18766744434833527 5.301637649536133
v -0.17677973210811615 -0.20461922883987427 5.3003411293029785
v -0.18957704305648804 -0.20021606981754303 5.3124542236328125
v -0.30197834968566895 -0.17983922362327576 5.435366153717041
v -0.30455633997917175 -0.18212299048900604 5.4471354484558105
v -0.2923468351364136 -0.1688382774591446 5.447475433349609
v -0.29129329323768616 -0.16905689239501953 5.433170795440674
v -0.2917473316192627 -0.17216052114963531 5.463640213012695
v -0.30676761269569397 -0.18914568424224854 5.460580348968506
v -0.30235540866851807 -0.19895951449871063 5.476465225219727
v -0.28719213604927063 -0.18162454664707184 5.479798793792725
v -0.22823713719844818 -0.5469198822975159 5.154233455657959
v -0.2346542477607727 -0.5477110147476196 5.18487024307251
v -0.1869792491197586 -0.45381876826286316 5.290422439575195
v -0.17113013565540314 -0.46613872051239014 5.304898738861084
v -0.14653320610523224 -0.5262352824211121 5.293546199798584
v -0.06589669734239578 -0.5915074944496155 5.284682273864746
v -0.05247464030981064 -0.6098833084106445 5.269868850708008
v -0.05910560116171837 -0.6940937042236328 5.260942459106445
v -0.23322270810604095 -0.5494587421417236 5.2113423347473145
v -0.06877622753381729 -0.7214437127113342 5.275790214538574
v -0.07939238101243973 -0.749087929725647 5.292584419250488
v -0.1348666399717331 -0.7691554427146912 5.23899507522583
v -0.1632436364889145 -0.7692859172821045 5.239123821258545
v -0.15762078762054443 -0.7458162903785706 5.214144229888916
v -0.12598146498203278 -0.744325578212738 5.213945388793945
v -0.19048462808132172 -0.7647885680198669 5.247928619384766
v -0.1871778964996338 -0.7422482967376709 5.2240142822265625
v -0.17232537269592285 -0.761619508266449 5.421122074127197
v -0.1805972456932068 -0.9026923775672913 5.257296562194824
v -0.2027117758989334 -0.9314706921577454 5.2376813888549805
v -0.20324581861495972 -0.9035240411758423 5.261441707611084
v -0.18184040486812592 -0.9291864633560181 5.2340407371521
v -0.22183872759342194 -0.9118914604187012 5.271023750305176
v -0.22135977447032928 -0.8894931674003601 5.295578479766846
v -0.2286398559808731 -0.9884642362594604 5.295802593231201
v -0.18336643278598785 -0.9592882990837097 5.212345123291016
v -0.20259658992290497 -0.9611107110977173 5.213814735412598
v -0.2215728908777237 -0.9382217526435852 5.247412204742432
v -0.2181791365146637 -0.9679399132728577 5.222808837890625
v -0.048770926892757416 -0.6370881199836731 5.255859375
v -0.20904424786567688 -0.5813901424407959 5.286124229431152
v -0.20457546412944794 -0.5600524544715881 5.275201320648193
v -0.14278154075145721 -0.546502411365509 5.288784980773926
v -0.11372964829206467 -0.5565348267555237 5.29255485534668
v -0.14595262706279755 -0.43866822123527527 5.338165283203125
v -0.1632613241672516 -0.4268776476383209 5.328006267547607
v -0.16021868586540222 -0.40246912837028503 5.352712154388428
v -0.17488110065460205 -0.38962414860725403 5.341760158538818
v -0.17618627846240997 -0.4016290605068207 5.3280110359191895
v -0.1616080403327942 -0.41547468304634094 5.338939189910889
v -0.1924687772989273 -0.3553190231323242 5.311123847961426
v -0.19264771044254303 -0.3359241485595703 5.293898105621338
v -0.190935418009758 -0.34794920682907104 5.283066749572754
v -0.19242897629737854 -0.36642539501190186 5.299768447875977
v -0.1929798424243927 -0.35916492342948914 5.271410942077637
v -0.18444973230361938 -0.34304171800613403 5.256024360656738
v -0.12404025346040726 -0.2778763175010681 5.239994049072266
v -0.14151708781719208 -0.2868380546569824 5.2427287101745605
v -0.14285218715667725 -0.27083146572113037 5.253432273864746
v -0.12514425814151764 -0.2615405321121216 5.253035068511963
v -0.07424791902303696 -0.5703217387199402 5.288437366485596
v -0.04874086007475853 -0.620426595211029 5.253267288208008
v -0.11043207347393036 -0.5976134538650513 5.333468437194824
v -0.1436072438955307 -0.5692276954650879 5.318154811859131
v -0.1775929480791092 -0.570328414440155 5.304945468902588
v -0.25272324681282043 -0.25079166889190674 5.418002605438232
v -0.21306543052196503 -0.1866680234670639 5.3462677001953125
v -0.21308033168315887 -0.19679176807403564 5.341493606567383
v -0.31994691491127014 -0.20495429635047913 5.460386276245117
v -0.3160082995891571 -0.2146788090467453 5.474018096923828
v -0.25396132469177246 -0.2595013976097107 5.4662652015686035
v -0.25476306676864624 -0.20565484464168549 5.496763706207275
v -0.24690262973308563 -0.22377356886863708 5.488992214202881
v -0.23698857426643372 -0.21618838608264923 5.490972518920898
v -0.17122657597064972 -0.5258398652076721 5.2783589363098145
v -0.1981171816587448 -0.5308482050895691 5.262818813323975
v -0.17161056399345398 -0.5345461964607239 5.2761125564575195
v -0.04772729426622391 -0.6409945487976074 5.183205604553223
v -0.08798744529485703 -0.5721971988677979 5.292264938354492
v -0.08791323751211166 -0.7753909230232239 5.309261798858643
v -0.09535347670316696 -0.7990139722824097 5.324823379516602
v -0.10111601650714874 -0.8192999958992004 5.3377366065979
v -0.10596994310617447 -0.8369645476341248 5.353446960449219
v -0.11031506955623627 -0.850496768951416 5.362224102020264
v -0.11719464510679245 -0.8618017435073853 5.365974426269531
v -0.12574677169322968 -0.8712135553359985 5.365067958831787
v -0.13037246465682983 -0.8796923160552979 5.350688457489014
v -0.12261510640382767 -0.9185625910758972 5.311029434204102
v -0.12820953130722046 -0.90635746717453 5.298982620239258
v -0.12950308620929718 -0.8907421827316284 5.326147079467773
v -0.12844465672969818 -0.9262021780014038 5.274054050445557
v -0.1306355893611908 -0.9498741626739502 5.2498626708984375
v -0.13735388219356537 -0.9765375852584839 5.226901054382324
v -0.1431351900100708 -1.0045288801193237 5.202910423278809
v -0.14675502479076385 -1.033361792564392 5.180601119995117
v -0.046557940542697906 -0.6269392371177673 5.203218936920166
v -0.04716287553310394 -0.6339305639266968 5.194931983947754
v -0.16215264797210693 -0.1707918345928192 5.491382122039795
v -0.21390265226364136 -0.2507396638393402 5.3982977867126465
v -0.21781466901302338 -0.24457311630249023 5.401353359222412
v -0.24437585473060608 -0.2516198456287384 5.465976238250732
v -0.3496713936328888 -0.24213719367980957 5.423182964324951
v -0.34801384806632996 -0.23398441076278687 5.43650484085083
v -0.25424614548683167 -0.2596188187599182 5.450628280639648
v -0.22050178050994873 -0.24328738451004028 5.42366886138916
v -0.2275116741657257 -0.24010561406612396 5.428779125213623
v -0.3811587691307068 -0.2671782374382019 5.530253887176514
v -0.39440828561782837 -0.2675408720970154 5.53482723236084
v -0.38560912013053894 -0.26304495334625244 5.552359104156494
v -0.3730508089065552 -0.2636561393737793 5.548582077026367
v -0.36920425295829773 -0.27291184663772583 5.529315948486328
v -0.3621002435684204 -0.26934611797332764 5.54728364944458
v -0.36036333441734314 -0.3295121192932129 5.545746803283691
v -0.35486331582069397 -0.31958794593811035 5.539400577545166
v -0.35232025384902954 -0.313077449798584 5.557722091674805
v -0.3585086762905121 -0.32221531867980957 5.565023422241211
v -0.3485921025276184 -0.2759029269218445 5.56430196762085
v -0.3455943763256073 -0.28663092851638794 5.566761493682861
v -0.3497842848300934 -0.2908285856246948 5.5485100746154785
v -0.354087769985199 -0.2789590358734131 5.546223163604736
v -0.384573370218277 -0.33583056926727295 5.557872772216797
v -0.39713335037231445 -0.33046162128448486 5.559703826904297
v -0.3997786343097687 -0.3405494689941406 5.541105270385742
v -0.3865182101726532 -0.34481239318847656 5.538690567016602
v -0.37264004349708557 -0.35552483797073364 5.4652886390686035
v -0.37633857131004333 -0.3653027415275574 5.470981597900391
v -0.376666396856308 -0.36922863125801086 5.4564690589904785
v -0.3735547661781311 -0.35901039838790894 5.452548980712891
v -0.39869609475135803 -0.27534371614456177 5.495065212249756
v -0.41144272685050964 -0.2788005471229553 5.497989177703857
v -0.4025879204273224 -0.2721424102783203 5.515913963317871
v -0.3893791139125824 -0.2706393003463745 5.512853145599365
v -0.36618945002555847 -0.30437177419662476 5.492051124572754
v -0.3623664379119873 -0.31914734840393066 5.494019508361816
v -0.37056517601013184 -0.32528308033943176 5.475151538848877
v -0.37597209215164185 -0.31084492802619934 5.4727888107299805
v -0.40895792841911316 -0.281665563583374 5.477506160736084
v -0.42040249705314636 -0.286882221698761 5.481691360473633
v -0.3543865978717804 -0.29475051164627075 5.529659271240234
v -0.35310399532318115 -0.3080524206161499 5.532985687255859
v -0.35705119371414185 -0.31318414211273193 5.513301849365234
v -0.3595030605792999 -0.2989853024482727 5.511016845703125
v -0.37832385301589966 -0.3166220784187317 5.593273162841797
v -0.38900360465049744 -0.31093770265579224 5.593527317047119
v -0.39373666048049927 -0.3209981322288513 5.57621431350708
v -0.38212430477142334 -0.32633286714553833 5.575192928314209
v -0.34645116329193115 -0.2969120144844055 5.5708723068237305
v -0.34976765513420105 -0.30632972717285156 5.576799392700195
v -0.3497518002986908 -0.3025604486465454 5.5522236824035645
v -0.3964466154575348 -0.2679184675216675 5.578695297241211
v -0.3881053030490875 -0.2614728808403015 5.5743231773376465
v -0.3966006934642792 -0.2668336033821106 5.555977821350098
v -0.40528538823127747 -0.2747545838356018 5.562005996704102
v -0.3662043511867523 -0.34314095973968506 5.504936218261719
v -0.36276063323020935 -0.3322877883911133 5.498599529266357
v -0.35803210735321045 -0.3261144757270813 5.518248558044434
v -0.3630788028240204 -0.3364604413509369 5.525454998016357
v -0.3843766152858734 -0.2790316343307495 5.49189567565918
v -0.37610262632369995 -0.2755863070487976 5.509969234466553
v -0.41429397463798523 -0.2832822799682617 5.543824195861816
v -0.4052567183971405 -0.27273064851760864 5.538236618041992
v -0.41336095333099365 -0.2796362042427063 5.52067232131958
v -0.4206194579601288 -0.29067689180374146 5.5262274742126465
v -0.4276368021965027 -0.31536924839019775 5.514867782592773
v -0.4213287830352783 -0.33018630743026733 5.51934289932251
v -0.4178352952003479 -0.3190092444419861 5.536304473876953
v -0.42249244451522827 -0.30473893880844116 5.532483100891113
v -0.3692156970500946 -0.3499498963356018 5.483438014984131
v -0.37530437111854553 -0.3592821955680847 5.491586208343506
v -0.38721954822540283 -0.35422953963279724 5.521006107330322
v -0.4007788598537445 -0.3505680561065674 5.522984504699707
v -0.4020565450191498 -0.3607453405857086 5.502693176269531
v -0.38768574595451355 -0.36351481080055237 5.497786045074463
v -0.40058737993240356 -0.30927929282188416 5.45344352722168
v -0.41461876034736633 -0.30200695991516113 5.45452880859375
v -0.40706026554107666 -0.2945026457309723 5.460700511932373
v -0.39502382278442383 -0.30405378341674805 5.458413600921631
v -0.4192788600921631 -0.29101696610450745 5.46419095993042
v -0.4262430965900421 -0.299169659614563 5.455636978149414
v -0.43319156765937805 -0.31047719717025757 5.449883460998535
v -0.4335355758666992 -0.31788668036460876 5.445865631103516
v -0.4371602535247803 -0.32020339369773865 5.450133800506592
v -0.4371655285358429 -0.3103804290294647 5.452396392822266
v -0.4354691803455353 -0.33896997570991516 5.480732440948486
v -0.4253040850162506 -0.35278287529945374 5.480490207672119
v -0.42416688799858093 -0.3418249487876892 5.500777721405029
v -0.4328421950340271 -0.32745516300201416 5.4980340003967285
v -0.4119931757450104 -0.3695725202560425 5.461679458618164
v -0.39900678396224976 -0.3753007650375366 5.462485313415527
v -0.4015798568725586 -0.3697264790534973 5.480345726013184
v -0.41463348269462585 -0.36333128809928894 5.480675220489502
v -0.3753288984298706 -0.35148847103118896 5.421633243560791
v -0.3664669096469879 -0.3556292653083801 5.427629470825195
v -0.3784656822681427 -0.3664519786834717 5.431151390075684
v -0.38826432824134827 -0.36223188042640686 5.428255558013916
v -0.364642858505249 -0.3636201322078705 5.445497989654541
v -0.35377588868141174 -0.35385754704475403 5.447772026062012
v -0.35357820987701416 -0.3487963080406189 5.458228588104248
v -0.36431393027305603 -0.3568403720855713 5.454198837280273
v -0.3930773437023163 -0.30835211277008057 5.474715232849121
v -0.404746413230896 -0.29981130361557007 5.468677520751953
v -0.41362273693084717 -0.3060592710971832 5.465368270874023
v -0.4013901650905609 -0.31424298882484436 5.466574668884277
v -0.4352473318576813 -0.3474206030368805 5.464635848999023
v -0.4238816201686859 -0.3611149787902832 5.462254047393799
v -0.3717322051525116 -0.369108110666275 5.445372104644775
v -0.3701901137828827 -0.3606798052787781 5.449789524078369
v -0.3730359971523285 -0.36153101921081543 5.449393272399902
v -0.3750264346599579 -0.37052497267723083 5.448501110076904
v -0.3818889260292053 -0.3398336172103882 5.4613871574401855
v -0.3918764591217041 -0.32697317004203796 5.459589958190918
v -0.3927696943283081 -0.3256238102912903 5.454193115234375
v -0.38394442200660706 -0.33838027715682983 5.453031539916992
v -0.4040772616863251 -0.31586363911628723 5.461437225341797
v -0.4177149832248688 -0.3090580701828003 5.457218170166016
v -0.41694024205207825 -0.3060477674007416 5.454108715057373
v -0.4034516513347626 -0.31353020668029785 5.453334331512451
v -0.43370404839515686 -0.34807589650154114 5.452624320983887
v -0.43688544631004333 -0.33780238032341003 5.453061103820801
v -0.43372368812561035 -0.3383185863494873 5.445323944091797
v -0.4296312928199768 -0.3478394150733948 5.44260311126709
v -0.40562763810157776 -0.37153708934783936 5.448000907897949
v -0.3938692510128021 -0.3773450553417206 5.448822975158691
v -0.3832284212112427 -0.33445173501968384 5.452686786651611
v -0.375739187002182 -0.3477691411972046 5.452948093414307
v -0.37597599625587463 -0.35042357444763184 5.452178001403809
v -0.42860856652259827 -0.30422329902648926 5.452428340911865
v -0.38435763120651245 -0.34605950117111206 5.418955326080322
v -0.3935525119304657 -0.33860260248184204 5.416999340057373
v -0.37824469804763794 -0.3264642655849457 5.4109978675842285
v -0.3689308762550354 -0.3340904116630554 5.413814544677734
v -0.3598315119743347 -0.3393336236476898 5.418744087219238
v -0.3509604036808014 -0.3427617847919464 5.425787448883057
v -0.3391256630420685 -0.34111958742141724 5.4489054679870605
v -0.33936798572540283 -0.3359844386577606 5.463196754455566
v -0.3434651792049408 -0.32787835597991943 5.475678443908691
v -0.35050302743911743 -0.31707775592803955 5.48417854309082
v -0.36567240953445435 -0.32892000675201416 5.480021953582764
v -0.3578883707523346 -0.33989617228507996 5.469412326812744
v -0.3760487139225006 -0.29516515135765076 5.479423522949219
v -0.38840213418006897 -0.2875012159347534 5.470612525939941
v -0.41238462924957275 -0.2971039414405823 5.459531307220459
v -0.3972104489803314 -0.2847902774810791 5.459519863128662
v -0.37773600220680237 -0.3739641308784485 5.441220760345459
v -0.36988401412963867 -0.36722084879875183 5.437598705291748
v -0.4165284335613251 -0.2952302098274231 5.550156116485596
v -0.4135205149650574 -0.3089575171470642 5.553384780883789
v -0.4073958992958069 -0.2991199493408203 5.5714945793151855
v -0.40850645303726196 -0.2856336236000061 5.566666603088379
v -0.395792156457901 -0.3008926510810852 5.592288494110107
v -0.40211188793182373 -0.3111269474029541 5.5751166343688965
v -0.359615683555603 -0.2821437120437622 5.5279059410095215
v -0.36583852767944336 -0.28597521781921387 5.510104179382324
v -0.355095773935318 -0.26624852418899536 5.564506530761719
v -0.39127054810523987 -0.3220418393611908 5.4534687995910645
v -0.3859120309352875 -0.31673023104667664 5.459008693695068
v -0.43096238374710083 -0.3265586197376251 5.441478729248047
v -0.42622509598731995 -0.3127295970916748 5.443558692932129
v -0.42399993538856506 -0.32021692395210266 5.43625545501709
v -0.43853965401649475 -0.3329026401042938 5.463621616363525
v -0.4375744163990021 -0.3230244219303131 5.476256847381592
v -0.4329507052898407 -0.3083404004573822 5.469618797302246
v -0.4365678131580353 -0.32045987248420715 5.45745849609375
v -0.4233751595020294 -0.3446037471294403 5.434151649475098
v -0.42858752608299255 -0.33491984009742737 5.436980724334717
v -0.4207123816013336 -0.3283408284187317 5.430311679840088
v -0.4146434962749481 -0.3380255401134491 5.42525053024292
v -0.37849974632263184 -0.31893160939216614 5.4800705909729
v -0.3881194293498993 -0.32577550411224365 5.470222473144531
v -0.40304163098335266 -0.29240986704826355 5.435984134674072
v -0.4158416986465454 -0.3038850426673889 5.44067907333374
v -0.41626396775245667 -0.2999064326286316 5.449240684509277
v -0.40288612246513367 -0.28820931911468506 5.448204517364502
v -0.42586731910705566 -0.3063468039035797 5.449524879455566
v -0.4002249538898468 -0.2982250452041626 5.426173686981201
v -0.41369497776031494 -0.3104533553123474 5.431156158447266
v -0.3619667589664459 -0.3054516315460205 5.486020565032959
v -0.4025103747844696 -0.32853084802627563 5.418087482452393
v -0.40949153900146484 -0.3187457323074341 5.423764705657959
v -0.39511504769325256 -0.3064025640487671 5.417407035827637
v -0.3875507414340973 -0.3163716197013855 5.412365913391113
v -0.40673258900642395 -0.32108116149902344 5.557619094848633
v -0.4103337526321411 -0.3311971426010132 5.539763927459717
v -0.38576337695121765 -0.3754870593547821 5.459046363830566
v -0.387330561876297 -0.37098583579063416 5.4759697914123535
v -0.38302990794181824 -0.376436322927475 5.447813510894775
v -0.371372789144516 -0.3355291783809662 5.552376747131348
v -0.3690505921840668 -0.3268057107925415 5.572143077850342
v -0.3746218979358673 -0.3514289855957031 5.513264179229736
v -0.37297800183296204 -0.34364593029022217 5.533814907073975
v -0.4279822111129761 -0.30055147409439087 5.508212566375732
v -0.40772730112075806 -0.3628099858760834 5.435208320617676
v -0.3979894816875458 -0.36902177333831787 5.43572998046875
v -0.4159492254257202 -0.3651426434516907 5.447083950042725
v -0.34326526522636414 -0.34265387058258057 5.437325954437256
v -0.3585609793663025 -0.3564493656158447 5.437092304229736
v -0.42803192138671875 -0.35706430673599243 5.452423572540283
v -0.32394734025001526 -0.3263665735721588 5.4349236488342285
v -0.4348627030849457 -0.3051574230194092 5.456981658935547
v -0.4280431270599365 -0.30667123198509216 5.454977035522461
v -0.4219670295715332 -0.30394330620765686 5.457622528076172
v -0.37556031346321106 -0.2573694586753845 5.5699944496154785
v -0.3733539879322052 -0.29037946462631226 5.491286754608154
v -0.37865766882896423 -0.3308311402797699 5.459415435791016
v -0.3731571435928345 -0.34372347593307495 5.461583614349365
v -0.41609466075897217 -0.35466086864471436 5.433512210845947
v -0.40643033385276794 -0.34827566146850586 5.424386024475098
v -0.39742475748062134 -0.35597729682922363 5.425422668457031
v -0.3760831654071808 -0.3370335102081299 5.472827434539795
v -0.36826518177986145 -0.347931444644928 5.463135719299316
v -0.3664400279521942 -0.3180978298187256 5.589642524719238
v -0.37462231516838074 -0.35199466347694397 5.457634925842285
v -0.4302654564380646 -0.29803910851478577 5.465366363525391
v -0.08266075700521469 -0.10530290007591248 5.373205661773682
v -0.19497530162334442 -0.3269292712211609 5.376498699188232
v -0.1558864265680313 -0.36691489815711975 5.393824577331543
v -0.1694910228252411 -0.35573074221611023 5.384766101837158
v -0.20967702567577362 -0.2707275152206421 5.391118049621582
v -0.21138791739940643 -0.25956568121910095 5.393826961517334
v -0.22363808751106262 -0.2400394231081009 5.408232688903809
v -0.2308129221200943 -0.23788587749004364 5.413646221160889
v -0.20280149579048157 -0.3067847788333893 5.404031753540039
v -0.16198861598968506 0.030998406931757927 5.5515313148498535
v -0.16010381281375885 0.025360075756907463 5.54643440246582
v -0.16577082872390747 0.04339560866355896 5.556635856628418
v -0.06400179862976074 -0.48425018787384033 5.3520331382751465
v -0.15453919768333435 0.015185294672846794 5.55840539932251
v -0.1524433195590973 0.00937899760901928 5.5534844398498535
v -0.15666957199573517 0.01144501380622387 5.557135105133057
v -0.15375414490699768 0.015910295769572258 5.560782432556152
v -0.15381820499897003 0.016666380688548088 5.560569763183594
v -0.16356486082077026 0.04312923550605774 5.566904544830322
v -0.15702778100967407 0.01820206455886364 5.543156147003174
v -0.1536465585231781 0.009907541796565056 5.541863918304443
v -0.15870362520217896 0.028538016602396965 5.567625522613525
v -0.10149864852428436 -0.3692474961280823 5.160734176635742
v -0.07720160484313965 -0.36638396978378296 5.161171913146973
v -0.0792667418718338 -0.3857988119125366 5.145992755889893
v -0.10549955815076828 -0.3888258635997772 5.145903587341309
v -0.0812540054321289 -0.4054553806781769 5.130733489990234
v -0.19941872358322144 -0.45847824215888977 5.144359111785889
v -0.21556319296360016 -0.46200627088546753 5.165653228759766
v -0.21118223667144775 -0.4401386082172394 5.175309181213379
v -0.1954101324081421 -0.4353979527950287 5.154277801513672
v -0.2163817435503006 -0.4312687814235687 5.204206466674805
v -0.20479102432727814 -0.4226251244544983 5.183370590209961
v -0.22177638113498688 -0.448018342256546 5.199522495269775
v -0.22517351806163788 -0.45981141924858093 5.2236409187316895
v -0.22035159170627594 -0.44271841645240784 5.228126049041748
v -0.22078172862529755 -0.47339490056037903 5.24527645111084
v -0.21716006100177765 -0.455849826335907 5.250068187713623
v -0.21087691187858582 -0.48698800802230835 5.263006687164307
v -0.19547335803508759 -0.4980309009552002 5.2779107093811035
v -0.1732715219259262 -0.5145168304443359 5.276651859283447
v -0.15053017437458038 -0.5131602883338928 5.2995476722717285
v -0.17450620234012604 -0.5057446360588074 5.289765357971191
v -0.10297470539808273 -0.5297410488128662 5.317685127258301
v -0.1261271834373474 -0.5206619501113892 5.307814121246338
v -0.0653020441532135 -0.5445235967636108 5.335716247558594
v -0.0830167606472969 -0.5385493040084839 5.327308177947998
v -0.1572539359331131 -0.19614313542842865 5.489623546600342
v -0.15695476531982422 -0.08328789472579956 5.448951244354248
v -0.16663548350334167 -0.08819171786308289 5.446646213531494
v -0.172648087143898 -0.09959582984447479 5.465640068054199
v -0.1887897402048111 -0.10725189745426178 5.3887248039245605
v -0.19046159088611603 -0.10175791382789612 5.4075026512146
v -0.1707402616739273 -0.09722176194190979 5.39695405960083
v -0.16873323917388916 -0.10404454171657562 5.381381988525391
v -0.1472030133008957 -0.07927089929580688 5.433994293212891
v -0.14091479778289795 -0.07769560813903809 5.4350996017456055
v -0.15489298105239868 -0.08240662515163422 5.429230213165283
v -0.12173507362604141 -0.08125773072242737 5.407445907592773
v -0.13907232880592346 -0.08053769171237946 5.416276931762695
v -0.21050278842449188 -0.12002959847450256 5.4643354415893555
v -0.21416373550891876 -0.11392989754676819 5.441808700561523
v -0.22294709086418152 -0.11985757946968079 5.445633411407471
v -0.22058527171611786 -0.12625622749328613 5.467710494995117
v -0.21599382162094116 -0.12650524079799652 5.3889007568359375
v -0.2136160135269165 -0.1347920149564743 5.375664234161377
v -0.22466900944709778 -0.13925957679748535 5.38192892074585
v -0.2258070856332779 -0.13136081397533417 5.394085884094238
v -0.2522590458393097 -0.1485193967819214 5.48106575012207
v -0.25402000546455383 -0.14056992530822754 5.46061372756958
v -0.26627641916275024 -0.1490207016468048 5.462573528289795
v -0.26343879103660583 -0.15777739882469177 5.481830596923828
v -0.2256593257188797 -0.12540237605571747 5.409580230712891
v -0.14181113243103027 -0.17357702553272247 5.298529148101807
v -0.16067497432231903 -0.17168498039245605 5.306732654571533
v -0.17710866034030914 -0.1710517257452011 5.316335201263428
v -0.2138858437538147 -0.1770390272140503 5.351043224334717
v -0.20392094552516937 -0.17418698966503143 5.340979099273682
v -0.20420941710472107 -0.18521621823310852 5.3351030349731445
v -0.22468335926532745 -0.17946282029151917 5.35695743560791
v -0.23420563340187073 -0.18452151119709015 5.3640570640563965
v -0.23083099722862244 -0.23194463551044464 5.477626800537109
v -0.2217670977115631 -0.2288285791873932 5.478161334991455
v -0.22699636220932007 -0.20877797901630402 5.491321086883545
v -0.2532949447631836 -0.20122061669826508 5.378114700317383
v -0.24213933944702148 -0.19530902802944183 5.370455741882324
v -0.23978304862976074 -0.20170912146568298 5.369483947753906
v -0.2513418197631836 -0.2064146101474762 5.376823902130127
v -0.2010209709405899 -0.11375050246715546 5.461874008178711
v -0.26708319783210754 -0.14793209731578827 5.443375110626221
v -0.2545784115791321 -0.14041073620319366 5.441277027130127
v -0.2550680935382843 -0.1431579440832138 5.42564058303833
v -0.26787933707237244 -0.15066111087799072 5.430067539215088
v -0.2669219672679901 -0.15460842847824097 5.415438175201416
v -0.25527888536453247 -0.14770014584064484 5.411553382873535
v -0.25455740094184875 -0.15378189086914062 5.399023056030273
v -0.26586002111434937 -0.16014739871025085 5.404074192047119
v -0.2567621171474457 -0.19464415311813354 5.378879547119141
v -0.24441224336624146 -0.18832242488861084 5.37298583984375
v -0.26553624868392944 -0.18487662076950073 5.493948936462402
v -0.22395983338356018 -0.14815913140773773 5.492361545562744
v -0.21342432498931885 -0.16855257749557495 5.500895977020264
v -0.2042914479970932 -0.16170722246170044 5.498847484588623
v -0.2135535627603531 -0.14078527688980103 5.488636493682861
v -0.245749831199646 -0.24050933122634888 5.403131008148193
v -0.24099983274936676 -0.2405971735715866 5.416481018066406
v -0.24945694208145142 -0.23870888352394104 5.391605377197266
v -0.23530498147010803 -0.2143515646457672 5.367089748382568
v -0.25267234444618225 -0.23520828783512115 5.384699821472168
v -0.2353353351354599 -0.2449338585138321 5.463671684265137
v -0.24009931087493896 -0.23687292635440826 5.477725505828857
v -0.20530739426612854 -0.19197572767734528 5.495205402374268
v -0.19650022685527802 -0.18516139686107635 5.4948410987854
v -0.2748352587223053 -0.1687876433134079 5.48140287399292
v -0.2790876626968384 -0.15997731685638428 5.464768886566162
v -0.2672305405139923 -0.2075108140707016 5.382569313049316
v -0.26536136865615845 -0.21288283169269562 5.381317138671875
v -0.27833637595176697 -0.2184533178806305 5.385676383972168
v -0.22785834968090057 -0.2087455838918686 5.3568525314331055
v -0.23723649978637695 -0.207675963640213 5.369020462036133
v -0.23004896938800812 -0.13334371149539948 5.473461151123047
v -0.2799133062362671 -0.15709006786346436 5.445667743682861
v -0.28023284673690796 -0.15950506925582886 5.431556701660156
v -0.24482578039169312 -0.14177373051643372 5.405269145965576
v -0.24408645927906036 -0.13655564188957214 5.420431137084961
v -0.2346944808959961 -0.1305767297744751 5.414716720581055
v -0.2353825569152832 -0.1362544596195221 5.3999199867248535
v -0.2794341742992401 -0.1696602702140808 5.408863067626953
v -0.2772756814956665 -0.17542493343353271 5.400146484375
v -0.23485076427459717 -0.1435726135969162 5.387312412261963
v -0.24430087208747864 -0.14842519164085388 5.392313003540039
v -0.27015310525894165 -0.2004844844341278 5.3834147453308105
v -0.18893921375274658 -0.1790405511856079 5.494163990020752
v -0.18491096794605255 -0.20130717754364014 5.489217758178711
v -0.1757383793592453 -0.1984461098909378 5.489826679229736
v -0.20284812152385712 -0.2158188819885254 5.48410701751709
v -0.19395025074481964 -0.2082986831665039 5.486724853515625
v -0.21238693594932556 -0.22413142025470734 5.480801105499268
v -0.1669396609067917 -0.1962852030992508 5.491100788116455
v -0.4231474697589874 -0.35615095496177673 5.442073345184326
v -0.27747005224227905 -0.224086195230484 5.3846540451049805
v -0.2905801236629486 -0.22939902544021606 5.387463569641113
v -0.29018980264663696 -0.22263328731060028 5.387351036071777
v -0.3438863754272461 -0.24696330726146698 5.410696506500244
v -0.04970064386725426 -0.057470858097076416 5.629293441772461
v -0.049036141484975815 -0.053141891956329346 5.633083343505859
v -0.050093814730644226 -0.03471514582633972 5.639622211456299
v -0.05059561878442764 -0.031244071200489998 5.639790058135986
v -0.4349205195903778 -0.32970136404037476 5.447185039520264
v -0.43658313155174255 -0.33006903529167175 5.453060150146484
v -0.4333607852458954 -0.31117668747901917 5.491485595703125
v -0.42092373967170715 -0.2876976728439331 5.502464771270752
v -0.4280516803264618 -0.29762303829193115 5.485232353210449
v -0.3949204981327057 -0.2848582863807678 5.4740214347839355
v -0.38312193751335144 -0.2953833341598511 5.472525596618652
v -0.3681541383266449 -0.33881255984306335 5.478109359741211
v -0.4139420986175537 -0.35340169072151184 5.501619815826416
v -0.34750276803970337 -0.2515813112258911 5.601046562194824
v -0.35729125142097473 -0.24759817123413086 5.604668140411377
v -0.3484426736831665 -0.24292391538619995 5.620708465576172
v -0.33826690912246704 -0.24721133708953857 5.616664409637451
v -0.3312980830669403 -0.2421594262123108 5.632111072540283
v -0.32501426339149475 -0.25007814168930054 5.632059574127197
v -0.33137473464012146 -0.25476694107055664 5.617612361907959
v -0.32334551215171814 -0.25872015953063965 5.63559627532959
v -0.3285270929336548 -0.2634849548339844 5.618309497833252
v -0.32550060749053955 -0.26698529720306396 5.638726711273193
v -0.3293474316596985 -0.2732928395271301 5.643020153045654
v -0.3333488702774048 -0.27917200326919556 5.626948356628418
v -0.329880028963089 -0.27195489406585693 5.621997833251953
v -0.342369943857193 -0.2917790412902832 5.614344120025635
v -0.3387046158313751 -0.2850226163864136 5.632645606994629
v -0.3452494740486145 -0.2895652651786804 5.636739253997803
v -0.34908804297447205 -0.2980921268463135 5.619772434234619
v -0.35832253098487854 -0.27889758348464966 5.659918785095215
v -0.36497819423675537 -0.27324819564819336 5.659853458404541
v -0.37091755867004395 -0.28230971097946167 5.643711090087891
v -0.3635580241680145 -0.2886667847633362 5.64453649520874
v -0.384930819272995 -0.2727816104888916 5.622328758239746
v -0.3826397955417633 -0.2828570008277893 5.624731063842773
v -0.3756316006183624 -0.2735515832901001 5.642238140106201
v -0.377470999956131 -0.264013409614563 5.639141082763672
v -0.372173547744751 -0.25542354583740234 5.6538848876953125
v -0.3693329393863678 -0.24701058864593506 5.650300979614258
v -0.37584489583969116 -0.25556308031082153 5.63498592376709
v -0.36431431770324707 -0.25919145345687866 5.566567897796631
v -0.3570786118507385 -0.2561015486717224 5.5838775634765625
v -0.3474750220775604 -0.26271986961364746 5.582137584686279
v -0.3343733549118042 -0.27664029598236084 5.604366779327393
v -0.3392508924007416 -0.28080660104751587 5.586154937744141
v -0.34095585346221924 -0.270938515663147 5.584280490875244
v -0.33450132608413696 -0.2674989104270935 5.600914478302002
v -0.35617396235466003 -0.31444597244262695 5.582756519317627
v -0.3457304537296295 -0.2985615134239197 5.596456050872803
v -0.3525858223438263 -0.30574047565460205 5.6022138595581055
v -0.3372933864593506 -0.2845703959465027 5.608005523681641
v -0.3413729667663574 -0.289981484413147 5.590699195861816
v -0.3585698902606964 -0.3004491925239563 5.624595642089844
v -0.35428130626678467 -0.2911764979362488 5.642332077026367
v -0.36943742632865906 -0.2505093812942505 5.6075005531311035
v -0.3780289888381958 -0.25508350133895874 5.612917900085449
v -0.36940819025039673 -0.2488619089126587 5.629681587219238
v -0.3605298697948456 -0.2447758913040161 5.624939918518066
v -0.36289119720458984 -0.3093677759170532 5.606120586395264
v -0.387066125869751 -0.26128292083740234 5.595524787902832
v -0.37879180908203125 -0.25586557388305664 5.591184616088867
v -0.3833039402961731 -0.26282399892807007 5.6174235343933105
v -0.39195775985717773 -0.2702013850212097 5.60106897354126
v -0.3526298403739929 -0.23859518766403198 5.639126777648926
v -0.34101125597953796 -0.2375119924545288 5.6349077224731445
v -0.3680649697780609 -0.25367969274520874 5.586258411407471
v -0.3690207004547119 -0.29838889837265015 5.627498626708984
v -0.37759003043174744 -0.29189759492874146 5.627682209014893
v -0.38363218307495117 -0.3014851212501526 5.6094794273376465
v -0.3739975392818451 -0.30759191513061523 5.608988285064697
v -0.39990517497062683 -0.28973913192749023 5.587455749511719
v -0.3895126283168793 -0.29175621271133423 5.608205795288086
v -0.392461359500885 -0.2810555100440979 5.605378150939941
v -0.3698280453681946 -0.2657540440559387 5.657818794250488
v -0.3998167812824249 -0.27761250734329224 5.584043979644775
v -0.31077882647514343 -0.21205908060073853 5.702437400817871
v -0.3088931143283844 -0.21994781494140625 5.6965742111206055
v -0.3004603981971741 -0.21332073211669922 5.694954872131348
v -0.30320921540260315 -0.2057841420173645 5.700525283813477
v -0.29270246624946594 -0.2297009825706482 5.681249141693115
v -0.29149824380874634 -0.2307729721069336 5.670722484588623
v -0.2853173315525055 -0.21945077180862427 5.671870231628418
v -0.2864753007888794 -0.2190297245979309 5.681188106536865
v -0.29817336797714233 -0.19917112588882446 5.696234703063965
v -0.2948923707008362 -0.20688092708587646 5.691496849060059
v -0.29762187600135803 -0.19545435905456543 5.690152645111084
v -0.3030036985874176 -0.1870686411857605 5.694485664367676
v -0.3005499541759491 -0.19182634353637695 5.699377059936523
v -0.3051040470600128 -0.1804414987564087 5.698072910308838
v -0.31272628903388977 -0.18638503551483154 5.6879658699035645
v -0.3142612874507904 -0.1781594157218933 5.696071147918701
v -0.3367948532104492 -0.19323986768722534 5.694626331329346
v -0.34425273537635803 -0.19852471351623535 5.698099613189697
v -0.3412625193595886 -0.1891775131225586 5.7093353271484375
v -0.33311155438423157 -0.1843309998512268 5.704112529754639
v -0.35103753209114075 -0.20456969738006592 5.715483665466309
v -0.3462795913219452 -0.19595253467559814 5.713277339935303
v -0.34905770421028137 -0.20483821630477905 5.701517105102539
v -0.3533448874950409 -0.212094247341156 5.704861640930176
v -0.3226882815361023 -0.22078299522399902 5.704583168029785
v -0.32286524772644043 -0.22930365800857544 5.699634552001953
v -0.31770017743110657 -0.22548192739486694 5.698043346405029
v -0.3182433545589447 -0.21752357482910156 5.703074932098389
v -0.29296958446502686 -0.19227206707000732 5.682489395141602
v -0.30360540747642517 -0.19333922863006592 5.680523872375488
v -0.30151084065437317 -0.19168269634246826 5.6863861083984375
v -0.29154664278030396 -0.1934821605682373 5.686330795288086
v -0.32937178015708923 -0.25618165731430054 5.69345760345459
v -0.332188218832016 -0.2636721134185791 5.68420934677124
v -0.32641932368278503 -0.26068371534347534 5.679145336151123
v -0.32488226890563965 -0.2539401650428772 5.688960552215576
v -0.30499255657196045 -0.24795418977737427 5.668651103973389
v -0.3130950629711151 -0.2540090084075928 5.667699337005615
v -0.31265008449554443 -0.24871110916137695 5.654319763183594
v -0.3073905408382416 -0.24184942245483398 5.656972885131836
v -0.29799360036849976 -0.24029076099395752 5.668695449829102
v -0.30218505859375 -0.23450785875320435 5.659266948699951
v -0.29622626304626465 -0.22555941343307495 5.662128448486328
v -0.28898125886917114 -0.21513444185256958 5.664648056030273
v -0.34239232540130615 -0.26695650815963745 5.686264991760254
v -0.34079620242118835 -0.26291733980178833 5.696139335632324
v -0.2892518937587738 -0.15595567226409912 5.732810020446777
v -0.2909725308418274 -0.1586458683013916 5.737248420715332
v -0.29314127564430237 -0.16157424449920654 5.734077453613281
v -0.2911260724067688 -0.15898549556732178 5.728372097015381
v -0.35777026414871216 -0.2551209330558777 5.691860675811768
v -0.36162909865379333 -0.24736982583999634 5.688552379608154
v -0.36238986253738403 -0.2521664500236511 5.6840691566467285
v -0.35762789845466614 -0.25991111993789673 5.686247825622559
v -0.35821956396102905 -0.2494751214981079 5.699106693267822
v -0.36110034584999084 -0.24078410863876343 5.6948418617248535
v -0.29621946811676025 -0.14622527360916138 5.730557918548584
v -0.29221323132514954 -0.14878463745117188 5.729523658752441
v -0.2950243353843689 -0.15182948112487793 5.725302696228027
v -0.2993825376033783 -0.14948725700378418 5.725822448730469
v -0.30349981784820557 -0.19854015111923218 5.704030990600586
v -0.31035539507865906 -0.20457881689071655 5.70704460144043
v -0.3037615120410919 -0.18656432628631592 5.71686315536499
v -0.30849698185920715 -0.19634681940078735 5.713340759277344
v -0.30227670073509216 -0.19118732213974 5.707841873168945
v -0.300997793674469 -0.1840617060661316 5.711427688598633
v -0.323262095451355 -0.20836091041564941 5.718282222747803
v -0.32473814487457275 -0.21547937393188477 5.712284564971924
v -0.3196047246456146 -0.2100316882133484 5.7112531661987305
v -0.31791457533836365 -0.20287179946899414 5.717062950134277
v -0.33021897077560425 -0.223774254322052 5.7191033363342285
v -0.32979825139045715 -0.21677559614181519 5.725043296813965
v -0.3325504958629608 -0.22136235237121582 5.728427410125732
v -0.33273765444755554 -0.22722721099853516 5.722815990447998
v -0.3246832489967346 -0.20035183429718018 5.73396110534668
v -0.3240883946418762 -0.19338291883468628 5.73850679397583
v -0.3276125192642212 -0.19631600379943848 5.741320610046387
v -0.3279053866863251 -0.20347201824188232 5.7367353439331055
v -0.3641220033168793 -0.2557593584060669 5.679035663604736
v -0.35909226536750793 -0.2636556625366211 5.679933071136475
v -0.35760489106178284 -0.22162854671478271 5.723559379577637
v -0.35674789547920227 -0.2310299277305603 5.727381706237793
v -0.356604665517807 -0.2266201376914978 5.7364702224731445
v -0.35757991671562195 -0.21705776453018188 5.732855319976807
v -0.36163878440856934 -0.23872005939483643 5.683399677276611
v -0.3632606863975525 -0.24329912662506104 5.678986072540283
v -0.30046990513801575 -0.14588278532028198 5.734256744384766
v -0.30370277166366577 -0.14914727210998535 5.729317665100098
v -0.3046790361404419 -0.21983766555786133 5.658987998962402
v -0.29599130153656006 -0.20945918560028076 5.663891315460205
v -0.3110401928424835 -0.228457510471344 5.655534267425537
v -0.3148907423019409 -0.23462700843811035 5.65381383895874
v -0.31720420718193054 -0.23974204063415527 5.649144172668457
v -0.3111671507358551 -0.19471120834350586 5.717758655548096
v -0.3166300356388092 -0.21100711822509766 5.707347393035889
v -0.32544398307800293 -0.2238703966140747 5.707706928253174
v -0.33951762318611145 -0.2416914701461792 5.724166393280029
v -0.3402639925479889 -0.24733471870422363 5.71826171875
v -0.3332778215408325 -0.24116218090057373 5.715180397033691
v -0.3347568213939667 -0.23673367500305176 5.720131874084473
v -0.35178178548812866 -0.23765325546264648 5.729459285736084
v -0.3449505865573883 -0.23795807361602783 5.7310099601745605
v -0.3446151912212372 -0.23267889022827148 5.737357139587402
v -0.35135287046432495 -0.23262780904769897 5.738453388214111
v -0.2925882041454315 -0.19084620475769043 5.6786041259765625
v -0.30196529626846313 -0.1961146593093872 5.674279689788818
v -0.3510521352291107 -0.26149308681488037 5.6958513259887695
v -0.3509953022003174 -0.2652866244316101 5.6882734298706055
v -0.3523517847061157 -0.26817429065704346 5.680744647979736
v -0.32378819584846497 -0.24248123168945312 5.69488000869751
v -0.321691632270813 -0.252946138381958 5.685172080993652
v -0.3166123330593109 -0.25073760747909546 5.684528350830078
v -0.3205941915512085 -0.23978745937347412 5.693247318267822
v -0.30493563413619995 -0.23001080751419067 5.690928936004639
v -0.3008803427219391 -0.23955225944519043 5.682548522949219
v -0.2963869273662567 -0.22189009189605713 5.68916130065918
v -0.3209744393825531 -0.25834906101226807 5.674986362457275
v -0.32917991280555725 -0.26525425910949707 5.669588565826416
v -0.3230777978897095 -0.2620314359664917 5.664913177490234
v -0.3363480269908905 -0.26803237199783325 5.674727916717529
v -0.3449645936489105 -0.2697305679321289 5.67829704284668
v -0.3318934738636017 -0.27052849531173706 5.660778045654297
v -0.3261486291885376 -0.2671482563018799 5.656780242919922
v -0.3395002484321594 -0.2729179263114929 5.666070938110352
v -0.34749341011047363 -0.2733392119407654 5.669511795043945
v -0.36869147419929504 -0.24964356422424316 5.664994716644287
v -0.3668866455554962 -0.25934702157974243 5.669545650482178
v -0.36561664938926697 -0.24668490886688232 5.673242092132568
v -0.31828492879867554 -0.2533825635910034 5.647738933563232
v -0.3175477981567383 -0.25740230083465576 5.659340858459473
v -0.32146623730659485 -0.26190823316574097 5.652146339416504
v -0.3204061686992645 -0.24426835775375366 5.643929481506348
v -0.2822228968143463 -0.21124142408370972 5.68101692199707
v -0.2782091498374939 -0.2047804594039917 5.681756496429443
v -0.2821139395236969 -0.20225417613983154 5.686894416809082
v -0.28654807806015015 -0.20732080936431885 5.686732769012451
v -0.30595046281814575 -0.1746806502342224 5.703384876251221
v -0.30139923095703125 -0.17932623624801636 5.706104755401611
v -0.3010624349117279 -0.1853647232055664 5.701968193054199
v -0.33154577016830444 -0.25207996368408203 5.702582836151123
v -0.3410404920578003 -0.2582772374153137 5.7057647705078125
v -0.30691465735435486 -0.18705832958221436 5.719967842102051
v -0.3028285503387451 -0.15366941690444946 5.722214698791504
v -0.2979785203933716 -0.15599548816680908 5.720550537109375
v -0.3023451268672943 -0.16403043270111084 5.713049411773682
v -0.30753767490386963 -0.1612304449081421 5.713838577270508
v -0.3092469871044159 -0.18054449558258057 5.726196765899658
v -0.30527061223983765 -0.1813938021659851 5.722646713256836
v -0.30264225602149963 -0.17613041400909424 5.726739406585693
v -0.30698099732398987 -0.17405223846435547 5.729628562927246
v -0.3309652805328369 -0.2024049162864685 5.742906093597412
v -0.3313075304031372 -0.20832496881484985 5.740091800689697
v -0.3268382251262665 -0.17795330286026 5.715242385864258
v -0.32166385650634766 -0.17321133613586426 5.706140518188477
v -0.32480958104133606 -0.17980390787124634 5.699352264404297
v -0.32704946398735046 -0.21281111240386963 5.722031593322754
v -0.3259093463420868 -0.20657581090927124 5.727919101715088
v -0.3289697468280792 -0.21007627248764038 5.731819152832031
v -0.3126262128353119 -0.19335150718688965 5.721723556518555
v -0.31016549468040466 -0.18809717893600464 5.7228827476501465
v -0.3146252930164337 -0.19188213348388672 5.725310802459717
v -0.3166147768497467 -0.19760394096374512 5.721470832824707
v -0.35766786336898804 -0.2368188500404358 5.716513633728027
v -0.351024866104126 -0.2450602650642395 5.721068859100342
v -0.28976157307624817 -0.1523529291152954 5.729498863220215
v -0.2920607924461365 -0.15523415803909302 5.726129055023193
v -0.361279159784317 -0.26784372329711914 5.672215461730957
v -0.35473862290382385 -0.271661639213562 5.672081470489502
v -0.32781895995140076 -0.21976745128631592 5.7156758308410645
v -0.32692307233810425 -0.18903011083602905 5.689736843109131
v -0.32759758830070496 -0.227463960647583 5.709402084350586
v -0.34723925590515137 -0.20230770111083984 5.737109661102295
v -0.3455875813961029 -0.20807385444641113 5.741090774536133
v -0.34197941422462463 -0.20264476537704468 5.745851516723633
v -0.34515050053596497 -0.19774287939071655 5.743098735809326
v -0.3039191663265228 -0.1652073860168457 5.736004829406738
v -0.2990453541278839 -0.16703885793685913 5.733856678009033
v -0.2969024181365967 -0.16213172674179077 5.737240314483643
v -0.30160751938819885 -0.16023361682891846 5.739625930786133
v -0.30253663659095764 -0.18082356452941895 5.718718528747559
v -0.3004515469074249 -0.17842411994934082 5.713606357574463
v -0.2981775999069214 -0.17236816883087158 5.717103004455566
v -0.29970043897628784 -0.17521286010742188 5.722192287445068
v -0.30139344930648804 -0.17416012287139893 5.709598064422607
v -0.2991560399532318 -0.1680617332458496 5.714945316314697
v -0.3084712624549866 -0.16095799207687378 5.73488712310791
v -0.30992743372917175 -0.1562439203262329 5.731503009796143
v -0.3149976432323456 -0.16440677642822266 5.723823547363281
v -0.31192338466644287 -0.16907203197479248 5.729191303253174
v -0.35509881377220154 -0.21982091665267944 5.694921970367432
v -0.35843145847320557 -0.22669774293899536 5.69904899597168
v -0.3566749095916748 -0.21981161832809448 5.708855152130127
v -0.35480591654777527 -0.2132614254951477 5.71980094909668
v -0.35134634375572205 -0.20834368467330933 5.730583667755127
v -0.3485804498195648 -0.19805055856704712 5.7270660400390625
v -0.35867002606391907 -0.22718751430511475 5.712351322174072
v -0.3187515437602997 -0.17829322814941406 5.724812030792236
v -0.3190246820449829 -0.17262756824493408 5.72011137008667
v -0.3240029215812683 -0.17599189281463623 5.723783016204834
v -0.33042702078819275 -0.23247164487838745 5.712804794311523
v -0.2948363125324249 -0.15941357612609863 5.722126007080078
v -0.3331509828567505 -0.2247411012649536 5.656328201293945
v -0.34410127997398376 -0.22522902488708496 5.662472724914551
v -0.3433571755886078 -0.21990567445755005 5.667669773101807
v -0.33147895336151123 -0.2193312644958496 5.661236763000488
v -0.295846551656723 -0.16621696949005127 5.72969913482666
v -0.29368820786476135 -0.16344428062438965 5.72488260269165
v -0.3354715406894684 -0.2114049196243286 5.7435150146484375
v -0.3348332345485687 -0.20545536279678345 5.74591588973999
v -0.3383176028728485 -0.20592504739761353 5.748318195343018
v -0.34013262391090393 -0.21119165420532227 5.745594024658203
v -0.36021187901496887 -0.23359674215316772 5.702782154083252
v -0.3559577763080597 -0.22331726551055908 5.743542671203613
v -0.35771340131759644 -0.21460145711898804 5.738281726837158
v -0.3601958453655243 -0.23319792747497559 5.689377784729004
v -0.3567521870136261 -0.22631490230560303 5.6855998039245605
v -0.35780659317970276 -0.2311410903930664 5.678030967712402
v -0.34056177735328674 -0.18850892782211304 5.7253289222717285
v -0.35097503662109375 -0.213548481464386 5.690961837768555
v -0.3524220287799835 -0.22095054388046265 5.682178974151611
v -0.3527003228664398 -0.2257435917854309 5.67293643951416
v -0.35289624333381653 -0.22961854934692383 5.667001247406006
v -0.35896870493888855 -0.23495084047317505 5.672153949737549
v -0.30749303102493286 -0.15340065956115723 5.726131916046143
v -0.3062713146209717 -0.15178531408309937 5.734888553619385
v -0.3607771098613739 -0.23815160989761353 5.666224002838135
v -0.3642766773700714 -0.24112820625305176 5.659642696380615
v -0.35671743750572205 -0.2366158366203308 5.654194355010986
v -0.3541428744792938 -0.23314446210861206 5.660931587219238
v -0.346708744764328 -0.21548420190811157 5.6783318519592285
v -0.34005996584892273 -0.21125882863998413 5.674759387969971
v -0.3460688292980194 -0.20785892009735107 5.688511848449707
v -0.33906373381614685 -0.2025519609451294 5.68505334854126
v -0.3367680311203003 -0.18164527416229248 5.719338417053223
v -0.29871582984924316 -0.14679241180419922 5.746886730194092
v -0.3023300766944885 -0.15213656425476074 5.743013858795166
v -0.29947373270988464 -0.15618896484375 5.743979454040527
v -0.2965256869792938 -0.15027379989624023 5.749054908752441
v -0.30525609850883484 -0.15629065036773682 5.738401412963867
v -0.3030342161655426 -0.14818358421325684 5.738547325134277
v -0.3283632695674896 -0.19878095388412476 5.680056095123291
v -0.31382057070732117 -0.1851818561553955 5.7278594970703125
v -0.3267468214035034 -0.20984560251235962 5.669384956359863
v -0.31601575016975403 -0.19392049312591553 5.678123950958252
v -0.31354793906211853 -0.20144909620285034 5.670342445373535
v -0.32071104645729065 -0.22240638732910156 5.657009124755859
v -0.31494060158729553 -0.2148922085762024 5.660046100616455
v -0.3250550627708435 -0.23262739181518555 5.650351524353027
v -0.32323262095451355 -0.2283867597579956 5.653347969055176
v -0.32713237404823303 -0.2370588183403015 5.642541408538818
v -0.3052017390727997 -0.2053644061088562 5.664276599884033
v -0.2862887382507324 -0.1519613265991211 5.738704681396484
v -0.2886240780353546 -0.1544063687324524 5.7432050704956055
v -0.3345254361629486 -0.22905713319778442 5.652566432952881
v -0.33627772331237793 -0.2328677773475647 5.645135879516602
v -0.2904607951641083 -0.2135070562362671 5.68759822845459
v -0.3290230333805084 -0.23924726247787476 5.706348419189453
v -0.3270634114742279 -0.2352023720741272 5.703434467315674
v -0.3407917618751526 -0.2526819705963135 5.713137626647949
v -0.3322066366672516 -0.24602341651916504 5.709789276123047
v -0.34714362025260925 -0.2330123782157898 5.649749279022217
v -0.33493921160697937 -0.2777034044265747 5.649133682250977
v -0.34213247895240784 -0.2805964946746826 5.653454780578613
v -0.36132729053497314 -0.241172194480896 5.644631862640381
v -0.28641965985298157 -0.1482211947441101 5.735149383544922
v -0.3279236853122711 -0.18862491846084595 5.740477085113525
v -0.3299521505832672 -0.18991190195083618 5.7403740882873535
v -0.2807149589061737 -0.21145117282867432 5.673067569732666
v -0.2770635783672333 -0.2038699984550476 5.6756744384765625
v -0.28328588604927063 -0.1951485276222229 5.670374393463135
v -0.2789424955844879 -0.2000216245651245 5.671308517456055
v -0.28342223167419434 -0.20723509788513184 5.667813777923584
v -0.28903043270111084 -0.2018311619758606 5.66671085357666
v -0.3257029950618744 -0.24404150247573853 5.697201728820801
v -0.32791638374328613 -0.24651706218719482 5.699286460876465
v -0.35827481746673584 -0.24314719438552856 5.707983493804932
v -0.3518272936344147 -0.25098055601119995 5.712456703186035
v -0.3052503764629364 -0.16999220848083496 5.707561492919922
v -0.31359392404556274 -0.17225825786590576 5.7039055824279785
v -0.3113134801387787 -0.16771811246871948 5.708757400512695
v -0.31301191449165344 -0.1612759828567505 5.718285083770752
v -0.3150661587715149 -0.17972904443740845 5.726996421813965
v -0.313755601644516 -0.17563676834106445 5.724821090698242
v -0.30940717458724976 -0.24648982286453247 5.683697700500488
v -0.3141250014305115 -0.2357427477836609 5.691934108734131
v -0.2915729284286499 -0.2022089958190918 5.689751148223877
v -0.2883351147174835 -0.1977386474609375 5.6877946853637695
v -0.321674644947052 -0.2025700807571411 5.724641799926758
v -0.3349475562572479 -0.18079829216003418 5.732076168060303
v -0.3323831856250763 -0.17606478929519653 5.726027488708496
v -0.32012808322906494 -0.19661498069763184 5.7293381690979
v -0.292296826839447 -0.14180248975753784 5.7363386154174805
v -0.2884083092212677 -0.14450311660766602 5.735365390777588
v -0.3175475299358368 -0.16790294647216797 5.71181583404541
v -0.3321571350097656 -0.21498078107833862 5.733831882476807
v -0.3375338613986969 -0.18839609622955322 5.733702182769775
v -0.3320693373680115 -0.18453794717788696 5.737308979034424
v -0.3507673144340515 -0.22844856977462769 5.742332458496094
v -0.3449530005455017 -0.22925162315368652 5.657364845275879
v -0.2950108051300049 -0.15901154279708862 5.742133140563965
v -0.29255297780036926 -0.15426892042160034 5.746981143951416
v -0.29902374744415283 -0.14374762773513794 5.744071006774902
v -0.29665353894233704 -0.14168298244476318 5.738950729370117
v -0.35176631808280945 -0.2565363049507141 5.7039361000061035
v -0.3253380358219147 -0.23220080137252808 5.7020463943481445
v -0.3504539430141449 -0.2811514735221863 5.656925678253174
v -0.29646599292755127 -0.19794553518295288 5.668455600738525
v -0.2888595461845398 -0.1914006471633911 5.673566818237305
v -0.31895798444747925 -0.19089049100875854 5.732760429382324
v -0.35188981890678406 -0.20970869064331055 5.7388739585876465
v -0.3463316857814789 -0.19390064477920532 5.73350191116333
v -0.34461864829063416 -0.19054508209228516 5.738816261291504
v -0.3385031223297119 -0.18636274337768555 5.738549709320068
v -0.3332274258136749 -0.18679112195968628 5.739778995513916
v -0.2962721884250641 -0.13991260528564453 5.748410224914551
v -0.2937640845775604 -0.13781273365020752 5.7431721687316895
v -0.2894231677055359 -0.13766241073608398 5.740753173828125
v -0.28578469157218933 -0.14080452919006348 5.73896598815918
v -0.28438830375671387 -0.1448962688446045 5.739527225494385
v -0.29605501890182495 -0.1426938772201538 5.750879287719727
v -0.2942110598087311 -0.1462811827659607 5.7530670166015625
v -0.29062989354133606 -0.15034204721450806 5.751059532165527
v -0.2938218414783478 -0.13965320587158203 5.755009174346924
v -0.293507844209671 -0.13606512546539307 5.75290584564209
v -0.2829952538013458 -0.13092106580734253 5.749262809753418
v -0.2867373526096344 -0.1332806944847107 5.7464165687561035
v -0.28722885251045227 -0.13169223070144653 5.749702453613281
v -0.2852451205253601 -0.12972164154052734 5.751072883605957
v -0.283672034740448 -0.1273716688156128 5.754451751708984
v -0.28119683265686035 -0.12895458936691284 5.753482341766357
v -0.2900313138961792 -0.13256603479385376 5.750482082366943
v -0.28851503133773804 -0.13007521629333496 5.752798557281494
v -0.290417343378067 -0.13218581676483154 5.7553486824035645
v -0.28893640637397766 -0.1295221447944641 5.7590861320495605
v -0.286977618932724 -0.127352774143219 5.756619930267334
v -0.2914629578590393 -0.13370007276535034 5.752683639526367
v -0.29150792956352234 -0.13453209400177002 5.746849536895752
v -0.2808879315853119 -0.12727904319763184 5.75784969329834
v -0.28289443254470825 -0.12592023611068726 5.7575225830078125
v -0.28521308302879333 -0.12558317184448242 5.760179042816162
v -0.28312045335769653 -0.12701791524887085 5.760628700256348
v -0.2838920056819916 -0.13723242282867432 5.744081020355225
v -0.28130820393562317 -0.13403266668319702 5.748007774353027
v -0.27968141436576843 -0.13174176216125488 5.752687931060791
v -0.27955588698387146 -0.13011008501052856 5.757376670837402
v -0.28035667538642883 -0.1372639536857605 5.749683856964111
v -0.27951833605766296 -0.13445281982421875 5.755589962005615
v -0.2796487510204315 -0.13303756713867188 5.758080005645752
v -0.28061020374298096 -0.14014315605163574 5.752679347991943
v -0.2800089418888092 -0.13654571771621704 5.757011413574219
v -0.28285494446754456 -0.14515483379364014 5.746696949005127
v -0.28263059258461 -0.14141571521759033 5.744217872619629
v -0.28021106123924255 -0.13474243879318237 5.759340763092041
v -0.28209805488586426 -0.12977099418640137 5.762319087982178
v -0.2916193902492523 -0.13447225093841553 5.757523536682129
v -0.2894379496574402 -0.13190603256225586 5.760641098022461
v -0.2913787364959717 -0.1368655562400818 5.758923053741455
v -0.2888009548187256 -0.13411515951156616 5.761987686157227
v -0.28678563237190247 -0.129072904586792 5.762981414794922
v -0.28742751479148865 -0.12749648094177246 5.761157035827637
v -0.2846519351005554 -0.14877945184707642 5.742939472198486
v -0.28715595602989197 -0.15093588829040527 5.746541976928711
v -0.2852686047554016 -0.14733481407165527 5.75083065032959
v -0.2828514575958252 -0.14234048128128052 5.7564215660095215
v -0.28890836238861084 -0.14679110050201416 5.754334449768066
v -0.29211488366127014 -0.14309221506118774 5.7562737464904785
v -0.2897663712501526 -0.139409601688385 5.759772777557373
v -0.2868697941303253 -0.14202743768692017 5.759666442871094
v -0.2872620224952698 -0.13644874095916748 5.761749267578125
v -0.28505584597587585 -0.13794350624084473 5.762380599975586
v -0.28207099437713623 -0.13787108659744263 5.759028911590576
v -0.2846522033214569 -0.13404428958892822 5.7632246017456055
v -0.2858050465583801 -0.13154059648513794 5.763644218444824
v -0.2817990779876709 -0.13274800777435303 5.761715888977051
v -0.2837526500225067 -0.13564270734786987 5.7620158195495605
v -0.28185582160949707 -0.13512051105499268 5.760647773742676
v -0.30733880400657654 -0.16219836473464966 5.758091449737549
v -0.3097356855869293 -0.16517144441604614 5.761895179748535
v -0.3122308552265167 -0.16869902610778809 5.756523132324219
v -0.30957579612731934 -0.16585612297058105 5.752824306488037
v -0.3134407699108124 -0.15316671133041382 5.753146171569824
v -0.30857765674591064 -0.15586602687835693 5.752944469451904
v -0.31116384267807007 -0.15894830226898193 5.74767541885376
v -0.3161710202693939 -0.15646445751190186 5.747391700744629
v -0.3189132511615753 -0.15408587455749512 5.756532192230225
v -0.32182011008262634 -0.15740633010864258 5.750286102294922
v -0.3190319538116455 -0.16059696674346924 5.742353439331055
v -0.3138028085231781 -0.16320693492889404 5.741861343383789
v -0.3171549141407013 -0.17249822616577148 5.732882499694824
v -0.32201749086380005 -0.16932380199432373 5.731492519378662
v -0.32128095626831055 -0.18557190895080566 5.74275016784668
v -0.32538533210754395 -0.1833440065383911 5.745885372161865
v -0.3066967725753784 -0.15903478860855103 5.754965305328369
v -0.3091401159763336 -0.16241002082824707 5.74973726272583
v -0.321853369474411 -0.17398041486740112 5.754182815551758
v -0.3176984488964081 -0.17531943321228027 5.752509593963623
v -0.31547629833221436 -0.16997981071472168 5.758676052093506
v -0.31948378682136536 -0.1688975691795349 5.760117053985596
v -0.31428128480911255 -0.1801893711090088 5.736428260803223
v -0.31737449765205383 -0.1838478446006775 5.738977909088135
v -0.31451135873794556 -0.17612403631210327 5.733613014221191
v -0.3258515000343323 -0.1706363558769226 5.753478527069092
v -0.3275083601474762 -0.165879487991333 5.750919342041016
v -0.33164548873901367 -0.17383038997650146 5.7403154373168945
v -0.3294634521007538 -0.17877918481826782 5.743882656097412
v -0.31147196888923645 -0.167009174823761 5.743791580200195
v -0.3144269287586212 -0.17394095659255981 5.7502641677856445
v -0.3115648627281189 -0.1708841323852539 5.74661922454834
v -0.3248857855796814 -0.16164976358413696 5.745273590087891
v -0.3243027627468109 -0.1617235541343689 5.7559428215026855
v -0.3175564408302307 -0.15575212240219116 5.771906852722168
v -0.32047444581985474 -0.16165566444396973 5.765287399291992
v -0.3175336718559265 -0.16493213176727295 5.766070365905762
v -0.31503498554229736 -0.15877974033355713 5.772867679595947
v -0.3228473365306854 -0.16583609580993652 5.760295867919922
v -0.32159051299095154 -0.15779680013656616 5.7615461349487305
v -0.30439963936805725 -0.156749427318573 5.766554355621338
v -0.30706313252449036 -0.1593778133392334 5.770391464233398
v -0.30379602313041687 -0.1537783145904541 5.764117240905762
v -0.3290803134441376 -0.1693846583366394 5.734006881713867
v -0.3099825382232666 -0.1484397053718567 5.760809898376465
v -0.3054915964603424 -0.15100061893463135 5.761667728424072
v -0.31331291794776917 -0.16639024019241333 5.764913082122803
v -0.31075945496559143 -0.16070562601089478 5.77263879776001
v -0.31815850734710693 -0.15239697694778442 5.767414093017578
v -0.31544390320777893 -0.1491829752922058 5.763017654418945
v -0.315464586019516 -0.14824479818344116 5.773673057556152
v -0.31284165382385254 -0.14511948823928833 5.770022392272949
v -0.3076636791229248 -0.1442025899887085 5.766565799713135
v -0.30366915464401245 -0.14718347787857056 5.766825199127197
v -0.30246633291244507 -0.15022516250610352 5.769204139709473
v -0.3151267170906067 -0.15133947134017944 5.776556015014648
v -0.31313803791999817 -0.15432703495025635 5.778109073638916
v -0.309416264295578 -0.15672659873962402 5.776763916015625
v -0.31324222683906555 -0.14727872610092163 5.78256368637085
v -0.3133004903793335 -0.14375358819961548 5.780588626861572
v -0.30192315578460693 -0.13482433557510376 5.782536029815674
v -0.30320924520492554 -0.1372475028038025 5.777781009674072
v -0.3058090806007385 -0.136496901512146 5.779396057128906
v -0.3046189844608307 -0.13339996337890625 5.783080577850342
v -0.306115984916687 -0.13974589109420776 5.774125099182129
v -0.3073694407939911 -0.13836461305618286 5.777097702026367
v -0.30990180373191833 -0.1394241452217102 5.778458118438721
v -0.3092372715473175 -0.13680940866470337 5.781484127044678
v -0.3110221028327942 -0.13931113481521606 5.783817768096924
v -0.31015804409980774 -0.13638949394226074 5.787782669067383
v -0.3083740770816803 -0.13340771198272705 5.785367012023926
v -0.31157636642456055 -0.14103055000305176 5.780590057373047
v -0.3042396605014801 -0.13123410940170288 5.787855625152588
v -0.30242812633514404 -0.13282865285873413 5.787290573120117
v -0.31104135513305664 -0.14146286249160767 5.775285243988037
v -0.3025107681751251 -0.14343416690826416 5.772346019744873
v -0.3008674085140228 -0.1398836374282837 5.777869701385498
v -0.30023789405822754 -0.13730233907699585 5.783119201660156
v -0.3012096881866455 -0.1356162428855896 5.788196086883545
v -0.2998163402080536 -0.1431349515914917 5.7795233726501465
v -0.29955020546913147 -0.13998347520828247 5.784521102905273
v -0.3008958697319031 -0.13821297883987427 5.788691520690918
v -0.3004140555858612 -0.1463051438331604 5.781974792480469
v -0.3002951443195343 -0.14236140251159668 5.7865471839904785
v -0.30214235186576843 -0.15063875913619995 5.775822162628174
v -0.30143001675605774 -0.1471959948539734 5.773924350738525
v -0.30120038986206055 -0.1401875615119934 5.78889799118042
v -0.3052862584590912 -0.13214856386184692 5.791170120239258
v -0.3039841651916504 -0.13510334491729736 5.791758060455322
v -0.3070981502532959 -0.130262553691864 5.789129734039307
v -0.31125253438949585 -0.14155465364456177 5.7852702140808105
v -0.3099466860294342 -0.13857334852218628 5.789199352264404
v -0.31149229407310486 -0.14366447925567627 5.786562919616699
v -0.3098553419113159 -0.14025789499282837 5.790554523468018
v -0.30858466029167175 -0.13498210906982422 5.791971683502197
v -0.30933088064193726 -0.13356059789657593 5.7904744148254395
v -0.30324140191078186 -0.15332567691802979 5.771656036376953
v -0.30582380294799805 -0.15590351819992065 5.774800777435303
v -0.3045484125614166 -0.15329843759536743 5.778757095336914
v -0.30301156640052795 -0.14884936809539795 5.785081386566162
v -0.30832532048225403 -0.1538112759590149 5.780788898468018
v -0.3115953207015991 -0.15068864822387695 5.781752586364746
v -0.30996984243392944 -0.14635467529296875 5.787154674530029
v -0.3069673776626587 -0.1488344669342041 5.786849498748779
v -0.3082825541496277 -0.14241081476211548 5.7907891273498535
v -0.3058026134967804 -0.14437216520309448 5.790413856506348
v -0.30263206362724304 -0.14421957731246948 5.788867473602295
v -0.30618301033973694 -0.1395551562309265 5.7925591468811035
v -0.3075574040412903 -0.13709646463394165 5.7928996086120605
v -0.3032064437866211 -0.13813036680221558 5.791510105133057
v -0.3049381673336029 -0.14154058694839478 5.791751384735107
v -0.30285146832466125 -0.14080911874771118 5.7906622886657715
v -0.3247523903846741 -0.17921465635299683 5.767776966094971
v -0.3260674476623535 -0.18359136581420898 5.769937515258789
v -0.3277947008609772 -0.18613308668136597 5.764829635620117
v -0.3259764313697815 -0.18190675973892212 5.761515140533447
v -0.33228799700737 -0.17203861474990845 5.765047550201416
v -0.32880428433418274 -0.17274540662765503 5.764181137084961
v -0.3298700153827667 -0.17532402276992798 5.759252548217773
v -0.3338232636451721 -0.17460650205612183 5.758009433746338
v -0.3362528085708618 -0.17392390966415405 5.766266822814941
v -0.3383423984050751 -0.17706680297851562 5.760222434997559
v -0.33535704016685486 -0.177578866481781 5.752242565155029
v -0.3305947482585907 -0.1784723997116089 5.753479480743408
v -0.3320453464984894 -0.18436092138290405 5.744899749755859
v -0.33735787868499756 -0.18284374475479126 5.744847774505615
v -0.32613056898117065 -0.17524170875549316 5.766018390655518
v -0.3270741105079651 -0.1780153512954712 5.759956359863281
v -0.3349449336528778 -0.19331616163253784 5.761601448059082
v -0.33192113041877747 -0.19291448593139648 5.760710716247559
v -0.33077672123908997 -0.18881338834762573 5.767276287078857
v -0.33367106318473816 -0.1890869140625 5.7668585777282715
v -0.32868829369544983 -0.1924901008605957 5.748024940490723
v -0.33052971959114075 -0.19717860221862793 5.749173164367676
v -0.3292982280254364 -0.1879671812057495 5.746006011962891
v -0.3390125632286072 -0.19047367572784424 5.761344909667969
v -0.34195736050605774 -0.18573540449142456 5.758451461791992
v -0.34387657046318054 -0.19221705198287964 5.750093460083008
v -0.340483695268631 -0.19722884893417358 5.752034664154053
v -0.3277420997619629 -0.18133246898651123 5.754792213439941
v -0.3285676836967468 -0.19016605615615845 5.75946569442749
v -0.32688623666763306 -0.18553656339645386 5.757340431213379
v -0.3401549160480499 -0.1806613802909851 5.753734111785889
v -0.340083509683609 -0.18205022811889648 5.764721393585205
v -0.3341675400733948 -0.17705076932907104 5.780520915985107
v -0.33617421984672546 -0.1830441951751709 5.772006988525391
v -0.33266979455947876 -0.1861039400100708 5.773345470428467
v -0.33132442831993103 -0.1800212860107422 5.781980514526367
v -0.3375643789768219 -0.18670117855072021 5.76710844039917
v -0.33802732825279236 -0.17834562063217163 5.7699995040893555
v -0.3227590024471283 -0.1751886010169983 5.774615287780762
v -0.3244208097457886 -0.17898023128509521 5.778329372406006
v -0.32413366436958313 -0.1713622808456421 5.773217678070068
v -0.34265050292015076 -0.18599331378936768 5.745503902435303
v -0.3364843726158142 -0.20066237449645996 5.752443790435791
v -0.32957157492637634 -0.16776466369628906 5.7726006507873535
v -0.3264693319797516 -0.16876471042633057 5.772458076477051
v -0.3291361629962921 -0.18639659881591797 5.7721333503723145
v -0.3276859521865845 -0.1812421679496765 5.78040075302124
v -0.3354983627796173 -0.17306756973266602 5.777410507202148
v -0.3336539566516876 -0.16917014122009277 5.774191379547119
v -0.33422794938087463 -0.16954398155212402 5.783878803253174
v -0.3320384919643402 -0.16583973169326782 5.780555248260498
v -0.3281124234199524 -0.1641826033592224 5.779580593109131
v -0.32490676641464233 -0.16581183671951294 5.778708457946777
v -0.3229336738586426 -0.16878986358642578 5.778783321380615
v -0.3327740430831909 -0.17327886819839478 5.785063743591309
v -0.3302481770515442 -0.17590492963790894 5.786218166351318
v -0.3267723023891449 -0.17776083946228027 5.784160614013672
v -0.33200064301490784 -0.1707606315612793 5.790318489074707
v -0.3326191008090973 -0.16656416654586792 5.7887773513793945
v -0.3233242332935333 -0.15612369775772095 5.794198513031006
v -0.3240490257740021 -0.15845268964767456 5.788513660430908
v -0.3260228931903839 -0.15866053104400635 5.78969669342041
v -0.32535433769226074 -0.15596389770507812 5.79329252243042
v -0.32668569684028625 -0.16104847192764282 5.78400993347168
v -0.32738980650901794 -0.1602521538734436 5.786870002746582
v -0.32994186878204346 -0.16169708967208862 5.787601470947266
v -0.32938632369041443 -0.1594117283821106 5.791103363037109
v -0.33080410957336426 -0.1629592776298523 5.79263973236084
v -0.3301331102848053 -0.1605716347694397 5.79635763168335
v -0.32863152027130127 -0.1569388508796692 5.7948689460754395
v -0.33150526881217957 -0.16384106874465942 5.789365291595459
v -0.3252483904361725 -0.15435117483139038 5.796043395996094
v -0.32347866892814636 -0.15476220846176147 5.796591758728027
v -0.33078208565711975 -0.16334587335586548 5.7850117683410645
v -0.32347652316093445 -0.16311252117156982 5.782931327819824
v -0.3217495083808899 -0.1603415608406067 5.787764072418213
v -0.3210575580596924 -0.15802353620529175 5.792717456817627
v -0.32168513536453247 -0.15716326236724854 5.796720027923584
v -0.32038506865501404 -0.1634935736656189 5.788193702697754
v -0.3198789060115814 -0.16102302074432373 5.7930402755737305
v -0.32063204050064087 -0.1601666808128357 5.7965192794799805
v -0.3202376961708069 -0.16694527864456177 5.789543628692627
v -0.31996309757232666 -0.16393166780471802 5.793881416320801
v -0.32160913944244385 -0.1701679825782776 5.784389972686768
v -0.32185623049736023 -0.1664438247680664 5.783695697784424
v -0.32061004638671875 -0.162369966506958 5.796227931976318
v -0.3259970545768738 -0.15602928400039673 5.799617290496826
v -0.3241661489009857 -0.15869641304016113 5.79993200302124
v -0.3278033435344696 -0.15502506494522095 5.798050880432129
v -0.3312518000602722 -0.16548007726669312 5.793363571166992
v -0.3300008177757263 -0.16296803951263428 5.7971906661987305
v -0.33030304312705994 -0.1681942343711853 5.793875694274902
v -0.3289022147655487 -0.16507768630981445 5.797861099243164
v -0.32868874073028564 -0.15975815057754517 5.799664497375488
v -0.329371839761734 -0.1583186388015747 5.798588752746582
v -0.3223010003566742 -0.1724345088005066 5.779582500457764
v -0.32379043102264404 -0.17599445581436157 5.782021522521973
v -0.3230874836444855 -0.17346811294555664 5.786689758300781
v -0.32175159454345703 -0.17001557350158691 5.791350364685059
v -0.32603058218955994 -0.17519062757492065 5.788559436798096
v -0.3292982876300812 -0.17340350151062012 5.789693355560303
v -0.3281576931476593 -0.1703464388847351 5.793902397155762
v -0.3249870538711548 -0.17158102989196777 5.7930989265441895
v -0.3269661068916321 -0.16691601276397705 5.797791957855225
v -0.32431426644325256 -0.16786426305770874 5.79714298248291
v -0.32146841287612915 -0.16644835472106934 5.79557466506958
v -0.3254239559173584 -0.16391384601593018 5.799658298492432
v -0.3272232115268707 -0.16193968057632446 5.800074577331543
v -0.32294514775276184 -0.16135066747665405 5.800547122955322
v -0.32393893599510193 -0.1653074026107788 5.798677921295166
v -0.3219822347164154 -0.16368597745895386 5.797824382781982
v -0.33372387290000916 -0.20000529289245605 5.750726222991943
v -0.3452821373939514 -0.20722442865371704 5.768126964569092
v -0.3460750877857208 -0.21087861061096191 5.769613742828369
v -0.3461841642856598 -0.21212083101272583 5.764685153961182
v -0.3454943001270294 -0.20868337154388428 5.763711929321289
v -0.35334837436676025 -0.20126265287399292 5.76751184463501
v -0.34937915205955505 -0.20114421844482422 5.767829418182373
v -0.34942105412483215 -0.20247799158096313 5.76232385635376
v -0.35385382175445557 -0.20235675573349 5.762964248657227
v -0.3569624722003937 -0.2048383355140686 5.769270420074463
v -0.35775026679039 -0.20613181591033936 5.764244079589844
v -0.35355281829833984 -0.20421326160430908 5.755743026733398
v -0.34876057505607605 -0.20429891347885132 5.756809711456299
v -0.3477133512496948 -0.2078721523284912 5.747697353363037
v -0.35277482867240906 -0.20750564336776733 5.745813846588135
v -0.3502202332019806 -0.22545671463012695 5.747115612030029
v -0.3461017906665802 -0.22447669506072998 5.7464752197265625
v -0.3467850983142853 -0.2212437391281128 5.753237724304199
v -0.3503124415874481 -0.22313636541366577 5.752137184143066
v -0.3465864658355713 -0.20364797115325928 5.7675862312316895
v -0.34640613198280334 -0.20507490634918213 5.762475490570068
v -0.35098010301589966 -0.21900290250778198 5.7613911628723145
v -0.34755465388298035 -0.2170931100845337 5.761265277862549
v -0.3481496572494507 -0.21500492095947266 5.765526294708252
v -0.3512760400772095 -0.216711163520813 5.766094207763672
v -0.3426479995250702 -0.22137302160263062 5.745207786560059
v -0.34056034684181213 -0.21692490577697754 5.745450019836426
v -0.34323886036872864 -0.2144104242324829 5.75023078918457
v -0.3443411886692047 -0.21809172630310059 5.751783847808838
v -0.34443703293800354 -0.21110862493515015 5.748763561248779
v -0.3549288809299469 -0.21814757585525513 5.7604289054870605
v -0.3577690124511719 -0.2138800024986267 5.759234428405762
v -0.35774311423301697 -0.2185509204864502 5.749536991119385
v -0.3543556034564972 -0.22213423252105713 5.752591609954834
v -0.3459487855434418 -0.20709186792373657 5.757656574249268
v -0.3453458249568939 -0.21406883001327515 5.759570598602295
v -0.3448428213596344 -0.21041184663772583 5.759042263031006
v -0.3578272759914398 -0.20806211233139038 5.756486892700195
v -0.3577190935611725 -0.21159106492996216 5.765598297119141
v -0.35455286502838135 -0.2122499942779541 5.7776103019714355
v -0.3550545275211334 -0.2143837809562683 5.771642684936523
v -0.351561039686203 -0.21575230360031128 5.7719926834106445
v -0.35162195563316345 -0.21366280317306519 5.778371334075928
v -0.3550954759120941 -0.21570706367492676 5.766386032104492
v -0.3572133183479309 -0.21023273468017578 5.770475387573242
v -0.3448694348335266 -0.20515012741088867 5.7742838859558105
v -0.34579476714134216 -0.2089899182319641 5.775428295135498
v -0.3463870584964752 -0.2018718123435974 5.774928569793701
v -0.3581638038158417 -0.2113022804260254 5.746593475341797
v -0.3525606095790863 -0.19941914081573486 5.77479362487793
v -0.348890095949173 -0.19957071542739868 5.77491569519043
v -0.34818562865257263 -0.21393948793411255 5.770390510559082
v -0.3483732342720032 -0.2121151089668274 5.777329921722412
v -0.3565846383571625 -0.20819896459579468 5.777665615081787
v -0.3560096323490143 -0.20292001962661743 5.776317119598389
v -0.3562871515750885 -0.20633447170257568 5.782643795013428
v -0.3557187020778656 -0.20116817951202393 5.781408786773682
v -0.35205501317977905 -0.19788455963134766 5.780118942260742
v -0.34844306111335754 -0.19810211658477783 5.778965473175049
v -0.34604310989379883 -0.2007160782814026 5.778214931488037
v -0.35426077246665955 -0.2103239893913269 5.783252239227295
v -0.35135939717292786 -0.21149450540542603 5.782294273376465
v -0.3484557867050171 -0.21025216579437256 5.780971050262451
v -0.35370418429374695 -0.20792275667190552 5.786722183227539
v -0.355808287858963 -0.20366781949996948 5.787972927093506
v -0.3484305739402771 -0.19339239597320557 5.79207706451416
v -0.3490574061870575 -0.19460910558700562 5.787929058074951
v -0.3509928286075592 -0.1952231526374817 5.7893595695495605
v -0.350523978471756 -0.19354242086410522 5.792595863342285
v -0.35128530859947205 -0.19656145572662354 5.784390449523926
v -0.3523811399936676 -0.19635367393493652 5.786950588226318
v -0.3544027805328369 -0.19844311475753784 5.78639030456543
v -0.35395196080207825 -0.19689792394638062 5.7904767990112305
v -0.3551889657974243 -0.2002953290939331 5.791967868804932
v -0.3542957603931427 -0.19905996322631836 5.7957868576049805
v -0.3537026345729828 -0.19526821374893188 5.794373035430908
v -0.3554590940475464 -0.20092201232910156 5.788764953613281
v -0.3507644236087799 -0.1926048994064331 5.795547008514404
v -0.3490367829799652 -0.19282472133636475 5.796154022216797
v -0.35487300157546997 -0.19965064525604248 5.784570693969727
v -0.3481084406375885 -0.19690322875976562 5.782563209533691
v -0.3471877872943878 -0.19519191980361938 5.788568019866943
v -0.34648504853248596 -0.1939947009086609 5.792174339294434
v -0.3471826910972595 -0.19437474012374878 5.796126365661621
v -0.3457616865634918 -0.19734162092208862 5.787926197052002
v -0.3453603982925415 -0.1960899829864502 5.791790962219238
v -0.3461287021636963 -0.1964086890220642 5.795379638671875
v -0.3452283442020416 -0.20043575763702393 5.787709712982178
v -0.3450634777545929 -0.1986740231513977 5.791507244110107
v -0.3453785181045532 -0.20266395807266235 5.782701015472412
v -0.346187561750412 -0.19939714670181274 5.782539367675781
v -0.34569793939590454 -0.19801419973373413 5.7945990562438965
v -0.3510148525238037 -0.1950739026069641 5.7985405921936035
v -0.3489445447921753 -0.1965242624282837 5.798367977142334
v -0.3531607389450073 -0.19422471523284912 5.7972731590271
v -0.35460999608039856 -0.20306193828582764 5.7919745445251465
v -0.35356053709983826 -0.2011825442314148 5.7967329025268555
v -0.35292744636535645 -0.20569902658462524 5.791533946990967
v -0.3516139090061188 -0.20290517807006836 5.79621696472168
v -0.35256949067115784 -0.19841700792312622 5.798849105834961
v -0.3539155423641205 -0.19743722677230835 5.798040390014648
v -0.34510529041290283 -0.20389771461486816 5.779029369354248
v -0.3460730016231537 -0.20747768878936768 5.78014612197876
v -0.3460865318775177 -0.20612847805023193 5.783273696899414
v -0.3458816111087799 -0.20368629693984985 5.788506984710693
v -0.348292738199234 -0.2086479663848877 5.784438133239746
v -0.35122624039649963 -0.20940560102462769 5.786569118499756
v -0.3504565358161926 -0.206770658493042 5.79062032699585
v -0.3476946949958801 -0.20622682571411133 5.788923263549805
v -0.3494725823402405 -0.20341366529464722 5.795165538787842
v -0.34730687737464905 -0.20302659273147583 5.7937331199646
v -0.3456992208957672 -0.20118892192840576 5.792191028594971
v -0.3485338091850281 -0.20020270347595215 5.797272205352783
v -0.3504122793674469 -0.19951385259628296 5.7985005378723145
v -0.3473920524120331 -0.19788199663162231 5.7971649169921875
v -0.3472900688648224 -0.20062530040740967 5.795918941497803
v -0.3463934659957886 -0.19914722442626953 5.795434474945068
v -0.3535497486591339 -0.22431737184524536 5.746901512145996
v -0.2852839529514313 -0.1833263635635376 5.681175708770752
v -0.2859996557235718 -0.1849561333656311 5.686373233795166
v -0.2761399745941162 -0.19596046209335327 5.688948631286621
v -0.2806093990802765 -0.19228839874267578 5.6900715827941895
v -0.2727435231208801 -0.19703257083892822 5.684532165527344
v -0.27307623624801636 -0.19172894954681396 5.675278186798096
v -0.2718069553375244 -0.19497549533843994 5.6797285079956055
v -0.2844836711883545 -0.18779325485229492 5.689848899841309
v -0.28230148553848267 -0.18370527029037476 5.677511215209961
v -0.2773173749446869 -0.18729567527770996 5.675509929656982
v -0.27679672837257385 -0.1763092279434204 5.67942476272583
v -0.27138814330101013 -0.17951327562332153 5.6779656410217285
v -0.2670193314552307 -0.1843891739845276 5.679615497589111
v -0.26628658175468445 -0.18885737657546997 5.683135032653809
v -0.26808807253837585 -0.19188284873962402 5.687375545501709
v -0.2805525064468384 -0.17643553018569946 5.684183120727539
v -0.28185006976127625 -0.1791170835494995 5.687960147857666
v -0.2803537845611572 -0.1837671995162964 5.692471981048584
v -0.2759678363800049 -0.16982430219650269 5.686254978179932
v -0.27084729075431824 -0.16699421405792236 5.684256553649902
v -0.2550817131996155 -0.16891473531723022 5.687735557556152
v -0.2576945424079895 -0.17288124561309814 5.685667037963867
v -0.25902536511421204 -0.16939139366149902 5.684091567993164
v -0.2563929259777069 -0.16607552766799927 5.684684753417969
v -0.26149696111679077 -0.17609870433807373 5.682914733886719
v -0.2612285912036896 -0.17107194662094116 5.683162212371826
v -0.2640874981880188 -0.1675785779953003 5.682802200317383
v -0.2623034715652466 -0.16499316692352295 5.6829352378845215
v -0.26696720719337463 -0.1647331714630127 5.6835246086120605
v -0.266267329454422 -0.1617169976234436 5.684290409088135
v -0.25961998105049133 -0.16157948970794678 5.683183670043945
v -0.2548958361148834 -0.16273552179336548 5.685836315155029
v -0.25739210844039917 -0.15918534994125366 5.685431480407715
v -0.2538624703884125 -0.16396385431289673 5.688846111297607
v -0.2662540376186371 -0.17135286331176758 5.681862831115723
v -0.2615869343280792 -0.1826344132423401 5.685366153717041
v -0.25768908858299255 -0.17659443616867065 5.6883440017700195
v -0.25507059693336487 -0.17099857330322266 5.69119930267334
v -0.25466153025627136 -0.16558384895324707 5.691488265991211
v -0.25959429144859314 -0.1792028546333313 5.692808628082275
v -0.2572118043899536 -0.1723414659500122 5.693820953369141
v -0.2572009861469269 -0.16717016696929932 5.694385051727295
v -0.2634117305278778 -0.17899680137634277 5.69509220123291
v -0.2605120539665222 -0.1719675064086914 5.696005344390869
v -0.26825106143951416 -0.18735164403915405 5.693321704864502
v -0.26381856203079224 -0.18660449981689453 5.689415454864502
v -0.25944724678993225 -0.16816848516464233 5.69585657119751
v -0.25624608993530273 -0.15879786014556885 5.688273906707764
v -0.25766226649284363 -0.16089630126953125 5.692346572875977
v -0.2692060172557831 -0.16185301542282104 5.686933994293213
v -0.263925701379776 -0.15880292654037476 5.685210704803467
v -0.26606982946395874 -0.1587734818458557 5.687624454498291
v -0.27194491028785706 -0.16397559642791748 5.6903252601623535
v -0.2672653794288635 -0.16039210557937622 5.691440582275391
v -0.26192545890808105 -0.15705227851867676 5.68945837020874
v -0.2611214518547058 -0.15718436241149902 5.684961795806885
v -0.2720475494861603 -0.19196826219558716 5.690127372741699
v -0.2764492332935333 -0.18859106302261353 5.69251823425293
v -0.2730514109134674 -0.18419253826141357 5.694270133972168
v -0.268569678068161 -0.1763562560081482 5.697054386138916
v -0.27701401710510254 -0.1785905957221985 5.69338321685791
v -0.2781383693218231 -0.17326408624649048 5.690237522125244
v -0.2727219760417938 -0.16710233688354492 5.694075584411621
v -0.27158451080322266 -0.1716543436050415 5.695684909820557
v -0.2673457860946655 -0.16325640678405762 5.694077014923096
v -0.2664254903793335 -0.16665738821029663 5.696130275726318
v -0.26383331418037415 -0.1698184609413147 5.696727752685547
v -0.2631300985813141 -0.16216331720352173 5.694615840911865
v -0.26251909136772156 -0.15911227464675903 5.692235469818115
v -0.2595857083797455 -0.16357874870300293 5.694687366485596
v -0.26348260045051575 -0.16465920209884644 5.695688247680664
v -0.26140400767326355 -0.16614264249801636 5.696951389312744
v -0.3449331223964691 -0.22842764854431152 5.742208957672119
v -0.34054550528526306 -0.22491657733917236 5.740991592407227
v -0.3400415778160095 -0.22958332300186157 5.736147880554199
v -0.33964768052101135 -0.23560261726379395 5.730415344238281
v -0.34470731019973755 -0.2427268624305725 5.72625732421875
v -0.33565986156463623 -0.23134922981262207 5.725894451141357
v -0.33646300435066223 -0.22545576095581055 5.733294486999512
v -0.3367258608341217 -0.218927800655365 5.739731788635254
v -0.33242499828338623 -0.23217755556106567 5.718505382537842
v -0.10093856602907181 0.018680183216929436 5.639500617980957
v -0.09762808680534363 0.019649354740977287 5.640614032745361
v -0.0993269607424736 0.01316523365676403 5.637454032897949
v -0.10218488425016403 0.013497350737452507 5.636646747589111
v -0.09169875085353851 0.013527331873774529 5.63770866394043
v -0.09562158584594727 0.013012496754527092 5.637789249420166
v -0.09281783550977707 0.020767031237483025 5.6413092613220215
v -0.08751748502254486 0.021319089457392693 5.6401238441467285
v -0.08025563508272171 0.01914980821311474 5.634932518005371
v -0.07845491170883179 0.01805996708571911 5.634374141693115
v -0.07892298698425293 0.016961542889475822 5.634283065795898
v -0.08100071549415588 0.01656991057097912 5.634767532348633
v -0.08418244123458862 0.015414861962199211 5.6359429359436035
v -0.10609736293554306 0.0159702580422163 5.635403156280518
v -0.105206198990345 0.016909537836909294 5.63645601272583
v -0.10333970934152603 0.01783624105155468 5.638275623321533
v -0.08775710314512253 0.014487622305750847 5.638332366943359
v -0.10447338968515396 0.01420515589416027 5.635622501373291
v -0.10584168881177902 0.015046713873744011 5.635127544403076
v -0.08316867798566818 0.020798830315470695 5.637115478515625
v -0.09223973006010056 0.01564091257750988 5.639209747314453
v -0.09629157185554504 0.015119997784495354 5.6384077072143555
v -0.09271443635225296 0.01832476072013378 5.641207695007324
v -0.08804124593734741 0.01901817135512829 5.640374660491943
v -0.08262240141630173 0.01740237884223461 5.635876178741455
v -0.08478197455406189 0.017058370634913445 5.637495994567871
v -0.09962034970521927 0.014995990321040154 5.638458251953125
v -0.08817968517541885 0.016467837616801262 5.638514518737793
v -0.09707187116146088 0.01747545413672924 5.640570163726807
v -0.08427668362855911 0.01893228106200695 5.637648105621338
v -0.08232080191373825 0.01847165636718273 5.636458396911621
v -0.10525190085172653 0.015830842778086662 5.637073993682861
v -0.10510700196027756 0.015273330733180046 5.635565757751465
v -0.07587465643882751 -0.21544316411018372 5.501091003417969
v -0.0758940801024437 -0.23481570184230804 5.498401641845703
v -0.10027612745761871 0.016772625967860222 5.638886451721191
v -0.10398197174072266 0.015068022534251213 5.636161804199219
v -0.10213488340377808 0.014955131337046623 5.637208461761475
v -0.1026594489812851 0.016529111191630363 5.638946533203125
v -0.10432456433773041 0.016139565035700798 5.637781620025635
v -0.2881999611854553 -0.27864551544189453 5.476644039154053
v -0.29618725180625916 -0.26788461208343506 5.485629081726074
v -0.33366379141807556 -0.23475661873817444 5.471405506134033
v -0.33953970670700073 -0.22618374228477478 5.4524760246276855
v -0.1099291443824768 -0.458418607711792 5.358949661254883
v -0.1572640985250473 -0.29853394627571106 5.246559143066406
v -0.15963269770145416 -0.28318673372268677 5.256665229797363
v -0.08675820380449295 -0.26757004857063293 5.242836952209473
v -0.10562508553266525 -0.2713080942630768 5.241005897521973
v -0.18719537556171417 -0.3848913311958313 5.315731525421143
v -0.1862226128578186 -0.37363943457603455 5.328078269958496
v -0.14500094950199127 -0.42806243896484375 5.3497114181518555
v -0.14463384449481964 -0.4147396683692932 5.3641533851623535
v -0.17860063910484314 -0.41254034638404846 5.3167195320129395
v -0.12902358174324036 -0.3119995594024658 5.210243225097656
v -0.14695824682712555 -0.31912946701049805 5.214659690856934
v -0.142327681183815 -0.3037759065628052 5.23040771484375
v -0.1251639872789383 -0.2952476143836975 5.226095676422119
v -0.06879869848489761 -0.2685258388519287 5.24860143661499
v -0.06879453361034393 -0.28668004274368286 5.2353973388671875
v -0.1938098818063736 -0.34400859475135803 5.324451923370361
v -0.19447623193264008 -0.32495856285095215 5.305750846862793
v -0.17687951028347015 -0.2885532081127167 5.277149200439453
v -0.16205959022045135 -0.27197209000587463 5.267846584320068
v -0.14566059410572052 -0.2581442594528198 5.263825416564941
v -0.12798957526683807 -0.24681958556175232 5.263177394866943
v -0.12889812886714935 -0.40942177176475525 5.389293670654297
v -0.11096975207328796 -0.3996396064758301 5.4106879234313965
v -0.18632066249847412 -0.361911803483963 5.341580390930176
v -0.06846868246793747 -0.42524537444114685 5.408070087432861
v -0.11403856426477432 -0.21936367452144623 5.271762847900391
v -0.0921386107802391 -0.21369993686676025 5.273139476776123
v -0.18845267593860626 -0.3064277172088623 5.289445400238037
v -0.08797919750213623 -0.28535979986190796 5.495177745819092
v -0.10498557239770889 -0.28305256366729736 5.495090961456299
v -0.10316610336303711 -0.3015705347061157 5.494165897369385
v -0.08619315177202225 -0.303914338350296 5.493533134460449
v -0.11905421316623688 -0.300010085105896 5.4932427406311035
v -0.1341312676668167 -0.2981722056865692 5.490494251251221
v -0.14769218862056732 -0.2961602807044983 5.487197399139404
v -0.1776123046875 -0.29111984372138977 5.4687676429748535
v -0.16918064653873444 -0.29270467162132263 5.475493907928467
v -0.19136475026607513 -0.2893601059913635 5.452387809753418
v -0.18478360772132874 -0.28978630900382996 5.462080955505371
v -0.19762082397937775 -0.29161354899406433 5.439169406890869
v -0.20232635736465454 -0.2932235300540924 5.423737049102783
v -0.20650459825992584 -0.27761510014533997 5.407845973968506
v -0.20537155866622925 -0.2924336791038513 5.406008720397949
v -0.2004959136247635 -0.30861955881118774 5.423534393310547
v -0.19624657928943634 -0.3066226840019226 5.439924716949463
v -0.19020132720470428 -0.3049348294734955 5.451571941375732
v -0.06713289767503738 -0.360499769449234 5.464257717132568
v -0.06676328927278519 -0.3427453935146332 5.479781150817871
v -0.07494084537029266 -0.1975010633468628 5.504635334014893
v -0.41295892000198364 -0.34171783924102783 5.520798683166504
v -0.3385430872440338 -0.25829070806503296 5.599826812744141
v -0.08398102223873138 -0.08558157086372375 5.400589942932129
v -0.1028328388929367 -0.08344075083732605 5.402230262756348
v -0.1623471975326538 -0.0863201916217804 5.421884059906006
v -0.17710471153259277 -0.09299246966838837 5.443279266357422
v -0.1429777443408966 -0.0845564752817154 5.409058570861816
v -0.12276502698659897 -0.08618643879890442 5.399194240570068
v -0.17195063829421997 -0.36466312408447266 5.369696140289307
v -0.1030426099896431 -0.10191035270690918 5.372970104217529
v -0.12437151372432709 -0.09123967587947845 5.3884806632995605
v -0.1466999053955078 -0.08921714127063751 5.397296905517578
v -0.16954387724399567 -0.09134514629840851 5.412572383880615
v -0.19040609896183014 -0.0981416404247284 5.433068752288818
v -0.20433270931243896 -0.10722488164901733 5.438167572021484
v -0.22443519532680511 -0.12077899277210236 5.426661014556885
v -0.23310041427612305 -0.1272432506084442 5.431882381439209
v -0.24278336763381958 -0.1336987465620041 5.436458110809326
v -0.2424984574317932 -0.13347585499286652 5.45511531829834
v -0.2321162223815918 -0.12695501744747162 5.450016021728516
v -0.31580379605293274 -0.19539837539196014 5.446089267730713
v -0.326776921749115 -0.209140345454216 5.43956995010376
v -0.3327680826187134 -0.21900397539138794 5.428485870361328
v -0.33407700061798096 -0.22762520611286163 5.417201519012451
v -0.32876744866371155 -0.2329423427581787 5.407349109649658
v -0.3189655542373657 -0.23701438307762146 5.399411678314209
v -0.30460235476493835 -0.233088418841362 5.392213344573975
v -0.2642238736152649 -0.21814660727977753 5.381484031677246
v -0.250460147857666 -0.21155187487602234 5.37744140625
v -0.2205895483493805 -0.20693758130073547 5.348434925079346
v -0.214321106672287 -0.20671787858009338 5.339639663696289
v -0.19591787457466125 -0.21516388654708862 5.314661502838135
v -0.18657195568084717 -0.2213176190853119 5.3034234046936035
v -0.17455217242240906 -0.22828440368175507 5.291542053222656
v -0.15224942564964294 -0.4096914529800415 5.140613079071045
v -0.1713080108165741 -0.4127570390701294 5.152227878570557
v -0.1656080186367035 -0.3953518867492676 5.165223121643066
v -0.14664135873317719 -0.3922024071216583 5.154330253601074
v -0.0974925234913826 -0.3485502600669861 5.179271697998047
v -0.07490941882133484 -0.3472130596637726 5.181861400604248
v -0.2090783715248108 -0.4162898659706116 5.208582401275635
v -0.2140703797340393 -0.4275752305984497 5.231011390686035
v -0.18298977613449097 -0.3990151882171631 5.177634239196777
v -0.19744209945201874 -0.4082757234573364 5.190803527832031
v -0.21198834478855133 -0.4398902356624603 5.252867221832275
v -0.15388831496238708 -0.48972705006599426 5.316483020782471
v -0.13419930636882782 -0.49984997510910034 5.327904224395752
v -0.09334871917963028 -0.5153346061706543 5.347492218017578
v -0.07270175963640213 -0.5192105174064636 5.35523796081543
v -0.20377814769744873 -0.45403677225112915 5.272521018981934
v -0.11382663995027542 -0.5084960460662842 5.338707447052002
v -0.19059517979621887 -0.4675636291503906 5.289080619812012
v -0.17309124767780304 -0.47943025827407837 5.30327033996582
v -0.11771795153617859 -0.3510426878929138 5.180312633514404
v -0.12207438796758652 -0.37133345007896423 5.162929534912109
v -0.14102227985858917 -0.37381410598754883 5.167447566986084
v -0.09632338583469391 -0.16053850948810577 5.303470611572266
v -0.1161823570728302 -0.15911853313446045 5.305350303649902
v -0.1367771476507187 -0.15789850056171417 5.3070268630981445
v -0.15579792857170105 -0.14327891170978546 5.3233537673950195
v -0.15613198280334473 -0.15670926868915558 5.3135809898376465
v -0.17392347753047943 -0.1574191302061081 5.322365760803223
v -0.17416836321353912 -0.14457954466342926 5.33177375793457
v -0.2066432684659958 -0.1543930172920227 5.355318546295166
v -0.20420905947685242 -0.16396276652812958 5.347160816192627
v -0.21592119336128235 -0.16742418706417084 5.357236385345459
v -0.21870958805084229 -0.15746396780014038 5.361149311065674
v -0.2270292043685913 -0.17018525302410126 5.36098575592041
v -0.2368338257074356 -0.17470912635326385 5.368037223815918
v -0.2477620244026184 -0.1810126155614853 5.376248836517334
v -0.2602750062942505 -0.18711556494235992 5.3823113441467285
v -0.26442158222198486 -0.16770891845226288 5.3950300216674805
v -0.25286585092544556 -0.16156896948814392 5.389162063598633
v -0.21009771525859833 -0.14387433230876923 5.3638081550598145
v -0.19440993666648865 -0.13847436010837555 5.354885578155518
v -0.09723208099603653 -0.13954545557498932 5.326585292816162
v -0.07838473469018936 -0.14424632489681244 5.328885078430176
v -0.20785605907440186 -0.28421029448509216 5.387634754180908
v -0.21031667292118073 -0.2739717960357666 5.368610382080078
v -0.21197201311588287 -0.2627803087234497 5.352834224700928
v -0.21161332726478577 -0.25084230303764343 5.341570854187012
v -0.2098780870437622 -0.2379159778356552 5.332657337188721
v -0.206574946641922 -0.22459161281585693 5.326537609100342
v -0.2084624022245407 -0.20819778740406036 5.331629753112793
v -0.20261362195014954 -0.2112056016921997 5.324058532714844
v -0.20598001778125763 -0.19659240543842316 5.332095146179199
v -0.19874703884124756 -0.19776566326618195 5.322896480560303
v -0.1948663741350174 -0.18476711213588715 5.324466228485107
v -0.1912095546722412 -0.17207859456539154 5.32745885848999
v -0.1899973452091217 -0.15965822339057922 5.334670543670654
v -0.19111621379852295 -0.14841780066490173 5.344151973724365
v -0.17689844965934753 -0.13320913910865784 5.344672679901123
v -0.15803082287311554 -0.13137637078762054 5.3352789878845215
v -0.1402539610862732 -0.12045066058635712 5.342704772949219
v -0.14350049197673798 -0.11078464984893799 5.35670804977417
v -0.13729830086231232 -0.13205522298812866 5.329858303070068
v -0.13543428480625153 -0.14373910427093506 5.317394256591797
v -0.14398741722106934 -0.07861977815628052 5.447393417358398
v -0.12703299522399902 -0.07557512819766998 5.434605598449707
v -0.3024250566959381 -0.21835874021053314 5.3951287269592285
v -0.29788902401924133 -0.22105862200260162 5.391811847686768
v -0.3011051416397095 -0.22606730461120605 5.392312049865723
v -0.3099465072154999 -0.22499409317970276 5.397482872009277
v -0.31730297207832336 -0.22189566493034363 5.404586315155029
v -0.3105013072490692 -0.20793671905994415 5.407608509063721
v -0.3073730170726776 -0.21343287825584412 5.401686668395996
v -0.3210205137729645 -0.21611537039279938 5.4127631187438965
v -0.3210303485393524 -0.20865827798843384 5.422303676605225
v -0.31092414259910583 -0.20074409246444702 5.415779113769531
v -0.3177294433116913 -0.20043282210826874 5.429357051849365
v -0.30953341722488403 -0.19393427670001984 5.422021865844727
v -0.31067726016044617 -0.1903502494096756 5.433998107910156
v -0.30662593245506287 -0.18778708577156067 5.427199363708496
v -0.2802453339099884 -0.1644669622182846 5.4191575050354
v -0.29109758138656616 -0.17255522310733795 5.423326015472412
v -0.3007378876209259 -0.1817692220211029 5.4253644943237305
v -0.27328866720199585 -0.19378089904785156 5.38683557510376
v -0.2860148549079895 -0.19988244771957397 5.393054485321045
v -0.29731881618499756 -0.2066790610551834 5.3977789878845215
v -0.3003074824810028 -0.20055165886878967 5.40339469909668
v -0.28804460167884827 -0.1919298619031906 5.397614002227783
v -0.275865375995636 -0.1849316954612732 5.392579078674316
v -0.09584662318229675 -0.14966587722301483 5.313683986663818
v -0.11482099443674088 -0.1457395851612091 5.314468860626221
v -0.23009073734283447 -0.1611175388097763 5.367911338806152
v -0.23997297883033752 -0.1653667539358139 5.37496280670166
v -0.2495262324810028 -0.17068204283714294 5.379814147949219
v -0.2623249292373657 -0.17711298167705536 5.386895179748535
v -0.24257934093475342 -0.1563441902399063 5.38259744644165
v -0.23276269435882568 -0.15178698301315308 5.376333236694336
v -0.22181634604930878 -0.14785350859165192 5.369863033294678
v -0.11668980121612549 -0.13487137854099274 5.327218532562256
v -0.077559694647789 -0.1530189961194992 5.313660144805908
v -0.21672594547271729 -0.2012074738740921 5.492945671081543
v -0.2237558364868164 -0.1771211177110672 5.501290798187256
v -0.23469366133213043 -0.15584512054920197 5.494485855102539
v -0.24121873080730438 -0.1401495486497879 5.477341175079346
v -0.3873726725578308 -0.3741086423397064 5.43787145614624
v -0.06982850283384323 -0.30387794971466064 5.220284938812256
v -0.07209505885839462 -0.3242170512676239 5.202207565307617
v -0.09264135360717773 -0.3254666030406952 5.195742607116699
v -0.0722552165389061 -0.21241746842861176 5.272984027862549
v -0.0769534558057785 -0.161935493350029 5.303680896759033
v -0.15551835298538208 -0.3286307454109192 5.482222557067871
v -0.14385633170604706 -0.3302111029624939 5.487144470214844
v -0.14558017253875732 -0.31379637122154236 5.4869184494018555
v -0.1575183868408203 -0.31219184398651123 5.482423782348633
v -0.17461010813713074 -0.32373762130737305 5.468317985534668
v -0.1661747694015503 -0.32671988010406494 5.475244998931885
v -0.16774873435497284 -0.31008005142211914 5.47689151763916
v -0.17650899291038513 -0.3080790936946869 5.469785690307617
v -0.18216919898986816 -0.32151031494140625 5.461226463317871
v -0.18374352157115936 -0.3057498633861542 5.462090492248535
v -0.16395172476768494 -0.34221702814102173 5.473275661468506
v -0.15392492711544037 -0.3448966443538666 5.479000568389893
v -0.14249499142169952 -0.34624940156936646 5.484003067016602
v -0.17955702543258667 -0.3355896770954132 5.458157062530518
v -0.17280356585979462 -0.33915281295776367 5.465254306793213
v -0.05620719864964485 -0.08601117134094238 5.593966960906982
v -0.05305372551083565 -0.0853513777256012 5.608964920043945
v -0.04895865172147751 -0.04890561103820801 5.634897232055664
v -0.0496341772377491 -0.04445621371269226 5.633496284484863
v -0.07243380695581436 -0.16886194050312042 5.512243270874023
v -0.07115542888641357 -0.1565532088279724 5.518099308013916
v -0.06802729517221451 -0.3245121240615845 5.488335132598877
v -0.07113977521657944 -0.28773197531700134 5.495300769805908
v -0.07381274551153183 -0.27189135551452637 5.492529392242432
v -0.07525608688592911 -0.25392791628837585 5.494537830352783
v -0.07409042865037918 -0.18200592696666718 5.508034706115723
v -0.06969089806079865 -0.30645886063575745 5.492995738983154
v -0.22001735866069794 -0.597485363483429 5.132519245147705
v -0.20184993743896484 -0.6157273650169373 5.117776870727539
v -0.20675760507583618 -0.5834431648254395 5.114952087402344
v -0.1924220770597458 -0.5955924987792969 5.102648735046387
v -0.21664251387119293 -0.5171384215354919 5.143853187561035
v -0.21602389216423035 -0.542618453502655 5.133882522583008
v -0.2166539579629898 -0.48894649744033813 5.154531002044678
v -0.17164839804172516 -0.5993148684501648 5.089147567749023
v -0.14504961669445038 -0.5986220836639404 5.079360008239746
v -0.14161531627178192 -0.570118248462677 5.071583271026611
v -0.20160308480262756 -0.4841021001338959 5.1340742111206055
v -0.20136390626430511 -0.5099726319313049 5.12444543838501
v -0.19742707908153534 -0.5735624432563782 5.105483531951904
v -0.21378003060817719 -0.5650381445884705 5.1243438720703125
v -0.19938118755817413 -0.5580006837844849 5.108503818511963
v -0.16722501814365387 -0.5740169286727905 5.0823564529418945
v -0.1859608143568039 -0.5759710669517517 5.096225738525391
v -0.10954610258340836 -0.40865305066108704 5.131250381469727
v -0.08536799252033234 -0.4237036406993866 5.117575168609619
v -0.11377903074026108 -0.42606213688850403 5.117170810699463
v -0.18961139023303986 -0.41671955585479736 5.164417743682861
v -0.17733514308929443 -0.42982757091522217 5.139538764953613
v -0.18429341912269592 -0.5546939969062805 5.094707489013672
v -0.1644235998392105 -0.5475283861160278 5.081439971923828
v -0.13916189968585968 -0.5416165590286255 5.070729732513428
v -0.14083315432071686 -0.4669610857963562 5.0944952964782715
v -0.13937334716320038 -0.488972008228302 5.083693027496338
v -0.16283176839351654 -0.4949834644794464 5.093616485595703
v -0.16412407159805298 -0.4714156687259674 5.104220867156982
v -0.18175575137138367 -0.4518842399120331 5.12716817855835
v -0.18400156497955322 -0.4764263331890106 5.116736888885498
v -0.14011751115322113 -0.4461883306503296 5.108253479003906
v -0.16214480996131897 -0.4484333395957947 5.115571022033691
v -0.15762656927108765 -0.4276632070541382 5.1289896965026855
v -0.18388903141021729 -0.5023228526115417 5.107709884643555
v -0.1090129092335701 -0.5102351307868958 5.069436550140381
v -0.13808272778987885 -0.5151379704475403 5.075026035308838
v -0.077742800116539 -0.5082060694694519 5.07268762588501
v -0.1367640495300293 -0.42622411251068115 5.1224775314331055
v -0.1318690925836563 -0.4076705873012543 5.13531494140625
v -0.1266937255859375 -0.3890926241874695 5.148634910583496
v -0.11355426907539368 -0.3284883201122284 5.195289134979248
v -0.17486540973186493 -0.7321216464042664 5.408486366271973
v -0.047932062298059464 -0.634860098361969 5.2347493171691895
v -0.048836201429367065 -0.6400302648544312 5.206157684326172
v -0.2215488851070404 -0.546949028968811 5.240978717803955
v -0.23805497586727142 -0.5757895708084106 5.179248332977295
v -0.22770322859287262 -0.5710725784301758 5.143487453460693
v -0.06459436565637589 -0.5979591608047485 5.294134616851807
v -0.052226707339286804 -0.6156071424484253 5.278203010559082
v -0.20157946646213531 -0.5427431464195251 5.265290260314941
v -0.14330635964870453 -0.5524224638938904 5.299623489379883
v -0.04847778379917145 -0.6272554397583008 5.257418632507324
v -0.20104768872261047 -0.5362864136695862 5.116037368774414
v -0.1840803325176239 -0.5296319723129272 5.099377632141113
v -0.1632833480834961 -0.5217073559761047 5.085336208343506
v -0.10893567651510239 -0.5372813940048218 5.065497875213623
v -0.07600818574428558 -0.5325133204460144 5.068822860717773
v -0.062384795397520065 -0.5805779695510864 5.2820940017700195
v -0.05991456285119057 -0.5838895440101624 5.291325092315674
v -0.052609581500291824 -0.5851901769638062 5.290872097015381
v -0.0520944781601429 -0.5855228900909424 5.279036998748779
v -0.15287399291992188 -0.5027713775634766 5.309756278991699
v -0.13122737407684326 -0.5114338397979736 5.3206892013549805
v -0.08854775875806808 -0.5257896184921265 5.339840888977051
v -0.06878470629453659 -0.5305157899856567 5.346724033355713
v -0.20786021649837494 -0.4702706038951874 5.269327163696289
v -0.1093098595738411 -0.5193825960159302 5.3308563232421875
v -0.19369643926620483 -0.48304012417793274 5.285767555236816
v -0.17417046427726746 -0.49375560879707336 5.297707557678223
v -0.15358388423919678 -1.0759512186050415 5.177576541900635
v -0.15614692866802216 -1.0974866151809692 5.160024166107178
v -0.15649904310703278 -1.0882569551467896 5.147036552429199
v -0.15061134099960327 -1.0666297674179077 5.167590141296387
v -0.16578680276870728 -1.0473027229309082 5.147143840789795
v -0.1543383002281189 -1.0533894300460815 5.152133464813232
v -0.18034151196479797 -1.0456793308258057 5.1461381912231445
v -0.17818500101566315 -1.070724368095398 5.122349262237549
v -0.1899648904800415 -1.0741169452667236 5.12732458114624
v -0.193387970328331 -1.048240303993225 5.1465349197387695
v -0.20248273015022278 -1.0536428689956665 5.153698444366455
v -0.20576423406600952 -1.0843428373336792 5.144634246826172
v -0.21020609140396118 -1.093644380569458 5.160328388214111
v -0.2142631858587265 -1.0724717378616333 5.178460597991943
v -0.20924411714076996 -1.0613963603973389 5.166062831878662
v -0.2103922963142395 -1.0863432884216309 5.189530372619629
v -0.20649844408035278 -1.1050834655761719 5.172478199005127
v -0.19622987508773804 -1.0932772159576416 5.195565700531006
v -0.16127601265907288 -1.0844147205352783 5.185179710388184
v -0.16081826388835907 -1.105649471282959 5.171961784362793
v -0.16475331783294678 -1.0716907978057861 5.123983383178711
v -0.1557612419128418 -1.0781724452972412 5.132486820220947
v -0.14927171170711517 -1.0598552227020264 5.158581733703613
v -0.15623131394386292 -1.0828770399093628 5.140320777893066
v -0.1561044305562973 -1.113549828529358 5.137515068054199
v -0.15261948108673096 -1.1194432973861694 5.150474548339844
v -0.16351167857646942 -1.0980587005615234 5.106911659240723
v -0.15890873968601227 -1.1038353443145752 5.119202613830566
v -0.187671959400177 -1.0999633073806763 5.111818790435791
v -0.17689765989780426 -1.0963929891586304 5.103760719299316
v -0.20661769807338715 -1.1077760457992554 5.127595901489258
v -0.19846519827842712 -1.0787184238433838 5.1352691650390625
v -0.19769006967544556 -1.1035021543502808 5.118935585021973
v -0.21004807949066162 -1.1142020225524902 5.1437578201293945
v -0.20616956055164337 -1.1225887537002563 5.159717559814453
v -0.15765486657619476 -1.1252058744430542 5.164459228515625
v -0.15963947772979736 -1.1074897050857544 5.126618385314941
v -0.23206211626529694 -1.1929292678833008 5.300383567810059
v -0.22553038597106934 -1.195253849029541 5.3033952713012695
v -0.22530578076839447 -1.189821481704712 5.30136775970459
v -0.22936110198497772 -1.1891332864761353 5.299323558807373
v -0.19787760078907013 -1.1982923746109009 5.317327499389648
v -0.18706399202346802 -1.2034153938293457 5.318117141723633
v -0.1866539716720581 -1.192029595375061 5.319097518920898
v -0.1945306807756424 -1.1889146566390991 5.318902015686035
v -0.2145884931087494 -1.1962629556655884 5.313233852386475
v -0.2221664935350418 -1.1945557594299316 5.310660362243652
v -0.21990898251533508 -1.199344515800476 5.309231281280518
v -0.21507872641086578 -1.2002553939819336 5.310552597045898
v -0.2450256198644638 -1.189379334449768 5.267115592956543
v -0.24913109838962555 -1.1905035972595215 5.264875411987305
v -0.2488165646791458 -1.1930526494979858 5.262026309967041
v -0.2449057698249817 -1.19501793384552 5.265816688537598
v -0.23691588640213013 -1.1928843259811401 5.28756856918335
v -0.2417249232530594 -1.1926836967468262 5.2831950187683105
v -0.24042323231697083 -1.1964401006698608 5.282379150390625
v -0.23753397166728973 -1.1970632076263428 5.283812522888184
v -0.19211764633655548 -1.185800313949585 5.29670524597168
v -0.19467556476593018 -1.186238408088684 5.310318470001221
v -0.18235227465629578 -1.1902461051940918 5.31001615524292
v -0.17724895477294922 -1.1873098611831665 5.297408103942871
v -0.17696185410022736 -1.2005853652954102 5.308582782745361
v -0.18450459837913513 -1.2047438621520996 5.304738998413086
v -0.1797228753566742 -1.2064454555511475 5.291815757751465
v -0.1716427057981491 -1.198946475982666 5.292825698852539
v -0.19696512818336487 -1.2028093338012695 5.303887367248535
v -0.19371606409549713 -1.2044289112091064 5.292067527770996
v -0.2005998194217682 -1.19551420211792 5.294104099273682
v -0.2050350457429886 -1.1936460733413696 5.308006286621094
v -0.21863552927970886 -1.1917989253997803 5.2922234535217285
v -0.22433003783226013 -1.1924307346343994 5.302234172821045
v -0.2179422527551651 -1.1873373985290527 5.304166793823242
v -0.21220095455646515 -1.1850883960723877 5.292321681976318
v -0.21043767035007477 -1.1891499757766724 5.307424068450928
v -0.20226353406906128 -1.1872528791427612 5.296441555023193
v -0.2003377377986908 -1.197666883468628 5.297145366668701
v -0.20582100749015808 -1.196500539779663 5.30965518951416
v -0.21019987761974335 -1.200865626335144 5.304403305053711
v -0.20487487316131592 -1.2026798725128174 5.293241500854492
v -0.21372714638710022 -1.2005538940429688 5.2912278175354
v -0.21927069127559662 -1.1995731592178345 5.301962852478027
v -0.22642993927001953 -1.1840929985046387 5.282384872436523
v -0.2290523648262024 -1.1881672143936157 5.294117450714111
v -0.22235585749149323 -1.1894536018371582 5.2964887619018555
v -0.21759191155433655 -1.1861575841903687 5.287585258483887
v -0.21928031742572784 -1.197144627571106 5.298343181610107
v -0.2242940217256546 -1.1995470523834229 5.294827461242676
v -0.22041352093219757 -1.1993962526321411 5.284570693969727
v -0.21561956405639648 -1.196260929107666 5.28975248336792
v -0.2293701320886612 -1.1974681615829468 5.28159761428833
v -0.23112963140010834 -1.1986925601959229 5.292568683624268
v -0.23270821571350098 -1.1886365413665771 5.281898498535156
v -0.2343825399875641 -1.19268000125885 5.293416976928711
v -0.243064746260643 -1.1884011030197144 5.2666778564453125
v -0.2432563751935959 -1.192632794380188 5.27705192565918
v -0.23972192406654358 -1.1873801946640015 5.27838134765625
v -0.23835349082946777 -1.1833603382110596 5.268645763397217
v -0.2347198724746704 -1.187435507774353 5.282151222229004
v -0.23196758329868317 -1.1841294765472412 5.273951530456543
v -0.23196671903133392 -1.1915475130081177 5.282840251922607
v -0.234653502702713 -1.1979535818099976 5.27902364730835
v -0.23335477709770203 -1.1971582174301147 5.2715020179748535
v -0.23086853325366974 -1.189754843711853 5.276269912719727
v -0.2408776432275772 -1.1976540088653564 5.276460647583008
v -0.24013745784759521 -1.1963366270065308 5.266427040100098
v -0.2471885234117508 -1.1831910610198975 5.250205993652344
v -0.24943628907203674 -1.1902027130126953 5.247866630554199
v -0.25119492411613464 -1.1889657974243164 5.255555629730225
v -0.2485930621623993 -1.1839640140533447 5.257477283477783
v -0.2433764934539795 -1.1841002702713013 5.261936187744141
v -0.24228201806545258 -1.1823612451553345 5.256313323974609
v -0.241243377327919 -1.1886348724365234 5.262974262237549
v -0.242682084441185 -1.1951038837432861 5.259552955627441
v -0.241974338889122 -1.1951192617416382 5.2535176277160645
v -0.2415999472141266 -1.1875535249710083 5.257646560668945
v -0.24872098863124847 -1.194260597229004 5.255845069885254
v -0.2468665987253189 -1.1943806409835815 5.248203754425049
v -0.17301777005195618 -1.1853902339935303 5.282608509063721
v -0.19235050678253174 -1.1861387491226196 5.282155990600586
v -0.18865731358528137 -1.2035961151123047 5.31359338760376
v -0.16771921515464783 -1.1987296342849731 5.278951644897461
v -0.19565987586975098 -1.2026911973953247 5.312990188598633
v -0.19396959245204926 -1.2044799327850342 5.280131816864014
v -0.17637141048908234 -1.2066447734832764 5.27639102935791
v -0.19749079644680023 -1.1966166496276855 5.288730144500732
v -0.21942974627017975 -1.1900054216384888 5.310703277587891
v -0.21394409239292145 -1.194515585899353 5.28378963470459
v -0.21217505633831024 -1.2018046379089355 5.274763107299805
v -0.21513254940509796 -1.1908799409866333 5.312016487121582
v -0.2094501107931137 -1.1836475133895874 5.277510166168213
v -0.22469143569469452 -1.1822386980056763 5.264715671539307
v -0.22756877541542053 -1.198405385017395 5.300303936004639
v -0.23125256597995758 -1.1976165771484375 5.29804801940918
v -0.22867393493652344 -1.1990514993667603 5.264712810516357
v -0.23048418760299683 -1.1892743110656738 5.273526668548584
v -0.24006640911102295 -1.1897188425064087 5.284416675567627
v -0.24164293706417084 -1.1878210306167603 5.25738525390625
v -0.23960496485233307 -1.1971412897109985 5.2506489753723145
v -0.23740212619304657 -1.1887081861495972 5.285641670227051
v -0.23735004663467407 -1.1806104183197021 5.25141716003418
v -0.24721592664718628 -1.18703031539917 5.263131141662598
v -0.24849286675453186 -1.1902366876602173 5.235898017883301
v -0.24538734555244446 -1.1970797777175903 5.2390828132629395
v -0.24498718976974487 -1.1863938570022583 5.2657246589660645
v -0.24564601480960846 -1.181527018547058 5.239523887634277
v -0.16949407756328583 -1.0924856662750244 5.192682266235352
v -0.16940006613731384 -1.1105682849884033 5.179408073425293
v -0.18112115561962128 -1.0945165157318115 5.19428014755249
v -0.193680077791214 -1.1101452112197876 5.178017616271973
v -0.18047457933425903 -1.1109198331832886 5.1794209480285645
v -0.16861608624458313 -1.12809419631958 5.175123691558838
v -0.19294273853302002 -1.1281206607818604 5.170578479766846
v -0.18087799847126007 -1.1275070905685425 5.176327705383301
v -0.20869633555412292 -1.1255627870559692 5.114750385284424
v -0.21401122212409973 -1.1306180953979492 5.130522727966309
v -0.19752603769302368 -1.1227463483810425 5.1069111824035645
v -0.17611286044120789 -1.1183412075042725 5.089482307434082
v -0.1879754513502121 -1.1196461915969849 5.097507476806641
v -0.16779667139053345 -1.1425105333328247 5.180604457855225
v -0.15766945481300354 -1.1415761709213257 5.164076328277588
v -0.18120908737182617 -1.1411125659942627 5.184751987457275
v -0.19634166359901428 -1.1416219472885132 5.175989627838135
v -0.1646903157234192 -1.1826236248016357 5.265995502471924
v -0.16200581192970276 -1.18198561668396 5.245056629180908
v -0.1754947006702423 -1.1714760065078735 5.249055862426758
v -0.182815283536911 -1.1787186861038208 5.265308856964111
v -0.19331640005111694 -1.1702289581298828 5.242074489593506
v -0.20009267330169678 -1.1784383058547974 5.258965969085693
v -0.2089298665523529 -1.1712498664855957 5.231017112731934
v -0.2154199779033661 -1.1778112649917603 5.2493720054626465
v -0.22336024045944214 -1.1741840839385986 5.220703601837158
v -0.2294653058052063 -1.1786249876022339 5.238534927368164
v -0.2359621822834015 -1.1799161434173584 5.209226131439209
v -0.24169498682022095 -1.1810063123703003 5.227532863616943
v -0.24404923617839813 -1.1892439126968384 5.2034735679626465
v -0.24849191308021545 -1.190381646156311 5.221405506134033
v -0.16070012748241425 -1.1988554000854492 5.262383460998535
v -0.15902206301689148 -1.196370244026184 5.240843296051025
v -0.17106172442436218 -1.2083874940872192 5.258673191070557
v -0.16923904418945312 -1.2082282304763794 5.237419605255127
v -0.18777552247047424 -1.2072285413742065 5.256469249725342
v -0.18422192335128784 -1.2069159746170044 5.233763217926025
v -0.23984692990779877 -1.2003130912780762 5.20530366897583
v -0.24358564615249634 -1.2004486322402954 5.224460601806641
v -0.2048916518688202 -1.204872965812683 5.249306678771973
v -0.20064860582351685 -1.2046668529510498 5.228280067443848
v -0.22039484977722168 -1.203913688659668 5.240502834320068
v -0.2159104198217392 -1.2038971185684204 5.219655513763428
v -0.23316806554794312 -1.2027511596679688 5.231311798095703
v -0.22909589111804962 -1.203622579574585 5.212263107299805
v -0.1695278435945511 -1.1656582355499268 5.224792957305908
v -0.1876336932182312 -1.159338116645813 5.22274112701416
v -0.20367610454559326 -1.162427306175232 5.2117438316345215
v -0.217452734708786 -1.16834557056427 5.198947906494141
v -0.22922886908054352 -1.1767781972885132 5.1874237060546875
v -0.23778292536735535 -1.1855193376541138 5.18291711807251
v -0.21537742018699646 -1.1574925184249878 5.17134952545166
v -0.22257032990455627 -1.1729936599731445 5.16249418258667
v -0.22917036712169647 -1.1830284595489502 5.161255359649658
v -0.21803641319274902 -1.168029546737671 5.137234210968018
v -0.22173871099948883 -1.1801700592041016 5.1375932693481445
v -0.20733506977558136 -1.1627655029296875 5.099370002746582
v -0.21188977360725403 -1.1787265539169312 5.09720516204834
v -0.21651680767536163 -1.1777263879776 5.115644931793213
v -0.21239250898361206 -1.1640065908432007 5.115961074829102
v -0.21330146491527557 -1.1533271074295044 5.143345832824707
v -0.21071894466876984 -1.146623134613037 5.121445655822754
v -0.20469698309898376 -1.1426937580108643 5.10540246963501
v -0.19572049379348755 -1.1771491765975952 5.075878620147705
v -0.20593474805355072 -1.1785293817520142 5.084684371948242
v -0.20197546482086182 -1.162217378616333 5.08758544921875
v -0.19363650679588318 -1.1597621440887451 5.077434539794922
v -0.17760121822357178 -1.1603426933288574 5.070533752441406
v -0.17928935587406158 -1.1792417764663696 5.073672294616699
v -0.16241832077503204 -1.1641478538513184 5.0808796882629395
v -0.16355037689208984 -1.1818184852600098 5.08207368850708
v -0.1900216042995453 -1.1388500928878784 5.08616304397583
v -0.19778768718242645 -1.1410834789276123 5.095306873321533
v -0.17729389667510986 -1.138569951057434 5.079604148864746
v -0.16357022523880005 -1.1417105197906494 5.088377475738525
v -0.16137167811393738 -1.144665002822876 5.103981018066406
v -0.1598006933927536 -1.1663918495178223 5.099032878875732
v -0.15802454948425293 -1.1830536127090454 5.0991129875183105
v -0.16083915531635284 -1.1798632144927979 5.221248149871826
v -0.16132259368896484 -1.191163420677185 5.214889049530029
v -0.20076116919517517 -1.1515260934829712 5.191343307495117
v -0.18298272788524628 -1.1497114896774292 5.202614784240723
v -0.16551846265792847 -1.1570532321929932 5.196193695068359
v -0.1581486463546753 -1.176162838935852 5.19437313079834
v -0.16276155412197113 -1.1875801086425781 5.189572811126709
v -0.16280308365821838 -1.1849297285079956 5.165964603424072
v -0.15680894255638123 -1.1739791631698608 5.167662143707275
v -0.16931027173995972 -1.2006357908248901 5.212721347808838
v -0.1706751435995102 -1.1936695575714111 5.187989711761475
v -0.16972410678863525 -1.190382719039917 5.163059711456299
v -0.16030189394950867 -1.1837799549102783 5.144063949584961
v -0.1559978723526001 -1.1717884540557861 5.145514488220215
v -0.15906508266925812 -1.1826989650726318 5.126287937164307
v -0.1578294038772583 -1.16901695728302 5.127787113189697
v -0.1589459329843521 -1.1672494411468506 5.113865852355957
v -0.15798504650592804 -1.1825618743896484 5.112744331359863
v -0.15739724040031433 -1.150315523147583 5.12909460067749
v -0.15937426686286926 -1.1468546390533447 5.117384433746338
v -0.15550778806209564 -1.1547915935516357 5.145251274108887
v -0.15685421228408813 -1.1574674844741821 5.167891979217529
v -0.23458291590213776 -1.197344422340393 5.184998989105225
v -0.227706640958786 -1.1933925151824951 5.162844657897949
v -0.22015249729156494 -1.189976453781128 5.140292167663574
v -0.21419914066791534 -1.189488172531128 5.1179094314575195
v -0.20746386051177979 -1.190402865409851 5.100232124328613
v -0.20114238560199738 -1.1905514001846313 5.089925765991211
v -0.17952130734920502 -1.1899796724319458 5.081219673156738
v -0.19259920716285706 -1.189628005027771 5.082065582275391
v -0.16826167702674866 -1.1912273168563843 5.0871500968933105
v -0.163733571767807 -1.1932759284973145 5.100675582885742
v -0.16354970633983612 -1.1942977905273438 5.113773822784424
v -0.16665157675743103 -1.1914665699005127 5.141280174255371
v -0.16431522369384766 -1.1938005685806274 5.125397205352783
v -0.15195521712303162 -1.1378542184829712 5.145094871520996
v -0.15399448573589325 -1.1328691244125366 5.130373954772949
v -0.1590801626443863 -1.1275922060012817 5.118255138397217
v -0.16480065882205963 -1.1191524267196655 5.095229625701904
v -0.1613496094942093 -1.1235181093215942 5.109827518463135
v -0.1821349561214447 -1.2032521963119507 5.209225654602051
v -0.19770684838294983 -1.2011982202529907 5.202314853668213
v -0.21238665282726288 -1.201045274734497 5.195363998413086
v -0.2247578650712967 -1.2007924318313599 5.1889729499816895
v -0.21983318030834198 -1.1973592042922974 5.166564464569092
v -0.2085566371679306 -1.1979775428771973 5.171209812164307
v -0.19458164274692535 -1.1984243392944336 5.177576541900635
v -0.1809139847755432 -1.196991205215454 5.184201717376709
v -0.21285437047481537 -1.195245385169983 5.144654273986816
v -0.20288395881652832 -1.196672797203064 5.149015426635742
v -0.19028455018997192 -1.1967363357543945 5.153013229370117
v -0.17874163389205933 -1.1954834461212158 5.160293102264404
v -0.17480063438415527 -1.1966270208358765 5.138273239135742
v -0.18468736112117767 -1.197404384613037 5.132480621337891
v -0.19576725363731384 -1.196858525276184 5.128523826599121
v -0.20521791279315948 -1.194557785987854 5.1224446296691895
v -0.1991996467113495 -1.1944661140441895 5.1064772605896
v -0.190231591463089 -1.1959713697433472 5.112132549285889
v -0.1802895963191986 -1.1971455812454224 5.117199897766113
v -0.17213095724582672 -1.1967195272445679 5.121517658233643
v -0.1943369358778 -1.194352626800537 5.097865104675293
v -0.180647611618042 -1.1937848329544067 5.088774681091309
v -0.18813356757164001 -1.1936893463134766 5.0910964012146
v -0.17275896668434143 -1.1946654319763184 5.090810298919678
v -0.17057009041309357 -1.1960192918777466 5.101283550262451
v -0.17089536786079407 -1.196946382522583 5.111776828765869
v -0.17829492688179016 -1.196392297744751 5.107662677764893
v -0.17704012989997864 -1.1956627368927002 5.100291728973389
v -0.18712128698825836 -1.1955446004867554 5.103676795959473
v -0.18395082652568817 -1.1948341131210327 5.0974440574646
v -0.17685672640800476 -1.1950379610061646 5.094805717468262
v -0.18034134805202484 -1.194598913192749 5.093301773071289
v -0.20758503675460815 -1.1402798891067505 5.155132293701172
v -0.17469602823257446 -0.9150654673576355 5.414310932159424
v -0.15994074940681458 -0.9126960635185242 5.413684368133545
v -0.1911110281944275 -0.912415623664856 5.415467739105225
v -0.17259131371974945 -0.5419691205024719 5.276079177856445
v -0.12853004038333893 -0.4490548074245453 5.3488006591796875
v -0.12868601083755493 -0.4250372052192688 5.375558853149414
v -0.12791241705417633 -0.4386598765850067 5.361527442932129
v -0.17494457960128784 -0.552965521812439 5.287222862243652
v -0.17413324117660522 -0.3776228427886963 5.355402946472168
v -0.1593059003353119 -0.2942841947078705 5.482128143310547
v -0.15541520714759827 0.01367252878844738 5.567826271057129
v -0.15328267216682434 0.011747835204005241 5.565701007843018
v -0.15215398371219635 0.009606538340449333 5.56326961517334
v -0.15208475291728973 0.008473573252558708 5.560494899749756
v -0.15200376510620117 0.007548718247562647 5.556220054626465
v -0.15143869817256927 0.008121369406580925 5.553677558898926
v -0.15452951192855835 0.010866014286875725 5.5624589920043945
v -0.1533142775297165 0.014142779633402824 5.558960914611816
v -0.15346404910087585 0.01467469148337841 5.5615458488464355
v -0.15487636625766754 0.012397019192576408 5.564348220825195
f 2 3 1
f 1 3 4
f 3 2 5
f 5 2 6
f 3 7 4
f 4 7 8
f 10 11 9
f 9 11 12
f 14 15 13
f 13 15 16
f 18 19 17
f 17 19 20
f 22 23 21
f 21 23 24
f 26 18 25
f 25 18 17
f 27 28 17
f 17 28 25
f 30 31 29
f 29 31 32
f 34 35 33
f 33 35 36
f 21 24 37
f 37 24 38
f 40 31 39
f 39 31 38
f 34 33 28
f 28 33 25
f 41 42 44
f 44 42 43
f 36 45 33
f 33 45 25
f 46 47 49
f 49 47 48
f 51 52 50
f 50 52 53
f 55 53 54
f 54 53 52
f 57 58 56
f 56 58 59
f 61 62 60
f 60 62 63
f 65 66 64
f 64 66 67
f 69 70 68
f 68 70 71
f 65 73 72
f 72 73 74
f 64 75 65
f 65 75 73
f 77 78 76
f 76 78 79
f 80 81 83
f 83 81 82
f 81 85 84
f 84 85 86
f 88 89 87
f 87 89 69
f 88 87 90
f 90 87 91
f 93 94 92
f 92 94 95
f 96 84 43
f 43 84 44
f 51 98 97
f 97 98 86
f 97 99 51
f 51 99 52
f 54 52 100
f 100 52 99
f 58 101 59
f 59 101 102
f 62 103 63
f 63 103 104
f 105 106 6
f 6 106 5
f 108 109 107
f 107 109 110
f 112 113 111
f 111 113 114
f 116 117 115
f 115 117 118
f 120 121 119
f 119 121 122
f 124 125 123
f 123 125 126
f 128 129 127
f 127 129 130
f 130 131 127
f 127 131 132
f 134 1 133
f 133 1 135
f 1 4 135
f 135 4 136
f 4 8 136
f 136 8 137
f 138 139 15
f 15 139 140
f 140 139 141
f 141 139 142
f 144 57 143
f 143 57 56
f 145 146 141
f 141 146 147
f 146 149 148
f 148 149 150
f 152 153 151
f 151 153 154
f 141 147 140
f 140 147 155
f 157 11 156
f 156 11 158
f 160 161 159
f 159 161 162
f 164 165 163
f 163 165 166
f 165 160 166
f 166 160 159
f 168 169 167
f 167 169 170
f 169 171 170
f 170 171 172
f 149 173 150
f 150 173 174
f 175 176 149
f 149 176 173
f 178 172 177
f 177 172 171
f 180 181 179
f 179 181 182
f 184 180 183
f 183 180 179
f 186 187 185
f 185 187 188
f 190 191 189
f 189 191 192
f 7 193 8
f 8 193 194
f 196 162 195
f 195 162 161
f 197 168 198
f 198 168 167
f 181 199 182
f 182 199 200
f 202 203 201
f 201 203 204
f 187 186 205
f 205 186 206
f 208 209 207
f 207 209 210
f 212 213 211
f 211 213 214
f 215 216 218
f 218 216 217
f 220 209 219
f 219 209 208
f 204 186 221
f 221 186 185
f 201 204 222
f 222 204 221
f 223 211 220
f 220 211 209
f 224 225 214
f 214 225 210
f 203 206 204
f 204 206 186
f 227 187 226
f 226 187 205
f 27 228 21
f 21 228 22
f 230 231 229
f 229 231 232
f 234 235 233
f 233 235 236
f 238 239 237
f 237 239 240
f 119 122 118
f 118 122 115
f 112 242 241
f 241 242 243
f 98 51 244
f 244 51 50
f 245 138 14
f 14 138 15
f 11 10 158
f 158 10 246
f 89 85 69
f 69 85 70
f 11 157 12
f 12 157 247
f 249 164 248
f 248 164 163
f 177 250 178
f 178 250 251
f 253 254 252
f 252 254 255
f 187 227 188
f 188 227 256
f 212 257 213
f 213 257 258
f 260 134 259
f 259 134 133
f 165 164 135
f 135 164 133
f 160 165 136
f 136 165 135
f 136 137 160
f 160 137 161
f 137 261 161
f 161 261 195
f 263 264 262
f 262 264 265
f 13 16 266
f 266 16 267
f 268 267 155
f 155 267 16
f 147 269 155
f 155 269 268
f 162 196 167
f 167 196 198
f 167 170 162
f 162 170 159
f 170 172 159
f 159 172 166
f 172 178 166
f 166 178 163
f 178 251 163
f 163 251 248
f 168 270 169
f 169 270 271
f 272 273 171
f 171 273 177
f 271 272 169
f 169 272 171
f 168 197 270
f 270 197 274
f 250 177 275
f 275 177 273
f 277 45 276
f 276 45 278
f 280 281 279
f 279 281 282
f 284 104 283
f 283 104 103
f 285 215 286
f 286 215 218
f 288 289 287
f 287 289 290
f 291 80 66
f 66 80 83
f 293 294 292
f 292 294 295
f 73 91 74
f 74 91 87
f 91 73 92
f 92 73 75
f 279 77 280
f 280 77 76
f 80 291 70
f 70 291 71
f 277 47 96
f 96 47 82
f 297 175 296
f 296 175 149
f 299 154 298
f 298 154 153
f 225 300 210
f 210 300 207
f 224 301 206
f 206 301 205
f 210 209 214
f 214 209 211
f 226 205 302
f 302 205 301
f 304 305 303
f 303 305 306
f 308 309 307
f 307 309 310
f 72 291 65
f 65 291 66
f 66 83 67
f 67 83 46
f 312 313 311
f 311 313 314
f 316 317 315
f 315 317 36
f 29 318 35
f 35 318 319
f 321 32 320
f 320 32 322
f 311 314 323
f 323 314 324
f 315 325 316
f 316 325 326
f 318 287 319
f 319 287 290
f 328 321 327
f 327 321 320
f 329 330 39
f 39 330 331
f 332 333 40
f 40 333 322
f 309 334 285
f 285 334 335
f 236 2 134
f 134 2 1
f 260 336 233
f 233 336 337
f 237 14 265
f 265 14 13
f 84 86 44
f 44 86 98
f 189 192 7
f 7 192 193
f 44 98 41
f 41 98 244
f 237 240 14
f 14 240 245
f 7 3 189
f 189 3 5
f 338 71 72
f 72 71 291
f 262 265 266
f 266 265 13
f 124 123 339
f 339 123 105
f 123 109 105
f 105 109 106
f 189 5 190
f 190 5 106
f 111 114 12
f 12 114 9
f 264 340 265
f 265 340 237
f 342 343 341
f 341 343 344
f 6 235 105
f 105 235 339
f 234 346 345
f 345 346 347
f 349 350 348
f 348 350 351
f 107 352 108
f 108 352 353
f 355 356 354
f 354 356 357
f 237 340 238
f 238 340 358
f 12 247 111
f 111 247 359
f 264 263 116
f 116 263 360
f 361 362 222
f 222 362 201
f 364 365 363
f 363 365 366
f 368 369 367
f 367 369 370
f 372 373 371
f 371 373 374
f 375 376 372
f 372 376 377
f 378 379 381
f 381 379 380
f 382 383 269
f 269 383 268
f 150 174 365
f 365 174 384
f 380 377 381
f 381 377 376
f 271 270 180
f 180 270 181
f 273 272 252
f 252 272 184
f 272 271 184
f 184 271 180
f 181 270 274
f 252 255 273
f 273 255 275
f 254 385 255
f 255 385 386
f 387 388 179
f 179 388 183
f 389 387 182
f 182 387 179
f 182 200 389
f 389 200 390
f 388 391 183
f 183 391 253
f 391 392 253
f 253 392 254
f 394 379 393
f 393 379 378
f 185 188 395
f 395 188 396
f 221 185 397
f 397 185 395
f 222 221 398
f 398 221 397
f 188 256 396
f 396 256 399
f 400 401 256
f 256 401 399
f 402 403 405
f 405 403 404
f 148 150 364
f 364 150 365
f 393 406 394
f 394 406 407
f 158 246 393
f 393 246 406
f 342 19 238
f 238 19 239
f 23 22 350
f 350 22 354
f 244 50 245
f 245 50 138
f 55 142 53
f 53 142 139
f 145 144 296
f 296 144 143
f 355 228 341
f 341 228 20
f 41 240 42
f 42 240 239
f 283 308 284
f 284 308 307
f 349 409 408
f 408 409 410
f 244 245 41
f 41 245 240
f 268 383 406
f 406 383 407
f 346 411 349
f 349 411 409
f 251 412 248
f 248 412 413
f 275 414 250
f 250 414 415
f 25 45 26
f 26 45 277
f 43 26 96
f 96 26 277
f 416 417 61
f 61 417 62
f 329 24 408
f 408 24 23
f 31 40 32
f 32 40 322
f 39 38 329
f 329 38 24
f 37 38 30
f 30 38 31
f 418 419 421
f 421 419 420
f 78 295 79
f 79 295 294
f 124 339 422
f 422 339 345
f 232 131 357
f 357 131 351
f 2 236 6
f 6 236 235
f 252 184 253
f 253 184 183
f 227 423 256
f 256 423 400
f 423 227 305
f 305 227 226
f 424 258 425
f 425 258 257
f 426 427 212
f 212 427 257
f 259 133 249
f 249 133 164
f 419 418 428
f 428 418 429
f 327 430 328
f 328 430 288
f 49 431 46
f 46 431 67
f 306 302 424
f 424 302 258
f 313 432 314
f 314 432 433
f 32 321 29
f 29 321 318
f 324 314 433
f 287 318 328
f 328 318 321
f 134 260 236
f 236 260 233
f 345 339 234
f 234 339 235
f 357 351 354
f 354 351 350
f 408 23 349
f 349 23 350
f 317 278 36
f 36 278 45
f 432 313 429
f 429 313 428
f 435 428 434
f 434 428 313
f 42 239 18
f 18 239 19
f 43 42 26
f 26 42 18
f 121 120 436
f 436 120 437
f 302 301 258
f 258 301 213
f 110 109 126
f 126 109 123
f 238 358 342
f 342 358 343
f 341 20 342
f 342 20 19
f 322 438 320
f 320 438 439
f 320 439 327
f 327 439 430
f 333 440 322
f 322 440 438
f 289 288 323
f 323 288 430
f 115 340 116
f 116 340 264
f 146 145 149
f 149 145 296
f 15 140 16
f 16 140 155
f 441 442 152
f 152 442 153
f 225 224 203
f 203 224 206
f 175 297 154
f 154 297 151
f 293 443 294
f 294 443 444
f 248 413 249
f 249 413 445
f 446 447 400
f 400 447 401
f 388 387 396
f 396 387 395
f 387 389 395
f 395 389 397
f 391 388 399
f 399 388 396
f 401 392 399
f 399 392 391
f 255 386 275
f 275 386 414
f 449 450 448
f 448 450 451
f 335 452 285
f 285 452 215
f 453 298 442
f 442 298 153
f 211 223 212
f 212 223 426
f 425 257 454
f 454 257 427
f 266 10 262
f 262 10 9
f 360 113 456
f 456 113 455
f 8 194 137
f 137 194 261
f 10 266 246
f 246 266 267
f 203 202 225
f 225 202 300
f 262 9 263
f 263 9 114
f 108 353 190
f 190 353 191
f 389 390 397
f 397 390 398
f 457 422 128
f 128 422 129
f 156 158 378
f 378 158 393
f 347 346 348
f 348 346 349
f 447 458 401
f 401 458 392
f 364 382 148
f 148 382 269
f 55 54 57
f 57 54 58
f 75 64 459
f 459 64 460
f 100 90 101
f 101 90 95
f 101 58 100
f 100 58 54
f 142 55 144
f 144 55 57
f 147 146 269
f 269 146 148
f 459 93 75
f 75 93 92
f 144 145 142
f 142 145 141
f 228 27 20
f 20 27 17
f 154 299 175
f 175 299 176
f 214 213 224
f 224 213 301
f 424 461 306
f 306 461 303
f 285 286 309
f 309 286 310
f 462 334 308
f 308 334 309
f 302 306 226
f 226 306 305
f 37 28 21
f 21 28 27
f 29 35 30
f 30 35 34
f 30 34 37
f 37 34 28
f 344 436 356
f 356 436 229
f 325 290 326
f 326 290 289
f 311 439 312
f 312 439 438
f 35 319 36
f 36 319 315
f 439 311 430
f 430 311 323
f 315 319 325
f 325 319 290
f 440 463 438
f 438 463 312
f 341 344 355
f 355 344 356
f 360 456 116
f 116 456 117
f 354 22 355
f 355 22 228
f 326 289 324
f 324 289 323
f 74 87 68
f 68 87 69
f 50 53 138
f 138 53 139
f 268 406 267
f 267 406 246
f 190 106 108
f 108 106 109
f 241 455 112
f 112 455 113
f 358 122 343
f 343 122 121
f 129 347 130
f 130 347 348
f 348 351 130
f 130 351 131
f 229 232 356
f 356 232 357
f 340 115 358
f 358 115 122
f 111 359 112
f 112 359 242
f 125 124 457
f 457 124 422
f 231 132 232
f 232 132 131
f 343 121 344
f 344 121 436
f 263 114 360
f 360 114 113
f 347 129 345
f 345 129 422
f 230 229 437
f 437 229 436
f 464 446 423
f 423 446 400
f 465 466 468
f 468 466 467
f 470 471 469
f 469 471 472
f 469 472 373
f 373 472 374
f 474 469 473
f 473 469 373
f 471 475 472
f 472 475 476
f 472 477 374
f 374 477 478
f 477 472 476
f 479 480 476
f 476 480 477
f 473 373 377
f 377 373 372
f 481 482 479
f 479 482 480
f 483 484 481
f 481 484 482
f 403 402 485
f 485 402 486
f 487 488 483
f 483 488 484
f 487 489 488
f 488 489 490
f 489 491 490
f 490 491 492
f 491 493 492
f 492 493 494
f 493 495 494
f 494 495 496
f 497 498 481
f 481 498 483
f 484 499 482
f 482 499 367
f 370 480 367
f 367 480 482
f 480 370 477
f 477 370 478
f 500 497 479
f 479 497 481
f 451 473 380
f 380 473 377
f 448 451 379
f 379 451 380
f 501 502 504
f 504 502 503
f 449 505 507
f 507 505 506
f 486 508 505
f 505 508 506
f 508 509 506
f 506 509 510
f 511 507 510
f 510 507 506
f 509 508 512
f 512 508 513
f 515 509 514
f 514 509 512
f 509 515 510
f 510 515 516
f 510 516 511
f 511 516 517
f 486 505 485
f 485 505 518
f 505 449 518
f 518 449 448
f 383 382 403
f 403 382 404
f 363 404 364
f 364 404 382
f 403 485 383
f 383 485 407
f 519 520 361
f 361 520 362
f 522 496 521
f 521 496 495
f 450 474 451
f 451 474 473
f 363 366 523
f 523 366 524
f 525 499 488
f 488 499 484
f 488 490 525
f 525 490 526
f 496 522 520
f 520 522 527
f 494 496 519
f 519 496 520
f 492 494 528
f 528 494 519
f 529 530 495
f 495 530 521
f 490 492 526
f 526 492 528
f 529 495 531
f 531 495 493
f 533 534 532
f 532 534 535
f 523 524 533
f 533 524 534
f 486 402 532
f 532 402 533
f 529 536 530
f 530 536 537
f 536 538 537
f 537 538 539
f 540 541 539
f 539 541 537
f 530 537 535
f 535 537 541
f 542 539 543
f 543 539 538
f 539 542 540
f 540 542 544
f 541 540 513
f 513 540 512
f 540 544 512
f 512 544 514
f 546 547 545
f 545 547 548
f 549 550 531
f 531 550 551
f 550 549 552
f 552 549 553
f 546 550 554
f 554 550 552
f 547 546 555
f 555 546 554
f 498 556 558
f 558 556 557
f 559 557 560
f 560 557 556
f 561 562 560
f 560 562 559
f 557 559 552
f 552 559 554
f 559 562 554
f 554 562 555
f 558 557 553
f 553 557 552
f 475 471 563
f 563 471 564
f 565 563 567
f 567 563 566
f 471 470 564
f 564 470 466
f 564 466 568
f 568 466 465
f 568 465 569
f 569 465 570
f 572 573 571
f 571 573 574
f 569 575 567
f 567 575 576
f 577 565 576
f 576 565 567
f 578 579 581
f 581 579 580
f 575 561 576
f 576 561 560
f 556 577 560
f 560 577 576
f 577 556 497
f 497 556 498
f 565 577 500
f 500 577 497
f 563 565 475
f 475 565 500
f 553 489 558
f 558 489 487
f 531 493 549
f 549 493 491
f 489 553 491
f 491 553 549
f 394 407 518
f 518 407 485
f 518 448 394
f 394 448 379
f 545 548 538
f 538 548 543
f 551 545 536
f 536 545 538
f 536 529 551
f 551 529 531
f 507 582 449
f 449 582 450
f 511 583 507
f 507 583 582
f 511 517 583
f 583 517 584
f 585 586 588
f 588 586 587
f 590 591 589
f 589 591 592
f 591 590 593
f 593 590 594
f 596 597 595
f 595 597 598
f 599 600 602
f 602 600 601
f 604 605 603
f 603 605 606
f 608 609 607
f 607 609 610
f 612 613 611
f 611 613 614
f 615 616 618
f 618 616 617
f 620 621 619
f 619 621 622
f 624 625 623
f 623 625 626
f 628 629 627
f 627 629 630
f 632 633 631
f 631 633 634
f 635 636 638
f 638 636 637
f 639 640 642
f 642 640 641
f 644 645 643
f 643 645 646
f 619 622 647
f 647 622 648
f 650 651 649
f 649 651 652
f 601 653 602
f 602 653 654
f 656 657 655
f 655 657 658
f 660 661 659
f 659 661 662
f 664 665 663
f 663 665 666
f 593 594 667
f 667 594 668
f 669 670 672
f 672 670 671
f 673 674 676
f 676 674 675
f 633 632 677
f 677 632 678
f 663 666 679
f 679 666 680
f 681 682 684
f 684 682 683
f 686 687 685
f 685 687 688
f 690 661 689
f 689 661 691
f 693 686 692
f 692 686 685
f 695 597 694
f 694 597 668
f 594 696 668
f 668 696 694
f 697 698 696
f 696 698 699
f 700 701 697
f 697 701 698
f 702 585 703
f 703 585 588
f 671 690 672
f 672 690 689
f 640 639 704
f 704 639 705
f 679 706 663
f 663 706 658
f 708 709 707
f 707 709 710
f 711 712 610
f 610 712 607
f 713 714 716
f 716 714 715
f 717 718 720
f 720 718 719
f 722 634 721
f 721 634 633
f 724 725 723
f 723 725 726
f 728 729 727
f 727 729 730
f 732 733 731
f 731 733 734
f 707 710 735
f 735 710 736
f 643 737 644
f 644 737 738
f 740 741 739
f 739 741 742
f 608 744 743
f 743 744 745
f 747 748 746
f 746 748 749
f 751 752 750
f 750 752 753
f 754 755 757
f 757 755 756
f 758 759 761
f 761 759 760
f 763 764 762
f 762 764 765
f 767 768 766
f 766 768 769
f 771 772 770
f 770 772 773
f 775 776 774
f 774 776 777
f 779 780 778
f 778 780 781
f 783 712 782
f 782 712 784
f 785 786 788
f 788 786 787
f 790 628 789
f 789 628 627
f 792 793 791
f 791 793 794
f 795 796 726
f 726 796 723
f 798 799 797
f 797 799 800
f 721 633 801
f 801 633 677
f 797 800 802
f 802 800 803
f 805 806 804
f 804 806 807
f 809 810 808
f 808 810 811
f 813 814 812
f 812 814 815
f 809 808 817
f 817 808 816
f 818 819 804
f 804 819 805
f 820 821 818
f 818 821 819
f 821 820 587
f 587 820 822
f 809 823 810
f 810 823 824
f 814 807 815
f 815 807 806
f 826 426 825
f 825 426 223
f 426 826 427
f 427 826 827
f 828 829 454
f 454 829 830
f 831 832 677
f 677 832 801
f 834 835 833
f 833 835 836
f 838 839 837
f 837 839 840
f 841 842 844
f 844 842 843
f 845 846 803
f 803 846 802
f 847 831 678
f 678 831 677
f 848 849 851
f 851 849 850
f 853 854 852
f 852 854 855
f 857 858 856
f 856 858 680
f 860 861 859
f 859 861 862
f 864 865 863
f 863 865 866
f 868 869 867
f 867 869 870
f 839 871 840
f 840 871 872
f 849 848 874
f 874 848 873
f 876 877 875
f 875 877 878
f 880 881 879
f 879 881 882
f 883 884 886
f 886 884 885
f 846 887 802
f 802 887 888
f 890 891 889
f 889 891 888
f 893 894 892
f 892 894 895
f 896 897 728
f 728 897 729
f 899 900 898
f 898 900 901
f 902 852 904
f 904 852 903
f 849 905 850
f 850 905 906
f 875 878 907
f 907 878 908
f 910 911 909
f 909 911 912
f 914 915 913
f 913 915 916
f 917 918 862
f 862 918 859
f 919 920 856
f 856 920 921
f 923 924 922
f 922 924 925
f 926 927 925
f 925 927 922
f 929 930 928
f 928 930 693
f 932 695 931
f 931 695 694
f 823 867 824
f 824 867 933
f 935 936 934
f 934 936 937
f 938 868 823
f 823 868 867
f 940 847 939
f 939 847 678
f 632 655 678
f 678 655 939
f 941 942 619
f 619 942 620
f 687 943 688
f 688 943 944
f 851 850 945
f 945 850 903
f 850 906 903
f 903 906 904
f 946 947 949
f 949 947 948
f 951 952 950
f 950 952 953
f 955 956 954
f 954 956 957
f 907 958 875
f 875 958 874
f 960 961 959
f 959 961 962
f 963 853 902
f 902 853 852
f 909 964 910
f 910 964 965
f 967 968 966
f 966 968 969
f 971 972 970
f 970 972 973
f 974 960 975
f 975 960 959
f 977 978 976
f 976 978 979
f 981 977 980
f 980 977 976
f 980 982 981
f 981 982 983
f 985 983 984
f 984 983 982
f 984 986 985
f 985 986 987
f 989 990 988
f 988 990 991
f 993 994 992
f 992 994 995
f 997 998 996
f 996 998 999
f 1001 1002 1000
f 1000 1002 1003
f 1005 1006 1004
f 1004 1006 1007
f 1004 1008 1005
f 1005 1008 1009
f 1008 1010 1009
f 1009 1010 1011
f 1013 1011 1012
f 1012 1011 1010
f 1014 1015 1017
f 1017 1015 1016
f 1019 1020 1018
f 1018 1020 1021
f 1022 1023 976
f 976 1023 980
f 1024 1025 982
f 982 1025 984
f 992 995 1026
f 1026 995 1027
f 956 955 1028
f 1028 955 1029
f 1030 1031 1033
f 1033 1031 1032
f 1010 1008 1034
f 1034 1008 1035
f 1008 1004 1035
f 1035 1004 1036
f 1037 1038 1002
f 1002 1038 1007
f 1002 1001 1037
f 1037 1001 1039
f 1040 1041 997
f 997 1041 998
f 1015 1014 1043
f 1043 1014 1042
f 1044 1045 1047
f 1047 1045 1046
f 1044 1020 1048
f 1048 1020 1049
f 1050 1051 1003
f 1003 1051 1000
f 1052 1050 1006
f 1006 1050 1003
f 1053 1054 1011
f 1011 1054 1009
f 1013 1045 1055
f 1055 1045 1056
f 1058 1059 1057
f 1057 1059 1060
f 1062 1063 1061
f 1061 1063 1064
f 1065 1066 1050
f 1050 1066 1051
f 1067 1065 1052
f 1052 1065 1050
f 1068 1069 1054
f 1054 1069 1070
f 1071 1068 1053
f 1053 1068 1054
f 1073 1071 1072
f 1072 1071 1074
f 1074 1071 1055
f 1055 1071 1053
f 1076 1077 1075
f 1075 1077 1078
f 1079 1080 1057
f 1057 1080 1058
f 1081 1082 1064
f 1064 1082 1061
f 1084 1085 1083
f 1083 1085 1086
f 1088 1089 1087
f 1087 1089 1090
f 1092 1093 1091
f 1091 1093 1094
f 1096 1097 1095
f 1095 1097 1098
f 1099 1100 1102
f 1102 1100 1101
f 1103 1104 1099
f 1099 1104 1100
f 1106 1107 1105
f 1105 1107 1108
f 1110 1111 1109
f 1109 1111 1112
f 1114 1115 1113
f 1113 1115 1116
f 1118 1119 1117
f 1117 1119 1077
f 1117 1120 1122
f 1122 1120 1121
f 1105 1123 1106
f 1106 1123 1124
f 1125 1126 1128
f 1128 1126 1127
f 1130 1131 1129
f 1129 1131 1132
f 1134 1135 1133
f 1133 1135 1114
f 1113 1136 1114
f 1114 1136 1133
f 1118 1137 1113
f 1113 1137 1136
f 1118 1117 1137
f 1137 1117 1122
f 1139 1140 1138
f 1138 1140 1141
f 1143 953 1142
f 1142 953 952
f 1145 957 1144
f 1144 957 956
f 1028 1146 956
f 956 1146 1144
f 1014 1147 1042
f 1042 1147 1148
f 1014 1017 1147
f 1147 1017 1149
f 1059 1058 1150
f 1150 1058 1151
f 1153 1080 1152
f 1152 1080 1154
f 1156 1088 1155
f 1155 1088 1087
f 1157 1158 1106
f 1106 1158 1107
f 1106 1124 1157
f 1157 1124 1159
f 1161 1162 1160
f 1160 1162 1163
f 1165 1166 1164
f 1164 1166 1167
f 1168 1031 1012
f 1012 1031 1046
f 1024 1023 1035
f 1035 1023 1034
f 1036 1038 1025
f 1025 1038 1169
f 1170 1171 1039
f 1039 1171 1037
f 1028 1029 1042
f 1042 1029 1043
f 1172 1173 1175
f 1175 1173 1174
f 1055 1053 1013
f 1013 1053 1011
f 1005 1009 1070
f 1070 1009 1054
f 996 999 1062
f 1062 999 1063
f 1016 1060 1017
f 1017 1060 1059
f 1017 1059 1149
f 1149 1059 1150
f 1177 1178 1176
f 1176 1178 1103
f 1176 1072 1179
f 1179 1072 1074
f 1073 1102 1086
f 1086 1102 1083
f 1180 1181 1067
f 1067 1181 1065
f 1182 1183 1184
f 1184 1183 1181
f 1186 1187 1185
f 1185 1187 1188
f 1189 1190 798
f 798 1190 799
f 1192 1193 1191
f 1191 1193 1194
f 1195 1196 1194
f 1194 1196 1191
f 1196 1195 1198
f 1198 1195 1197
f 1200 674 1199
f 1199 674 673
f 928 1201 1203
f 1203 1201 1202
f 861 1204 862
f 862 1204 921
f 1205 1206 913
f 913 1206 1207
f 882 1208 879
f 879 1208 1209
f 1210 1211 1167
f 1167 1211 1164
f 1212 769 1213
f 1213 769 768
f 727 1214 728
f 728 1214 1215
f 1217 1218 1216
f 1216 1218 1219
f 1220 813 1221
f 1221 813 812
f 827 828 427
f 427 828 454
f 1223 1224 1222
f 1222 1224 1165
f 1226 1227 1225
f 1225 1227 1228
f 851 1229 848
f 848 1229 1230
f 834 854 835
f 835 854 1231
f 1233 1234 1232
f 1232 1234 1235
f 1237 751 1236
f 1236 751 750
f 743 819 1238
f 1238 819 821
f 1240 1241 1239
f 1239 1241 1242
f 1244 1245 1243
f 1243 1245 1246
f 844 1247 841
f 841 1247 1248
f 1250 1251 1249
f 1249 1251 1252
f 1254 893 1253
f 1253 893 1237
f 1255 1256 1258
f 1258 1256 1257
f 1260 1261 1259
f 1259 1261 1262
f 945 903 855
f 855 903 852
f 855 1263 945
f 945 1263 1264
f 832 845 801
f 801 845 803
f 800 721 803
f 803 721 801
f 721 800 722
f 722 800 799
f 1266 1267 1265
f 1265 1267 1268
f 1270 795 1269
f 1269 795 726
f 725 1271 726
f 726 1271 1269
f 737 765 738
f 738 765 764
f 759 740 760
f 760 740 739
f 717 1272 1274
f 1274 1272 1273
f 1163 1226 1275
f 1275 1226 1225
f 1277 882 1276
f 1276 882 881
f 1041 1040 1027
f 1027 1040 1026
f 900 935 901
f 901 935 934
f 1164 1278 1165
f 1165 1278 1222
f 1211 1279 1164
f 1164 1279 1278
f 442 1280 453
f 453 1280 1281
f 788 1282 785
f 785 1282 1283
f 1285 1286 1284
f 1284 1286 1287
f 1284 1288 1285
f 1285 1288 1289
f 757 1289 754
f 754 1289 1288
f 605 604 675
f 675 604 676
f 1290 1291 1293
f 1293 1291 1292
f 1295 1296 1294
f 1294 1296 1297
f 696 699 694
f 694 699 931
f 1298 1299 592
f 592 1299 589
f 1299 1300 589
f 589 1300 700
f 1300 1301 700
f 700 1301 701
f 743 745 819
f 819 745 805
f 1303 1304 1302
f 1302 1304 1305
f 1306 1307 1305
f 1305 1307 1302
f 609 1298 610
f 610 1298 592
f 587 822 588
f 588 822 1308
f 703 588 1309
f 1309 588 1308
f 1310 703 571
f 571 703 1309
f 1311 1312 789
f 789 1312 790
f 825 223 1313
f 1313 223 220
f 219 1314 220
f 220 1314 1313
f 1315 1316 1311
f 1311 1316 1312
f 1317 1318 1319
f 1319 1318 1241
f 441 1320 442
f 442 1320 1280
f 1321 217 572
f 572 217 216
f 1323 1230 1322
f 1322 1230 1229
f 1324 1325 631
f 631 1325 656
f 1034 1168 1010
f 1010 1168 1012
f 1327 1328 1326
f 1326 1328 1329
f 1331 1202 1330
f 1330 1202 1201
f 571 1309 572
f 572 1309 1321
f 573 572 1332
f 1332 572 216
f 1334 1335 1333
f 1333 1335 1336
f 1337 1338 918
f 918 1338 859
f 1339 863 1340
f 1340 863 866
f 1341 1342 1344
f 1344 1342 1343
f 1345 1346 919
f 919 1346 920
f 1347 1348 673
f 673 1348 1199
f 693 1349 928
f 928 1349 1201
f 1351 1257 1350
f 1350 1257 1256
f 1350 1352 1351
f 1351 1352 1353
f 653 930 654
f 654 930 662
f 1279 1354 1278
f 1278 1354 1355
f 1357 1358 1356
f 1356 1358 1359
f 937 1360 1140
f 1140 1360 1361
f 1225 1228 909
f 909 1228 964
f 901 934 1362
f 1362 934 1139
f 1364 1365 1363
f 1363 1365 1362
f 1367 912 1366
f 1366 912 911
f 1143 1142 1368
f 1368 1142 1369
f 1144 1186 1145
f 1145 1186 1185
f 1146 1175 1144
f 1144 1175 1186
f 1175 1146 1172
f 1172 1146 1148
f 1147 1018 1148
f 1148 1018 1172
f 1018 1147 1019
f 1019 1147 1149
f 1149 1150 1019
f 1019 1150 1370
f 1150 1151 1370
f 1370 1151 1371
f 1151 1153 1371
f 1371 1153 1177
f 1152 1156 1178
f 1178 1156 1372
f 1155 1158 1373
f 1373 1158 1374
f 1157 1159 1376
f 1376 1159 1375
f 1378 1379 1377
f 1377 1379 1380
f 1382 1383 1381
f 1381 1383 1384
f 1382 1386 1385
f 1385 1386 1387
f 1386 1233 1387
f 1387 1233 1232
f 1389 1390 1388
f 1388 1390 1391
f 1393 1394 1392
f 1392 1394 1395
f 1397 1398 1396
f 1396 1398 1399
f 629 1397 630
f 630 1397 1396
f 1342 1400 1343
f 1343 1400 1401
f 1403 1404 1402
f 1402 1404 1405
f 1407 1408 1406
f 1406 1408 1409
f 1411 1412 1410
f 1410 1412 1413
f 793 1414 794
f 794 1414 1415
f 1417 1341 1416
f 1416 1341 1344
f 704 705 1347
f 1347 705 1418
f 741 1419 742
f 742 1419 1420
f 1422 669 1421
f 1421 669 672
f 645 1423 646
f 646 1423 1424
f 1196 1198 614
f 614 1198 611
f 613 1425 614
f 614 1425 1426
f 1427 616 659
f 659 616 660
f 614 1426 1196
f 1196 1426 1191
f 696 594 697
f 697 594 590
f 697 590 700
f 700 590 589
f 703 1310 702
f 702 1310 1428
f 1421 672 1192
f 1192 672 689
f 1271 648 1269
f 1269 648 622
f 621 1270 622
f 622 1270 1269
f 1429 1430 1417
f 1417 1430 1341
f 1431 1432 1434
f 1434 1432 1433
f 1436 1437 1435
f 1435 1437 1438
f 1440 1441 1439
f 1439 1441 1442
f 1443 1444 1446
f 1446 1444 1445
f 823 809 938
f 938 809 817
f 810 1447 811
f 811 1447 1448
f 1449 1450 679
f 679 1450 706
f 913 916 1205
f 1205 916 1451
f 1275 1225 912
f 912 1225 909
f 1452 1453 880
f 880 1453 881
f 1444 1401 1445
f 1445 1401 1400
f 936 1454 937
f 937 1454 1360
f 824 1455 810
f 810 1455 1447
f 631 656 632
f 632 656 655
f 966 1456 967
f 967 1456 1457
f 1459 1460 1458
f 1458 1460 1461
f 1460 1462 1461
f 1461 1462 1463
f 972 974 973
f 973 974 975
f 990 995 991
f 991 995 994
f 1464 1187 1033
f 1033 1187 1174
f 1018 1021 1172
f 1172 1021 1173
f 1000 999 1001
f 1001 999 998
f 976 979 1022
f 1022 979 1032
f 1023 1024 980
f 980 1024 982
f 989 986 1171
f 1171 986 1169
f 1171 1170 989
f 989 1170 990
f 1170 1027 990
f 990 1027 995
f 1041 1039 998
f 998 1039 1001
f 1051 1063 1000
f 1000 1063 999
f 1066 1064 1051
f 1051 1064 1063
f 1183 1081 1066
f 1066 1081 1064
f 1178 1372 1103
f 1103 1372 1104
f 1092 1091 1465
f 1465 1091 1182
f 1467 1465 1466
f 1466 1465 1468
f 1469 1470 1184
f 1184 1470 1468
f 1095 1098 1471
f 1471 1098 1101
f 1076 1374 1120
f 1120 1374 1376
f 1110 1472 1127
f 1127 1472 1132
f 1472 1473 1132
f 1132 1473 1129
f 1474 1475 1466
f 1466 1475 1473
f 1119 1118 1116
f 1116 1118 1113
f 1375 1121 1376
f 1376 1121 1120
f 1127 1132 1128
f 1128 1132 1131
f 1227 1476 1228
f 1228 1476 1361
f 1365 1477 1362
f 1362 1477 872
f 1478 1479 1323
f 1323 1479 1230
f 1480 1481 914
f 914 1481 915
f 913 1277 914
f 914 1277 1276
f 1168 1034 1022
f 1022 1034 1023
f 1035 1036 1024
f 1024 1036 1025
f 1039 1041 1170
f 1170 1041 1027
f 1042 1148 1028
f 1028 1148 1146
f 968 1459 969
f 969 1459 1458
f 1482 1483 664
f 664 1483 665
f 1485 1486 1484
f 1484 1486 1487
f 1489 1490 1488
f 1488 1490 1491
f 1492 1493 722
f 722 1493 634
f 1495 1496 1494
f 1494 1496 1497
f 1498 1207 1339
f 1339 1207 863
f 1224 1499 1165
f 1165 1499 1166
f 1160 1163 1500
f 1500 1163 1275
f 1500 877 1160
f 1160 877 1501
f 876 873 1502
f 1502 873 1479
f 945 1264 851
f 851 1264 1229
f 835 1231 839
f 839 1231 871
f 1503 1283 778
f 778 1283 1282
f 716 715 1505
f 1505 715 1504
f 1446 1445 1507
f 1507 1445 1506
f 779 792 1381
f 1381 792 791
f 1430 1409 1341
f 1341 1409 1342
f 1411 1429 1508
f 1508 1429 1417
f 635 1510 1509
f 1509 1510 1511
f 1377 1380 1315
f 1315 1380 1316
f 1445 1400 1506
f 1506 1400 1408
f 918 917 1336
f 1336 917 1333
f 1513 1514 1512
f 1512 1514 870
f 1515 1516 1363
f 1363 1516 1364
f 1453 1517 881
f 881 1517 1276
f 992 1518 993
f 993 1518 1519
f 1520 1029 1518
f 1518 1029 955
f 1520 1026 1521
f 1521 1026 1040
f 1522 1015 1521
f 1521 1015 1043
f 996 1523 997
f 997 1523 1522
f 1060 1016 1524
f 1524 1016 1523
f 1061 1525 1062
f 1062 1525 1524
f 1079 1527 1526
f 1526 1527 1528
f 1093 1529 1094
f 1094 1529 1528
f 1111 1530 1112
f 1112 1530 1531
f 1532 1533 1105
f 1105 1533 1123
f 934 937 1139
f 1139 937 1140
f 1138 1363 1139
f 1139 1363 1362
f 1534 1222 1355
f 1355 1222 1278
f 1535 1223 1534
f 1534 1223 1222
f 821 587 1238
f 1238 587 586
f 1319 711 1317
f 1317 711 1536
f 1538 1200 1537
f 1537 1200 1199
f 1508 1417 1539
f 1539 1417 1416
f 1540 1541 840
f 840 1541 837
f 1231 898 871
f 871 898 901
f 1500 1275 1367
f 1367 1275 912
f 1543 1379 1542
f 1542 1379 1395
f 1539 772 1508
f 1508 772 1544
f 1546 1403 1545
f 1545 1403 1402
f 1548 1549 1547
f 1547 1549 1550
f 1552 1548 1551
f 1551 1548 1547
f 1554 1555 1553
f 1553 1555 1556
f 1558 1559 1557
f 1557 1559 1560
f 1562 1563 1561
f 1561 1563 1564
f 1566 1567 1565
f 1565 1567 1568
f 1570 1571 1569
f 1569 1571 1572
f 1574 1575 1573
f 1573 1575 1576
f 1577 1578 1572
f 1572 1578 1569
f 1580 1581 1579
f 1579 1581 1582
f 1584 1585 1583
f 1583 1585 1586
f 1588 1555 1587
f 1587 1555 1589
f 1591 1592 1590
f 1590 1592 1593
f 1595 1596 1594
f 1594 1596 1597
f 1596 1581 1597
f 1597 1581 1576
f 1599 1570 1598
f 1598 1570 1569
f 1601 1602 1600
f 1600 1602 1603
f 1605 1606 1604
f 1604 1606 1607
f 1608 1609 1568
f 1568 1609 1565
f 1611 1612 1610
f 1610 1612 1613
f 1615 1616 1614
f 1614 1616 1617
f 1619 1617 1618
f 1618 1617 1616
f 1621 1622 1620
f 1620 1622 1623
f 1625 1626 1624
f 1624 1626 1627
f 1629 1630 1628
f 1628 1630 1631
f 1633 1634 1632
f 1632 1634 1635
f 1636 1637 1639
f 1639 1637 1638
f 1641 1642 1640
f 1640 1642 1643
f 1624 1627 1644
f 1644 1627 1645
f 1647 1648 1646
f 1646 1648 1649
f 1651 1652 1650
f 1650 1652 1653
f 1655 1656 1654
f 1654 1656 1657
f 1659 1660 1658
f 1658 1660 1661
f 1662 1663 1631
f 1631 1663 1628
f 1651 1665 1664
f 1664 1665 1666
f 1667 1656 1619
f 1619 1656 1617
f 1669 1670 1668
f 1668 1670 1671
f 1632 1635 1672
f 1672 1635 1673
f 1674 1675 1638
f 1638 1675 1639
f 1677 1678 1676
f 1676 1678 1679
f 1680 1640 1681
f 1681 1640 1643
f 1682 1683 1643
f 1643 1683 1681
f 1670 1669 1235
f 1235 1669 1232
f 1396 1399 1674
f 1674 1399 1675
f 627 630 1679
f 1679 630 1676
f 1681 1315 1680
f 1680 1315 1311
f 1683 1377 1681
f 1681 1377 1315
f 1672 1673 1387
f 1387 1673 1385
f 1636 1684 1646
f 1646 1684 1685
f 1687 1688 1686
f 1686 1688 1689
f 1585 1690 1586
f 1586 1690 1691
f 1599 1692 1551
f 1551 1692 1693
f 1552 1558 1694
f 1694 1558 1557
f 1696 1615 1695
f 1695 1615 1614
f 1698 1699 1697
f 1697 1699 1623
f 1700 1701 1703
f 1703 1701 1702
f 1705 1706 1704
f 1704 1706 1707
f 1708 1709 1640
f 1640 1709 1641
f 1710 1711 1713
f 1713 1711 1712
f 1652 1655 1653
f 1653 1655 1654
f 1714 1699 1712
f 1712 1699 1713
f 1715 1710 1716
f 1716 1710 1713
f 1717 1708 1680
f 1680 1708 1640
f 1393 1392 1715
f 1715 1392 1710
f 1719 1720 1718
f 1718 1720 1721
f 1680 1311 1717
f 1717 1311 789
f 1378 1711 1392
f 1392 1711 1710
f 1388 1391 1719
f 1719 1391 1720
f 1723 1606 1722
f 1722 1606 1689
f 1725 1568 1724
f 1724 1568 1567
f 1726 1647 1685
f 1685 1647 1646
f 1728 1554 1727
f 1727 1554 1553
f 1591 1687 1600
f 1600 1687 1686
f 1730 1595 1729
f 1729 1595 1594
f 1601 1605 1731
f 1731 1605 1604
f 1733 1663 1732
f 1732 1663 1734
f 1736 1639 1735
f 1735 1639 1675
f 1658 1644 1737
f 1737 1644 1645
f 1726 1662 1724
f 1724 1662 1631
f 1399 1738 1675
f 1675 1738 1735
f 1621 1667 1739
f 1739 1667 1619
f 1714 1740 1620
f 1620 1740 1741
f 1592 1549 1593
f 1593 1549 1742
f 1602 1571 1603
f 1603 1571 1550
f 1688 1690 1689
f 1689 1690 1722
f 1588 1559 1582
f 1582 1559 1579
f 1673 1735 1385
f 1385 1735 1738
f 1387 1232 1672
f 1672 1232 1669
f 1580 1692 1573
f 1573 1692 1743
f 1377 1683 1378
f 1378 1683 1711
f 1664 1666 1744
f 1744 1666 1745
f 1744 1696 1664
f 1664 1696 1695
f 1746 1747 1732
f 1732 1747 1748
f 1749 1750 1677
f 1677 1750 1678
f 1709 1708 1750
f 1750 1708 1678
f 1668 1632 1669
f 1669 1632 1672
f 1633 1746 1734
f 1734 1746 1732
f 1679 1678 1717
f 1717 1678 1708
f 789 627 1717
f 1717 627 1679
f 1563 1723 1564
f 1564 1723 1722
f 1728 1584 1751
f 1751 1584 1583
f 1674 1676 1396
f 1396 1676 630
f 1666 1566 1745
f 1745 1566 1565
f 1627 1629 1645
f 1645 1629 1628
f 1637 1749 1638
f 1638 1749 1677
f 1648 1665 1649
f 1649 1665 1752
f 1740 1642 1741
f 1741 1642 1657
f 1676 1674 1677
f 1677 1674 1638
f 1683 1682 1711
f 1711 1682 1712
f 1618 1753 1619
f 1619 1753 1739
f 1701 1739 1702
f 1702 1739 1753
f 1754 1214 1756
f 1756 1214 1755
f 647 1757 619
f 619 1757 941
f 1759 1193 1758
f 1758 1193 691
f 1419 1760 1420
f 1420 1760 1761
f 682 1762 683
f 683 1762 1763
f 1412 780 1413
f 1413 780 1384
f 1383 1398 1384
f 1384 1398 1413
f 1197 1424 1764
f 1764 1424 1423
f 1537 1287 1538
f 1538 1287 1286
f 1634 1684 1635
f 1635 1684 1736
f 1724 1631 1725
f 1725 1631 1630
f 1562 1730 1610
f 1610 1730 1729
f 1735 1673 1736
f 1736 1673 1635
f 1757 1195 941
f 941 1195 1194
f 1766 200 1765
f 1765 200 199
f 475 500 476
f 476 500 479
f 498 558 483
f 483 558 487
f 545 551 546
f 546 551 550
f 453 1281 219
f 219 1281 1314
f 298 453 208
f 208 453 219
f 368 1765 1767
f 1767 1765 199
f 523 405 363
f 363 405 404
f 523 533 405
f 405 533 402
f 298 208 299
f 299 208 207
f 299 207 176
f 176 207 300
f 176 300 173
f 173 300 202
f 173 202 174
f 174 202 201
f 1337 918 1768
f 1768 918 1336
f 1769 1770 1338
f 1338 1770 859
f 581 570 578
f 578 570 1771
f 555 562 580
f 580 562 561
f 504 1772 501
f 501 1772 548
f 517 542 584
f 584 542 543
f 515 514 516
f 516 514 544
f 542 517 544
f 544 517 516
f 561 575 580
f 580 575 581
f 575 569 581
f 581 569 570
f 501 548 1773
f 1773 548 547
f 1774 1775 570
f 570 1775 1771
f 369 368 1776
f 1776 368 1767
f 372 369 375
f 375 369 1776
f 822 1280 1308
f 1308 1280 1320
f 820 1281 822
f 822 1281 1280
f 818 1314 820
f 820 1314 1281
f 1314 818 1313
f 1313 818 804
f 807 814 825
f 825 814 826
f 814 813 826
f 826 813 827
f 813 1220 827
f 827 1220 828
f 580 579 555
f 555 579 547
f 1477 1540 872
f 872 1540 840
f 367 499 368
f 368 499 1765
f 1766 1765 525
f 525 1765 499
f 1777 1766 526
f 526 1766 525
f 520 527 362
f 362 527 384
f 361 1778 519
f 519 1778 528
f 371 1779 372
f 372 1779 369
f 369 1779 370
f 370 1779 478
f 1779 371 478
f 478 371 374
f 1778 1777 528
f 528 1777 526
f 1781 1782 1780
f 1780 1782 1783
f 431 460 67
f 67 460 64
f 68 338 74
f 74 338 72
f 1785 1782 1784
f 1784 1782 1786
f 1787 1788 1790
f 1790 1788 1789
f 1792 1789 1791
f 1791 1789 1793
f 1791 1794 1792
f 1792 1794 1795
f 1794 1796 1795
f 1795 1796 1797
f 1797 1798 938
f 938 1798 868
f 1798 1799 868
f 868 1799 869
f 1801 1802 1800
f 1800 1802 1451
f 1803 1804 1205
f 1205 1804 1206
f 1805 1806 864
f 864 1806 865
f 1806 1807 865
f 865 1807 1808
f 68 71 338
f 287 328 288
f 1320 1321 1308
f 1308 1321 1309
f 1320 441 1321
f 1321 441 217
f 441 152 217
f 217 152 218
f 151 286 152
f 152 286 218
f 297 310 151
f 151 310 286
f 296 307 297
f 297 307 310
f 296 143 307
f 307 143 284
f 143 56 284
f 284 56 104
f 56 59 104
f 104 59 63
f 59 102 63
f 63 102 60
f 102 94 60
f 60 94 282
f 93 459 279
f 279 459 77
f 459 460 77
f 77 460 78
f 460 431 78
f 78 431 295
f 431 49 295
f 295 49 292
f 48 421 49
f 49 421 292
f 276 278 418
f 418 278 429
f 317 432 278
f 278 432 429
f 432 317 433
f 433 317 316
f 326 324 316
f 316 324 433
f 1536 592 1809
f 1809 592 591
f 1810 744 1812
f 1812 744 1811
f 1814 1815 1813
f 1813 1815 1816
f 1817 748 1818
f 1818 748 747
f 1812 1819 1810
f 1810 1819 1817
f 1820 1821 748
f 748 1821 749
f 1823 1824 1822
f 1822 1824 1825
f 1827 1828 1826
f 1826 1828 1829
f 1831 1832 1830
f 1830 1832 1833
f 1834 1827 1243
f 1243 1827 1826
f 1313 804 825
f 825 804 807
f 1835 1253 1236
f 1236 1253 1237
f 1836 1837 1438
f 1438 1837 1435
f 1838 1505 1840
f 1840 1505 1839
f 1841 1842 716
f 716 1842 713
f 1843 1844 1510
f 1510 1844 1845
f 1847 1848 1846
f 1846 1848 1849
f 1850 1240 1822
f 1822 1240 1239
f 636 1831 637
f 637 1831 1830
f 1852 1853 1851
f 1851 1853 1854
f 1855 1856 1858
f 1858 1856 1857
f 1846 1849 1859
f 1859 1849 1860
f 1343 1401 1509
f 1509 1401 1861
f 1509 1861 635
f 635 1861 636
f 1863 1864 1862
f 1862 1864 1865
f 1283 1503 1867
f 1867 1503 1866
f 1868 1867 681
f 681 1867 682
f 1286 1285 683
f 683 1285 684
f 757 756 1274
f 1274 756 1869
f 1274 1869 717
f 717 1869 718
f 1434 1433 719
f 719 1433 720
f 1200 1538 1545
f 1545 1538 1763
f 1285 1289 684
f 684 1289 1273
f 684 1273 681
f 681 1273 1272
f 785 1283 1868
f 1868 1283 1867
f 786 785 1870
f 1870 785 1868
f 1289 757 1273
f 1273 757 1274
f 1539 1416 1871
f 1871 1416 1872
f 773 1871 1403
f 1403 1871 1404
f 675 674 1405
f 1405 674 1402
f 1864 1873 1865
f 1865 1873 1874
f 638 1843 635
f 635 1843 1510
f 1344 1343 1511
f 1511 1343 1509
f 772 1539 773
f 773 1539 1871
f 674 1200 1402
f 1402 1200 1545
f 1538 1286 1763
f 1763 1286 683
f 1444 1443 1875
f 1875 1443 1876
f 1875 1876 1831
f 1831 1876 1832
f 1416 1344 1872
f 1872 1344 1511
f 1877 1878 774
f 774 1878 1879
f 1878 1847 1879
f 1879 1847 1846
f 1880 714 1881
f 1881 714 1848
f 1401 1444 1861
f 1861 1444 1875
f 1861 1875 636
f 636 1875 1831
f 1823 1863 1882
f 1882 1863 1862
f 1441 1440 1884
f 1884 1440 1883
f 1883 1852 1884
f 1884 1852 1851
f 1886 1887 1885
f 1885 1887 1888
f 1358 1889 1359
f 1359 1889 1890
f 1891 1886 1892
f 1892 1886 1885
f 774 1879 775
f 775 1879 1893
f 1859 1893 1846
f 1846 1893 1879
f 713 1842 1849
f 1849 1842 1860
f 1318 1895 1894
f 1894 1895 1896
f 1873 1897 1874
f 1874 1897 1898
f 1898 605 1899
f 1899 605 675
f 1405 1844 675
f 675 1844 1899
f 1404 1845 1405
f 1405 1845 1844
f 593 1296 591
f 591 1296 1809
f 1295 1292 1900
f 1900 1292 1895
f 606 1897 1291
f 1291 1897 1896
f 1510 1845 1511
f 1511 1845 1872
f 1871 1872 1404
f 1404 1872 1845
f 1866 770 1762
f 1762 770 1546
f 1762 682 1866
f 1866 682 1867
f 1870 1868 1272
f 1272 1868 681
f 1272 717 1870
f 1870 717 720
f 1870 720 786
f 786 720 1433
f 786 1433 787
f 787 1433 1432
f 1261 1414 1432
f 1432 1414 787
f 1389 1234 1260
f 1260 1234 1415
f 1719 1670 1388
f 1388 1670 1235
f 1718 1671 1719
f 1719 1671 1670
f 1705 1747 1718
f 1718 1747 1671
f 1659 1901 1704
f 1704 1901 1748
f 1877 1903 1902
f 1902 1903 1904
f 1259 1905 1390
f 1390 1905 1394
f 1715 1720 1393
f 1393 1720 1391
f 1716 1721 1715
f 1715 1721 1720
f 1698 1706 1716
f 1716 1706 1721
f 277 276 47
f 47 276 48
f 84 96 81
f 81 96 82
f 80 70 81
f 81 70 85
f 99 97 88
f 88 97 89
f 90 100 88
f 88 100 99
f 101 95 102
f 102 95 94
f 1906 1907 280
f 280 1907 281
f 97 86 89
f 89 86 85
f 60 282 61
f 61 282 281
f 83 82 46
f 46 82 47
f 293 292 420
f 420 292 421
f 419 1908 420
f 420 1908 1909
f 92 95 91
f 91 95 90
f 279 282 93
f 93 282 94
f 276 418 48
f 48 418 421
f 1910 1660 1697
f 1697 1660 1707
f 1703 1624 1700
f 1700 1624 1644
f 1622 1910 1623
f 1623 1910 1697
f 1701 1700 1911
f 1911 1700 1661
f 1700 1644 1661
f 1661 1644 1658
f 1901 1737 1733
f 1733 1737 1645
f 1625 1912 1604
f 1604 1912 1731
f 1912 1913 1731
f 1731 1913 1914
f 1913 1577 1914
f 1914 1577 1572
f 1915 1578 1616
f 1616 1578 1618
f 1915 1916 1598
f 1598 1916 1743
f 1916 1574 1743
f 1743 1574 1573
f 1575 1917 1576
f 1576 1917 1597
f 1917 1609 1597
f 1597 1609 1594
f 1608 1611 1729
f 1729 1611 1610
f 1918 1612 1629
f 1629 1612 1630
f 1626 1918 1627
f 1627 1918 1629
f 1920 1921 1919
f 1919 1921 1922
f 1920 1924 1923
f 1923 1924 1925
f 1926 1927 1924
f 1924 1927 1925
f 1929 1930 1928
f 1928 1930 1931
f 1932 1933 1935
f 1935 1933 1934
f 1937 1938 1936
f 1936 1938 1939
f 1941 1942 1940
f 1940 1942 1943
f 1941 1945 1944
f 1944 1945 1946
f 1947 1948 1694
f 1694 1948 1949
f 1950 1951 1953
f 1953 1951 1952
f 1955 1956 1954
f 1954 1956 1589
f 1958 1956 1957
f 1957 1956 1932
f 1960 1934 1959
f 1959 1934 1933
f 1962 1963 1961
f 1961 1963 1964
f 1965 1955 1751
f 1751 1955 1954
f 1935 1930 1932
f 1932 1930 1957
f 1951 1950 1926
f 1926 1950 1929
f 1966 1967 1593
f 1593 1967 1590
f 1969 1967 1968
f 1968 1967 1964
f 1962 1921 1970
f 1970 1921 1971
f 1963 1945 1964
f 1964 1945 1968
f 1972 1948 1922
f 1922 1948 1919
f 1966 1972 1961
f 1961 1972 1922
f 1958 1953 1587
f 1587 1953 1560
f 1974 1975 1973
f 1973 1975 1976
f 1978 1979 1977
f 1977 1979 1691
f 1979 1975 1691
f 1691 1975 1586
f 1938 1942 1939
f 1939 1942 1980
f 1952 1947 1557
f 1557 1947 1694
f 1969 1978 1981
f 1981 1978 1977
f 1983 1984 1982
f 1982 1984 1985
f 1986 1987 1989
f 1989 1987 1988
f 1990 1991 1983
f 1983 1991 1984
f 1990 1993 1992
f 1992 1993 1994
f 1995 1996 1994
f 1994 1996 1997
f 1999 2000 1998
f 1998 2000 2001
f 2003 2004 2002
f 2002 2004 2005
f 2007 2008 2006
f 2006 2008 2009
f 2011 2012 2010
f 2010 2012 2013
f 2014 2015 2017
f 2017 2015 2016
f 2018 2019 2021
f 2021 2019 2020
f 2022 1989 2024
f 2024 1989 2023
f 1989 1988 2023
f 2023 1988 2025
f 2026 2027 2017
f 2017 2027 2014
f 2029 2030 2028
f 2028 2030 2031
f 2033 2034 2032
f 2032 2034 2035
f 2032 2035 2036
f 2036 2035 2037
f 2039 2040 2038
f 2038 2040 2041
f 1982 2042 1983
f 1983 2042 2043
f 2045 2046 2044
f 2044 2046 2047
f 2049 2050 2048
f 2048 2050 2051
f 2053 2054 2052
f 2052 2054 2055
f 2057 2058 2056
f 2056 2058 2059
f 2060 2061 2033
f 2033 2061 2034
f 2063 2064 2062
f 2062 2064 2065
f 2066 2035 2067
f 2067 2035 2034
f 2069 2039 2068
f 2068 2039 2038
f 2025 2070 2023
f 2023 2070 2071
f 2072 2024 2071
f 2071 2024 2023
f 2074 2020 2073
f 2073 2020 2019
f 2050 2049 2047
f 2047 2049 2075
f 1983 2043 1990
f 1990 2043 1993
f 2006 2050 2007
f 2007 2050 2076
f 2050 2006 2051
f 2051 2006 2077
f 2079 2080 2078
f 2078 2080 2081
f 2082 2083 2085
f 2085 2083 2084
f 2010 2013 2086
f 2086 2013 2087
f 2089 2033 2088
f 2088 2033 2032
f 2090 2060 2089
f 2089 2060 2033
f 2092 2093 2091
f 2091 2093 2094
f 2096 1986 2095
f 2095 1986 2097
f 2097 1986 2022
f 2022 1986 1989
f 2015 2094 2016
f 2016 2094 2098
f 2016 2098 2100
f 2100 2098 2099
f 2017 2016 2101
f 2101 2016 2100
f 2017 2101 2026
f 2026 2101 2102
f 2100 2099 2104
f 2104 2099 2103
f 2104 2105 2100
f 2100 2105 2101
f 2105 2106 2101
f 2101 2106 2102
f 2108 2061 2107
f 2107 2061 2109
f 2111 2112 2110
f 2110 2112 2020
f 2020 2074 2110
f 2110 2074 2113
f 2115 2116 2114
f 2114 2116 2117
f 2118 2119 1995
f 1995 2119 2120
f 2121 2122 2027
f 2027 2122 2014
f 2047 2075 2044
f 2044 2075 2123
f 2124 2125 2127
f 2127 2125 2126
f 2129 2130 2128
f 2128 2130 2131
f 2132 2133 2057
f 2057 2133 2058
f 2134 1999 2136
f 2136 1999 2135
f 2055 2138 2137
f 2137 2138 2139
f 2141 2142 2140
f 2140 2142 2143
f 2083 2082 2064
f 2064 2082 2065
f 2082 2144 2065
f 2065 2144 2145
f 2040 2146 2041
f 2041 2146 2147
f 2060 2090 2148
f 2148 2090 2149
f 2048 2051 2137
f 2137 2051 2150
f 2151 1997 2135
f 2135 1997 1996
f 2152 2150 2077
f 2077 2150 2051
f 2046 2045 2118
f 2118 2045 2119
f 2154 2155 2153
f 2153 2155 2156
f 2158 2159 2157
f 2157 2159 2160
f 2162 2163 2161
f 2161 2163 2164
f 2164 2163 2165
f 2165 2163 2166
f 2168 2169 2167
f 2167 2169 2170
f 2003 2172 2171
f 2171 2172 2173
f 2174 2175 2002
f 2002 2175 2176
f 2145 2177 2065
f 2065 2177 2062
f 2178 2179 2180
f 2180 2179 2134
f 2181 2052 2152
f 2152 2052 2150
f 2040 2127 2146
f 2146 2127 2182
f 2130 2162 2131
f 2131 2162 2161
f 2052 2055 2150
f 2150 2055 2137
f 2184 2185 2183
f 2183 2185 2186
f 2159 2030 2160
f 2160 2030 2187
f 2146 2182 2029
f 2029 2182 2188
f 2189 2190 2192
f 2192 2190 2191
f 2172 2003 2176
f 2176 2003 2002
f 1998 2151 1999
f 1999 2151 2135
f 2177 2172 2062
f 2062 2172 2176
f 2172 2177 2173
f 2173 2177 2193
f 2063 2194 2064
f 2064 2194 2195
f 2066 2197 2196
f 2196 2197 2198
f 2002 2005 2174
f 2174 2005 2199
f 2004 2003 2200
f 2200 2003 2171
f 2198 2201 2171
f 2171 2201 2200
f 2197 2202 2198
f 2198 2202 2201
f 2202 2197 2203
f 2203 2197 2204
f 2196 2198 2173
f 2173 2198 2171
f 2205 2069 2170
f 2170 2069 2206
f 2197 2066 2204
f 2204 2066 2067
f 2107 2207 2108
f 2108 2207 2208
f 2210 2208 2209
f 2209 2208 2207
f 2185 2211 2212
f 2213 2214 2211
f 2211 2214 2212
f 1998 2001 2213
f 2213 2001 2214
f 2134 2215 1999
f 1999 2215 2000
f 2216 2217 2219
f 2219 2217 2218
f 2206 2220 2170
f 2170 2220 2167
f 2069 2068 2206
f 2206 2068 2221
f 2151 1998 2222
f 2222 1998 2213
f 2124 2039 2205
f 2205 2039 2069
f 2142 2223 2143
f 2143 2223 2128
f 2203 2186 2202
f 2202 2186 2185
f 2185 2184 2211
f 2211 2184 2224
f 2224 2225 2222
f 2222 2225 2226
f 2071 2227 2072
f 2072 2227 2228
f 2229 2074 2230
f 2230 2074 2073
f 2074 2229 2113
f 2113 2229 2231
f 2232 2225 2227
f 2227 2225 2224
f 2233 2234 2031
f 2031 2234 2028
f 2236 2231 2235
f 2235 2231 2229
f 2230 2183 2229
f 2229 2183 2235
f 2237 1987 2096
f 2096 1987 1986
f 2152 2238 2181
f 2181 2238 2239
f 2080 2240 2081
f 2081 2240 2241
f 2236 2242 1971
f 1971 2242 1970
f 1925 2113 1923
f 1923 2113 2231
f 2110 1927 2111
f 2111 1927 1928
f 2103 2111 1931
f 1931 2111 1928
f 1931 2243 2103
f 2103 2243 2104
f 2105 2104 2244
f 2244 2104 2243
f 1939 1980 2148
f 2148 1980 2109
f 1980 1944 2109
f 2109 1944 2107
f 1946 2245 2207
f 2207 2245 2209
f 2245 1970 2209
f 2209 1970 2242
f 2231 2236 1923
f 1923 2236 1971
f 2113 1925 2110
f 2110 1925 1927
f 2234 2246 2028
f 2028 2246 2147
f 2247 2248 2058
f 2058 2248 2059
f 2114 2117 2249
f 2249 2117 2250
f 2252 2253 2251
f 2251 2253 2254
f 2094 2015 2091
f 2091 2015 2255
f 2256 2255 2014
f 2014 2255 2015
f 2257 2145 2258
f 2258 2145 2144
f 2131 2161 2123
f 2123 2161 2044
f 2045 2044 2164
f 2164 2044 2161
f 2045 2164 2119
f 2119 2164 2165
f 2259 2120 2165
f 2165 2120 2119
f 2260 2261 2259
f 2259 2261 2120
f 2205 2262 2124
f 2124 2262 2125
f 2180 2263 2178
f 2178 2263 2264
f 2265 2266 2092
f 2092 2266 2093
f 1992 2267 2268
f 2184 2228 2224
f 2224 2228 2227
f 2048 2269 2049
f 2049 2269 2141
f 2129 2168 2157
f 2157 2168 2167
f 2049 2141 2075
f 2075 2141 2140
f 2199 2215 2270
f 2270 2215 2271
f 2142 2141 2272
f 2272 2141 2269
f 2089 2026 2090
f 2090 2026 2102
f 2146 2029 2147
f 2147 2029 2028
f 2111 2103 2112
f 2112 2103 2099
f 2061 2060 2109
f 2109 2060 2148
f 2273 2274 2041
f 2041 2274 2038
f 2260 2275 2261
f 2261 2275 2136
f 2057 2138 2132
f 2132 2138 2276
f 2272 2269 2056
f 2056 2269 2139
f 2277 2278 2270
f 2270 2278 2199
f 2029 2188 2030
f 2030 2188 2187
f 2040 2039 2127
f 2127 2039 2124
f 2064 2195 2083
f 2083 2195 2279
f 2056 2139 2057
f 2057 2139 2138
f 2278 2277 2247
f 2247 2277 2248
f 2062 2176 2063
f 2063 2176 2175
f 2280 2210 2242
f 2242 2210 2209
f 2282 2233 2281
f 2281 2233 2031
f 2216 2219 2283
f 2283 2219 2221
f 2158 2220 2218
f 2218 2220 2219
f 2217 2282 2218
f 2218 2282 2281
f 2220 2158 2167
f 2167 2158 2157
f 2223 2264 2128
f 2128 2264 2263
f 2261 1996 2120
f 2120 1996 1995
f 2213 2211 2222
f 2222 2211 2224
f 2283 2221 2284
f 2284 2221 2068
f 2135 1996 2136
f 2136 1996 2261
f 2144 2081 2258
f 2258 2081 2241
f 2235 2280 2236
f 2236 2280 2242
f 2246 2273 2147
f 2147 2273 2041
f 2036 2285 2032
f 2032 2285 2088
f 2077 2286 2152
f 2152 2286 2238
f 1937 1960 1973
f 1973 1960 1959
f 2070 2232 2071
f 2071 2232 2227
f 2244 2287 2105
f 2105 2287 2106
f 1936 1939 2149
f 2149 1939 2148
f 1944 1946 2107
f 2107 1946 2207
f 2285 2121 2088
f 2088 2121 2027
f 2253 2249 2254
f 2254 2249 2250
f 2006 2009 2077
f 2077 2009 2286
f 2289 2086 2288
f 2288 2086 2087
f 2223 2142 2290
f 2290 2142 2272
f 2128 2131 2143
f 2143 2131 2123
f 2156 2291 2153
f 2153 2291 2175
f 2292 2293 2278
f 2278 2293 2294
f 2075 2140 2123
f 2123 2140 2143
f 2262 2169 2275
f 2275 2169 2180
f 2275 2180 2136
f 2136 2180 2134
f 2274 2284 2038
f 2038 2284 2068
f 2127 2126 2182
f 2182 2126 2166
f 2094 2093 2098
f 2098 2093 2021
f 2098 2021 2099
f 2099 2021 2112
f 2018 2021 2266
f 2266 2021 2093
f 2251 2289 2252
f 2252 2289 2288
f 1997 2151 2226
f 2226 2151 2222
f 2206 2221 2220
f 2220 2221 2219
f 2269 2048 2139
f 2139 2048 2137
f 2159 2158 2281
f 2281 2158 2218
f 2156 2155 2190
f 2190 2155 2191
f 1974 1965 1583
f 1583 1965 1751
f 2088 2027 2089
f 2089 2027 2026
f 2030 2159 2031
f 2031 2159 2281
f 2106 2149 2102
f 2102 2149 2090
f 2287 1936 2106
f 2106 1936 2149
f 2293 2154 2294
f 2294 2154 2153
f 2021 2020 2112
f 2247 2295 2278
f 2278 2295 2292
f 2284 2296 2283
f 2283 2296 2297
f 2298 2296 2274
f 2274 2296 2284
f 2273 2299 2274
f 2274 2299 2298
f 2246 2300 2273
f 2273 2300 2299
f 2283 2297 2216
f 2216 2297 2301
f 2216 2301 2217
f 2217 2301 2302
f 2302 2303 2217
f 2217 2303 2282
f 2304 2301 2305
f 2305 2301 2297
f 2307 2308 2306
f 2306 2308 2309
f 2306 2310 2307
f 2307 2310 2311
f 2307 2312 2308
f 2308 2312 2313
f 2314 2315 2312
f 2312 2315 2316
f 2316 2317 2312
f 2312 2317 2313
f 2317 2305 2313
f 2313 2305 2318
f 2314 2312 2311
f 2311 2312 2307
f 2319 2320 2322
f 2322 2320 2321
f 2322 2311 2319
f 2319 2311 2310
f 2313 2318 2308
f 2308 2318 2309
f 2296 2298 2318
f 2318 2298 2309
f 2309 2298 2323
f 2323 2298 2299
f 2306 2309 2324
f 2324 2309 2323
f 2310 2306 2325
f 2325 2306 2324
f 2296 2318 2297
f 2297 2318 2305
f 2319 2310 2326
f 2326 2310 2325
f 2328 2325 2327
f 2327 2325 2324
f 2325 2328 2326
f 2326 2328 2329
f 2331 2328 2330
f 2330 2328 2327
f 2332 2333 2327
f 2327 2333 2330
f 2328 2331 2329
f 2329 2331 2334
f 2324 2323 2327
f 2327 2323 2332
f 2300 2332 2299
f 2299 2332 2323
f 2326 2335 2319
f 2319 2335 2320
f 2305 2317 2336
f 2336 2317 2316
f 2336 2316 2337
f 2337 2316 2315
f 2338 2304 2336
f 2336 2304 2305
f 2337 2339 2336
f 2336 2339 2338
f 2337 2315 2341
f 2341 2315 2340
f 2342 2300 2234
f 2234 2300 2246
f 2303 2343 2282
f 2282 2343 2233
f 2234 2233 2342
f 2342 2233 2343
f 2342 2343 2333
f 2333 2343 2344
f 2333 2344 2330
f 2330 2344 2345
f 2346 2344 2303
f 2303 2344 2343
f 2332 2300 2333
f 2333 2300 2342
f 2347 2346 2302
f 2302 2346 2303
f 2301 2304 2302
f 2302 2304 2347
f 2304 2338 2347
f 2347 2338 2348
f 2348 2349 2347
f 2347 2349 2346
f 2350 2351 2348
f 2348 2351 2349
f 2349 2345 2346
f 2346 2345 2344
f 2345 2349 2352
f 2352 2349 2351
f 2338 2339 2348
f 2348 2339 2350
f 2350 2339 2353
f 2353 2339 2354
f 2356 2357 2355
f 2355 2357 2353
f 2351 2350 2357
f 2357 2350 2353
f 2353 2354 2355
f 2355 2354 2335
f 2320 2335 2341
f 2341 2335 2354
f 2339 2337 2354
f 2354 2337 2341
f 2352 2331 2345
f 2345 2331 2330
f 2356 2334 2352
f 2352 2334 2331
f 2356 2352 2357
f 2357 2352 2351
f 2355 2329 2356
f 2356 2329 2334
f 2335 2326 2355
f 2355 2326 2329
f 2321 2314 2322
f 2322 2314 2311
f 2321 2320 2340
f 2340 2320 2341
f 2315 2314 2340
f 2340 2314 2321
f 2125 2260 2126
f 2126 2260 2259
f 2157 2160 2129
f 2129 2160 2130
f 2188 2163 2187
f 2187 2163 2162
f 2182 2166 2188
f 2188 2166 2163
f 2180 2169 2263
f 2263 2169 2168
f 2160 2187 2130
f 2130 2187 2162
f 2275 2260 2262
f 2262 2260 2125
f 2128 2263 2129
f 2129 2263 2168
f 2262 2205 2169
f 2169 2205 2170
f 2165 2166 2259
f 2259 2166 2126
f 2359 2360 2358
f 2358 2360 2361
f 2363 2364 2362
f 2362 2364 2365
f 2367 2363 2366
f 2366 2363 2362
f 2368 2369 2371
f 2371 2369 2370
f 2372 2373 2248
f 2248 2373 2059
f 2364 2374 2365
f 2365 2374 2375
f 2377 2378 2376
f 2376 2378 2379
f 2290 2380 2223
f 2223 2380 2381
f 2223 2381 2264
f 2264 2381 2382
f 2384 2385 2383
f 2383 2385 2386
f 2364 2371 2374
f 2374 2371 2387
f 2059 2373 2290
f 2290 2373 2380
f 2378 2360 2379
f 2379 2360 2388
f 2374 2387 2359
f 2359 2387 2389
f 2390 2367 2386
f 2386 2367 2391
f 2393 2394 2392
f 2392 2394 2395
f 2386 2391 2383
f 2383 2391 2396
f 2367 2366 2391
f 2391 2366 2397
f 2363 2367 2368
f 2368 2367 2390
f 2398 2399 2361
f 2361 2399 2358
f 2399 2400 2358
f 2358 2400 2375
f 2390 2401 2368
f 2368 2401 2369
f 2372 2384 2376
f 2376 2384 2383
f 2374 2359 2375
f 2375 2359 2358
f 2402 2403 2365
f 2365 2403 2362
f 2359 2389 2360
f 2360 2389 2388
f 2364 2363 2371
f 2371 2363 2368
f 2405 2398 2404
f 2404 2398 2361
f 2392 2395 2406
f 2406 2395 2397
f 2377 2396 2394
f 2394 2396 2395
f 2394 2393 2404
f 2404 2393 2405
f 2396 2377 2383
f 2383 2377 2376
f 2406 2397 2407
f 2407 2397 2366
f 2400 2402 2375
f 2375 2402 2365
f 2385 2270 2401
f 2401 2270 2271
f 2403 2407 2362
f 2362 2407 2366
f 2371 2370 2387
f 2387 2370 2382
f 2391 2397 2396
f 2396 2397 2395
f 2378 2377 2404
f 2404 2377 2394
f 2360 2378 2361
f 2361 2378 2404
f 2407 2408 2406
f 2406 2408 2409
f 2410 2408 2403
f 2403 2408 2407
f 2411 2410 2402
f 2402 2410 2403
f 2412 2411 2400
f 2400 2411 2402
f 2406 2409 2392
f 2392 2409 2413
f 2392 2413 2393
f 2393 2413 2414
f 2415 2405 2414
f 2414 2405 2393
f 2416 2413 2417
f 2417 2413 2409
f 2419 2420 2418
f 2418 2420 2421
f 2420 2422 2421
f 2421 2422 2423
f 2420 2424 2422
f 2422 2424 2425
f 2426 2427 2424
f 2424 2427 2428
f 2428 2429 2424
f 2424 2429 2425
f 2426 2424 2419
f 2419 2424 2420
f 2419 2418 2431
f 2431 2418 2430
f 2425 2432 2422
f 2422 2432 2423
f 2408 2410 2432
f 2432 2410 2423
f 2423 2410 2433
f 2433 2410 2411
f 2421 2423 2434
f 2434 2423 2433
f 2435 2418 2434
f 2434 2418 2421
f 2429 2417 2425
f 2425 2417 2432
f 2408 2432 2409
f 2409 2432 2417
f 2418 2435 2430
f 2430 2435 2436
f 2438 2435 2437
f 2437 2435 2434
f 2435 2438 2436
f 2436 2438 2439
f 2441 2438 2440
f 2440 2438 2437
f 2442 2443 2437
f 2437 2443 2440
f 2439 2438 2444
f 2444 2438 2441
f 2433 2442 2434
f 2434 2442 2437
f 2412 2442 2411
f 2411 2442 2433
f 2436 2445 2430
f 2430 2445 2446
f 2430 2446 2431
f 2431 2446 2447
f 2417 2429 2448
f 2448 2429 2428
f 2427 2449 2428
f 2428 2449 2448
f 2450 2416 2448
f 2448 2416 2417
f 2451 2450 2449
f 2449 2450 2448
f 2427 2452 2449
f 2449 2452 2453
f 2447 2446 2452
f 2452 2446 2453
f 2454 2412 2399
f 2399 2412 2400
f 2415 2455 2405
f 2405 2455 2398
f 2399 2398 2454
f 2454 2398 2455
f 2454 2455 2443
f 2443 2455 2456
f 2443 2456 2440
f 2440 2456 2457
f 2458 2456 2415
f 2415 2456 2455
f 2443 2442 2454
f 2454 2442 2412
f 2459 2458 2414
f 2414 2458 2415
f 2413 2416 2414
f 2414 2416 2459
f 2459 2416 2460
f 2460 2416 2450
f 2460 2461 2459
f 2459 2461 2458
f 2462 2463 2460
f 2460 2463 2461
f 2461 2457 2458
f 2458 2457 2456
f 2457 2461 2464
f 2464 2461 2463
f 2451 2462 2450
f 2450 2462 2460
f 2462 2451 2465
f 2465 2451 2466
f 2468 2469 2467
f 2467 2469 2465
f 2463 2462 2469
f 2469 2462 2465
f 2465 2466 2467
f 2467 2466 2445
f 2446 2445 2453
f 2453 2445 2466
f 2451 2449 2466
f 2466 2449 2453
f 2464 2441 2457
f 2457 2441 2440
f 2468 2444 2464
f 2464 2444 2441
f 2468 2464 2469
f 2469 2464 2463
f 2467 2439 2468
f 2468 2439 2444
f 2445 2436 2467
f 2467 2436 2439
f 2447 2426 2431
f 2431 2426 2419
f 2427 2426 2452
f 2452 2426 2447
f 2369 2179 2370
f 2370 2179 2178
f 2376 2379 2372
f 2372 2379 2373
f 2389 2381 2388
f 2388 2381 2380
f 2387 2382 2389
f 2389 2382 2381
f 2270 2385 2277
f 2277 2385 2384
f 2379 2388 2373
f 2373 2388 2380
f 2401 2271 2369
f 2369 2271 2179
f 2248 2277 2372
f 2372 2277 2384
f 2401 2390 2385
f 2385 2390 2386
f 2264 2382 2178
f 2178 2382 2370
f 2215 2134 2271
f 2271 2134 2179
f 2005 2000 2199
f 2199 2000 2215
f 2004 2001 2005
f 2005 2001 2000
f 2200 2214 2004
f 2004 2214 2001
f 2470 2471 2473
f 2473 2471 2472
f 2475 2476 2474
f 2474 2476 2477
f 2479 2475 2478
f 2478 2475 2474
f 2481 2482 2480
f 2480 2482 2483
f 2476 2484 2477
f 2477 2484 2485
f 2487 2488 2486
f 2486 2488 2489
f 2133 2490 2058
f 2058 2490 2491
f 2058 2491 2247
f 2247 2491 2492
f 2494 2495 2493
f 2493 2495 2496
f 2476 2483 2484
f 2484 2483 2497
f 2472 2498 2488
f 2488 2498 2489
f 2484 2497 2471
f 2471 2497 2499
f 2500 2479 2496
f 2496 2479 2501
f 2502 2503 2505
f 2505 2503 2504
f 2496 2501 2493
f 2493 2501 2506
f 2479 2478 2501
f 2501 2478 2507
f 2475 2479 2480
f 2480 2479 2500
f 2508 2509 2473
f 2473 2509 2470
f 2509 2510 2470
f 2470 2510 2485
f 2511 2481 2500
f 2500 2481 2480
f 2512 2494 2486
f 2486 2494 2493
f 2485 2484 2470
f 2470 2484 2471
f 2513 2514 2477
f 2477 2514 2474
f 2471 2499 2472
f 2472 2499 2498
f 2476 2475 2483
f 2483 2475 2480
f 2516 2508 2515
f 2515 2508 2473
f 2502 2505 2517
f 2517 2505 2507
f 2504 2487 2505
f 2505 2487 2506
f 2503 2516 2504
f 2504 2516 2515
f 2506 2487 2493
f 2493 2487 2486
f 2517 2507 2518
f 2518 2507 2478
f 2510 2513 2485
f 2485 2513 2477
f 2511 2495 2293
f 2293 2495 2154
f 2514 2518 2474
f 2474 2518 2478
f 2483 2482 2497
f 2497 2482 2492
f 2501 2507 2506
f 2506 2507 2505
f 2488 2487 2515
f 2515 2487 2504
f 2472 2488 2473
f 2473 2488 2515
f 2518 2519 2517
f 2517 2519 2520
f 2521 2519 2514
f 2514 2519 2518
f 2522 2521 2513
f 2513 2521 2514
f 2523 2522 2510
f 2510 2522 2513
f 2517 2520 2502
f 2502 2520 2524
f 2502 2524 2503
f 2503 2524 2525
f 2525 2526 2503
f 2503 2526 2516
f 2527 2524 2528
f 2528 2524 2520
f 2530 2531 2529
f 2529 2531 2532
f 2531 2533 2532
f 2532 2533 2534
f 2531 2535 2533
f 2533 2535 2536
f 2537 2538 2535
f 2535 2538 2539
f 2539 2540 2535
f 2535 2540 2536
f 2537 2535 2530
f 2530 2535 2531
f 2529 2541 2530
f 2530 2541 2542
f 2543 2534 2536
f 2536 2534 2533
f 2519 2521 2543
f 2543 2521 2534
f 2534 2521 2544
f 2544 2521 2522
f 2532 2534 2545
f 2545 2534 2544
f 2529 2532 2546
f 2546 2532 2545
f 2536 2540 2543
f 2543 2540 2528
f 2519 2543 2520
f 2520 2543 2528
f 2541 2529 2547
f 2547 2529 2546
f 2548 2549 2545
f 2545 2549 2546
f 2549 2550 2546
f 2546 2550 2547
f 2551 2552 2548
f 2548 2552 2549
f 2548 2553 2551
f 2551 2553 2554
f 2550 2549 2555
f 2555 2549 2552
f 2545 2544 2548
f 2548 2544 2553
f 2523 2553 2522
f 2522 2553 2544
f 2547 2556 2541
f 2541 2556 2557
f 2541 2557 2542
f 2542 2557 2558
f 2528 2540 2559
f 2559 2540 2539
f 2538 2560 2539
f 2539 2560 2559
f 2561 2527 2559
f 2559 2527 2528
f 2560 2562 2559
f 2559 2562 2561
f 2560 2538 2564
f 2564 2538 2563
f 2558 2557 2563
f 2563 2557 2564
f 2565 2523 2509
f 2509 2523 2510
f 2526 2566 2516
f 2516 2566 2508
f 2509 2508 2565
f 2565 2508 2566
f 2565 2566 2554
f 2554 2566 2567
f 2554 2567 2551
f 2551 2567 2568
f 2569 2567 2526
f 2526 2567 2566
f 2553 2523 2554
f 2554 2523 2565
f 2570 2569 2525
f 2525 2569 2526
f 2524 2527 2525
f 2525 2527 2570
f 2527 2561 2570
f 2570 2561 2571
f 2571 2572 2570
f 2570 2572 2569
f 2573 2574 2571
f 2571 2574 2572
f 2572 2568 2569
f 2569 2568 2567
f 2568 2572 2575
f 2575 2572 2574
f 2562 2573 2561
f 2561 2573 2571
f 2573 2562 2576
f 2576 2562 2577
f 2579 2580 2578
f 2578 2580 2576
f 2574 2573 2580
f 2580 2573 2576
f 2576 2577 2578
f 2578 2577 2556
f 2557 2556 2564
f 2564 2556 2577
f 2562 2560 2577
f 2577 2560 2564
f 2575 2552 2568
f 2568 2552 2551
f 2579 2555 2575
f 2575 2555 2552
f 2579 2575 2580
f 2580 2575 2574
f 2550 2555 2578
f 2578 2555 2579
f 2556 2547 2578
f 2578 2547 2550
f 2558 2537 2542
f 2542 2537 2530
f 2538 2537 2563
f 2563 2537 2558
f 2292 2295 2481
f 2481 2295 2482
f 2486 2489 2512
f 2512 2489 2581
f 2499 2491 2498
f 2498 2491 2490
f 2497 2492 2499
f 2499 2492 2491
f 2155 2154 2494
f 2494 2154 2495
f 2581 2489 2490
f 2490 2489 2498
f 2293 2292 2511
f 2511 2292 2481
f 2191 2155 2512
f 2512 2155 2494
f 2500 2496 2511
f 2511 2496 2495
f 2247 2492 2295
f 2295 2492 2482
f 2583 2584 2582
f 2582 2584 2585
f 2587 2588 2586
f 2586 2588 2589
f 2591 2587 2590
f 2590 2587 2586
f 2593 2594 2592
f 2592 2594 2595
f 2596 2597 2599
f 2599 2597 2598
f 2588 2600 2589
f 2589 2600 2601
f 2602 2603 2605
f 2605 2603 2604
f 2606 2607 2609
f 2609 2607 2608
f 2609 2608 2190
f 2190 2608 2610
f 2611 2612 2614
f 2614 2612 2613
f 2600 2588 2615
f 2615 2588 2595
f 2599 2598 2606
f 2606 2598 2607
f 2584 2616 2604
f 2604 2616 2605
f 2600 2615 2583
f 2583 2615 2617
f 2591 2619 2618
f 2618 2619 2614
f 2621 2622 2620
f 2620 2622 2623
f 2619 2624 2614
f 2614 2624 2611
f 2591 2590 2619
f 2619 2590 2625
f 2587 2591 2592
f 2592 2591 2618
f 2626 2627 2585
f 2585 2627 2582
f 2627 2628 2582
f 2582 2628 2601
f 2629 2593 2618
f 2618 2593 2592
f 2602 2597 2611
f 2611 2597 2612
f 2600 2583 2601
f 2601 2583 2582
f 2630 2631 2589
f 2589 2631 2586
f 2583 2617 2584
f 2584 2617 2616
f 2588 2587 2595
f 2595 2587 2592
f 2633 2626 2632
f 2632 2626 2585
f 2620 2623 2634
f 2634 2623 2625
f 2622 2603 2623
f 2623 2603 2624
f 2621 2633 2622
f 2622 2633 2632
f 2611 2624 2602
f 2602 2624 2603
f 2634 2625 2635
f 2635 2625 2590
f 2628 2630 2601
f 2601 2630 2589
f 2613 2195 2629
f 2629 2195 2194
f 2631 2635 2586
f 2586 2635 2590
f 2595 2594 2615
f 2615 2594 2610
f 2619 2625 2624
f 2624 2625 2623
f 2632 2604 2622
f 2622 2604 2603
f 2585 2584 2632
f 2632 2584 2604
f 2635 2636 2634
f 2634 2636 2637
f 2638 2636 2631
f 2631 2636 2635
f 2639 2638 2630
f 2630 2638 2631
f 2640 2639 2628
f 2628 2639 2630
f 2634 2637 2620
f 2620 2637 2641
f 2620 2641 2621
f 2621 2641 2642
f 2642 2643 2621
f 2621 2643 2633
f 2641 2637 2644
f 2644 2637 2645
f 2646 2647 2649
f 2649 2647 2648
f 2648 2650 2649
f 2649 2650 2651
f 2648 2652 2650
f 2650 2652 2653
f 2652 2654 2656
f 2656 2654 2655
f 2656 2657 2652
f 2652 2657 2653
f 2654 2652 2647
f 2647 2652 2648
f 2647 2646 2659
f 2659 2646 2658
f 2660 2651 2653
f 2653 2651 2650
f 2636 2638 2660
f 2660 2638 2651
f 2651 2638 2661
f 2661 2638 2639
f 2651 2661 2649
f 2649 2661 2662
f 2663 2646 2662
f 2662 2646 2649
f 2653 2657 2660
f 2660 2657 2645
f 2636 2660 2637
f 2637 2660 2645
f 2646 2663 2658
f 2658 2663 2664
f 2665 2666 2662
f 2662 2666 2663
f 2666 2667 2663
f 2663 2667 2664
f 2668 2669 2665
f 2665 2669 2666
f 2665 2670 2668
f 2668 2670 2671
f 2667 2666 2672
f 2672 2666 2669
f 2662 2661 2665
f 2665 2661 2670
f 2640 2670 2639
f 2639 2670 2661
f 2673 2674 2664
f 2664 2674 2658
f 2658 2674 2659
f 2659 2674 2675
f 2645 2657 2676
f 2676 2657 2656
f 2677 2676 2655
f 2655 2676 2656
f 2676 2678 2645
f 2645 2678 2644
f 2677 2679 2676
f 2676 2679 2678
f 2655 2680 2677
f 2677 2680 2681
f 2675 2674 2680
f 2680 2674 2681
f 2682 2640 2627
f 2627 2640 2628
f 2643 2683 2633
f 2633 2683 2626
f 2682 2627 2683
f 2683 2627 2626
f 2683 2684 2682
f 2682 2684 2671
f 2684 2685 2671
f 2671 2685 2668
f 2686 2684 2643
f 2643 2684 2683
f 2670 2640 2671
f 2671 2640 2682
f 2687 2686 2642
f 2642 2686 2643
f 2642 2641 2687
f 2687 2641 2644
f 2687 2644 2688
f 2688 2644 2678
f 2688 2689 2687
f 2687 2689 2686
f 2690 2691 2688
f 2688 2691 2689
f 2689 2685 2686
f 2686 2685 2684
f 2685 2689 2692
f 2692 2689 2691
f 2679 2690 2678
f 2678 2690 2688
f 2690 2679 2693
f 2693 2679 2694
f 2696 2697 2695
f 2695 2697 2693
f 2691 2690 2697
f 2697 2690 2693
f 2693 2694 2695
f 2695 2694 2673
f 2674 2673 2681
f 2681 2673 2694
f 2679 2677 2694
f 2694 2677 2681
f 2685 2692 2668
f 2668 2692 2669
f 2696 2672 2692
f 2692 2672 2669
f 2696 2692 2697
f 2697 2692 2691
f 2695 2667 2696
f 2696 2667 2672
f 2673 2664 2695
f 2695 2664 2667
f 2675 2654 2659
f 2659 2654 2647
f 2655 2654 2680
f 2680 2654 2675
f 2291 2156 2593
f 2593 2156 2594
f 2597 2602 2598
f 2598 2602 2605
f 2616 2617 2607
f 2607 2617 2608
f 2615 2610 2617
f 2617 2610 2608
f 2597 2596 2612
f 2612 2596 2698
f 2598 2605 2607
f 2607 2605 2616
f 2194 2291 2629
f 2629 2291 2593
f 2629 2618 2613
f 2613 2618 2614
f 2190 2610 2156
f 2156 2610 2594
f 2700 2010 2699
f 2699 2010 2086
f 2267 2701 2116
f 2116 2701 2702
f 2116 2702 2117
f 2117 2702 2703
f 2704 2705 2250
f 2250 2705 2254
f 2011 2706 2267
f 2267 2706 2701
f 2699 2086 2707
f 2707 2086 2289
f 2010 2700 2011
f 2011 2700 2706
f 2708 2707 2251
f 2251 2707 2289
f 2703 2704 2117
f 2117 2704 2250
f 2705 2708 2254
f 2254 2708 2251
f 2709 2710 2708
f 2708 2710 2707
f 2711 2709 2705
f 2705 2709 2708
f 2712 2711 2704
f 2704 2711 2705
f 2713 2712 2703
f 2703 2712 2704
f 2707 2710 2699
f 2699 2710 2714
f 2699 2714 2700
f 2700 2714 2715
f 2716 2706 2715
f 2715 2706 2700
f 2714 2710 2717
f 2717 2710 2718
f 2720 2721 2719
f 2719 2721 2722
f 2721 2723 2722
f 2722 2723 2724
f 2721 2725 2723
f 2723 2725 2726
f 2727 2728 2725
f 2725 2728 2726
f 2729 2725 2720
f 2720 2725 2721
f 2731 2729 2730
f 2730 2729 2720
f 2719 2732 2720
f 2720 2732 2730
f 2726 2733 2723
f 2723 2733 2724
f 2709 2711 2733
f 2733 2711 2724
f 2724 2711 2734
f 2734 2711 2712
f 2722 2724 2735
f 2735 2724 2734
f 2719 2722 2736
f 2736 2722 2735
f 2726 2728 2733
f 2733 2728 2718
f 2709 2733 2710
f 2710 2733 2718
f 2732 2719 2737
f 2737 2719 2736
f 2738 2739 2735
f 2735 2739 2736
f 2739 2740 2736
f 2736 2740 2737
f 2741 2742 2738
f 2738 2742 2739
f 2738 2743 2741
f 2741 2743 2744
f 2740 2739 2745
f 2745 2739 2742
f 2735 2734 2738
f 2738 2734 2743
f 2713 2743 2712
f 2712 2743 2734
f 2737 2746 2732
f 2732 2746 2747
f 2732 2747 2730
f 2730 2747 2731
f 2718 2728 2748
f 2748 2728 2727
f 2749 2750 2727
f 2727 2750 2748
f 2748 2751 2718
f 2718 2751 2717
f 2750 2752 2748
f 2748 2752 2751
f 2750 2749 2754
f 2754 2749 2753
f 2731 2747 2753
f 2753 2747 2754
f 2727 2725 2749
f 2749 2725 2729
f 2749 2729 2753
f 2753 2729 2731
f 2702 2755 2703
f 2703 2755 2713
f 2706 2716 2701
f 2701 2716 2756
f 2755 2702 2756
f 2756 2702 2701
f 2756 2757 2755
f 2755 2757 2744
f 2757 2758 2744
f 2744 2758 2741
f 2759 2757 2716
f 2716 2757 2756
f 2743 2713 2744
f 2744 2713 2755
f 2760 2759 2715
f 2715 2759 2716
f 2715 2714 2760
f 2760 2714 2717
f 2760 2717 2761
f 2761 2717 2751
f 2761 2762 2760
f 2760 2762 2759
f 2763 2764 2761
f 2761 2764 2762
f 2762 2758 2759
f 2759 2758 2757
f 2758 2762 2765
f 2765 2762 2764
f 2752 2763 2751
f 2751 2763 2761
f 2763 2752 2766
f 2766 2752 2767
f 2768 2769 2766
f 2766 2769 2770
f 2764 2763 2770
f 2770 2763 2766
f 2766 2767 2768
f 2768 2767 2746
f 2747 2746 2754
f 2754 2746 2767
f 2752 2750 2767
f 2767 2750 2754
f 2758 2765 2741
f 2741 2765 2742
f 2769 2745 2765
f 2765 2745 2742
f 2769 2765 2770
f 2770 2765 2764
f 2768 2740 2769
f 2769 2740 2745
f 2746 2737 2768
f 2768 2737 2740
f 2201 2212 2200
f 2200 2212 2214
f 2201 2202 2212
f 2212 2202 2185
f 2512 2581 2191
f 2191 2581 2192
f 2059 2290 2056
f 2056 2290 2272
f 2174 2199 2294
f 2294 2199 2278
f 2063 2175 2194
f 2194 2175 2291
f 2192 2581 2133
f 2133 2581 2490
f 2133 2132 2192
f 2192 2132 2189
f 2054 2276 2055
f 2055 2276 2138
f 2083 2279 2084
f 2084 2279 2771
f 2771 2279 2599
f 2599 2279 2596
f 2606 2772 2599
f 2599 2772 2771
f 2772 2773 2771
f 2771 2773 2084
f 2773 2774 2084
f 2084 2774 2085
f 2085 2775 2082
f 2082 2775 2144
f 2774 2078 2085
f 2085 2078 2775
f 2078 2774 2079
f 2079 2774 2776
f 2774 2773 2776
f 2776 2773 2777
f 2773 2772 2777
f 2777 2772 2778
f 2190 2189 2609
f 2609 2189 2778
f 2053 2052 2779
f 2779 2052 2181
f 2144 2775 2081
f 2081 2775 2078
f 2294 2153 2174
f 2174 2153 2175
f 2132 2276 2189
f 2189 2276 2778
f 2606 2609 2772
f 2772 2609 2778
f 2195 2613 2698
f 2698 2613 2612
f 2596 2279 2698
f 2698 2279 2195
f 2054 2777 2276
f 2276 2777 2778
f 2777 2054 2776
f 2776 2054 2053
f 2053 2779 2776
f 2776 2779 2079
f 2779 2181 2079
f 2079 2181 2080
f 2181 2239 2080
f 2080 2239 2240
f 2122 2256 2014
f 2042 1982 2076
f 2076 1982 2007
f 1982 1985 2007
f 2007 1985 2008
f 2095 2097 2265
f 2265 2097 2266
f 2076 2050 2042
f 2042 2050 2047
f 2046 2043 2047
f 2047 2043 2042
f 2118 1993 2046
f 2046 1993 2043
f 1995 1994 2118
f 2118 1994 1993
f 2267 1992 2011
f 2011 1992 2012
f 1997 2012 1994
f 1994 2012 1992
f 2226 2013 1997
f 1997 2013 2012
f 2225 2087 2226
f 2226 2087 2013
f 2225 2232 2087
f 2087 2232 2288
f 2232 2070 2288
f 2288 2070 2252
f 2070 2025 2252
f 2252 2025 2253
f 1988 2249 2025
f 2025 2249 2253
f 2116 2115 2267
f 2267 2115 2268
f 2096 1984 2237
f 2237 1984 1991
f 2095 1985 2096
f 2096 1985 1984
f 2265 2008 2095
f 2095 2008 1985
f 2092 2009 2265
f 2265 2009 2008
f 2091 2286 2092
f 2092 2286 2009
f 2255 2238 2091
f 2091 2238 2286
f 2256 2239 2255
f 2255 2239 2238
f 2122 2240 2256
f 2256 2240 2239
f 2121 2241 2122
f 2122 2241 2240
f 2022 2018 2097
f 2097 2018 2266
f 2022 2024 2018
f 2018 2024 2019
f 2024 2072 2019
f 2019 2072 2073
f 2072 2228 2073
f 2073 2228 2230
f 2228 2184 2230
f 2230 2184 2183
f 2121 2285 2241
f 2241 2285 2258
f 2285 2036 2258
f 2258 2036 2257
f 2177 2145 2193
f 2193 2145 2257
f 2173 2193 2196
f 2196 2193 2037
f 2036 2037 2257
f 2257 2037 2193
f 2196 2037 2066
f 2066 2037 2035
f 2061 2108 2034
f 2034 2108 2067
f 2108 2208 2067
f 2067 2208 2204
f 2208 2210 2204
f 2204 2210 2203
f 2210 2280 2203
f 2203 2280 2186
f 2183 2186 2235
f 2235 2186 2280
f 1987 2114 1988
f 1988 2114 2249
f 2237 2115 1987
f 1987 2115 2114
f 1991 2268 2237
f 2237 2268 2115
f 1991 1990 2268
f 2268 1990 1992
f 107 110 2781
f 2781 110 2780
f 117 2782 118
f 118 2782 2783
f 119 2784 120
f 120 2784 2785
f 125 2786 126
f 126 2786 2787
f 127 2788 128
f 128 2788 2789
f 127 132 2788
f 2788 132 2790
f 231 230 2792
f 2792 230 2791
f 118 2783 119
f 119 2783 2784
f 241 243 2794
f 2794 243 2793
f 2781 2795 107
f 107 2795 352
f 120 2785 437
f 437 2785 2796
f 126 2787 110
f 110 2787 2780
f 455 2797 456
f 456 2797 2798
f 128 2789 457
f 457 2789 2799
f 456 2798 117
f 117 2798 2782
f 2794 2797 241
f 241 2797 455
f 457 2799 125
f 125 2799 2786
f 132 231 2790
f 2790 231 2792
f 230 437 2791
f 2791 437 2796
f 2792 2789 2790
f 2790 2789 2788
f 2785 2784 2801
f 2801 2784 2800
f 2786 2802 2787
f 2787 2802 2803
f 2792 2791 2805
f 2805 2791 2804
f 2784 2783 2800
f 2800 2783 2806
f 2785 2801 2796
f 2796 2801 2807
f 2787 2803 2780
f 2780 2803 2808
f 2789 2809 2799
f 2799 2809 2810
f 2799 2810 2786
f 2786 2810 2802
f 2791 2796 2804
f 2804 2796 2807
f 2789 2792 2809
f 2809 2792 2805
f 2812 2797 2811
f 2811 2797 2794
f 2809 2805 2810
f 2810 2805 2804
f 2810 2804 2802
f 2802 2804 2807
f 2802 2807 2803
f 2803 2807 2801
f 2808 2803 2800
f 2800 2803 2801
f 2814 699 2813
f 2813 699 698
f 2808 2815 2780
f 2780 2815 2781
f 2817 2782 2816
f 2816 2782 2798
f 2815 2818 2781
f 2781 2818 2795
f 2797 2812 2798
f 2798 2812 2816
f 2783 2782 2806
f 2806 2782 2817
f 2800 2806 2808
f 2808 2806 2815
f 2794 2793 2811
f 2811 2793 2819
f 174 201 384
f 384 201 362
f 200 1766 390
f 390 1766 1777
f 1777 1778 390
f 390 1778 398
f 1778 361 398
f 398 361 222
f 2820 2821 628
f 628 2821 629
f 1406 2820 790
f 790 2820 628
f 794 1415 1233
f 1233 1415 1234
f 1406 790 1407
f 1407 790 1312
f 1407 1312 2822
f 2822 1312 1316
f 2823 1380 1543
f 1543 1380 1379
f 1385 1738 1382
f 1382 1738 1383
f 1381 791 1382
f 1382 791 1386
f 791 794 1386
f 1386 794 1233
f 1259 1390 1260
f 1260 1390 1389
f 1905 1542 1394
f 1394 1542 1395
f 1410 1413 1397
f 1397 1413 1398
f 2821 1410 629
f 629 1410 1397
f 2823 2822 1380
f 1380 2822 1316
f 1392 1395 1378
f 1378 1395 1379
f 1738 1399 1383
f 1383 1399 1398
f 1388 1235 1389
f 1389 1235 1234
f 1393 1391 1394
f 1394 1391 1390
f 1381 1384 779
f 779 1384 780
f 1282 788 792
f 792 788 793
f 1431 1262 1432
f 1432 1262 1261
f 1400 1342 1408
f 1408 1342 1409
f 1508 1544 1411
f 1411 1544 1412
f 788 787 793
f 793 787 1414
f 2821 2820 1429
f 1429 2820 1430
f 2822 2823 1506
f 1506 2823 1507
f 778 1282 779
f 779 1282 792
f 2820 1406 1430
f 1430 1406 1409
f 1410 2821 1411
f 1411 2821 1429
f 1407 2822 1408
f 1408 2822 1506
f 1544 781 1412
f 1412 781 780
f 1260 1415 1261
f 1261 1415 1414
f 1334 2824 923
f 923 2824 924
f 2826 1268 2825
f 2825 1268 1267
f 769 1212 2827
f 2827 1212 2828
f 1492 1190 1266
f 1266 1190 1267
f 1488 2829 1489
f 1489 2829 2830
f 922 1329 923
f 923 1329 1328
f 1484 2831 1485
f 1485 2831 2832
f 1482 2833 1485
f 1485 2833 1486
f 1324 1493 1489
f 1489 1493 1490
f 1265 1491 1266
f 1266 1491 1490
f 2835 2836 2834
f 2834 2836 2837
f 1250 2838 2827
f 2827 2838 2839
f 1488 1491 2840
f 2840 1491 2841
f 1268 2826 2842
f 2842 2826 2843
f 2844 2845 1495
f 1495 2845 1496
f 1427 2847 2846
f 2846 2847 926
f 2829 1488 2848
f 2848 1488 2840
f 1329 922 2849
f 2849 922 927
f 2850 2851 768
f 768 2851 1213
f 1265 1268 2852
f 2852 1268 2842
f 1491 1265 2841
f 2841 1265 2852
f 2854 2855 2853
f 2853 2855 2856
f 2855 2857 2856
f 2856 2857 598
f 2857 2858 598
f 598 2858 595
f 2858 2859 595
f 595 2859 626
f 649 652 2860
f 2860 652 2861
f 639 642 2862
f 2862 642 2863
f 2864 705 2862
f 2862 705 639
f 2865 1418 2864
f 2864 1418 705
f 2866 2867 2865
f 2865 2867 1418
f 1760 1348 1761
f 1761 1348 2867
f 1764 2868 1197
f 1197 2868 1198
f 2869 611 2868
f 2868 611 1198
f 2870 612 2869
f 2869 612 611
f 1352 1350 944
f 944 1350 688
f 1350 1256 688
f 688 1256 685
f 1256 1255 685
f 685 1255 692
f 1255 2871 692
f 692 2871 2872
f 701 2873 698
f 698 2873 2813
f 2872 1349 692
f 692 1349 693
f 1696 1744 1574
f 1574 1744 1575
f 1753 1618 1577
f 1577 1618 1578
f 1729 1594 1608
f 1608 1594 1609
f 1725 1630 1611
f 1611 1630 1612
f 1604 1607 1625
f 1625 1607 1626
f 1624 1703 1625
f 1625 1703 1912
f 1703 1702 1912
f 1912 1702 1913
f 1702 1753 1913
f 1913 1753 1577
f 1598 1569 1915
f 1915 1569 1578
f 1616 1615 1915
f 1915 1615 1916
f 1615 1696 1916
f 1916 1696 1574
f 1744 1745 1575
f 1575 1745 1917
f 1745 1565 1917
f 1917 1565 1609
f 1568 1725 1608
f 1608 1725 1611
f 2874 1613 1918
f 1918 1613 1612
f 1607 2874 1626
f 1626 2874 1918
f 1610 1613 1562
f 1562 1613 1563
f 1547 1550 1570
f 1570 1550 1571
f 1573 1576 1580
f 1580 1576 1581
f 1553 1556 1595
f 1595 1556 1596
f 1556 1582 1596
f 1596 1582 1581
f 1551 1547 1599
f 1599 1547 1570
f 1731 1914 1601
f 1601 1914 1602
f 1686 1689 1605
f 1605 1689 1606
f 1598 1743 1599
f 1599 1743 1692
f 2874 1607 1723
f 1723 1607 1606
f 1727 1553 1730
f 1730 1553 1595
f 1600 1686 1601
f 1601 1686 1605
f 1914 1572 1602
f 1602 1572 1571
f 1579 1693 1580
f 1580 1693 1692
f 1613 2874 1563
f 1563 2874 1723
f 1561 1727 1562
f 1562 1727 1730
f 1949 1742 1548
f 1548 1742 1549
f 1694 1949 1552
f 1552 1949 1548
f 1954 1589 1554
f 1554 1589 1555
f 1693 1579 1558
f 1558 1579 1559
f 1561 1564 1584
f 1584 1564 1585
f 1582 1556 1588
f 1588 1556 1555
f 1600 1603 1591
f 1591 1603 1592
f 1981 1977 1687
f 1687 1977 1688
f 1564 1722 1585
f 1585 1722 1690
f 1551 1693 1552
f 1552 1693 1558
f 1751 1954 1728
f 1728 1954 1554
f 1590 1981 1591
f 1591 1981 1687
f 1603 1550 1592
f 1592 1550 1549
f 1977 1691 1688
f 1688 1691 1690
f 1587 1560 1588
f 1588 1560 1559
f 1727 1561 1728
f 1728 1561 1584
f 2875 1919 1947
f 1947 1919 1948
f 1557 1560 1952
f 1952 1560 1953
f 1933 1932 1955
f 1955 1932 1956
f 1587 1589 1958
f 1958 1589 1956
f 1959 1933 1965
f 1965 1933 1955
f 1961 1964 1966
f 1966 1964 1967
f 1981 1590 1969
f 1969 1590 1967
f 1742 1949 1972
f 1972 1949 1948
f 1593 1742 1966
f 1966 1742 1972
f 1957 1950 1958
f 1958 1950 1953
f 1583 1586 1974
f 1974 1586 1975
f 1940 1943 1978
f 1978 1943 1979
f 1943 1976 1979
f 1979 1976 1975
f 1951 2875 1952
f 1952 2875 1947
f 1968 1940 1969
f 1969 1940 1978
f 1973 1959 1974
f 1974 1959 1965
f 1923 1971 1920
f 1920 1971 1921
f 1919 2875 1920
f 1920 2875 1924
f 2875 1951 1924
f 1924 1951 1926
f 1950 1957 1929
f 1929 1957 1930
f 2244 2243 1934
f 1934 2243 1935
f 1973 1976 1937
f 1937 1976 1938
f 1944 1980 1941
f 1941 1980 1942
f 1940 1968 1941
f 1941 1968 1945
f 2287 2244 1960
f 1960 2244 1934
f 1970 2245 1962
f 1962 2245 1963
f 2243 1931 1935
f 1935 1931 1930
f 1927 1926 1928
f 1928 1926 1929
f 1961 1922 1962
f 1962 1922 1921
f 2245 1946 1963
f 1963 1946 1945
f 1976 1943 1938
f 1938 1943 1942
f 1936 2287 1937
f 1937 2287 1960
f 743 1238 608
f 608 1238 609
f 607 1811 608
f 608 1811 744
f 1304 2876 1305
f 1305 2876 2877
f 586 585 1298
f 1298 585 1299
f 585 702 1299
f 1299 702 1300
f 702 1428 1300
f 1300 1428 1301
f 1238 586 609
f 609 586 1298
f 2878 2879 1218
f 1218 2879 2877
f 2880 2881 1812
f 1812 2881 1819
f 2883 1821 2882
f 2882 1821 1820
f 2840 2841 620
f 620 2841 621
f 2842 2843 795
f 795 2843 796
f 892 895 2844
f 2844 895 2845
f 2848 2840 942
f 942 2840 620
f 2849 927 1202
f 1202 927 1203
f 2852 2842 1270
f 1270 2842 795
f 2841 2852 621
f 621 2852 1270
f 941 1759 942
f 942 1759 2884
f 659 929 1427
f 1427 929 2847
f 1237 2851 751
f 751 2851 2850
f 1216 2885 1217
f 1217 2885 1754
f 2887 734 2886
f 2886 734 733
f 2889 1816 2888
f 2888 1816 1815
f 2890 1245 2889
f 2889 1245 1816
f 1824 2891 1825
f 1825 2891 1246
f 2892 2893 2895
f 2895 2893 2894
f 1854 1833 1851
f 1851 1833 1832
f 1851 1832 1884
f 1884 1832 1876
f 1884 1876 1441
f 1441 1876 1443
f 1441 1443 1442
f 1442 1443 1446
f 1442 1446 2896
f 2896 1446 1507
f 2897 2823 2898
f 2898 2823 1543
f 1542 2899 1543
f 1543 2899 2898
f 1542 1905 2899
f 2899 1905 2900
f 1905 1259 2900
f 2900 1259 2901
f 1262 1431 2902
f 2902 1431 1904
f 1431 1434 1904
f 1904 1434 1902
f 1902 1434 2903
f 2903 1434 719
f 2903 719 2904
f 2904 719 718
f 1869 1881 718
f 718 1881 2904
f 1881 1869 1880
f 1880 1869 756
f 1880 756 2905
f 2905 756 755
f 2905 755 2906
f 2906 755 758
f 762 2907 763
f 763 2907 2908
f 724 723 2909
f 2909 723 894
f 796 895 723
f 723 895 894
f 2843 2845 796
f 796 2845 895
f 2826 1496 2843
f 2843 1496 2845
f 2825 1497 2826
f 2826 1497 1496
f 1189 2836 2825
f 2825 2836 1497
f 797 891 798
f 798 891 2837
f 802 888 797
f 797 888 891
f 2910 2911 2913
f 2913 2911 2912
f 1780 1783 2915
f 2915 1783 2914
f 2916 2917 831
f 831 2917 832
f 2918 2919 845
f 845 2919 846
f 2920 2916 847
f 847 2916 831
f 2921 2922 857
f 857 2922 858
f 2923 2924 860
f 860 2924 861
f 2919 2912 846
f 846 2912 887
f 2925 2920 940
f 940 2920 847
f 2924 2926 861
f 861 2926 1204
f 2917 2918 832
f 832 2918 845
f 2927 2928 1449
f 1449 2928 1450
f 2929 2930 889
f 889 2930 2931
f 2896 1507 2897
f 2897 1507 2823
f 2902 2901 1262
f 1262 2901 1259
f 2932 2933 750
f 750 2933 1236
f 2933 2934 1236
f 1236 2934 1835
f 2936 2937 2935
f 2935 2937 2938
f 2940 2941 2939
f 2939 2941 2942
f 2943 2944 1841
f 1841 2944 1842
f 2945 1860 2944
f 2944 1860 1842
f 2945 2946 1860
f 1860 2946 1859
f 1889 2947 1890
f 1890 2947 1856
f 1856 2947 1857
f 1857 2947 2948
f 2950 709 2949
f 2949 709 1829
f 2952 730 2951
f 2951 730 729
f 2866 2953 2867
f 2867 2953 1761
f 2953 2954 1761
f 1761 2954 1420
f 2954 2955 1420
f 1420 2955 742
f 2955 2956 742
f 742 2956 739
f 2956 2957 739
f 739 2957 760
f 2957 2958 760
f 760 2958 761
f 2958 2959 761
f 761 2959 2960
f 2959 2961 2960
f 2960 2961 2962
f 2963 2964 1839
f 1839 2964 1840
f 2964 2965 1840
f 1840 2965 2942
f 2966 2950 2939
f 2939 2950 2949
f 2935 2967 2936
f 2936 2967 2968
f 2969 2970 736
f 736 2970 735
f 734 2887 1815
f 1815 2887 2888
f 2887 2882 2888
f 2888 2882 2881
f 1819 1820 1817
f 1817 1820 748
f 1195 1757 1197
f 1197 1757 1424
f 1757 647 1424
f 1424 647 646
f 647 648 646
f 646 648 643
f 648 1271 643
f 643 1271 737
f 1271 725 737
f 737 725 765
f 725 724 765
f 765 724 762
f 762 724 2907
f 2907 724 2909
f 1254 1437 2909
f 2909 1437 2907
f 1438 1253 1836
f 1836 1253 1835
f 1836 1835 2938
f 2938 1835 2934
f 2971 2972 2935
f 2935 2972 2967
f 897 896 2969
f 2969 896 2970
f 1815 1814 734
f 734 1814 731
f 728 1215 896
f 896 1215 732
f 2885 1216 733
f 733 1216 2886
f 1216 1219 2886
f 2886 1219 2883
f 2876 1304 1821
f 1821 1304 749
f 1304 1303 749
f 749 1303 746
f 1818 2973 1817
f 1817 2973 1810
f 747 2974 1818
f 1818 2974 2973
f 747 746 2974
f 2974 746 1303
f 2976 2977 2975
f 2975 2977 2978
f 2976 2979 2901
f 2901 2979 2900
f 2980 2981 2982
f 2982 2981 2979
f 2981 2980 2983
f 2983 2980 2984
f 2985 2897 2983
f 2983 2897 2898
f 2987 2988 2986
f 2986 2988 2985
f 2896 2988 1442
f 1442 2988 1439
f 1903 2977 1904
f 1904 2977 2902
f 1856 1855 1890
f 1890 1855 2989
f 2989 2990 1890
f 1890 2990 1359
f 2990 2991 1359
f 1359 2991 1356
f 2946 2992 1859
f 1859 2992 1893
f 2992 2993 1893
f 1893 2993 775
f 2993 2994 775
f 775 2994 776
f 2986 1356 2987
f 2987 1356 2991
f 2975 2978 776
f 776 2978 777
f 2982 2994 2980
f 2980 2994 2995
f 1357 2984 2995
f 2995 2984 2980
f 2995 2996 1357
f 1357 2996 1358
f 2996 2997 1358
f 1358 2997 1889
f 2998 2999 2932
f 2932 2999 2933
f 2999 2971 2933
f 2933 2971 2934
f 1837 1836 2937
f 2937 1836 2938
f 2943 1841 2941
f 2941 1841 1838
f 3001 2944 3000
f 3000 2944 2943
f 3001 3002 2944
f 2944 3002 2945
f 3002 3003 2945
f 2945 3003 2946
f 2997 3003 1889
f 1889 3003 2947
f 2947 3003 2948
f 2948 3003 3002
f 3001 3004 3002
f 3002 3004 2948
f 3000 3005 3001
f 3001 3005 3004
f 2940 3006 3000
f 3000 3006 3005
f 2999 3007 2971
f 2971 3007 2972
f 2998 2951 2999
f 2999 2951 3007
f 3008 2952 2998
f 2998 2952 2951
f 2966 2965 2936
f 2936 2965 2937
f 2935 2938 2971
f 2971 2938 2934
f 3003 2997 2946
f 2946 2997 2992
f 2997 2996 2992
f 2992 2996 2993
f 2996 2995 2993
f 2993 2995 2994
f 1356 2986 1357
f 1357 2986 2984
f 2982 2975 2994
f 2994 2975 776
f 1844 1843 1899
f 1899 1843 3009
f 1843 638 3009
f 3009 638 3010
f 638 637 3010
f 3010 637 3011
f 637 1830 3011
f 3011 1830 3012
f 1830 1833 3012
f 3012 1833 2894
f 1833 1854 2894
f 2894 1854 2895
f 1854 1853 2895
f 2895 1853 1888
f 1858 1857 1885
f 1885 1857 1892
f 1899 3009 1898
f 1898 3009 1874
f 3009 3010 1874
f 1874 3010 1865
f 3010 3011 1865
f 1865 3011 1862
f 3011 3012 1862
f 1862 3012 1882
f 3012 2894 1882
f 1882 2894 2893
f 1850 2890 782
f 782 2890 2889
f 783 2880 1811
f 1811 2880 1812
f 744 1810 745
f 745 1810 2973
f 745 2973 805
f 805 2973 806
f 2973 2974 806
f 806 2974 815
f 1303 812 2974
f 2974 812 815
f 1303 1302 812
f 812 1302 1221
f 1307 3013 1302
f 1302 3013 1221
f 1734 3014 1633
f 1633 3014 1634
f 1646 1649 1636
f 1636 1649 1637
f 1654 1657 1641
f 1641 1657 1642
f 1639 1736 1636
f 1636 1736 1684
f 1716 1713 1698
f 1698 1713 1699
f 1718 1721 1705
f 1705 1721 1706
f 1653 1654 1709
f 1709 1654 1641
f 1620 1623 1714
f 1714 1623 1699
f 1712 1682 1714
f 1714 1682 1740
f 1668 1671 1746
f 1746 1671 1747
f 1752 1650 1749
f 1749 1650 1750
f 1750 1650 1709
f 1709 1650 1653
f 1632 1668 1633
f 1633 1668 1746
f 1649 1752 1637
f 1637 1752 1749
f 1682 1643 1740
f 1740 1643 1642
f 3014 1685 1634
f 1634 1685 1684
f 1704 1748 1705
f 1705 1748 1747
f 1697 1707 1698
f 1698 1707 1706
f 1739 1701 1621
f 1621 1701 1622
f 1567 1566 1647
f 1647 1566 1648
f 1664 1695 1651
f 1651 1695 1652
f 1614 1617 1655
f 1655 1617 1656
f 1704 1707 1659
f 1659 1707 1660
f 3014 1734 1662
f 1662 1734 1663
f 1650 1752 1651
f 1651 1752 1665
f 1741 1657 1667
f 1667 1657 1656
f 1695 1614 1652
f 1652 1614 1655
f 1724 1567 1726
f 1726 1567 1647
f 1645 1628 1733
f 1733 1628 1663
f 1685 3014 1726
f 1726 3014 1662
f 1620 1741 1621
f 1621 1741 1667
f 1566 1666 1648
f 1648 1666 1665
f 1658 1737 1659
f 1659 1737 1901
f 1911 1661 1910
f 1910 1661 1660
f 1701 1911 1622
f 1622 1911 1910
f 1732 1748 1733
f 1733 1748 1901
f 1857 2948 1892
f 1892 2948 3004
f 1892 3004 1891
f 1891 3004 3005
f 1828 3006 1829
f 1829 3006 2949
f 2967 736 2968
f 2968 736 710
f 2972 2969 2967
f 2967 2969 736
f 2969 2972 897
f 897 2972 3007
f 897 3007 729
f 729 3007 2951
f 3016 753 3015
f 3015 753 752
f 3018 767 3017
f 3017 767 766
f 3019 3020 1249
f 1249 3020 3021
f 2915 2914 3019
f 3019 2914 3020
f 3023 2914 3022
f 3022 2914 1783
f 2827 2839 769
f 769 2839 766
f 3025 2838 3024
f 3024 2838 3021
f 768 767 2850
f 2850 767 3026
f 2850 3026 751
f 751 3026 752
f 750 753 2932
f 2932 753 3027
f 3008 2998 3027
f 3027 2998 2932
f 3028 3029 3008
f 3008 3029 2952
f 3029 3030 2952
f 2952 3030 730
f 3032 3033 3031
f 3031 3033 3034
f 3036 3037 3035
f 3035 3037 3038
f 2870 3039 612
f 612 3039 3040
f 3041 3042 3031
f 3031 3042 3038
f 3034 1352 3043
f 3043 1352 944
f 612 3040 613
f 613 3040 3044
f 613 3044 1425
f 1425 3044 1422
f 3045 3042 669
f 669 3042 670
f 3041 3043 599
f 599 3043 600
f 772 771 1544
f 1544 771 781
f 1503 771 1866
f 1866 771 770
f 771 1503 781
f 781 1503 778
f 61 281 416
f 416 281 1907
f 283 103 3046
f 3046 103 3047
f 76 79 3048
f 3048 79 3049
f 280 76 1906
f 1906 76 3048
f 3051 335 3050
f 3050 335 334
f 3053 417 3052
f 3052 417 416
f 3055 435 3054
f 3054 435 434
f 428 435 419
f 419 435 1908
f 420 1909 293
f 293 1909 443
f 79 294 3049
f 3049 294 444
f 3057 444 3056
f 3056 444 443
f 3051 3058 335
f 335 3058 452
f 216 215 1332
f 1332 215 452
f 308 283 462
f 462 283 3046
f 3050 334 3059
f 3059 334 462
f 103 62 3047
f 3047 62 417
f 313 312 434
f 434 312 463
f 3061 574 3060
f 3060 574 573
f 1310 3062 1428
f 1428 3062 3063
f 1258 3064 1255
f 1255 3064 2871
f 932 3065 2853
f 2853 3065 3066
f 699 2814 931
f 931 2814 3067
f 3068 1301 3063
f 3063 1301 1428
f 571 574 1310
f 1310 574 3062
f 3060 573 3069
f 3069 573 1332
f 3070 3071 1906
f 1906 3071 1907
f 3072 3073 1908
f 1908 3073 1909
f 3075 2814 3074
f 3074 2814 2813
f 2854 3076 1258
f 1258 3076 3064
f 2871 3077 2872
f 2872 3077 3078
f 3074 2813 3079
f 3079 2813 2873
f 2872 3078 1349
f 1349 3078 3080
f 2873 701 3068
f 3068 701 1301
f 1330 1201 3080
f 3080 1201 1349
f 1264 1263 3081
f 3081 1263 3082
f 3083 3084 3082
f 3082 3084 3081
f 811 1448 3086
f 3086 1448 3085
f 808 811 3087
f 3087 811 3086
f 3088 3083 833
f 833 3083 3082
f 884 3089 885
f 885 3089 3090
f 3087 1790 808
f 808 1790 816
f 1790 3087 1787
f 1787 3087 3091
f 3092 3091 3086
f 3086 3091 3087
f 3093 3094 3084
f 3084 3094 3095
f 3089 3096 3090
f 3090 3096 3088
f 3097 3093 3083
f 3083 3093 3084
f 3099 3100 3098
f 3098 3100 1786
f 3101 1788 2913
f 2913 1788 3102
f 838 837 885
f 885 837 886
f 886 837 3103
f 3103 837 1541
f 3094 3093 3104
f 3104 3093 3097
f 3105 3106 3089
f 3089 3106 3096
f 3108 3109 3107
f 3107 3109 3110
f 3111 3112 3091
f 3091 3112 1787
f 3114 3108 3113
f 3113 3108 3107
f 3114 3115 3112
f 3112 3115 3102
f 3091 3092 3111
f 3111 3092 3116
f 839 838 835
f 835 838 836
f 885 3090 838
f 838 3090 836
f 3110 3117 1247
f 1247 3117 3118
f 1247 3118 1248
f 1248 3118 3119
f 3120 3121 3119
f 3119 3121 1248
f 1247 844 3110
f 3110 844 3107
f 844 843 3107
f 3107 843 3113
f 843 3099 3113
f 3113 3099 3122
f 1781 3123 3098
f 3098 3123 3124
f 2915 2931 1780
f 1780 2931 2930
f 3019 3125 2915
f 2915 3125 2931
f 890 3125 2834
f 2834 3125 1252
f 3125 3019 1252
f 1252 3019 1249
f 907 908 946
f 946 908 947
f 1185 1188 1369
f 1369 1188 948
f 954 957 951
f 951 957 952
f 910 965 953
f 953 965 950
f 905 958 960
f 960 958 961
f 3126 978 949
f 949 978 962
f 936 935 967
f 967 935 968
f 994 993 969
f 969 993 966
f 902 904 971
f 971 904 972
f 983 985 973
f 973 985 970
f 906 905 974
f 974 905 960
f 977 981 959
f 959 981 975
f 911 910 1143
f 1143 910 953
f 952 957 1142
f 1142 957 1145
f 911 1143 1366
f 1366 1143 1368
f 1185 1369 1145
f 1145 1369 1142
f 993 1519 966
f 966 1519 1456
f 965 1454 950
f 950 1454 1457
f 900 899 1459
f 1459 899 1460
f 988 991 1461
f 1461 991 1458
f 899 963 1460
f 1460 963 1462
f 985 987 970
f 970 987 1463
f 904 906 972
f 972 906 974
f 981 983 975
f 975 983 973
f 935 900 968
f 968 900 1459
f 991 994 1458
f 1458 994 969
f 1154 1526 1088
f 1088 1526 1089
f 1109 1112 1092
f 1092 1112 1093
f 1083 1098 1084
f 1084 1098 1097
f 1078 1471 1100
f 1100 1471 1101
f 1075 1078 1104
f 1104 1078 1100
f 1152 1154 1156
f 1156 1154 1088
f 1156 1155 1372
f 1372 1155 1373
f 1372 1373 1104
f 1104 1373 1075
f 1467 1109 1465
f 1465 1109 1092
f 1465 1182 1468
f 1468 1182 1184
f 1474 1470 1096
f 1096 1470 1097
f 1102 1101 1083
f 1083 1101 1098
f 1112 1531 1093
f 1093 1531 1529
f 1102 1073 1099
f 1099 1073 1072
f 1526 1154 1079
f 1079 1154 1080
f 1081 1091 1082
f 1082 1091 1094
f 1069 1068 1085
f 1085 1068 1086
f 1153 1151 1080
f 1080 1151 1058
f 1371 1177 1179
f 1179 1177 1176
f 1099 1072 1103
f 1103 1072 1176
f 1068 1071 1086
f 1086 1071 1073
f 1085 1084 1180
f 1180 1084 1469
f 1066 1065 1183
f 1183 1065 1181
f 1153 1152 1177
f 1177 1152 1178
f 1091 1081 1182
f 1182 1081 1183
f 1057 1525 1079
f 1079 1525 1527
f 1120 1117 1076
f 1076 1117 1077
f 1087 1090 1107
f 1107 1090 1108
f 1127 1126 1110
f 1110 1126 1111
f 1095 1116 1096
f 1096 1116 1115
f 1471 1078 1119
f 1119 1078 1077
f 1087 1107 1155
f 1155 1107 1158
f 1376 1374 1157
f 1157 1374 1158
f 1076 1075 1374
f 1374 1075 1373
f 1109 1467 1110
f 1110 1467 1472
f 1467 1466 1472
f 1472 1466 1473
f 1135 1475 1114
f 1114 1475 1115
f 1471 1119 1095
f 1095 1119 1116
f 1126 1532 1111
f 1111 1532 1530
f 914 1276 1480
f 1480 1276 1517
f 3127 3128 1223
f 1223 3128 1224
f 824 933 1455
f 1455 933 3129
f 3131 1448 3130
f 3130 1448 1447
f 3132 3133 1452
f 1452 3133 1453
f 3130 1447 1322
f 1322 1447 1455
f 933 1514 3129
f 3129 1514 3134
f 1161 3135 1480
f 1480 3135 1481
f 3128 3136 1224
f 1224 3136 1499
f 3133 1162 1453
f 1453 1162 1517
f 1515 3127 1535
f 1535 3127 1223
f 3095 3085 3131
f 3131 3085 1448
f 3137 3092 3085
f 3085 3092 3086
f 3138 3116 3137
f 3137 3116 3092
f 3110 3109 3117
f 3117 3109 3139
f 3105 3140 3117
f 3117 3140 3118
f 3140 3141 3118
f 3118 3141 3119
f 3142 3120 3141
f 3141 3120 3119
f 1498 3143 1277
f 1277 3143 882
f 3144 3145 1340
f 1340 3145 1339
f 1340 3146 3144
f 3144 3146 3147
f 3145 3144 3143
f 3143 3144 3148
f 871 901 872
f 872 901 1362
f 3149 3148 3147
f 3147 3148 3144
f 1208 3150 1209
f 3098 1786 1781
f 1781 1786 1782
f 2930 2929 3123
f 3123 2929 2911
f 1794 1791 2916
f 2916 1791 2917
f 1793 3101 2918
f 2918 3101 2919
f 1796 1794 2920
f 2920 1794 2916
f 3151 3152 2921
f 2921 3152 2922
f 3153 3154 2923
f 2923 3154 2924
f 2919 3101 2912
f 2912 3101 2913
f 3155 1796 2925
f 2925 1796 2920
f 3154 3156 2924
f 2924 3156 2926
f 1791 1793 2917
f 2917 1793 2918
f 3157 3158 2927
f 2927 3158 2928
f 1780 2930 1781
f 1781 2930 3123
f 2825 1267 1189
f 1189 1267 1190
f 2827 2828 1250
f 1250 2828 1251
f 1489 2830 1324
f 1324 2830 1325
f 923 1328 1334
f 1334 1328 1335
f 1485 2832 1482
f 1482 2832 1483
f 1266 1490 1492
f 1492 1490 1493
f 1333 1346 1334
f 1334 1346 2824
f 722 799 1492
f 1492 799 1190
f 664 657 1482
f 1482 657 2833
f 631 634 1324
f 1324 634 1493
f 2828 1494 1251
f 1251 1494 2835
f 1249 3021 1250
f 1250 3021 2838
f 798 2837 1189
f 1189 2837 2836
f 3100 842 3160
f 3160 842 3159
f 1788 3101 1789
f 1789 3101 1793
f 1792 816 1789
f 1789 816 1790
f 817 816 1795
f 1795 816 1792
f 938 817 1797
f 1797 817 1795
f 1796 3155 1797
f 1797 3155 1798
f 3155 3158 1798
f 1798 3158 1799
f 3157 3152 1801
f 1801 3152 1802
f 3151 3156 1803
f 1803 3156 1804
f 3154 3153 1805
f 1805 3153 1806
f 3153 3161 1806
f 1806 3161 1807
f 3099 843 3100
f 3100 843 842
f 1788 1787 3102
f 3102 1787 3112
f 2910 3115 3124
f 3124 3115 3122
f 3099 3098 3122
f 3122 3098 3124
f 416 1907 3052
f 3052 1907 3071
f 3046 3047 3163
f 3163 3047 3162
f 249 445 259
f 259 445 3164
f 425 3165 424
f 424 3165 461
f 408 410 329
f 329 410 330
f 39 331 40
f 40 331 332
f 305 304 423
f 423 304 464
f 385 254 458
f 458 254 392
f 250 415 251
f 251 415 412
f 233 337 234
f 234 337 3166
f 435 3055 1908
f 1908 3055 3072
f 443 1909 3056
f 3056 1909 3073
f 3167 3049 3057
f 3057 3049 444
f 452 3058 1332
f 1332 3058 3069
f 234 3166 346
f 346 3166 411
f 3046 3163 462
f 462 3163 3059
f 259 3164 260
f 260 3164 336
f 3047 417 3162
f 3162 417 3053
f 463 3168 434
f 434 3168 3054
f 454 830 425
f 425 830 3165
f 3062 3169 3063
f 3063 3169 3170
f 1355 1354 1534
f 1534 1354 3171
f 3063 3170 3068
f 3068 3170 3172
f 574 3061 3062
f 3062 3061 3169
f 1534 3171 1535
f 1535 3171 3173
f 3079 2873 3172
f 3172 2873 3068
f 2838 3025 2839
f 2839 3025 3174
f 3176 3177 3175
f 3175 3177 3178
f 3180 1125 3179
f 3179 1125 1128
f 3182 3183 3181
f 3181 3183 3184
f 1134 3185 1130
f 1130 3185 3182
f 3186 3187 3189
f 3189 3187 3188
f 3191 3189 3190
f 3190 3189 3188
f 1137 1122 3190
f 3190 1122 3192
f 3175 3178 3193
f 3193 3178 3194
f 3181 3184 3179
f 3179 3184 3195
f 3197 3198 3196
f 3196 3198 3180
f 3200 3178 3199
f 3199 3178 3177
f 3202 3196 3201
f 3201 3196 3195
f 3204 3184 3203
f 3203 3184 3183
f 3206 3207 3205
f 3205 3207 3186
f 3205 3186 3208
f 3208 3186 3189
f 3209 3208 3191
f 3191 3208 3189
f 3210 3194 3200
f 3200 3194 3178
f 3201 3195 3204
f 3204 3195 3184
f 3197 3211 3177
f 3177 3211 3199
f 3213 3214 3212
f 3212 3214 3215
f 3217 3218 3216
f 3216 3218 3219
f 3221 3222 3220
f 3220 3222 3223
f 3225 3226 3224
f 3224 3226 3227
f 3229 3230 3228
f 3228 3230 3231
f 3233 3234 3232
f 3232 3234 3235
f 3237 3238 3236
f 3236 3238 3239
f 3238 3240 3239
f 3239 3240 3241
f 3232 3235 3242
f 3242 3235 3243
f 3245 3246 3244
f 3244 3246 3247
f 3248 3249 3245
f 3245 3249 3246
f 3251 3252 3250
f 3250 3252 3253
f 3255 3252 3254
f 3254 3252 3251
f 3256 3257 3259
f 3259 3257 3258
f 3261 3262 3260
f 3260 3262 3263
f 3265 3263 3264
f 3264 3263 3262
f 3256 3259 3266
f 3266 3259 3267
f 3269 3270 3268
f 3268 3270 3271
f 3269 3272 3270
f 3270 3272 3273
f 3274 3275 3277
f 3277 3275 3276
f 3278 3279 3276
f 3276 3279 3277
f 3281 3282 3280
f 3280 3282 3283
f 3280 3284 3281
f 3281 3284 3285
f 3287 3288 3286
f 3286 3288 3289
f 3290 3291 3288
f 3288 3291 3289
f 3234 3218 3235
f 3235 3218 3217
f 3232 3292 3233
f 3233 3292 3293
f 3239 3294 3236
f 3236 3294 3219
f 3233 3293 3237
f 3237 3293 3295
f 3296 3294 3241
f 3241 3294 3239
f 3240 3238 3297
f 3297 3238 3298
f 3217 3216 3235
f 3235 3216 3243
f 3297 3299 3240
f 3240 3299 3242
f 3246 3300 3247
f 3247 3300 3223
f 3301 3302 3254
f 3254 3302 3244
f 3249 3303 3246
f 3246 3303 3300
f 3245 3304 3248
f 3248 3304 3292
f 3252 3221 3253
f 3253 3221 3220
f 3250 3248 3299
f 3299 3248 3292
f 3222 3221 3255
f 3255 3221 3252
f 3297 3301 3251
f 3251 3301 3254
f 3258 3214 3259
f 3259 3214 3213
f 3257 3256 3304
f 3304 3256 3305
f 3263 3306 3260
f 3260 3306 3215
f 3261 3257 3302
f 3302 3257 3304
f 3307 3306 3265
f 3265 3306 3263
f 3262 3301 3264
f 3264 3301 3308
f 3259 3213 3267
f 3267 3213 3212
f 3308 3309 3264
f 3264 3309 3266
f 3270 3310 3271
f 3271 3310 3231
f 3311 3312 3278
f 3278 3312 3268
f 3270 3273 3310
f 3310 3273 3313
f 3272 3269 3305
f 3305 3269 3314
f 3277 3229 3274
f 3274 3229 3228
f 3275 3272 3309
f 3309 3272 3305
f 3279 3230 3277
f 3277 3230 3229
f 3276 3308 3278
f 3278 3308 3311
f 3281 3315 3282
f 3282 3315 3227
f 3290 3316 3283
f 3283 3316 3317
f 3281 3285 3315
f 3315 3285 3318
f 3284 3280 3314
f 3314 3280 3319
f 3289 3225 3286
f 3286 3225 3224
f 3287 3284 3312
f 3284 3314 3312
f 3291 3226 3289
f 3289 3226 3225
f 3288 3311 3290
f 3290 3311 3316
f 3212 3215 3307
f 3307 3215 3306
f 3294 3296 3219
f 3219 3296 3216
f 3303 3220 3300
f 3300 3220 3223
f 3224 3227 3318
f 3318 3227 3315
f 3228 3231 3313
f 3313 3231 3310
f 3234 3233 3236
f 3236 3233 3237
f 3243 3241 3242
f 3242 3241 3240
f 3247 3255 3244
f 3244 3255 3254
f 3253 3249 3250
f 3250 3249 3248
f 3260 3258 3261
f 3261 3258 3257
f 3266 3267 3264
f 3264 3267 3265
f 3268 3271 3278
f 3278 3271 3279
f 3274 3273 3275
f 3275 3273 3272
f 3283 3282 3290
f 3290 3282 3291
f 3286 3285 3287
f 3287 3285 3284
f 3218 3234 3219
f 3219 3234 3236
f 3295 3298 3237
f 3237 3298 3238
f 3216 3296 3243
f 3243 3296 3241
f 3242 3299 3232
f 3232 3299 3292
f 3223 3222 3247
f 3247 3222 3255
f 3244 3302 3245
f 3245 3302 3304
f 3303 3249 3220
f 3220 3249 3253
f 3297 3251 3299
f 3299 3251 3250
f 3215 3214 3260
f 3260 3214 3258
f 3301 3262 3302
f 3302 3262 3261
f 3212 3307 3267
f 3267 3307 3265
f 3266 3309 3256
f 3256 3309 3305
f 3271 3231 3279
f 3279 3231 3230
f 3268 3312 3269
f 3269 3312 3314
f 3228 3313 3274
f 3274 3313 3273
f 3308 3276 3309
f 3309 3276 3275
f 3282 3227 3291
f 3291 3227 3226
f 3317 3319 3283
f 3283 3319 3280
f 3224 3318 3286
f 3286 3318 3285
f 3312 3311 3287
f 3311 3288 3287
f 3320 3321 3194
f 3194 3321 3193
f 1375 3321 1121
f 1121 3321 3322
f 3323 3324 3322
f 3322 3324 3192
f 3175 1124 3176
f 3176 1124 1123
f 3179 3195 3180
f 3180 3195 3196
f 3181 1131 3182
f 3182 1131 1130
f 3207 3185 3186
f 3186 3185 3187
f 1136 3188 1133
f 1133 3188 3187
f 3190 3188 1137
f 1137 3188 1136
f 3193 1159 3175
f 3175 1159 1124
f 3179 1128 3181
f 3181 1128 1131
f 1533 3198 1123
f 1123 3198 3176
f 3321 1375 3193
f 3193 1375 1159
f 3321 3320 3322
f 3322 3320 3323
f 1122 1121 3192
f 3192 1121 3322
f 3194 3210 3320
f 3320 3210 3325
f 3324 3323 3327
f 3327 3323 3326
f 3320 3325 3323
f 3323 3325 3326
f 3208 3328 3205
f 3205 3328 3329
f 3330 3206 3329
f 3329 3206 3205
f 3203 3331 3204
f 3204 3331 3332
f 3210 3333 3325
f 3325 3333 3334
f 3325 3334 3326
f 3326 3334 3335
f 3327 3326 3336
f 3336 3326 3335
f 3327 3209 3324
f 3324 3209 3191
f 3190 3192 3191
f 3191 3192 3324
f 3338 3339 3337
f 3337 3339 3340
f 3338 3341 3339
f 3339 3341 3342
f 3341 3343 3342
f 3342 3343 3344
f 3343 3345 3344
f 3344 3345 3346
f 3345 3347 3346
f 3346 3347 3348
f 3347 3349 3348
f 3348 3349 3350
f 3337 3340 3351
f 3351 3340 3352
f 3351 3352 3353
f 3353 3352 3354
f 3353 3354 3355
f 3355 3354 3356
f 3350 3349 3357
f 3357 3349 3358
f 3355 3356 3359
f 3359 3356 3360
f 3359 3360 3361
f 3361 3360 3362
f 3361 3362 3363
f 3363 3362 3364
f 3363 3364 3358
f 3358 3364 3357
f 3339 3342 3365
f 3365 3342 3366
f 3342 3344 3366
f 3366 3344 3367
f 3344 3346 3367
f 3367 3346 3368
f 3346 3348 3368
f 3368 3348 3369
f 3348 3350 3369
f 3369 3350 3370
f 3368 3369 3371
f 3371 3369 3372
f 3369 3370 3372
f 3372 3370 3373
f 3373 3374 3372
f 3372 3374 3375
f 3377 3378 3376
f 3376 3378 3379
f 3377 3375 3378
f 3378 3375 3374
f 3375 3380 3372
f 3372 3380 3371
f 3377 3381 3375
f 3375 3381 3380
f 3376 3382 3377
f 3377 3382 3381
f 3384 3385 3383
f 3383 3385 3386
f 3384 3383 3388
f 3388 3383 3387
f 3388 3387 3389
f 3389 3387 3390
f 3392 3385 3391
f 3391 3385 3384
f 3388 3393 3384
f 3384 3393 3391
f 3389 3394 3388
f 3388 3394 3393
f 3389 3395 3394
f 3394 3395 3396
f 3395 3389 3397
f 3397 3389 3390
f 3339 3365 3340
f 3340 3365 3398
f 3340 3398 3352
f 3352 3398 3399
f 3371 3400 3368
f 3368 3400 3367
f 3400 3401 3367
f 3367 3401 3366
f 3366 3401 3365
f 3365 3401 3402
f 3398 3365 3403
f 3403 3365 3402
f 3398 3403 3399
f 3399 3403 3404
f 3403 3405 3404
f 3404 3405 3406
f 3352 3399 3354
f 3354 3399 3407
f 3399 3404 3407
f 3407 3404 3408
f 3404 3406 3408
f 3408 3406 3409
f 3405 3410 3406
f 3406 3410 3411
f 3410 3412 3411
f 3411 3412 3413
f 3397 3414 3395
f 3395 3414 3415
f 3417 3415 3416
f 3416 3415 3412
f 3410 3418 3412
f 3412 3418 3416
f 3410 3405 3418
f 3418 3405 3419
f 3405 3403 3419
f 3419 3403 3402
f 3370 3350 3420
f 3420 3350 3357
f 3373 3370 3421
f 3421 3370 3420
f 3374 3373 3422
f 3422 3373 3421
f 3378 3374 3423
f 3423 3374 3422
f 3378 3423 3379
f 3379 3423 3424
f 3424 3425 3379
f 3379 3425 3386
f 3383 3426 3387
f 3387 3426 3427
f 3387 3427 3390
f 3390 3427 3428
f 3390 3428 3397
f 3397 3428 3429
f 3429 3430 3397
f 3397 3430 3414
f 3411 3413 3431
f 3431 3413 3432
f 3406 3411 3409
f 3409 3411 3431
f 3401 3400 3335
f 3335 3400 3336
f 3401 3335 3402
f 3402 3335 3334
f 3402 3334 3419
f 3419 3334 3333
f 3419 3333 3418
f 3418 3333 3433
f 3418 3433 3416
f 3416 3433 3434
f 3435 3417 3434
f 3434 3417 3416
f 3394 3396 3436
f 3436 3396 3437
f 3393 3394 3332
f 3332 3394 3436
f 3393 3332 3391
f 3391 3332 3331
f 3330 3392 3331
f 3331 3392 3391
f 3382 3329 3381
f 3381 3329 3328
f 3354 3407 3356
f 3356 3407 3438
f 3356 3438 3360
f 3360 3438 3439
f 3360 3439 3362
f 3362 3439 3440
f 3362 3440 3364
f 3364 3440 3441
f 3364 3441 3357
f 3357 3441 3420
f 3421 3420 3442
f 3442 3420 3441
f 3442 3441 3443
f 3443 3441 3440
f 3443 3440 3444
f 3444 3440 3439
f 3444 3439 3445
f 3445 3439 3438
f 3445 3438 3408
f 3408 3438 3407
f 3422 3421 3446
f 3446 3421 3442
f 3446 3442 3447
f 3447 3442 3443
f 3447 3443 3448
f 3448 3443 3444
f 3448 3444 3449
f 3449 3444 3445
f 3449 3445 3409
f 3409 3445 3408
f 3409 3431 3449
f 3449 3431 3450
f 3449 3450 3448
f 3448 3450 3451
f 3451 3452 3448
f 3448 3452 3447
f 3447 3452 3446
f 3446 3452 3453
f 3446 3453 3422
f 3422 3453 3423
f 3424 3423 3454
f 3454 3423 3453
f 3452 3455 3453
f 3453 3455 3454
f 3452 3451 3455
f 3455 3451 3456
f 3450 3457 3451
f 3451 3457 3456
f 3431 3432 3450
f 3450 3432 3457
f 3454 3458 3424
f 3424 3458 3425
f 3427 3426 3459
f 3459 3426 3460
f 3428 3427 3461
f 3461 3427 3459
f 3428 3461 3429
f 3429 3461 3462
f 3462 3463 3429
f 3429 3463 3430
f 3464 3465 3462
f 3462 3465 3463
f 3455 3466 3454
f 3454 3466 3458
f 3465 3464 3466
f 3466 3464 3467
f 3461 3459 3468
f 3468 3459 3469
f 3468 3469 3464
f 3464 3469 3467
f 3464 3462 3468
f 3468 3462 3461
f 3459 3460 3469
f 3469 3460 3467
f 3295 3351 3298
f 3298 3351 3353
f 3353 3355 3298
f 3298 3355 3297
f 3297 3355 3301
f 3301 3355 3359
f 3301 3359 3308
f 3308 3359 3361
f 3308 3361 3311
f 3311 3361 3363
f 3311 3363 3316
f 3316 3363 3358
f 3316 3358 3317
f 3317 3358 3349
f 3349 3347 3317
f 3317 3347 3319
f 3347 3345 3319
f 3319 3345 3314
f 3345 3343 3314
f 3314 3343 3305
f 3343 3341 3305
f 3305 3341 3304
f 3304 3341 3292
f 3292 3341 3338
f 3292 3338 3293
f 3293 3338 3337
f 3293 3337 3295
f 3295 3337 3351
f 3437 3202 3436
f 3436 3202 3201
f 3436 3201 3332
f 3332 3201 3204
f 3433 3200 3434
f 3434 3200 3199
f 3211 3435 3199
f 3199 3435 3434
f 3333 3210 3433
f 3433 3210 3200
f 3380 3470 3371
f 3400 3371 3336
f 3336 3371 3470
f 3381 3328 3380
f 3380 3328 3470
f 3470 3328 3209
f 3209 3328 3208
f 3336 3470 3327
f 3327 3470 3209
f 1545 1763 1546
f 1546 1763 1762
f 1403 1546 773
f 773 1546 770
f 1221 3013 1220
f 1220 3013 3471
f 1305 2877 1306
f 1306 2877 2879
f 1220 3471 828
f 828 3471 829
f 1217 1754 3472
f 3472 1754 1756
f 1049 3473 1048
f 1048 3473 3474
f 1371 1179 3473
f 3473 1179 3474
f 1074 3475 1179
f 1179 3475 3474
f 3474 3475 1048
f 1048 3475 1056
f 919 666 1345
f 1345 666 665
f 856 680 919
f 919 680 666
f 679 680 1449
f 1449 680 858
f 1367 878 1500
f 1500 878 877
f 1366 908 1367
f 1367 908 878
f 1512 916 1513
f 1513 916 915
f 947 1368 948
f 948 1368 1369
f 1047 1021 1044
f 1044 1021 1020
f 1370 1049 1019
f 1019 1049 1020
f 1173 1030 1174
f 1174 1030 1033
f 3126 1188 1464
f 1464 1188 1187
f 1800 1451 1512
f 1512 1451 916
f 1175 1174 1186
f 1186 1174 1187
f 1030 1173 1047
f 1047 1173 1021
f 1513 915 3476
f 3476 915 1481
f 1345 665 3477
f 3477 665 1483
f 1502 1501 876
f 876 1501 877
f 1205 1451 1803
f 1803 1451 1802
f 3479 2832 3478
f 3478 2832 2831
f 1449 858 2927
f 2927 858 2922
f 908 1366 947
f 947 1366 1368
f 949 948 3126
f 3126 948 1188
f 3480 3135 1502
f 1502 3135 1501
f 2927 2922 3157
f 3157 2922 3152
f 3477 1483 3479
f 3479 1483 2832
f 1803 1802 3151
f 3151 1802 3152
f 663 658 664
f 664 658 657
f 655 658 939
f 939 658 706
f 1512 870 1800
f 1800 870 869
f 875 874 876
f 876 874 873
f 849 874 905
f 905 874 958
f 949 962 946
f 946 962 961
f 978 3126 979
f 979 3126 1464
f 1031 1168 1032
f 1032 1168 1022
f 1045 1013 1046
f 1046 1013 1012
f 1045 1044 1056
f 1056 1044 1048
f 1047 1046 1030
f 1030 1046 1031
f 939 706 940
f 940 706 1450
f 979 1464 1032
f 1032 1464 1033
f 3480 1478 3476
f 3476 1478 3134
f 2829 1487 2830
f 2830 1487 1486
f 848 1230 873
f 873 1230 1479
f 867 870 933
f 933 870 1514
f 1800 869 1801
f 1801 869 1799
f 2830 1486 1325
f 1325 1486 2833
f 940 1450 2925
f 2925 1450 2928
f 946 961 907
f 907 961 958
f 959 962 977
f 977 962 978
f 3476 3134 1513
f 1513 3134 1514
f 2925 2928 3155
f 3155 2928 3158
f 1325 2833 656
f 656 2833 657
f 1801 1799 3157
f 3157 1799 3158
f 1074 1055 3475
f 3475 1055 1056
f 1371 3473 1370
f 1370 3473 1049
f 2884 615 3481
f 3481 615 618
f 3478 2831 2846
f 2846 2831 617
f 2831 1484 617
f 617 1484 618
f 1484 1487 618
f 618 1487 3481
f 2848 3481 2829
f 2829 3481 1487
f 1480 1517 1161
f 1161 1517 1162
f 3129 1323 1455
f 1455 1323 1322
f 3129 3134 1323
f 1323 3134 1478
f 1535 3173 1515
f 1515 3173 1516
f 3085 3095 3137
f 3137 3095 3094
f 3137 3094 3138
f 3138 3094 3104
f 3117 3139 3105
f 3105 3139 3106
f 1138 1141 3127
f 3127 1141 3128
f 3081 3131 1264
f 1264 3131 3130
f 1227 1226 3132
f 3132 1226 3133
f 1264 3130 1229
f 1229 3130 1322
f 1160 1501 1161
f 1161 1501 3135
f 1141 1476 3128
f 3128 1476 3136
f 1226 1163 3133
f 3133 1163 1162
f 1363 1138 1515
f 1515 1138 3127
f 3084 3095 3081
f 3081 3095 3131
f 3089 884 3105
f 3105 884 3140
f 884 883 3140
f 3140 883 3141
f 883 3482 3141
f 3141 3482 3142
f 3476 1481 3480
f 3480 1481 3135
f 1502 1479 3480
f 3480 1479 1478
f 3168 463 440
f 714 1880 715
f 715 1880 2905
f 896 732 2970
f 2970 732 731
f 1263 834 3082
f 3082 834 833
f 898 1231 853
f 853 1231 854
f 3125 890 2931
f 2931 890 889
f 1237 893 2851
f 2851 893 892
f 898 853 899
f 899 853 963
f 988 987 989
f 989 987 986
f 1002 1007 1003
f 1003 1007 1006
f 1038 1036 1007
f 1007 1036 1004
f 1070 1052 1005
f 1005 1052 1006
f 1069 1067 1070
f 1070 1067 1052
f 1130 1129 1134
f 1134 1129 1135
f 879 1167 880
f 880 1167 1166
f 1171 1169 1037
f 1037 1169 1038
f 1085 1180 1069
f 1069 1180 1067
f 1209 1210 879
f 879 1210 1167
f 2885 1215 1754
f 1754 1215 1214
f 1263 855 834
f 834 855 854
f 708 1244 1826
f 1826 1244 1243
f 2909 894 1254
f 1254 894 893
f 1228 1361 964
f 964 1361 1360
f 2908 2907 1436
f 1436 2907 1437
f 2990 1440 2991
f 2991 1440 1439
f 964 1360 965
f 965 1360 1454
f 950 1457 951
f 951 1457 1456
f 970 1463 971
f 971 1463 1462
f 1025 1169 984
f 984 1169 986
f 1084 1097 1469
f 1469 1097 1470
f 1096 1115 1474
f 1474 1115 1475
f 1140 1361 1141
f 1141 1361 1476
f 1212 1495 2828
f 2828 1495 1494
f 880 1166 1452
f 1452 1166 1499
f 715 2905 1504
f 1504 2905 2906
f 954 1519 955
f 955 1519 1518
f 1026 1520 992
f 992 1520 1518
f 1029 1520 1043
f 1043 1520 1521
f 997 1522 1040
f 1040 1522 1521
f 1015 1522 1016
f 1016 1522 1523
f 1523 996 1524
f 1524 996 1062
f 1057 1060 1525
f 1525 1060 1524
f 1094 1528 1082
f 1082 1528 1527
f 1526 1528 1089
f 1089 1528 1529
f 1090 1531 1108
f 1108 1531 1530
f 1125 1533 1126
f 1126 1533 1532
f 3483 1755 727
f 727 1755 1214
f 735 1814 707
f 707 1814 1813
f 2891 1834 1246
f 1246 1834 1243
f 2904 1881 1847
f 1847 1881 1848
f 1852 1855 1853
f 1853 1855 1858
f 1902 2903 1877
f 1877 2903 1878
f 2903 2904 1878
f 1878 2904 1847
f 714 713 1848
f 1848 713 1849
f 1440 2990 1883
f 1883 2990 2989
f 1883 2989 1852
f 1852 2989 1855
f 2895 1888 2892
f 2892 1888 1887
f 774 777 1877
f 1877 777 1903
f 1251 2835 1252
f 1252 2835 2834
f 1213 2844 1212
f 1212 2844 1495
f 2851 892 1213
f 1213 892 2844
f 3123 2911 3124
f 3124 2911 2910
f 887 2929 888
f 888 2929 889
f 1435 2963 1436
f 1436 2963 2961
f 1253 1438 1254
f 1254 1438 1437
f 2970 731 735
f 735 731 1814
f 733 732 2885
f 2885 732 1215
f 2901 2902 2976
f 2976 2902 2977
f 2975 2982 2976
f 2976 2982 2979
f 2899 2900 2981
f 2981 2900 2979
f 2899 2981 2898
f 2898 2981 2983
f 2986 2985 2984
f 2984 2985 2983
f 2897 2985 2896
f 2896 2985 2988
f 2991 1439 2987
f 2987 1439 2988
f 777 2978 1903
f 1903 2978 2977
f 1885 1888 1858
f 1858 1888 1853
f 3090 3088 836
f 836 3088 833
f 3083 3088 3097
f 3097 3088 3096
f 3097 3096 3104
f 3104 3096 3106
f 3111 3116 3108
f 3108 3116 3109
f 3112 3111 3114
f 3114 3111 3108
f 3113 3122 3114
f 3114 3122 3115
f 891 890 2837
f 2837 890 2834
f 951 1456 954
f 954 1456 1519
f 967 1457 936
f 936 1457 1454
f 971 1462 902
f 902 1462 963
f 1461 1463 988
f 988 1463 987
f 1466 1468 1474
f 1474 1468 1470
f 1089 1529 1090
f 1090 1529 1531
f 1184 1181 1469
f 1469 1181 1180
f 1082 1527 1061
f 1061 1527 1525
f 1129 1473 1135
f 1135 1473 1475
f 1108 1530 1105
f 1105 1530 1532
f 1452 1499 3132
f 3132 1499 3136
f 3109 3116 3139
f 3139 3116 3138
f 2912 2911 887
f 887 2911 2929
f 2836 2835 1497
f 1497 2835 1494
f 2913 3102 2910
f 2910 3102 3115
f 1133 3187 1134
f 1134 3187 3185
f 3177 3176 3197
f 3197 3176 3198
f 3203 3183 3206
f 3206 3183 3207
f 3196 3202 3197
f 3197 3202 3211
f 3183 3182 3207
f 3207 3182 3185
f 1125 3180 1533
f 1533 3180 3198
f 3331 3203 3330
f 3330 3203 3206
f 3376 3379 3385
f 3385 3379 3386
f 3382 3376 3392
f 3392 3376 3385
f 3412 3415 3413
f 3413 3415 3414
f 3417 3396 3415
f 3415 3396 3395
f 3383 3386 3426
f 3426 3386 3425
f 3413 3414 3432
f 3432 3414 3430
f 3437 3396 3435
f 3435 3396 3417
f 3329 3382 3330
f 3330 3382 3392
f 3426 3425 3460
f 3460 3425 3458
f 3432 3430 3457
f 3457 3430 3463
f 3457 3463 3456
f 3456 3463 3465
f 3460 3458 3467
f 3467 3458 3466
f 3466 3455 3465
f 3465 3455 3456
f 3202 3437 3211
f 3211 3437 3435
f 3104 3106 3138
f 3138 3106 3139
f 3132 3136 1227
f 1227 3136 1476
f 943 687 600
f 600 687 601
f 596 625 667
f 667 625 1297
f 687 686 601
f 601 686 653
f 1319 784 711
f 711 784 712
f 1811 607 783
f 783 607 712
f 862 921 917
f 917 921 920
f 3478 925 3479
f 3479 925 924
f 2846 926 3478
f 3478 926 925
f 659 662 929
f 929 662 930
f 856 921 857
f 857 921 1204
f 1206 864 1207
f 1207 864 863
f 2876 1219 2877
f 2877 1219 1218
f 667 1297 593
f 593 1297 1296
f 917 920 1333
f 1333 920 1346
f 686 693 653
f 653 693 930
f 1277 913 1498
f 1498 913 1207
f 592 1536 610
f 610 1536 711
f 864 1206 1805
f 1805 1206 1804
f 1317 1536 1900
f 1900 1536 1809
f 1900 1809 1295
f 1295 1809 1296
f 3479 924 3477
f 3477 924 2824
f 927 926 1203
f 1203 926 2847
f 3484 2859 3032
f 3032 2859 3033
f 3472 2878 1217
f 1217 2878 1218
f 2889 2888 2880
f 2880 2888 2881
f 2886 2883 2887
f 2887 2883 2882
f 929 928 2847
f 2847 928 1203
f 857 1204 2921
f 2921 1204 2926
f 1820 1819 2882
f 2882 1819 2881
f 1821 2883 2876
f 2876 2883 1219
f 782 2889 783
f 783 2889 2880
f 1352 3034 1353
f 1353 3034 3033
f 3031 3034 3041
f 3041 3034 3043
f 944 943 3043
f 3043 943 600
f 1339 3145 1498
f 1498 3145 3143
f 1208 882 3148
f 3148 882 3143
f 2921 2926 3151
f 3151 2926 3156
f 3477 2824 1345
f 1345 2824 1346
f 1805 1804 3154
f 3154 1804 3156
f 886 3103 883
f 883 3103 3482
f 841 1248 3485
f 3485 1248 3121
f 2811 2819 2812
f 2812 2819 2816
f 2818 2815 2817
f 2817 2815 2806
f 2817 2816 2818
f 2818 2816 2819
f 2793 2795 2819
f 2819 2795 2818
f 243 352 2793
f 2793 352 2795
f 242 353 243
f 243 353 352
f 359 191 242
f 242 191 353
f 247 192 359
f 359 192 191
f 157 193 247
f 247 193 192
f 156 194 157
f 157 194 193
f 378 261 156
f 156 261 194
f 378 381 261
f 261 381 195
f 195 381 196
f 196 381 376
f 196 376 198
f 198 376 375
f 375 1776 198
f 198 1776 197
f 1776 1767 197
f 197 1767 274
f 181 274 199
f 199 274 1767
f 568 566 564
f 564 566 563
f 568 569 566
f 566 569 567
f 501 1773 1771
f 1771 1773 578
f 547 579 1773
f 1773 579 578
f 3486 470 474
f 474 470 469
f 450 582 3487
f 3487 582 3488
f 582 583 3488
f 3488 583 3489
f 583 584 3489
f 3489 584 3490
f 3490 584 3491
f 3491 584 543
f 470 3486 466
f 466 3486 467
f 3489 3490 503
f 503 3490 504
f 503 3492 3489
f 3489 3492 3488
f 3492 503 3493
f 3493 503 502
f 3495 3492 3494
f 3494 3492 3493
f 3487 3488 3495
f 3495 3488 3492
f 468 1774 465
f 465 1774 570
f 3494 3493 1775
f 1775 3493 1771
f 3490 3491 504
f 504 3491 1772
f 3491 543 1772
f 1772 543 548
f 450 3487 474
f 474 3487 3486
f 3495 467 3487
f 3487 467 3486
f 3494 468 3495
f 3495 468 467
f 468 3494 1774
f 1774 3494 1775
f 501 1771 502
f 502 1771 3493
f 527 366 384
f 384 366 365
f 522 524 527
f 527 524 366
f 521 534 522
f 522 534 524
f 530 535 521
f 521 535 534
f 508 486 513
f 513 486 532
f 513 532 541
f 541 532 535
f 667 668 596
f 596 668 597
f 1294 1297 624
f 624 1297 625
f 603 641 604
f 604 641 640
f 1290 1293 650
f 650 1293 651
f 1758 691 660
f 660 691 661
f 602 671 599
f 599 671 670
f 654 662 690
f 690 662 661
f 2856 598 695
f 695 598 597
f 602 654 671
f 671 654 690
f 604 640 676
f 676 640 704
f 1826 1829 708
f 708 1829 709
f 1288 1284 740
f 740 1284 741
f 755 754 758
f 758 754 759
f 2853 2856 932
f 932 2856 695
f 689 691 1192
f 1192 691 1193
f 784 1319 1240
f 1240 1319 1241
f 1813 1816 1244
f 1244 1816 1245
f 754 1288 759
f 759 1288 740
f 1894 1242 1318
f 1318 1242 1241
f 2867 1348 1418
f 1418 1348 1347
f 676 704 673
f 673 704 1347
f 1284 1287 741
f 741 1287 1419
f 1421 1426 1422
f 1422 1426 1425
f 1758 660 615
f 615 660 616
f 1192 1191 1421
f 1421 1191 1426
f 2962 1839 1504
f 1504 1839 1505
f 941 1194 1759
f 1759 1194 1193
f 1287 1537 1419
f 1419 1537 1760
f 1882 2893 1823
f 1823 2893 1824
f 1886 1891 1827
f 1827 1891 1828
f 1887 1886 1834
f 1834 1886 1827
f 1841 716 1838
f 1838 716 1505
f 782 784 1850
f 1850 784 1240
f 1239 1242 1863
f 1863 1242 1864
f 1242 1894 1864
f 1864 1894 1873
f 1822 1239 1823
f 1823 1239 1863
f 1318 1317 1895
f 1895 1317 1900
f 1894 1896 1873
f 1873 1896 1897
f 1291 1896 1292
f 1292 1896 1895
f 605 1898 606
f 606 1898 1897
f 1258 1257 2854
f 2854 1257 2855
f 1257 1351 2855
f 2855 1351 2857
f 1351 1353 2857
f 2857 1353 2858
f 1353 3033 2858
f 2858 3033 2859
f 2860 2861 3036
f 3036 2861 3037
f 2862 2863 2870
f 2870 2863 3039
f 2870 2869 2862
f 2862 2869 2864
f 2868 2865 2869
f 2869 2865 2864
f 1764 2866 2868
f 2868 2866 2865
f 1537 1199 1760
f 1760 1199 1348
f 615 2884 1758
f 1758 2884 1759
f 1825 1246 2890
f 2890 1246 1245
f 2893 2892 1824
f 1824 2892 2891
f 761 2960 758
f 758 2960 2906
f 3000 2943 2940
f 2940 2943 2941
f 2968 710 2950
f 2950 710 709
f 1764 1423 2866
f 2866 1423 2953
f 1423 645 2953
f 2953 645 2954
f 645 644 2954
f 2954 644 2955
f 644 738 2955
f 2955 738 2956
f 738 764 2956
f 2956 764 2957
f 764 763 2957
f 2957 763 2958
f 763 2908 2958
f 2958 2908 2959
f 2908 1436 2959
f 2959 1436 2961
f 1837 2964 1435
f 1435 2964 2963
f 1837 2937 2964
f 2964 2937 2965
f 2936 2968 2966
f 2966 2968 2950
f 1840 2942 1838
f 1838 2942 2941
f 2939 2949 2940
f 2940 2949 3006
f 2939 2942 2966
f 2966 2942 2965
f 1822 1825 1850
f 1850 1825 2890
f 1891 3005 1828
f 1828 3005 3006
f 3035 3038 3045
f 3045 3038 3042
f 3045 3044 3035
f 3035 3044 3040
f 669 1422 3045
f 3045 1422 3044
f 599 670 3041
f 3041 670 3042
f 931 3067 932
f 932 3067 3065
f 2853 3066 2854
f 2854 3066 3076
f 3067 3496 3065
f 3065 3496 3497
f 3066 3498 3076
f 3076 3498 3499
f 707 1813 708
f 708 1813 1244
f 2960 2962 2906
f 2906 2962 1504
f 2892 1887 2891
f 2891 1887 1834
f 1839 2962 2963
f 2963 2962 2961
f 595 626 596
f 596 626 625
f 623 626 3484
f 3484 626 2859
f 1291 1290 606
f 606 1290 603
f 1290 650 603
f 603 650 641
f 641 650 642
f 642 650 649
f 2860 2863 649
f 649 2863 642
f 3036 3039 2860
f 2860 3039 2863
f 3035 3040 3036
f 3036 3040 3039
f 1294 1293 1295
f 1295 1293 1292
f 624 651 1294
f 1294 651 1293
f 623 652 624
f 624 652 651
f 3484 2861 623
f 623 2861 652
f 3032 3037 3484
f 3484 3037 2861
f 3031 3038 3032
f 3032 3038 3037
f 3481 2848 2884
f 2884 2848 942
f 2846 617 1427
f 1427 617 616
f 3049 3167 3048
f 3048 3167 3500
f 1906 3048 3070
f 3070 3048 3500
f 1337 1768 3501
f 3501 1768 3502
f 3020 3503 3021
f 3021 3503 3024
f 2914 3023 3020
f 3020 3023 3503
f 859 1770 860
f 860 1770 3504
f 1336 3505 1768
f 1768 3505 3502
f 3065 3497 3066
f 3066 3497 3498
f 2814 3075 3067
f 3067 3075 3496
f 2839 3174 766
f 766 3174 3017
f 1337 3501 1338
f 1338 3501 1769
f 767 3018 3026
f 3026 3018 3506
f 3076 3499 3064
f 3064 3499 3507
f 727 730 3483
f 3483 730 3030
f 3064 3507 2871
f 2871 3507 3077
f 3100 3160 1786
f 1786 3160 1784
f 3026 3506 752
f 752 3506 3015
f 860 3504 2923
f 2923 3504 3508
f 753 3016 3027
f 3027 3016 3509
f 3027 3509 3008
f 3008 3509 3028
f 1782 1785 1783
f 1783 1785 3022
f 2923 3508 3153
f 3153 3508 3161
f 3148 3149 1208
f 1208 3149 3150
f 1335 1328 3510
f 3510 1328 1327
f 1336 1335 3505
f 3505 1335 3510
f 866 3511 1340
f 1340 3511 3146
f 865 1808 866
f 866 1808 3511
f 842 841 3159
f 3159 841 3485
f 2849 3512 1329
f 1329 3512 1326
f 1202 1331 2849
f 2849 1331 3512
f 3514 3515 3513
f 3513 3515 3516
f 3518 3516 3517
f 3517 3516 3515
f 3519 3520 3514
f 3514 3520 3515
f 3522 3523 3521
f 3521 3523 3524
f 3526 3527 3525
f 3525 3527 3528
f 3530 3531 3529
f 3529 3531 3532
f 3534 3535 3533
f 3533 3535 3536
f 3529 3532 3537
f 3537 3532 3538
f 3537 3539 3529
f 3529 3539 3540
f 3542 3543 3541
f 3541 3543 3544
f 3546 3547 3545
f 3545 3547 3548
f 3550 3534 3549
f 3549 3534 3533
f 3550 3543 3551
f 3551 3543 3552
f 3537 3545 3539
f 3539 3545 3548
f 3553 3554 3556
f 3556 3554 3555
f 3537 3557 3545
f 3545 3557 3546
f 3558 3559 3561
f 3561 3559 3560
f 3563 3564 3562
f 3562 3564 3565
f 3564 3563 3566
f 3566 3563 3567
f 3569 3570 3568
f 3568 3570 3571
f 3573 3574 3572
f 3572 3574 3575
f 3577 3578 3576
f 3576 3578 3579
f 3581 3582 3580
f 3580 3582 3583
f 3585 3586 3584
f 3584 3586 3579
f 3586 3587 3579
f 3579 3587 3576
f 3589 3590 3588
f 3588 3590 3591
f 3592 3593 3595
f 3595 3593 3594
f 3597 3598 3596
f 3596 3598 3595
f 3583 3600 3599
f 3599 3600 3601
f 3603 3599 3602
f 3602 3599 3601
f 3605 3606 3604
f 3604 3606 3607
f 3608 3555 3596
f 3596 3555 3554
f 3597 3610 3609
f 3609 3610 3565
f 3564 3611 3565
f 3565 3611 3609
f 3611 3564 3612
f 3612 3564 3566
f 3613 3614 3569
f 3569 3614 3570
f 3615 3616 3573
f 3573 3616 3574
f 3517 3617 3518
f 3518 3617 3618
f 3620 3621 3619
f 3619 3621 3622
f 3624 3625 3623
f 3623 3625 3626
f 3628 3629 3627
f 3627 3629 3630
f 3632 3633 3631
f 3631 3633 3634
f 3636 3637 3635
f 3635 3637 3638
f 3640 3641 3639
f 3639 3641 3642
f 3643 3644 3639
f 3639 3644 3640
f 3646 3513 3645
f 3645 3513 3647
f 3648 3514 3646
f 3646 3514 3513
f 3649 3519 3648
f 3648 3519 3514
f 3650 3651 3527
f 3527 3651 3652
f 3654 3651 3653
f 3653 3651 3650
f 3568 3571 3655
f 3655 3571 3656
f 3657 3658 3653
f 3653 3658 3659
f 3661 3662 3660
f 3660 3662 3658
f 3664 3665 3663
f 3663 3665 3666
f 3667 3657 3650
f 3650 3657 3653
f 3669 3523 3668
f 3668 3523 3670
f 3672 3673 3671
f 3671 3673 3674
f 3676 3677 3675
f 3675 3677 3678
f 3671 3674 3676
f 3676 3674 3677
f 3680 3681 3679
f 3679 3681 3682
f 3683 3684 3680
f 3680 3684 3681
f 3685 3686 3661
f 3661 3686 3662
f 3686 3687 3662
f 3662 3687 3688
f 3684 3683 3689
f 3689 3683 3690
f 3692 3693 3691
f 3691 3693 3694
f 3691 3694 3695
f 3695 3694 3696
f 3698 3699 3697
f 3697 3699 3700
f 3702 3703 3701
f 3701 3703 3704
f 3705 3706 3519
f 3519 3706 3520
f 3673 3672 3707
f 3707 3672 3708
f 3709 3710 3682
f 3682 3710 3679
f 3711 3712 3692
f 3692 3712 3693
f 3714 3715 3713
f 3713 3715 3716
f 3718 3700 3717
f 3717 3700 3699
f 3720 3721 3719
f 3719 3721 3722
f 3724 3725 3723
f 3723 3725 3726
f 3727 3728 3730
f 3730 3728 3729
f 3722 3721 3731
f 3731 3721 3732
f 3697 3700 3733
f 3733 3700 3714
f 3733 3714 3734
f 3734 3714 3713
f 3721 3723 3732
f 3732 3723 3735
f 3720 3736 3724
f 3724 3736 3737
f 3700 3718 3714
f 3714 3718 3715
f 3717 3699 3738
f 3738 3699 3739
f 3536 3740 3533
f 3533 3740 3540
f 3742 3743 3741
f 3741 3743 3744
f 3746 3747 3745
f 3745 3747 3748
f 3750 3751 3749
f 3749 3751 3752
f 3627 3632 3628
f 3628 3632 3631
f 3754 3755 3753
f 3753 3755 3626
f 3562 3565 3756
f 3756 3565 3610
f 3527 3652 3528
f 3528 3652 3757
f 3758 3524 3669
f 3669 3524 3523
f 3582 3598 3583
f 3583 3598 3600
f 3759 3670 3522
f 3522 3670 3523
f 3675 3678 3760
f 3760 3678 3761
f 3762 3763 3690
f 3690 3763 3689
f 3765 3766 3764
f 3764 3766 3767
f 3768 3739 3698
f 3698 3739 3699
f 3726 3725 3770
f 3770 3725 3769
f 3645 3647 3771
f 3771 3647 3772
f 3645 3678 3646
f 3646 3678 3677
f 3646 3677 3648
f 3648 3677 3674
f 3673 3649 3674
f 3674 3649 3648
f 3707 3773 3673
f 3673 3773 3649
f 3775 3776 3774
f 3774 3776 3777
f 3779 3526 3778
f 3778 3526 3525
f 3526 3779 3667
f 3667 3779 3780
f 3780 3781 3667
f 3667 3781 3657
f 3672 3679 3708
f 3708 3679 3710
f 3671 3680 3672
f 3672 3680 3679
f 3676 3683 3671
f 3671 3683 3680
f 3675 3690 3676
f 3676 3690 3683
f 3760 3762 3675
f 3675 3762 3690
f 3682 3681 3783
f 3783 3681 3782
f 3689 3784 3684
f 3684 3784 3785
f 3684 3785 3681
f 3681 3785 3782
f 3786 3709 3783
f 3783 3709 3682
f 3784 3689 3787
f 3787 3689 3763
f 3789 3557 3788
f 3788 3557 3790
f 3792 3793 3791
f 3791 3793 3794
f 3616 3615 3795
f 3795 3615 3796
f 3797 3798 3727
f 3727 3798 3728
f 3800 3801 3799
f 3799 3801 3802
f 3803 3578 3592
f 3592 3578 3593
f 3805 3806 3804
f 3804 3806 3807
f 3599 3603 3585
f 3585 3603 3586
f 3587 3586 3604
f 3604 3586 3603
f 3588 3591 3794
f 3794 3591 3791
f 3581 3803 3582
f 3582 3803 3592
f 3594 3561 3608
f 3608 3561 3790
f 3662 3688 3808
f 3808 3688 3809
f 3665 3664 3810
f 3810 3664 3811
f 3719 3812 3720
f 3720 3812 3736
f 3717 3813 3718
f 3718 3813 3737
f 3723 3721 3724
f 3724 3721 3720
f 3813 3717 3814
f 3814 3717 3738
f 3815 3816 303
f 303 3816 304
f 3818 3819 3817
f 3817 3819 3820
f 3578 3803 3579
f 3579 3803 3584
f 3558 3593 3577
f 3577 3593 3578
f 3822 3823 3821
f 3821 3823 3824
f 3546 3826 3825
f 3825 3826 3827
f 3828 3829 3547
f 3547 3829 3541
f 3831 3542 3830
f 3830 3542 3832
f 3834 3822 3833
f 3833 3822 3821
f 3835 3836 3827
f 3827 3836 3825
f 3800 3799 3828
f 3828 3799 3829
f 3830 3832 3837
f 3837 3832 3838
f 331 330 3551
f 3551 330 3839
f 3831 333 3552
f 3552 333 332
f 3819 3797 3841
f 3841 3797 3840
f 3513 3516 3647
f 3647 3516 3746
f 337 336 3745
f 3745 336 3772
f 3525 3528 3775
f 3775 3528 3749
f 3610 3597 3554
f 3554 3597 3596
f 3706 3702 3520
f 3520 3702 3701
f 3756 3610 3553
f 3553 3610 3554
f 3757 3750 3528
f 3528 3750 3749
f 3517 3515 3701
f 3701 3515 3520
f 3842 3584 3581
f 3581 3584 3803
f 3525 3775 3778
f 3778 3775 3774
f 3638 3843 3635
f 3635 3843 3618
f 3617 3621 3618
f 3618 3621 3635
f 3617 3517 3704
f 3704 3517 3701
f 3521 3624 3522
f 3522 3624 3623
f 3749 3844 3775
f 3775 3844 3776
f 3846 3847 3845
f 3845 3847 3848
f 3843 3747 3618
f 3618 3747 3518
f 3850 3851 3849
f 3849 3851 3748
f 3853 3854 3852
f 3852 3854 3855
f 3856 3857 3622
f 3622 3857 3619
f 3859 3860 3858
f 3858 3860 3861
f 3862 3844 3752
f 3752 3844 3749
f 3863 3759 3623
f 3623 3759 3522
f 3864 3777 3630
f 3630 3777 3776
f 3713 3865 3734
f 3734 3865 3866
f 3868 3869 3867
f 3867 3869 3870
f 3872 3873 3871
f 3871 3873 3874
f 3876 3877 3875
f 3875 3877 3878
f 3879 3880 3878
f 3878 3880 3881
f 3882 3883 3885
f 3885 3883 3884
f 3780 3886 3781
f 3781 3886 3887
f 3888 3685 3869
f 3869 3685 3661
f 3880 3879 3883
f 3883 3879 3884
f 3693 3783 3694
f 3694 3783 3782
f 3696 3785 3764
f 3764 3785 3784
f 3694 3782 3696
f 3696 3782 3785
f 3693 3786 3783
f 3787 3765 3784
f 3784 3765 3764
f 386 385 3765
f 3765 385 3766
f 3695 3889 3691
f 3691 3889 3890
f 3691 3890 3692
f 3692 3890 3891
f 3892 3711 3891
f 3891 3711 3692
f 3767 3893 3695
f 3695 3893 3889
f 3766 3894 3767
f 3767 3894 3893
f 3882 3885 3895
f 3895 3885 3896
f 3898 3698 3897
f 3897 3698 3697
f 3897 3697 3899
f 3899 3697 3733
f 3899 3733 3900
f 3900 3733 3734
f 3901 3768 3898
f 3898 3768 3698
f 3901 3902 3768
f 3768 3902 3903
f 3904 3905 3907
f 3907 3905 3906
f 3869 3661 3870
f 3870 3661 3660
f 3908 3909 3896
f 3896 3909 3895
f 3909 3758 3895
f 3895 3758 3669
f 3751 3531 3752
f 3752 3531 3848
f 3858 3536 3854
f 3854 3536 3535
f 3652 3562 3757
f 3757 3562 3756
f 3651 3654 3563
f 3563 3654 3567
f 3655 3656 3808
f 3808 3656 3659
f 3530 3740 3845
f 3845 3740 3861
f 3751 3750 3556
f 3556 3750 3553
f 3817 3820 3796
f 3796 3820 3795
f 410 409 3910
f 3910 409 3855
f 3750 3757 3553
f 3553 3757 3756
f 3908 3886 3909
f 3909 3886 3780
f 409 411 3855
f 3855 411 3851
f 413 412 3760
f 3760 412 3762
f 415 414 3763
f 3763 414 3787
f 3790 3557 3538
f 3538 3557 3537
f 3555 3608 3538
f 3538 3608 3790
f 3574 3911 3575
f 3575 3911 3912
f 3535 3534 3910
f 3910 3534 3839
f 3831 3552 3542
f 3542 3552 3543
f 3534 3550 3839
f 3839 3550 3551
f 3543 3550 3544
f 3544 3550 3549
f 3913 3914 3916
f 3916 3914 3915
f 3806 3805 3589
f 3589 3805 3590
f 3849 3843 3917
f 3917 3843 3638
f 3853 3644 3859
f 3859 3644 3742
f 3747 3746 3518
f 3518 3746 3516
f 3695 3696 3767
f 3767 3696 3764
f 3903 3918 3768
f 3768 3918 3739
f 3738 3739 3816
f 3816 3739 3918
f 3919 3920 3769
f 3769 3920 3770
f 3921 3726 3922
f 3922 3726 3770
f 3678 3645 3761
f 3761 3645 3771
f 3924 3913 3923
f 3923 3913 3916
f 3802 3925 3838
f 3838 3925 3837
f 3577 3926 3558
f 3558 3926 3559
f 3815 3919 3814
f 3814 3919 3769
f 3927 3928 3822
f 3822 3928 3823
f 3829 3832 3541
f 3541 3832 3542
f 3834 3927 3822
f 3832 3829 3838
f 3838 3829 3799
f 3745 3772 3746
f 3746 3772 3647
f 3849 3748 3843
f 3843 3748 3747
f 3854 3853 3858
f 3858 3853 3859
f 3854 3535 3855
f 3855 3535 3910
f 3557 3789 3546
f 3546 3789 3826
f 3923 3823 3924
f 3924 3823 3928
f 3823 3923 3929
f 3929 3923 3930
f 3531 3751 3532
f 3532 3751 3556
f 3532 3556 3538
f 3538 3556 3555
f 3932 3634 3931
f 3931 3634 3633
f 3814 3769 3813
f 3813 3769 3725
f 3620 3636 3621
f 3621 3636 3635
f 3847 3862 3848
f 3848 3862 3752
f 3531 3530 3848
f 3848 3530 3845
f 3933 3934 3830
f 3830 3934 3831
f 3925 3933 3837
f 3837 3933 3830
f 3934 440 3831
f 3831 440 333
f 3925 3802 3833
f 3833 3802 3801
f 3776 3844 3630
f 3630 3844 3627
f 3808 3659 3662
f 3662 3659 3658
f 3667 3650 3526
f 3526 3650 3527
f 3935 3666 3936
f 3936 3666 3665
f 3718 3737 3715
f 3715 3737 3736
f 3663 3809 3664
f 3664 3809 3688
f 3807 3806 3938
f 3938 3806 3937
f 445 413 3761
f 3761 413 3760
f 3902 447 3903
f 3903 447 446
f 3897 3890 3898
f 3898 3890 3889
f 3899 3891 3897
f 3897 3891 3890
f 3898 3889 3901
f 3901 3889 3893
f 3893 3894 3901
f 3901 3894 3902
f 414 386 3787
f 3787 386 3765
f 3940 3941 3939
f 3939 3941 3942
f 3840 3797 3943
f 3943 3797 3727
f 3665 3810 3936
f 3936 3810 3944
f 3921 3735 3726
f 3726 3735 3723
f 3920 3945 3770
f 3770 3945 3922
f 3521 3524 3774
f 3774 3524 3778
f 3864 3946 3625
f 3625 3946 3947
f 3773 3705 3649
f 3649 3705 3519
f 3779 3778 3758
f 3758 3778 3524
f 3812 3716 3736
f 3736 3716 3715
f 3624 3521 3777
f 3777 3521 3774
f 3703 3856 3704
f 3704 3856 3622
f 3900 3892 3899
f 3899 3892 3891
f 3641 3917 3642
f 3642 3917 3948
f 3895 3669 3882
f 3882 3669 3668
f 3855 3851 3852
f 3852 3851 3850
f 3894 458 3902
f 3902 458 447
f 3781 3887 3660
f 3660 3887 3870
f 3570 3566 3571
f 3571 3566 3567
f 3950 3576 3949
f 3949 3576 3587
f 3605 3602 3614
f 3614 3602 3612
f 3614 3612 3570
f 3570 3612 3566
f 3571 3567 3656
f 3656 3567 3654
f 3660 3658 3781
f 3781 3658 3657
f 3604 3607 3587
f 3587 3607 3949
f 3653 3659 3654
f 3654 3659 3656
f 3529 3540 3530
f 3530 3540 3740
f 3687 3811 3688
f 3688 3811 3664
f 3813 3725 3737
f 3737 3725 3724
f 3919 3815 461
f 461 3815 303
f 3818 3798 3819
f 3819 3798 3797
f 3819 3841 3820
f 3820 3841 3951
f 3816 3815 3738
f 3738 3815 3814
f 3540 3539 3533
f 3533 3539 3549
f 3548 3547 3544
f 3544 3547 3541
f 3539 3548 3549
f 3549 3548 3544
f 3741 3931 3860
f 3860 3931 3846
f 3801 3800 3835
f 3835 3800 3836
f 3934 3933 3824
f 3824 3933 3821
f 3825 3828 3546
f 3546 3828 3547
f 3833 3821 3925
f 3925 3821 3933
f 3800 3828 3836
f 3836 3828 3825
f 3824 3952 3934
f 3934 3952 440
f 3860 3846 3861
f 3861 3846 3845
f 3629 3946 3630
f 3630 3946 3864
f 3740 3536 3861
f 3861 3536 3858
f 3833 3801 3834
f 3834 3801 3835
f 3583 3599 3580
f 3580 3599 3585
f 3651 3563 3652
f 3652 3563 3562
f 3758 3909 3779
f 3779 3909 3780
f 3621 3617 3622
f 3622 3617 3704
f 3625 3947 3626
f 3626 3947 3753
f 3633 3632 3847
f 3847 3632 3862
f 3852 3850 3640
f 3640 3850 3641
f 3644 3853 3640
f 3640 3853 3852
f 3859 3742 3860
f 3860 3742 3741
f 3632 3627 3862
f 3862 3627 3844
f 3755 3863 3626
f 3626 3863 3623
f 3917 3638 3948
f 3948 3638 3637
f 3644 3643 3742
f 3742 3643 3743
f 3931 3633 3846
f 3846 3633 3847
f 3625 3624 3864
f 3864 3624 3777
f 3917 3641 3849
f 3849 3641 3850
f 3744 3932 3741
f 3741 3932 3931
f 3903 446 3918
f 3918 446 464
f 3953 3954 3956
f 3956 3954 3955
f 3958 3959 3957
f 3957 3959 3960
f 3876 3958 3877
f 3877 3958 3957
f 3877 3957 3961
f 3961 3957 3962
f 3963 3964 3958
f 3958 3964 3959
f 3965 3966 3876
f 3876 3966 3958
f 3966 3963 3958
f 3966 3967 3963
f 3963 3967 3968
f 3878 3877 3879
f 3879 3877 3961
f 3967 3969 3968
f 3968 3969 3970
f 3969 3971 3970
f 3970 3971 3972
f 3974 3904 3973
f 3973 3904 3907
f 3971 3975 3972
f 3972 3975 3976
f 3976 3975 3978
f 3978 3975 3977
f 3979 3980 3977
f 3977 3980 3978
f 3981 3982 3979
f 3979 3982 3980
f 3983 3984 3981
f 3981 3984 3982
f 3972 3985 3970
f 3970 3985 3986
f 3871 3987 3969
f 3969 3987 3971
f 3872 3871 3967
f 3967 3871 3969
f 3965 3872 3966
f 3966 3872 3967
f 3970 3986 3968
f 3968 3986 3988
f 3879 3961 3884
f 3884 3961 3940
f 3884 3940 3885
f 3885 3940 3939
f 3989 3990 3992
f 3992 3990 3991
f 3942 3993 3995
f 3995 3993 3994
f 3994 3996 3995
f 3995 3996 3974
f 3997 3998 3994
f 3994 3998 3996
f 3999 3997 3993
f 3993 3997 3994
f 4001 3996 4000
f 4000 3996 3998
f 4000 3998 4002
f 4002 3998 4003
f 4004 4003 3997
f 3997 4003 3998
f 3997 3999 4004
f 4004 3999 4005
f 4006 3995 3973
f 3973 3995 3974
f 3939 3942 4006
f 4006 3942 3995
f 3906 3887 3907
f 3907 3887 3886
f 3887 3906 3870
f 3870 3906 3867
f 3908 3973 3886
f 3886 3973 3907
f 3865 4007 3866
f 3866 4007 4008
f 3984 3983 4009
f 4009 3983 4010
f 3961 3962 3940
f 3940 3962 3941
f 4012 3868 4011
f 4011 3868 3867
f 4013 3975 3987
f 3987 3975 3971
f 4014 3977 4013
f 4013 3977 3975
f 4015 4010 4007
f 4007 4010 3983
f 4007 3983 4008
f 4008 3983 3981
f 4008 3981 4016
f 4016 3981 3979
f 4017 3984 4018
f 4018 3984 4009
f 3977 4014 3979
f 3979 4014 4016
f 3982 3984 4019
f 4019 3984 4017
f 4021 4022 4020
f 4020 4022 4023
f 4022 4012 4023
f 4023 4012 4011
f 4023 3904 4020
f 4020 3904 3974
f 4024 4025 4018
f 4018 4025 4017
f 4026 4027 4024
f 4024 4027 4025
f 4028 4026 4029
f 4029 4026 4024
f 4018 4021 4024
f 4024 4021 4029
f 4030 4031 4026
f 4026 4031 4027
f 4032 4030 4028
f 4028 4030 4026
f 4029 4001 4028
f 4028 4001 4000
f 4028 4000 4032
f 4032 4000 4002
f 4034 4035 4033
f 4033 4035 4036
f 4037 4038 4019
f 4019 4038 4039
f 4041 4039 4040
f 4040 4039 4038
f 4040 4038 4042
f 4042 4038 4036
f 4042 4036 4043
f 4043 4036 4035
f 3985 4044 4046
f 4046 4044 4045
f 4047 4048 4045
f 4045 4048 4046
f 4047 4049 4048
f 4048 4049 4050
f 4042 4047 4040
f 4040 4047 4045
f 4043 4049 4042
f 4042 4049 4047
f 4040 4045 4041
f 4041 4045 4044
f 4052 3959 4051
f 4051 3959 3964
f 4053 4054 4051
f 4051 4054 4055
f 3956 3960 4052
f 4052 3960 3959
f 3953 3956 4056
f 4056 3956 4052
f 4058 3953 4057
f 4057 3953 4056
f 4060 4061 4059
f 4059 4061 4062
f 4063 4064 4054
f 4054 4064 4057
f 4054 4053 4063
f 4063 4053 4065
f 4066 4067 4069
f 4069 4067 4068
f 4048 4050 4063
f 4063 4050 4064
f 4063 4065 4048
f 4048 4065 4046
f 3985 4046 3986
f 3986 4046 4065
f 3986 4065 3988
f 3988 4065 4053
f 3988 4053 3964
f 3964 4053 4051
f 3976 3978 4044
f 4044 3978 4041
f 3980 3982 4039
f 4039 3982 4019
f 4039 4041 3980
f 3980 4041 3978
f 3973 3908 4006
f 4006 3908 3896
f 3885 3939 3896
f 3896 3939 4006
f 4031 4034 4027
f 4027 4034 4033
f 4027 4033 4025
f 4025 4033 4037
f 4019 4017 4037
f 4037 4017 4025
f 3993 3942 4070
f 4070 3942 3941
f 3999 3993 4071
f 4071 3993 4070
f 3999 4071 4005
f 4005 4071 4072
f 4073 4074 4076
f 4076 4074 4075
f 4078 4079 4077
f 4077 4079 4080
f 4082 4080 4081
f 4081 4080 4079
f 4084 4085 4083
f 4083 4085 4086
f 4087 4088 4090
f 4090 4088 4089
f 4092 4093 4091
f 4091 4093 4094
f 4096 4097 4095
f 4095 4097 4098
f 4100 4101 4099
f 4099 4101 4102
f 4103 4104 4106
f 4106 4104 4105
f 4108 4109 4107
f 4107 4109 4110
f 4112 4113 4111
f 4111 4113 4114
f 4116 4117 4115
f 4115 4117 4118
f 4120 4121 4119
f 4119 4121 4122
f 4123 4124 4126
f 4126 4124 4125
f 4127 4128 4130
f 4130 4128 4129
f 4132 4133 4131
f 4131 4133 4134
f 4136 4108 4135
f 4135 4108 4107
f 4138 4139 4137
f 4137 4139 4140
f 4141 4142 4088
f 4088 4142 4089
f 4144 4145 4143
f 4143 4145 4146
f 4148 4149 4147
f 4147 4149 4150
f 4152 4153 4151
f 4151 4153 4154
f 4156 4082 4155
f 4155 4082 4081
f 4157 4158 4160
f 4160 4158 4159
f 4161 4162 4164
f 4164 4162 4163
f 4166 4122 4165
f 4165 4122 4121
f 4168 4152 4167
f 4167 4152 4151
f 4169 4170 4172
f 4172 4170 4171
f 4174 4175 4173
f 4173 4175 4176
f 4178 4149 4177
f 4177 4149 4179
f 4173 4176 4180
f 4180 4176 4181
f 4156 4085 4182
f 4182 4085 4183
f 4182 4184 4156
f 4156 4184 4082
f 4185 4186 4184
f 4184 4186 4187
f 4186 4188 4187
f 4187 4188 4189
f 4190 4191 4073
f 4073 4191 4074
f 4177 4179 4158
f 4158 4179 4159
f 4193 4127 4192
f 4192 4127 4130
f 4144 4194 4151
f 4151 4194 4167
f 4196 4197 4195
f 4195 4197 4198
f 4095 4199 4096
f 4096 4199 4200
f 4201 4202 4204
f 4204 4202 4203
f 4205 4206 4208
f 4208 4206 4207
f 4121 4120 4209
f 4209 4120 4210
f 4212 4213 4211
f 4211 4213 4214
f 4216 4217 4215
f 4215 4217 4218
f 4220 4221 4219
f 4219 4221 4222
f 4224 4196 4223
f 4223 4196 4195
f 4225 4226 4134
f 4134 4226 4131
f 4228 4229 4227
f 4227 4229 4230
f 4232 4233 4231
f 4231 4233 4098
f 4235 4236 4234
f 4234 4236 4237
f 4239 4240 4238
f 4238 4240 4241
f 4242 4243 4245
f 4245 4243 4244
f 4246 4247 4249
f 4249 4247 4248
f 4251 4252 4250
f 4250 4252 4253
f 4255 4256 4254
f 4254 4256 4257
f 4259 4260 4258
f 4258 4260 4261
f 4263 4264 4262
f 4262 4264 4265
f 4267 4268 4266
f 4266 4268 4269
f 4271 4199 4270
f 4270 4199 4272
f 4273 4274 4276
f 4276 4274 4275
f 4115 4118 4277
f 4277 4118 4278
f 4280 4281 4279
f 4279 4281 4282
f 4211 4283 4212
f 4212 4283 4284
f 4286 4287 4285
f 4285 4287 4288
f 4165 4121 4289
f 4289 4121 4209
f 4291 4286 4290
f 4290 4286 4285
f 4293 4294 4292
f 4292 4294 4295
f 4297 4298 4296
f 4296 4298 4299
f 4301 4302 4300
f 4300 4302 4303
f 4299 4304 4296
f 4296 4304 4305
f 4306 4292 4307
f 4307 4292 4295
f 4307 4308 4306
f 4306 4308 4309
f 4310 4309 4075
f 4075 4309 4308
f 4299 4298 4312
f 4312 4298 4311
f 4302 4301 4293
f 4293 4301 4294
f 3735 3921 4313
f 4313 3921 4314
f 4315 4314 3922
f 3922 4314 3921
f 4316 3945 829
f 829 3945 830
f 4289 4317 4165
f 4165 4317 4318
f 4320 4321 4319
f 4319 4321 4322
f 4324 4325 4323
f 4323 4325 4326
f 4327 4328 4330
f 4330 4328 4329
f 4290 4331 4291
f 4291 4331 4332
f 4165 4318 4166
f 4166 4318 4333
f 4334 4335 4337
f 4337 4335 4336
f 4339 4340 4338
f 4338 4340 4341
f 4168 4343 4342
f 4342 4343 4344
f 4346 4347 4345
f 4345 4347 4348
f 4350 4351 4349
f 4349 4351 4352
f 4354 4355 4353
f 4353 4355 4356
f 4357 4358 4324
f 4324 4358 4325
f 4337 4359 4334
f 4334 4359 4360
f 4362 4363 4361
f 4361 4363 4364
f 4366 4367 4365
f 4365 4367 4368
f 4369 4370 4372
f 4372 4370 4371
f 4331 4290 4374
f 4374 4290 4373
f 4373 4376 4375
f 4375 4376 4377
f 4379 4380 4378
f 4378 4380 4381
f 4217 4382 4218
f 4218 4382 4383
f 4385 4386 4384
f 4384 4386 4387
f 4388 4389 4338
f 4338 4389 4390
f 4337 4336 4392
f 4392 4336 4391
f 4394 4362 4393
f 4393 4362 4361
f 4396 4397 4395
f 4395 4397 4398
f 4400 4401 4399
f 4399 4401 4402
f 4345 4403 4346
f 4346 4403 4404
f 4405 4406 4342
f 4342 4406 4407
f 4409 4410 4408
f 4408 4410 4411
f 4408 4412 4409
f 4409 4412 4413
f 4181 4415 4414
f 4414 4415 4416
f 4182 4183 4417
f 4417 4183 4418
f 4419 4353 4311
f 4311 4353 4312
f 4421 4422 4420
f 4420 4422 4423
f 4353 4356 4312
f 4312 4356 4424
f 4166 4333 4425
f 4425 4333 4426
f 4425 4143 4166
f 4166 4143 4122
f 4427 4107 4428
f 4428 4107 4110
f 4429 4430 4174
f 4174 4430 4175
f 4335 4431 4336
f 4336 4431 4390
f 4336 4390 4391
f 4391 4390 4389
f 4432 4433 4435
f 4435 4433 4434
f 4437 4438 4436
f 4436 4438 4439
f 4441 4442 4440
f 4440 4442 4443
f 4359 4444 4361
f 4361 4444 4393
f 4446 4447 4445
f 4445 4447 4448
f 4338 4341 4388
f 4388 4341 4449
f 4450 4451 4398
f 4398 4451 4395
f 4453 4454 4452
f 4452 4454 4455
f 4457 4458 4456
f 4456 4458 4459
f 4460 4461 4448
f 4448 4461 4445
f 4463 4464 4462
f 4462 4464 4465
f 4462 4465 4466
f 4466 4465 4467
f 4468 4469 4467
f 4467 4469 4466
f 4469 4468 4470
f 4470 4468 4471
f 4472 4473 4471
f 4471 4473 4470
f 4475 4476 4474
f 4474 4476 4477
f 4479 4480 4478
f 4478 4480 4481
f 4483 4484 4482
f 4482 4484 4485
f 4487 4488 4486
f 4486 4488 4489
f 4491 4492 4490
f 4490 4492 4493
f 4494 4495 4493
f 4493 4495 4490
f 4496 4497 4494
f 4494 4497 4495
f 4497 4496 4498
f 4498 4496 4499
f 4500 4501 4503
f 4503 4501 4502
f 4505 4506 4504
f 4504 4506 4507
f 4466 4508 4462
f 4462 4508 4509
f 4470 4510 4469
f 4469 4510 4511
f 4513 4479 4512
f 4512 4479 4478
f 4515 4443 4514
f 4514 4443 4442
f 4516 4517 4519
f 4519 4517 4518
f 4521 4495 4520
f 4520 4495 4497
f 4522 4490 4521
f 4521 4490 4495
f 4491 4523 4488
f 4488 4523 4524
f 4525 4489 4524
f 4524 4489 4488
f 4484 4526 4485
f 4485 4526 4527
f 4503 4528 4500
f 4500 4528 4529
f 4530 4531 4533
f 4533 4531 4532
f 4535 4506 4534
f 4534 4506 4530
f 4486 4536 4487
f 4487 4536 4537
f 4487 4537 4492
f 4492 4537 4538
f 4494 4539 4496
f 4496 4539 4540
f 4542 4533 4541
f 4541 4533 4499
f 4544 4545 4543
f 4543 4545 4546
f 4548 4549 4547
f 4547 4549 4550
f 4536 4551 4537
f 4537 4551 4552
f 4537 4552 4538
f 4538 4552 4553
f 4554 4539 4556
f 4556 4539 4555
f 4557 4540 4554
f 4554 4540 4539
f 4559 4557 4558
f 4558 4557 4560
f 4540 4557 4541
f 4541 4557 4559
f 4562 4563 4561
f 4561 4563 4564
f 4546 4565 4543
f 4543 4565 4566
f 4547 4567 4548
f 4548 4567 4568
f 4570 4571 4569
f 4569 4571 4572
f 4574 4575 4573
f 4573 4575 4576
f 4578 4579 4577
f 4577 4579 4580
f 4582 4583 4581
f 4581 4583 4584
f 4585 4586 4588
f 4588 4586 4587
f 4589 4585 4590
f 4590 4585 4588
f 4592 4593 4591
f 4591 4593 4594
f 4596 4597 4595
f 4595 4597 4598
f 4600 4601 4599
f 4599 4601 4602
f 4563 4604 4603
f 4603 4604 4605
f 4603 4606 4608
f 4608 4606 4607
f 4609 4610 4594
f 4594 4610 4591
f 4611 4612 4614
f 4614 4612 4613
f 4616 4617 4615
f 4615 4617 4618
f 4602 4620 4619
f 4619 4620 4621
f 4619 4622 4602
f 4602 4622 4599
f 4605 4599 4623
f 4623 4599 4622
f 4605 4623 4603
f 4603 4623 4606
f 4625 4626 4624
f 4624 4626 4627
f 4438 4437 4628
f 4628 4437 4629
f 4442 4441 4630
f 4630 4441 4631
f 4630 4632 4442
f 4442 4632 4514
f 4633 4634 4529
f 4529 4634 4500
f 4500 4634 4501
f 4501 4634 4635
f 4637 4546 4636
f 4636 4546 4545
f 4639 4565 4638
f 4638 4565 4640
f 4573 4576 4641
f 4641 4576 4642
f 4593 4643 4594
f 4594 4643 4644
f 4645 4609 4644
f 4644 4609 4594
f 4647 4648 4646
f 4646 4648 4649
f 4651 4652 4650
f 4650 4652 4653
f 4654 4498 4519
f 4519 4498 4532
f 4520 4508 4521
f 4521 4508 4511
f 4522 4510 4523
f 4523 4510 4655
f 4524 4656 4525
f 4525 4656 4657
f 4514 4529 4515
f 4515 4529 4528
f 4658 4659 4661
f 4661 4659 4660
f 4496 4540 4499
f 4499 4540 4541
f 4493 4555 4494
f 4494 4555 4539
f 4549 4483 4550
f 4550 4483 4482
f 4545 4544 4501
f 4501 4544 4502
f 4636 4545 4635
f 4635 4545 4501
f 4589 4663 4662
f 4662 4663 4664
f 4662 4665 4558
f 4558 4665 4559
f 4569 4586 4570
f 4570 4586 4560
f 4552 4666 4553
f 4553 4666 4667
f 4668 4669 4670
f 4670 4669 4666
f 4672 4673 4671
f 4671 4673 4674
f 4287 4675 4288
f 4288 4675 4676
f 4678 4679 4677
f 4677 4679 4680
f 4681 4678 4682
f 4682 4678 4677
f 4682 4683 4681
f 4681 4683 4684
f 4161 4164 4685
f 4685 4164 4686
f 4414 4687 4689
f 4689 4687 4688
f 4405 4690 4346
f 4346 4690 4347
f 4691 4399 4693
f 4693 4399 4692
f 1209 4694 4365
f 4365 4694 4366
f 4650 1211 4651
f 4651 1211 1210
f 4695 4696 4255
f 4255 4696 4256
f 4697 4698 4218
f 4218 4698 4215
f 4700 4701 4699
f 4699 4701 4702
f 4703 4704 4303
f 4303 4704 4300
f 4315 3922 4316
f 4316 3922 3945
f 4653 4706 4705
f 4705 4706 4707
f 4709 4710 4708
f 4708 4710 4711
f 4335 4334 4713
f 4713 4334 4712
f 4714 4340 4321
f 4321 4340 4322
f 4716 4717 4715
f 4715 4717 4718
f 4238 4241 4719
f 4719 4241 4720
f 4231 4721 4307
f 4307 4721 4308
f 4723 4724 4722
f 4722 4724 4725
f 4727 4728 4726
f 4726 4728 4729
f 4730 4731 4327
f 4327 4731 4328
f 4733 4734 4732
f 4732 4734 4735
f 4720 4381 4736
f 4736 4381 4737
f 4738 4739 4741
f 4741 4739 4740
f 4743 4744 4742
f 4742 4744 4745
f 4338 4390 4339
f 4339 4390 4431
f 4746 4747 4431
f 4431 4747 4339
f 4291 4332 4289
f 4289 4332 4317
f 4289 4209 4291
f 4291 4209 4286
f 4287 4286 4210
f 4210 4286 4209
f 4749 4750 4748
f 4748 4750 4751
f 4212 4284 4752
f 4752 4284 4753
f 4752 4754 4212
f 4212 4754 4213
f 4252 4251 4225
f 4225 4251 4226
f 4227 4230 4248
f 4248 4230 4249
f 4205 4755 4757
f 4757 4755 4756
f 4708 4711 4758
f 4758 4711 4647
f 4367 4366 4759
f 4759 4366 4760
f 4526 4513 4527
f 4527 4513 4512
f 4420 4423 4385
f 4385 4423 4386
f 4705 4761 4653
f 4653 4761 4650
f 4761 1279 4650
f 4650 1279 1211
f 4762 4763 3944
f 3944 4763 3936
f 4274 4273 4765
f 4765 4273 4764
f 4767 4768 4766
f 4766 4768 4769
f 4770 4771 4769
f 4769 4771 4766
f 4771 4770 4242
f 4242 4770 4243
f 4093 4163 4094
f 4094 4163 4162
f 4772 4773 4775
f 4775 4773 4774
f 4777 4778 4776
f 4776 4778 4779
f 4417 4185 4182
f 4182 4185 4184
f 4780 4078 4781
f 4781 4078 4077
f 4781 4077 4782
f 4782 4077 4189
f 4188 4783 4189
f 4189 4783 4782
f 4295 4232 4307
f 4307 4232 4231
f 4785 4786 4784
f 4784 4786 4787
f 4784 1307 4785
f 4785 1307 1306
f 4078 4780 4096
f 4096 4780 4097
f 4075 4074 4310
f 4310 4074 4788
f 4788 4074 4789
f 4789 4074 4191
f 4789 4191 4059
f 4059 4191 4790
f 4791 4277 4792
f 4792 4277 4278
f 3732 3735 4793
f 4793 3735 4313
f 4793 4794 3732
f 3732 4794 3731
f 4792 4795 4791
f 4791 4795 4796
f 4797 4798 4799
f 4799 4798 4724
f 4763 4800 3936
f 3936 4800 3935
f 4801 4062 3729
f 3729 4062 3730
f 4713 4712 4802
f 4802 4712 4803
f 4146 4804 4119
f 4119 4804 4805
f 4498 4654 4497
f 4497 4654 4520
f 4806 4807 1326
f 1326 4807 1327
f 4689 4688 1330
f 1330 4688 1331
f 4801 4789 4062
f 4062 4789 4059
f 3730 4062 4808
f 4808 4062 4061
f 4810 4811 4809
f 4809 4811 4812
f 4813 4403 4814
f 4814 4403 4345
f 4815 4816 4349
f 4349 4816 4350
f 4817 4818 4820
f 4820 4818 4819
f 4406 4821 4407
f 4407 4821 4822
f 4823 4161 4824
f 4824 4161 4685
f 4181 4414 4825
f 4825 4414 4689
f 4741 4740 4826
f 4826 4740 4827
f 4828 4829 4827
f 4827 4829 4826
f 4142 4141 4415
f 4415 4141 4148
f 4830 1354 4761
f 4761 1354 1279
f 4832 4833 4831
f 4831 4833 4834
f 4835 4836 4626
f 4626 4836 4421
f 4451 4709 4395
f 4395 4709 4708
f 4627 4420 4837
f 4837 4420 4385
f 4837 1365 4838
f 4838 1365 1364
f 4397 4396 4839
f 4839 4396 4840
f 4842 4628 4841
f 4841 4628 4629
f 4671 4674 4631
f 4631 4674 4630
f 4674 4659 4630
f 4630 4659 4632
f 4633 4632 4658
f 4658 4632 4659
f 4658 4504 4633
f 4633 4504 4634
f 4635 4634 4507
f 4507 4634 4504
f 4843 4636 4507
f 4507 4636 4635
f 4844 4637 4843
f 4843 4637 4636
f 4637 4844 4640
f 4640 4844 4664
f 4638 4663 4642
f 4642 4663 4845
f 4847 4643 4846
f 4846 4643 4641
f 4644 4848 4645
f 4645 4848 4849
f 4851 4852 4850
f 4850 4852 4853
f 4855 4856 4854
f 4854 4856 4857
f 4859 4860 4858
f 4858 4860 4857
f 4715 4718 4859
f 4859 4718 4860
f 4862 4863 4861
f 4861 4863 4864
f 4866 4867 4865
f 4865 4867 4868
f 4870 4871 4869
f 4869 4871 4872
f 4869 4872 4116
f 4116 4872 4117
f 4820 4819 4874
f 4874 4819 4873
f 4876 4877 4875
f 4875 4877 4878
f 4880 4881 4879
f 4879 4881 4882
f 4884 4885 4883
f 4883 4885 4886
f 4887 4888 4280
f 4280 4888 4281
f 4818 4817 4889
f 4889 4817 4890
f 4891 4193 4823
f 4823 4193 4192
f 4892 4893 4228
f 4228 4893 4229
f 4158 4157 4894
f 4894 4157 4895
f 4896 4897 4132
f 4132 4897 4133
f 4099 4683 4100
f 4100 4683 4682
f 4101 4100 4899
f 4899 4100 4898
f 4150 4106 4147
f 4147 4106 4900
f 4100 4682 4898
f 4898 4682 4677
f 4080 4082 4187
f 4187 4082 4184
f 4077 4080 4189
f 4189 4080 4187
f 4191 4190 4790
f 4790 4190 4901
f 4177 4158 4680
f 4680 4158 4894
f 4108 4136 4752
f 4752 4136 4754
f 4752 4753 4108
f 4108 4753 4109
f 4817 4902 4890
f 4890 4902 4903
f 4904 4905 4907
f 4907 4905 4906
f 4909 4910 4908
f 4908 4910 4911
f 4913 4914 4912
f 4912 4914 4915
f 4916 4917 4919
f 4919 4917 4918
f 4312 4424 4299
f 4299 4424 4304
f 4920 4921 4297
f 4297 4921 4298
f 4194 4922 4167
f 4167 4922 4923
f 4924 4400 4691
f 4691 4400 4399
f 4395 4708 4396
f 4396 4708 4758
f 4367 4925 4368
f 4368 4925 4926
f 4919 4918 4873
f 4873 4918 4874
f 4836 4927 4421
f 4421 4927 4422
f 4921 4928 4298
f 4298 4928 4311
f 4143 4146 4122
f 4122 4146 4119
f 4929 4930 4455
f 4455 4930 4452
f 4932 4933 4931
f 4931 4933 4934
f 4935 4936 4932
f 4932 4936 4933
f 4461 4460 4457
f 4457 4460 4458
f 4480 4479 4475
f 4475 4479 4476
f 4660 4673 4517
f 4517 4673 4937
f 4661 4505 4658
f 4658 4505 4504
f 4484 4483 4489
f 4489 4483 4486
f 4462 4509 4463
f 4463 4509 4518
f 4469 4511 4466
f 4466 4511 4508
f 4655 4473 4656
f 4656 4473 4477
f 4476 4657 4477
f 4477 4657 4656
f 4479 4513 4476
f 4476 4513 4657
f 4489 4525 4484
f 4484 4525 4526
f 4483 4549 4486
f 4486 4549 4536
f 4549 4548 4536
f 4536 4548 4551
f 4548 4568 4551
f 4551 4568 4670
f 4663 4589 4845
f 4845 4589 4590
f 4668 4577 4938
f 4938 4577 4580
f 4940 4938 4939
f 4939 4938 4941
f 4940 4942 4669
f 4669 4942 4943
f 4587 4582 4944
f 4944 4582 4581
f 4848 4847 4608
f 4608 4847 4564
f 4616 4945 4613
f 4613 4945 4598
f 4615 4946 4616
f 4616 4946 4945
f 4947 4939 4948
f 4948 4939 4946
f 4599 4605 4600
f 4600 4605 4604
f 4608 4607 4848
f 4848 4607 4849
f 4613 4612 4616
f 4616 4612 4617
f 4835 4949 4709
f 4709 4949 4710
f 4357 1477 4837
f 4837 1477 1365
f 4712 4950 4803
f 4803 4950 4951
f 4401 4952 4402
f 4402 4952 4953
f 4759 4760 4402
f 4402 4760 4399
f 4508 4520 4509
f 4509 4520 4654
f 4510 4522 4511
f 4511 4522 4521
f 4513 4526 4657
f 4657 4526 4525
f 4632 4633 4514
f 4514 4633 4529
f 4931 4934 4453
f 4453 4934 4454
f 4153 4954 4154
f 4154 4954 4955
f 4957 4958 4956
f 4956 4958 4959
f 4961 4962 4960
f 4960 4962 4963
f 4120 4964 4210
f 4210 4964 4965
f 4967 4968 4966
f 4966 4968 4969
f 4349 4692 4815
f 4815 4692 4970
f 4652 4971 4653
f 4653 4971 4706
f 4758 4647 4972
f 4972 4647 4646
f 4973 4363 4646
f 4646 4363 4972
f 4950 4360 4974
f 4974 4360 4364
f 4431 4335 4746
f 4746 4335 4713
f 4358 4714 4325
f 4325 4714 4321
f 4765 4764 4266
f 4266 4764 4975
f 4202 4976 4203
f 4203 4976 4977
f 4917 4978 4918
f 4918 4978 4979
f 4279 4282 4854
f 4854 4282 4269
f 4820 4880 4817
f 4817 4880 4902
f 4890 4903 4980
f 4980 4903 4886
f 4982 4983 4981
f 4981 4983 4123
f 4795 4851 4796
f 4796 4851 4850
f 4918 4979 4874
f 4874 4979 4881
f 4809 4404 4810
f 4810 4404 4403
f 4354 4985 4984
f 4984 4985 4986
f 1364 1516 4838
f 4838 1516 4987
f 4759 4988 4367
f 4367 4988 4925
f 4989 4990 4481
f 4481 4990 4478
f 4443 4515 4990
f 4990 4515 4991
f 4527 4512 4992
f 4992 4512 4991
f 4528 4503 4992
f 4992 4503 4993
f 4993 4994 4485
f 4485 4994 4482
f 4544 4995 4502
f 4502 4995 4994
f 4995 4996 4550
f 4550 4996 4547
f 4998 4999 4997
f 4997 4999 4566
f 4998 5000 4578
f 4578 5000 4579
f 5001 5002 4596
f 4596 5002 4597
f 5003 4591 5004
f 5004 4591 4610
f 4626 4421 4627
f 4627 4421 4420
f 4837 4838 4627
f 4627 4838 4624
f 4761 4705 4830
f 4830 4705 5005
f 4705 4707 5005
f 5005 4707 5006
f 4308 4721 4075
f 4075 4721 4076
f 5007 4200 4797
f 4797 4200 4798
f 4685 4686 5008
f 5008 4686 5009
f 4889 4890 5010
f 5010 4890 4980
f 4323 1541 4324
f 4324 1541 1540
f 4385 4384 4358
f 4358 4384 4714
f 4396 4758 4840
f 4840 4758 4972
f 4866 4852 5011
f 5011 4852 5012
f 5013 4260 4980
f 4980 4260 5010
f 4875 4878 5014
f 5014 4878 5015
f 5017 5018 5016
f 5016 5018 5019
f 5016 5019 5020
f 5020 5019 5021
f 5023 5024 5022
f 5022 5024 5025
f 5027 5028 5026
f 5026 5028 5029
f 5031 5032 5030
f 5030 5032 5033
f 5035 5036 5034
f 5034 5036 5037
f 5039 5040 5038
f 5038 5040 5041
f 5043 5044 5042
f 5042 5044 5045
f 5038 5046 5039
f 5039 5046 5047
f 5049 5050 5048
f 5048 5050 5051
f 5053 5054 5052
f 5052 5054 5055
f 5057 5024 5056
f 5056 5024 5058
f 5060 5061 5059
f 5059 5061 5062
f 5064 5065 5063
f 5063 5065 5066
f 5043 5050 5064
f 5064 5050 5065
f 5038 5041 5067
f 5067 5041 5068
f 5070 5071 5069
f 5069 5071 5072
f 5074 5075 5073
f 5073 5075 5076
f 5034 5077 5035
f 5035 5077 5078
f 5080 5081 5079
f 5079 5081 5082
f 5084 5085 5083
f 5083 5085 5086
f 5085 5084 5087
f 5087 5084 5088
f 5090 5091 5089
f 5089 5091 5092
f 5094 5095 5093
f 5093 5095 5096
f 5098 5099 5097
f 5097 5099 5100
f 5102 5103 5101
f 5101 5103 5104
f 5105 5106 5108
f 5108 5106 5107
f 5110 5111 5109
f 5109 5111 5112
f 5114 5094 5113
f 5113 5094 5093
f 5116 5117 5115
f 5115 5117 5118
f 5120 5121 5119
f 5119 5121 5122
f 5124 5125 5123
f 5123 5125 5126
f 5128 5129 5127
f 5127 5129 5130
f 5097 5131 5098
f 5098 5131 5132
f 5134 5135 5133
f 5133 5135 5122
f 5084 5125 5088
f 5088 5125 5136
f 5138 5139 5137
f 5137 5139 5140
f 5142 5102 5141
f 5141 5102 5101
f 5106 5143 5107
f 5107 5143 5144
f 5146 5147 5145
f 5145 5147 5148
f 5149 5150 5109
f 5109 5150 5110
f 5151 5110 5152
f 5152 5110 5150
f 4715 5140 4716
f 4716 5140 5139
f 5143 4870 5144
f 5144 4870 4869
f 4115 5146 4116
f 4116 5146 5145
f 4791 4796 5149
f 5149 4796 5150
f 4796 4850 5150
f 5150 4850 5152
f 4858 5142 4859
f 4859 5142 5141
f 5153 5154 5115
f 5115 5154 5105
f 5156 5157 5155
f 5155 5157 5158
f 5159 5160 5053
f 5053 5160 5054
f 5161 5162 5020
f 5020 5162 5068
f 5026 5029 5163
f 5163 5029 5021
f 5083 5086 5164
f 5164 5086 5165
f 5090 5167 5166
f 5166 5167 5168
f 5169 5170 5172
f 5172 5170 5171
f 5174 5175 5173
f 5173 5175 5176
f 5177 5109 5178
f 5178 5109 5112
f 5179 5180 5182
f 5182 5180 5181
f 5123 5126 5120
f 5120 5126 5121
f 5180 5167 5181
f 5181 5167 5183
f 5184 5185 5179
f 5179 5185 5180
f 5186 5149 5177
f 5177 5149 5109
f 4868 5184 4865
f 4865 5184 5179
f 5188 5189 5187
f 5187 5189 5190
f 4277 4791 5186
f 5186 4791 5149
f 5179 5182 4865
f 4865 5182 4853
f 5189 4862 5190
f 5190 4862 4861
f 5156 5075 5191
f 5191 5075 5192
f 5036 5035 5193
f 5193 5035 5194
f 5115 5118 5153
f 5153 5118 5195
f 5022 5025 5196
f 5196 5025 5197
f 5155 5158 5069
f 5069 5158 5062
f 5063 5066 5198
f 5198 5066 5199
f 5073 5076 5200
f 5200 5076 5072
f 5202 5131 5201
f 5201 5131 5203
f 5143 5106 5204
f 5204 5106 5205
f 5114 5113 5206
f 5206 5113 5127
f 5098 5132 5193
f 5193 5132 5195
f 5204 5207 5143
f 5143 5207 4870
f 5088 5136 5208
f 5208 5136 5092
f 5209 5210 5089
f 5089 5210 5183
f 5211 5018 5060
f 5060 5018 5061
f 5017 5040 5070
f 5070 5040 5071
f 5191 5160 5156
f 5156 5160 5157
f 5048 5028 5049
f 5049 5028 5058
f 5207 5204 4858
f 4858 5204 5142
f 4859 5141 4715
f 4715 5141 5140
f 5212 5162 5042
f 5042 5162 5051
f 5182 5152 4853
f 4853 5152 4850
f 5214 5134 5213
f 5213 5134 5133
f 5164 5165 5133
f 5133 5165 5213
f 5215 5216 5201
f 5201 5216 5217
f 5147 5218 5148
f 5148 5218 5219
f 5147 5177 5218
f 5218 5177 5178
f 5141 5101 5140
f 5140 5101 5137
f 5201 5217 5202
f 5202 5217 5104
f 5146 5186 5147
f 5147 5186 5177
f 4277 5186 4115
f 4115 5186 5146
f 5191 5192 5031
f 5031 5192 5032
f 5052 5055 5220
f 5220 5055 5197
f 4116 5145 4869
f 4869 5145 5144
f 5034 5037 5214
f 5214 5037 5134
f 5097 5100 5114
f 5114 5100 5094
f 5108 5107 5219
f 5219 5107 5148
f 5221 5135 5116
f 5116 5135 5117
f 5124 5111 5209
f 5209 5111 5210
f 5107 5144 5148
f 5148 5144 5145
f 5152 5182 5151
f 5151 5182 5181
f 5208 5222 5088
f 5088 5222 5087
f 5222 5208 5171
f 5171 5208 5172
f 5223 1756 4698
f 4698 1756 1755
f 4427 5224 4107
f 4107 5224 4135
f 4178 4679 5225
f 5225 4679 5226
f 5227 5228 4892
f 4892 5228 4893
f 5229 5230 4171
f 4171 5230 4172
f 4855 4268 4884
f 4884 4268 4885
f 4884 4871 4855
f 4855 4871 4856
f 4684 5231 4896
f 4896 5231 4897
f 4768 4767 5009
f 5009 4767 5008
f 5205 5154 5102
f 5102 5154 5103
f 5099 5098 5194
f 5194 5098 5193
f 5198 5199 5079
f 5079 5199 5033
f 5102 5142 5205
f 5205 5142 5204
f 5224 4427 4681
f 4681 4427 4678
f 3712 3711 5232
f 5232 3711 5233
f 3968 3988 3963
f 3963 3988 3964
f 3976 4044 3972
f 3972 4044 3985
f 4038 4037 4036
f 4036 4037 4033
f 4794 4762 3731
f 3731 4762 3944
f 3731 3944 3722
f 3722 3944 3810
f 3874 5234 5232
f 5232 5234 3712
f 3906 3905 3867
f 3867 3905 4011
f 3904 4023 3905
f 3905 4023 4011
f 3719 3722 3811
f 3811 3722 3810
f 3812 3719 3687
f 3687 3719 3811
f 3716 3812 3686
f 3686 3812 3687
f 3713 3716 3685
f 3685 3716 3686
f 4810 4403 5235
f 5235 4403 4813
f 4345 1770 4814
f 4814 1770 1769
f 4067 4066 4058
f 4058 4066 5236
f 4043 4068 4049
f 4049 4068 4050
f 4034 5237 3989
f 3989 5237 3990
f 4031 4030 4072
f 4072 4030 4005
f 4003 4004 4002
f 4002 4004 4032
f 4004 4005 4032
f 4032 4005 4030
f 4067 4064 4068
f 4068 4064 4050
f 4058 4057 4067
f 4067 4057 4064
f 4035 4034 5238
f 5238 4034 3989
f 5236 5239 4058
f 4058 5239 5240
f 5234 3874 5241
f 5241 3874 3873
f 5241 3873 3881
f 3881 3873 3878
f 4800 4763 4788
f 4788 4763 4310
f 4763 4762 4310
f 4310 4762 4309
f 4762 4794 4309
f 4309 4794 4306
f 4794 4793 4306
f 4306 4793 4292
f 4293 4313 4302
f 4302 4313 4314
f 4302 4314 4303
f 4303 4314 4315
f 4303 4315 4703
f 4703 4315 4316
f 4035 4069 4043
f 4043 4069 4068
f 4324 1540 4357
f 4357 1540 1477
f 5232 3987 3874
f 3874 3987 3871
f 3987 5232 4013
f 4013 5232 5233
f 4013 5233 4014
f 4014 5233 5242
f 3888 4015 3865
f 3865 4015 4007
f 3866 4008 5243
f 5243 4008 4016
f 3873 5244 3878
f 3878 5244 3875
f 3965 5244 3872
f 3872 5244 3873
f 3876 3875 3965
f 3965 3875 5244
f 5243 4016 5242
f 5242 4016 4014
f 5246 5247 5245
f 5245 5247 5248
f 3576 3950 3577
f 3577 3950 3926
f 3584 3842 3585
f 3585 3842 3580
f 5249 5247 1784
f 1784 5247 1785
f 5250 5251 5253
f 5253 5251 5252
f 5255 5252 5254
f 5254 5252 5256
f 5254 5256 5258
f 5258 5256 5257
f 5258 5257 5260
f 5260 5257 5259
f 4356 5261 4424
f 4424 5261 5259
f 4355 5262 4356
f 4356 5262 5261
f 4924 5264 5263
f 5263 5264 5265
f 4693 5266 4691
f 4691 5266 5267
f 4351 5268 4352
f 4352 5268 5269
f 1808 1807 4351
f 4351 1807 5268
f 3580 3842 3581
f 3799 3802 3838
f 4800 4788 4801
f 4801 4788 4789
f 3729 3935 4801
f 4801 3935 4800
f 3728 3666 3729
f 3729 3666 3935
f 3728 3798 3666
f 3666 3798 3663
f 3798 3818 3663
f 3663 3818 3809
f 3818 3817 3809
f 3809 3817 3808
f 3796 3655 3817
f 3817 3655 3808
f 3615 3568 3796
f 3796 3568 3655
f 3573 3569 3615
f 3615 3569 3568
f 3572 3613 3573
f 3573 3613 3569
f 3792 3606 3572
f 3572 3606 3613
f 3607 3791 3949
f 3949 3791 3591
f 3590 3950 3591
f 3591 3950 3949
f 3805 3926 3590
f 3590 3926 3950
f 3804 3559 3805
f 3805 3559 3926
f 3804 3914 3559
f 3559 3914 3560
f 3924 3789 3913
f 3913 3789 3788
f 3924 3928 3789
f 3789 3928 3826
f 3928 3927 3826
f 3826 3927 3827
f 3927 3834 3827
f 3827 3834 3835
f 4079 4078 5270
f 5270 4078 5007
f 5271 5272 4233
f 4233 5272 5273
f 5275 5276 5274
f 5274 5276 5277
f 5278 5279 4236
f 4236 5279 4237
f 5278 5280 5271
f 5271 5280 5272
f 4235 5281 4236
f 4236 5281 5282
f 5284 5285 5283
f 5283 5285 5286
f 5288 5289 5287
f 5287 5289 5290
f 5292 5293 5291
f 5291 5293 5294
f 5287 5290 4726
f 4726 5290 5295
f 4293 4292 4313
f 4313 4292 4793
f 4720 4736 4719
f 4719 4736 5296
f 5297 4909 5298
f 5298 4909 4908
f 5299 5300 4976
f 4976 5300 5301
f 5302 4202 5303
f 5303 4202 4201
f 5304 5305 4983
f 4983 5305 5306
f 5308 5309 5307
f 5307 5309 5310
f 4722 4725 5283
f 5283 4725 5311
f 5291 5294 4125
f 4125 5294 4126
f 5313 5314 5312
f 5312 5314 5315
f 5316 5317 5319
f 5319 5317 5318
f 5321 5308 5320
f 5320 5308 5307
f 4819 4981 4873
f 4873 4981 5322
f 4981 4123 5322
f 5322 4123 4126
f 5324 5325 5323
f 5323 5325 5326
f 4764 5327 4975
f 4975 5327 5328
f 4172 5327 4169
f 4169 5327 5329
f 4768 4171 4769
f 4769 4171 4170
f 4243 4755 4244
f 4244 4755 5330
f 4755 4205 5330
f 5330 4205 4208
f 4206 4906 4207
f 4207 4906 4905
f 4686 5014 5009
f 5009 5014 5229
f 4756 4770 4170
f 4170 4770 4769
f 4170 4169 4756
f 4756 4169 4757
f 4273 5329 4764
f 4764 5329 5327
f 4276 5331 4273
f 4273 5331 5329
f 4770 4756 4243
f 4243 4756 4755
f 5333 4889 5332
f 5332 4889 5010
f 4877 5332 4878
f 4878 5332 4259
f 4875 4164 4876
f 4876 4164 4163
f 5334 5335 5324
f 5324 5335 5325
f 4983 5306 4123
f 4123 5306 4124
f 4818 4982 4819
f 4819 4982 4981
f 5332 5010 4259
f 4259 5010 4260
f 5014 4686 4875
f 4875 4686 4164
f 4171 4768 5229
f 5229 4768 5009
f 5337 4916 5336
f 5336 4916 4919
f 5293 5337 5294
f 5294 5337 5336
f 4982 4818 5333
f 5333 4818 4889
f 5338 5339 4262
f 4262 5339 5340
f 5307 5310 5338
f 5338 5310 5339
f 5341 5342 4204
f 4204 5342 5309
f 5336 4919 5322
f 5322 4919 4873
f 5294 5336 4126
f 4126 5336 5322
f 5323 5326 5343
f 5343 5326 5286
f 4914 5344 4915
f 4915 5344 5345
f 5312 5315 5344
f 5344 5315 5345
f 5347 5348 5346
f 5346 5348 5349
f 5350 5351 4832
f 4832 5351 4833
f 5352 5353 5349
f 5349 5353 5346
f 5354 5338 4265
f 4265 5338 4262
f 5320 5307 5354
f 5354 5307 5338
f 4201 5308 5303
f 5303 5308 5321
f 5356 5357 5355
f 5355 5357 4799
f 5358 5359 5334
f 5334 5359 5335
f 5358 5360 4093
f 4093 5360 4163
f 5360 5305 4163
f 4163 5305 4876
f 5305 5304 4876
f 4876 5304 4877
f 5270 4778 4079
f 4079 4778 4081
f 4779 5361 4774
f 4774 5361 5357
f 5356 5359 4775
f 4775 5359 4092
f 5333 5304 4982
f 4982 5304 4983
f 5332 4877 5333
f 5333 4877 5304
f 5015 4258 5230
f 5230 4258 5328
f 5327 4172 5328
f 5328 4172 5230
f 4169 5329 4757
f 4757 5329 5331
f 4757 5331 4205
f 4205 5331 4206
f 5331 4276 4206
f 4206 4276 4906
f 4276 4275 4906
f 4906 4275 4907
f 4275 4888 4907
f 4907 4888 4744
f 4887 4717 4745
f 4745 4717 4864
f 4716 5139 4861
f 4861 5139 5190
f 5139 5138 5190
f 5190 5138 5187
f 5138 5216 5187
f 5187 5216 5176
f 5215 5362 5173
f 5173 5362 5130
f 5364 5365 5363
f 5363 5365 5340
f 4742 4863 5366
f 5366 4863 4867
f 4862 5189 4868
f 4868 5189 5184
f 5189 5188 5184
f 5184 5188 5185
f 5188 5175 5185
f 5185 5175 5168
f 3560 3788 3561
f 3561 3788 3790
f 3596 3595 3608
f 3608 3595 3594
f 3598 3582 3595
f 3595 3582 3592
f 3600 3609 3601
f 3601 3609 3611
f 3602 3601 3612
f 3612 3601 3611
f 3606 3605 3613
f 3613 3605 3614
f 3793 5367 3794
f 3794 5367 5368
f 3598 3597 3600
f 3600 3597 3609
f 3793 3792 3575
f 3575 3792 3572
f 3561 3594 3558
f 3558 3594 3593
f 3807 3915 3804
f 3804 3915 3914
f 3916 3915 5370
f 5370 3915 5369
f 3602 3605 3603
f 3603 3605 3604
f 3606 3792 3607
f 3607 3792 3791
f 3914 3913 3560
f 3560 3913 3788
f 5174 5129 5166
f 5166 5129 5371
f 5170 5169 5093
f 5093 5169 5113
f 5166 5371 5090
f 5090 5371 5091
f 5128 5169 5372
f 5372 5169 5172
f 5127 5113 5128
f 5128 5113 5169
f 5114 5206 5203
f 5203 5206 5362
f 5200 5373 5073
f 5073 5373 5096
f 5374 5375 5200
f 5200 5375 5373
f 5039 5047 5374
f 5374 5047 5375
f 5087 5046 5085
f 5085 5046 5376
f 5212 5377 5067
f 5067 5377 5376
f 5042 5045 5212
f 5212 5045 5377
f 5064 5378 5043
f 5043 5378 5044
f 5063 5077 5064
f 5064 5077 5378
f 5079 5082 5198
f 5198 5082 5078
f 5099 5081 5100
f 5100 5081 5379
f 5100 5379 5094
f 5094 5379 5095
f 5381 5382 5380
f 5380 5382 5383
f 5385 5386 5384
f 5384 5386 5383
f 5385 5387 5386
f 5386 5387 5388
f 5390 5391 5389
f 5389 5391 5392
f 5393 5394 5396
f 5396 5394 5395
f 5398 5399 5397
f 5397 5399 5400
f 5402 5403 5401
f 5401 5403 5404
f 5406 5407 5405
f 5405 5407 5404
f 5408 5409 5163
f 5163 5409 5410
f 5411 5412 5414
f 5414 5412 5413
f 5057 5416 5415
f 5415 5416 5417
f 5393 5416 5418
f 5418 5416 5419
f 5396 5395 5420
f 5420 5395 5421
f 5423 5424 5422
f 5422 5424 5425
f 5415 5417 5220
f 5220 5417 5426
f 5418 5391 5393
f 5393 5391 5394
f 5414 5388 5411
f 5411 5388 5392
f 5059 5427 5060
f 5060 5427 5428
f 5423 5427 5429
f 5429 5427 5430
f 5432 5382 5431
f 5431 5382 5425
f 5429 5407 5423
f 5423 5407 5424
f 5380 5409 5381
f 5381 5409 5433
f 5381 5433 5422
f 5422 5433 5428
f 5027 5412 5056
f 5056 5412 5419
f 5435 5436 5434
f 5434 5436 5437
f 5159 5439 5438
f 5438 5439 5440
f 5053 5436 5159
f 5159 5436 5439
f 5441 5403 5398
f 5398 5403 5399
f 5163 5410 5026
f 5026 5410 5413
f 5438 5440 5442
f 5442 5440 5430
f 5444 5445 5443
f 5443 5445 5446
f 5447 5448 5450
f 5450 5448 5449
f 5451 5446 5452
f 5452 5446 5445
f 5454 5455 5453
f 5453 5455 5451
f 5456 5454 5458
f 5458 5454 5457
f 5460 5461 5459
f 5459 5461 5462
f 5464 5465 5463
f 5463 5465 5466
f 5468 5469 5467
f 5467 5469 5470
f 5472 5473 5471
f 5471 5473 5474
f 5475 5476 5478
f 5478 5476 5477
f 5479 5480 5482
f 5482 5480 5481
f 5483 5484 5448
f 5448 5484 5485
f 5448 5485 5449
f 5449 5485 5486
f 5487 5476 5488
f 5488 5476 5475
f 5490 5491 5489
f 5489 5491 5492
f 5494 5495 5493
f 5493 5495 5496
f 5498 5494 5497
f 5497 5494 5493
f 5500 5501 5499
f 5499 5501 5502
f 5503 5504 5446
f 5446 5504 5443
f 5506 5507 5505
f 5505 5507 5508
f 5510 5511 5509
f 5509 5511 5512
f 5514 5515 5513
f 5513 5515 5516
f 5518 5519 5517
f 5517 5519 5520
f 5495 5521 5496
f 5496 5521 5522
f 5524 5525 5523
f 5523 5525 5526
f 5527 5528 5494
f 5494 5528 5495
f 5499 5502 5529
f 5529 5502 5530
f 5531 5532 5485
f 5485 5532 5486
f 5485 5484 5531
f 5531 5484 5533
f 5482 5481 5534
f 5534 5481 5535
f 5536 5512 5506
f 5506 5512 5511
f 5455 5503 5451
f 5451 5503 5446
f 5467 5470 5511
f 5511 5470 5537
f 5538 5467 5510
f 5510 5467 5511
f 5540 5541 5539
f 5539 5541 5542
f 5543 5544 5546
f 5546 5544 5545
f 5548 5472 5547
f 5547 5472 5471
f 5493 5496 5549
f 5549 5496 5550
f 5496 5522 5550
f 5550 5522 5551
f 5553 5554 5552
f 5552 5554 5555
f 5557 5447 5556
f 5556 5447 5558
f 5557 5483 5447
f 5447 5483 5448
f 5478 5477 5553
f 5553 5477 5559
f 5477 5560 5559
f 5559 5560 5561
f 5476 5562 5477
f 5477 5562 5560
f 5476 5487 5562
f 5562 5487 5563
f 5560 5564 5561
f 5561 5564 5565
f 5564 5560 5566
f 5566 5560 5562
f 5563 5567 5562
f 5562 5567 5566
f 5569 5521 5568
f 5568 5521 5570
f 5481 5572 5571
f 5571 5572 5573
f 5574 5535 5571
f 5571 5535 5481
f 5576 5577 5575
f 5575 5577 5578
f 5579 5580 5456
f 5456 5580 5581
f 5475 5582 5488
f 5488 5582 5583
f 5584 5536 5505
f 5505 5536 5506
f 5585 5586 5588
f 5588 5586 5587
f 5590 5591 5589
f 5589 5591 5592
f 5519 5593 5520
f 5520 5593 5594
f 5595 5596 5462
f 5462 5596 5597
f 5599 5600 5598
f 5598 5600 5514
f 5602 5603 5601
f 5601 5603 5604
f 5524 5543 5525
f 5525 5543 5546
f 5543 5524 5606
f 5606 5524 5605
f 5607 5608 5500
f 5500 5608 5501
f 5610 5551 5609
f 5609 5551 5522
f 5611 5510 5598
f 5598 5510 5509
f 5612 5597 5457
f 5457 5597 5458
f 5510 5611 5538
f 5538 5611 5613
f 5580 5508 5581
f 5581 5508 5507
f 5615 5616 5614
f 5614 5616 5617
f 5619 5620 5618
f 5618 5620 5621
f 5623 5624 5622
f 5622 5624 5625
f 5627 5624 5626
f 5626 5624 5623
f 5629 5630 5628
f 5628 5630 5631
f 5633 5634 5632
f 5632 5634 5466
f 5635 5636 5463
f 5463 5636 5637
f 5523 5638 5524
f 5524 5638 5605
f 5639 5640 5641
f 5641 5640 5595
f 5611 5513 5613
f 5613 5513 5642
f 5643 5586 5608
f 5608 5586 5501
f 5622 5625 5590
f 5590 5625 5591
f 5598 5514 5611
f 5611 5514 5513
f 5645 5646 5644
f 5644 5646 5647
f 5620 5619 5491
f 5491 5619 5648
f 5649 5643 5492
f 5492 5643 5608
f 5650 5651 5653
f 5653 5651 5652
f 5463 5466 5635
f 5635 5466 5634
f 5597 5612 5462
f 5462 5612 5459
f 5635 5634 5523
f 5523 5634 5638
f 5654 5638 5633
f 5633 5638 5634
f 5655 5656 5525
f 5525 5656 5526
f 5658 5659 5657
f 5657 5659 5527
f 5660 5464 5637
f 5637 5464 5463
f 5632 5466 5661
f 5661 5466 5465
f 5661 5662 5632
f 5632 5662 5658
f 5662 5663 5658
f 5658 5663 5659
f 5665 5659 5664
f 5664 5659 5663
f 5632 5658 5633
f 5633 5658 5657
f 5666 5629 5530
f 5530 5629 5667
f 5528 5527 5665
f 5665 5527 5659
f 5668 5669 5570
f 5570 5669 5568
f 5669 5668 5670
f 5670 5668 5671
f 5646 5672 5673
f 5672 5674 5673
f 5673 5674 5675
f 5674 5460 5675
f 5675 5460 5459
f 5461 5676 5462
f 5462 5676 5595
f 5677 5678 5680
f 5680 5678 5679
f 5628 5681 5629
f 5629 5681 5667
f 5682 5529 5667
f 5667 5529 5530
f 5675 5459 5683
f 5683 5459 5612
f 5585 5666 5502
f 5502 5666 5530
f 5589 5684 5602
f 5602 5684 5603
f 5646 5645 5663
f 5663 5645 5664
f 5685 5647 5673
f 5673 5647 5646
f 5686 5687 5683
f 5683 5687 5685
f 5688 5689 5533
f 5533 5689 5531
f 5690 5691 5535
f 5535 5691 5534
f 5692 5690 5574
f 5574 5690 5535
f 5685 5687 5689
f 5689 5687 5693
f 5489 5694 5490
f 5490 5694 5695
f 5690 5692 5696
f 5696 5692 5697
f 5696 5644 5690
f 5690 5644 5691
f 5447 5450 5558
f 5558 5450 5698
f 5699 5700 5642
f 5642 5700 5613
f 5701 5702 5540
f 5540 5702 5541
f 5431 5703 5432
f 5432 5703 5697
f 5385 5384 5574
f 5574 5384 5692
f 5389 5387 5573
f 5573 5387 5571
f 5565 5390 5573
f 5573 5390 5389
f 5390 5565 5704
f 5704 5565 5564
f 5566 5705 5564
f 5564 5705 5704
f 5569 5441 5609
f 5609 5441 5398
f 5568 5405 5569
f 5569 5405 5441
f 5670 5706 5669
f 5669 5706 5406
f 5703 5431 5670
f 5670 5431 5706
f 5432 5697 5384
f 5384 5697 5692
f 5574 5571 5385
f 5385 5571 5387
f 5607 5707 5489
f 5489 5707 5694
f 5518 5708 5519
f 5519 5708 5709
f 5711 5576 5710
f 5710 5576 5575
f 5713 5714 5712
f 5712 5714 5715
f 5553 5552 5478
f 5478 5552 5716
f 5717 5475 5716
f 5716 5475 5478
f 5718 5719 5605
f 5605 5719 5606
f 5505 5622 5584
f 5584 5622 5590
f 5508 5623 5505
f 5505 5623 5622
f 5626 5623 5580
f 5580 5623 5508
f 5580 5579 5626
f 5626 5579 5720
f 5579 5721 5720
f 5720 5721 5722
f 5666 5585 5723
f 5723 5585 5588
f 5724 5725 5639
f 5639 5725 5640
f 5554 5726 5555
f 5555 5726 5727
f 5453 5728 5729
f 5689 5688 5685
f 5685 5688 5647
f 5604 5730 5512
f 5512 5730 5509
f 5628 5631 5618
f 5618 5631 5592
f 5601 5604 5536
f 5536 5604 5512
f 5732 5676 5731
f 5731 5676 5660
f 5730 5604 5733
f 5733 5604 5603
f 5563 5487 5551
f 5551 5487 5550
f 5489 5492 5607
f 5607 5492 5608
f 5573 5572 5565
f 5565 5572 5561
f 5609 5522 5569
f 5569 5522 5521
f 5499 5734 5500
f 5500 5734 5735
f 5596 5736 5721
f 5721 5736 5722
f 5737 5600 5594
f 5594 5600 5520
f 5599 5730 5517
f 5517 5730 5733
f 5660 5738 5731
f 5731 5738 5739
f 5648 5649 5491
f 5491 5649 5492
f 5501 5586 5502
f 5502 5586 5585
f 5525 5546 5655
f 5655 5546 5740
f 5600 5599 5520
f 5520 5599 5517
f 5708 5739 5709
f 5709 5739 5738
f 5636 5635 5526
f 5526 5635 5523
f 5670 5671 5703
f 5703 5671 5741
f 5490 5695 5742
f 5742 5695 5743
f 5682 5678 5744
f 5744 5678 5677
f 5678 5681 5679
f 5679 5681 5621
f 5742 5743 5679
f 5679 5743 5680
f 5618 5621 5628
f 5628 5621 5681
f 5725 5724 5589
f 5589 5724 5684
f 5456 5458 5579
f 5579 5458 5721
f 5675 5683 5673
f 5673 5683 5685
f 5529 5682 5745
f 5745 5682 5744
f 5721 5458 5596
f 5596 5458 5597
f 5701 5540 5719
f 5719 5540 5606
f 5703 5741 5697
f 5697 5741 5696
f 5500 5735 5607
f 5607 5735 5707
f 5549 5746 5493
f 5493 5746 5497
f 5700 5747 5613
f 5613 5747 5538
f 5420 5421 5434
f 5434 5421 5400
f 5689 5693 5531
f 5531 5693 5532
f 5705 5566 5748
f 5748 5566 5567
f 5609 5398 5610
f 5610 5398 5397
f 5669 5406 5568
f 5568 5406 5405
f 5488 5583 5549
f 5549 5583 5746
f 5714 5713 5710
f 5710 5713 5711
f 5747 5468 5538
f 5538 5468 5467
f 5548 5547 5749
f 5749 5547 5750
f 5733 5603 5751
f 5751 5603 5684
f 5589 5602 5590
f 5590 5602 5584
f 5636 5752 5614
f 5614 5752 5615
f 5753 5754 5738
f 5738 5754 5755
f 5602 5601 5584
f 5584 5601 5536
f 5723 5736 5630
f 5630 5736 5640
f 5595 5640 5596
f 5596 5640 5736
f 5734 5499 5745
f 5745 5499 5529
f 5627 5587 5643
f 5643 5587 5586
f 5553 5559 5554
f 5554 5559 5480
f 5559 5561 5480
f 5480 5561 5572
f 5554 5480 5726
f 5726 5480 5479
f 5749 5750 5715
f 5715 5750 5712
f 5683 5612 5686
f 5686 5612 5457
f 5678 5682 5681
f 5681 5682 5667
f 5598 5509 5599
f 5599 5509 5730
f 5679 5621 5742
f 5742 5621 5620
f 5652 5616 5653
f 5653 5616 5615
f 5220 5426 5052
f 5052 5426 5437
f 5487 5488 5550
f 5550 5488 5549
f 5742 5620 5490
f 5490 5620 5491
f 5551 5610 5563
f 5563 5610 5567
f 5610 5397 5567
f 5567 5397 5748
f 5614 5617 5753
f 5753 5617 5754
f 5480 5572 5481
f 5755 5756 5738
f 5738 5756 5709
f 5745 5744 5758
f 5758 5744 5757
f 5745 5758 5734
f 5734 5758 5759
f 5735 5734 5760
f 5760 5734 5759
f 5707 5735 5761
f 5761 5735 5760
f 5744 5677 5757
f 5757 5677 5762
f 5677 5680 5762
f 5762 5680 5763
f 5763 5680 5764
f 5764 5680 5743
f 5765 5766 5762
f 5762 5766 5757
f 5768 5769 5767
f 5767 5769 5770
f 5771 5772 5770
f 5770 5772 5767
f 5770 5769 5774
f 5774 5769 5773
f 5775 5776 5774
f 5774 5776 5777
f 5773 5778 5774
f 5774 5778 5775
f 5779 5766 5773
f 5773 5766 5778
f 5777 5771 5774
f 5774 5771 5770
f 5780 5781 5783
f 5783 5781 5782
f 5781 5780 5771
f 5771 5780 5772
f 5773 5769 5779
f 5779 5769 5768
f 5768 5759 5779
f 5779 5759 5758
f 5768 5784 5759
f 5759 5784 5760
f 5767 5785 5768
f 5768 5785 5784
f 5785 5767 5786
f 5786 5767 5772
f 5766 5779 5757
f 5757 5779 5758
f 5780 5787 5772
f 5772 5787 5786
f 5785 5786 5788
f 5788 5786 5789
f 5786 5787 5789
f 5789 5787 5790
f 5788 5789 5791
f 5791 5789 5792
f 5791 5793 5788
f 5788 5793 5794
f 5795 5792 5790
f 5790 5792 5789
f 5785 5788 5784
f 5784 5788 5794
f 5784 5794 5760
f 5760 5794 5761
f 5787 5780 5796
f 5796 5780 5783
f 5775 5778 5797
f 5797 5778 5766
f 5797 5798 5775
f 5775 5798 5776
f 5766 5765 5797
f 5797 5765 5799
f 5798 5797 5800
f 5800 5797 5799
f 5798 5801 5776
f 5776 5801 5802
f 5707 5761 5694
f 5694 5761 5803
f 5695 5804 5743
f 5743 5804 5764
f 5804 5695 5803
f 5803 5695 5694
f 5803 5793 5804
f 5804 5793 5805
f 5793 5791 5805
f 5805 5791 5806
f 5804 5805 5764
f 5764 5805 5807
f 5803 5761 5793
f 5793 5761 5794
f 5808 5763 5807
f 5807 5763 5764
f 5808 5765 5763
f 5763 5765 5762
f 5809 5799 5808
f 5808 5799 5765
f 5809 5808 5810
f 5810 5808 5807
f 5811 5809 5812
f 5812 5809 5810
f 5805 5806 5807
f 5807 5806 5810
f 5806 5813 5810
f 5810 5813 5812
f 5799 5809 5800
f 5800 5809 5811
f 5815 5800 5814
f 5814 5800 5811
f 5814 5817 5816
f 5816 5817 5818
f 5814 5811 5817
f 5817 5811 5812
f 5814 5816 5815
f 5815 5816 5796
f 5815 5796 5801
f 5801 5796 5783
f 5801 5798 5815
f 5815 5798 5800
f 5791 5792 5806
f 5806 5792 5813
f 5818 5813 5795
f 5795 5813 5792
f 5818 5817 5813
f 5813 5817 5812
f 5816 5818 5790
f 5790 5818 5795
f 5790 5787 5816
f 5816 5787 5796
f 5771 5777 5781
f 5781 5777 5782
f 5782 5802 5783
f 5783 5802 5801
f 5782 5777 5802
f 5802 5777 5776
f 5588 5587 5722
f 5722 5587 5720
f 5591 5619 5592
f 5592 5619 5618
f 5625 5624 5648
f 5648 5624 5649
f 5624 5627 5649
f 5649 5627 5643
f 5631 5630 5725
f 5725 5630 5640
f 5625 5648 5591
f 5591 5648 5619
f 5588 5722 5723
f 5723 5722 5736
f 5631 5725 5592
f 5592 5725 5589
f 5723 5630 5666
f 5666 5630 5629
f 5587 5627 5720
f 5720 5627 5626
f 5820 5821 5819
f 5819 5821 5822
f 5824 5825 5823
f 5823 5825 5826
f 5823 5826 5827
f 5827 5826 5828
f 5829 5830 5832
f 5832 5830 5831
f 5518 5833 5708
f 5708 5833 5834
f 5835 5836 5824
f 5824 5836 5825
f 5838 5839 5837
f 5837 5839 5840
f 5751 5684 5842
f 5842 5684 5841
f 5843 5841 5724
f 5724 5841 5684
f 5845 5846 5844
f 5844 5846 5847
f 5848 5830 5836
f 5836 5830 5825
f 5518 5751 5833
f 5833 5751 5842
f 5839 5838 5821
f 5821 5838 5849
f 5850 5848 5822
f 5822 5848 5836
f 5851 5845 5828
f 5828 5845 5852
f 5854 5855 5853
f 5853 5855 5856
f 5845 5844 5852
f 5852 5844 5857
f 5858 5827 5852
f 5852 5827 5828
f 5851 5828 5829
f 5829 5828 5826
f 5819 5859 5820
f 5820 5859 5860
f 5835 5861 5819
f 5819 5861 5859
f 5851 5829 5862
f 5862 5829 5832
f 5844 5847 5837
f 5837 5847 5834
f 5819 5822 5835
f 5835 5822 5836
f 5823 5863 5824
f 5824 5863 5864
f 5849 5850 5821
f 5821 5850 5822
f 5825 5830 5826
f 5826 5830 5829
f 5820 5860 5865
f 5865 5860 5866
f 5858 5854 5867
f 5867 5854 5853
f 5854 5857 5855
f 5855 5857 5840
f 5855 5865 5856
f 5856 5865 5866
f 5837 5840 5844
f 5844 5840 5857
f 5827 5858 5868
f 5868 5858 5867
f 5824 5864 5835
f 5835 5864 5861
f 5732 5731 5862
f 5862 5731 5846
f 5863 5823 5868
f 5868 5823 5827
f 5843 5831 5848
f 5848 5831 5830
f 5854 5858 5857
f 5857 5858 5852
f 5855 5840 5865
f 5865 5840 5839
f 5865 5839 5820
f 5820 5839 5821
f 5868 5867 5870
f 5870 5867 5869
f 5868 5870 5863
f 5863 5870 5871
f 5863 5871 5864
f 5864 5871 5872
f 5864 5872 5861
f 5861 5872 5873
f 5867 5853 5869
f 5869 5853 5874
f 5853 5856 5874
f 5874 5856 5875
f 5856 5866 5875
f 5875 5866 5876
f 5877 5878 5874
f 5874 5878 5869
f 5880 5881 5879
f 5879 5881 5882
f 5883 5884 5880
f 5880 5884 5881
f 5881 5884 5886
f 5886 5884 5885
f 5887 5888 5886
f 5886 5888 5889
f 5885 5890 5886
f 5886 5890 5887
f 5889 5882 5886
f 5886 5882 5881
f 5882 5891 5879
f 5879 5891 5892
f 5885 5884 5893
f 5893 5884 5883
f 5883 5871 5893
f 5893 5871 5870
f 5883 5894 5871
f 5871 5894 5872
f 5880 5895 5883
f 5883 5895 5894
f 5896 5895 5879
f 5879 5895 5880
f 5893 5878 5885
f 5885 5878 5890
f 5878 5893 5869
f 5869 5893 5870
f 5897 5896 5892
f 5892 5896 5879
f 5895 5896 5898
f 5898 5896 5899
f 5896 5897 5899
f 5899 5897 5900
f 5898 5899 5901
f 5901 5899 5902
f 5901 5903 5898
f 5898 5903 5904
f 5900 5905 5899
f 5899 5905 5902
f 5898 5904 5895
f 5895 5904 5894
f 5894 5904 5872
f 5872 5904 5873
f 5897 5892 5907
f 5907 5892 5906
f 5892 5891 5906
f 5906 5891 5908
f 5887 5890 5909
f 5909 5890 5878
f 5888 5887 5910
f 5910 5887 5909
f 5878 5877 5909
f 5909 5877 5911
f 5909 5911 5910
f 5910 5911 5912
f 5913 5914 5910
f 5910 5914 5888
f 5908 5914 5906
f 5906 5914 5913
f 5861 5873 5859
f 5859 5873 5915
f 5860 5916 5866
f 5866 5916 5876
f 5916 5860 5915
f 5915 5860 5859
f 5915 5903 5916
f 5916 5903 5917
f 5903 5901 5917
f 5917 5901 5918
f 5916 5917 5876
f 5876 5917 5919
f 5903 5915 5904
f 5904 5915 5873
f 5920 5875 5919
f 5919 5875 5876
f 5920 5877 5875
f 5875 5877 5874
f 5920 5921 5877
f 5877 5921 5911
f 5921 5920 5922
f 5922 5920 5919
f 5923 5921 5924
f 5924 5921 5922
f 5917 5918 5919
f 5919 5918 5922
f 5918 5925 5922
f 5922 5925 5924
f 5921 5923 5911
f 5911 5923 5912
f 5927 5912 5926
f 5926 5912 5923
f 5926 5929 5928
f 5928 5929 5930
f 5926 5923 5929
f 5929 5923 5924
f 5926 5928 5927
f 5927 5928 5907
f 5927 5907 5913
f 5913 5907 5906
f 5913 5910 5927
f 5927 5910 5912
f 5901 5902 5918
f 5918 5902 5925
f 5930 5925 5905
f 5905 5925 5902
f 5930 5929 5925
f 5925 5929 5924
f 5928 5930 5900
f 5900 5930 5905
f 5900 5897 5928
f 5928 5897 5907
f 5882 5889 5891
f 5891 5889 5908
f 5908 5889 5914
f 5914 5889 5888
f 5832 5831 5641
f 5641 5831 5639
f 5833 5838 5834
f 5834 5838 5837
f 5842 5841 5849
f 5849 5841 5850
f 5841 5843 5850
f 5850 5843 5848
f 5847 5846 5739
f 5739 5846 5731
f 5842 5849 5833
f 5833 5849 5838
f 5862 5832 5732
f 5732 5832 5641
f 5847 5739 5834
f 5834 5739 5708
f 5862 5846 5851
f 5851 5846 5845
f 5831 5843 5639
f 5639 5843 5724
f 5676 5732 5595
f 5595 5732 5641
f 5676 5461 5660
f 5660 5461 5464
f 5461 5460 5464
f 5464 5460 5465
f 5460 5674 5465
f 5465 5674 5661
f 5931 5932 5934
f 5934 5932 5933
f 5936 5937 5935
f 5935 5937 5938
f 5935 5938 5939
f 5939 5938 5940
f 5942 5943 5941
f 5941 5943 5944
f 5945 5946 5936
f 5936 5946 5937
f 5948 5949 5947
f 5947 5949 5950
f 5951 5952 5519
f 5519 5952 5593
f 5953 5951 5709
f 5709 5951 5519
f 5955 5956 5954
f 5954 5956 5957
f 5958 5942 5946
f 5946 5942 5937
f 5948 5959 5949
f 5949 5959 5933
f 5960 5958 5934
f 5934 5958 5946
f 5961 5955 5940
f 5940 5955 5962
f 5963 5964 5966
f 5966 5964 5965
f 5955 5954 5962
f 5962 5954 5967
f 5968 5939 5962
f 5962 5939 5940
f 5961 5940 5941
f 5941 5940 5938
f 5931 5969 5932
f 5932 5969 5970
f 5945 5971 5931
f 5931 5971 5969
f 5941 5944 5961
f 5961 5944 5972
f 5954 5957 5947
f 5947 5957 5973
f 5945 5931 5946
f 5946 5931 5934
f 5935 5974 5936
f 5936 5974 5975
f 5959 5960 5933
f 5933 5960 5934
f 5937 5942 5938
f 5938 5942 5941
f 5932 5970 5976
f 5976 5970 5977
f 5968 5964 5978
f 5978 5964 5963
f 5965 5964 5950
f 5950 5964 5967
f 5976 5977 5965
f 5965 5977 5966
f 5947 5950 5954
f 5954 5950 5967
f 5939 5968 5979
f 5979 5968 5978
f 5936 5975 5945
f 5945 5975 5971
f 5972 5754 5956
f 5956 5754 5617
f 5974 5935 5979
f 5979 5935 5939
f 5953 5943 5958
f 5958 5943 5942
f 5964 5968 5967
f 5967 5968 5962
f 5965 5950 5976
f 5976 5950 5949
f 5976 5949 5932
f 5932 5949 5933
f 5979 5978 5981
f 5981 5978 5980
f 5979 5981 5974
f 5974 5981 5982
f 5974 5982 5975
f 5975 5982 5983
f 5975 5983 5971
f 5971 5983 5984
f 5978 5963 5980
f 5980 5963 5985
f 5963 5966 5985
f 5985 5966 5986
f 5986 5966 5987
f 5987 5966 5977
f 5988 5989 5985
f 5985 5989 5980
f 5991 5992 5990
f 5990 5992 5993
f 5994 5995 5991
f 5991 5995 5992
f 5992 5995 5997
f 5997 5995 5996
f 5998 5999 5997
f 5997 5999 6000
f 5996 6001 5997
f 5997 6001 5998
f 6000 5993 5997
f 5997 5993 5992
f 6002 6003 5993
f 5993 6003 5990
f 5995 5994 5996
f 5996 5994 6004
f 5994 5982 6004
f 6004 5982 5981
f 5994 6005 5982
f 5982 6005 5983
f 5991 6006 5994
f 5994 6006 6005
f 6006 5991 6007
f 6007 5991 5990
f 5996 6004 6001
f 6001 6004 5989
f 5989 6004 5980
f 5980 6004 5981
f 6003 6008 5990
f 5990 6008 6007
f 6009 6006 6010
f 6010 6006 6007
f 6008 6011 6007
f 6007 6011 6010
f 6012 6009 6013
f 6013 6009 6010
f 6009 6012 6015
f 6015 6012 6014
f 6011 6016 6010
f 6010 6016 6013
f 6006 6009 6005
f 6005 6009 6015
f 6005 6015 5983
f 5983 6015 5984
f 6008 6003 6018
f 6018 6003 6017
f 6003 6002 6017
f 6017 6002 6019
f 5998 6001 6020
f 6020 6001 5989
f 5999 5998 6021
f 6021 5998 6020
f 5989 5988 6020
f 6020 5988 6022
f 6021 6020 6023
f 6023 6020 6022
f 6021 6024 5999
f 5999 6024 6025
f 6019 6025 6017
f 6017 6025 6024
f 5971 5984 5969
f 5969 5984 6026
f 5970 6027 5977
f 5977 6027 5987
f 6027 5970 6026
f 6026 5970 5969
f 6026 6014 6027
f 6027 6014 6028
f 6014 6012 6028
f 6028 6012 6029
f 6027 6028 5987
f 5987 6028 6030
f 6026 5984 6014
f 6014 5984 6015
f 6031 5986 6030
f 6030 5986 5987
f 6031 5988 5986
f 5986 5988 5985
f 6032 6022 6031
f 6031 6022 5988
f 6032 6031 6033
f 6033 6031 6030
f 6034 6032 6035
f 6035 6032 6033
f 6028 6029 6030
f 6030 6029 6033
f 6029 6036 6033
f 6033 6036 6035
f 6032 6034 6022
f 6022 6034 6023
f 6038 6023 6037
f 6037 6023 6034
f 6037 6040 6039
f 6039 6040 6041
f 6037 6034 6040
f 6040 6034 6035
f 6037 6039 6038
f 6038 6039 6018
f 6038 6018 6024
f 6024 6018 6017
f 6024 6021 6038
f 6038 6021 6023
f 6012 6013 6029
f 6029 6013 6036
f 6041 6036 6016
f 6016 6036 6013
f 6041 6040 6036
f 6036 6040 6035
f 6041 6016 6039
f 6039 6016 6011
f 6011 6008 6039
f 6039 6008 6018
f 5993 6000 6002
f 6002 6000 6019
f 6019 6000 6025
f 6025 6000 5999
f 5943 5756 5944
f 5944 5756 5755
f 6042 5948 5973
f 5973 5948 5947
f 5952 5951 5959
f 5959 5951 5960
f 5951 5953 5960
f 5960 5953 5958
f 5616 5957 5617
f 5617 5957 5956
f 6042 5952 5948
f 5948 5952 5959
f 5944 5755 5972
f 5972 5755 5754
f 5957 5616 5973
f 5973 5616 5652
f 5956 5955 5972
f 5972 5955 5961
f 5943 5953 5756
f 5756 5953 5709
f 6044 6045 6043
f 6043 6045 6046
f 6048 6049 6047
f 6047 6049 6050
f 6047 6050 6051
f 6051 6050 6052
f 6054 6055 6053
f 6053 6055 6056
f 6057 6058 6060
f 6060 6058 6059
f 6061 6062 6048
f 6048 6062 6049
f 6063 6064 6066
f 6066 6064 6065
f 6067 6068 6070
f 6070 6068 6069
f 6071 6069 5653
f 5653 6069 6068
f 6072 6073 6075
f 6075 6073 6074
f 6062 6076 6049
f 6049 6076 6054
f 6058 6067 6059
f 6059 6067 6070
f 6064 6077 6065
f 6065 6077 6045
f 6078 6076 6046
f 6046 6076 6062
f 6073 6080 6079
f 6079 6080 6052
f 6082 6083 6081
f 6081 6083 6084
f 6072 6085 6073
f 6073 6085 6080
f 6086 6051 6080
f 6080 6051 6052
f 6079 6052 6053
f 6053 6052 6050
f 6043 6087 6044
f 6044 6087 6088
f 6061 6089 6043
f 6043 6089 6087
f 6053 6056 6079
f 6079 6056 6090
f 6063 6072 6060
f 6060 6072 6075
f 6043 6046 6061
f 6061 6046 6062
f 6047 6091 6048
f 6048 6091 6092
f 6077 6078 6045
f 6045 6078 6046
f 6049 6054 6050
f 6050 6054 6053
f 6044 6088 6093
f 6093 6088 6094
f 6086 6082 6095
f 6095 6082 6081
f 6083 6082 6066
f 6066 6082 6085
f 6093 6094 6083
f 6083 6094 6084
f 6072 6063 6085
f 6085 6063 6066
f 6051 6086 6096
f 6096 6086 6095
f 6048 6092 6061
f 6061 6092 6089
f 5656 5655 6090
f 6090 5655 6074
f 6091 6047 6096
f 6096 6047 6051
f 6071 6055 6076
f 6076 6055 6054
f 6082 6086 6085
f 6085 6086 6080
f 6093 6083 6065
f 6065 6083 6066
f 6044 6093 6045
f 6045 6093 6065
f 6096 6095 6098
f 6098 6095 6097
f 6096 6098 6091
f 6091 6098 6099
f 6091 6099 6092
f 6092 6099 6100
f 6092 6100 6089
f 6089 6100 6101
f 6095 6081 6097
f 6097 6081 6102
f 6081 6084 6102
f 6102 6084 6103
f 6103 6084 6104
f 6104 6084 6094
f 6106 6097 6105
f 6105 6097 6102
f 6107 6108 6110
f 6110 6108 6109
f 6111 6112 6108
f 6108 6112 6109
f 6109 6112 6114
f 6114 6112 6113
f 6114 6115 6117
f 6117 6115 6116
f 6113 6118 6114
f 6114 6118 6115
f 6117 6110 6114
f 6114 6110 6109
f 6110 6119 6107
f 6107 6119 6120
f 6112 6111 6113
f 6113 6111 6121
f 6111 6099 6121
f 6121 6099 6098
f 6111 6122 6099
f 6099 6122 6100
f 6123 6122 6108
f 6108 6122 6111
f 6124 6123 6107
f 6107 6123 6108
f 6113 6121 6118
f 6118 6121 6106
f 6106 6121 6097
f 6097 6121 6098
f 6125 6124 6120
f 6120 6124 6107
f 6126 6123 6127
f 6127 6123 6124
f 6125 6128 6124
f 6124 6128 6127
f 6129 6126 6130
f 6130 6126 6127
f 6126 6129 6132
f 6132 6129 6131
f 6128 6133 6127
f 6127 6133 6130
f 6123 6126 6122
f 6122 6126 6132
f 6122 6132 6100
f 6100 6132 6101
f 6120 6134 6125
f 6125 6134 6135
f 6120 6119 6134
f 6134 6119 6136
f 6115 6118 6137
f 6137 6118 6106
f 6115 6137 6116
f 6116 6137 6138
f 6137 6106 6139
f 6139 6106 6105
f 6138 6137 6140
f 6140 6137 6139
f 6141 6142 6138
f 6138 6142 6116
f 6136 6142 6134
f 6134 6142 6141
f 6089 6101 6087
f 6087 6101 6143
f 6088 6144 6094
f 6094 6144 6104
f 6143 6144 6087
f 6087 6144 6088
f 6131 6145 6143
f 6143 6145 6144
f 6129 6146 6131
f 6131 6146 6145
f 6144 6145 6104
f 6104 6145 6147
f 6143 6101 6131
f 6131 6101 6132
f 6148 6103 6147
f 6147 6103 6104
f 6103 6148 6102
f 6102 6148 6105
f 6148 6149 6105
f 6105 6149 6139
f 6149 6148 6150
f 6150 6148 6147
f 6151 6149 6152
f 6152 6149 6150
f 6145 6146 6147
f 6147 6146 6150
f 6146 6153 6150
f 6150 6153 6152
f 6149 6151 6139
f 6139 6151 6140
f 6155 6140 6154
f 6154 6140 6151
f 6154 6157 6156
f 6156 6157 6158
f 6154 6151 6157
f 6157 6151 6152
f 6154 6156 6155
f 6155 6156 6135
f 6155 6135 6141
f 6141 6135 6134
f 6141 6138 6155
f 6155 6138 6140
f 6146 6129 6153
f 6153 6129 6130
f 6158 6153 6133
f 6133 6153 6130
f 6158 6157 6153
f 6153 6157 6152
f 6156 6158 6128
f 6128 6158 6133
f 6128 6125 6156
f 6156 6125 6135
f 6110 6117 6119
f 6119 6117 6136
f 6136 6117 6142
f 6142 6117 6116
f 6055 5615 6056
f 6056 5615 5752
f 6060 6059 6063
f 6063 6059 6064
f 6077 6070 6078
f 6078 6070 6069
f 6069 6071 6078
f 6078 6071 6076
f 6159 6057 6075
f 6075 6057 6060
f 6059 6070 6064
f 6064 6070 6077
f 6056 5752 6090
f 6090 5752 5656
f 6090 6074 6079
f 6079 6074 6073
f 6055 6071 5615
f 5615 6071 5653
f 5547 5471 6160
f 6160 5471 6161
f 5729 5577 6163
f 6163 5577 6162
f 5577 5576 6162
f 6162 5576 6164
f 5713 6165 5711
f 5711 6165 6166
f 5474 5729 6167
f 6167 5729 6163
f 5750 5547 6168
f 6168 5547 6160
f 5471 5474 6161
f 6161 5474 6167
f 6169 5712 6168
f 6168 5712 5750
f 5711 6166 5576
f 5576 6166 6164
f 6165 5713 6169
f 6169 5713 5712
f 6168 6170 6169
f 6169 6170 6171
f 6169 6171 6165
f 6165 6171 6172
f 6165 6172 6166
f 6166 6172 6173
f 6166 6173 6164
f 6164 6173 6174
f 6168 6160 6170
f 6170 6160 6175
f 6160 6161 6175
f 6175 6161 6176
f 6161 6167 6176
f 6176 6167 6177
f 6179 6170 6178
f 6178 6170 6175
f 6181 6182 6180
f 6180 6182 6183
f 6184 6185 6181
f 6181 6185 6182
f 6186 6187 6185
f 6185 6187 6182
f 6186 6188 6187
f 6187 6188 6189
f 6190 6183 6187
f 6187 6183 6182
f 6183 6190 6191
f 6191 6190 6192
f 6191 6193 6183
f 6183 6193 6180
f 6186 6185 6194
f 6194 6185 6184
f 6184 6172 6194
f 6194 6172 6171
f 6184 6195 6172
f 6172 6195 6173
f 6181 6196 6184
f 6184 6196 6195
f 6196 6181 6197
f 6197 6181 6180
f 6186 6194 6188
f 6188 6194 6179
f 6179 6194 6170
f 6170 6194 6171
f 6193 6198 6180
f 6180 6198 6197
f 6199 6196 6200
f 6200 6196 6197
f 6198 6201 6197
f 6197 6201 6200
f 6202 6199 6203
f 6203 6199 6200
f 6199 6202 6205
f 6205 6202 6204
f 6201 6206 6200
f 6200 6206 6203
f 6196 6199 6195
f 6195 6199 6205
f 6195 6205 6173
f 6173 6205 6174
f 6198 6193 6208
f 6208 6193 6207
f 6193 6191 6207
f 6207 6191 6192
f 6189 6188 6209
f 6209 6188 6179
f 6210 6189 6211
f 6211 6189 6209
f 6209 6179 6212
f 6212 6179 6178
f 6211 6209 6213
f 6213 6209 6212
f 6211 6214 6210
f 6210 6214 6215
f 6192 6215 6207
f 6207 6215 6214
f 6190 6187 6210
f 6210 6187 6189
f 6192 6190 6215
f 6215 6190 6210
f 6162 6164 6216
f 6216 6164 6174
f 6167 6163 6177
f 6177 6163 6217
f 6216 6217 6162
f 6162 6217 6163
f 6204 6218 6216
f 6216 6218 6217
f 6202 6219 6204
f 6204 6219 6218
f 6217 6218 6177
f 6177 6218 6220
f 6216 6174 6204
f 6204 6174 6205
f 6221 6176 6220
f 6220 6176 6177
f 6176 6221 6175
f 6175 6221 6178
f 6221 6222 6178
f 6178 6222 6212
f 6222 6221 6223
f 6223 6221 6220
f 6224 6222 6225
f 6225 6222 6223
f 6218 6219 6220
f 6220 6219 6223
f 6219 6226 6223
f 6223 6226 6225
f 6222 6224 6212
f 6212 6224 6213
f 6228 6213 6227
f 6227 6213 6224
f 6229 6227 6231
f 6231 6227 6230
f 6227 6224 6230
f 6230 6224 6225
f 6227 6229 6228
f 6228 6229 6208
f 6228 6208 6214
f 6214 6208 6207
f 6214 6211 6228
f 6228 6211 6213
f 6219 6202 6226
f 6226 6202 6203
f 6231 6226 6206
f 6206 6226 6203
f 6231 6230 6226
f 6226 6230 6225
f 6229 6231 6201
f 6201 6231 6206
f 6201 6198 6229
f 6229 6198 6208
f 5674 5672 5661
f 5661 5672 5662
f 5662 5672 5663
f 5663 5672 5646
f 5651 6042 5652
f 5652 6042 5973
f 5518 5517 5751
f 5751 5517 5733
f 5738 5660 5753
f 5753 5660 5637
f 5752 5636 5656
f 5656 5636 5526
f 5952 6042 5593
f 5593 6042 5651
f 5593 5651 5594
f 5594 5651 5650
f 5600 5737 5514
f 5514 5737 5515
f 5546 5545 5740
f 5740 5545 6232
f 6232 6058 5740
f 5740 6058 6057
f 6067 6058 6233
f 6233 6058 6232
f 6233 6232 6234
f 6234 6232 5545
f 6234 5545 6235
f 6235 5545 5544
f 5606 6236 5543
f 5543 6236 5544
f 6235 5544 5539
f 5539 5544 6236
f 6237 6235 5542
f 5542 6235 5539
f 6235 6237 6234
f 6234 6237 6238
f 6234 6238 6233
f 6233 6238 6239
f 5653 6068 5650
f 5650 6068 6239
f 5642 5513 6240
f 6240 5513 5516
f 5539 6236 5540
f 5540 6236 5606
f 5636 5614 5637
f 5637 5614 5753
f 6239 5737 5650
f 5650 5737 5594
f 6239 6068 6233
f 6233 6068 6067
f 6075 6074 6159
f 6159 6074 5655
f 6057 6159 5740
f 5740 6159 5655
f 5515 5737 6238
f 6238 5737 6239
f 6238 6237 5515
f 5515 6237 5516
f 5542 6240 6237
f 6237 6240 5516
f 6240 5542 5642
f 5642 5542 5541
f 5702 5699 5541
f 5541 5699 5642
f 5582 5475 5717
f 5470 5443 5537
f 5537 5443 5504
f 5469 5444 5470
f 5470 5444 5443
f 5726 5557 5727
f 5727 5557 5556
f 5537 5504 5511
f 5511 5504 5506
f 5504 5503 5506
f 5506 5503 5507
f 5503 5455 5507
f 5507 5455 5581
f 5455 5454 5581
f 5581 5454 5456
f 5473 5453 5474
f 5474 5453 5729
f 5457 5454 5473
f 5473 5454 5453
f 5473 5472 5457
f 5457 5472 5686
f 5472 5548 5686
f 5686 5548 5687
f 5749 5693 5548
f 5548 5693 5687
f 5715 5532 5749
f 5749 5532 5693
f 5714 5486 5715
f 5715 5486 5532
f 5714 5710 5486
f 5486 5710 5449
f 5728 5578 5729
f 5729 5578 5577
f 5452 5445 5698
f 5698 5445 5558
f 5445 5444 5558
f 5558 5444 5556
f 5444 5469 5556
f 5556 5469 5727
f 5469 5468 5727
f 5727 5468 5555
f 5468 5747 5555
f 5555 5747 5552
f 5747 5700 5552
f 5552 5700 5716
f 5700 5699 5716
f 5716 5699 5717
f 5699 5702 5717
f 5717 5702 5582
f 5702 5701 5582
f 5582 5701 5583
f 5726 5479 5557
f 5557 5479 5483
f 5483 5479 5484
f 5484 5479 5482
f 5534 5533 5482
f 5482 5533 5484
f 5691 5688 5534
f 5534 5688 5533
f 5644 5647 5691
f 5691 5647 5688
f 5719 5746 5701
f 5701 5746 5583
f 5718 5497 5719
f 5719 5497 5746
f 5718 5605 5654
f 5654 5605 5638
f 5498 5654 5657
f 5657 5654 5633
f 5497 5718 5498
f 5498 5718 5654
f 5657 5527 5498
f 5498 5527 5494
f 5528 5570 5495
f 5495 5570 5521
f 5665 5668 5528
f 5528 5668 5570
f 5664 5671 5665
f 5665 5671 5668
f 5645 5741 5664
f 5664 5741 5671
f 5644 5696 5645
f 5645 5696 5741
f 5710 5575 5449
f 5449 5575 5450
f 5575 5578 5450
f 5450 5578 5698
f 5578 5728 5698
f 5698 5728 5452
f 5452 5728 5451
f 5451 5728 5453
f 3619 6241 3620
f 3620 6241 6242
f 6243 6244 3628
f 3628 6244 3629
f 6245 6246 3634
f 3634 6246 3631
f 6247 6248 3636
f 3636 6248 3637
f 6249 6250 3642
f 3642 6250 3639
f 3639 6250 3643
f 3643 6250 6251
f 3743 6252 3744
f 3744 6252 6253
f 6246 6243 3631
f 3631 6243 3628
f 3753 6254 3754
f 3754 6254 6255
f 3857 6256 3619
f 3619 6256 6241
f 6257 6245 3932
f 3932 6245 3634
f 6242 6247 3620
f 3620 6247 3636
f 6258 6259 3946
f 3946 6259 3947
f 6260 6249 3948
f 3948 6249 3642
f 6244 6258 3629
f 3629 6258 3946
f 3947 6259 3753
f 3753 6259 6254
f 6248 6260 3637
f 3637 6260 3948
f 3643 6251 3743
f 3743 6251 6252
f 3744 6253 3932
f 3932 6253 6257
f 6250 6249 6251
f 6251 6249 6252
f 6245 6261 6246
f 6246 6261 6262
f 6263 6264 6247
f 6247 6264 6248
f 6252 6265 6253
f 6253 6265 6266
f 6246 6262 6243
f 6243 6262 6267
f 6268 6261 6257
f 6257 6261 6245
f 6269 6263 6242
f 6242 6263 6247
f 6270 6271 6260
f 6260 6271 6249
f 6264 6270 6248
f 6248 6270 6260
f 6253 6266 6257
f 6257 6266 6268
f 6249 6271 6252
f 6252 6271 6265
f 6254 6259 6272
f 6272 6259 6273
f 6266 6265 6270
f 6270 6265 6271
f 6268 6266 6264
f 6264 6266 6270
f 6261 6268 6263
f 6263 6268 6264
f 6269 6262 6263
f 6263 6262 6261
f 4186 4185 6274
f 6274 4185 6275
f 6241 6276 6242
f 6242 6276 6269
f 6258 6244 6277
f 6277 6244 6278
f 6256 6279 6241
f 6241 6279 6276
f 6259 6258 6273
f 6273 6258 6277
f 6243 6267 6244
f 6244 6267 6278
f 6276 6267 6269
f 6269 6267 6262
f 6254 6272 6255
f 6255 6272 6280
f 3865 3713 3888
f 3888 3713 3685
f 5242 5233 3892
f 3892 5233 3711
f 3900 5243 3892
f 3892 5243 5242
f 3734 3866 3900
f 3900 3866 5243
f 4117 6281 4118
f 4118 6281 6282
f 4118 6282 4278
f 4278 6282 4879
f 4717 4887 4718
f 4718 4887 4280
f 4792 4278 4882
f 4882 4278 4879
f 4795 4792 6283
f 6283 4792 4882
f 4852 4851 5012
f 5012 4851 6284
f 4856 5207 4857
f 4857 5207 4858
f 4860 4279 4857
f 4857 4279 4854
f 4718 4280 4860
f 4860 4280 4279
f 4864 4863 4745
f 4745 4863 4742
f 5366 4867 5011
f 5011 4867 4866
f 4871 4884 4872
f 4872 4884 4883
f 4872 4883 4117
f 4117 4883 6281
f 6284 4851 6283
f 6283 4851 4795
f 4852 4866 4853
f 4853 4866 4865
f 4871 4870 4856
f 4856 4870 5207
f 4717 4716 4864
f 4864 4716 4861
f 4868 4867 4862
f 4862 4867 4863
f 4268 4855 4269
f 4269 4855 4854
f 4281 4274 4282
f 4282 4274 4765
f 4744 4743 4907
f 4907 4743 4904
f 4874 4881 4820
f 4820 4881 4880
f 4885 5013 4886
f 4886 5013 4980
f 4888 4275 4281
f 4281 4275 4274
f 4902 6282 4903
f 4903 6282 6281
f 6283 4979 6284
f 6284 4979 4978
f 4282 4765 4269
f 4269 4765 4266
f 4880 4879 4902
f 4902 4879 6282
f 4903 6281 4886
f 4886 6281 4883
f 4882 4881 6283
f 6283 4881 4979
f 5013 4885 4267
f 4267 4885 4268
f 4888 4887 4744
f 4744 4887 4745
f 4410 6285 4411
f 4411 6285 4812
f 4750 4749 6286
f 6286 4749 6287
f 6289 4695 6288
f 6288 4695 4255
f 4750 4675 4751
f 4751 4675 4965
f 6290 6291 4963
f 4963 6291 4960
f 4807 4806 4411
f 4411 4806 4408
f 6292 6293 4959
f 4959 6293 4956
f 4958 6294 4959
f 4959 6294 4955
f 4962 4964 4963
f 4963 4964 4805
f 4962 4961 4751
f 4751 4961 4748
f 6296 6297 6295
f 6295 6297 6298
f 6299 6300 6288
f 6288 6300 4735
f 6302 4961 6301
f 6301 4961 4960
f 6304 6287 6303
f 6303 6287 4749
f 4968 6305 4969
f 4969 6305 6306
f 4413 6308 6307
f 6307 6308 4900
f 6301 4960 6309
f 6309 4960 6291
f 4412 4408 6310
f 6310 4408 4806
f 4696 6311 4256
f 4256 6311 6312
f 6303 4749 6313
f 6313 4749 4748
f 6313 4748 6302
f 6302 4748 4961
f 6315 6316 6314
f 6314 6316 6317
f 4084 6318 6315
f 6315 6318 6316
f 4083 6319 4084
f 4084 6319 6318
f 4112 6320 4083
f 4083 6320 6319
f 6322 4138 6321
f 6321 4138 4137
f 6324 4128 6323
f 6323 4128 4127
f 4127 4193 6323
f 6323 4193 6325
f 4193 4891 6325
f 6325 4891 6326
f 4891 6327 6326
f 6326 6327 6328
f 6327 4824 5227
f 5227 4824 5228
f 5231 4684 6329
f 6329 4684 4683
f 4683 4099 6329
f 6329 4099 6330
f 4099 4102 6330
f 6330 4102 6331
f 4174 4826 4429
f 4429 4826 4829
f 4173 4741 4174
f 4174 4741 4826
f 4180 4738 4173
f 4173 4738 4741
f 6332 6333 4180
f 4180 6333 4738
f 6274 6334 4186
f 4186 6334 4188
f 4181 4825 4180
f 4180 4825 6332
f 5044 5213 5045
f 5045 5213 5165
f 5046 5087 5047
f 5047 5087 5222
f 5077 5063 5078
f 5078 5063 5198
f 5081 5099 5082
f 5082 5099 5194
f 5095 5074 5096
f 5096 5074 5073
f 5373 5170 5096
f 5096 5170 5093
f 5375 5171 5373
f 5373 5171 5170
f 5047 5222 5375
f 5375 5222 5171
f 5046 5038 5376
f 5376 5038 5067
f 5377 5086 5376
f 5376 5086 5085
f 5045 5165 5377
f 5377 5165 5086
f 5378 5214 5044
f 5044 5214 5213
f 5077 5034 5378
f 5378 5034 5214
f 5082 5194 5078
f 5078 5194 5035
f 5081 5080 5379
f 5379 5080 6335
f 5379 6335 5095
f 5095 6335 5074
f 5032 5080 5033
f 5033 5080 5079
f 5040 5017 5041
f 5041 5017 5016
f 5050 5043 5051
f 5051 5043 5042
f 5065 5023 5066
f 5066 5023 5022
f 5050 5049 5065
f 5065 5049 5023
f 5041 5016 5068
f 5068 5016 5020
f 5071 5374 5072
f 5072 5374 5200
f 5075 5156 5076
f 5076 5156 5155
f 5162 5212 5068
f 5068 5212 5067
f 5075 5074 5192
f 5192 5074 6335
f 5066 5022 5199
f 5199 5022 5196
f 5076 5155 5072
f 5072 5155 5069
f 5040 5039 5071
f 5071 5039 5374
f 5162 5161 5051
f 5051 5161 5048
f 5192 6335 5032
f 5032 6335 5080
f 5199 5196 5033
f 5033 5196 5030
f 5018 5211 5019
f 5019 5211 5408
f 5019 5408 5021
f 5021 5408 5163
f 5024 5057 5025
f 5025 5057 5415
f 5028 5048 5029
f 5029 5048 5161
f 5054 5031 5055
f 5055 5031 5030
f 5024 5023 5058
f 5058 5023 5049
f 5061 5070 5062
f 5062 5070 5069
f 5157 5438 5158
f 5158 5438 5442
f 5160 5191 5054
f 5054 5191 5031
f 5029 5161 5021
f 5021 5161 5020
f 5025 5415 5197
f 5197 5415 5220
f 5158 5442 5062
f 5062 5442 5059
f 5018 5017 5061
f 5061 5017 5070
f 5160 5159 5157
f 5157 5159 5438
f 5028 5027 5058
f 5058 5027 5056
f 5055 5030 5197
f 5197 5030 5196
f 5409 5380 5410
f 5410 5380 6336
f 5026 5413 5027
f 5027 5413 5412
f 5396 5417 5393
f 5393 5417 5416
f 5416 5057 5419
f 5419 5057 5056
f 5417 5396 5426
f 5426 5396 5420
f 5427 5423 5428
f 5428 5423 5422
f 5427 5059 5430
f 5430 5059 5442
f 5409 5408 5433
f 5433 5408 5211
f 5433 5211 5428
f 5428 5211 5060
f 5412 5411 5419
f 5419 5411 5418
f 5436 5053 5437
f 5437 5053 5052
f 5439 5402 5440
f 5440 5402 5401
f 5436 5435 5439
f 5439 5435 5402
f 5410 6336 5413
f 5413 6336 5414
f 5440 5401 5430
f 5430 5401 5429
f 5426 5420 5437
f 5437 5420 5434
f 5382 5432 5383
f 5383 5432 5384
f 5386 6336 5383
f 5383 6336 5380
f 6336 5386 5414
f 5414 5386 5388
f 5391 5418 5392
f 5392 5418 5411
f 5705 5395 5704
f 5704 5395 5394
f 5399 5435 5400
f 5400 5435 5434
f 5403 5441 5404
f 5404 5441 5405
f 5407 5429 5404
f 5404 5429 5401
f 5395 5705 5421
f 5421 5705 5748
f 5424 5706 5425
f 5425 5706 5431
f 5391 5390 5394
f 5394 5390 5704
f 5392 5388 5389
f 5389 5388 5387
f 5382 5381 5425
f 5425 5381 5422
f 5407 5406 5424
f 5424 5406 5706
f 5403 5402 5399
f 5399 5402 5435
f 5421 5748 5400
f 5400 5748 5397
f 4097 4721 4098
f 4098 4721 4231
f 4233 5273 4098
f 4098 5273 4095
f 6337 6338 4785
f 4785 6338 4786
f 4076 4780 4073
f 4073 4780 4781
f 4782 4190 4781
f 4781 4190 4073
f 4783 4901 4782
f 4782 4901 4190
f 4780 4076 4097
f 4097 4076 4721
f 6337 2879 4701
f 4701 2879 2878
f 5280 6339 5272
f 5272 6339 6340
f 5282 5281 6341
f 6341 5281 6342
f 4109 6302 4110
f 4110 6302 6301
f 4283 6304 4284
f 4284 6304 6303
f 6305 4379 6306
f 6306 4379 4378
f 4110 6301 4428
f 4428 6301 6309
f 6310 4688 4412
f 4412 4688 4687
f 4284 6303 4753
f 4753 6303 6313
f 4753 6313 4109
f 4109 6313 6302
f 6343 5226 4428
f 4428 5226 4427
f 4147 4900 4416
f 4416 4900 6308
f 6312 6311 4241
f 4241 6311 4720
f 5223 6344 4702
f 4702 6344 4699
f 4221 4220 6345
f 6345 4220 6346
f 5276 5275 6347
f 6347 5275 6348
f 5275 4728 6348
f 6348 4728 6349
f 4727 6350 5284
f 5284 6350 5285
f 6351 6352 6354
f 6354 6352 6353
f 5313 5312 5292
f 5292 5312 5293
f 5312 5344 5293
f 5293 5344 5337
f 5344 4914 5337
f 5337 4914 4916
f 4914 4913 4916
f 4916 4913 4917
f 4913 6355 4917
f 4917 6355 4978
f 6356 6357 6284
f 6284 6357 5012
f 6357 6358 5012
f 5012 6358 5011
f 5011 6358 5366
f 5366 6358 6359
f 6360 4742 6359
f 6359 4742 5366
f 4743 6361 4904
f 4904 6361 5364
f 5363 4905 5364
f 5364 4905 4904
f 5363 6362 4905
f 4905 6362 4207
f 6362 6363 4207
f 4207 6363 4208
f 6363 5342 4208
f 4208 5342 5330
f 5342 5341 5330
f 5330 5341 4244
f 5341 6364 4244
f 4244 6364 4245
f 6364 6365 4245
f 4245 6365 4246
f 6366 6367 4253
f 4253 6367 4250
f 4214 6368 4211
f 4211 6368 4380
f 4380 4379 4211
f 4211 4379 4283
f 4379 6305 4283
f 4283 6305 6304
f 6305 4968 6304
f 6304 4968 6287
f 4968 4967 6287
f 6287 4967 6286
f 4967 6297 6286
f 6286 6297 4676
f 6296 4376 4288
f 4288 4376 4285
f 4376 4373 4285
f 4285 4373 4290
f 6369 6370 6372
f 6372 6370 6371
f 5245 6373 5246
f 5246 6373 6374
f 4317 6375 4318
f 4318 6375 6376
f 4331 6377 4332
f 4332 6377 6378
f 6379 4333 6376
f 6376 4333 4318
f 4343 6380 4344
f 4344 6380 6381
f 4347 6382 4348
f 4348 6382 6383
f 4374 6371 4331
f 4331 6371 6377
f 4333 6379 4426
f 4426 6379 6384
f 4690 6385 4347
f 4347 6385 6382
f 4332 6378 4317
f 4317 6378 6375
f 4922 6386 4923
f 4923 6386 6387
f 6388 6389 4375
f 4375 6389 6390
f 6355 6356 4978
f 4978 6356 6284
f 4742 6360 4743
f 4743 6360 6361
f 6391 4238 6392
f 6392 4238 4719
f 6392 4719 6393
f 6393 4719 5296
f 6395 6396 6394
f 6394 6396 6397
f 6399 6400 6398
f 6398 6400 6401
f 6402 5302 6403
f 6403 5302 5303
f 5303 5321 6403
f 6403 5321 6404
f 5320 6405 5321
f 5321 6405 6404
f 5319 6406 5350
f 5350 6406 5351
f 5319 5318 6406
f 6406 5318 6407
f 5288 4197 6408
f 6408 4197 6409
f 4217 4216 6410
f 6410 4216 6411
f 5227 6412 6327
f 6327 6412 6328
f 4892 6413 5227
f 5227 6413 6412
f 4228 6414 4892
f 4892 6414 6413
f 4227 6415 4228
f 4228 6415 6414
f 4248 6416 4227
f 4227 6416 6415
f 4247 6417 4248
f 4248 6417 6416
f 6417 4247 6419
f 6419 4247 6418
f 6419 6418 6421
f 6421 6418 6420
f 6422 5301 6423
f 6423 5301 5300
f 6423 5300 6424
f 6424 5300 6399
f 6408 6409 6398
f 6398 6409 6425
f 6426 6427 6397
f 6397 6427 6394
f 6428 4224 6429
f 6429 4224 4223
f 6347 6346 5276
f 5276 6346 4220
f 6346 6347 6341
f 6341 6347 6339
f 5280 5278 5282
f 5282 5278 4236
f 4896 5224 4684
f 4684 5224 4681
f 4132 4135 4896
f 4896 4135 5224
f 4131 4136 4132
f 4132 4136 4135
f 4226 4754 4131
f 4131 4754 4136
f 4251 4213 4226
f 4226 4213 4754
f 4250 4214 4251
f 4251 4214 4213
f 4250 6367 4214
f 4214 6367 6368
f 6367 4910 6368
f 6368 4910 4737
f 4909 5297 4736
f 4736 5297 5296
f 5297 6395 5296
f 5296 6395 6393
f 6427 6430 6394
f 6394 6430 6431
f 6429 4383 6428
f 6428 4383 4382
f 4219 5277 4220
f 4220 5277 5276
f 4222 4697 4383
f 4383 4697 4218
f 6345 4699 4221
f 4221 4699 6344
f 6342 4700 6345
f 6345 4700 4699
f 4235 4786 5281
f 5281 4786 6338
f 4234 4787 4235
f 4235 4787 4786
f 5279 5278 6432
f 6432 5278 5271
f 4237 5279 6433
f 6433 5279 6432
f 4787 4234 6433
f 6433 4234 4237
f 6435 6436 6434
f 6434 6436 6437
f 6359 6438 6360
f 6360 6438 6437
f 6439 6440 6441
f 6441 6440 6438
f 6443 6439 6442
f 6442 6439 6441
f 6357 6356 6442
f 6442 6356 6444
f 6444 6446 6445
f 6445 6446 6447
f 4912 6446 4913
f 4913 6446 6355
f 6361 6436 5364
f 5364 6436 5365
f 5319 5350 5316
f 5316 5350 6448
f 4832 6449 5350
f 5350 6449 6448
f 4831 6450 4832
f 4832 6450 6449
f 5354 6451 5320
f 5320 6451 6405
f 4265 6452 5354
f 5354 6452 6451
f 4264 6453 4265
f 4265 6453 6452
f 6450 4831 6447
f 6447 4831 6445
f 4263 6435 4264
f 4264 6435 6434
f 6454 6453 6439
f 6439 6453 6440
f 6439 6443 6454
f 6454 6443 4834
f 4833 6455 4834
f 4834 6455 6454
f 5351 6456 4833
f 4833 6456 6455
f 6457 6391 6458
f 6458 6391 6392
f 6458 6392 6431
f 6431 6392 6393
f 5298 6396 5297
f 5297 6396 6395
f 6402 6400 5302
f 5302 6400 5299
f 6402 6403 6459
f 6459 6403 6460
f 6460 6403 6461
f 6461 6403 6404
f 6405 6462 6404
f 6404 6462 6461
f 6406 6462 5351
f 5351 6462 6456
f 6406 6407 6462
f 6462 6407 6461
f 6407 6463 6461
f 6461 6463 6460
f 6463 6464 6460
f 6460 6464 6459
f 6464 6465 6459
f 6459 6465 6401
f 6430 6466 6431
f 6431 6466 6458
f 6466 6410 6458
f 6458 6410 6457
f 6410 6411 6457
f 6457 6411 6467
f 6396 6424 6397
f 6397 6424 6425
f 6393 6395 6431
f 6431 6395 6394
f 6451 6456 6405
f 6405 6456 6462
f 6452 6455 6451
f 6451 6455 6456
f 6453 6454 6452
f 6452 6454 6455
f 6443 6445 4834
f 4834 6445 4831
f 6440 6453 6434
f 6434 6453 4264
f 6468 5306 5360
f 5360 5306 5305
f 6469 4124 6468
f 6468 4124 5306
f 6470 4125 6469
f 6469 4125 4124
f 6471 5291 6470
f 6470 5291 4125
f 6353 5292 6471
f 6471 5292 5291
f 5292 6353 5313
f 5313 6353 6352
f 5347 5314 6352
f 6352 5314 5313
f 5353 5318 5346
f 5346 5318 5317
f 5334 6468 5358
f 5358 6468 5360
f 5324 6469 5334
f 5334 6469 6468
f 5323 6470 5324
f 5324 6470 6469
f 5343 6471 5323
f 5323 6471 6470
f 6354 6353 5343
f 5343 6353 6471
f 6348 6349 4270
f 4270 6349 5311
f 5272 6340 5273
f 5273 6340 4272
f 6432 5271 4232
f 4232 5271 4233
f 4294 6432 4295
f 4295 6432 4232
f 6432 4294 6433
f 6433 4294 4301
f 4301 4300 6433
f 6433 4300 4787
f 4704 4784 4300
f 4300 4784 4787
f 4704 3013 4784
f 4784 3013 1307
f 5103 6472 5104
f 5104 6472 5202
f 5108 5116 5105
f 5105 5116 5115
f 5111 5124 5112
f 5112 5124 5123
f 5154 5205 5105
f 5105 5205 5106
f 5167 5180 5168
f 5168 5180 5185
f 5175 5188 5176
f 5176 5188 5187
f 5112 5123 5178
f 5178 5123 5120
f 5167 5090 5183
f 5183 5090 5089
f 5210 5151 5183
f 5183 5151 5181
f 5216 5138 5217
f 5217 5138 5137
f 5218 5119 5219
f 5219 5119 5221
f 5218 5178 5119
f 5119 5178 5120
f 5217 5137 5104
f 5104 5137 5101
f 5116 5108 5221
f 5221 5108 5219
f 5111 5110 5210
f 5210 5110 5151
f 5154 5153 5103
f 5103 5153 6472
f 5216 5215 5176
f 5176 5215 5173
f 5175 5174 5168
f 5168 5174 5166
f 5091 5172 5092
f 5092 5172 5208
f 5117 5037 5118
f 5118 5037 5036
f 5121 5164 5122
f 5122 5164 5133
f 5125 5084 5126
f 5126 5084 5083
f 5129 5174 5130
f 5130 5174 5173
f 5131 5202 5132
f 5132 5202 6472
f 5135 5221 5122
f 5122 5221 5119
f 5125 5124 5136
f 5136 5124 5209
f 5126 5083 5121
f 5121 5083 5164
f 5118 5036 5195
f 5195 5036 5193
f 5131 5097 5203
f 5203 5097 5114
f 5132 6472 5195
f 5195 6472 5153
f 5136 5209 5092
f 5092 5209 5089
f 5135 5134 5117
f 5117 5134 5037
f 5362 5206 5130
f 5130 5206 5127
f 5372 5371 5128
f 5128 5371 5129
f 5371 5372 5091
f 5091 5372 5172
f 5362 5215 5203
f 5203 5215 5201
f 6463 6407 5353
f 5353 6407 5318
f 6464 6463 5352
f 5352 6463 5353
f 6408 6465 5288
f 5288 6465 5289
f 4196 4224 6426
f 6426 4224 6427
f 6430 6427 6428
f 6428 6427 4224
f 6466 6430 4382
f 4382 6430 6428
f 6410 6466 4217
f 4217 6466 4382
f 4240 4239 3015
f 3015 4239 3016
f 4254 4257 3017
f 3017 4257 3018
f 6473 6474 4732
f 4732 6474 6475
f 6474 6374 6475
f 6475 6374 6373
f 5246 6374 3022
f 3022 6374 3023
f 4254 6299 4255
f 4255 6299 6288
f 6473 6300 3024
f 3024 6300 3025
f 6476 4257 6312
f 6312 4257 4256
f 4240 6476 4241
f 4241 6476 6312
f 6477 4239 6391
f 6391 4239 4238
f 6467 6477 6457
f 6457 6477 6391
f 6411 3029 6467
f 6467 3029 3028
f 4216 3030 6411
f 6411 3030 3029
f 6479 6480 6478
f 6478 6480 6481
f 6483 6484 6482
f 6482 6484 6485
f 6486 6487 4102
f 4102 6487 6331
f 6483 6488 6478
f 6478 6488 6489
f 4429 4829 6490
f 6490 4829 6479
f 6491 6486 4101
f 4101 6486 4102
f 4895 6491 4899
f 4899 6491 4101
f 4160 6488 4157
f 4157 6488 6492
f 6489 4087 6490
f 6490 4087 4090
f 4267 4261 5013
f 5013 4261 4260
f 4258 4261 5328
f 5328 4261 4975
f 4261 4267 4975
f 4975 4267 4266
f 5367 3793 3912
f 3912 3793 3575
f 6494 3616 6493
f 6493 3616 3795
f 6496 3589 6495
f 6495 3589 3588
f 6495 3588 5368
f 5368 3588 3794
f 3841 3840 3050
f 3050 3840 3051
f 3912 3911 3052
f 3052 3911 3053
f 3929 3930 3054
f 3054 3930 3055
f 5370 3930 3916
f 3916 3930 3923
f 3938 5369 3807
f 3807 5369 3915
f 3589 6496 3806
f 3806 6496 3937
f 3938 3937 3056
f 3056 3937 3057
f 3051 3840 3058
f 3058 3840 3943
f 3730 4808 3727
f 3727 4808 3943
f 3820 3951 3795
f 3795 3951 6493
f 3951 3841 3059
f 3059 3841 3050
f 3911 3574 6494
f 6494 3574 3616
f 3823 3929 3824
f 3824 3929 3952
f 4061 4060 3060
f 3060 4060 3061
f 6497 6498 4901
f 4901 6498 4790
f 6333 6499 4738
f 4738 6499 4739
f 6500 6501 6314
f 6314 6501 4418
f 6502 6275 4417
f 4417 6275 4185
f 6503 6497 4783
f 4783 6497 4901
f 6498 4060 4790
f 4790 4060 4059
f 4808 4061 3069
f 3069 4061 3060
f 5367 3071 5368
f 5368 3071 3070
f 5369 3073 5370
f 5370 3073 3072
f 6274 6275 3074
f 3074 6275 3075
f 6499 6504 4739
f 4739 6504 6317
f 6333 6332 3077
f 3077 6332 3078
f 6334 6274 3079
f 3079 6274 3074
f 6332 4825 3078
f 3078 4825 3080
f 6334 6503 4188
f 4188 6503 4783
f 4825 4689 3080
f 3080 4689 1330
f 6506 4747 6505
f 6505 4747 4746
f 6505 6507 6506
f 6506 6507 6508
f 4297 6509 4920
f 4920 6509 6510
f 4296 6511 4297
f 4297 6511 6509
f 6506 6508 4319
f 4319 6508 6512
f 4372 4371 6514
f 6514 4371 6513
f 6511 4296 5251
f 5251 4296 4305
f 5251 5250 6511
f 6511 5250 6515
f 6516 6509 6515
f 6515 6509 6511
f 6517 6507 6519
f 6519 6507 6518
f 6512 6520 6513
f 6513 6520 6514
f 6507 6517 6508
f 6508 6517 6521
f 5249 6523 6522
f 6522 6523 6524
f 6525 6370 5253
f 5253 6370 6526
f 4370 4323 4371
f 4371 4323 4326
f 4370 3103 4323
f 4323 3103 1541
f 6521 6517 6527
f 6527 6517 6519
f 6520 6528 6514
f 6514 6528 6529
f 6531 6532 6530
f 6530 6532 6533
f 5250 6534 6515
f 6515 6534 6535
f 6530 6533 6536
f 6536 6533 6537
f 6526 6538 6534
f 6534 6538 6537
f 6515 6535 6516
f 6516 6535 6539
f 4325 4321 4326
f 4326 4321 4320
f 4371 4326 6513
f 6513 4326 4320
f 6531 4731 6541
f 6541 4731 6540
f 4731 4730 6540
f 6540 4730 6542
f 4730 3121 6542
f 6542 3121 3120
f 6530 4328 6531
f 6531 4328 4731
f 4328 6530 4329
f 4329 6530 6536
f 4329 6536 6524
f 6524 6536 6543
f 6544 6545 6522
f 6522 6545 5248
f 6389 6388 5245
f 5245 6388 6373
f 6388 6546 6373
f 6373 6546 6475
f 4733 6546 6295
f 6295 6546 4377
f 4732 6475 4733
f 4733 6475 6546
f 4393 4432 4394
f 4394 4432 4435
f 4434 4672 4842
f 4842 4672 4671
f 4440 4439 4441
f 4441 4439 4438
f 4436 4450 4437
f 4437 4450 4398
f 4447 4444 4448
f 4448 4444 4392
f 4446 4464 4433
f 4433 4464 6547
f 4454 4423 4455
f 4455 4423 4422
f 4452 4481 4453
f 4453 4481 4480
f 4458 4389 4459
f 4459 4389 4388
f 4456 4471 4457
f 4457 4471 4468
f 4391 4460 4392
f 4392 4460 4448
f 4461 4467 4445
f 4445 4467 4465
f 4437 4398 4629
f 4629 4398 4397
f 4438 4628 4441
f 4441 4628 4631
f 4841 4629 4839
f 4839 4629 4397
f 4628 4842 4631
f 4631 4842 4671
f 4930 4989 4452
f 4452 4989 4481
f 4929 4927 4436
f 4436 4927 4450
f 4933 4387 4934
f 4934 4387 4386
f 4931 4475 4932
f 4932 4475 4474
f 4936 4449 4933
f 4933 4449 4387
f 4935 4472 4456
f 4456 4472 4471
f 4389 4458 4391
f 4391 4458 4460
f 4457 4468 4461
f 4461 4468 4467
f 4934 4386 4454
f 4454 4386 4423
f 4453 4480 4931
f 4931 4480 4475
f 4575 4997 4576
f 4576 4997 4639
f 4579 4596 4580
f 4580 4596 4595
f 4583 4582 4572
f 4572 4582 4569
f 4587 4944 4588
f 4588 4944 4562
f 4588 4562 4590
f 4590 4562 4561
f 4576 4639 4642
f 4642 4639 4638
f 4642 4845 4641
f 4641 4845 4846
f 4845 4590 4846
f 4846 4590 4561
f 4941 4938 4595
f 4595 4938 4580
f 4938 4940 4668
f 4668 4940 4669
f 4583 4942 4584
f 4584 4942 4947
f 4582 4587 4569
f 4569 4587 4586
f 5000 5001 4579
f 4579 5001 4596
f 4558 4560 4585
f 4585 4560 4586
f 4565 4639 4566
f 4566 4639 4997
f 4568 4567 4577
f 4577 4567 4578
f 4570 4554 4571
f 4571 4554 4556
f 4640 4565 4637
f 4637 4565 4546
f 4662 4664 4665
f 4665 4664 4844
f 4662 4558 4589
f 4589 4558 4585
f 4554 4570 4557
f 4557 4570 4560
f 4571 4667 4572
f 4572 4667 4943
f 4551 4670 4552
f 4552 4670 4666
f 4640 4664 4638
f 4638 4664 4663
f 4670 4568 4668
f 4668 4568 4577
f 4999 4996 4566
f 4566 4996 4543
f 4608 4564 4603
f 4603 4564 4563
f 4573 4593 4574
f 4574 4593 4592
f 4597 4614 4598
f 4598 4614 4613
f 4601 4600 4584
f 4584 4600 4581
f 4563 4562 4604
f 4604 4562 4944
f 4643 4593 4641
f 4641 4593 4573
f 4643 4847 4644
f 4644 4847 4848
f 4564 4847 4561
f 4561 4847 4846
f 4945 4941 4598
f 4598 4941 4595
f 4941 4945 4939
f 4939 4945 4946
f 4601 4948 4602
f 4602 4948 4620
f 4600 4604 4581
f 4581 4604 4944
f 5002 5003 4597
f 4597 5003 4614
f 4988 4759 4953
f 4953 4759 4402
f 4706 6548 4707
f 4707 6548 6549
f 4311 4928 4419
f 4419 4928 6550
f 4921 4920 6551
f 6551 4920 6552
f 4925 6553 4926
f 4926 6553 6554
f 4928 4921 4802
f 4802 4921 6551
f 6555 4985 6550
f 6550 4985 4419
f 4952 6556 4953
f 4953 6556 4649
f 4971 6557 4706
f 4706 6557 6548
f 4988 4648 4925
f 4925 4648 6553
f 4707 6549 5006
f 5006 6549 4987
f 4920 6510 6552
f 6552 6510 6518
f 6558 6510 6516
f 6516 6510 6509
f 6559 6558 6539
f 6539 6558 6516
f 6531 6541 6532
f 6532 6541 6560
f 6540 6561 6541
f 6541 6561 6529
f 6542 6562 6540
f 6540 6562 6561
f 6542 3120 6562
f 6562 3120 3142
f 4366 6563 4760
f 4760 6563 4970
f 4815 6564 4816
f 4816 6564 6565
f 3147 3146 6565
f 6565 3146 4816
f 6564 6563 6565
f 6565 6563 6566
f 4837 4385 4357
f 4357 4385 4358
f 6565 6566 3147
f 3147 6566 3149
f 4694 1209 3150
f 5247 5249 5248
f 5248 5249 6522
f 6372 6390 6545
f 6545 6390 6389
f 6375 5254 6376
f 6376 5254 5258
f 6377 6525 6378
f 6378 6525 5255
f 5260 6379 5258
f 5258 6379 6376
f 6380 6567 6381
f 6381 6567 6568
f 6382 6569 6383
f 6383 6569 6570
f 6377 6371 6525
f 6525 6371 6370
f 6379 5260 6384
f 6384 5260 6571
f 6385 6572 6382
f 6382 6572 6569
f 6378 5255 6375
f 6375 5255 5254
f 6386 6573 6387
f 6387 6573 6574
f 6545 6389 5248
f 5248 6389 5245
f 4675 4750 4676
f 4676 4750 6286
f 4734 6289 4735
f 4735 6289 6288
f 4804 6290 4805
f 4805 6290 4963
f 4811 4807 4812
f 4812 4807 4411
f 4954 6292 4955
f 4955 6292 4959
f 4964 4962 4965
f 4965 4962 4751
f 6285 4821 4812
f 4812 4821 4809
f 4675 4287 4965
f 4965 4287 4210
f 6294 4145 4955
f 4955 4145 4154
f 4964 4120 4805
f 4805 4120 4119
f 6298 4966 4734
f 4734 4966 6289
f 6300 6473 4735
f 4735 6473 4732
f 6297 6296 4676
f 4676 6296 4288
f 6523 3160 4330
f 4330 3160 3159
f 5253 5252 6525
f 6525 5252 5255
f 5256 5252 4305
f 4305 5252 5251
f 4304 5257 4305
f 4305 5257 5256
f 4424 5259 4304
f 4304 5259 5257
f 5261 6571 5259
f 5259 6571 5260
f 5262 6573 5261
f 5261 6573 6571
f 5264 6567 5265
f 5265 6567 6574
f 5266 6572 5267
f 5267 6572 6568
f 5268 6570 5269
f 5269 6570 6569
f 1807 3161 5268
f 5268 3161 6570
f 6524 6523 4329
f 4329 6523 4330
f 5253 6526 5250
f 5250 6526 6534
f 6543 6538 6544
f 6544 6538 6369
f 6524 6543 6522
f 6522 6543 6544
f 3071 5367 3052
f 3052 5367 3912
f 6493 3163 6494
f 6494 3163 3162
f 3164 445 3771
f 3771 445 3761
f 461 3165 3919
f 3919 3165 3920
f 330 410 3839
f 3839 410 3910
f 332 331 3552
f 3552 331 3551
f 464 304 3918
f 3918 304 3816
f 385 458 3766
f 3766 458 3894
f 412 415 3762
f 3762 415 3763
f 3166 337 3748
f 3748 337 3745
f 3072 3055 5370
f 5370 3055 3930
f 3073 5369 3056
f 3056 5369 3938
f 3167 3057 6496
f 6496 3057 3937
f 3069 3058 4808
f 4808 3058 3943
f 411 3166 3851
f 3851 3166 3748
f 3059 3163 3951
f 3951 3163 6493
f 336 3164 3772
f 3772 3164 3771
f 3053 3911 3162
f 3162 3911 6494
f 3054 3168 3929
f 3929 3168 3952
f 3165 830 3920
f 3920 830 3945
f 3170 3169 6497
f 6497 3169 6498
f 3171 1354 5005
f 5005 1354 4830
f 3172 3170 6503
f 6503 3170 6497
f 3169 3061 6498
f 6498 3061 4060
f 3173 3171 5006
f 5006 3171 5005
f 3079 3172 6334
f 6334 3172 6503
f 3174 3025 6299
f 6299 3025 6300
f 6576 6577 6575
f 6575 6577 6578
f 4612 4611 6579
f 6579 4611 6580
f 6582 6583 6581
f 6581 6583 6584
f 6584 6585 4618
f 4618 6585 4621
f 6586 6587 6589
f 6589 6587 6588
f 6588 6587 6590
f 6590 6587 6591
f 6592 4606 6590
f 6590 4606 4623
f 6594 6576 6593
f 6593 6576 6575
f 6595 6582 6579
f 6579 6582 6581
f 6580 6597 6596
f 6596 6597 6598
f 6577 6576 6599
f 6599 6576 6600
f 6595 6596 6601
f 6601 6596 6602
f 6583 6582 6603
f 6603 6582 6604
f 6586 6606 6605
f 6605 6606 6607
f 6587 6586 6608
f 6608 6586 6605
f 6587 6608 6591
f 6591 6608 6609
f 6576 6594 6600
f 6600 6594 6610
f 6582 6595 6604
f 6604 6595 6601
f 6599 6611 6577
f 6577 6611 6598
f 6613 6614 6612
f 6612 6614 6615
f 6617 6618 6616
f 6616 6618 6619
f 6621 6622 6620
f 6620 6622 6623
f 6625 6626 6624
f 6624 6626 6627
f 6629 6630 6628
f 6628 6630 6631
f 6633 6634 6632
f 6632 6634 6635
f 6637 6638 6636
f 6636 6638 6639
f 6640 6641 6637
f 6637 6641 6638
f 6643 6633 6642
f 6642 6633 6632
f 6645 6646 6644
f 6644 6646 6647
f 6646 6648 6647
f 6647 6648 6649
f 6651 6652 6650
f 6650 6652 6653
f 6653 6652 6654
f 6654 6652 6655
f 6656 6657 6659
f 6659 6657 6658
f 6661 6662 6660
f 6660 6662 6663
f 6662 6661 6664
f 6664 6661 6665
f 6667 6657 6666
f 6666 6657 6656
f 6669 6670 6668
f 6668 6670 6671
f 6672 6673 6670
f 6670 6673 6671
f 6674 6675 6677
f 6677 6675 6676
f 6675 6678 6676
f 6676 6678 6679
f 6681 6682 6680
f 6680 6682 6683
f 6684 6685 6683
f 6683 6685 6680
f 6687 6688 6686
f 6686 6688 6689
f 6687 6690 6688
f 6688 6690 6691
f 6619 6618 6633
f 6633 6618 6634
f 6632 6635 6693
f 6693 6635 6692
f 6617 6694 6636
f 6636 6694 6637
f 6695 6692 6639
f 6639 6692 6635
f 6637 6694 6640
f 6640 6694 6696
f 6698 6638 6697
f 6697 6638 6641
f 6643 6616 6633
f 6633 6616 6619
f 6642 6699 6641
f 6641 6699 6697
f 6646 6645 6700
f 6700 6645 6621
f 6644 6701 6654
f 6654 6701 6702
f 6700 6703 6646
f 6646 6703 6648
f 6693 6704 6649
f 6649 6704 6647
f 6620 6623 6651
f 6651 6623 6652
f 6693 6649 6699
f 6699 6649 6650
f 6652 6623 6655
f 6655 6623 6622
f 6654 6702 6653
f 6653 6702 6697
f 6615 6614 6657
f 6657 6614 6658
f 6705 6656 6704
f 6704 6656 6659
f 6613 6706 6660
f 6660 6706 6661
f 6704 6659 6701
f 6701 6659 6663
f 6661 6706 6665
f 6665 6706 6707
f 6708 6702 6664
f 6664 6702 6662
f 6612 6615 6667
f 6667 6615 6657
f 6666 6709 6664
f 6664 6709 6708
f 6629 6710 6669
f 6669 6710 6670
f 6668 6711 6679
f 6679 6711 6712
f 6713 6672 6710
f 6710 6672 6670
f 6714 6671 6705
f 6705 6671 6673
f 6628 6631 6674
f 6674 6631 6675
f 6705 6673 6709
f 6709 6673 6677
f 6631 6630 6675
f 6675 6630 6678
f 6712 6708 6679
f 6679 6708 6676
f 6625 6715 6682
f 6682 6715 6683
f 6716 6717 6681
f 6681 6717 6691
f 6718 6684 6715
f 6715 6684 6683
f 6719 6680 6714
f 6714 6680 6685
f 6624 6627 6686
f 6686 6627 6687
f 6689 6711 6685
f 6685 6711 6714
f 6627 6626 6687
f 6687 6626 6690
f 6717 6712 6691
f 6691 6712 6688
f 6612 6707 6613
f 6613 6707 6706
f 6616 6696 6617
f 6617 6696 6694
f 6703 6700 6620
f 6620 6700 6621
f 6715 6625 6718
f 6718 6625 6624
f 6710 6629 6713
f 6713 6629 6628
f 6639 6635 6636
f 6636 6635 6634
f 6641 6640 6642
f 6642 6640 6643
f 6654 6655 6644
f 6644 6655 6645
f 6651 6650 6648
f 6648 6650 6649
f 6659 6658 6663
f 6663 6658 6660
f 6665 6667 6664
f 6664 6667 6666
f 6678 6669 6679
f 6679 6669 6668
f 6673 6672 6677
f 6677 6672 6674
f 6690 6682 6691
f 6691 6682 6681
f 6685 6684 6689
f 6689 6684 6686
f 6636 6634 6617
f 6617 6634 6618
f 6638 6698 6639
f 6639 6698 6695
f 6640 6696 6643
f 6643 6696 6616
f 6693 6699 6632
f 6632 6699 6642
f 6655 6622 6645
f 6645 6622 6621
f 6704 6701 6647
f 6647 6701 6644
f 6651 6648 6620
f 6620 6648 6703
f 6650 6653 6699
f 6699 6653 6697
f 6613 6660 6614
f 6614 6660 6658
f 6663 6662 6701
f 6701 6662 6702
f 6665 6707 6667
f 6667 6707 6612
f 6705 6709 6656
f 6656 6709 6666
f 6630 6629 6678
f 6678 6629 6669
f 6714 6711 6671
f 6671 6711 6668
f 6672 6713 6674
f 6674 6713 6628
f 6677 6676 6709
f 6709 6676 6708
f 6626 6625 6690
f 6690 6625 6682
f 6680 6719 6681
f 6681 6719 6716
f 6684 6718 6686
f 6686 6718 6624
f 6711 6689 6712
f 6689 6688 6712
f 6593 6720 6594
f 6594 6720 6721
f 6722 6720 4607
f 4607 6720 4849
f 6592 6723 6722
f 6722 6723 6724
f 4610 4609 6578
f 6578 4609 6575
f 6596 6595 6580
f 6580 6595 6579
f 4618 4617 6584
f 6584 4617 6581
f 6589 6585 6586
f 6586 6585 6606
f 4622 4619 6588
f 6588 4619 6589
f 4622 6588 4623
f 4623 6588 6590
f 4609 4645 6575
f 6575 4645 6593
f 4617 4612 6581
f 6581 4612 6579
f 5004 4610 6597
f 6597 4610 6578
f 4645 4849 6593
f 6593 4849 6720
f 6724 6721 6722
f 6722 6721 6720
f 6722 4607 6592
f 6592 4607 4606
f 6725 6610 6721
f 6721 6610 6594
f 6723 6726 6724
f 6724 6726 6727
f 6727 6725 6724
f 6724 6725 6721
f 6728 6729 6605
f 6605 6729 6608
f 6605 6607 6728
f 6728 6607 6730
f 6731 6732 6604
f 6604 6732 6603
f 6733 6734 6725
f 6725 6734 6610
f 6735 6733 6727
f 6727 6733 6725
f 6735 6727 6736
f 6736 6727 6726
f 6591 6609 6723
f 6723 6609 6726
f 6723 6592 6591
f 6591 6592 6590
f 6738 6739 6737
f 6737 6739 6740
f 6740 6739 6742
f 6742 6739 6741
f 6743 6744 6741
f 6741 6744 6742
f 6745 6746 6743
f 6743 6746 6744
f 6747 6748 6745
f 6745 6748 6746
f 6749 6750 6747
f 6747 6750 6748
f 6752 6738 6751
f 6751 6738 6737
f 6754 6752 6753
f 6753 6752 6751
f 6756 6754 6755
f 6755 6754 6753
f 6758 6750 6757
f 6757 6750 6749
f 6760 6756 6759
f 6759 6756 6755
f 6762 6760 6761
f 6761 6760 6759
f 6764 6762 6763
f 6763 6762 6761
f 6757 6764 6758
f 6758 6764 6763
f 6766 6741 6765
f 6765 6741 6739
f 6767 6743 6766
f 6766 6743 6741
f 6768 6745 6767
f 6767 6745 6743
f 6769 6747 6768
f 6768 6747 6745
f 6770 6749 6769
f 6769 6749 6747
f 6772 6769 6771
f 6771 6769 6768
f 6773 6770 6772
f 6772 6770 6769
f 6774 6775 6772
f 6772 6775 6773
f 6777 6778 6776
f 6776 6778 6779
f 6775 6774 6778
f 6778 6774 6779
f 6771 6780 6772
f 6772 6780 6774
f 6780 6781 6774
f 6774 6781 6779
f 6781 6782 6779
f 6779 6782 6776
f 6784 6785 6783
f 6783 6785 6786
f 6786 6787 6783
f 6783 6787 6788
f 6790 6788 6789
f 6789 6788 6787
f 6786 6785 6791
f 6791 6785 6792
f 6791 6793 6786
f 6786 6793 6787
f 6793 6794 6787
f 6787 6794 6789
f 6795 6796 6794
f 6794 6796 6789
f 6790 6789 6797
f 6797 6789 6796
f 6798 6765 6738
f 6738 6765 6739
f 6799 6798 6752
f 6752 6798 6738
f 6767 6800 6768
f 6768 6800 6771
f 6766 6801 6767
f 6767 6801 6800
f 6802 6801 6765
f 6765 6801 6766
f 6798 6803 6765
f 6765 6803 6802
f 6804 6803 6799
f 6799 6803 6798
f 6805 6806 6804
f 6804 6806 6803
f 6807 6799 6754
f 6754 6799 6752
f 6808 6804 6807
f 6807 6804 6799
f 6809 6805 6808
f 6808 6805 6804
f 6810 6811 6805
f 6805 6811 6806
f 6812 6813 6810
f 6810 6813 6811
f 6814 6815 6796
f 6796 6815 6797
f 6813 6814 6816
f 6816 6814 6817
f 6816 6818 6813
f 6813 6818 6811
f 6819 6806 6818
f 6818 6806 6811
f 6802 6803 6819
f 6819 6803 6806
f 6757 6749 6820
f 6820 6749 6770
f 6820 6770 6821
f 6821 6770 6773
f 6821 6773 6822
f 6822 6773 6775
f 6822 6775 6823
f 6823 6775 6778
f 6824 6823 6777
f 6777 6823 6778
f 6784 6825 6777
f 6777 6825 6824
f 6826 6827 6788
f 6788 6827 6783
f 6828 6826 6790
f 6790 6826 6788
f 6829 6828 6797
f 6797 6828 6790
f 6815 6830 6797
f 6797 6830 6829
f 6832 6812 6831
f 6831 6812 6810
f 6831 6810 6809
f 6809 6810 6805
f 6736 6800 6735
f 6735 6800 6801
f 6733 6735 6802
f 6802 6735 6801
f 6734 6733 6819
f 6819 6733 6802
f 6833 6734 6818
f 6818 6734 6819
f 6834 6833 6816
f 6816 6833 6818
f 6816 6817 6834
f 6834 6817 6835
f 6837 6795 6836
f 6836 6795 6794
f 6836 6794 6731
f 6731 6794 6793
f 6732 6731 6791
f 6791 6731 6793
f 6791 6792 6732
f 6732 6792 6730
f 6729 6728 6781
f 6781 6728 6782
f 6838 6807 6756
f 6756 6807 6754
f 6839 6838 6760
f 6760 6838 6756
f 6840 6839 6762
f 6762 6839 6760
f 6841 6840 6764
f 6764 6840 6762
f 6820 6841 6757
f 6757 6841 6764
f 6841 6820 6842
f 6842 6820 6821
f 6840 6841 6843
f 6843 6841 6842
f 6839 6840 6844
f 6844 6840 6843
f 6838 6839 6845
f 6845 6839 6844
f 6807 6838 6808
f 6808 6838 6845
f 6842 6821 6846
f 6846 6821 6822
f 6843 6842 6847
f 6847 6842 6846
f 6844 6843 6848
f 6848 6843 6847
f 6845 6844 6849
f 6849 6844 6848
f 6808 6845 6809
f 6809 6845 6849
f 6850 6831 6849
f 6849 6831 6809
f 6851 6850 6848
f 6848 6850 6849
f 6847 6852 6848
f 6848 6852 6851
f 6853 6852 6846
f 6846 6852 6847
f 6846 6822 6853
f 6853 6822 6823
f 6853 6823 6854
f 6854 6823 6824
f 6854 6855 6853
f 6853 6855 6852
f 6856 6851 6855
f 6855 6851 6852
f 6856 6857 6851
f 6851 6857 6850
f 6857 6832 6850
f 6850 6832 6831
f 6825 6858 6824
f 6824 6858 6854
f 6860 6827 6859
f 6859 6827 6826
f 6859 6826 6861
f 6861 6826 6828
f 6862 6861 6829
f 6829 6861 6828
f 6830 6863 6829
f 6829 6863 6862
f 6863 6864 6862
f 6862 6864 6865
f 6858 6866 6854
f 6854 6866 6855
f 6867 6865 6866
f 6866 6865 6864
f 6869 6859 6868
f 6868 6859 6861
f 6867 6869 6865
f 6865 6869 6868
f 6861 6862 6868
f 6868 6862 6865
f 6867 6860 6869
f 6869 6860 6859
f 6753 6751 6698
f 6698 6751 6695
f 6697 6755 6698
f 6698 6755 6753
f 6759 6755 6702
f 6702 6755 6697
f 6761 6759 6708
f 6708 6759 6702
f 6763 6761 6712
f 6712 6761 6708
f 6758 6763 6717
f 6717 6763 6712
f 6750 6758 6716
f 6716 6758 6717
f 6719 6748 6716
f 6716 6748 6750
f 6714 6746 6719
f 6719 6746 6748
f 6705 6744 6714
f 6714 6744 6746
f 6704 6742 6705
f 6705 6742 6744
f 6740 6742 6693
f 6693 6742 6704
f 6737 6740 6692
f 6692 6740 6693
f 6751 6737 6695
f 6695 6737 6692
f 6601 6602 6836
f 6836 6602 6837
f 6604 6601 6731
f 6731 6601 6836
f 6599 6600 6834
f 6834 6600 6833
f 6834 6835 6599
f 6599 6835 6611
f 6600 6610 6833
f 6833 6610 6734
f 6780 6771 6870
f 6870 6771 6736
f 6736 6771 6800
f 6870 6729 6780
f 6780 6729 6781
f 6608 6729 6609
f 6609 6729 6870
f 6609 6870 6726
f 6726 6870 6736
f 5014 5015 5229
f 5229 5015 5230
f 4258 5015 4259
f 4259 5015 4878
f 3471 3013 4703
f 4703 3013 4704
f 2879 6337 1306
f 1306 6337 4785
f 829 3471 4316
f 4316 3471 4703
f 4702 3472 5223
f 5223 3472 1756
f 6871 6872 4534
f 4534 6872 4535
f 6871 4665 6872
f 6872 4665 4844
f 6871 6873 4665
f 4665 6873 4559
f 6871 4534 6873
f 6873 4534 4542
f 4153 4152 4822
f 4822 4152 4407
f 4152 4168 4407
f 4407 4168 4342
f 4343 4168 4923
f 4923 4168 4167
f 4363 4362 4972
f 4972 4362 4840
f 4362 4394 4840
f 4840 4394 4839
f 4401 4400 4986
f 4986 4400 4984
f 4435 4434 4841
f 4841 4434 4842
f 4506 4505 4530
f 4530 4505 4531
f 4506 4535 4507
f 4507 4535 4843
f 4661 4660 4516
f 4516 4660 4517
f 4673 4672 4937
f 4937 4672 6547
f 4400 4924 4984
f 4984 4924 5263
f 4673 4660 4674
f 4674 4660 4659
f 4505 4661 4531
f 4531 4661 4516
f 4952 4401 6874
f 6874 4401 4986
f 4954 4153 6875
f 6875 4153 4822
f 4363 4973 4364
f 4364 4973 4974
f 5264 4924 5267
f 5267 4924 4691
f 6293 6292 6876
f 6876 6292 6877
f 6380 4343 6387
f 6387 4343 4923
f 4394 4435 4839
f 4839 4435 4841
f 4672 4434 6547
f 6547 4434 4433
f 4973 6556 4974
f 4974 6556 6878
f 6567 6380 6574
f 6574 6380 6387
f 6292 4954 6877
f 6877 4954 6875
f 6567 5264 6568
f 6568 5264 5267
f 4145 4144 4154
f 4154 4144 4151
f 4194 4144 4425
f 4425 4144 4143
f 4355 4354 5263
f 5263 4354 4984
f 4360 4359 4364
f 4364 4359 4361
f 4444 4359 4392
f 4392 4359 4337
f 4447 4446 4432
f 4432 4446 4433
f 4464 4463 6547
f 6547 4463 4937
f 4519 4518 4654
f 4654 4518 4509
f 4533 4532 4499
f 4499 4532 4498
f 4533 4542 4530
f 4530 4542 4534
f 4519 4532 4516
f 4516 4532 4531
f 4922 4194 4426
f 4426 4194 4425
f 4463 4518 4937
f 4937 4518 4517
f 6555 4951 6874
f 6874 4951 6878
f 4958 4957 6290
f 6290 4957 6291
f 4334 4360 4712
f 4712 4360 4950
f 4985 4354 4419
f 4419 4354 4353
f 5262 4355 5265
f 5265 4355 5263
f 6294 4958 4804
f 4804 4958 6290
f 6386 4922 6384
f 6384 4922 4426
f 4444 4447 4393
f 4393 4447 4432
f 4464 4446 4465
f 4465 4446 4445
f 4985 6555 4986
f 4986 6555 6874
f 6573 6386 6571
f 6571 6386 6384
f 4145 6294 4146
f 4146 6294 4804
f 6573 5262 6574
f 6574 5262 5265
f 4542 4541 6873
f 6873 4541 4559
f 4535 6872 4843
f 4843 6872 4844
f 4104 4103 6879
f 6879 4103 6343
f 4105 6293 6307
f 6307 6293 6876
f 4104 4956 4105
f 4105 4956 6293
f 4956 4104 4957
f 4957 4104 6879
f 4957 6879 6291
f 6291 6879 6309
f 4648 4988 4649
f 4649 4988 4953
f 4802 4803 4928
f 4928 4803 6550
f 6550 4803 6555
f 6555 4803 4951
f 1516 3173 4987
f 4987 3173 5006
f 6519 6518 6558
f 6558 6518 6510
f 6527 6519 6559
f 6559 6519 6558
f 6528 6560 6529
f 6529 6560 6541
f 6548 4625 6549
f 6549 4625 4624
f 6551 6552 4746
f 4746 6552 6505
f 6553 4711 6554
f 6554 4711 4710
f 4802 6551 4713
f 4713 6551 4746
f 6556 4973 4649
f 4649 4973 4646
f 6557 4949 6548
f 6548 4949 4625
f 4648 4647 6553
f 6553 4647 4711
f 6549 4624 4987
f 4987 4624 4838
f 6552 6518 6505
f 6505 6518 6507
f 6561 4372 6529
f 6529 4372 6514
f 6562 4369 6561
f 6561 4369 4372
f 3142 3482 6562
f 6562 3482 4369
f 6556 4952 6878
f 6878 4952 6874
f 4951 4950 6878
f 6878 4950 4974
f 3168 440 3952
f 4204 4203 5341
f 5341 4203 6364
f 4219 4222 6429
f 6429 4222 4383
f 4319 4322 6506
f 6506 4322 4747
f 4340 4714 4341
f 4341 4714 4384
f 4375 4377 6388
f 6388 4377 6546
f 4378 4381 6311
f 6311 4381 4720
f 4449 4341 4387
f 4387 4341 4384
f 4473 4472 4477
f 4477 4472 4474
f 4492 4491 4487
f 4487 4491 4488
f 4523 4491 4522
f 4522 4491 4490
f 4492 4538 4493
f 4493 4538 4555
f 4538 4553 4555
f 4555 4553 4556
f 4620 4615 4621
f 4621 4615 4618
f 4652 4651 4368
f 4368 4651 4365
f 4523 4655 4524
f 4524 4655 4656
f 4553 4667 4556
f 4556 4667 4571
f 4651 1210 4365
f 4365 1210 1209
f 4698 4697 5223
f 5223 4697 6344
f 4340 4339 4322
f 4322 4339 4747
f 4726 4729 5287
f 5287 4729 4198
f 4381 4380 4737
f 4737 4380 6368
f 4836 4835 4451
f 4451 4835 4709
f 4910 6367 4911
f 4911 6367 6366
f 4912 4915 6450
f 6450 4915 6449
f 4927 4836 4450
f 4450 4836 4451
f 4930 4929 4439
f 4439 4929 4436
f 4936 4935 4459
f 4459 4935 4456
f 4473 4655 4470
f 4470 4655 4510
f 4942 4583 4943
f 4943 4583 4572
f 4948 4601 4947
f 4947 4601 4584
f 4949 4835 4625
f 4625 4835 4626
f 4966 4969 6289
f 6289 4969 4695
f 4971 4652 4926
f 4926 4652 4368
f 4203 4977 6364
f 6364 4977 6365
f 4990 4989 4443
f 4443 4989 4440
f 4990 4991 4478
f 4478 4991 4512
f 4992 4991 4528
f 4528 4991 4515
f 4992 4993 4527
f 4527 4993 4485
f 4994 4993 4502
f 4502 4993 4503
f 4994 4995 4482
f 4482 4995 4550
f 4543 4996 4544
f 4544 4996 4995
f 4999 4998 4567
f 4567 4998 4578
f 5000 4998 4575
f 4575 4998 4997
f 5002 5001 4592
f 4592 5001 4574
f 5003 5004 4614
f 4614 5004 4611
f 3483 4215 1755
f 1755 4215 4698
f 5274 5277 4195
f 4195 5277 4223
f 4726 5295 4727
f 4727 5295 6350
f 5309 5342 5310
f 5310 5342 6363
f 5315 5314 5316
f 5316 5314 5317
f 5339 6362 5340
f 5340 6362 5363
f 5310 6363 5339
f 5339 6363 6362
f 4204 5309 4201
f 4201 5309 5308
f 4915 5345 6449
f 6449 5345 6448
f 5345 5315 6448
f 6448 5315 5316
f 5348 5347 6351
f 6351 5347 6352
f 5365 4263 5340
f 5340 4263 4262
f 6295 6298 4733
f 4733 6298 4734
f 4969 6306 4695
f 4695 6306 4696
f 6306 4378 4696
f 4696 4378 6311
f 6369 6372 6544
f 6544 6372 6545
f 4375 6390 4373
f 4373 6390 4374
f 6421 6422 4911
f 4911 6422 4908
f 4910 4909 4737
f 4737 4909 4736
f 5277 4219 4223
f 4223 4219 6429
f 4697 4222 6344
f 6344 4222 4221
f 6436 6361 6437
f 6437 6361 6360
f 6438 6440 6437
f 6437 6440 6434
f 6438 6359 6441
f 6441 6359 6358
f 6442 6441 6357
f 6357 6441 6358
f 6442 6444 6443
f 6443 6444 6445
f 6446 6444 6355
f 6355 6444 6356
f 6446 4912 6447
f 6447 4912 6450
f 6436 6435 5365
f 5365 6435 4263
f 5314 5347 5317
f 5317 5347 5346
f 4319 6512 4320
f 4320 6512 6513
f 6520 6512 6521
f 6521 6512 6508
f 6528 6520 6527
f 6527 6520 6521
f 6532 6539 6533
f 6533 6539 6535
f 6533 6535 6537
f 6537 6535 6534
f 6538 6543 6537
f 6537 6543 6536
f 6295 4377 6296
f 6296 4377 4376
f 4989 4930 4440
f 4440 4930 4439
f 4927 4929 4422
f 4422 4929 4455
f 4449 4936 4388
f 4388 4936 4459
f 4472 4935 4474
f 4474 4935 4932
f 4942 4940 4947
f 4947 4940 4939
f 5001 5000 4574
f 4574 5000 4575
f 4669 4943 4666
f 4666 4943 4667
f 4996 4999 4547
f 4547 4999 4567
f 4948 4946 4620
f 4620 4946 4615
f 5003 5002 4591
f 4591 5002 4592
f 6557 4971 6554
f 6554 4971 4926
f 6532 6560 6539
f 6539 6560 6559
f 6390 6372 4374
f 4374 6372 6371
f 4966 6298 4967
f 4967 6298 6297
f 6538 6526 6369
f 6369 6526 6370
f 6585 6589 4621
f 4621 6589 4619
f 6597 6578 6598
f 6598 6578 6577
f 6606 6583 6607
f 6607 6583 6603
f 6611 6602 6598
f 6598 6602 6596
f 6585 6584 6606
f 6606 6584 6583
f 6597 6580 5004
f 5004 6580 4611
f 6607 6603 6730
f 6730 6603 6732
f 6776 6785 6777
f 6777 6785 6784
f 6785 6776 6792
f 6792 6776 6782
f 6815 6814 6812
f 6812 6814 6813
f 6817 6814 6795
f 6795 6814 6796
f 6825 6784 6827
f 6827 6784 6783
f 6830 6815 6832
f 6832 6815 6812
f 6817 6795 6835
f 6835 6795 6837
f 6792 6782 6730
f 6730 6782 6728
f 6858 6825 6860
f 6860 6825 6827
f 6863 6830 6857
f 6857 6830 6832
f 6864 6863 6856
f 6856 6863 6857
f 6866 6858 6867
f 6867 6858 6860
f 6866 6864 6855
f 6855 6864 6856
f 6835 6837 6611
f 6611 6837 6602
f 6560 6528 6559
f 6559 6528 6527
f 4949 6557 4710
f 4710 6557 6554
f 4430 4090 4175
f 4175 4090 4089
f 4777 4113 4155
f 4155 4113 4086
f 4175 4089 4176
f 4176 4089 4142
f 4199 4271 4200
f 4200 4271 4798
f 4199 4095 4272
f 4272 4095 5273
f 4406 4405 4404
f 4404 4405 4346
f 4410 4409 6877
f 6877 4409 6876
f 4409 4413 6876
f 6876 4413 6307
f 4415 4148 4416
f 4416 4148 4147
f 4690 4405 4344
f 4344 4405 4342
f 4693 4692 4352
f 4352 4692 4349
f 4701 4700 6337
f 6337 4700 6338
f 4778 4777 4081
f 4081 4777 4155
f 4821 4406 4809
f 4809 4406 4404
f 4176 4142 4181
f 4181 4142 4415
f 4760 4970 4399
f 4399 4970 4692
f 4200 5007 4096
f 4096 5007 4078
f 5266 4693 5269
f 5269 4693 4352
f 5270 5007 5361
f 5361 5007 4797
f 4778 5270 4779
f 4779 5270 5361
f 6285 4410 6875
f 6875 4410 6877
f 6308 4413 4687
f 4687 4413 4412
f 6480 6320 6481
f 6481 6320 6880
f 4701 2878 4702
f 4702 2878 3472
f 6339 6347 6340
f 6340 6347 6348
f 6341 6342 6346
f 6346 6342 6345
f 4416 6308 4414
f 4414 6308 4687
f 6385 4690 6381
f 6381 4690 4344
f 5282 6341 5280
f 5280 6341 6339
f 4700 6342 6338
f 6338 6342 5281
f 6340 6348 4272
f 4272 6348 4270
f 6480 6479 4828
f 4828 6479 4829
f 6490 6479 6489
f 6489 6479 6478
f 4090 4430 6490
f 6490 4430 4429
f 6563 6564 4970
f 4970 6564 4815
f 4694 6566 4366
f 4366 6566 6563
f 6572 6385 6568
f 6568 6385 6381
f 4821 6285 4822
f 4822 6285 6875
f 6572 5266 6569
f 6569 5266 5269
f 3482 3103 4369
f 4369 3103 4370
f 3121 4730 3485
f 3485 4730 4327
f 6277 6280 6273
f 6273 6280 6272
f 6267 6276 6278
f 6278 6276 6279
f 6278 6279 6277
f 6277 6279 6280
f 6279 6256 6280
f 6280 6256 6255
f 6256 3857 6255
f 6255 3857 3754
f 3857 3856 3754
f 3754 3856 3755
f 3856 3703 3755
f 3755 3703 3863
f 3703 3702 3863
f 3863 3702 3759
f 3702 3706 3759
f 3759 3706 3670
f 3706 3705 3670
f 3670 3705 3668
f 3705 3773 3668
f 3668 3773 3882
f 3882 3773 3883
f 3883 3773 3707
f 3707 3708 3883
f 3883 3708 3880
f 3708 3710 3880
f 3880 3710 3881
f 3709 5241 3710
f 3710 5241 3881
f 5241 3709 5234
f 5234 3709 3786
f 3693 3712 3786
f 3786 3712 5234
f 4051 4055 4052
f 4052 4055 4056
f 4056 4055 4057
f 4057 4055 4054
f 4066 5238 5236
f 5236 5238 3989
f 4066 4069 5238
f 5238 4069 4035
f 6881 3962 3960
f 3960 3962 3957
f 6883 4070 6882
f 6882 4070 3941
f 4070 6883 4071
f 4071 6883 6884
f 4071 6884 4072
f 4072 6884 6885
f 6885 6886 4072
f 4072 6886 4031
f 3955 6881 3956
f 3956 6881 3960
f 6884 3991 6885
f 6885 3991 3990
f 6883 6887 6884
f 6884 6887 3991
f 6887 6888 3991
f 3991 6888 3992
f 6888 6887 6889
f 6889 6887 6890
f 6887 6883 6890
f 6890 6883 6882
f 4058 5240 3953
f 3953 5240 3954
f 5236 6888 5239
f 5239 6888 6889
f 5237 6886 3990
f 3990 6886 6885
f 4034 4031 5237
f 5237 4031 6886
f 6881 6882 3962
f 3962 6882 3941
f 6881 3955 6882
f 6882 3955 6890
f 3955 3954 6890
f 6890 3954 6889
f 5239 6889 5240
f 5240 6889 3954
f 6888 5236 3992
f 3992 5236 3989
f 3869 3868 3888
f 3888 3868 4015
f 3868 4012 4015
f 4015 4012 4010
f 4012 4022 4010
f 4010 4022 4009
f 4022 4021 4009
f 4009 4021 4018
f 4020 3974 4001
f 4001 3974 3996
f 4021 4020 4029
f 4029 4020 4001
f 4085 4156 4086
f 4086 4156 4155
f 4113 4777 4114
f 4114 4777 4776
f 4130 4129 4094
f 4094 4129 4091
f 4139 4773 4140
f 4140 4773 4772
f 4149 4178 4150
f 4150 4178 5225
f 4160 4159 4087
f 4087 4159 4088
f 4149 4148 4179
f 4179 4148 4141
f 4085 4084 4183
f 4183 4084 6315
f 4179 4141 4159
f 4159 4141 4088
f 4192 4130 4162
f 4162 4130 4094
f 4197 5288 4198
f 4198 5288 5287
f 4229 4766 4230
f 4230 4766 4771
f 4245 4246 4242
f 4242 4246 4249
f 4183 6315 4418
f 4418 6315 6314
f 4679 4178 4680
f 4680 4178 4177
f 4724 4798 4725
f 4725 4798 4271
f 4728 5275 4729
f 4729 5275 5274
f 4230 4771 4249
f 4249 4771 4242
f 4724 4723 4799
f 4799 4723 5355
f 4823 4824 4891
f 4891 4824 6327
f 4823 4192 4161
f 4161 4192 4162
f 4893 4767 4229
f 4229 4767 4766
f 4894 4895 4898
f 4898 4895 4899
f 4106 4150 4103
f 4103 4150 5225
f 4680 4894 4677
f 4677 4894 4898
f 6420 4977 5301
f 5301 4977 4976
f 4679 4678 5226
f 5226 4678 4427
f 5228 5008 4893
f 4893 5008 4767
f 5285 6354 5286
f 5286 6354 5343
f 5289 5352 5290
f 5290 5352 5349
f 5290 5349 5295
f 5295 5349 5348
f 5302 5299 4202
f 4202 5299 4976
f 4725 4271 5311
f 5311 4271 4270
f 5325 4723 5326
f 5326 4723 4722
f 5335 5355 5325
f 5325 5355 4723
f 5326 4722 5286
f 5286 4722 5283
f 4799 5357 4797
f 4797 5357 5361
f 5359 5356 5335
f 5335 5356 5355
f 4775 4774 5356
f 5356 4774 5357
f 5359 5358 4092
f 4092 5358 4093
f 6316 4740 6317
f 6317 4740 4739
f 6318 4827 6316
f 6316 4827 4740
f 6319 4828 6318
f 6318 4828 4827
f 6320 6480 6319
f 6319 6480 4828
f 6484 6322 6485
f 6485 6322 6321
f 6487 6324 6331
f 6331 6324 6323
f 6331 6323 6330
f 6330 6323 6325
f 6325 6326 6330
f 6330 6326 6329
f 6326 6328 6329
f 6329 6328 5231
f 4824 4685 5228
f 5228 4685 5008
f 5226 6343 5225
f 5225 6343 4103
f 4728 4727 6349
f 6349 4727 5284
f 6350 6351 5285
f 5285 6351 6354
f 4247 4246 6418
f 6418 4246 6365
f 6400 6402 6401
f 6401 6402 6459
f 4197 4196 6409
f 6409 4196 6426
f 6412 4897 6328
f 6328 4897 5231
f 6413 4133 6412
f 6412 4133 4897
f 6414 4134 6413
f 6413 4134 4133
f 6415 4225 6414
f 6414 4225 4134
f 6416 4252 6415
f 6415 4252 4225
f 6417 4253 6416
f 6416 4253 4252
f 4253 6417 6366
f 6366 6417 6419
f 6366 6419 4911
f 4911 6419 6421
f 6422 6423 4908
f 4908 6423 5298
f 5298 6423 6396
f 6396 6423 6424
f 6409 6426 6425
f 6425 6426 6397
f 5300 5299 6399
f 6399 5299 6400
f 6465 6408 6401
f 6401 6408 6398
f 6424 6399 6425
f 6425 6399 6398
f 6349 5284 5311
f 5311 5284 5283
f 6465 6464 5289
f 5289 6464 5352
f 6488 6483 6492
f 6492 6483 6482
f 6486 6491 6482
f 6482 6491 6492
f 6491 4895 6492
f 6492 4895 4157
f 6488 4160 6489
f 6489 4160 4087
f 6501 6502 4418
f 4418 6502 4417
f 6504 6500 6317
f 6317 6500 6314
f 3497 3496 6501
f 6501 3496 6502
f 3499 3498 6504
f 6504 3498 6500
f 4729 5274 4198
f 4198 5274 4195
f 6418 6365 6420
f 6420 6365 4977
f 5295 5348 6350
f 6350 5348 6351
f 5301 6422 6420
f 6420 6422 6421
f 4113 4112 4086
f 4086 4112 4083
f 6320 4112 6880
f 6880 4112 4111
f 4091 4772 4092
f 4092 4772 4775
f 4129 4140 4091
f 4091 4140 4772
f 4137 4140 4128
f 4128 4140 4129
f 4128 6324 4137
f 4137 6324 6321
f 6324 6487 6321
f 6321 6487 6485
f 6487 6486 6485
f 6485 6486 6482
f 4774 4773 4779
f 4779 4773 4776
f 4773 4139 4776
f 4776 4139 4114
f 4139 4138 4114
f 4114 4138 4111
f 4138 6322 4111
f 4111 6322 6880
f 6322 6484 6880
f 6880 6484 6481
f 6484 6483 6481
f 6481 6483 6478
f 6879 6343 6309
f 6309 6343 4428
f 4106 4105 4900
f 4900 4105 6307
f 3500 3167 6495
f 6495 3167 6496
f 3500 6495 3070
f 3070 6495 5368
f 3502 5235 3501
f 3501 5235 4813
f 3024 3503 6473
f 6473 3503 6474
f 3503 3023 6474
f 6474 3023 6374
f 3504 1770 4348
f 4348 1770 4345
f 3502 3505 5235
f 5235 3505 4810
f 3498 3497 6500
f 6500 3497 6501
f 3496 3075 6502
f 6502 3075 6275
f 6299 4254 3174
f 3174 4254 3017
f 1769 3501 4814
f 4814 3501 4813
f 3506 3018 6476
f 6476 3018 4257
f 3507 3499 6499
f 6499 3499 6504
f 3030 4216 3483
f 3483 4216 4215
f 3077 3507 6333
f 6333 3507 6499
f 1784 3160 5249
f 5249 3160 6523
f 3015 3506 4240
f 4240 3506 6476
f 3508 3504 6383
f 6383 3504 4348
f 3509 3016 6477
f 6477 3016 4239
f 3028 3509 6467
f 6467 3509 6477
f 3022 1785 5246
f 5246 1785 5247
f 3161 3508 6570
f 6570 3508 6383
f 3150 3149 4694
f 4694 3149 6566
f 1327 4807 3510
f 3510 4807 4811
f 3510 4811 3505
f 3505 4811 4810
f 3146 3511 4816
f 4816 3511 4350
f 3511 1808 4350
f 4350 1808 4351
f 3485 4327 3159
f 3159 4327 4330
f 1326 3512 4806
f 4806 3512 6310
f 3512 1331 6310
f 6310 1331 4688
