v 0.23670509457588196 0.3322578966617584 -0.0487823486328125
v 0.22902478277683258 0.3259575664997101 -0.04805669188499451
v 0.22472426295280457 0.33828920125961304 -0.04896530508995056
v 0.23877781629562378 0.38200366497039795 -0.02035398781299591
v 0.2458643615245819 0.3750322461128235 -0.01726415753364563
v 0.24095021188259125 0.3721989393234253 -0.02634747326374054
v -0.15919120609760284 0.3439021706581116 -0.10672413557767868
v -0.16138623654842377 0.3439828157424927 -0.09959007799625397
v -0.1617913842201233 0.3513858914375305 -0.110540471971035
v -0.06113118678331375 0.2595962882041931 -0.14958953857421875
v -0.07003024220466614 0.2459978461265564 -0.15139472484588623
v -0.07213052362203598 0.2651306390762329 -0.15090252459049225
v 0.05538797378540039 0.26359254121780396 0.11612619459629059
v 0.04505360126495361 0.2507862448692322 0.11472021788358688
v 0.05631542578339577 0.24508574604988098 0.11610265076160431
v -0.0735732689499855 0.27578338980674744 -0.15074223279953003
v -0.08349230140447617 0.28169867396354675 -0.15557067096233368
v -0.07527730613946915 0.2952004075050354 -0.15105664730072021
v -0.03625093027949333 0.2091413140296936 -0.16212952136993408
v -0.03199759125709534 0.21934352815151215 -0.1613568514585495
v -0.02617105282843113 0.2102736085653305 -0.16271398961544037
v -0.03357856720685959 0.4427075982093811 -0.0883149653673172
v -0.044808633625507355 0.436698853969574 -0.09392035007476807
v -0.04603041335940361 0.4488232135772705 -0.08493325859308243
v -0.23357205092906952 0.2194974720478058 -0.030333921313285828
v -0.2268524169921875 0.21947073936462402 -0.040568381547927856
v -0.22740043699741364 0.2278364598751068 -0.02891671657562256
v -0.03236444294452667 0.15463967621326447 -0.167534738779068
v -0.033432211726903915 0.16697612404823303 -0.16620390117168427
v -0.02321697026491165 0.16028153896331787 -0.1651574969291687
v 0.13940128684043884 0.12629424035549164 0.03966513276100159
v 0.1315499246120453 0.12661254405975342 0.05265279859304428
v 0.13552694022655487 0.11486731469631195 0.0430375412106514
v 0.26794373989105225 0.3674584627151489 0.006868600845336914
v 0.25988641381263733 0.37679171562194824 0.005552560091018677
v 0.27028682827949524 0.3699963390827179 0.017342358827590942
v 0.08625966310501099 -0.029711034148931503 0.05124717205762863
v 0.07306522876024246 -0.03166225552558899 0.05538538843393326
v 0.0846085324883461 -0.04061168059706688 0.049067020416259766
v 0.1556292325258255 0.25212928652763367 0.0254872664809227
v 0.15246343612670898 0.2421495020389557 0.041682712733745575
v 0.1543624997138977 0.23659831285476685 0.022730059921741486
v 0.10522914677858353 0.4564531743526459 -0.06709740310907364
v 0.10053005814552307 0.46458879113197327 -0.059718579053878784
v 0.10826140642166138 0.4622778296470642 -0.05888046324253082
v 0.03214799612760544 0.4059675931930542 0.06812963634729385
v 0.023256458342075348 0.4148143231868744 0.06695204973220825
v 0.021556494757533073 0.39769819378852844 0.0710202232003212
v -0.07196866720914841 0.18031062185764313 -0.15565235912799835
v -0.08188235014677048 0.1796140819787979 -0.15682168304920197
v -0.08240971714258194 0.19356738030910492 -0.15560278296470642
v -0.21375124156475067 0.3659110963344574 -0.08144507557153702
v -0.2228938788175583 0.3710540235042572 -0.07136069238185883
v -0.21140947937965393 0.37946444749832153 -0.07418300956487656
v 0.018895108252763748 0.38869088888168335 -0.11570929735898972
v 0.019877802580595016 0.3749236464500427 -0.12211859226226807
v 0.007202250882983208 0.3825397789478302 -0.11900406330823898
v -0.18665306270122528 0.4116283655166626 -0.05842563509941101
v -0.18929846584796906 0.41718435287475586 -0.052069291472435
v -0.17552857100963593 0.4193425476551056 -0.0609302893280983
v -0.09876121580600739 0.2435828298330307 -0.15681710839271545
v -0.10688061267137527 0.239826962351799 -0.15188591182231903
v -0.10703948885202408 0.2513529658317566 -0.14947792887687683
v -0.027727074921131134 0.3762243986129761 -0.1263670027256012
v -0.03166240453720093 0.3678079843521118 -0.13144424557685852
v -0.03857122361660004 0.38031768798828125 -0.12690392136573792
v 0.1610184758901596 0.1528547704219818 -0.027693022042512894
v 0.1612710803747177 0.14253905415534973 -0.03084574267268181
v 0.16198179125785828 0.14637671411037445 -0.04456581920385361
v 0.05940036103129387 0.4963394105434418 -0.01774517446756363
v 0.06667819619178772 0.491943359375 -0.02826322615146637
v 0.0517566055059433 0.4948952794075012 -0.029797464609146118
v -0.18867720663547516 0.42308884859085083 0.0024452954530715942
v -0.18800172209739685 0.419145405292511 0.012024909257888794
v -0.17860223352909088 0.42857953906059265 0.005180880427360535
v 0.1726292073726654 0.3376356363296509 -0.03951212763786316
v 0.17161138355731964 0.32400840520858765 -0.04201497137546539
v 0.17922396957874298 0.33479565382003784 -0.057924784719944
v 0.08764143288135529 -0.07609595358371735 0.04190191626548767
v 0.09384132921695709 -0.06614334136247635 0.04055222123861313
v 0.0796605572104454 -0.0681111216545105 0.04421783238649368
v 0.11574334651231766 0.3247916102409363 -0.11960791051387787
v 0.11160933971405029 0.3362540900707245 -0.12047172337770462
v 0.12165836989879608 0.33432701230049133 -0.11704146862030029
v -0.16086699068546295 0.150468111038208 -0.01030721515417099
v -0.1613599956035614 0.1487809717655182 0.006232768297195435
v -0.16153427958488464 0.15612562000751495 -0.00017334520816802979
v -0.17825105786323547 0.4089244604110718 0.03051002323627472
v -0.17014408111572266 0.4119780957698822 0.03448324650526047
v -0.17852656543254852 0.41513457894325256 0.02409786731004715
v 0.09769272804260254 0.22801408171653748 0.10852769762277603
v 0.0889655351638794 0.24000991880893707 0.11473599821329117
v 0.08907455205917358 0.22438944876194 0.11352844536304474
v -0.10979427397251129 0.4515761733055115 0.011021584272384644
v -0.10403156280517578 0.4650348424911499 0.003014400601387024
v -0.11119184643030167 0.45990318059921265 0.00243397057056427
v -0.17472100257873535 0.00016324268653988838 -0.057662080973386765
v -0.17053398489952087 0.005819741636514664 -0.04499557986855507
v -0.17404481768608093 0.009238030761480331 -0.059770092368125916
v 0.16214075684547424 0.1302109956741333 -0.04840129241347313
v 0.16137315332889557 0.1286129355430603 -0.06311378628015518
v 0.16236302256584167 0.1440609246492386 -0.05587095767259598
v -0.17828477919101715 -0.005062328651547432 -0.07082174718379974
v 0.18148604035377502 0.4446043074131012 0.0050008296966552734
v 0.17547234892845154 0.4499022364616394 0.009787768125534058
v 0.18175052106380463 0.4468083381652832 0.01892992854118347
v -0.19613735377788544 0.3982353210449219 0.026037737727165222
v -0.1901659220457077 0.38336074352264404 0.03341749310493469
v -0.18223445117473602 0.398982435464859 0.032714828848838806
v -0.16571690142154694 0.2535915970802307 -0.048955563455820084
v -0.1680113673210144 0.2666938900947571 -0.048434630036354065
v -0.16768032312393188 0.25573068857192993 -0.058936212211847305
v 0.017874063923954964 0.46924132108688354 -0.06739233434200287
v 0.002917816862463951 0.47091034054756165 -0.06594517081975937
v 0.014790003187954426 0.47897636890411377 -0.05870858579874039
v 0.09565451741218567 0.471777081489563 -0.05245133489370346
v 0.10552430897951126 0.4737275242805481 -0.043230973184108734
v 0.11083778738975525 0.46723026037216187 -0.05029954016208649
v 0.09099359065294266 0.38972145318984985 0.0672287568449974
v 0.1021818071603775 0.3823370337486267 0.06821710616350174
v 0.10033898055553436 0.40051349997520447 0.06323002278804779
v -0.1488136351108551 0.4208981692790985 0.02473197877407074
v -0.15607285499572754 0.43057626485824585 0.014901041984558105
v -0.16295593976974487 0.421564519405365 0.02431652694940567
v 0.12345107644796371 0.13347747921943665 0.06549059599637985
v 0.1238226443529129 0.14978085458278656 0.07161017507314682
v 0.11616396903991699 0.1335245966911316 0.07320593297481537
v 0.15956664085388184 0.10709426552057266 -0.09229197353124619
v 0.15666714310646057 0.11507505923509598 -0.09536386281251907
v 0.1585817039012909 0.11841438710689545 -0.08419904112815857
v 0.15480060875415802 0.3452075123786926 0.039329081773757935
v 0.14526252448558807 0.3358154296875 0.04720856249332428
v 0.1489194929599762 0.33053290843963623 0.03751711547374725
v 0.22958791255950928 0.24981257319450378 0.008789271116256714
v 0.23317334055900574 0.25076955556869507 0.019372597336769104
v 0.22801479697227478 0.2582510709762573 0.013081014156341553
v 0.003060429822653532 -0.06601148843765259 0.05587361752986908
v -0.013073252514004707 -0.05724919214844704 0.05676241219043732
v -0.01183059811592102 -0.07422608882188797 0.050238654017448425
v -0.09754839539527893 0.45167386531829834 0.018001027405261993
v -0.10062102973461151 0.4578138291835785 0.012713976204395294
v -0.10823027789592743 0.44887280464172363 0.013856112957000732
v 0.1355123072862625 0.3995315432548523 0.07438807189464569
v 0.13844382762908936 0.4054000973701477 0.0741371214389801
v 0.1258542537689209 0.4011937081813812 0.07054691016674042
v 0.3046287000179291 0.3141440749168396 0.02216373383998871
v 0.3039897680282593 0.30973631143569946 0.008003145456314087
v 0.3009379506111145 0.31473541259765625 0.015905097126960754
v -0.16666069626808167 0.4107537865638733 -0.07983993738889694
v -0.15851271152496338 0.41424816846847534 -0.08191153407096863
v -0.1604612022638321 0.4056762456893921 -0.08755975216627121
v -0.017534423619508743 0.3952738642692566 -0.11504927277565002
v -0.01676846295595169 0.3856632113456726 -0.11979053914546967
v -0.028316278010606766 0.3833010792732239 -0.12293969839811325
v -0.1828734278678894 0.30585044622421265 -0.09824283421039581
v -0.17589706182479858 0.29663336277008057 -0.0980050265789032
v -0.18421581387519836 0.29190126061439514 -0.09403529763221741
v -0.16153070330619812 0.32379674911499023 0.02695581316947937
v -0.1627218872308731 0.31356877088546753 0.026621535420417786
v -0.15478019416332245 0.32653939723968506 0.038503773510456085
v -0.022135678678750992 0.3273351490497589 -0.14438486099243164
v -0.01101798564195633 0.321017324924469 -0.1446165144443512
v -0.02178323082625866 0.31005385518074036 -0.146971195936203
v 0.044621262699365616 0.1231912299990654 -0.16704747080802917
v 0.05275243893265724 0.1298978477716446 -0.1621958613395691
v 0.05325676500797272 0.11952728033065796 -0.16272279620170593
v 0.05495969578623772 0.38397613167762756 -0.12061779201030731
v 0.04345362260937691 0.38745537400245667 -0.11758924275636673
v 0.05491926521062851 0.3994573950767517 -0.11382332444190979
v -0.17674584686756134 -0.02339240349829197 -0.1134992390871048
v -0.17362506687641144 -0.024393156170845032 -0.12349437177181244
v -0.17742618918418884 -0.0385717935860157 -0.11698682606220245
v -0.05390161648392677 0.18697907030582428 -0.16078756749629974
v -0.045451901853084564 0.1981179416179657 -0.1617005169391632
v -0.04443950206041336 0.18401724100112915 -0.1643637716770172
v -0.16136476397514343 0.2019006609916687 0.023271292448043823
v -0.16093212366104126 0.20498457551002502 0.03417821228504181
v -0.16146425902843475 0.21450185775756836 0.034035876393318176
v -0.1582178771495819 0.20755118131637573 -0.0699978917837143
v -0.1610611230134964 0.2193279266357422 -0.06995081901550293
v -0.15660062432289124 0.21032552421092987 -0.08000718057155609
v -0.04357900097966194 0.1350763440132141 0.09139461070299149
v -0.05299986153841019 0.12936089932918549 0.09034314006567001
v -0.042896345257759094 0.11739493906497955 0.08862778544425964
v 0.11123683303594589 0.08567718416452408 0.0648772194981575
v 0.11743757128715515 0.08285772055387497 0.0587581992149353
v 0.11172406375408173 0.09793566912412643 0.06712523102760315
v -0.1607285887002945 0.17970536649227142 -0.022902078926563263
v -0.16019462049007416 0.18957126140594482 -0.030805498361587524
v -0.15927717089653015 0.17635586857795715 -0.03948277235031128
v -0.14123305678367615 0.456839919090271 -0.027697376906871796
v -0.14107516407966614 0.4541463553905487 -0.041279442608356476
v -0.15164324641227722 0.4496033787727356 -0.027747899293899536
v -0.1721263974905014 0.30311116576194763 -0.022343069314956665
v -0.15702617168426514 0.2926597595214844 -0.023919597268104553
v -0.15630190074443817 0.2992648482322693 -0.009912073612213135
v 0.15221372246742249 0.3253752589225769 0.02371843159198761
v 0.1642131805419922 0.32588523626327515 0.04002644121646881
v 0.16811251640319824 0.31560009717941284 0.022974327206611633
v -0.14921832084655762 0.4402700960636139 0.004473350942134857
v -0.16162268817424774 0.43765363097190857 0.0010228604078292847
v 0.21770799160003662 0.349526584148407 0.0655810534954071
v 0.20651794970035553 0.3403172492980957 0.06106525659561157
v 0.22004342079162598 0.33612188696861267 0.06519344449043274
v -0.0929938480257988 -0.06273769587278366 0.027852803468704224
v -0.07710421085357666 -0.0550822876393795 0.036072008311748505
v -0.09248888492584229 -0.045585934072732925 0.030618816614151
v -0.22502033412456512 0.34657901525497437 -0.08543909341096878
v -0.21400544047355652 0.3532198369503021 -0.08775399625301361
v -0.2149174064397812 0.3355477452278137 -0.09385621547698975
v -0.013251207768917084 0.35242992639541626 0.07952196151018143
v -0.016840627416968346 0.3711375296115875 0.07399880886077881
v -0.026003479957580566 0.3591512441635132 0.07606752961874008
v 0.1834249198436737 0.388474702835083 0.07189588248729706
v 0.18606604635715485 0.37770354747772217 0.06523774564266205
v 0.19007907807826996 0.3917394280433655 0.06453755497932434
v 0.06189398840069771 0.07496698200702667 0.08909735083580017
v 0.052438534796237946 0.07026712596416473 0.09006068110466003
v 0.06170830875635147 0.06431769579648972 0.08669672161340714
v -0.18352121114730835 0.271385133266449 -0.06090332567691803
v -0.18261271715164185 0.2764970660209656 -0.06972593069076538
v -0.18093560636043549 0.28462257981300354 -0.05620391666889191
v -0.31817641854286194 0.28604060411453247 -0.04904213547706604
v -0.31454288959503174 0.2749205529689789 -0.054426535964012146
v -0.3285594582557678 0.27439525723457336 -0.051983654499053955
v -0.26651298999786377 0.26857972145080566 -0.0068737417459487915
v -0.25737231969833374 0.277840793132782 0.0006956756114959717
v -0.26960062980651855 0.28306931257247925 -0.012550711631774902
v 0.21120430529117584 0.28747546672821045 -0.03160028159618378
v 0.22060468792915344 0.2782280445098877 -0.030071422457695007
v 0.2104446440935135 0.2834314703941345 -0.022388800978660583
v -0.021632088348269463 0.38981083035469055 0.06868426501750946
v -0.016036121174693108 0.3900725841522217 0.06941325217485428
v -0.022567857056856155 0.3997959494590759 0.0664258748292923
v -0.2791121006011963 0.2724103033542633 -0.01792757213115692
v -0.27783605456352234 0.2564105987548828 -0.011997684836387634
v -0.1546919047832489 0.4431365430355072 -0.00437387079000473
v -0.15889543294906616 0.4430654048919678 -0.013643696904182434
v 0.21881897747516632 0.2729133367538452 0.0309906005859375
v 0.21186299622058868 0.28010785579681396 0.029487937688827515
v 0.2137952744960785 0.2749607264995575 0.02144576609134674
v 0.16211876273155212 0.10136183351278305 -0.014550231397151947
v 0.16452643275260925 0.10366754978895187 -0.029401913285255432
v 0.16066911816596985 0.11559396237134933 -0.0155581533908844
v 0.18081040680408478 0.05292050912976265 -0.06069698929786682
v 0.17955870926380157 0.05994361266493797 -0.07298507541418076
v 0.17625685036182404 0.06794611364603043 -0.057019274681806564
v -0.1283148229122162 0.46223756670951843 -0.03630056232213974
v -0.12115100771188736 0.4640299081802368 -0.04362014681100845
v -0.12754154205322266 0.45759057998657227 -0.05248086899518967
v 0.08104337751865387 -4.873145371675491e-05 0.06128247082233429
v 0.07805455476045609 -0.010783480480313301 0.05973522365093231
v 0.09190796315670013 -0.008574554696679115 0.05450747162103653
v -0.23724265396595 0.3790324926376343 -0.027917414903640747
v -0.23118844628334045 0.38588041067123413 -0.034210070967674255
v -0.2332734912633896 0.3777499794960022 -0.04729902744293213
v 0.07260680943727493 0.22230322659015656 -0.14673805236816406
v 0.08277798444032669 0.22249801456928253 -0.14692717790603638
v 0.07804589718580246 0.2095140665769577 -0.14768868684768677
v -0.09856473654508591 0.471194863319397 -6.708502769470215e-05
v -0.09155745804309845 0.48237377405166626 -0.013705186545848846
v -0.10707449913024902 0.4714079797267914 -0.007049992680549622
v 0.08760382980108261 0.0911252424120903 0.0825180634856224
v 0.09531789273023605 0.08069949597120285 0.07559162378311157
v 0.09519613534212112 0.0973358154296875 0.0795542523264885
v 0.11078894138336182 0.07633393257856369 0.06347333639860153
v 0.11764548718929291 0.07205594331026077 0.05687808245420456
v -0.13019801676273346 0.16827653348445892 -0.11477364599704742
v -0.13403891026973724 0.15857858955860138 -0.11769814789295197
v -0.1317114233970642 0.16413533687591553 -0.10508804023265839
v -0.06915418058633804 0.09729674458503723 0.0821790024638176
v -0.07857316732406616 0.1011803150177002 0.08024245500564575
v -0.07653070986270905 0.08951038122177124 0.07861891388893127
v 0.023500606417655945 0.4865683913230896 -0.05028286576271057
v 0.010669373907148838 0.48976069688796997 -0.04691622406244278
v -0.09896563738584518 0.4793841540813446 -0.020668648183345795
v 0.0915132388472557 0.3436163067817688 0.08320911228656769
v 0.09809954464435577 0.3527194857597351 0.07842259854078293
v 0.08237868547439575 0.3556616008281708 0.08056443184614182
v -0.2863655388355255 0.24693183600902557 -0.016685426235198975
v -0.27354007959365845 0.23966123163700104 -0.010268837213516235
v -0.06045622006058693 -0.019603347405791283 0.0536922961473465
v -0.0492372065782547 -0.012021394446492195 0.06037433445453644
v -0.06560704112052917 -0.009607620537281036 0.05499843508005142
v -0.2467791587114334 0.2668411135673523 -0.10539723932743073
v -0.24285796284675598 0.2581798732280731 -0.10603243857622147
v -0.25667351484298706 0.25364914536476135 -0.1060812920331955
v 0.09228003025054932 0.15059104561805725 -0.15287499129772186
v 0.07961100339889526 0.145280122756958 -0.15701836347579956
v 0.08028954267501831 0.16232095658779144 -0.15408650040626526
v 0.11821843683719635 0.3548300862312317 -0.11536214500665665
v 0.10932835936546326 0.3660831153392792 -0.11767517030239105
v 0.11777513474225998 0.3704836368560791 -0.11082678288221359
v 0.22290340065956116 0.2646084427833557 0.020176589488983154
v 0.221797376871109 0.2657090127468109 0.008220478892326355
v 0.17457613348960876 0.4246799945831299 -0.04748370498418808
v 0.18130522966384888 0.41658565402030945 -0.04669822007417679
v 0.17498168349266052 0.41358810663223267 -0.05751325935125351
v -0.022626973688602448 0.28115716576576233 0.10008010268211365
v -0.023008769378066063 0.29282331466674805 0.09756370633840561
v -0.034332118928432465 0.2833651900291443 0.09962395578622818
v 0.1209869310259819 0.010428923182189465 0.04091821610927582
v 0.11824245005846024 -0.0032596224918961525 0.04062580317258835
v 0.13173629343509674 0.0072271693497896194 0.031049072742462158
v 0.1712600290775299 0.3095962703227997 0.007543295621871948
v 0.1556086540222168 0.31997084617614746 0.010384097695350647
v -0.01804390177130699 0.24190139770507812 -0.15888018906116486
v -0.029959816485643387 0.25615426898002625 -0.15588347613811493
v -0.019463229924440384 0.25997161865234375 -0.1562446653842926
v -0.28303009271621704 0.3211356997489929 -0.03129503130912781
v -0.28331947326660156 0.3243532180786133 -0.04352182894945145
v -0.2878662347793579 0.31585484743118286 -0.03208070993423462
v 0.06610158085823059 0.15989775955677032 0.10540167987346649
v 0.07672607153654099 0.15581052005290985 0.10397322475910187
v 0.07150209695100784 0.16978199779987335 0.10757911950349808
v 0.02806764468550682 0.09260092675685883 -0.1744985580444336
v 0.03652898594737053 0.08751557767391205 -0.17291180789470673
v 0.018950434401631355 0.08603420108556747 -0.1764492690563202
v 0.2025098353624344 0.29356297850608826 -0.023840203881263733
v 0.19803813099861145 0.2940383553504944 -0.0149899423122406
v -0.16800689697265625 0.033739540725946426 -0.1140238493680954
v -0.16792766749858856 0.021257050335407257 -0.12225927412509918
v -0.17179569602012634 0.01901603490114212 -0.110734723508358
v 0.11704259365797043 -0.0712495744228363 0.03454050421714783
v 0.1320660412311554 -0.06834162026643753 0.030548371374607086
v 0.11396948993206024 -0.05818915367126465 0.033982738852500916
v 0.03639655560255051 0.0686308816075325 -0.17837832868099213
v 0.044649358838796616 0.07437759637832642 -0.17571482062339783
v 0.04606345668435097 0.0595383383333683 -0.17987480759620667
v 0.1438896209001541 0.4635881781578064 0.025211602449417114
v 0.14975233376026154 0.459026038646698 0.031526923179626465
v 0.15127146244049072 0.4615119397640228 0.02000066637992859
v 0.11042703688144684 0.1068105697631836 0.07042661309242249
v 0.10311400145292282 0.10301123559474945 0.07537320256233215
v -0.20959536731243134 0.2424691766500473 -0.0782628059387207
v -0.20241577923297882 0.247391939163208 -0.06763140857219696
v -0.21135814487934113 0.237605482339859 -0.06998886168003082
v 0.04393618181347847 0.13449643552303314 -0.16425654292106628
v 0.03449927270412445 0.13051551580429077 -0.16565385460853577
v 0.033977873623371124 0.14212027192115784 -0.16125178337097168
v -0.12562279403209686 0.18466511368751526 -0.12418974936008453
v -0.12912015616893768 0.17398349940776825 -0.12611572444438934
v -0.12750744819641113 0.17988747358322144 -0.1138581708073616
v 0.04784195497632027 0.4551621377468109 -0.07880206406116486
v 0.03965409845113754 0.46270766854286194 -0.07313180714845657
v 0.05570705235004425 0.4616374373435974 -0.07316674292087555
v -0.1007101908326149 0.3802322447299957 -0.12807011604309082
v -0.0951547771692276 0.3891388773918152 -0.12609781324863434
v -0.09332320839166641 0.37511441111564636 -0.1322348713874817
v 0.05429796874523163 0.06568510830402374 -0.17678576707839966
v 0.06098636984825134 0.061296842992305756 -0.17743879556655884
v -0.08115028589963913 0.4432885944843292 -0.09122075140476227
v -0.06903538852930069 0.4379656910896301 -0.09653046727180481
v -0.07943081110715866 0.43157804012298584 -0.1017182245850563
v -0.3002895712852478 0.27706316113471985 -0.056880488991737366
v -0.30934393405914307 0.2669806480407715 -0.05374446511268616
v -0.020978011190891266 0.45366668701171875 -0.07997648417949677
v -0.028540894389152527 0.45947861671447754 -0.07598362118005753
v -0.018602728843688965 0.46914786100387573 -0.06784956157207489
v 0.2245151847600937 0.3538329601287842 -0.048274874687194824
v 0.23434527218341827 0.3644472360610962 -0.03964520990848541
v 0.2341839224100113 0.346396267414093 -0.047298043966293335
v 0.24893708527088165 0.3822157382965088 0.02703864872455597
v 0.2603965699672699 0.3774473965167999 0.02279895544052124
v 0.25266033411026 0.38625556230545044 0.01560896635055542
v -0.08212891966104507 0.11404549330472946 -0.1659553349018097
v -0.07226081937551498 0.11932674795389175 -0.16799265146255493
v -0.08150927722454071 0.105511374771595 -0.16804862022399902
v -0.09446512162685394 0.3995497524738312 0.04542437195777893
v -0.08385998010635376 0.40688055753707886 0.047587089240550995
v -0.09770320355892181 0.408719927072525 0.04053482413291931
v 0.10990754514932632 0.3919280469417572 0.06594910472631454
v 0.11253468692302704 0.37665921449661255 0.07004448026418686
v -0.21437910199165344 0.2477601319551468 -0.01881273090839386
v -0.20790457725524902 0.25907257199287415 -0.010313078761100769
v -0.22402901947498322 0.25064218044281006 -0.01033097505569458
v 0.1538577675819397 0.43511414527893066 -0.05367276817560196
v 0.1497483253479004 0.4503805637359619 -0.0389176681637764
v 0.15980654954910278 0.43893975019454956 -0.042860738933086395
v -0.2183210402727127 0.26420584321022034 -0.004314035177230835
v -0.1850665658712387 0.3852574825286865 -0.08531157672405243
v -0.19052380323410034 0.3939429521560669 -0.0814114511013031
v -0.18056027591228485 0.39579880237579346 -0.08235538750886917
v 0.15387582778930664 0.2211155891418457 0.019913338124752045
v 0.15414729714393616 0.2059135138988495 0.016200825572013855
v 0.16001757979393005 0.21548707783222198 0.0020476579666137695
v 0.16357243061065674 0.31514132022857666 0.03292715549468994
v 0.1657126396894455 0.30509620904922485 0.018708452582359314
v 0.24840568006038666 0.2966160178184509 -0.04300321638584137
v 0.2516021728515625 0.3055916130542755 -0.04294690489768982
v 0.2570534348487854 0.2915278673171997 -0.04075060784816742
v 0.15144100785255432 0.1943884938955307 -0.08315186202526093
v 0.14662042260169983 0.18504944443702698 -0.093007393181324
v 0.14435982704162598 0.19955763220787048 -0.09705422818660736
v 0.13476192951202393 0.1479470431804657 -0.1250373125076294
v 0.14264117181301117 0.14445358514785767 -0.11281967163085938
v 0.1362806111574173 0.1374892145395279 -0.12658800184726715
v 0.08240567147731781 0.4728875160217285 0.019773639738559723
v 0.09291830658912659 0.47760704159736633 0.012258782982826233
v 0.09040474146604538 0.48338696360588074 0.0050097182393074036
v -0.16675035655498505 0.29340893030166626 -0.07643953710794449
v -0.17334093153476715 0.3020308017730713 -0.08133292198181152
v -0.16314223408699036 0.30544084310531616 -0.06893333047628403
v -0.1240139752626419 -0.018038906157016754 -0.1998777687549591
v -0.1161290779709816 -0.009583544917404652 -0.19958625733852386
v -0.1086510643362999 -0.016681227833032608 -0.20635971426963806
v 0.10783021152019501 0.348101407289505 -0.1207384541630745
v 0.1173277348279953 0.34577691555023193 -0.11736255884170532
v -0.06536746025085449 0.21978408098220825 0.10454745590686798
v -0.05276688188314438 0.20867837965488434 0.10292411595582962
v -0.048191145062446594 0.21592402458190918 0.1029435470700264
v -0.30586567521095276 0.29749372601509094 -0.0360206663608551
v -0.3138903081417084 0.29026755690574646 -0.03792765736579895
v -0.2978169322013855 0.29297974705696106 -0.026635363698005676
v 0.04368659481406212 0.350216269493103 -0.13340747356414795
v 0.05551152676343918 0.35970816016197205 -0.13023388385772705
v 0.055729009211063385 0.34189820289611816 -0.1345222443342209
v -0.12874387204647064 0.38566428422927856 -0.1215771734714508
v -0.1335221827030182 0.38650962710380554 -0.11108214408159256
v -0.12233918160200119 0.39926451444625854 -0.1166267916560173
v 0.1360911726951599 0.319787859916687 -0.10906623303890228
v 0.13393041491508484 0.33117517828941345 -0.1091003343462944
v 0.14104992151260376 0.32747194170951843 -0.096476249396801
v -0.17164917290210724 0.28919821977615356 -0.07763879001140594
v -0.17279838025569916 0.28727132081985474 -0.08809146285057068
v -0.17187876999378204 0.2802374064922333 -0.08894110471010208
v -0.023299507796764374 -0.03238285705447197 0.06260459125041962
v -0.014093250967562199 -0.048723526298999786 0.059561535716056824
v -0.007242149673402309 -0.0324023962020874 0.06666429340839386
v -0.1809450089931488 0.28985509276390076 -0.06518097221851349
v -0.16603191196918488 0.2899603843688965 -0.061741024255752563
v -0.08230049163103104 0.0005201301537454128 -0.2061712145805359
v -0.069100521504879 0.009137934073805809 -0.20502793788909912
v -0.06772156059741974 -0.0074198017828166485 -0.2108038067817688
v 0.018536580726504326 0.49627402424812317 -0.03748379647731781
v 0.03470045328140259 0.49034976959228516 -0.04401210695505142
v 0.06645552814006805 0.49385276436805725 -0.005310095846652985
v 0.052492015063762665 0.49676239490509033 -0.0029323026537895203
v 0.06403125077486038 0.4878024756908417 0.008375093340873718
v 0.1640230417251587 0.07082480937242508 -0.0025181323289871216
v 0.15930531919002533 0.07239886373281479 0.006315745413303375
v 0.16192498803138733 0.06134839728474617 0.0022312402725219727
v 0.030364342033863068 0.35956302285194397 0.0817326009273529
v 0.04154675081372261 0.354867547750473 0.08371870964765549
v 0.04110925272107124 0.3682123124599457 0.07898964732885361
v -0.172332763671875 0.3041020631790161 -0.09477084875106812
v -0.1688106656074524 0.31683796644210815 -0.09478545188903809
v -0.1686965525150299 0.3049321174621582 -0.10415136814117432
v 0.08580091595649719 0.4185370206832886 0.056629329919815063
v 0.07209615409374237 0.41957247257232666 0.05707233399152756
v 0.08255362510681152 0.40816643834114075 0.06116793304681778
v 0.1797163337469101 -0.00918298028409481 -0.13311752676963806
v 0.17807111144065857 0.002375449053943157 -0.13064631819725037
v 0.19208668172359467 -0.005555287003517151 -0.1175805851817131
v -0.16541583836078644 0.24263817071914673 -0.05932826176285744
v -0.16650423407554626 0.24493885040283203 -0.06975123286247253
v -0.1637091338634491 0.23189081251621246 -0.06986237317323685
v -0.12049274146556854 0.32826995849609375 -0.12880495190620422
v -0.1274307370185852 0.3199906051158905 -0.12360908091068268
v -0.12907056510448456 0.3314308822154999 -0.12211007624864578
v 0.22964642941951752 0.25121867656707764 0.0009566545486450195
v 0.22714082896709442 0.2603010833263397 -0.001415342092514038
v 0.2031898945569992 0.38650792837142944 -0.049705371260643005
v 0.21262896060943604 0.3804752230644226 -0.04523421823978424
v 0.20661531388759613 0.3687185049057007 -0.0549541711807251
v 0.04524208605289459 0.3152845501899719 -0.13883617520332336
v 0.03388410061597824 0.3060673773288727 -0.1403527557849884
v 0.03334628418087959 0.3236016631126404 -0.13879941403865814
v -0.1618107259273529 0.23006632924079895 0.034900471568107605
v -0.16018055379390717 0.22376681864261627 0.04588837921619415
v -0.16139572858810425 0.2392793893814087 0.04640743136405945
v 0.2801557779312134 0.35877230763435364 0.01362474262714386
v 0.28169095516204834 0.36045414209365845 0.01843462884426117
v -0.1626531332731247 0.2572721242904663 -0.028967805206775665
v -0.1652328073978424 0.26406949758529663 -0.03825211524963379
v -0.16352756321430206 0.2509285509586334 -0.038652434945106506
v -0.18146975338459015 0.3040657043457031 -0.09162572771310806
v -0.18202470242977142 0.29818177223205566 -0.08447738736867905
v -0.20739862322807312 0.2544602155685425 -0.089138925075531
v -0.2185087949037552 0.24822449684143066 -0.09458523243665695
v -0.20767520368099213 0.2592690587043762 -0.09215328097343445
v 0.030427834019064903 0.011863340623676777 -0.20011135935783386
v 0.030560437589883804 0.02204575575888157 -0.1968875229358673
v 0.048328697681427 0.020883964374661446 -0.1952274739742279
v -0.08197231590747833 0.09664987772703171 -0.169717475771904
v -0.09277527034282684 0.10373949259519577 -0.1646197885274887
v -0.1828511655330658 0.3618473410606384 -0.09504999965429306
v -0.17841124534606934 0.3643961548805237 -0.10387580096721649
v -0.18019264936447144 0.347312331199646 -0.10723434388637543
v 0.052117254585027695 0.16405777633190155 -0.15733075141906738
v 0.04324148967862129 0.15924066305160522 -0.15789778530597687
v 0.0433785617351532 0.17241431772708893 -0.15606150031089783
v 0.12759000062942505 0.08579476177692413 0.04861803352832794
v -0.07712102681398392 0.4449714720249176 0.034780338406562805
v -0.06910697370767593 0.44571927189826965 0.0410253182053566
v -0.07796624302864075 0.4576077461242676 0.029651284217834473
v 0.2361835092306137 0.3910515010356903 -0.01347777247428894
v 0.22894373536109924 0.39294326305389404 -0.022552981972694397
v 0.25976794958114624 0.35858362913131714 -0.011349186301231384
v 0.268912672996521 0.3465886414051056 -0.01047372817993164
v 0.25798776745796204 0.3554753065109253 -0.022136345505714417
v 0.1285432130098343 -0.01104016788303852 0.03178737312555313
v 0.12579742074012756 -0.022165995091199875 0.03163518011569977
v 0.1396442949771881 -0.01520765945315361 0.022648409008979797
v -0.029024217277765274 0.40926554799079895 0.06416700780391693
v -0.039025187492370605 0.3972565233707428 0.06460728496313095
v -0.07797785103321075 0.4645442068576813 -0.07055076956748962
v -0.0764189064502716 0.47203749418258667 -0.06212765723466873
v -0.062010299414396286 0.4662514925003052 -0.07125445455312729
v -0.16179759800434113 0.2716231048107147 -0.0972823053598404
v -0.16767576336860657 0.28521716594696045 -0.09751573950052261
v -0.15242186188697815 0.2810782790184021 -0.10412793606519699
v 0.06418478488922119 0.4757901430130005 -0.05724450200796127
v 0.05882371589541435 0.4822584390640259 -0.04990018159151077
v 0.07071181386709213 0.4831450581550598 -0.04541674256324768
v -0.11336776614189148 0.2919977903366089 -0.13242240250110626
v -0.10556003451347351 0.2948105037212372 -0.1379070281982422
v -0.11037518084049225 0.2820335924625397 -0.13343411684036255
v -0.10115683078765869 0.4176379442214966 0.03555351495742798
v -0.10266807675361633 0.40254664421081543 0.041316404938697815
v 0.020698219537734985 0.04190712422132492 -0.19058366119861603
v 0.02904314361512661 0.04787600412964821 -0.18754702806472778
v 0.03054109215736389 0.03207379952073097 -0.19355344772338867
v -0.09428845345973969 0.31894171237945557 0.07690338045358658
v -0.0825384184718132 0.3217547833919525 0.07936214655637741
v -0.09491695463657379 0.33509448170661926 0.07028778642416
v -0.186567485332489 0.41303443908691406 0.020553112030029297
v -0.1716209053993225 0.26869064569473267 -0.0686328113079071
v -0.1725418120622635 0.27658897638320923 -0.07912552356719971
v -0.16977429389953613 0.2617800235748291 -0.07961972057819366
v -0.11061568558216095 0.24663019180297852 -0.1410200595855713
v -0.11198273301124573 0.235530823469162 -0.1441015899181366
v -0.11199571192264557 0.24304935336112976 -0.1313546597957611
v -0.2473587840795517 0.2064519226551056 -0.02838897705078125
v -0.24053241312503815 0.20543697476387024 -0.036726728081703186
v -0.0013471394777297974 0.32281407713890076 0.09008541703224182
v -0.0010722801089286804 0.3124021887779236 0.09384610503911972
v 0.009312815964221954 0.32846230268478394 0.08959531784057617
v 0.03444809094071388 0.13868892192840576 0.10172522813081741
v 0.02465585619211197 0.13446056842803955 0.10014037042856216
v 0.02510673925280571 0.12508295476436615 0.0986972376704216
v 0.019703229889273643 0.3510741889476776 0.08369305729866028
v 0.01692691259086132 0.36239001154899597 0.0799909234046936
v 0.26327279210090637 0.32864508032798767 0.051781684160232544
v 0.27445000410079956 0.3296092748641968 0.04313543438911438
v 0.25980162620544434 0.3410183787345886 0.04871979355812073
v 0.1544334888458252 0.16018083691596985 0.013669520616531372
v 0.1560690850019455 0.1578790843486786 0.0016038864850997925
v 0.15482652187347412 0.16776515543460846 0.008644938468933105
v -0.29316243529319763 0.31331345438957214 -0.04502555727958679
v -0.29237890243530273 0.3043677806854248 -0.05369549244642258
v -0.30346187949180603 0.3020203411579132 -0.046583935618400574
v 0.16453047096729279 0.2649839222431183 -0.02924428880214691
v 0.16390776634216309 0.2525011897087097 -0.030147142708301544
v 0.16146859526634216 0.25747787952423096 -0.047526534646749496
v -0.05295479670166969 -0.014823716133832932 -0.21616867184638977
v -0.035954512655735016 -0.006637789774686098 -0.211783304810524
v -0.03597350791096687 -0.014911947771906853 -0.21518371999263763
v 0.1606747955083847 0.1678524911403656 -0.03965602070093155
v 0.16117632389068604 0.15873931348323822 -0.048165686428546906
v 0.1589195728302002 0.1722785383462906 -0.05298963189125061
v 0.16667690873146057 0.2994816303253174 0.008519679307937622
v 0.1632063388824463 0.29027092456817627 0.018026910722255707
v -0.042503781616687775 0.48977792263031006 -0.04176259785890579
v -0.039980143308639526 0.4845549762248993 -0.05052677541971207
v -0.056975267827510834 0.48874691128730774 -0.03968115150928497
v 0.11508801579475403 0.14373092353343964 -0.14357560873031616
v 0.10390912741422653 0.15656490623950958 -0.14856964349746704
v 0.117961086332798 0.15280450880527496 -0.14076635241508484
v -0.2677921950817108 0.24146410822868347 -0.10657184571027756
v -0.280383825302124 0.2441989779472351 -0.10391012579202652
v -0.26839107275009155 0.2569452226161957 -0.10343862324953079
v -0.012250058352947235 0.3246053159236908 0.08821099251508713
v -0.011894825845956802 0.3110332190990448 0.09311062842607498
v 0.16190814971923828 0.15460564196109772 -0.03440916910767555
v -0.1204417273402214 0.1607896387577057 -0.14783331751823425
v -0.10702528059482574 0.17066188156604767 -0.15484115481376648
v -0.10610442608594894 0.1547280102968216 -0.154927596449852
v -0.04230673983693123 0.05126695707440376 -0.18807515501976013
v -0.050969790667295456 0.056488290429115295 -0.18575885891914368
v -0.04212219640612602 0.06570209562778473 -0.18279631435871124
v 0.050583794713020325 -0.012430868111550808 -0.20674759149551392
v 0.03294482082128525 -0.013792682439088821 -0.20808516442775726
v 0.03211892768740654 -0.00529720913618803 -0.20556624233722687
v 0.1626901775598526 0.11929887533187866 -0.056316014379262924
v 0.1625182330608368 0.12458593398332596 -0.04846474155783653
v 0.0863705724477768 0.26717105507850647 -0.1428183764219284
v 0.09703633934259415 0.2643057405948639 -0.14030084013938904
v 0.08533095568418503 0.25566673278808594 -0.14394709467887878
v -0.11792611330747604 0.19786351919174194 -0.14336976408958435
v -0.11716767400503159 0.2088170200586319 -0.14088639616966248
v -0.11147429049015045 0.20610307157039642 -0.15080158412456512
v -0.1326688528060913 0.07836464047431946 -0.14839515089988708
v -0.12577824294567108 0.086994968354702 -0.15041925013065338
v -0.12780146300792694 0.07505042850971222 -0.15374808013439178
v -0.25777667760849 0.30136212706565857 -0.09057275950908661
v -0.25119292736053467 0.3091009259223938 -0.09066857397556305
v -0.24098986387252808 0.2994111180305481 -0.09823030978441238
v -0.10624171048402786 0.26336434483528137 -0.14639155566692352
v -0.10008440166711807 0.2555840313434601 -0.1556704193353653
v -0.018307354301214218 0.11745575070381165 -0.17108961939811707
v -0.02615104243159294 0.1120944693684578 -0.17531393468379974
v -0.02747083455324173 0.12141016125679016 -0.17423275113105774
v 0.11773587018251419 0.40252894163131714 0.06417445093393326
v 0.10908476263284683 0.40118956565856934 0.06383971124887466
v 0.16438989341259003 0.22240737080574036 -0.015513390302658081
v 0.16277146339416504 0.2151019275188446 -0.02946489304304123
v 0.16431692242622375 0.22857795655727386 -0.02332371473312378
v -0.2213127166032791 0.22833217680454254 -0.0392388179898262
v -0.2208855152130127 0.23588009178638458 -0.026955977082252502
v 0.11224288493394852 -0.024968363344669342 0.03951554000377655
v 0.1054685115814209 -0.03193914145231247 0.04209137707948685
v 0.12264039367437363 -0.03331192210316658 0.03171660751104355
v 0.05488693341612816 -0.06391516327857971 0.050755247473716736
v 0.05417846143245697 -0.04862131178379059 0.055081918835639954
v 0.036972325295209885 -0.054833486676216125 0.05684085190296173
v 0.0536300428211689 0.4409486949443817 0.049660101532936096
v 0.04128193110227585 0.4456983208656311 0.04961640387773514
v 0.044925592839717865 0.43308281898498535 0.05499633401632309
v 0.015981677919626236 0.039493151009082794 0.08579033613204956
v 0.007407262921333313 0.02873753383755684 0.08262508362531662
v 0.016624946147203445 0.022486288100481033 0.08214955031871796
v 0.12105540186166763 0.31657126545906067 0.08720815926790237
v 0.12602826952934265 0.30645325779914856 0.08939258009195328
v 0.13360130786895752 0.3176943063735962 0.08625887334346771
v -0.04545097053050995 0.03411366045475006 0.07455062866210938
v -0.03795011714100838 0.02743465080857277 0.07464142888784409
v -0.03537234663963318 0.04632047563791275 0.07858938723802567
v 0.06647203117609024 0.20785419642925262 0.11218950152397156
v 0.05544773489236832 0.21177798509597778 0.11260192841291428
v 0.06071145087480545 0.19776533544063568 0.11033359915018082
v -0.23934447765350342 0.24104894697666168 -0.009378179907798767
v -0.24041125178337097 0.2588425576686859 -0.002681523561477661
v -0.2499299943447113 0.24677109718322754 -0.0055791884660720825
v 0.1507323831319809 -0.026184167712926865 0.014641918241977692
v 0.15266333520412445 -0.007774306461215019 0.013100206851959229
v -0.11878697574138641 0.210581973195076 -0.12904749810695648
v -0.11715105175971985 0.2209000140428543 -0.12624400854110718
v 0.14447805285453796 0.4663126468658447 0.012149661779403687
v 0.13804903626441956 0.46762555837631226 0.01713821291923523
v -0.15782096982002258 0.10882732272148132 -0.06943227350711823
v -0.15946398675441742 0.09983082115650177 -0.06663233041763306
v -0.16139814257621765 0.10176190733909607 -0.05202379822731018
v -0.204325333237648 0.33654630184173584 0.025258779525756836
v -0.19639135897159576 0.3233991265296936 0.023841440677642822
v -0.1890154778957367 0.3308400511741638 0.028992801904678345
v 0.17232654988765717 0.0816720649600029 -0.05401469022035599
v 0.16979587078094482 0.0870455950498581 -0.06714754551649094
v 0.16797353327274323 0.09525112807750702 -0.052040405571460724
v -0.10751768946647644 0.04690110310912132 -0.17830145359039307
v -0.0955619066953659 0.05055901035666466 -0.1804366260766983
v -0.09523646533489227 0.039636023342609406 -0.18548288941383362
v -0.08701346069574356 0.4112354815006256 -0.11564770340919495
v -0.074674092233181 0.4056594669818878 -0.12002942711114883
v -0.09033281356096268 0.3967247009277344 -0.12357725203037262
v -0.15256275236606598 0.06587051600217819 -0.016917482018470764
v -0.15669867396354675 0.07407837361097336 -0.019506826996803284
v -0.1588176041841507 0.06894771754741669 -0.03092258796095848
v 0.01936417818069458 -0.04749029874801636 0.0619809553027153
v 0.00960602704435587 -0.03195596858859062 0.0684862807393074
v 0.001948013436049223 -0.04883621633052826 0.06255564093589783
v 0.07091989368200302 0.16569843888282776 -0.15545180439949036
v 0.07591354101896286 0.18046900629997253 -0.15228140354156494
v -0.034020185470581055 0.265364408493042 0.10340180993080139
v -0.045635249465703964 0.26759424805641174 0.10389543324708939
v -0.045423589646816254 0.25855115056037903 0.10566709190607071
v 0.27183133363723755 0.35083428025245667 0.0021610409021377563
v -0.16710537672042847 0.2858336865901947 -0.04733633995056152
v -0.16987057030200958 0.30418074131011963 -0.038409844040870667
v -0.16626954078674316 0.2858489453792572 -0.03235245496034622
v -0.09047697484493256 0.47070756554603577 0.007693327963352203
v -0.08493001759052277 0.48364880681037903 -0.0034470558166503906
v 0.024385489523410797 0.050442833453416824 0.08820777386426926
v 0.015522297471761703 0.056352339684963226 0.08843608945608139
v 0.17821557819843292 -0.034046318382024765 -0.011060938239097595
v 0.1875322014093399 -0.03770655021071434 -0.025380127131938934
v 0.18260441720485687 -0.021450726315379143 -0.021995313465595245
v -0.15747059881687164 0.05199982598423958 -0.027671921998262405
v -0.16139978170394897 0.054995860904455185 -0.042356785386800766
v 0.24156451225280762 0.35520756244659424 -0.035182178020477295
v 0.052459899336099625 0.35013383626937866 0.08546499907970428
v 0.052053436636924744 0.3634659945964813 0.08046253770589828
v 0.23298124969005585 0.28119587898254395 0.05251865088939667
v 0.23855243623256683 0.29139238595962524 0.05902428925037384
v 0.22583714127540588 0.28851884603500366 0.051880717277526855
v -0.14243072271347046 0.3299694359302521 0.06618579477071762
v -0.15229804813861847 0.32164865732192993 0.06625093519687653
v -0.13792797923088074 0.3196660280227661 0.06621033698320389
v 0.24041619896888733 0.31589019298553467 -0.047682300209999084
v -0.14255698025226593 0.08767035603523254 -0.12399087101221085
v -0.14841942489147186 0.08173850178718567 -0.1186770647764206
v -0.14907419681549072 0.09212683141231537 -0.11743460595607758
v -0.1546981781721115 0.08619005978107452 -0.112131267786026
v 0.27482572197914124 0.34255892038345337 -0.0023569315671920776
v 0.27899599075317383 0.334818959236145 -0.010111764073371887
v 0.04845866933465004 0.4186776280403137 0.06236982345581055
v 0.040393900126218796 0.41235700249671936 0.06517760455608368
v 0.05082688480615616 0.403201162815094 0.06662368774414062
v -0.032953038811683655 0.29903799295425415 -0.14817315340042114
v -0.03351256251335144 0.31653574109077454 -0.14599649608135223
v 0.05569947138428688 0.48909956216812134 -0.0398503914475441
v 0.06623967736959457 0.4894154667854309 -0.036385782063007355
v 0.21189182996749878 0.3907472491264343 -0.04088409245014191
v -0.022626277059316635 0.07226543873548508 0.08555049449205399
v -0.010721857659518719 0.06869328022003174 0.08701185882091522
v -0.016837745904922485 0.0805312991142273 0.08755972236394882
v -0.1936269849538803 0.3667864501476288 -0.08870404213666916
v -0.18830618262290955 0.3742688298225403 -0.08862876892089844
v -0.16382244229316711 0.26995810866355896 -0.029418691992759705
v 0.17954659461975098 0.34318453073501587 0.05374595522880554
v 0.18150459229946136 0.33319973945617676 0.053870782256126404
v 0.1918657422065735 0.3406706154346466 0.06014697253704071
v -0.02455281652510166 0.00048259878531098366 0.07243233919143677
v -0.041060544550418854 0.0024380977265536785 0.06777526438236237
v -0.03286531940102577 -0.01427057757973671 0.06591898947954178
v -0.3045245409011841 0.2594091594219208 -0.07515114545822144
v -0.3069617748260498 0.2604891061782837 -0.06068016588687897
v -0.29972633719444275 0.26641103625297546 -0.07225902378559113
v 0.09609947353601456 0.48502883315086365 -0.021157115697860718
v 0.0913851261138916 0.48692741990089417 -0.006356865167617798
v 0.10754062235355377 0.4834079146385193 -0.010239876806735992
v 0.13363349437713623 0.023217227309942245 0.03124891221523285
v 0.1424698829650879 0.012292444705963135 0.021133065223693848
v 0.0307936891913414 0.3459945321083069 0.08623974025249481
v -0.007311729714274406 0.3543614149093628 -0.13364626467227936
v -0.0021985769271850586 0.36234599351882935 -0.12929049134254456
v -0.0011800117790699005 0.3482603430747986 -0.13570627570152283
v 0.195792093873024 0.29727625846862793 0.03019106388092041
v 0.18810473382472992 0.30262959003448486 0.024998322129249573
v 0.19767716526985168 0.29332858324050903 0.02419188618659973
v -0.1684344857931137 0.38803133368492126 -0.09868864715099335
v -0.16831305623054504 0.37550050020217896 -0.10332540422677994
v -0.17565618455410004 0.383061021566391 -0.09559016674757004
v -0.15596424043178558 0.403564989566803 0.041904233396053314
v -0.14828044176101685 0.38931456208229065 0.0496940091252327
v -0.14216378331184387 0.4013250470161438 0.038178808987140656
v 0.10752887278795242 0.07254508137702942 -0.16192129254341125
v 0.11485844105482101 0.06543554365634918 -0.16149523854255676
v 0.10882987827062607 0.06175638735294342 -0.166134774684906
v -0.15030235052108765 0.3549101948738098 0.041883498430252075
v -0.15991650521755219 0.3617910146713257 0.038234032690525055
v -0.16569532454013824 0.350483238697052 0.03441706299781799
v 0.18997226655483246 -0.025393350049853325 -0.037062868475914
v 0.15901947021484375 0.4222780168056488 -0.05998089164495468
v 0.1628941148519516 0.4084247946739197 -0.06509805470705032
v 0.15597698092460632 0.4212850034236908 -0.06295040249824524
v -0.013923200778663158 0.16014204919338226 -0.16318657994270325
v -0.014836478978395462 0.17305538058280945 -0.16196265816688538
v -0.004988749511539936 0.16865642368793488 -0.15896213054656982
v 0.1358725130558014 0.4538216292858124 -0.049367889761924744
v 0.12642693519592285 0.4660802185535431 -0.04136192798614502
v 0.14064787328243256 0.45819810032844543 -0.0364280641078949
v 0.13432610034942627 0.3416861295700073 -0.10327458381652832
v 0.1258128434419632 0.3586713969707489 -0.10836933553218842
v 0.1386401653289795 0.35100460052490234 -0.09723024815320969
v 0.126356303691864 -0.05098283290863037 0.028565026819705963
v -0.20630940794944763 0.24123796820640564 -0.05947783589363098
v 0.025508686900138855 0.09743081778287888 0.09506424516439438
v 0.03557465970516205 0.1023772656917572 0.09642843902111053
v 0.025375766679644585 0.10753440111875534 0.09632033854722977
v 0.18408633768558502 0.3257412910461426 -0.03998194634914398
v 0.1924513876438141 0.3220789432525635 -0.04687865078449249
v 0.18235717713832855 0.31902751326560974 -0.03230690956115723
v -0.1557832509279251 0.4162084758281708 0.029520124197006226
v -0.15563271939754486 0.41082337498664856 0.0350537970662117
v -0.14165520668029785 0.4151676297187805 0.02891242504119873
v -0.09475236386060715 -0.009047217667102814 -0.20392024517059326
v -0.09510338306427002 0.007385245058685541 -0.1989184319972992
v -0.08884766697883606 0.3476331830024719 -0.14416706562042236
v -0.0965866893529892 0.34227731823921204 -0.13911530375480652
v -0.09860183298587799 0.35262206196784973 -0.13662487268447876
v 0.11337319016456604 0.4722156822681427 -0.042155928909778595
v 0.12432950735092163 0.46135783195495605 -0.05037949979305267
v 0.1535417139530182 0.2966233789920807 -0.0752568393945694
v 0.15684345364570618 0.3056597411632538 -0.07132360339164734
v 0.15853136777877808 0.2914265990257263 -0.06819495558738708
v 0.12445859611034393 0.047695647925138474 -0.1664692610502243
v 0.11015337705612183 0.05108201131224632 -0.17114435136318207
v 0.12276434898376465 0.05839361250400543 -0.16093358397483826
v 0.07688179612159729 0.10305609554052353 -0.16682511568069458
v 0.06962137669324875 0.09563253074884415 -0.16779139637947083
v 0.06099158897995949 0.10386199504137039 -0.1661420464515686
v -0.16114243865013123 0.02879406325519085 -0.13371634483337402
v -0.15219828486442566 0.03578758239746094 -0.1439897119998932
v -0.15413184463977814 0.021227698773145676 -0.14870241284370422
v 0.128395676612854 0.4345129132270813 0.06160964071750641
v 0.1390949785709381 0.4381502866744995 0.058335915207862854
v 0.12826895713806152 0.4428776800632477 0.05529499053955078
v -0.1465006172657013 0.31607043743133545 0.042277827858924866
v -0.15198133885860443 0.3148793876171112 0.022286780178546906
v 0.14732147753238678 -0.06478171795606613 0.02208920568227768
v 0.15213458240032196 -0.05389606952667236 0.01827237755060196
v 0.14455126225948334 -0.05608401075005531 0.022186048328876495
v -0.1771973967552185 0.006634284742176533 -0.09639911353588104
v -0.17695331573486328 0.009587199427187443 -0.08563073724508286
v -0.1754138320684433 0.016908101737499237 -0.09912683814764023
v 0.21991880238056183 0.342019259929657 -0.050645098090171814
v 0.13030026853084564 0.2959234118461609 0.09028614312410355
v 0.1325705498456955 0.28716322779655457 0.08770020306110382
v 0.1427735686302185 0.2999350428581238 0.0755051001906395
v -0.10149473696947098 0.4280172884464264 -0.10030732303857803
v -0.1091047003865242 0.42194950580596924 -0.1037239357829094
v -0.1127028539776802 0.42813679575920105 -0.09682024270296097
v -0.16805599629878998 0.31109818816185 -0.0850663036108017
v -0.1583668738603592 0.29723668098449707 -0.08270206302404404
v 0.10744406282901764 0.0048722168430686 0.049393296241760254
v 0.11225002259016037 0.022661052644252777 0.05019102990627289
v 0.14385005831718445 0.43488243222236633 0.06437739729881287
v 0.14514131844043732 0.4269237816333771 0.06252841651439667
v 0.15078210830688477 0.4432871341705322 0.056107789278030396
v -0.17101804912090302 -0.06618163734674454 -0.02354341745376587
v -0.16229166090488434 -0.06954315304756165 -0.011677160859107971
v -0.16036123037338257 -0.061086881905794144 -0.011774051934480667
v 0.00019498541951179504 -0.015783879905939102 0.07239358872175217
v 0.009235899895429611 -0.023778807371854782 0.07108984142541885
v 0.01352414209395647 -0.013291502371430397 0.07337156683206558
v 0.10286344587802887 0.48068660497665405 0.004813522100448608
v 0.03486592695116997 0.0922943651676178 0.09504242986440659
v 0.024803994223475456 0.0873926654458046 0.09373088926076889
v -0.08336901664733887 0.4204773008823395 0.0427512601017952
v -0.09180833399295807 0.41944944858551025 0.03922653943300247
v 0.01003652811050415 0.3507635295391083 -0.1336367428302765
v 0.010208403691649437 0.34037020802497864 -0.13833248615264893
v 0.05349941551685333 0.3234628736972809 0.0956316590309143
v 0.04306618124246597 0.3136332929134369 0.09907727688550949
v 0.05439405143260956 0.3090783357620239 0.1013542041182518
v 0.23000267148017883 0.2581249475479126 0.025200650095939636
v 0.0548134408891201 0.29380524158477783 0.10742317140102386
v 0.04358113929629326 0.2987782061100006 0.10457294434309006
v 0.04399704188108444 0.28446826338768005 0.10963810235261917
v 0.19239485263824463 -0.003658765461295843 -0.10993961989879608
v 0.1931549459695816 -0.01333055179566145 -0.10530184954404831
v 0.19489555060863495 -0.01660175807774067 -0.12079066783189774
v 0.12939918041229248 0.4526378810405731 0.04617901146411896
v 0.12049656361341476 0.4436834454536438 0.05368168652057648
v -0.16239239275455475 0.23761259019374847 -0.03876687213778496
v -0.1612430065870285 0.22844041883945465 -0.030168097466230392
v -0.16206561028957367 0.24338625371456146 -0.02940461039543152
v 0.15687307715415955 0.4062689542770386 -0.07059376686811447
v 0.02406301721930504 0.06740623712539673 0.09099704027175903
v -0.2010056972503662 0.4165226221084595 -0.04076375067234039
v -0.19562987983226776 0.4178329110145569 -0.045977406203746796
v -0.19739939272403717 0.40887248516082764 -0.049416087567806244
v 0.27499473094940186 0.32928702235221863 -0.025084763765335083
v 0.27750110626220703 0.31728678941726685 -0.029653087258338928
v 0.2639092206954956 0.32890671491622925 -0.03213813900947571
v 0.016471408307552338 0.4306623935699463 -0.09371727705001831
v 0.010791130363941193 0.43976616859436035 -0.08815142512321472
v 0.022927695885300636 0.4411925971508026 -0.08728692680597305
v -0.28438156843185425 0.23594316840171814 -0.01399141550064087
v -0.2694379687309265 0.22688588500022888 -0.011503994464874268
v 0.21055497229099274 0.42531687021255493 0.008843198418617249
v 0.20387408137321472 0.42886966466903687 0.0002851039171218872
v 0.2041437327861786 0.4303625226020813 0.013514414429664612
v 0.16723908483982086 0.2932443618774414 -0.0006079971790313721
v -0.2575673758983612 0.3398348391056061 -0.05685940384864807
v -0.2634180188179016 0.3427160084247589 -0.04733105003833771
v -0.2502867877483368 0.35173144936561584 -0.05328536778688431
v 0.15779173374176025 0.4586673676967621 0.014330774545669556
v 0.1639658510684967 0.45665016770362854 0.00854538381099701
v 0.16001874208450317 0.45786309242248535 -0.0010326802730560303
v 0.1059831902384758 0.20102956891059875 0.09830066561698914
v 0.10660389810800552 0.2160397469997406 0.10215605050325394
v 0.09711657464504242 0.21288704872131348 0.10555384308099747
v -0.15329508483409882 0.10631110519170761 -0.09743455052375793
v -0.1500549614429474 0.11476589739322662 -0.10032844543457031
v -0.1499331295490265 0.10489067435264587 -0.11163903772830963
v 0.1065383031964302 0.2608790695667267 -0.13535591959953308
v 0.1134786456823349 0.25708678364753723 -0.1276552677154541
v 0.10637139528989792 0.24479258060455322 -0.13867312669754028
v -0.028027866035699844 0.23038193583488464 -0.16026227176189423
v -0.01757209002971649 0.2270307093858719 -0.1602303683757782
v 0.1421290636062622 0.23984582722187042 0.07059779763221741
v 0.1473565548658371 0.24746426939964294 0.05975734442472458
v 0.14169353246688843 0.2553516924381256 0.07245106995105743
v -0.2354898899793625 0.22912706434726715 -0.018736302852630615
v -0.2418498545885086 0.22202180325984955 -0.020368024706840515
v 0.10807503759860992 0.24603183567523956 0.1086263507604599
v 0.11194420605897903 0.25544893741607666 0.10548284649848938
v 0.09790657460689545 0.2586437463760376 0.11200865358114243
v -0.04494456201791763 0.3402038812637329 -0.14362956583499908
v -0.04493109509348869 0.32299625873565674 -0.1464270055294037
v -0.05643107369542122 0.3384208679199219 -0.1444014459848404
v 0.03471159189939499 0.23797325789928436 0.11164160072803497
v 0.023928457871079445 0.23476417362689972 0.10788305848836899
v 0.039529576897621155 0.22322678565979004 0.11271943897008896
v 0.177040234208107 0.01996896043419838 -0.12714502215385437
v 0.18036289513111115 0.02398943156003952 -0.11798582971096039
v 0.18226537108421326 0.012612983584403992 -0.12047755718231201
v 0.1699148565530777 0.3420853018760681 -0.08002866804599762
v 0.16570934653282166 0.3591826260089874 -0.08389883488416672
v 0.1684233695268631 0.34660863876342773 -0.06994021683931351
v -0.20540428161621094 0.24799150228500366 -0.03231820464134216
v -0.19758270680904388 0.2539125680923462 -0.034591615200042725
v -0.19870266318321228 0.2590879797935486 -0.023043349385261536
v 0.16796131432056427 0.31797391176223755 -0.02850303053855896
v 0.17114995419979095 0.32419484853744507 -0.04179207980632782
v 0.023281581699848175 0.20947763323783875 -0.15012714266777039
v 0.012802472338080406 0.20356392860412598 -0.15191498398780823
v 0.012641388922929764 0.2242826223373413 -0.15060636401176453
v 0.12475882470607758 0.17359758913516998 -0.13389170169830322
v 0.12032917886972427 0.18388748168945312 -0.13692444562911987
v 0.12863671779632568 0.1877191960811615 -0.12454818189144135
v -0.22919847071170807 0.38907039165496826 -0.014901995658874512
v -0.23819823563098907 0.373851478099823 -0.010168582201004028
v 0.17863048613071442 0.02290588989853859 -0.025385580956935883
v 0.17169593274593353 0.018739942461252213 -0.012533269822597504
v 0.18026511371135712 0.004746738355606794 -0.02191118896007538
v 0.14996826648712158 0.14955109357833862 -0.09225957095623016
v 0.15357905626296997 0.13617682456970215 -0.0877787321805954
v 0.148782879114151 0.1404724419116974 -0.10054387152194977
v -0.16183391213417053 0.3182307183742523 0.015257924795150757
v -0.15256142616271973 0.3040845990180969 0.021455630660057068
v 0.049038998782634735 0.11201581358909607 -0.1644619256258011
v 0.04085104912519455 0.11703294515609741 -0.16943001747131348
v 0.1933702975511551 -0.01904902793467045 -0.05793669819831848
v 0.19523411989212036 -0.037538718432188034 -0.05521418899297714
v 0.19558240473270416 -0.03287268429994583 -0.06956283003091812
v -0.02479982003569603 0.0561903640627861 -0.186101034283638
v -0.03356482833623886 0.06083528697490692 -0.18448276817798615
v -0.02474968694150448 0.0699077919125557 -0.180726557970047
v 0.15227071940898895 0.04986920952796936 -0.1473425030708313
v 0.14582425355911255 0.044826820492744446 -0.15435606241226196
v 0.13633781671524048 0.05456702783703804 -0.15523941814899445
v -0.19109036028385162 0.40663737058639526 0.023156270384788513
v 0.0007539670914411545 0.2644513249397278 0.1033291220664978
v 0.0011806432157754898 0.2555256187915802 0.10361301898956299
v 0.011499933898448944 0.2676706910133362 0.10484325140714645
v 0.14594313502311707 0.34958750009536743 -0.0884656086564064
v 0.14203058183193207 0.3597652018070221 -0.09073831886053085
v 0.1556018441915512 0.3516373932361603 -0.08247343450784683
v 0.10394689440727234 0.08917954564094543 0.07141507416963577
v 0.06463135033845901 0.32544392347335815 0.09484460204839706
v 0.07575490325689316 0.3274848461151123 0.09315567463636398
v 0.063938669860363 0.3389168679714203 0.08960447460412979
v 0.10028047859668732 0.17512641847133636 0.09549949318170547
v 0.09168386459350586 0.16258832812309265 0.09951804578304291
v 0.10429362952709198 0.16128066182136536 0.08974775671958923
v -0.22418703138828278 0.3887597918510437 0.00216558575630188
v -0.22697153687477112 0.37868213653564453 0.006721138954162598
v -0.21887841820716858 0.39056992530822754 0.009049803018569946
v -0.1609307825565338 0.1777081936597824 0.012349143624305725
v -0.16036152839660645 0.16621771454811096 0.018961705267429352
v -0.1590283215045929 0.16939464211463928 0.027958303689956665
v -0.023367537185549736 0.12843535840511322 0.09054038673639297
v -0.013938114047050476 0.14281794428825378 0.09220880270004272
v -0.023809676989912987 0.1448005884885788 0.09171850979328156
v 0.025426851585507393 0.03352856636047363 0.08443566411733627
v 0.034667935222387314 0.02762247622013092 0.08219819515943527
v 0.03410973399877548 0.04431520029902458 0.086552694439888
v -0.06765569746494293 0.06846687197685242 -0.1803962141275406
v -0.06361851841211319 0.07799529284238815 -0.17872819304466248
v -0.056459613144397736 0.07115500420331955 -0.18099696934223175
v 0.09160105884075165 0.12183026224374771 0.08788464963436127
v 0.08407817780971527 0.12626250088214874 0.09308811277151108
v 0.08349677175283432 0.11501071602106094 0.09043242782354355
v 0.20609283447265625 0.2833397686481476 -0.004901453852653503
v -0.06854403018951416 0.3451964557170868 -0.14359445869922638
v -0.060511935502290726 0.35504797101020813 -0.14115172624588013
v 0.007904358208179474 0.011865371838212013 0.07928872853517532
v 0.11783578246831894 0.40090858936309814 -0.09985347092151642
v 0.12443636357784271 0.4106460213661194 -0.09184311330318451
v 0.130935400724411 0.3963451385498047 -0.09296055883169174
v 0.16472430527210236 0.2692281901836395 -0.04699087142944336
v 0.16171500086784363 0.13924576342105865 -0.03923691809177399
v 0.10310070216655731 0.3719569444656372 0.07122012227773666
v 0.08809243142604828 0.37484845519065857 0.07260454446077347
v 0.08910880982875824 0.36455386877059937 0.07606842368841171
v 0.07337620854377747 0.367555171251297 0.07741022855043411
v -0.16092178225517273 0.17167207598686218 -0.006295248866081238
v -0.16118143498897552 0.1684320867061615 -0.023807771503925323
v -0.16081444919109344 0.16020908951759338 -0.0076976194977760315
v 0.06728874146938324 0.3695211410522461 -0.12688037753105164
v 0.07911328971385956 0.37902092933654785 -0.1224137544631958
v 0.07582747936248779 0.3624131381511688 -0.12790529429912567
v 0.1282234936952591 0.14544537663459778 0.06424152106046677
v 0.1299484372138977 0.13636869192123413 0.05845238268375397
v 0.13448776304721832 0.14732694625854492 0.05551885813474655
v -0.1700976938009262 0.04489326477050781 -0.08951714634895325
v -0.16869601607322693 0.0535120852291584 -0.0850377231836319
v -0.16846445202827454 0.04489274322986603 -0.1015104353427887
v -0.14198315143585205 0.35002875328063965 0.06141342967748642
v -0.14907830953598022 0.35789892077445984 0.062337085604667664
v -0.15105082094669342 0.34120461344718933 0.0651375874876976
v -0.2003151923418045 0.41754430532455444 -0.019372910261154175
v -0.21178852021694183 0.4096398651599884 -0.00944693386554718
v -0.20094162225723267 0.4172981381416321 -0.00699654221534729
v -0.2292671650648117 0.2093396633863449 -0.06634948402643204
v -0.233260840177536 0.2115146517753601 -0.08246050775051117
v -0.2294507473707199 0.22032678127288818 -0.08269792795181274
v -0.08778998255729675 0.2086106538772583 -0.15742236375808716
v -0.09200736880302429 0.1929270625114441 -0.15751661360263824
v -0.10034553706645966 0.2070675790309906 -0.15705667436122894
v 0.15852396190166473 0.15504518151283264 -0.0113348588347435
v 0.16021546721458435 0.14905588328838348 -0.020695693790912628
v -0.05183342471718788 0.40434423089027405 0.05983598530292511
v -0.04170501232147217 0.415891170501709 0.059429019689559937
v -0.008314043283462524 0.4103487730026245 0.06558717787265778
v -0.01849309355020523 0.40904682874679565 0.06480753421783447
v -0.011438211426138878 0.39057570695877075 0.06993206590414047
v 0.045028965920209885 0.2250201404094696 0.11343536525964737
v -0.12309245020151138 0.11258628964424133 0.0481405183672905
v -0.11819810420274734 0.1026589646935463 0.051834896206855774
v -0.11455291509628296 0.1184023842215538 0.05967732518911362
v -0.1182715892791748 0.45447084307670593 -0.065269336104393
v -0.11332517862319946 0.46548938751220703 -0.05094423145055771
v -0.10248693078756332 0.4602925777435303 -0.06727675348520279
v 0.043720778077840805 0.011605501174926758 0.076202891767025
v 0.026216406375169754 0.01640695333480835 0.08009876310825348
v 0.035256922245025635 0.0005638781003654003 0.07458163052797318
v -0.20575344562530518 0.2529939115047455 -0.020456597208976746
v -0.1299615353345871 0.2866978049278259 -0.12194384634494781
v -0.13846370577812195 0.2840213477611542 -0.11725736409425735
v -0.13283824920654297 0.29869624972343445 -0.12155909836292267
v 0.13743478059768677 0.11284349113702774 -0.13797634840011597
v 0.1398553103208542 0.10477599501609802 -0.13738270103931427
v 0.13091641664505005 0.1073775365948677 -0.14505743980407715
v -0.1707649528980255 0.40052974224090576 -0.08422928303480148
v -0.17725366353988647 0.3885784149169922 -0.08760328590869904
v 0.024663321673870087 0.07697856426239014 0.09232842922210693
v 0.014978250488638878 0.07378529012203217 0.09047891944646835
v -0.16095159947872162 0.20003503561019897 0.00986054539680481
v -0.1611114740371704 0.19123774766921997 0.013543292880058289
v -0.1836937516927719 0.4265281856060028 -0.034541189670562744
v -0.17717638611793518 0.4312869608402252 -0.032484352588653564
v -0.18094150722026825 0.42543983459472656 -0.04395352303981781
v -0.16288438439369202 0.4417724013328552 -0.02326185256242752
v -0.17231139540672302 0.4345929026603699 -0.007483579218387604
v -0.17936061322689056 -0.021990329027175903 -0.10306312888860703
v -0.17594219744205475 -0.010276095941662788 -0.1103304922580719
v -0.10723104327917099 0.351582407951355 -0.1327807605266571
v -0.11412499099969864 0.33977973461151123 -0.13136857748031616
v -0.14049187302589417 0.45668554306030273 -0.020983070135116577
v -0.12837639451026917 0.4634924530982971 -0.020650193095207214
v 0.05284902825951576 0.3401133716106415 0.08929798752069473
v 0.06352673470973969 0.3489752411842346 0.08563141524791718
v 0.05309965834021568 -0.003806866705417633 0.06913596391677856
v 0.03991474211215973 -0.007250570692121983 0.07116257399320602
v 0.05650915205478668 -0.013630242086946964 0.06559475511312485
v -0.08144614100456238 -0.006857471074908972 0.048791952431201935
v -0.07658933848142624 -0.017062664031982422 0.04782922565937042
v 0.16216042637825012 0.4557894468307495 0.02034202218055725
v 0.141680046916008 0.33941972255706787 0.05343329906463623
v 0.14801272749900818 0.3263804316520691 0.047529175877571106
v 0.15640750527381897 0.3398435115814209 0.057881683111190796
v -0.14154163002967834 0.3883064389228821 0.047775886952877045
v -0.13364145159721375 0.38256552815437317 0.05014639347791672
v -0.13457831740379333 0.39613357186317444 0.04380989819765091
v -0.006533069536089897 0.3916858732700348 0.07027827948331833
v 0.16246318817138672 0.2775321900844574 -0.0667184516787529
v 0.15671853721141815 0.282099187374115 -0.07382965832948685
v 0.16438229382038116 -0.003461480140686035 0.0022102966904640198
v 0.16306790709495544 -0.021906297653913498 0.004370257258415222
v 0.011968735605478287 0.3890661597251892 0.0727466344833374
v 0.007552116643637419 0.39950212836265564 0.07025259733200073
v -0.0017538312822580338 0.40064936876296997 0.06879300624132156
v -0.1572379469871521 0.28897756338119507 0.01476047933101654
v -0.1552247703075409 0.27807796001434326 0.016269654035568237
v -0.15315821766853333 0.2826506495475769 0.02594985067844391
v 0.2526801824569702 0.32769858837127686 -0.0384863018989563
v 0.24143832921981812 0.33797478675842285 -0.04210646450519562
v 0.2568333148956299 0.33739060163497925 -0.03215858340263367
v -0.026688164100050926 0.3792268931865692 0.07062850147485733
v 0.044700272381305695 0.27872133255004883 -0.14294442534446716
v 0.05280284583568573 0.28657034039497375 -0.14131022989749908
v 0.05538241192698479 0.2757352888584137 -0.14273090660572052
v -0.054456986486911774 0.0009858030825853348 -0.20885547995567322
v 0.19576160609722137 -0.008750997483730316 -0.09048918634653091
v 0.19465132057666779 -0.004746138118207455 -0.07551918923854828
v 0.19755397737026215 -0.02041311375796795 -0.07962557673454285
v 0.11593791097402573 0.3549947142601013 0.07686538249254227
v 0.10753936320543289 0.3477608859539032 0.07820910215377808
v 0.11416326463222504 0.3388266861438751 0.08043787628412247
v -0.1698157638311386 0.4252092242240906 -0.05850765109062195
v -0.16763842105865479 0.4178544878959656 -0.07203550636768341
v -0.16050180792808533 0.3137383759021759 0.05912849307060242
v -0.15342992544174194 0.2969313859939575 0.06486518681049347
v -0.14330661296844482 0.30874842405319214 0.06821060925722122
v -0.16158123314380646 0.29926598072052 0.059332966804504395
v -0.16163046658039093 0.2817264497280121 0.05828193575143814
v -0.17028483748435974 0.4048580527305603 0.04117787629365921
v 0.1376597136259079 0.16682252287864685 -0.1110156923532486
v 0.13492482900619507 0.17887833714485168 -0.110267773270607
v 0.1394297033548355 0.1766541451215744 -0.10474860668182373
v -0.09252512454986572 0.11350830644369125 -0.16229258477687836
v -0.10291702300310135 0.11138208955526352 -0.15738528966903687
v -0.28721773624420166 0.25483033061027527 -0.019186213612556458
v 0.2235962599515915 0.28524383902549744 -0.03673022985458374
v 0.2311418354511261 0.2780074179172516 -0.03534819185733795
v -0.2416228950023651 0.2768246531486511 0.002363041043281555
v -0.25112849473953247 0.2649592161178589 8.369982242584229e-05
v 0.150675430893898 0.23529314994812012 -0.08399178832769394
v 0.15146039426326752 0.24332013726234436 -0.0741768330335617
v 0.15399253368377686 0.22950629889965057 -0.06713362783193588
v -0.09548372030258179 0.023885123431682587 -0.19319084286689758
v -0.08883996307849884 0.012243899516761303 -0.1994728147983551
v 0.08323365449905396 0.3316285312175751 -0.13559651374816895
v 0.072535440325737 0.3221871852874756 -0.135944664478302
v 0.06748049706220627 0.33285653591156006 -0.13417601585388184
v -0.19702649116516113 0.2498861402273178 -0.04837711900472641
v -0.1899588406085968 0.25737571716308594 -0.050415150821208954
v -0.18776313960552216 0.2578214704990387 -0.0359170138835907
v -0.18887625634670258 0.42521244287490845 -0.008399516344070435
v -0.049752090126276016 0.4677441418170929 -0.07033389061689377
v -0.04794548824429512 0.4604109525680542 -0.0764893963932991
v -0.16566431522369385 0.031393907964229584 -0.12454891949892044
v -0.24720261991024017 0.2878207862377167 0.004666969180107117
v -0.24929305911064148 0.33302974700927734 0.0016945898532867432
v -0.2476913332939148 0.3472110331058502 -0.00827750563621521
v -0.253432959318161 0.3313077986240387 -0.009896412491798401
v -0.11448858678340912 0.3161133825778961 0.06671604514122009
v -0.11432190239429474 0.3031558692455292 0.07237156480550766
v -0.10549736022949219 0.3159917891025543 0.07298923283815384
v 0.07324814051389694 0.352546364068985 0.0834529921412468
v -0.16118067502975464 0.15502505004405975 -0.04286397248506546
v -0.16221760213375092 0.14770497381687164 -0.027789805084466934
v -0.16171051561832428 0.1575799435377121 -0.02544005587697029
v 0.05690130218863487 0.4481770098209381 -0.08445017784833908
v 0.06475841253995895 0.45488470792770386 -0.07899006456136703
v 0.06886617839336395 0.4476604461669922 -0.08555389940738678
v 0.14449316263198853 0.35394206643104553 0.07052938640117645
v 0.1423097401857376 0.3621610403060913 0.0599590539932251
v 0.14385886490345 0.3731246292591095 0.0741906464099884
v -0.12223532795906067 0.4648870825767517 -0.013708420097827911
v -0.11422160267829895 0.4682321846485138 -0.010081402957439423
v -0.11571138352155685 0.4704577326774597 -0.020590178668498993
v -0.10820253193378448 -0.0013773515820503235 -0.19891326129436493
v -0.18137910962104797 0.27437010407447815 -0.040822021663188934
v 0.1318397969007492 0.46755021810531616 0.021919429302215576
v 0.13714534044265747 0.46115413308143616 0.02939748764038086
v -0.17039364576339722 0.29807066917419434 0.003648698329925537
v -0.17263084650039673 0.3038550615310669 -0.007289975881576538
v -0.1731148660182953 0.3050200641155243 0.0064884573221206665
v -0.1582905352115631 0.33397942781448364 0.026832029223442078
v -0.014196505770087242 0.4193666875362396 0.06397116929292679
v -0.16355247795581818 0.1018364354968071 -0.024891801178455353
v -0.16137805581092834 0.10411958396434784 -0.012671276926994324
v -0.16226111352443695 0.11466097831726074 -0.025876589119434357
v 0.012875694781541824 0.19925840198993683 0.10181723535060883
v 0.0036089327186346054 0.19520771503448486 0.09781181812286377
v 0.013379449024796486 0.18182598054409027 0.10137036442756653
v -0.21310584247112274 0.24157746136188507 -0.02935980260372162
v -0.20345820486545563 0.28242185711860657 0.0016088932752609253
v -0.21408171951770782 0.2861970067024231 0.009962216019630432
v -0.21009565889835358 0.27176645398139954 0.0009977668523788452
v 0.22852815687656403 0.2724018394947052 0.04276491701602936
v 0.21957778930664062 0.2803223729133606 0.04039008915424347
v 0.003467962611466646 0.17867174744606018 -0.15566709637641907
v -0.005490160547196865 0.17555907368659973 -0.15892356634140015
v -0.00611698254942894 0.19179989397525787 -0.1580190658569336
v 0.04393991082906723 0.19168731570243835 0.11045277863740921
v 0.04968246445059776 0.20158272981643677 0.1116238459944725
v 0.0334753692150116 0.2048376202583313 0.11038567870855331
v 0.1132010743021965 0.3714984059333801 0.07160808145999908
v -0.10911162942647934 0.10930860787630081 0.06315968930721283
v 0.14413343369960785 0.0951334685087204 -0.13222751021385193
v 0.1536444127559662 0.09213167428970337 -0.12099908292293549
v 0.144609272480011 0.08483938127756119 -0.1338772475719452
v -0.09875471889972687 0.41597980260849 -0.11033335328102112
v -0.0891897901892662 0.42435726523399353 -0.10656816512346268
v 0.19978679716587067 -0.023781701922416687 -0.09499101340770721
v 0.04688505455851555 0.45747941732406616 0.04291438311338425
v 0.054914481937885284 0.45129314064979553 0.04384545981884003
v 0.05632859095931053 0.4611566960811615 0.03698968142271042
v 0.07190752029418945 0.4067336916923523 0.06216074526309967
v 0.07203490287065506 0.3935109078884125 0.06727874279022217
v 0.07914747297763824 0.39733579754829407 0.06541842222213745
v 0.2265622764825821 0.4024450480937958 -0.01562643051147461
v 0.23220396041870117 0.39895904064178467 -0.008137717843055725
v 0.15219604969024658 0.221980020403862 -0.08338704705238342
v 0.1473197340965271 0.23196379840373993 -0.09702274203300476
v 0.15435995161533356 0.2038128674030304 -0.07117897272109985
v 0.15668608248233795 0.19978101551532745 -0.05954348295927048
v 0.15428350865840912 0.1905471533536911 -0.07165614515542984
v -0.10989545285701752 0.4722282290458679 -0.03576921671628952
v -0.11571245640516281 0.3426130712032318 0.057333655655384064
v -0.12064339965581894 0.352474182844162 0.05365157872438431
v -0.12530437111854553 0.34091103076934814 0.05672980844974518
v -0.03765068203210831 -0.06927726417779922 0.04571492224931717
v -0.02801329456269741 -0.06536322087049484 0.049645692110061646
v -0.04486913979053497 -0.05645325779914856 0.047518715262413025
v 0.1054820865392685 0.48024529218673706 -0.027335740625858307
v 0.07530312240123749 -0.02140648663043976 0.05780810862779617
v 0.08908043056726456 -0.01926807127892971 0.05309881269931793
v -0.16320596635341644 0.3400910794734955 0.03411947190761566
v -0.17633935809135437 0.33839845657348633 0.026568442583084106
v 0.15639348328113556 0.18358322978019714 0.003465116024017334
v 0.15377497673034668 0.17444363236427307 0.018070966005325317
v -0.14760451018810272 0.36114057898521423 -0.12422662228345871
v -0.13558149337768555 0.3648357391357422 -0.1197923794388771
v -0.14400340616703033 0.3526477515697479 -0.12011367082595825
v 0.189154252409935 0.4047737717628479 0.06639885902404785
v 0.17504091560840607 0.3943607807159424 0.067705437541008
v -0.07309495657682419 0.48896318674087524 -0.030570678412914276
v -0.0793548971414566 0.48403409123420715 -0.03900250047445297
v -0.07748375833034515 0.4887886643409729 -0.025660783052444458
v -0.0029208906926214695 0.010357402265071869 -0.2033086121082306
v -0.004831098020076752 0.02028636820614338 -0.2002931833267212
v 0.01313746813684702 0.019866185262799263 -0.19898277521133423
v 0.13215608894824982 0.320364773273468 -0.1132507398724556
v 0.0027279965579509735 0.48223787546157837 -0.055128179490566254
v -0.004709458909928799 0.48859915137290955 -0.048287734389305115
v 0.14644120633602142 0.137308731675148 0.029721491038799286
v 0.1435565948486328 0.1431618630886078 0.038325436413288116
v -0.12925095856189728 0.20579026639461517 0.0774216428399086
v -0.12019997835159302 0.21849633753299713 0.0837894007563591
v -0.1323745846748352 0.21998640894889832 0.08039877563714981
v -0.020029211416840553 0.27555862069129944 -0.15383583307266235
v -0.009567448869347572 0.28652146458625793 -0.15134306252002716
v -0.008937111124396324 0.2697661817073822 -0.15358439087867737
v -0.07755080610513687 0.0157316867262125 -0.20082813501358032
v -0.2215396612882614 0.27858930826187134 0.0033958852291107178
v -0.3297719359397888 0.27244892716407776 -0.03357194364070892
v -0.3237934708595276 0.28049904108047485 -0.04017481207847595
v 0.02712293341755867 0.47646814584732056 -0.06178863346576691
v 0.03610030561685562 0.48239731788635254 -0.05486728996038437
v 0.12008539587259293 0.3872533440589905 0.069593645632267
v -0.15110455453395844 0.4495440423488617 -0.022057242691516876
v -0.14185044169425964 0.45460864901542664 -0.014285765588283539
v -0.11480862647294998 0.3292505741119385 0.06169453263282776
v -0.12560532987117767 0.12639020383358002 -0.14091530442237854
v -0.1285671591758728 0.11694922298192978 -0.1368841528892517
v -0.1347983330488205 0.12862181663513184 -0.1317753791809082
v -0.104882150888443 0.08395691215991974 -0.16431885957717896
v -0.09308459609746933 0.09495145827531815 -0.16632786393165588
v -0.09383871406316757 0.08288687467575073 -0.16835767030715942
v -0.10095123201608658 0.27792611718177795 -0.15166407823562622
v -0.09288761019706726 0.28013095259666443 -0.15595756471157074
v -0.10085246711969376 0.26783689856529236 -0.15415173768997192
v -0.05750424042344093 0.004537401255220175 0.06263890862464905
v -0.06270718574523926 0.01437043584883213 0.06421083956956863
v -0.07485300302505493 0.00857621617615223 0.05714039504528046
v -0.25239914655685425 0.29904139041900635 0.004720568656921387
v -0.2381063997745514 0.3031909465789795 0.0073691606521606445
v -0.15645161271095276 0.13018159568309784 -0.0662844181060791
v -0.1503634750843048 0.13765427470207214 -0.072893887758255
v -0.15306341648101807 0.12230712175369263 -0.07572320848703384
v -0.14812202751636505 -0.0030667977407574654 -0.008406206965446472
v -0.1460610032081604 -0.020773494616150856 -0.005467377603054047
v -0.13856761157512665 -0.005147291347384453 0.0009036362171173096
v -0.288702130317688 0.2819075286388397 -0.07229501754045486
v -0.16357283294200897 0.39198651909828186 0.05032198876142502
v -0.1552615463733673 0.33720317482948303 0.06260800361633301
v -0.15837156772613525 0.3312268555164337 0.05034027248620987
v -0.12403611838817596 0.1438978910446167 -0.1442556232213974
v -0.13613982498645782 0.14386506378650665 -0.1308300942182541
v -0.1292574107646942 0.1575457900762558 -0.1398579329252243
v 0.062352415174245834 0.0874350517988205 -0.16916871070861816
v 0.05351690948009491 0.08107016235589981 -0.171131432056427
v 0.04468909278512001 0.0822899267077446 -0.17185431718826294
v 0.1618034541606903 0.3766089677810669 -0.08330658823251724
v 0.16211074590682983 0.38284778594970703 -0.07299873977899551
v 0.16959117352962494 0.3670082688331604 -0.07040125876665115
v -0.16943420469760895 0.36592090129852295 -0.10573398321866989
v -0.053110986948013306 0.14547112584114075 0.09348324686288834
v -0.30676937103271484 0.286825031042099 -0.05408427119255066
v -0.294877827167511 0.2854267656803131 -0.057905688881874084
v -0.1595553755760193 0.2717592120170593 -0.000776924192905426
v -0.1617785394191742 0.2798672020435333 -0.010752648115158081
v -0.1609087437391281 0.2677161693572998 -0.010518856346607208
v -0.0349431112408638 0.29786351323127747 0.09571117162704468
v 0.16914686560630798 0.2834131419658661 -0.05208893120288849
v 0.1705368012189865 0.2944875955581665 -0.04880369454622269
v 0.1676614135503769 0.2785572409629822 -0.03726921230554581
v 0.15343014895915985 0.18109215795993805 0.02825687825679779
v 0.15447445213794708 0.19076237082481384 0.012833945453166962
v -0.0039041005074977875 0.1393864005804062 0.0937156155705452
v -0.013445628806948662 0.12517812848091125 0.09145882725715637
v -0.05621495470404625 0.017215996980667114 -0.20226791501045227
v -0.03773733600974083 0.009857995435595512 -0.20580442249774933
v -0.27353596687316895 0.30193889141082764 -0.0740264505147934
v -0.2760741412639618 0.3056958317756653 -0.06369795650243759
v -0.2661304771900177 0.3151649534702301 -0.06902527064085007
v 0.13733255863189697 0.379056453704834 -0.09080301970243454
v 0.1429865062236786 0.3911546468734741 -0.086263008415699
v 0.15303972363471985 0.38450565934181213 -0.08655834943056107
v -0.004475701600313187 0.1534295529127121 -0.15981441736221313
v 0.004410413093864918 0.16499373316764832 -0.15589433908462524
v 0.004774746485054493 0.1528436690568924 -0.15684619545936584
v -0.26695695519447327 0.2469628006219864 -0.007701888680458069
v -0.2604850232601166 0.2538226246833801 -0.005291178822517395
v -0.12670595943927765 0.2753182649612427 -0.1220911368727684
v -0.13552598655223846 0.2724427878856659 -0.11772618442773819
v -0.020610254257917404 0.011471778154373169 -0.20407339930534363
v -0.022281816229224205 0.02129344642162323 -0.20080333948135376
v 0.08140701055526733 0.44597455859184265 -0.0851520225405693
v 0.08548206090927124 0.45265403389930725 -0.07852902263402939
v 0.09873174875974655 0.4485870897769928 -0.07801099866628647
v 0.28266745805740356 0.35644447803497314 0.027442097663879395
v 0.2923455238342285 0.3499692380428314 0.0197598934173584
v -0.13604140281677246 0.3249361515045166 -0.1166299358010292
v 0.1446855068206787 0.3764598071575165 0.06302784383296967
v 0.14723411202430725 0.3852890729904175 0.06538648903369904
v -0.17006339132785797 0.2994387149810791 -0.09032028913497925
v 0.03367108106613159 0.06100839376449585 0.09026049077510834
v -0.07926550507545471 0.1919231414794922 0.10016889870166779
v -0.07183845341205597 0.18272976577281952 0.09905745834112167
v -0.06718850135803223 0.1964098960161209 0.10159049928188324
v 0.06756067276000977 0.37639790773391724 0.07444363832473755
v 0.06237270310521126 0.37222540378570557 0.0766356810927391
v 0.1580715775489807 0.08949638903141022 0.00468800961971283
v 0.15428829193115234 0.09621907770633698 0.010397657752037048
v 0.1540079116821289 0.07861606031656265 0.014438629150390625
v -0.008066181093454361 0.22613288462162018 0.0992513969540596
v 0.008115481585264206 0.22214892506599426 0.10117129236459732
v 0.0022095758467912674 0.23750804364681244 0.10185054689645767
v 0.06334621459245682 0.10483439266681671 0.09458435326814651
v 0.07273054122924805 0.11046549677848816 0.09335397928953171
v 0.06349209696054459 0.11547496169805527 0.09650851041078568
v 0.21954892575740814 0.27350717782974243 -0.021508917212486267
v 0.2267998456954956 0.26429158449172974 -0.015369102358818054
v 0.2195328027009964 0.2698032259941101 -0.012472584843635559
v 0.1578604131937027 0.4345700144767761 0.057903438806533813
v 0.15568996965885162 0.42585039138793945 0.06146135926246643
v 0.1661854088306427 0.43590688705444336 0.05475112795829773
v -0.28136950731277466 0.29735374450683594 -0.024998709559440613
v -0.29060184955596924 0.3019818663597107 -0.027387037873268127
v -0.23836715519428253 0.24975843727588654 -0.10459493100643158
v -0.23482555150985718 0.24098728597164154 -0.10213281214237213
v -0.24326902627944946 0.23509082198143005 -0.10364025831222534
v 0.12438496202230453 0.43142542243003845 -0.07913638651371002
v 0.11676337569952011 0.4289189279079437 -0.08537375926971436
v 0.11205022037029266 0.43811333179473877 -0.08160842955112457
v -0.10678495466709137 0.35521405935287476 0.05727245658636093
v -0.0989992618560791 0.36114630103111267 0.05836929380893707
v -0.10771283507347107 0.3676450550556183 0.0525752529501915
v -0.02026262879371643 0.42835068702697754 0.06257209181785583
v -0.024913480505347252 0.4189128279685974 0.06278663873672485
v 0.13588784635066986 0.039181433618068695 0.031463585793972015
v 0.14680951833724976 0.03472718223929405 0.017507553100585938
v 0.1453295350074768 0.05076582729816437 0.023026950657367706
v 0.13069866597652435 0.46912428736686707 -0.0275602787733078
v 0.20369482040405273 0.32357147336006165 0.05626438558101654
v 0.18468666076660156 0.32565873861312866 0.048741817474365234
v 0.20055195689201355 0.3146987557411194 0.05153918266296387
v -0.12136824429035187 0.21291598677635193 -0.11718562990427017
v -0.14131930470466614 0.029354333877563477 -0.0049396902322769165
v -0.1488976776599884 0.03208151459693909 -0.015975669026374817
v -0.15054836869239807 0.014871351420879364 -0.01117444783449173
v -0.11285974085330963 0.4512955844402313 -0.07317683845758438
v -0.12253213673830032 0.44201797246932983 -0.07930472493171692
v -0.05818348377943039 0.2984386682510376 0.0935441330075264
v -0.07010555267333984 0.29928386211395264 0.09155131131410599
v -0.07003346085548401 0.2851506173610687 0.09738917648792267
v -0.16293472051620483 -0.03354615718126297 -0.021702732890844345
v -0.1667720526456833 -0.049894001334905624 -0.022876475006341934
v -0.15566366910934448 -0.04458921402692795 -0.011993974447250366
v -0.17409370839595795 0.027789201587438583 -0.08647111803293228
v -0.17220085859298706 0.036533478647470474 -0.09422147274017334
v -0.17327256500720978 0.027272731065750122 -0.10172586143016815
v -0.23455290496349335 0.27278652787208557 -0.1048823744058609
v -0.15006570518016815 0.44866663217544556 -0.013918586075305939
v -0.14331206679344177 0.44669559597969055 -0.0002455711364746094
v -0.07269950956106186 0.4356918931007385 0.040144890546798706
v -0.0630025714635849 0.4347788691520691 0.04576950520277023
v -0.06422765552997589 0.47555437684059143 -0.060251541435718536
v -0.06016489118337631 0.48220229148864746 -0.05060616880655289
v -0.05288435146212578 0.4745105504989624 -0.06316894292831421
v 0.09907148778438568 0.41819602251052856 0.05711837112903595
v 0.08914701640605927 0.42880839109420776 0.05199485272169113
v 0.15246634185314178 0.3432469964027405 0.047668829560279846
v 0.15959879755973816 0.34967541694641113 0.048697635531425476
v -0.1108197346329689 0.3784620463848114 -0.12430531531572342
v -0.11919783055782318 0.3816392719745636 -0.11868996918201447
v -0.11249329149723053 0.3943484425544739 -0.11786770075559616
v -0.013265437446534634 0.10767028480768204 0.09032418578863144
v -0.022993940860033035 0.11085810512304306 0.0891532450914383
v -0.012975988909602165 0.09837157279253006 0.08963289111852646
v -0.10526986420154572 0.12505650520324707 0.07052960991859436
v -0.0985245630145073 0.12883250415325165 0.07685469835996628
v -0.10715228319168091 0.14036428928375244 0.07270680367946625
v 0.14681756496429443 0.40164411067962646 0.06933078169822693
v 0.13906726241111755 0.3944075107574463 0.06968820095062256
v 0.14089933037757874 0.4125269055366516 0.06572955846786499
v -0.15876072645187378 0.31073760986328125 0.005226589739322662
v -0.16021095216274261 0.30259108543395996 0.013730496168136597
v 0.07949012517929077 0.49008437991142273 -0.006963185966014862
v 0.07727381587028503 0.48604029417037964 0.006436705589294434
v -0.05257165804505348 0.08701926469802856 -0.17901259660720825
v -0.05358938127756119 0.07982998341321945 -0.17975923418998718
v -0.06246834620833397 0.08512179553508759 -0.177423357963562
v 0.1796141266822815 0.40511634945869446 -0.05447240173816681
v 0.14284108579158783 0.07434023916721344 0.029187604784965515
v 0.13678112626075745 0.08885590732097626 0.03773864358663559
v 0.13351528346538544 0.07129701226949692 0.03970261663198471
v -0.1266673356294632 -0.07606320828199387 0.0153779536485672
v -0.10937822610139847 -0.07036347687244415 0.020745262503623962
v -0.12384522706270218 -0.05995329096913338 0.013215743005275726
v 0.1639852225780487 0.3358149826526642 0.013474494218826294
v 0.17089003324508667 0.3181617856025696 0.011591404676437378
v 0.1681266576051712 0.32689499855041504 0.02682432532310486
v -0.09943319112062454 0.2805294096469879 0.09080643206834793
v -0.10507287085056305 0.2881922721862793 0.08500999957323074
v -0.11495529115200043 0.2755618095397949 0.083888478577137
v -0.009572001174092293 0.08823616057634354 -0.17225590348243713
v -0.01689915731549263 0.07918167859315872 -0.17646145820617676
v -0.026210973039269447 0.08487877994775772 -0.17686530947685242
v 0.12464633584022522 0.15125438570976257 -0.1357080340385437
v 0.12907996773719788 0.16148385405540466 -0.12991434335708618
v 0.13360054790973663 0.15960070490837097 -0.12424267828464508
v 0.13180677592754364 0.17160269618034363 -0.12413661181926727
v -0.17672066390514374 0.012632999569177628 -0.07502691447734833
v -0.17318344116210938 0.018080614507198334 -0.06186442822217941
v -0.17372094094753265 0.028753817081451416 -0.0715079978108406
v -0.10899125784635544 0.38053426146507263 0.04773123562335968
v -0.10017798840999603 0.3913155198097229 0.046415433287620544
v -0.11374855786561966 0.38834697008132935 0.043963029980659485
v -0.15903998911380768 0.38105857372283936 0.042874351143836975
v -0.1701439470052719 0.3687279522418976 0.03637440502643585
v 0.11500030755996704 0.4499844014644623 -0.07004821300506592
v -0.1295298933982849 0.4624548852443695 -0.01760728657245636
v 0.07095886021852493 0.14121286571025848 -0.1592797338962555
v 0.06172512471675873 0.13741104304790497 -0.16036862134933472
v 0.062100350856781006 0.1542968600988388 -0.1582084447145462
v 0.14886364340782166 0.2018783688545227 0.05085443705320358
v 0.1429174691438675 0.2097279578447342 0.06465020030736923
v 0.14287687838077545 0.19466499984264374 0.06054147332906723
v -0.02699989266693592 0.09997526556253433 -0.1754765510559082
v -0.018921857699751854 0.10676439851522446 -0.16982464492321014
v -0.019012585282325745 0.0938083752989769 -0.1721431016921997
v 0.06579666584730148 0.02240014262497425 -0.19371181726455688
v 0.057233091443777084 0.013342523947358131 -0.19754749536514282
v 0.05693715065717697 0.02717350423336029 -0.1920003741979599
v -0.23856644332408905 0.31892362236976624 0.008207902312278748
v -0.24145133793354034 0.3340621888637543 0.006892472505569458
v -0.24788828194141388 0.31855762004852295 0.005945250391960144
v 0.22078776359558105 0.2673618495464325 -0.0029162317514419556
v 0.21238917112350464 0.2778232991695404 -0.013377323746681213
v 0.10850434005260468 0.13358834385871887 0.07969827950000763
v 0.11317644268274307 0.14235509932041168 0.07898827642202377
v 0.12360989302396774 0.06825560331344604 0.050131335854530334
v -0.02619325742125511 0.18022435903549194 0.09505650401115417
v -0.03327234834432602 0.18951795995235443 0.09724598377943039
v -0.03590966388583183 0.1745104193687439 0.09598319232463837
v -0.15645992755889893 0.14023570716381073 0.01957109570503235
v -0.15828219056129456 0.15517230331897736 0.02466219663619995
v -0.15897908806800842 0.1407717615365982 0.012339621782302856
v -0.1549597829580307 0.16373267769813538 0.03741416335105896
v -0.1562926322221756 0.17867577075958252 0.04055709391832352
v -0.16514933109283447 0.28103145956993103 -0.05917704477906227
v -0.1709093600511551 0.26846498250961304 -0.05832524597644806
v -0.16737446188926697 0.27260512113571167 -0.048607200384140015
v 0.028012659400701523 0.06322464346885681 -0.18108266592025757
v 0.1939520686864853 -0.01687227003276348 -0.06495748460292816
v 0.17316199839115143 0.33191800117492676 -0.07598758488893509
v 0.1376083493232727 0.2281097173690796 -0.10615691542625427
v 0.1272243708372116 0.2402869164943695 -0.11160164326429367
v 0.14001011848449707 0.24402907490730286 -0.10696949809789658
v 0.02631690911948681 0.11695987731218338 -0.16933777928352356
v 0.017210163176059723 0.11020383983850479 -0.16960206627845764
v 0.017180636525154114 0.1205839216709137 -0.16404074430465698
v 0.13792264461517334 0.3526674509048462 0.059124723076820374
v 0.14528721570968628 0.3542332649230957 0.07097053527832031
v -0.027711722999811172 0.2554689943790436 0.1038510873913765
v -0.021413274109363556 0.2454102635383606 0.10222747921943665
v -0.010262180119752884 0.2614131569862366 0.10257081687450409
v 0.17330865561962128 -0.017439251765608788 -0.007768664509057999
v -0.231974259018898 0.3082957863807678 -0.09766461700201035
v -0.24443694949150085 0.31581395864486694 -0.08946340531110764
v -0.13789620995521545 0.14879809319972992 -0.1180746853351593
v -0.134978786110878 0.153287872672081 -0.12956571578979492
v -0.05921010300517082 0.06137358769774437 0.0776781439781189
v -0.05160336196422577 0.07020822167396545 0.08063868433237076
v -0.06534305214881897 0.0735226646065712 0.07861649990081787
v 0.12637130916118622 0.3430287837982178 -0.11272937059402466
v -0.13237552344799042 0.09355689585208893 -0.1360454112291336
v -0.13851460814476013 0.0842987447977066 -0.13222292065620422
v -0.13716258108615875 0.09751494973897934 -0.128421351313591
v -0.06620480865240097 0.1132766380906105 -0.17109277844429016
v -0.06022655963897705 0.10720552504062653 -0.17364686727523804
v -0.07093209028244019 0.10618678480386734 -0.17118817567825317
v -0.12188549339771271 0.07727392017841339 -0.15727724134922028
v 0.17227917909622192 0.00043747248128056526 -0.009352892637252808
v -0.052197787910699844 -0.06459144502878189 0.04265359044075012
v -0.13186533749103546 0.10731717944145203 -0.13326281309127808
v -0.13795672357082367 0.11895971745252609 -0.12778055667877197
v 0.258162260055542 0.3012158274650574 0.060759156942367554
v 0.25943523645401 0.28925052285194397 0.06198890507221222
v 0.26964643597602844 0.2994978129863739 0.0592438280582428
v -0.09639881551265717 0.40275081992149353 -0.11869514733552933
v 0.11158774048089981 -0.04467325657606125 0.03643003851175308
v 0.15932896733283997 -0.009819958359003067 -0.16255486011505127
v 0.1671610325574875 -0.004203462973237038 -0.1565268188714981
v 0.1773843765258789 -0.009537646546959877 -0.15326470136642456
v 0.09910507500171661 0.3420316278934479 0.08157060295343399
v 0.24967201054096222 0.36365067958831787 -0.024347126483917236
v 0.24994823336601257 0.3469620943069458 -0.03256197273731232
v -0.2132471799850464 0.23400339484214783 -0.049725525081157684
v -0.20566707849502563 0.24264086782932281 -0.04929398000240326
v -0.20867863297462463 0.24247485399246216 -0.03763437271118164
v 0.17904651165008545 0.3174923360347748 -0.050157010555267334
v -0.12697893381118774 0.403679221868515 0.0383184552192688
v -0.1346036046743393 0.41008472442626953 0.03431280702352524
v 0.2102469652891159 0.2962222695350647 0.04615457355976105
v 0.21896076202392578 0.30198878049850464 0.054392993450164795
v 0.2030758559703827 0.3098294734954834 0.04937048256397247
v -0.11756398528814316 0.4339163601398468 0.02114938199520111
v -0.11828096210956573 0.42420870065689087 0.027725033462047577
v -0.10849437117576599 0.4315738081932068 0.025106318295001984
v 0.27242153882980347 0.36204540729522705 0.0287761390209198
v 0.14182257652282715 -0.0004147486761212349 0.022131532430648804
v 0.008801473304629326 -0.005102899856865406 0.07566007226705551
v -0.0005690502002835274 0.00119705218821764 0.07620728015899658
v 0.125231072306633 0.12072543799877167 0.059061042964458466
v 0.11828523129224777 0.11483684182167053 0.06510521471500397
v 0.12701316177845 0.11351966857910156 0.054695188999176025
v 0.15123173594474792 0.2877817153930664 -0.0805990919470787
v 0.006439603865146637 0.39285460114479065 -0.11414751410484314
v -0.0050906166434288025 0.39019572734832764 -0.11625391989946365
v -0.254157692193985 0.31493625044822693 -0.08597531169652939
v -0.24687260389328003 0.3323545455932617 -0.0793934091925621
v 0.08775896579027176 0.4888900816440582 -0.014328725636005402
v 0.11468664556741714 0.17291609942913055 0.08801643550395966
v 0.11525756120681763 0.1882031410932541 0.09237294644117355
v 0.10535845160484314 0.18543808162212372 0.09474549442529678
v -0.08924490213394165 0.009437480941414833 0.05017698556184769
v -0.07985706627368927 0.018636643886566162 0.058526456356048584
v -0.09521283954381943 0.021490540355443954 0.051249951124191284
v 0.18057706952095032 0.33977869153022766 -0.053245604038238525
v 0.1804300844669342 0.3487093448638916 -0.06476482003927231
v 0.18450811505317688 0.33686211705207825 -0.06232713907957077
v -0.015929173678159714 0.2064530998468399 -0.1610468477010727
v -0.01563672348856926 0.1864507794380188 -0.16140185296535492
v 0.15285728871822357 0.3347036838531494 0.031748220324516296
v -0.04765698313713074 0.13374091684818268 -0.1710183471441269
v -0.039215896278619766 0.13835418224334717 -0.17074492573738098
v -0.04175795987248421 0.1254861056804657 -0.17301294207572937
v -0.15351587533950806 -0.0047289221547544 -0.15502461791038513
v -0.14267243444919586 -0.006103799678385258 -0.16710461676120758
v -0.15323418378829956 -0.01743314415216446 -0.15845267474651337
v -0.1433430016040802 0.43645888566970825 0.012124419212341309
v 0.11161663383245468 0.04022970795631409 -0.17629380524158478
v 0.12708032131195068 0.03250006213784218 -0.17202775180339813
v 0.11390749365091324 0.024576127529144287 -0.18190672993659973
v 0.14415135979652405 0.34513014554977417 0.05622228980064392
v 0.24889343976974487 0.2905009984970093 0.06075546145439148
v 0.2448018491268158 0.30266106128692627 0.061382636427879333
v 0.10999298840761185 0.2707260847091675 -0.12949888408184052
v 0.10231100767850876 0.27383679151535034 -0.13673372566699982
v -0.08353805541992188 0.3408167362213135 0.07152608782052994
v -0.07702837884426117 0.3311454653739929 0.0770915299654007
v 0.11869774758815765 0.4632796049118042 0.030989140272140503
v 0.11793733388185501 0.4695996642112732 0.020945675671100616
v 0.10892699658870697 0.46416175365448 0.02751556783914566
v -0.011143246665596962 0.487571656703949 -0.04915706813335419
v -0.010437959805130959 0.4801669716835022 -0.05718196928501129
v -0.2794606685638428 0.2606634199619293 -0.09848057478666306
v 0.0476238913834095 0.49978476762771606 -0.01834072917699814
v 0.043312232941389084 0.4992848336696625 -0.02453801780939102
v 0.2873989939689636 0.3450077474117279 0.011966794729232788
v -0.16835713386535645 0.2662917673587799 -0.08930535614490509
v -0.12637396156787872 0.010813393630087376 0.021921373903751373
v -0.12774130702018738 0.0017775618471205235 0.015805736184120178
v -0.11642339825630188 0.0016261846758425236 0.0263865664601326
v -0.15654727816581726 0.07976358383893967 -0.011725790798664093
v 0.25668099522590637 0.3122449517250061 0.059800878167152405
v 0.2684195637702942 0.31098484992980957 0.05660250782966614
v -0.11828850209712982 0.05368386581540108 -0.16615211963653564
v -0.11991964280605316 0.04401969909667969 -0.17150478065013885
v -0.13041271269321442 0.04788554832339287 -0.16022488474845886
v 0.20973269641399384 0.2786780893802643 0.01265956461429596
v -0.059842564165592194 0.18712574243545532 0.10081206262111664
v -0.05187263712286949 0.17751769721508026 0.09898529201745987
v -0.050072215497493744 0.19267672300338745 0.10079452395439148
v 0.1681574583053589 0.06934333592653275 -0.01199764758348465
v -0.03518003970384598 0.10623989254236221 -0.17777609825134277
v -0.18064717948436737 0.2794026732444763 -0.04776056855916977
v -0.1847778856754303 0.2663082182407379 -0.05169063061475754
v 0.24009057879447937 0.2745681405067444 0.05348317325115204
v 0.2491416335105896 0.2811683118343353 0.05986723303794861
v 0.06149914115667343 0.41151779890060425 0.0622081384062767
v 0.06404879689216614 0.40053051710128784 0.06572990119457245
v -0.06086321920156479 0.17215369641780853 0.09846469759941101
v 0.10812744498252869 -0.06384091079235077 0.0362987145781517
v 0.10254815965890884 -0.073843814432621 0.03846197575330734
v -0.3018779754638672 0.2836933135986328 -0.02425353229045868
v -0.2950487732887268 0.2762800455093384 -0.022502005100250244
v -0.28825539350509644 0.2823692262172699 -0.02367590367794037
v 0.11634838581085205 0.008609904907643795 -0.18736794590950012
v 0.09999050945043564 0.016084834933280945 -0.19001679122447968
v -0.06701838970184326 -0.015625469386577606 -0.2137455940246582
v -0.08142706751823425 -0.015511579811573029 -0.2131076455116272
v -0.17855055630207062 -0.0032422072254121304 -0.07862638682126999
v -0.2552492320537567 0.20935288071632385 -0.02226269245147705
v -0.2527581453323364 0.21724160015583038 -0.018200919032096863
v 0.18654470145702362 0.4275365471839905 0.05136117339134216
v 0.19407306611537933 0.4271784722805023 0.045275986194610596
v 0.18201853334903717 0.43588095903396606 0.04520106315612793
v -0.15042169392108917 -0.03272604942321777 -0.00926368311047554
v -0.14296889305114746 -0.043458618223667145 0.0005421340465545654
v -0.11694063991308212 0.44362178444862366 0.0143708735704422
v 0.11007560044527054 0.16545520722866058 -0.14514505863189697
v 0.1018901988863945 0.17087626457214355 -0.14845436811447144
v 0.10501208901405334 0.17554736137390137 -0.14693842828273773
v 0.06283503025770187 0.0957631841301918 0.09306561201810837
v 0.06266728043556213 0.08477373421192169 0.09093505889177322
v 0.0724349394440651 0.09996099025011063 0.09132325649261475
v -0.1474149227142334 0.34089601039886475 0.03752535581588745
v -0.15394200384616852 0.3441520035266876 0.03718769550323486
v -0.028101112693548203 -0.02339685894548893 0.06424842029809952
v -0.015952065587043762 -0.016144530847668648 0.06996235996484756
v -0.08714459836483002 0.23178629577159882 -0.1568954586982727
v -0.07534106075763702 0.21916094422340393 -0.15303313732147217
v -0.08404049277305603 0.21600043773651123 -0.15634585916996002
v 0.1507646143436432 0.3466457724571228 0.06481310725212097
v -0.026832332834601402 0.47275644540786743 -0.06481251865625381
v -0.017762258648872375 0.4798765480518341 -0.05742282420396805
v 0.09041610360145569 0.419488787651062 -0.10303189605474472
v 0.09066761285066605 0.40933677554130554 -0.10845187306404114
v 0.07853059470653534 0.4236874580383301 -0.10176235437393188
v -0.3048725128173828 0.26586151123046875 -0.019971415400505066
v -0.32133030891418457 0.2631968855857849 -0.02001999318599701
v -0.3086788058280945 0.25140994787216187 -0.013990014791488647
v -0.08336285501718521 0.08118417114019394 -0.17340630292892456
v -0.08272886276245117 0.08829085528850555 -0.17161120474338531
v 0.1746525913476944 0.0014699595049023628 -0.1500592678785324
v 0.09027992188930511 0.42914533615112305 -0.09661657363176346
v 0.10149860382080078 0.43396398425102234 -0.08933969587087631
v 0.09973915666341782 0.42290815711021423 -0.09778784960508347
v -0.14081868529319763 0.37346333265304565 -0.11209360510110855
v -0.13853874802589417 0.3736109435558319 -0.12331865727901459
v 0.15849022567272186 0.2478582113981247 0.015567764639854431
v 0.1616256982088089 0.24321876466274261 0.006341852247714996
v 0.16290435194969177 0.2622690200805664 0.007270805537700653
v -0.08430567383766174 0.29217538237571716 -0.15566900372505188
v -0.12719348073005676 0.0716395229101181 0.03649447113275528
v -0.12107855826616287 0.05866757780313492 0.03779669851064682
v -0.11796697974205017 0.07359091192483902 0.04688510298728943
v 0.17447134852409363 0.3324826955795288 0.05050329864025116
v 0.17583677172660828 0.3206397294998169 0.04020810127258301
v 0.1999000757932663 0.35306745767593384 0.06317789852619171
v -0.16015926003456116 0.16519343852996826 -0.04065921902656555
v -0.1588999629020691 0.25991207361221313 -0.0006493702530860901
v -0.105436310172081 0.06649953126907349 -0.16791963577270508
v -0.1108279675245285 0.06699362397193909 -0.16420936584472656
v -0.10492049902677536 0.07551319897174835 -0.16513225436210632
v -0.19036391377449036 0.3407006859779358 0.03211483359336853
v -0.19660456478595734 0.34403544664382935 0.027719348669052124
v -0.21316422522068024 0.39775797724723816 -0.04854836314916611
v -0.2038354128599167 0.4015364646911621 -0.05425802618265152
v -0.20860719680786133 0.39195162057876587 -0.06539572775363922
v -0.15228180587291718 0.04908682033419609 -0.015499502420425415
v 0.1892780065536499 0.29901430010795593 -0.011777475476264954
v 0.1792832762002945 0.30303072929382324 -0.00872667133808136
v 0.17761752009391785 0.30382147431373596 -0.0186111181974411
v 0.1409652829170227 0.33412015438079834 0.06818009912967682
v -0.1596851497888565 0.22205953299999237 -0.08001674711704254
v -0.16281411051750183 0.23443421721458435 -0.07996758818626404
v -0.15638367831707 0.2252863347530365 -0.08961573243141174
v 0.16201990842819214 0.08259210735559464 -0.002021215856075287
v -0.18302789330482483 0.32806113362312317 -0.10453733801841736
v -0.17149144411087036 0.32761311531066895 -0.1063951700925827
v -0.17974796891212463 0.3123158812522888 -0.10712527483701706
v -0.1413101851940155 0.37379875779151917 0.056052133440971375
v 0.06889238208532333 0.3028523921966553 -0.13846853375434875
v 0.07708427309989929 0.3108237683773041 -0.13777992129325867
v 0.07939770072698593 0.30004778504371643 -0.13933201134204865
v 0.025375060737133026 0.1260451376438141 -0.16488808393478394
v 0.01580703817307949 0.13283956050872803 -0.1599920094013214
v -0.14239248633384705 0.4263237714767456 0.02085796743631363
v -0.18281300365924835 0.29364076256752014 0.012545466423034668
v -0.1704517900943756 0.29070648550987244 0.013095274567604065
v -0.1836632341146469 0.2992982864379883 0.01721145212650299
v -0.13307370245456696 0.2644191086292267 0.07245244085788727
v -0.13308623433113098 0.2495696246623993 0.07720138877630234
v -0.12399089336395264 0.2625446617603302 0.08119357377290726
v 0.2899276614189148 0.34816867113113403 0.031257644295692444
v 0.2953298091888428 0.340800017118454 0.035410359501838684
v 0.2997210621833801 0.3435876965522766 0.022328391671180725
v 0.14947567880153656 0.2748708128929138 -0.08142708986997604
v 0.15421339869499207 0.26947298645973206 -0.07397414743900299
v 0.1484876275062561 0.261674165725708 -0.08246909826993942
v -0.1740649789571762 0.4077765941619873 -0.07798580080270767
v 0.189993754029274 -0.04603441804647446 -0.026879340410232544
v 0.19312351942062378 -0.04180537536740303 -0.04104059934616089
v -0.054119180887937546 0.3464495837688446 0.07592172920703888
v -0.06642329692840576 0.35013988614082336 0.07224482297897339
v -0.059327807277441025 0.33694422245025635 0.07837365567684174
v -0.23436301946640015 0.36426883935928345 0.005313903093338013
v -0.24070017039775848 0.36259323358535767 -0.004653558135032654
v -0.2423245906829834 0.34874939918518066 0.0030828863382339478
v 0.1947178840637207 0.3318800926208496 0.05661538243293762
v 0.20780225098133087 0.3338131308555603 0.05971132218837738
v -0.004048610106110573 0.42111125588417053 0.06437788158655167
v 0.005251717753708363 0.41476038098335266 0.0658789724111557
v 0.0008982233703136444 0.4321405291557312 0.06349816918373108
v -0.02785121276974678 0.3684680759906769 0.07328041642904282
v -0.0386502742767334 0.36600154638290405 0.07227428257465363
v 0.09723260998725891 0.3283812403678894 -0.12798406183719635
v 0.08863331377506256 0.3203282356262207 -0.13563475012779236
v -0.16463494300842285 -0.0016759708523750305 -0.13686108589172363
v -0.1592881828546524 -0.013260409235954285 -0.1487412452697754
v -0.16976341605186462 -0.01644008606672287 -0.13154783844947815
v -0.2780018448829651 0.32181960344314575 -0.052351534366607666
v -0.27110934257507324 0.31784161925315857 -0.059605345129966736
v -0.28172022104263306 0.31134289503097534 -0.056497588753700256
v -0.07291504740715027 0.35697323083877563 0.06828101724386215
v -0.06146860122680664 0.3598371148109436 0.06989715248346329
v -0.07386820018291473 0.36666569113731384 0.06443354487419128
v -0.11656569689512253 0.41527676582336426 -0.10571358352899551
v -0.12813985347747803 0.41350969672203064 -0.10154088586568832
v -0.12331313639879227 0.4278925657272339 -0.09312310069799423
v -0.16530756652355194 -0.020721005275845528 -0.14208975434303284
v -0.1705808937549591 -0.03403767943382263 -0.13633204996585846
v 0.11793532222509384 0.3134097754955292 -0.11859732866287231
v 0.12627336382865906 0.31101882457733154 -0.11613838374614716
v -0.11530425399541855 0.1518181413412094 -0.15095490217208862
v -0.04606837034225464 0.20762398838996887 -0.15970608592033386
v -0.042581018060445786 0.226036936044693 -0.15765540301799774
v 0.1609320044517517 0.3326582610607147 0.04911702871322632
v 0.13235458731651306 0.1819116324186325 -0.11702500283718109
v 0.13334326446056366 0.19217424094676971 -0.1086316630244255
v -0.1771656721830368 0.3847729563713074 0.03777998685836792
v -0.17138339579105377 0.39482617378234863 0.0371273010969162
v 0.15262353420257568 0.1525033861398697 0.018441155552864075
v 0.1497829407453537 0.14486873149871826 0.024297937750816345
v 0.1520766317844391 0.14134295284748077 0.0164693221449852
v 0.0003134254366159439 0.2736009657382965 0.10295914858579636
v 0.12387112528085709 0.023938816040754318 0.04110037535429001
v 0.13012970983982086 0.03139643371105194 0.03646545112133026
v 0.12026050686836243 0.03242962062358856 0.04593820124864578
v -0.2535249590873718 0.3460557460784912 -0.019329756498336792
v -0.26291316747665405 0.34614452719688416 -0.027917012572288513
v -0.267341673374176 0.3387793302536011 -0.027338683605194092
v -0.06975778937339783 0.2709693908691406 0.10273896902799606
v -0.08193314075469971 0.27199786901474 0.10059063136577606
v -0.08072148263454437 0.2566986680030823 0.10495808720588684
v -0.1638677716255188 0.30821794271469116 -0.09574798494577408
v -0.16926369071006775 0.30556124448776245 -0.08793222159147263
v 0.061035774648189545 0.3126966953277588 -0.13726148009300232
v 0.14284943044185638 0.12098389863967896 -0.12381600588560104
v 0.14998193085193634 0.11592034250497818 -0.11522755026817322
v 0.14329807460308075 0.10757022351026535 -0.1289474219083786
v 0.2665785849094391 0.3420392572879791 -0.02382110059261322
v 0.12057597935199738 0.4347623586654663 0.058438584208488464
v 0.1156165823340416 0.4247112274169922 0.05639587342739105
v -0.06813624501228333 0.02449028193950653 0.06555019319057465
v -0.05057258903980255 0.02069702371954918 0.07010670006275177
v -0.060549937188625336 0.032894015312194824 0.0704367607831955
v -0.14126238226890564 0.22164146602153778 -0.10440430045127869
v -0.13721121847629547 0.21032686531543732 -0.10347959399223328
v -0.14801880717277527 0.21719905734062195 -0.09784519672393799
v -0.28767138719558716 0.27004778385162354 -0.08638563752174377
v 0.1602611243724823 0.1414758563041687 -0.0659869983792305
v 0.2315259724855423 0.3462485671043396 0.06102089583873749
v -0.02348014898598194 0.031144961714744568 -0.19678980112075806
v -0.0062387362122535706 0.030251290649175644 -0.1969003677368164
v 0.1402093470096588 0.3751077651977539 0.07269102334976196
v -0.10864506661891937 -0.07810114324092865 0.02182541787624359
v -0.09196024388074875 -0.0801951065659523 0.02701728045940399
v -0.0982685387134552 0.16728746891021729 0.08835494518280029
v -0.08792446553707123 0.15599873661994934 0.09009741991758347
v -0.09108809381723404 0.17273879051208496 0.09310482442378998
v -0.12480714172124863 0.13512495160102844 -0.1428089141845703
v -0.13161590695381165 0.1351797729730606 -0.13634377717971802
v 0.1418999433517456 0.2707257568836212 -0.1068924069404602
v 0.12912219762802124 0.26194536685943604 -0.11137375980615616
v 0.12620122730731964 0.27587005496025085 -0.11324180662631989
v 0.009519425220787525 0.36129993200302124 -0.12887832522392273
v 0.008064822293817997 0.37545427680015564 -0.12226931750774384
v 0.10411548614501953 0.14626595377922058 -0.14907148480415344
v 0.0919538140296936 0.14078748226165771 -0.15438780188560486
v -0.234688401222229 0.22373813390731812 -0.09243272244930267
v -0.2266514152288437 0.2300759255886078 -0.08961620926856995
v -0.1589876115322113 0.2485409677028656 0.05709521472454071
v -0.16197006404399872 0.2548306882381439 0.04664566367864609
v -0.16193678975105286 0.2822057604789734 -0.030025556683540344
v -0.1588933914899826 0.2901848554611206 -0.04066614806652069
v -0.164073646068573 0.27728185057640076 -0.03896850347518921
v -0.15837854146957397 0.24718883633613586 0.008036993443965912
v -0.15717454254627228 0.26436659693717957 0.008624918758869171
v 0.18964150547981262 0.013216905295848846 -0.04963429272174835
v 0.1854264885187149 0.009142798371613026 -0.036259330809116364
v 0.190285325050354 -0.004760739393532276 -0.04659942537546158
v -0.2291633039712906 0.23712724447250366 -0.016682356595993042
v 0.13270288705825806 -0.0449540913105011 0.02545611560344696
v 0.13887065649032593 -0.03876528888940811 0.021790258586406708
v 0.16541598737239838 0.4501244127750397 0.038213953375816345
v 0.1672767996788025 0.45255690813064575 0.027474060654640198
v 0.1597132384777069 0.44975757598876953 0.04347291588783264
v -0.101673424243927 0.19268132746219635 -0.1567387729883194
v 0.12672385573387146 0.08938213437795639 -0.14760161936283112
v 0.12514381110668182 0.08222321420907974 -0.1495857834815979
v 0.11693158000707626 0.08632492274045944 -0.15325163304805756
v 0.09766094386577606 0.03154144063591957 -0.1836526095867157
v 0.08232210576534271 0.034229278564453125 -0.1854057013988495
v 0.09656985849142075 0.04281085357069969 -0.1790332794189453
v -0.03359374403953552 0.33378270268440247 -0.14360252022743225
v -0.15611565113067627 0.3786592483520508 0.05807515233755112
v -0.01582220569252968 0.05119511857628822 -0.18825945258140564
v -0.007361347321420908 0.0608740895986557 -0.18403743207454681
v -0.19422878324985504 0.2990690767765045 0.008736580610275269
v 0.2571440637111664 0.2616664171218872 -0.033180609345436096
v 0.24803154170513153 0.2563120722770691 -0.026065319776535034
v 0.2548554241657257 0.26571545004844666 -0.03450487554073334
v 0.17342108488082886 0.03860259801149368 -0.020651519298553467
v 0.16965219378471375 0.0315217599272728 -0.01256495714187622
v 0.05388164892792702 0.09631519019603729 -0.16730110347270966
v 0.045097462832927704 0.08990238606929779 -0.170027494430542
v 0.15675632655620575 0.27646124362945557 0.026102885603904724
v 0.15183144807815552 0.2696184813976288 0.04377373307943344
v 0.15650516748428345 0.2641147971153259 0.026069916784763336
v 0.1437295526266098 0.3179694414138794 0.07197044789791107
v 0.13991744816303253 0.32269421219825745 0.08102232217788696
v 0.1351739764213562 0.30706265568733215 0.08641587942838669
v -0.17586030066013336 -0.02680560015141964 -0.05046474188566208
v -0.17878440022468567 -0.023088887333869934 -0.06593149900436401
v -0.18008673191070557 -0.031008489429950714 -0.06727226823568344
v 0.16881467401981354 0.4124886393547058 -0.06342198699712753
v 0.17558322846889496 0.4027059078216553 -0.06679090112447739
v 0.16918444633483887 0.3918296992778778 -0.06857059895992279
v -0.19910623133182526 0.2542572021484375 -0.07523784786462784
v -0.196602925658226 0.26158228516578674 -0.08300060033798218
v 0.20662251114845276 0.2840324342250824 0.02394053339958191
v -0.23423798382282257 0.31681275367736816 -0.094327911734581
v -0.2235414832830429 0.31659379601478577 -0.09732505679130554
v -0.025586716830730438 0.20075717568397522 -0.16347447037696838
v -0.0353064239025116 0.19413307309150696 -0.16452579200267792
v -0.0341358445584774 0.34668394923210144 -0.14095538854599
v -0.07918858528137207 0.38968709111213684 0.054722413420677185
v -0.07647603750228882 0.378042072057724 0.059576280415058136
v -0.06766083836555481 0.38936129212379456 0.058569349348545074
v -0.17146655917167664 0.43237680196762085 -0.043481409549713135
v 0.14097650349140167 0.3057788908481598 -0.1001361832022667
v 0.13667908310890198 0.3087110221385956 -0.11112997680902481
v 0.1409263163805008 0.3166728615760803 -0.098391592502594
v -0.11971209198236465 0.2517523467540741 -0.12146283686161041
v -0.11373750865459442 0.2605740427970886 -0.1281154751777649
v -0.24116002023220062 0.2173655927181244 -0.09437885880470276
v -0.16515439748764038 0.08392690867185593 -0.03335430473089218
v -0.162246972322464 0.08916915953159332 -0.020217597484588623
v -0.16354162991046906 0.09740350395441055 -0.021879762411117554
v 0.23453745245933533 0.3326426148414612 0.06044656038284302
v 0.24613912403583527 0.3426966667175293 0.05709323287010193
v 0.16442078351974487 0.442531943321228 -0.03340248018503189
v 0.15759998559951782 0.44752416014671326 -0.03357213735580444
v 0.16348616778850555 0.447449654340744 -0.025212183594703674
v 0.17172828316688538 0.3286934196949005 -0.06194285303354263
v 0.08680054545402527 0.3415975868701935 -0.13242360949516296
v 0.08909504115581512 0.3513924777507782 -0.12783953547477722
v 0.09291458874940872 0.3398588001728058 -0.127790629863739
v 0.15007972717285156 0.4629536271095276 0.005082994699478149
v 0.14172878861427307 0.4672848582267761 0.0013376623392105103
v -0.1773953139781952 0.43354207277297974 -0.021558620035648346
v -0.06262058764696121 0.17703652381896973 -0.15910710394382477
v -0.06330524384975433 0.19076420366764069 -0.1558716893196106
v 0.1269153207540512 0.20624946057796478 -0.11697541177272797
v 0.12662725150585175 0.2248358130455017 -0.11331477761268616
v 0.13468202948570251 0.20982687175273895 -0.10637464374303818
v -0.18199396133422852 0.3452652096748352 -0.0962306559085846
v -0.1811588555574417 0.3380158245563507 -0.10728424787521362
v -0.18427152931690216 0.3288746476173401 -0.09404854476451874
v 0.1588900089263916 0.3379693627357483 -0.07816120982170105
v -0.22450360655784607 0.3912518322467804 -0.040607862174510956
v -0.029628824442625046 0.40027642250061035 -0.11424657702445984
v -0.018465504050254822 0.41018474102020264 -0.10723388940095901
v 0.15476743876934052 0.251508891582489 -0.06489692628383636
v 0.16054508090019226 0.2596166431903839 -0.05627923086285591
v 0.15961714088916779 0.24612614512443542 -0.04817185550928116
v -0.16566532850265503 0.29214662313461304 -0.10219985991716385
v -0.17374151945114136 0.29808807373046875 -0.0891558974981308
v -0.06232556700706482 0.22822894155979156 -0.15062770247459412
v -0.05642107129096985 0.22159114480018616 -0.15289652347564697
v -0.06512658298015594 0.21561823785305023 -0.15114426612854004
v 0.19462385773658752 0.338605672121048 -0.05849801003932953
v 0.19515880942344666 0.3449341058731079 -0.06396378576755524
v 0.20467545092105865 0.33383533358573914 -0.05982714891433716
v 0.15102256834506989 0.18188577890396118 -0.08372978121042252
v -0.15704354643821716 0.19307753443717957 -0.05959125608205795
v -0.1546487808227539 0.18155519664287567 -0.05905250459909439
v -0.15662115812301636 0.178975909948349 -0.04930635169148445
v 0.11554045975208282 0.441668838262558 0.0480758398771286
v 0.16884315013885498 0.08980149775743484 -0.0384039469063282
v 0.16499562561511993 0.10479719936847687 -0.03618522360920906
v -0.14444494247436523 0.28063687682151794 0.06954102218151093
v 0.021525120362639427 0.2874196469783783 0.10423789173364639
v 0.032802268862724304 0.28928321599960327 0.10613000392913818
v 0.021173344925045967 0.3020465075969696 0.1006283238530159
v -0.16995015740394592 -0.012265365570783615 -0.04055432975292206
v -0.1700212061405182 -0.030244329944252968 -0.035611994564533234
v -0.16346195340156555 -0.015493171289563179 -0.02657812088727951
v -0.035621464252471924 0.33948221802711487 0.08072800189256668
v -0.04854453355073929 0.34966081380844116 0.07579676061868668
v -0.04701729491353035 0.3332171142101288 0.08148782700300217
v -0.21554791927337646 0.3174700438976288 -0.10021525621414185
v -0.21946144104003906 0.32638514041900635 -0.09610257297754288
v -0.20356784760951996 0.32340776920318604 -0.09944353997707367
v 0.1423625648021698 0.39227262139320374 0.07206422090530396
v -0.14637883007526398 0.04610353708267212 -0.003506012260913849
v -0.14723235368728638 0.063428595662117 -0.005543835461139679
v -0.16131341457366943 0.11190580576658249 -0.04302423447370529
v -0.1638292372226715 0.09987566620111465 -0.03733924776315689
v -0.14244601130485535 0.13064290583133698 -0.12106908112764359
v -0.1093507781624794 0.05646960437297821 -0.17065340280532837
v 0.06681418418884277 0.2578021287918091 0.11760389804840088
v 0.2330935299396515 0.3738285005092621 -0.03484995663166046
v 0.23097683489322662 0.3834509551525116 -0.029155850410461426
v -0.06664778292179108 0.30850929021835327 -0.1470235288143158
v -0.07633176445960999 0.31089457869529724 -0.15127024054527283
v 0.07009415328502655 0.05928588658571243 0.08293510973453522
v 0.061069466173648834 0.05445730686187744 0.0843275785446167
v 0.06992978602647781 0.04906412959098816 0.08001314848661423
v -0.16070634126663208 0.01939110830426216 -0.13840517401695251
v -0.09367641806602478 0.21111205220222473 0.09975802153348923
v -0.08666671812534332 0.2012518346309662 0.1004597544670105
v -0.08199440687894821 0.21505361795425415 0.10312559455633163
v 0.08431028574705124 0.3222229778766632 0.09346836060285568
v 0.0762571319937706 0.3141516447067261 0.09869717806577682
v 0.1492266058921814 -0.005958416499197483 -0.1797282099723816
v 0.13251228630542755 -0.00792701356112957 -0.18354476988315582
v 0.1318436712026596 0.00036806799471378326 -0.18119607865810394
v -0.15985749661922455 0.11625059694051743 -0.058813244104385376
v 0.13258735835552216 0.1577075719833374 0.062170132994651794
v 0.10851483792066574 0.42596250772476196 -0.09233728051185608
v 0.032516345381736755 0.35229435563087463 -0.1335797905921936
v 0.043848078697919846 0.36133766174316406 -0.1290910243988037
v 0.04603530094027519 -0.0669730007648468 0.051434122025966644
v 0.05580940097570419 -0.0795019268989563 0.046685926616191864
v -0.04382945969700813 0.0960412248969078 -0.17892390489578247
v 0.05499425530433655 0.1639031022787094 0.10523916035890579
v 0.06058170273900032 0.17381668090820312 0.10686101764440536
v 0.049578115344047546 0.1780189722776413 0.10803522169589996
v -0.09150257706642151 0.47865498065948486 -0.0428382009267807
v -0.08700589835643768 0.4836062788963318 -0.030736908316612244
v 0.015434876084327698 -0.014899665489792824 -0.2091563194990158
v 0.014280600473284721 0.002398307900875807 -0.2044157087802887
v 0.08654599636793137 0.36265844106674194 -0.12574809789657593
v 0.07846952229738235 0.35174667835235596 -0.13115382194519043
v -0.2853415608406067 0.2797034978866577 -0.08003716915845871
v -0.13347500562667847 -0.019345875829458237 0.0063640400767326355
v 0.16291943192481995 0.39532729983329773 -0.06981071829795837
v 0.07995995134115219 0.3842378258705139 0.07019388675689697
v -0.22557500004768372 0.2403918206691742 -0.09606527537107468
v -0.2224237322807312 0.2540729343891144 -0.10056310892105103
v -0.22418269515037537 0.22193598747253418 -0.07294895499944687
v 0.1862884908914566 0.03090374916791916 -0.05297333374619484
v 0.19019050896167755 0.015120242722332478 -0.05669904500246048
v 0.19034206867218018 0.022604025900363922 -0.06877434998750687
v 0.18921145796775818 0.31490153074264526 0.045290395617485046
v 0.022430209442973137 0.18579727411270142 0.10582750290632248
v -0.1539277881383896 0.30798912048339844 0.05099856108427048
v 0.17041945457458496 0.3536248207092285 -0.06112406402826309
v 0.17080605030059814 0.36510056257247925 -0.06538405269384384
v 0.17903758585453033 0.3688604533672333 -0.06692902743816376
v -0.1662987917661667 0.247254878282547 -0.07990141212940216
v -0.16355356574058533 0.2515498697757721 -0.09050557017326355
v -0.15978875756263733 0.23780561983585358 -0.08960454910993576
v -0.22515031695365906 0.3049156367778778 0.01236724853515625
v -0.22379425168037415 0.2967091202735901 0.01091708242893219
v -0.1638903170824051 0.24036845564842224 -0.04932325705885887
v -0.15938271582126617 0.1271909922361374 0.0004239901900291443
v -0.15436923503875732 0.12486295402050018 0.015208199620246887
v 0.12646335363388062 0.25617629289627075 0.09378509223461151
v 0.11787518858909607 0.2510710656642914 0.1019577905535698
v 0.12725131213665009 0.24242767691612244 0.0916316956281662
v -0.20183594524860382 0.35569363832473755 0.02797076106071472
v -0.18953999876976013 0.3509301543235779 0.03488674759864807
v -0.19845201075077057 0.3636932969093323 0.03206966817378998
v 0.21860559284687042 0.39468348026275635 0.05230090022087097
v 0.2064516395330429 0.4030105173587799 0.0552317351102829
v 0.21353426575660706 0.3879562020301819 0.058389320969581604
v 0.10635782033205032 0.2775726914405823 0.10431036353111267
v 0.10217689722776413 0.26803964376449585 0.10860026627779007
v 0.11573360115289688 0.26471593976020813 0.10229156166315079
v 0.22278696298599243 0.322932630777359 0.06368350982666016
v 0.10264614969491959 -0.016938380897045135 0.04722972214221954
v 0.1000625342130661 -0.027503060176968575 0.04576261341571808
v -0.042060866951942444 0.09909295290708542 0.08587563037872314
v -0.032909005880355835 0.11423312872648239 0.08855462819337845
v -0.18054553866386414 0.37095123529434204 -0.09986067563295364
v -0.2108619064092636 0.3019648492336273 -0.10370737314224243
v -0.22386132180690765 0.3029516339302063 -0.10080091655254364
v -0.2113134115934372 0.30869558453559875 -0.10325673222541809
v 0.17265276610851288 0.37716853618621826 -0.06764622777700424
v -0.14328137040138245 0.3172963857650757 -0.11256610602140427
v -0.15008345246315002 0.3101333677768707 -0.10814207047224045
v -0.1539793312549591 0.3224978744983673 -0.11018384993076324
v -0.035383135080337524 0.09055235981941223 -0.17840775847434998
v 0.15999363362789154 0.03914223611354828 -0.14398232102394104
v 0.15496183931827545 0.034647680819034576 -0.15239885449409485
v 0.027301548048853874 0.10527528822422028 -0.17321059107780457
v 0.017961617559194565 0.09864719212055206 -0.17372733354568481
v 0.008513888344168663 0.10311511158943176 -0.16889157891273499
v -0.08679753541946411 0.45428556203842163 0.02238379418849945
v -0.0013672895729541779 0.3704911768436432 0.07606928795576096
v -0.007389422506093979 0.3613472282886505 0.07789042592048645
v 0.008564939722418785 0.355751633644104 0.08112557977437973
v 0.08370900899171829 0.05657988786697388 -0.1758018434047699
v 0.07181539386510849 0.05871658772230148 -0.17672401666641235
v 0.08002540469169617 0.06803219020366669 -0.17206698656082153
v -0.16229744255542755 0.03775445371866226 -0.03894656524062157
v -0.16629663109779358 0.041180580854415894 -0.05342746153473854
v 0.2523176074028015 0.3682575225830078 -0.013915881514549255
v 0.24601930379867554 0.38145923614501953 -0.008633509278297424
v 0.004306396469473839 -0.0829695388674736 0.04924093931913376
v 0.008170714601874352 -0.07423709332942963 0.052982404828071594
v 0.10413549840450287 0.36152368783950806 0.07439126074314117
v 0.17000016570091248 0.07149207592010498 -0.09640301764011383
v 0.16326259076595306 0.07645584642887115 -0.10967221856117249
v 0.1618657410144806 0.08329828828573227 -0.10852767527103424
v 0.15305958688259125 0.010515456087887287 0.01051408052444458
v 0.16326627135276794 0.014602014794945717 3.986060619354248e-06
v -0.26792290806770325 0.34246137738227844 -0.03958742320537567
v -0.2703619599342346 0.3315669894218445 -0.050927601754665375
v -0.27547773718833923 0.3336414098739624 -0.04171352833509445
v -0.1327771097421646 0.41847825050354004 -0.09506452828645706
v -0.27529752254486084 0.312508225440979 -0.025829166173934937
v 0.12313537299633026 0.4134484529495239 0.06675024330615997
v 0.10856998711824417 0.4100353419780731 0.06107303500175476
v 0.03537173569202423 0.11998390406370163 -0.16950562596321106
v 0.23521865904331207 0.29996705055236816 0.05959703028202057
v -0.1685493439435959 0.43196529150009155 0.006320081651210785
v -0.16928447782993317 0.42492735385894775 0.016898497939109802
v -0.15981079638004303 0.09010728448629379 -0.07889792323112488
v -0.16251862049102783 0.08192199468612671 -0.07701441645622253
v -0.16226303577423096 0.09141090512275696 -0.06444252282381058
v -0.11519511044025421 0.09438666701316833 -0.15590177476406097
v -0.11603851616382599 0.08560822904109955 -0.15875494480133057
v -0.2014688402414322 0.40163564682006836 0.01941634714603424
v -0.19862939417362213 0.39002251625061035 0.02800348401069641
v -0.05367366597056389 0.050211966037750244 -0.1881682574748993
v 0.12105782330036163 0.4487919807434082 0.04946942627429962
v 0.11937030404806137 0.45688575506210327 0.04045450687408447
v 0.1921338587999344 -0.0007714079692959785 -0.06075363978743553
v -0.16590650379657745 0.2868611216545105 -0.01810399442911148
v -0.12247452139854431 0.22432895004749298 -0.11554185301065445
v 0.04844338074326515 0.004362937994301319 -0.2013346254825592
v -0.20479047298431396 0.269817978143692 -0.0024598389863967896
v -0.16567657887935638 0.07342129945755005 -0.0752226933836937
v -0.16572785377502441 0.08362697064876556 -0.062175773084163666
v -0.2671915888786316 0.30256301164627075 -0.01732197403907776
v -0.26830410957336426 0.2929960787296295 -0.014854952692985535
v -0.2619243860244751 0.29424625635147095 -0.006024613976478577
v -0.12772390246391296 0.0618395172059536 -0.15443500876426697
v -0.11605659872293472 0.06751979142427444 -0.16077715158462524
v -0.1391066014766693 0.05559082701802254 -0.14737993478775024
v -0.17992910742759705 -0.019085973501205444 -0.08174687623977661
v 0.22592633962631226 0.37087762355804443 0.05857504904270172
v 0.21702075004577637 0.3759140372276306 0.060916826128959656
v 0.2221495509147644 0.3605014681816101 0.06298954784870148
v 0.04217072203755379 0.32790905237197876 0.09366193413734436
v 0.11379710584878922 0.243800550699234 -0.1304393708705902
v 0.07514650374650955 0.2549003064632416 -0.14315961301326752
v 0.08442647755146027 0.2445661872625351 -0.14470265805721283
v -0.28037261962890625 0.2971256673336029 -0.06582952290773392
v 0.14715522527694702 0.2630240023136139 0.06138913333415985
v 0.15262743830680847 0.25744718313217163 0.044000573456287384
v -0.12328878790140152 0.020408062264323235 0.02670261263847351
v -0.1258155107498169 0.03136074170470238 0.020473338663578033
v -0.1312236785888672 0.01898304373025894 0.014759942889213562
v -0.13867904245853424 0.05071939527988434 0.012458458542823792
v -0.14231319725513458 0.060864172875881195 0.005876846611499786
v 0.13264691829681396 0.47232043743133545 0.004059925675392151
v 0.12210730463266373 0.47742053866386414 -0.0036286264657974243
v 0.13159066438674927 0.4721098840236664 0.006966486573219299
v 0.10235260426998138 0.41696375608444214 -0.10041838884353638
v 0.11078977584838867 0.47593724727630615 0.014088936150074005
v 0.11951594054698944 0.47669288516044617 0.005562998354434967
v 0.11207450926303864 0.4798082709312439 0.0025161951780319214
v -0.2642422914505005 0.2139979898929596 -0.016593098640441895
v -0.28092485666275024 0.2248460054397583 -0.01443365216255188
v -0.14597803354263306 0.29707035422325134 -0.10749007761478424
v -0.15583637356758118 0.2943961024284363 -0.1048680767416954
v -0.1603165566921234 0.30650022625923157 -0.10869356244802475
v 0.07549324631690979 0.4295823872089386 0.052079446613788605
v 0.05903368070721626 0.426593154668808 0.0568792000412941
v 0.08780362457036972 0.27138203382492065 0.11240589618682861
v 0.09229853749275208 0.28069379925727844 0.1088191419839859
v 0.08720903098583221 0.2867703139781952 0.1076117604970932
v 0.18234843015670776 0.015989074483513832 -0.030401721596717834
v 0.18356285989284515 0.02714434638619423 -0.03936585783958435
v 0.05243518203496933 0.03304462134838104 0.0805651992559433
v 0.048202503472566605 0.022218823432922363 0.07833346724510193
v 0.06534863263368607 0.028225794434547424 0.0751718208193779
v 0.1929563730955124 0.34926772117614746 -0.061458706855773926
v 0.21387922763824463 0.27420711517333984 0.0013737678527832031
v -0.16126319766044617 0.28551942110061646 -0.05075555294752121
v -0.15259870886802673 0.14951831102371216 -0.0611032135784626
v -0.14779874682426453 0.14672979712486267 -0.07011416554450989
v -0.15511877834796906 0.14017514884471893 -0.06424392759799957
v -0.12563084065914154 0.17931115627288818 -0.1373562514781952
v -0.11928781121969223 0.1877831369638443 -0.14547868072986603
v -0.12421116232872009 0.17028173804283142 -0.1438448131084442
v -0.1401786208152771 0.16820330917835236 -0.08648625016212463
v -0.13537326455116272 0.17145772278308868 -0.0951402485370636
v -0.1349175125360489 0.16063721477985382 -0.09581722319126129
v -0.1225007176399231 0.10531105101108551 -0.1425526738166809
v -0.12749561667442322 0.09594963490962982 -0.1408309042453766
v 0.18612918257713318 0.03793518617749214 -0.06486999243497849
v 0.14360132813453674 0.2926160991191864 -0.09648627042770386
v 0.1488659530878067 0.30074381828308105 -0.08435742557048798
v 0.07646889984607697 0.2953967750072479 0.10654834657907486
v 0.07767423987388611 0.2838094234466553 0.11080177873373032
v 0.06689605861902237 0.2740417718887329 0.11489750444889069
v 0.05541235953569412 0.2793803811073303 0.11238721758127213
v -0.040156662464141846 0.029420047998428345 -0.1982719898223877
v -0.049170274287462234 0.034731581807136536 -0.1953943967819214
v -0.03506825491786003 0.041745688766241074 -0.19228753447532654
v 0.30179694294929504 0.305381178855896 -0.0061261653900146484
v 0.29686641693115234 0.31301650404930115 -0.004066064953804016
v 0.28664469718933105 0.33136191964149475 0.008199021220207214
v 0.29351145029067993 0.33749231696128845 0.013817638158798218
v 0.18968136608600616 -0.015532732009887695 -0.040184516459703445
v 0.19211220741271973 -0.02213958464562893 -0.04753495007753372
v 0.17601646482944489 0.061519376933574677 -0.04467407613992691
v 0.18142780661582947 0.04635417461395264 -0.04881059378385544
v -0.03572031483054161 0.11717131733894348 -0.17574813961982727
v 0.04451610893011093 0.2601648271083832 -0.14516505599021912
v 0.05494772642850876 0.2574833631515503 -0.14628669619560242
v 0.03892967849969864 0.2520979344844818 -0.14628517627716064
v -0.10260005295276642 0.24311794340610504 0.0990932360291481
v -0.09149573743343353 0.2407732456922531 0.10325335711240768
v -0.09841255098581314 0.2579549252986908 0.09905163198709488
v -0.10334943979978561 0.0993807464838028 0.06594531238079071
v -0.10443735122680664 0.0857674777507782 0.062092095613479614
v -0.09045611321926117 0.0938301831483841 0.07355371862649918
v -0.1215500459074974 0.0027816244401037693 -0.1885826289653778
v -0.1227928176522255 -0.007666438817977905 -0.1942281574010849
v -0.13318771123886108 -0.007082787808030844 -0.1804150938987732
v -0.14033278822898865 0.4496540427207947 -0.05412337929010391
v -0.13190826773643494 0.4464791715145111 -0.06697385758161545
v -0.1421201378107071 0.4415213465690613 -0.06495200097560883
v -0.13806083798408508 0.3347766399383545 -0.11566042900085449
v -0.14039389789104462 0.34458601474761963 -0.11501649022102356
v -0.13080254197120667 0.3409202992916107 -0.12006784230470657
v 0.03779495507478714 0.05361833795905113 -0.18364158272743225
v -0.10880692303180695 0.14311595261096954 -0.15393173694610596
v -0.0549079105257988 0.4184393584728241 -0.10924100875854492
v -0.04320389777421951 0.42389386892318726 -0.10268375277519226
v -0.04177830368280411 0.4108884930610657 -0.11069778352975845
v 0.16655053198337555 0.4281347095966339 -0.05044116824865341
v 0.16123199462890625 0.43124550580978394 -0.05115342140197754
v 0.16553618013858795 0.4357733726501465 -0.04196756333112717
v 0.11844035238027573 0.253497451543808 -0.11841433495283127
v 0.11578197777271271 0.27291205525398254 -0.11939716339111328
v 0.22604681551456451 0.3067196309566498 0.05988222360610962
v 0.2126794010400772 0.3160426616668701 0.05615861713886261
v 0.05992139130830765 -0.023329636082053185 0.06188185513019562
v 0.09856311231851578 0.3075984716415405 0.09553729742765427
v 0.10383044183254242 0.29787251353263855 0.09756471961736679
v 0.1108403205871582 0.3061503767967224 0.09088452905416489
v 0.1307559460401535 0.4739401340484619 -0.006269015371799469
v 0.11909785121679306 0.47686558961868286 -0.018901050090789795
v -0.31056541204452515 0.29492658376693726 -0.04619690775871277
v -0.22250205278396606 0.27821043133735657 -0.10359857976436615
v -0.22484190762043 0.2888176441192627 -0.1032678410410881
v -0.20813217759132385 0.28547725081443787 -0.10244522243738174
v -0.12624289095401764 0.10450775921344757 0.042430877685546875
v -0.12274028360843658 0.08689302206039429 0.04421839863061905
v 0.09123294055461884 0.38307496905326843 0.06940656155347824
v -0.298200398683548 0.25589659810066223 -0.0877591222524643
v 0.07849029451608658 0.2522345185279846 0.11707865446805954
v 0.08830131590366364 0.25541794300079346 0.11515835672616959
v 0.07818768918514252 0.26818159222602844 0.11541787534952164
v -0.12644228339195251 -0.024819087237119675 0.012825548648834229
v -0.11185287684202194 -0.033847324550151825 0.02322397381067276
v -0.11589236557483673 -0.016286808997392654 0.021392129361629486
v 0.21530012786388397 0.33047521114349365 -0.050935402512550354
v -0.04520932957530022 0.010443187318742275 0.06858785450458527
v -0.12470278888940811 0.4477560818195343 0.007985740900039673
v -0.13034096360206604 0.4350280463695526 0.017818190157413483
v -0.019128121435642242 -0.015667814761400223 -0.21198563277721405
v 0.007886682637035847 0.11491409689188004 -0.16345269978046417
v -0.0012699747458100319 0.10741309076547623 -0.16468042135238647
v -0.0019271466881036758 0.12109816074371338 -0.16189786791801453
v -0.13191324472427368 0.3510100245475769 0.05641724914312363
v -0.1334361433982849 0.34059038758277893 0.060701459646224976
v -0.06269099563360214 0.4023151397705078 0.05667289346456528
v -0.0679997056722641 0.4126533567905426 0.05233674496412277
v 0.11484832316637039 -0.014473999850451946 0.04046427458524704
v 0.011091158725321293 0.32311302423477173 -0.1414157748222351
v 0.000795045867562294 0.31495898962020874 -0.14696769416332245
v -9.052455425262451e-05 0.3321194648742676 -0.14324501156806946
v -0.016158515587449074 0.06557154655456543 -0.18238410353660583
v -0.007590542081743479 0.07436597347259521 -0.17926770448684692
v -0.15141162276268005 0.44652536511421204 -0.041370272636413574
v 0.0511588379740715 0.4899667799472809 0.011423356831073761
v 0.060941241681575775 0.4814363121986389 0.017926879227161407
v 0.23636530339717865 0.3548700213432312 0.05703467130661011
v -0.024000879377126694 0.3319712281227112 0.08431664854288101
v -0.023493021726608276 0.31784555315971375 0.08916892856359482
v 0.12209675461053848 0.10062333196401596 0.05738089233636856
v 0.10043177008628845 0.3317073881626129 0.08476630598306656
v 0.08829843252897263 0.32967349886894226 0.08952731639146805
v 0.05142127349972725 0.3766625225543976 0.07563318312168121
v 0.06192896515130997 0.38533398509025574 0.07171393185853958
v 0.04562578722834587 0.38556408882141113 0.07285106927156448
v -0.132603257894516 -0.022930780425667763 -0.18642404675483704
v -0.13706134259700775 -0.014534354209899902 -0.1761069893836975
v -0.12834584712982178 -0.012800727039575577 -0.18979093432426453
v 0.029576314613223076 0.3861315846443176 0.07350485771894455
v 0.2438339740037918 0.3190157413482666 -0.046194061636924744
v 0.16322658956050873 0.21073748171329498 -0.01710796356201172
v 0.2136312574148178 0.2750837504863739 -0.004463553428649902
v -0.12755289673805237 0.41701358556747437 0.0302659273147583
v -0.01595441624522209 0.376150906085968 -0.1242600679397583
v -0.0195289459079504 0.36017781496047974 -0.13224506378173828
v -0.10573164373636246 0.329154908657074 0.0675281509757042
v -0.10548395663499832 0.3388449549674988 0.06394384056329727
v 0.08760453015565872 0.1762261837720871 0.10560952126979828
v 0.0923972949385643 0.186766117811203 0.10461791604757309
v 0.08278465270996094 0.1900153011083603 0.1106114462018013
v -0.16054385900497437 0.26408499479293823 0.05753497779369354
v -0.1617756187915802 0.27117469906806946 0.046751968562603
v 0.10620157420635223 0.09178897738456726 -0.15789589285850525
v 0.09276078641414642 0.0853952020406723 -0.16410788893699646
v 0.09553869813680649 0.0974794328212738 -0.16105198860168457
v -0.21438713371753693 0.3804314136505127 0.018861278891563416
v -0.2082720398902893 0.39339548349380493 0.018661081790924072
v 0.2513065040111542 0.3277837038040161 0.05882959067821503
v -0.15787756443023682 0.3529176712036133 0.06045520305633545
v 0.0674259290099144 0.35093945264816284 -0.13126564025878906
v -0.12811194360256195 0.16813725233078003 -0.139181450009346
v -0.18720032274723053 0.37385889887809753 0.03415028750896454
v -0.18359145522117615 0.3619707226753235 0.034872427582740784
v 0.09238190203905106 0.007353748194873333 -0.1957070529460907
v 0.10457303375005722 0.008015070110559464 -0.19177210330963135
v 0.10141661763191223 -0.0086665078997612 -0.19898445904254913
v -0.13412220776081085 0.1536627858877182 -0.10700560361146927
v -0.1375409960746765 0.14467357099056244 -0.10838685184717178
v -0.13618580996990204 0.15008695423603058 -0.09746970236301422
v -0.13220131397247314 0.2604825496673584 -0.11761270463466644
v -0.12327698618173599 0.26381033658981323 -0.12195181846618652
v 0.1575915515422821 0.18565486371517181 -0.05628391355276108
v 0.15913759171962738 0.19550830125808716 -0.04733199253678322
v 0.1597307324409485 0.1809685379266739 -0.04347873479127884
v 0.16430863738059998 0.05543573573231697 -0.12800061702728271
v 0.15549172461032867 0.05885420739650726 -0.13634058833122253
v 0.16198888421058655 0.06228470802307129 -0.12579210102558136
v 0.1624019742012024 0.4521738290786743 -0.01727914810180664
v 0.15563718974590302 0.46042129397392273 -0.001769915223121643
v -0.2663007974624634 0.29757991433143616 -0.0857212021946907
v -0.2608531713485718 0.3123020529747009 -0.0783562958240509
v 0.01823275536298752 0.20893274247646332 0.10450469702482224
v 0.0032595405355095863 0.2041681408882141 0.098343625664711
v 0.3026106357574463 0.304117351770401 -0.020681843161582947
v 0.2897626757621765 0.31629419326782227 -0.02164524793624878
v 0.10822053253650665 0.227914959192276 0.10506856441497803
v 0.10310149192810059 0.2370404452085495 0.1090703085064888
v -0.163133442401886 0.4418226480484009 -0.02724398672580719
v -0.04566685110330582 0.47924965620040894 -0.05763630568981171
v 0.19084681570529938 0.35571035742759705 0.06086626648902893
v 0.07132798433303833 0.29202529788017273 -0.13982592523097992
v 0.06060434505343437 0.29449915885925293 -0.13909026980400085
v -0.10993404686450958 -0.04333008825778961 0.022100113332271576
v -0.10801725834608078 -0.05300000682473183 0.021347776055336
v -0.10274253040552139 -0.039640262722969055 0.02711550146341324
v 0.014631453901529312 0.40914618968963623 0.06882795691490173
v -0.22223418951034546 0.2210201621055603 -0.051735252141952515
v -0.21507979929447174 0.2311941385269165 -0.055922478437423706
v -0.21706226468086243 0.24104972183704376 -0.08798730373382568
v -0.12192543596029282 0.33777832984924316 -0.12673978507518768
v 0.15323688089847565 0.13074631989002228 -0.09560485184192657
v 0.15431813895702362 0.12303823232650757 -0.09688182920217514
v 0.19938495755195618 0.40333306789398193 -0.0431511253118515
v 0.20681232213974 0.40714117884635925 -0.033004432916641235
v 0.20954883098602295 0.3991134762763977 -0.0374058336019516
v -0.030664628371596336 0.14284935593605042 -0.169477641582489
v -0.04095463454723358 0.14577439427375793 -0.16930505633354187
v 0.19606207311153412 0.3644503951072693 -0.05622759461402893
v 0.19175085425376892 0.37306416034698486 -0.055641353130340576
v -0.05972651392221451 0.09454166889190674 0.08332355320453644
v -0.04314209148287773 0.08923086524009705 0.08448038250207901
v -0.05184846371412277 0.10262259840965271 0.08572422713041306
v 0.1602603942155838 0.09711750596761703 -0.10044340789318085
v 0.1552737057209015 0.10957082360982895 -0.10566215217113495
v 0.15335988998413086 -0.0024423464201390743 -0.16955775022506714
v 0.1706123799085617 0.3140767216682434 -0.011037752032279968
v -0.12161293625831604 0.2890586256980896 -0.12696251273155212
v -0.09091819822788239 0.2594881057739258 -0.15653592348098755
v -0.08817294985055923 0.24146388471126556 -0.15663067996501923
v -0.1814710646867752 -0.035234417766332626 -0.08499834686517715
v -0.18111684918403625 -0.035942673683166504 -0.0954585075378418
v -0.18319544196128845 -0.05070415511727333 -0.08834356814622879
v -0.07138172537088394 0.1099332943558693 0.08398156613111496
v -0.08082053065299988 0.11376746743917465 0.08187809586524963
v -0.25664764642715454 0.23976072669029236 -0.00765189528465271
v -0.13725300133228302 0.18287235498428345 -0.09530764073133469
v -0.14457078278064728 0.1845916360616684 -0.0875212699174881
v -0.14065609872341156 0.19440370798110962 -0.09617103636264801
v 0.16470615565776825 0.34127843379974365 0.050302937626838684
v 0.24003107845783234 0.2538747787475586 0.03875055909156799
v 0.22615686058998108 0.2656480073928833 0.03149215877056122
v 0.15615171194076538 0.23763839900493622 -0.05760713294148445
v 0.15994663536548615 0.03154243901371956 0.0008708685636520386
v 0.16580180823802948 0.02504531666636467 -0.005853645503520966
v -0.18875008821487427 0.42539018392562866 -0.020508840680122375
v -0.18022124469280243 0.43024370074272156 -0.00793793797492981
v -0.13433797657489777 0.17913594841957092 0.06622505187988281
v -0.13821560144424438 0.19324153661727905 0.0694393590092659
v -0.14535808563232422 0.18266943097114563 0.059933796525001526
v 0.11257877945899963 0.292466938495636 0.09529784321784973
v -0.23335431516170502 0.21268463134765625 -0.03839302062988281
v -0.23507580161094666 0.20543792843818665 -0.04551789164543152
v 0.21089692413806915 0.41139769554138184 0.04674375057220459
v -0.13544262945652008 0.4280969798564911 -0.0864206925034523
v -0.12940427660942078 0.4355281889438629 -0.08300434798002243
v 0.07944313436746597 0.0852305069565773 0.0850471705198288
v 0.08509501814842224 0.07609612494707108 0.08025164157152176
v 0.038327496498823166 0.1816684901714325 0.10895510762929916
v 0.027943752706050873 0.19540680944919586 0.10825175791978836
v -0.11651326715946198 0.2309260368347168 -0.12376030534505844
v -0.11491118371486664 0.2282625287771225 -0.13519355654716492
v -0.032161783427000046 0.09593241661787033 0.08650833368301392
v 0.0028159208595752716 0.19879655539989471 -0.15458878874778748
v -0.006371062248945236 0.20230752229690552 -0.15774717926979065
v -0.006566682830452919 0.2118862271308899 -0.1573292762041092
v -0.19939562678337097 0.3000117838382721 -0.0980638712644577
v -0.04000641033053398 0.2520415186882019 -0.15390519797801971
v -0.048606958240270615 0.23748283088207245 -0.1533670723438263
v -0.05023379623889923 0.2556549906730652 -0.15008492767810822
v -0.20112338662147522 0.41395244002342224 0.003514692187309265
v -0.1433102786540985 0.2944079339504242 0.0681418627500534
v -0.13332843780517578 0.30582234263420105 0.06504622101783752
v -0.2890661954879761 0.29342421889305115 -0.05893883854150772
v -0.2823890745639801 0.2896506190299988 -0.07322502881288528
v -0.06540308892726898 0.29861000180244446 -0.1476413756608963
v -0.05366423353552818 0.2836529314517975 -0.14896534383296967
v -0.06411393731832504 0.28040456771850586 -0.14858734607696533
v 0.13433411717414856 0.38747626543045044 0.0754903256893158
v -0.04270530119538307 0.07415249198675156 -0.1803043931722641
v 0.11622621864080429 0.27420130372047424 0.09961902350187302
v 0.12544365227222443 0.27130770683288574 0.09383969008922577
v 0.1253577321767807 0.2854534983634949 0.09371594339609146
v 0.2550790309906006 0.3719845414161682 -0.003323569893836975
v 0.255530446767807 0.3812107443809509 0.0050029754638671875
v -0.0921025350689888 0.0007805014029145241 0.04566701501607895
v -0.10275053232908249 0.010858064517378807 0.04191578924655914
v -0.014104519039392471 0.3711601495742798 0.07429395616054535
v -0.261277437210083 0.3266350328922272 -0.06414157152175903
v 0.1686645746231079 0.29656982421875 -0.03585146367549896
v -0.15789760649204254 0.4397301971912384 -0.04898960888385773
v -0.1637088656425476 0.43788808584213257 -0.041931696236133575
v 0.1695752739906311 0.4523357152938843 0.0025074034929275513
v -0.17905299365520477 -0.04308165982365608 -0.05296432599425316
v -0.18274736404418945 -0.047039493918418884 -0.07016072422266006
v -0.18246683478355408 -0.05901653319597244 -0.05522807314991951
v -0.10136142373085022 0.43641605973243713 0.02506658434867859
v -0.15391913056373596 0.29433637857437134 0.020267240703105927
v -0.15228141844272614 0.297115296125412 0.039595380425453186
v -0.22922876477241516 0.26927313208580017 0.0009700804948806763
v -0.001543622463941574 0.43982750177383423 -0.08849385380744934
v 0.004392366856336594 0.4297040104866028 -0.09447642415761948
v 0.1501259058713913 0.33902984857559204 -0.08462603390216827
v 0.14954277873039246 0.33262261748313904 -0.08520200103521347
v 0.17449814081192017 0.07397112250328064 -0.06960190832614899
v -0.19440202414989471 0.2525365352630615 -0.056270211935043335
v -0.12515302002429962 0.3667805790901184 -0.1186596006155014
v -0.23238970339298248 0.2331334948539734 -0.09701073169708252
v -0.15903231501579285 0.34214070439338684 0.055671341717243195
v -0.15290549397468567 0.34146037697792053 0.0468335896730423
v 0.26724496483802795 0.2692393958568573 -0.035813719034194946
v 0.2624431848526001 0.277041494846344 -0.03821665048599243
v 0.27706366777420044 0.2776446044445038 -0.035112589597702026
v 0.164819598197937 0.0432078056037426 -0.13571606576442719
v -0.15671811997890472 -0.00033153174445033073 -0.019115939736366272
v -0.15534773468971252 -0.01820453628897667 -0.015433985739946365
v 0.06288253515958786 -0.05433162301778793 0.051758430898189545
v 0.07191143184900284 -0.05977127328515053 0.04792013764381409
v 0.07121361792087555 -0.04238034039735794 0.05280736833810806
v 0.00679292157292366 0.04586147889494896 0.08525076508522034
v 0.16801805794239044 0.4205373525619507 -0.05713546276092529
v -0.08098039776086807 0.16662894189357758 -0.15779700875282288
v -0.07938795536756516 0.1513003259897232 -0.16015806794166565
v -0.09371047466993332 0.16080620884895325 -0.15691113471984863
v 0.18101176619529724 0.3388739228248596 -0.06489352136850357
v 0.16457195580005646 0.2730066478252411 -0.05713808909058571
v -0.14366082847118378 0.027795489877462387 -0.1577063947916031
v -0.1324097216129303 0.034441471099853516 -0.16569927334785461
v -0.1434301882982254 0.01960783824324608 -0.16008606553077698
v -0.062037087976932526 0.3286466896533966 -0.14558151364326477
v -0.06759423762559891 0.3189390301704407 -0.14671997725963593
v -0.06792248785495758 0.33657214045524597 -0.1450214982032776
v 0.03362800553441048 0.2356858253479004 -0.14770764112472534
v 0.043668244034051895 0.23185501992702484 -0.149588480591774
v 0.03357279673218727 0.2256387621164322 -0.14881077408790588
v -0.2549170255661011 0.31751030683517456 -0.00038108229637145996
v -0.25441211462020874 0.3084050714969635 0.003185868263244629
v -0.07624459266662598 0.3071047365665436 0.086956687271595
v -0.08232266455888748 0.3151233196258545 0.08214364945888519
v -0.08187689632177353 0.30008360743522644 0.08863551914691925
v 0.017422068864107132 0.005741008557379246 0.07796552777290344
v -0.17186149954795837 -0.03864847496151924 -0.03669600561261177
v 0.16651377081871033 0.08699855953454971 -0.023873478174209595
v 0.1703062355518341 0.07395810633897781 -0.033731941133737564
v 0.1522129476070404 0.02810800075531006 0.011048272252082825
v 0.15516862273216248 0.03813653811812401 0.007820867002010345
v 0.16929268836975098 0.37972986698150635 -0.07117341458797455
v 0.17496788501739502 0.37351346015930176 -0.07495690137147903
v -0.15983490645885468 0.00975697673857212 -0.14315302670001984
v -0.1676681786775589 0.009956604801118374 -0.12993726134300232
v 0.1477428376674652 0.4641353189945221 -0.005798831582069397
v 0.15422631800174713 0.45691168308258057 -0.01950652152299881
v -0.08912035077810287 0.22453144192695618 0.10309530794620514
v -0.09656229615211487 0.44026345014572144 -0.09098773449659348
v -0.11238980293273926 0.4358210861682892 -0.09002713114023209
v -0.10639328509569168 0.44704797863960266 -0.08063497394323349
v 0.12939666211605072 0.3382982611656189 0.08429403603076935
v 0.11953306943178177 0.32872018218040466 0.08394354581832886
v 0.13183419406414032 0.32833269238471985 0.08533944934606552
v -0.11959730088710785 0.4578888714313507 -0.0007574185729026794
v 0.15933528542518616 0.3919805586338043 -0.07843156158924103
v 0.21085378527641296 0.28801947832107544 0.038086339831352234
v 0.21765299141407013 0.28776025772094727 0.04594971239566803
v 0.02062453329563141 0.31605762243270874 0.09553741663694382
v 0.009722595103085041 0.31421154737472534 0.09465675801038742
v -0.07089158892631531 0.1674080342054367 -0.15865707397460938
v -0.0616423636674881 0.16421084105968475 -0.16241797804832458
v -0.05952002853155136 0.06113097816705704 -0.1835620403289795
v -0.011523939669132233 0.2975185215473175 0.09793946146965027
v 0.24626755714416504 0.3914194703102112 0.006961405277252197
v 0.17516368627548218 0.03573126718401909 -0.1231607049703598
v 0.17212991416454315 0.03198917582631111 -0.13246463239192963
v -0.02083481475710869 0.23676741123199463 0.10115110874176025
v -0.009328601881861687 0.24353940784931183 0.10160704702138901
v -0.008836086839437485 0.4294145405292511 0.06311573088169098
v 0.07416278123855591 0.028168322518467903 -0.1895512342453003
v 0.06512045115232468 0.039047155529260635 -0.18599183857440948
v 0.1408241242170334 0.18829430639743805 -0.10074099898338318
v 0.051781147718429565 0.4699183404445648 -0.06604170054197311
v -0.003178688697516918 0.13216574490070343 -0.16126850247383118
v -0.014996422454714775 0.1264835000038147 -0.16857531666755676
v -0.0116835106164217 0.136100634932518 -0.16545134782791138
v -0.15163584053516388 0.228878915309906 -0.09794647991657257
v -0.1446826457977295 0.2343885749578476 -0.10551921278238297
v -0.18431217968463898 0.26899299025535583 -0.08140235394239426
v -0.1796332746744156 0.2873949706554413 -0.07575984299182892
v 0.1418817937374115 0.17970579862594604 0.05685790628194809
v 0.13298355042934418 0.1726388931274414 0.0662681981921196
v 0.1408308893442154 0.16512468457221985 0.052668265998363495
v -0.16139233112335205 0.2493813931941986 -0.019678421318531036
v -0.1608765423297882 0.23366475105285645 -0.02011401206254959
v -0.17102332413196564 0.4173305630683899 0.02746511995792389
v 0.2668732702732086 0.3665238618850708 0.028426021337509155
v 0.26012492179870605 0.358345091342926 0.03483983874320984
v 0.27099907398223877 0.3483174443244934 0.03414824604988098
v 0.10374905914068222 0.4834299683570862 -0.004109889268875122
v -0.14666226506233215 0.07669691741466522 0.006127960979938507
v -0.13951295614242554 0.06679319590330124 0.017006203532218933
v -0.14220736920833588 0.08302340656518936 0.015761449933052063
v -0.16136221587657928 0.3606075048446655 -0.10173197835683823
v -0.1682673841714859 0.35474660992622375 -0.09929806739091873
v -0.14836212992668152 0.11169706284999847 0.01819492131471634
v -0.14925257861614227 0.1269691288471222 0.025942362844944
v 0.07640987634658813 0.48822468519210815 -0.03294648230075836
v 0.08116436004638672 0.4810188114643097 -0.04532657563686371
v 0.06333522498607635 0.23225155472755432 -0.14757312834262848
v 0.06294121593236923 0.2223280370235443 -0.14956894516944885
v -0.1342773139476776 0.02689550071954727 0.006527803838253021
v -0.1440211832523346 0.266522616147995 0.06992518901824951
v -0.15306921303272247 0.2651708424091339 0.06490056216716766
v -0.14415258169174194 0.252605676651001 0.07144329696893692
v -0.2290208488702774 0.37551528215408325 -0.05999687314033508
v -0.23439347743988037 0.3609141707420349 -0.06791774183511734
v -0.20906749367713928 0.4096493124961853 -0.028612785041332245
v -0.21843162178993225 0.4019833207130432 -0.021077126264572144
v -0.001772407442331314 0.03481971472501755 0.08233742415904999
v 0.07900852710008621 0.41401365399360657 -0.10757864266633987
v 0.06692725419998169 0.4173699617385864 -0.10590717941522598
v -0.11339925229549408 0.09331066161394119 0.055336177349090576
v 0.160665363073349 0.17645376920700073 -0.03073710948228836
v -0.16727899014949799 0.06406353414058685 -0.07283585518598557
v -0.16648271679878235 0.06309075653553009 -0.08744075894355774
v -0.1530824899673462 0.21345624327659607 -0.08969594538211823
v 0.1742686927318573 0.3067961037158966 -0.00910043716430664
v 0.07177434861660004 0.4776592254638672 0.019023828208446503
v 0.07051799446344376 0.4726836383342743 0.023850485682487488
v 0.12189100682735443 0.4564131498336792 -0.05904266983270645
v 0.12381479144096375 0.44168412685394287 -0.07238665223121643
v -0.10545385628938675 0.2270004153251648 -0.15435215830802917
v -0.09694278240203857 0.23318146169185638 -0.15746083855628967
v -0.12222589552402496 0.17789439857006073 0.06898663192987442
v -0.12634271383285522 0.19182388484477997 0.07312875241041183
v 0.1008262038230896 0.4699651896953583 0.020326919853687286
v 0.04741528630256653 0.4780973196029663 0.032951854169368744
v 0.01392247062176466 0.16369348764419556 0.10088043659925461
v 0.004596160724759102 0.16863462328910828 0.09695543348789215
v -0.08701224625110626 0.3947027921676636 0.05021408945322037
v -0.07197634875774384 0.39936479926109314 0.05423850566148758
v 0.14805740118026733 0.16306543350219727 0.03888677805662155
v 0.1483282595872879 0.1722644418478012 0.04237407445907593
v 0.14457058906555176 0.15948636829853058 0.04396788030862808
v -0.1296124905347824 0.09709552675485611 0.036467619240283966
v -0.13228878378868103 0.08081555366516113 0.031106308102607727
v -0.2167583405971527 0.23443184792995453 -0.08009566366672516
v -0.23717160522937775 0.344579815864563 -0.07839423418045044
v -0.22806264460086823 0.3566899001598358 -0.07705818116664886
v 0.15449757874011993 0.4189037084579468 0.06421154737472534
v -0.1348147839307785 -0.04921809211373329 0.005935072898864746
v -0.1304338574409485 -0.03705991804599762 0.00890340656042099
v 0.2627713978290558 0.36234062910079956 -0.0011488348245620728
v 0.0025546280667185783 0.4962570369243622 -0.04027267545461655
v 0.1334037333726883 0.18757568299770355 0.07007606327533722
v 0.12572309374809265 0.17999917268753052 0.08045744895935059
v -0.040697284042835236 0.47300735116004944 -0.06501924991607666
v -0.03641239181160927 0.46550020575523376 -0.07170994579792023
v -0.13413043320178986 0.198812335729599 -0.10275618731975555
v -0.12430690973997116 0.2081129103899002 -0.11317287385463715
v -0.12651248276233673 0.19090986251831055 -0.11078183352947235
v -0.05687258765101433 -0.05599170923233032 0.04356224089860916
v -0.06704778969287872 -0.055529188364744186 0.039980337023735046
v -0.06774720549583435 -0.06820769608020782 0.036723583936691284
v 0.08327590674161911 0.48918598890304565 -0.021990112960338593
v 0.07006966322660446 0.4939073920249939 -0.011907204985618591
v 0.16198015213012695 0.3774930536746979 0.061457693576812744
v 0.17373217642307281 0.3828974962234497 0.06536908447742462
v 0.16394202411174774 0.3883822560310364 0.06444825232028961
v -0.15211766958236694 0.3998603820800781 -0.09842702001333237
v -0.14696404337882996 0.41227036714553833 -0.09126376360654831
v 0.03362106531858444 0.15466219186782837 -0.15799495577812195
v 0.043053507804870605 0.14649413526058197 -0.16059698164463043
v 0.07552582025527954 0.13716819882392883 0.09913726896047592
v 0.06470408290624619 0.1343662589788437 0.10011828690767288
v 0.0735529288649559 0.12015114724636078 0.09526080638170242
v -0.3159300684928894 0.2665995955467224 -0.05058389902114868
v -0.11437249928712845 0.26056137681007385 0.08929803967475891
v -0.1043044775724411 0.26682278513908386 0.09370383620262146
v -0.044567350298166275 0.3054635226726532 -0.14768144488334656
v -0.04921088367700577 0.29452863335609436 -0.1489948183298111
v -0.05605032294988632 0.3118292987346649 -0.1475934386253357
v -0.1787789762020111 0.29913216829299927 -0.08048014342784882
v 0.09360255300998688 0.24915024638175964 0.11417555809020996
v -0.006761724129319191 0.04596110060811043 -0.19042141735553741
v -0.0245016198605299 0.04075988009572029 -0.192592054605484
v -0.06471813470125198 0.04898463562130928 -0.18789759278297424
v -0.07021801173686981 0.03596203029155731 -0.19286437332630157
v -0.0769997164607048 0.0452885664999485 -0.18764352798461914
v 0.1522134393453598 0.3684082627296448 -0.08640752732753754
v -0.192372128367424 0.2859671711921692 -0.0002030879259109497
v -0.18706963956356049 0.2926160395145416 0.00575120747089386
v -0.20456764101982117 0.2938128709793091 0.008201733231544495
v 0.11023632436990738 0.05539577826857567 0.059597328305244446
v 0.12039172649383545 0.05475020408630371 0.05085471272468567
v 0.11440186947584152 0.06882079690694809 0.05936533957719803
v 0.014393525198101997 0.15747790038585663 -0.1552135944366455
v 0.014662504196166992 0.14495553076267242 -0.15721768140792847
v -0.05297364667057991 0.04106494039297104 0.07450032234191895
v -0.04548223689198494 0.05790111795067787 0.07904177159070969
v -0.026218531653285027 0.39037343859672546 0.06797365844249725
v 0.1330079734325409 0.3730566203594208 0.07666037231683731
v 0.17165113985538483 0.30611366033554077 -0.06544944643974304
v -0.1657530516386032 0.05829787254333496 -0.05659975856542587
v 0.17205041646957397 0.07586278021335602 -0.04089133441448212
v -0.14156116545200348 0.3904331922531128 -0.10409665107727051
v -0.13738414645195007 0.4060916006565094 -0.09968306124210358
v 0.04421227425336838 0.09691906720399857 0.09550542384386063
v -0.12289682775735855 0.3476148545742035 -0.1243438795208931
v -0.13280954957008362 0.3557828366756439 -0.11690354347229004
v 0.05754741281270981 0.2068975567817688 -0.15357190370559692
v 0.053642965853214264 0.21607328951358795 -0.15320417284965515
v 0.0632905438542366 0.21109247207641602 -0.15123936533927917
v 0.08313064277172089 0.02300431579351425 -0.19061145186424255
v 0.06502212584018707 0.2544134855270386 -0.14398014545440674
v 0.0642215684056282 0.24363255500793457 -0.14555804431438446
v 0.05478651821613312 0.24886895716190338 -0.14760002493858337
v -0.14888550341129303 0.44487184286117554 -0.052137017250061035
v -0.11313333362340927 0.24560019373893738 0.09267670661211014
v -0.1063670814037323 0.25161319971084595 0.09683258831501007
v -0.10400532186031342 0.07722627371549606 0.060367271304130554
v -0.09467742592096329 0.07815517485141754 0.06768126785755157
v -0.18148650228977203 0.2844249904155731 0.0034731626510620117
v -0.16652651131153107 0.2892797291278839 -0.0017552971839904785
v -0.2540977895259857 0.32209131121635437 -0.07949598133563995
v -0.25782155990600586 0.3312203884124756 -0.06437640637159348
v 0.153204083442688 0.16666658222675323 0.023769646883010864
v 0.05272534862160683 0.14184387028217316 -0.16092362999916077
v -0.13503840565681458 0.11408186703920364 0.03565824776887894
v 0.0007883673533797264 -0.03216196224093437 0.06786064058542252
v 0.04815467819571495 0.03242361545562744 -0.1908458173274994
v -0.10842792689800262 0.25813955068588257 -0.13776013255119324
v -0.08256914466619492 0.032690562307834625 -0.1921669840812683
v -0.16056300699710846 0.3759007453918457 -0.10059888660907745
v -0.15777990221977234 0.36795440316200256 -0.10691984742879868
v -0.05613831803202629 0.23360978066921234 0.10528986901044846
v -0.0684792622923851 0.2451288104057312 0.10687766969203949
v -0.07278238236904144 0.22889745235443115 0.10525079071521759
v -0.1316845417022705 0.45131558179855347 0.0011656209826469421
v -0.13773870468139648 0.44369083642959595 0.0065238699316978455
v 0.1076231524348259 0.44911065697669983 0.04146869480609894
v 0.1002851277589798 0.44402146339416504 0.04440019279718399
v -0.01702931895852089 0.017222603783011436 0.07715272158384323
v -0.009568247012794018 0.034424565732479095 0.08153514564037323
v -0.02534712478518486 0.03406145051121712 0.07902740687131882
v -0.07384856790304184 0.20932067930698395 -0.15269538760185242
v 0.1736769676208496 0.38520413637161255 -0.07485461235046387
v 0.18125547468662262 0.3924800753593445 -0.06506270170211792
v -0.1703248918056488 0.3452097177505493 -0.10278534889221191
v 0.051934435963630676 0.04963028430938721 0.08528117835521698
v 0.04246068373322487 0.05552765727043152 0.08833328634500504
v 0.0432245209813118 0.03849951922893524 0.08383173495531082
v 0.2040690779685974 0.42913949489593506 0.02716013789176941
v 0.21335476636886597 0.4219321012496948 0.029706493020057678
v 0.2167031168937683 0.419827401638031 0.017608121037483215
v 0.17726251482963562 0.3091942369937897 -0.03098568320274353
v 0.16900932788848877 0.3048509657382965 -0.04472491145133972
v 0.15745331346988678 0.001481704879552126 -0.16004326939582825
v 0.145845428109169 0.009369287639856339 -0.17345479130744934
v 0.15288546681404114 0.015505874529480934 -0.15962791442871094
v 0.11368188261985779 0.4807302951812744 -0.003889702260494232
v 0.11522194743156433 0.4747297465801239 -0.0327700600028038
v 0.22394074499607086 0.36461007595062256 -0.045290276408195496
v 0.22338713705539703 0.37498897314071655 -0.04163116216659546
v -0.2522871196269989 0.22602859139442444 -0.012791156768798828
v -0.2458038181066513 0.23314496874809265 -0.011061310768127441
v -0.13781677186489105 0.10613030940294266 0.02947138249874115
v -0.14436881244182587 0.09945940226316452 0.017752230167388916
v -0.13671721518039703 0.08994487673044205 0.02532954514026642
v 0.12950582802295685 0.01664138212800026 -0.17690134048461914
v 0.1421796679496765 0.024823429062962532 -0.16685578227043152
v -0.07516852021217346 -0.07236024737358093 0.03330278396606445
v 0.15740986168384552 0.04740550369024277 0.006267659366130829
v 0.1352318972349167 0.4685995876789093 -0.0185248926281929
v 0.13932910561561584 0.4685572683811188 -0.00952272117137909
v 0.14422640204429626 0.4616781771183014 -0.02295120805501938
v 0.11977247893810272 0.30227407813072205 -0.11726640164852142
v 0.13638050854206085 0.29762718081474304 -0.11241485178470612
v 0.10597967356443405 0.23388513922691345 -0.14048153162002563
v 0.09457023441791534 0.2289431095123291 -0.14495161175727844
v 0.09585611522197723 0.24462948739528656 -0.1428946554660797
v 0.18902158737182617 0.005665116477757692 -0.11458219587802887
v 0.1899990737438202 0.009822145104408264 -0.09958389401435852
v -0.07228826731443405 0.08354625850915909 -0.17625382542610168
v -0.2880367040634155 0.26872849464416504 -0.021519288420677185
v -0.14892810583114624 0.3704768717288971 0.059454046189785004
v -0.1538272351026535 0.36199745535850525 0.061979472637176514
v -0.024262694641947746 0.3459721803665161 0.07999972254037857
v -0.03722679615020752 0.3543856739997864 0.0758940726518631
v -0.12079687416553497 0.0328805074095726 -0.1762200891971588
v -0.10771758109331131 0.03065681830048561 -0.18491628766059875
v -0.12083170562982559 0.016434814780950546 -0.18227946758270264
v -0.08606496453285217 0.13407054543495178 -0.16126644611358643
v -0.08315908908843994 0.14241889119148254 -0.16053280234336853
v -0.07474424690008163 0.12914282083511353 -0.1650380790233612
v 0.16432826220989227 0.280353844165802 0.008167020976543427
v 0.04538806527853012 0.14125046133995056 0.10226406902074814
v 0.05611034855246544 0.14600777626037598 0.10237689316272736
v 0.04484183341264725 0.15033529698848724 0.10383766144514084
v -0.23308329284191132 0.29410192370414734 -0.1016504094004631
v -0.01206984557211399 0.3464137315750122 -0.13824337720870972
v -0.25154054164886475 0.28839313983917236 -0.09902112931013107
v 0.07921072840690613 0.43944257497787476 0.04603224992752075
v 0.06479357928037643 0.4354422092437744 0.05072502791881561
v 0.22128906846046448 0.4124475121498108 0.031367480754852295
v 0.22746238112449646 0.4079601466655731 0.02068820595741272
v -0.15465201437473297 0.36827629804611206 0.04366610199213028
v 0.235107421875 0.259097158908844 -0.01738925278186798
v 0.234632208943367 0.2550157308578491 -0.008767902851104736
v -0.19606570899486542 0.2695480287075043 -0.08983825892210007
v -0.20120322704315186 0.2769886553287506 -0.09737850725650787
v -0.18769444525241852 0.27669671177864075 -0.08802341669797897
v -0.15392209589481354 0.43232348561286926 -0.06624908000230789
v -0.16301991045475006 0.4240531325340271 -0.06745435297489166
v -0.16379176080226898 0.4316815435886383 -0.05509476363658905
v 0.1496688574552536 0.08517750352621078 0.02016415446996689
v -0.10303913056850433 0.21755217015743256 -0.15589949488639832
v 0.1486174613237381 0.17196331918239594 -0.09092956781387329
v -0.12408123165369034 0.3571026623249054 -0.12168306857347488
v -0.1124965026974678 0.3602219521999359 -0.12853263318538666
v -0.17530299723148346 0.4148590564727783 -0.07038789242506027
v 0.14528222382068634 0.2792387008666992 -0.09358002245426178
v 0.13921377062797546 0.283957839012146 -0.10990439355373383
v 0.07287758588790894 0.00622173584997654 -0.19939970970153809
v 0.0666220486164093 -0.0018094517290592194 -0.20437154173851013
v 0.06987516582012177 0.039088062942028046 0.07702925056219101
v 0.08263915032148361 0.04581288620829582 0.07353530079126358
v 0.10361636430025101 0.07006984949111938 0.06756141036748886
v 0.09359659254550934 0.06527134776115417 0.07309788465499878
v -0.0728527307510376 0.06490282714366913 0.07481864094734192
v -0.07169555127620697 0.05450696498155594 0.0728004202246666
v -0.17239628732204437 0.38189470767974854 0.03941905498504639
v -0.13050375878810883 0.04235242307186127 0.015949971973896027
v -0.12256298214197159 0.044190630316734314 0.027201376855373383
v -0.13002286851406097 0.05639403313398361 0.02717868983745575
v 0.14873488247394562 0.18671539425849915 0.046940453350543976
v -0.19952306151390076 0.41598981618881226 -0.030374526977539062
v -0.19453775882720947 0.4205300807952881 -0.025453999638557434
v -0.18998117744922638 0.4223232865333557 -0.03761875629425049
v 0.22201913595199585 0.38480520248413086 -0.036388546228408813
v -0.05696883797645569 0.2516706883907318 0.10673096030950546
v -0.0451006144285202 0.24947388470172882 0.1060827225446701
v -0.10528843849897385 0.4053140878677368 -0.11516222357749939
v -0.08232821524143219 0.48801785707473755 -0.01832786202430725
v 0.15779675543308258 0.021286627277731895 0.0054056644439697266
v -0.10701455175876617 0.04713298752903938 0.05100437253713608
v -0.11157294362783432 0.06049714982509613 0.04809892177581787
v -0.11465513706207275 0.04557161405682564 0.0390000194311142
v -0.09129976481199265 0.45159924030303955 -0.08115006238222122
v -0.16293498873710632 0.4085017740726471 0.03876446187496185
v -0.1602822095155716 0.23857218027114868 -0.011144459247589111
v -0.15996171534061432 0.2259872406721115 -0.003091476857662201
v 0.13132387399673462 0.10356305539608002 0.04673156142234802
v -0.23346315324306488 0.33525606989860535 0.011439800262451172
v -0.2265758514404297 0.34179800748825073 0.016935259103775024
v -0.23523356020450592 0.3507254719734192 0.008907750248908997
v 0.3090033531188965 0.33377155661582947 0.022428318858146667
v 0.30342984199523926 0.3386518955230713 0.029419854283332825
v 0.31396597623825073 0.3302021026611328 0.031169921159744263
v 0.023026909679174423 0.23028288781642914 -0.14854013919830322
v 0.0175589919090271 0.23836612701416016 -0.1485857367515564
v -0.28310251235961914 0.31862616539001465 -0.05054067075252533
v -0.10394551604986191 0.22206270694732666 0.09216628223657608
v -0.10678508877754211 0.20902986824512482 0.08671778440475464
v 0.2726867198944092 0.33871638774871826 0.038691163063049316
v 0.2830657660961151 0.33925431966781616 0.03573004901409149
v -0.25775036215782166 0.26882901787757874 -0.10300037264823914
v -0.2493698000907898 0.2777104675769806 -0.10263752192258835
v 0.027316153049468994 0.07669026404619217 -0.17685940861701965
v -0.002479986287653446 0.05208151042461395 0.0849127545952797
v 0.006461260840296745 0.06283507496118546 0.08750278502702713
v -0.1924886405467987 0.4101933240890503 0.019196242094039917
v -0.04077979177236557 0.429695725440979 0.05817592889070511
v -0.052120454609394073 0.41870060563087463 0.05497611314058304
v 0.06843380630016327 0.048890307545661926 -0.18122988939285278
v 0.05972989276051521 0.05132196098566055 -0.1814267933368683
v -0.038360562175512314 0.47943758964538574 -0.05811086297035217
v -0.1480671465396881 0.13958878815174103 0.035472072660923004
v -0.14249534904956818 0.12917369604110718 0.03656405210494995
v -0.14566801488399506 0.14499059319496155 0.04172954708337784
v 0.1434701830148697 0.0249173603951931 0.020497947931289673
v -0.1648964285850525 0.07175491005182266 -0.04527145251631737
v 0.0706944614648819 0.0692475363612175 0.08521781861782074
v 0.1047205775976181 0.13671353459358215 -0.15001419186592102
v 0.0987355038523674 0.12449514865875244 -0.15506431460380554
v 0.09272151440382004 0.1329348236322403 -0.15585526823997498
v 0.18610286712646484 -0.009065206162631512 -0.032960012555122375
v 0.1805400252342224 -0.01320476084947586 -0.020035751163959503
v -0.028346199542284012 0.23780061304569244 -0.15904563665390015
v 0.1362464427947998 0.42971071600914 0.06631813943386078
v 0.14148256182670593 0.3313598036766052 0.07977303862571716
v -0.03725988417863846 0.2882477045059204 -0.1493622362613678
v -0.05286629498004913 0.2748887538909912 -0.14917662739753723
v -0.11852559447288513 0.27854835987091064 -0.12786585092544556
v -0.07164852321147919 0.3407428562641144 0.0746854841709137
v -0.07064086198806763 0.32445332407951355 0.08108428865671158
v 0.12640374898910522 0.21045035123825073 0.08763238787651062
v 0.12619441747665405 0.19522760808467865 0.08435629308223724
v 0.1338706761598587 0.20269694924354553 0.07346034795045853
v 0.023645667359232903 0.18898722529411316 -0.1523035615682602
v 0.033812519162893295 0.18716847896575928 -0.15301884710788727
v 0.023714102804660797 0.1755346804857254 -0.1537511646747589
v -0.09391433745622635 0.29558265209198 -0.15354403853416443
v -0.08530546724796295 0.3026309609413147 -0.15515358746051788
v -0.19946178793907166 0.37713736295700073 -0.0833563581109047
v -0.1962813436985016 0.3883698582649231 -0.08134424686431885
v 0.20064805448055267 0.3736485540866852 0.06553147733211517
v 0.19339163601398468 0.3856657147407532 0.0640907883644104
v 0.18340350687503815 -0.0020668557845056057 -0.027889471501111984
v 0.09067337214946747 0.3988956809043884 -0.11332803219556808
v 0.10462638735771179 0.39510300755500793 -0.10994870215654373
v 0.1440383493900299 0.15356625616550446 -0.10512233525514603
v 0.13878493010997772 0.15647435188293457 -0.11442239582538605
v -0.14554473757743835 0.134954035282135 -0.0811411663889885
v -0.14013373851776123 0.14212772250175476 -0.08896324038505554
v -0.1441803276538849 0.1282622069120407 -0.09221046417951584
v -0.036028988659381866 0.3878155052661896 0.06703341007232666
v -0.2049170732498169 0.31647947430610657 0.017387568950653076
v -0.21211284399032593 0.3097449839115143 0.015318632125854492
v -0.19954288005828857 0.3069615364074707 0.013632625341415405
v -0.15966467559337616 0.2359340637922287 0.016477070748806
v -0.161290243268013 0.2250613272190094 0.02540220320224762
v -0.160505473613739 0.2408011108636856 0.02626747637987137
v -0.1592976152896881 0.24234309792518616 -0.0014608576893806458
v -0.02848431095480919 0.0841955691576004 0.08551161736249924
v -0.15965822339057922 0.13802184164524078 -0.05581426993012428
v -0.16162337362766266 0.12419657409191132 -0.04890026897192001
v -0.16354726254940033 0.002337459474802017 -0.031082823872566223
v -0.15697459876537323 0.01740938052535057 -0.023126866668462753
v -0.039133407175540924 0.019509058445692062 -0.2021535038948059
v -0.17867633700370789 -0.006175665184855461 -0.08933556079864502
v -0.08044171333312988 0.2506272792816162 -0.1548030972480774
v -0.15024369955062866 0.18700134754180908 -0.07908980548381805
v -0.14708158373832703 0.17592953145503998 -0.07812593877315521
v -0.06238086149096489 0.12372893840074539 0.08854982256889343
v -0.06966497749090195 0.1336267590522766 0.08955563604831696
v -0.0778251588344574 0.12962448596954346 0.08668320626020432
v -0.23122404515743256 0.27769118547439575 0.00332815945148468
v -0.0415845587849617 0.27009835839271545 -0.15036316215991974
v -0.14126645028591156 0.4202236831188202 -0.08924199640750885
v -0.14416134357452393 0.43297305703163147 -0.07509367167949677
v 0.16977719962596893 0.31226080656051636 -0.06048779934644699
v 0.1765449345111847 0.3247247040271759 -0.06307072937488556
v -0.15332956612110138 0.1986628770828247 -0.07990740984678268
v -0.14970606565475464 0.2019433081150055 -0.08909502625465393
v -0.14424613118171692 0.2060367614030838 -0.09735263884067535
v -0.14808043837547302 0.19624070823192596 -0.08859337121248245
v 0.16652832925319672 0.092134490609169 -0.08001426607370377
v 0.17058506608009338 0.07950146496295929 -0.08191565424203873
v 0.14451013505458832 0.13451796770095825 -0.11481042206287384
v 0.07890327274799347 0.07794078439474106 -0.1694709062576294
v 0.06235523149371147 0.07993508130311966 -0.17110948264598846
v 0.07789193838834763 0.08662112057209015 -0.16781070828437805
v 0.15334086120128632 0.449319452047348 0.04662525653839111
v 0.1404752880334854 0.44894999265670776 0.047368913888931274
v -0.08219091594219208 0.2710191011428833 -0.15560674667358398
v -0.15980786085128784 0.2309166043996811 0.006981164216995239
v -0.16073057055473328 0.2200888991355896 0.015515819191932678
v -0.16110578179359436 0.21709544956684113 -0.059555452316999435
v -0.15950506925582886 0.20784741640090942 -0.059450045228004456
v -0.16067646443843842 0.21428874135017395 -0.04933924973011017
v 0.09427259862422943 0.4389880299568176 -0.08793384581804276
v 0.07816356420516968 0.4313681423664093 -0.09681423753499985
v 0.25210410356521606 0.31655216217041016 -0.041045188903808594
v 0.2732105851173401 0.3100263476371765 -0.033488839864730835
v 0.28221702575683594 0.30228015780448914 -0.031683459877967834
v 0.2666783332824707 0.30379796028137207 -0.036841511726379395
v 0.23827773332595825 0.3956249952316284 0.02380712330341339
v -0.09385941922664642 0.4317474365234375 0.03163612633943558
v -0.15939167141914368 0.08022603392601013 -0.10622767359018326
v -0.15399447083473206 0.06884731352329254 -0.1164112389087677
v -0.17375163733959198 0.3568378984928131 -0.1067328080534935
v -0.1809646040201187 -0.04500995948910713 -0.10844682902097702
v 0.1527414470911026 0.22674661874771118 0.038950130343437195
v 0.14870405197143555 0.21688443422317505 0.05411369353532791
v 0.15328194200992584 0.2113199532032013 0.03543803095817566
v 0.1629306674003601 0.3150595724582672 -0.021417006850242615
v 0.1651996523141861 0.3304823637008667 -0.020106241106987
v 0.17557652294635773 0.32701343297958374 -0.010638594627380371
v 0.1644628942012787 0.038097083568573 -0.005284056067466736
v 0.2205539494752884 0.3947182893753052 -0.030686140060424805
v -0.23645734786987305 0.3247900605201721 -0.09002727270126343
v -0.2306079864501953 0.3358609676361084 -0.08787765353918076
v 0.17765577137470245 0.4271009564399719 0.05532534420490265
v 0.17673754692077637 0.4199182987213135 0.06051722168922424
v 0.18785007297992706 0.36178892850875854 -0.06423486024141312
v 0.210362046957016 0.36868739128112793 0.06342151761054993
v -0.28915315866470337 0.25832706689834595 -0.09395575523376465
v -0.2804757356643677 0.26880812644958496 -0.09275440871715546
v 0.036356665194034576 0.42520636320114136 0.060369811952114105
v 0.023521946743130684 0.43057361245155334 0.06007903069257736
v 0.15061083436012268 0.04453597962856293 0.01500421017408371
v -0.04429096728563309 0.23139825463294983 0.10378062725067139
v -0.03246607631444931 0.2294919341802597 0.1017005518078804
v -0.038846828043460846 0.2394409030675888 0.10409996658563614
v 0.06326106190681458 0.3589985966682434 0.0816960260272026
v 0.07158374041318893 0.08985770493745804 0.08953289687633514
v -0.049251165241003036 0.37704700231552124 -0.13116882741451263
v -0.05962944030761719 0.37431302666664124 -0.13492682576179504
v -0.06150367110967636 0.3887198865413666 -0.1284070909023285
v -0.16143055260181427 0.33880454301834106 -0.11648472398519516
v -0.15839381515979767 0.3293711841106415 -0.11592848598957062
v -0.16693110764026642 0.326938271522522 -0.10800891369581223
v 0.16630099713802338 0.3335978388786316 0.03962115943431854
v 0.15494801104068756 0.08110842108726501 -0.12229510396718979
v -0.15270523726940155 -0.07205937057733536 -0.0003147199749946594
v -0.13945245742797852 -0.07412897050380707 0.007814228534698486
v -0.13767722249031067 -0.06562860310077667 0.007232338190078735
v 0.12528342008590698 0.4692254662513733 0.021859101951122284
v 0.12571942806243896 0.47228890657424927 0.014522947371006012
v -0.19055262207984924 0.25790902972221375 -0.06440494954586029
v 0.16468803584575653 0.25118139386177063 -0.003164827823638916
v 0.1634448915719986 0.23233643174171448 -0.0038704723119735718
v 0.16579678654670715 0.24649183452129364 -0.013076677918434143
v 0.04542163014411926 0.2415277361869812 0.11433405429124832
v 0.05595513433218002 0.2284892499446869 0.11438648402690887
v -0.21712900698184967 0.3835456967353821 -0.0642876923084259
v -0.1111910343170166 0.23055623471736908 0.09099304676055908
v -0.1580566167831421 0.1905350685119629 -0.04960436373949051
v -0.1600152850151062 0.2083756923675537 -0.04936777800321579
v -0.21992290019989014 0.22439630329608917 -0.0629672184586525
v -0.15911294519901276 0.11088260263204575 -0.0035249143838882446
v -0.16122016310691833 0.11686645448207855 -0.013708904385566711
v 0.15665295720100403 0.45737338066101074 0.025606349110603333
v 0.14243105053901672 0.36464133858680725 0.07238905131816864
v -0.11585985124111176 0.2183288037776947 -0.1383112668991089
v -0.1121281087398529 0.22071143984794617 -0.14821068942546844
v 0.16925732791423798 0.2954866886138916 -0.010103195905685425
v 0.1683712601661682 0.29268208146095276 -0.01882871985435486
v -0.15545909106731415 0.034744326025247574 -0.027577057480812073
v 0.09354611486196518 0.10876376926898956 0.08334556967020035
v 0.08312512189149857 0.10447975993156433 0.08789307624101639
v -0.16736675798892975 0.060015201568603516 -0.0640096664428711
v -0.16967526078224182 0.04437306523323059 -0.06788988411426544
v 0.19298602640628815 0.006971676368266344 -0.07277882099151611
v 0.13295164704322815 0.12171673029661179 -0.13822561502456665
v 0.12779083847999573 0.13038437068462372 -0.13889488577842712
v 0.1363060027360916 0.1259945034980774 -0.13179351389408112
v -0.14050611853599548 0.2545337677001953 -0.11249925196170807
v -0.14813299477100372 0.24927881360054016 -0.10605303943157196
v -0.15014496445655823 0.26335999369621277 -0.10519818961620331
v 0.0025591738522052765 0.21778686344623566 -0.15359264612197876
v 0.01204637996852398 0.03589029982686043 -0.1936701238155365
v -0.09513664245605469 0.06035805121064186 -0.1755034327507019
v -0.0027647409588098526 0.45749399065971375 -0.0765276625752449
v -0.00949220173060894 0.46472975611686707 -0.07117316871881485
v 0.0036676404997706413 0.46676287055015564 -0.06929844617843628
v -0.011461373418569565 0.371468186378479 0.07463810592889786
v -0.0181110929697752 0.051211968064308167 0.08370225876569748
v 0.17079415917396545 0.3231546878814697 -0.07474246621131897
v 0.15729542076587677 0.3247047960758209 -0.07570680230855942
v 0.026801861822605133 -0.010348033159971237 0.07288627326488495
v -0.12547369301319122 0.3627072870731354 0.05132901668548584
v -0.1143033504486084 0.36010777950286865 0.05302717536687851
v -0.11720303446054459 0.3712315559387207 0.04913654178380966
v 0.10897555947303772 0.31972673535346985 0.08644551783800125
v 0.14503604173660278 0.3151963949203491 0.04781784117221832
v 0.15467816591262817 0.32102787494659424 0.0440407395362854
v 0.07173774391412735 0.19383253157138824 0.11143989115953445
v 0.15398992598056793 0.06205647066235542 0.013889968395233154
v -0.13337713479995728 0.2781958281993866 0.06943480670452118
v -0.12414374947547913 0.2773696482181549 0.07555411010980606
v -0.13351388275623322 0.29172825813293457 0.06591394543647766
v 0.1591060757637024 0.3162224292755127 -0.004727676510810852
v 0.1602173000574112 0.3259738087654114 0.004437267780303955
v -0.13271118700504303 0.12127818167209625 0.042040303349494934
v -0.12457753717899323 0.12480217963457108 0.050739482045173645
v -0.13464336097240448 0.1327941119670868 0.04562372714281082
v -0.09808292984962463 0.1823817491531372 0.09209289401769638
v -0.10506729781627655 0.19421543180942535 0.08526408672332764
v -0.10444985330104828 0.17809775471687317 0.08346445113420486
v -0.2963092625141144 0.23777538537979126 -0.01827344298362732
v -0.29187995195388794 0.24633750319480896 -0.0188906192779541
v -0.08367300033569336 0.05407265946269035 -0.18250006437301636
v 0.17231059074401855 0.43563246726989746 -0.03480307012796402
v 0.17645496129989624 0.43604880571365356 -0.027817264199256897
v 0.18033523857593536 0.428447961807251 -0.035143375396728516
v 0.008345258422195911 0.36935120820999146 0.07732138782739639
v -0.0007608998566865921 0.3799026608467102 0.0737532451748848
v 0.13074320554733276 0.4605565369129181 0.03538380563259125
v -0.06280966103076935 0.27016204595565796 -0.14895987510681152
v 0.2015199214220047 0.2869170010089874 0.002502933144569397
v 0.09984856843948364 -0.056232184171676636 0.039393916726112366
v -0.1508006602525711 0.11535635590553284 -0.08579140901565552
v 0.15553340315818787 -0.04338092729449272 0.013478495180606842
v 0.3027179539203644 0.32301563024520874 0.020814567804336548
v 0.16117218136787415 0.23213781416416168 -0.040873631834983826
v 0.16362924873828888 0.24085399508476257 -0.03121669963002205
v 0.1627269834280014 0.2238815277814865 -0.033192962408065796
v -0.27459031343460083 0.28523537516593933 -0.08710967749357224
v 0.10646310448646545 0.2836650311946869 -0.13156217336654663
v 0.0974242091178894 0.28699585795402527 -0.13743281364440918
v -0.1701938956975937 0.034994300454854965 -0.06241218000650406
v -0.14735326170921326 0.3337532877922058 -0.11299169063568115
v 0.03254740685224533 0.43786659836769104 0.05541110783815384
v 0.031495653092861176 0.4520404636859894 0.05496212840080261
v 0.015318339690566063 0.4386793375015259 0.06274939328432083
v -0.026923034340143204 0.4925417900085449 -0.04172196239233017
v -0.022297453135252 0.48637038469314575 -0.05020119994878769
v -0.028708793222904205 0.48273545503616333 -0.05396488308906555
v -0.021124444901943207 -0.05718813091516495 0.05470017343759537
v 0.1284184604883194 0.390209823846817 -0.09627556800842285
v -0.12801042199134827 0.39924994111061096 -0.107760950922966
v 0.03330140560865402 0.46967506408691406 -0.06749847531318665
v 0.0236581489443779 0.4607104957103729 -0.07422155886888504
v 0.06236352398991585 0.07116732746362686 -0.17410214245319366
v -0.22212174534797668 0.38678795099258423 -0.05376648157835007
v -0.2283358871936798 0.3272704780101776 0.014999791979789734
v -0.2321016937494278 0.3117184638977051 0.010492250323295593
v 0.17042391002178192 0.07185059040784836 -0.022813163697719574
v 0.1749745011329651 0.05906011909246445 -0.033607035875320435
v 0.11887398362159729 0.23694784939289093 -0.12147659063339233
v 0.25906920433044434 0.34584254026412964 0.046437203884124756
v 0.25290966033935547 0.35311460494995117 0.0473429411649704
v 0.2466214895248413 0.35186767578125 0.053164198994636536
v 0.1520209163427353 0.1291029155254364 0.013156399130821228
v 0.1554635763168335 0.13526089489459991 0.0038089752197265625
v 0.005730670876801014 0.07986730337142944 0.09001924097537994
v 0.16052621603012085 0.3009672164916992 0.029188938438892365
v 0.08268040418624878 0.061152007430791855 0.07776118069887161
v 0.09100179374217987 0.05128161981701851 0.07085086405277252
v 0.15508121252059937 0.454721599817276 -0.023494325578212738
v 0.12008477747440338 0.22087721526622772 -0.1250903606414795
v 0.11415157467126846 0.22757750749588013 -0.13343414664268494
v -0.07924196869134903 0.4322698712348938 0.03817426413297653
v -0.06760051846504211 0.426412969827652 0.04586508125066757
v 0.21121154725551605 0.3405437767505646 -0.056694984436035156
v 0.15180844068527222 0.10284418612718582 -0.12014006823301315
v 0.09292197972536087 0.1589348316192627 -0.1518383026123047
v 0.18665184080600739 0.03736979514360428 -0.07868407666683197
v -0.16666840016841888 0.3354581594467163 -0.1008625477552414
v -0.15446633100509644 0.3248867094516754 -0.09817208349704742
v 0.18327872455120087 0.39375829696655273 -0.05569934844970703
v 0.18072661757469177 0.0514899417757988 -0.08873790502548218
v 0.18460483849048615 0.04493695870041847 -0.07660035789012909
v 0.1852526068687439 0.0364404059946537 -0.0925532877445221
v -0.15654924511909485 0.16259118914604187 -0.05048135668039322
v 0.07570801675319672 0.2604067921638489 -0.14260876178741455
v 0.08441099524497986 0.27807193994522095 -0.14221325516700745
v -0.15165548026561737 0.17860360443592072 -0.06859975308179855
v -0.15551985800266266 0.1957891583442688 -0.0700780525803566
v 0.17758704721927643 0.4068896174430847 0.06534180045127869
v 0.1888163834810257 0.41700980067253113 0.059249505400657654
v 0.11366051435470581 0.12478000670671463 0.07279519736766815
v -0.002217938657850027 -0.006956600584089756 -0.2081507295370102
v 0.16226276755332947 0.013963032513856888 -0.15343724191188812
v 0.18042421340942383 0.3741602301597595 -0.06577223539352417
v -0.1098228394985199 0.295555979013443 0.0787544846534729
v -0.10522367805242538 0.3027886152267456 0.07845208793878555
v -0.08575832843780518 0.3678772449493408 -0.137030690908432
v -0.10019569844007492 0.363277792930603 -0.13330397009849548
v -0.14050382375717163 0.14001400768756866 -0.11939304322004318
v -0.14154043793678284 0.13611677289009094 -0.10990763455629349
v 0.2313607782125473 0.3989124298095703 0.032149896025657654
v 0.2409956306219101 0.38535165786743164 0.03331337869167328
v -0.15986159443855286 0.19969485700130463 -0.038798119872808456
v 0.12307257950305939 0.2891955077648163 -0.11517810076475143
v -0.13898858428001404 0.15746641159057617 -0.08687326312065125
v -0.14439204335212708 0.16524982452392578 -0.07749024778604507
v 0.1571798473596573 0.34010380506515503 0.025685027241706848
v -0.12201667577028275 0.1950758993625641 -0.1333877146244049
v 0.10502974689006805 0.4058429002761841 -0.10506138950586319
v 0.0616074800491333 0.11030583828687668 -0.16587671637535095
v 0.06261003017425537 0.11654069274663925 -0.16395345330238342
v 0.0774809792637825 0.1094084158539772 -0.1663544774055481
v 0.13049276173114777 0.4486083388328552 -0.06143217533826828
v 0.13800106942653656 0.4464567005634308 -0.05671045184135437
v 0.13249731063842773 0.43699413537979126 -0.06979413330554962
v -0.17552125453948975 0.003916202113032341 -0.10715040564537048
v 0.009383272379636765 0.0913780927658081 -0.17356328666210175
v -0.0006085643544793129 0.09552090615034103 -0.1696453094482422
v 0.09168669581413269 0.4710386395454407 0.019638262689113617
v 0.09555105119943619 0.46441999077796936 0.02657976746559143
v 0.10014016181230545 0.07940822839736938 -0.16262367367744446
v 0.08672165125608444 0.07172056287527084 -0.16928359866142273
v -0.23986726999282837 0.29048609733581543 0.004616394639015198
v -0.23053249716758728 0.2903139889240265 0.007659837603569031
v -0.16294324398040771 0.02024099975824356 -0.03525290638208389
v -0.12390683591365814 0.3170167803764343 0.06177668273448944
v 0.1890922635793686 0.33313077688217163 -0.051469579339027405
v 0.2010534703731537 0.3184416890144348 -0.05351783335208893
v 0.14027509093284607 0.14904354512691498 0.046905167400836945
v 0.14146488904953003 0.06408154964447021 -0.14637455344200134
v 0.1586167812347412 0.2641649842262268 -0.06591090559959412
v 0.15177206695079803 0.2564212381839752 -0.07373114675283432
v -0.007115105167031288 0.2090156376361847 0.09723396599292755
v -0.006197759881615639 0.19127729535102844 0.09529396891593933
v 0.23369739949703217 0.3132871091365814 0.06071875989437103
v -0.21837776899337769 0.22916242480278015 -0.07180078327655792
v -0.21360798180103302 0.23273073136806488 -0.06155423820018768
v -0.0650506466627121 0.41249507665634155 -0.11524663120508194
v -0.06718667596578598 0.425203412771225 -0.10593298822641373
v -0.22946736216545105 0.385223388671875 -0.0032893121242523193
v -0.22076663374900818 0.39835888147354126 -0.0042220354080200195
v -0.2565212845802307 0.29106488823890686 0.0018392205238342285
v -0.05732416734099388 -0.08148880302906036 0.036821238696575165
v -0.07440879195928574 -0.08099507540464401 0.03212033957242966
v 0.2390262484550476 0.30510830879211426 -0.04583162069320679
v 0.07147368788719177 0.07923329621553421 0.08720766752958298
v -0.03417964279651642 0.07565507292747498 -0.1793307363986969
v 0.07712751626968384 0.17989026010036469 0.10949048399925232
v -0.18752017617225647 0.26276952028274536 -0.07311734557151794
v -0.14166198670864105 0.0034518269822001457 0.0011075809597969055
v 0.14879679679870605 0.06800342351198196 0.021514475345611572
v 0.2133064717054367 0.4141889810562134 0.04147957265377045
v 0.20201638340950012 0.4259721338748932 0.039751917123794556
v 0.032282717525959015 0.3040323555469513 0.10165753960609436
v -0.17813432216644287 0.2723887264728546 -0.03397742658853531
v -0.13372275233268738 0.4377431273460388 -0.07723701745271683
v -0.17305812239646912 -0.011678729206323624 -0.12058153003454208
v -0.1725282073020935 0.0011760550551116467 -0.11757391691207886
v -0.15826751291751862 0.31369563937187195 -0.09212914109230042
v -0.1250355988740921 0.33061206340789795 0.058892443776130676
v -0.13340717554092407 0.330211877822876 0.06286357343196869
v -0.14178268611431122 0.04209468886256218 -0.15279832482337952
v -0.22912076115608215 0.213137686252594 -0.04865807294845581
v -0.12574338912963867 0.1364433914422989 0.053578510880470276
v 0.15011903643608093 0.3023606538772583 0.03993111848831177
v 0.14790178835391998 0.29512062668800354 0.04980462044477463
v 0.15271294116973877 0.29296189546585083 0.035281747579574585
v -0.09361618012189865 0.27271315455436707 0.09647586196660995
v -0.0873841792345047 0.2649564743041992 0.10161656886339188
v 0.16595788300037384 0.10009648650884628 -0.06466399133205414
v 0.16290640830993652 0.11413189023733139 -0.06420335173606873
v 0.16456948220729828 0.10964708775281906 -0.05034075304865837
v 0.15074047446250916 0.4104854464530945 -0.07481436431407928
v 0.1461377739906311 0.4216364622116089 -0.07139214873313904
v -0.03490059822797775 0.3113138675689697 0.09077945351600647
v -0.023356175050139427 0.30429545044898987 0.09389439225196838
v -0.17693769931793213 0.42310595512390137 -0.05403435230255127
v 0.04265391826629639 0.41850972175598145 -0.10225379467010498
v 0.029889309778809547 0.4087478220462799 -0.10630927234888077
v 0.02924760803580284 0.4243878126144409 -0.09776444733142853
v 0.11930229514837265 0.0943162813782692 -0.14971086382865906
v 0.13343358039855957 0.10117480158805847 -0.14413535594940186
v -0.09752538055181503 0.1972857415676117 0.09512168169021606
v -0.1828131526708603 0.3783456087112427 -0.09359253942966461
v -0.20508873462677002 0.41343173384666443 -0.034269511699676514
v 0.09775043278932571 0.03358864039182663 0.0623960867524147
v 0.09474220871925354 0.043336011469364166 0.0667516440153122
v 0.08536399900913239 0.031301405280828476 0.06824050098657608
v 0.13427957892417908 0.2781364917755127 0.08510148525238037
v 0.22903911769390106 0.40894752740859985 0.007738023996353149
v 0.24027642607688904 0.39769721031188965 0.01160779595375061
v 0.23002295196056366 0.4071374833583832 0.0015206336975097656
v 0.012696326710283756 0.2496124505996704 0.10523945093154907
v 0.023101288825273514 0.2529260218143463 0.10870187729597092
v -0.1752648949623108 0.022618815302848816 -0.08514320105314255
v 0.040933139622211456 0.4652712941169739 0.0458238422870636
v -0.1937093883752823 0.3261576294898987 -0.09731829911470413
v -0.19378848373889923 0.3355919122695923 -0.09542804211378098
v -0.1529730260372162 0.1497940868139267 0.03354783356189728
v -0.09272018074989319 0.4324595034122467 -0.09905213862657547
v -0.13179504871368408 0.45862919092178345 -0.007368624210357666
v -0.19174079596996307 0.40625396370887756 -0.07144729048013687
v -0.19412603974342346 0.4012426733970642 -0.07466885447502136
v -0.1973090022802353 0.4058573246002197 -0.06121587008237839
v -0.08953070640563965 0.35292643308639526 -0.14201220870018005
v -0.17586317658424377 0.271411657333374 -0.027290821075439453
v -0.20112116634845734 0.31136125326156616 -0.09968952089548111
v -0.0725710466504097 0.3916624188423157 -0.12744370102882385
v -0.08415212482213974 0.390512079000473 -0.1275331974029541
v -0.19981171190738678 0.26830950379371643 -0.006758734583854675
v -0.1931261569261551 0.2789844870567322 -0.006425246596336365
v 0.09252388775348663 0.43880730867385864 0.047122396528720856
v 0.14788579940795898 0.40179717540740967 -0.08349113166332245
v -0.05372856557369232 0.16271531581878662 0.09669805318117142
v -0.04549339786171913 0.16875667870044708 0.09701652079820633
v -0.09405052661895752 0.30903565883636475 0.08111691474914551
v -0.14160138368606567 0.36212173104286194 0.05838418006896973
v -0.13398143649101257 0.36811363697052 0.05289917439222336
v -0.025833742693066597 0.21998561918735504 0.09952044486999512
v -0.057905495166778564 0.2841626703739166 0.09884314239025116
v -0.0460125133395195 0.2836863696575165 0.09953808039426804
v -0.11091101169586182 0.08056122809648514 -0.16252614557743073
v 0.032419245690107346 0.4976326823234558 -0.03200586885213852
v 0.04336114227771759 0.492902934551239 -0.037049807608127594
v 0.1363917738199234 0.08169398456811905 -0.14230161905288696
v 0.1367456465959549 0.09249047189950943 -0.1414361298084259
v -0.2686561942100525 0.26977506279945374 -0.09950027614831924
v -0.2719074487686157 0.27778246998786926 -0.09373912960290909
v 0.09025546908378601 0.3879236876964569 -0.11800852417945862
v 0.11699457466602325 0.1352844089269638 -0.14460624754428864
v -0.08444881439208984 0.3541564643383026 0.06606888025999069
v -0.1839197427034378 0.4231814742088318 -0.0452636256814003
v 0.14699186384677887 0.21785004436969757 -0.09578394889831543
v -0.1217508390545845 0.4659689962863922 -0.0357380136847496
v -0.15685570240020752 0.11787444353103638 0.006031356751918793
v 0.1748901754617691 0.34450089931488037 -0.05193089693784714
v -0.13285622000694275 0.018369976431131363 -0.1719420850276947
v -0.08378873020410538 0.1229780986905098 -0.16380219161510468
v -0.16656427085399628 0.08630191534757614 -0.044882699847221375
v -0.16506990790367126 0.09430554509162903 -0.0487138032913208
v -0.16580340266227722 0.08851863443851471 -0.055994004011154175
v -0.05859678238630295 0.3270430862903595 0.08213890343904495
v 0.14894318580627441 0.24822330474853516 -0.08315540850162506
v -0.16068719327449799 0.19905464351177216 -0.021994218230247498
v -0.16070859134197235 0.1916733831167221 -0.01323629915714264
v 0.040403299033641815 0.4739465117454529 -0.06322664767503738
v 0.05289987102150917 0.4796690344810486 -0.05475027114152908
v 0.024149470031261444 0.14977337419986725 -0.15715104341506958
v 0.19297121465206146 0.43789952993392944 0.009432971477508545
v 0.19250521063804626 0.4388590157032013 0.0215083509683609
v 0.19872821867465973 0.4348384737968445 0.01854775846004486
v 0.16625471413135529 0.08472108095884323 -0.09411519765853882
v -0.14802363514900208 0.16254349052906036 -0.0681464672088623
v -0.058193523436784744 0.443397581577301 -0.09082165360450745
v -0.1567535102367401 0.2983502745628357 0.04908641427755356
v -0.04049094393849373 0.393955796957016 -0.12000055611133575
v -0.2005186676979065 0.40202596783638 -0.0655323937535286
v -0.13333316147327423 0.005856005474925041 -0.17621615529060364
v 0.0587533600628376 0.471549391746521 0.027946770191192627
v 0.051597848534584045 0.4695729613304138 0.0348019078373909
v -0.15996094048023224 0.28816038370132446 0.04803522676229477
v -0.013605301268398762 0.11696241796016693 0.09087510406970978
v 0.02195701003074646 0.33234474062919617 -0.14088454842567444
v 0.032664403319358826 0.3411843776702881 -0.13704243302345276
v 0.2076532244682312 0.38104528188705444 0.06337547302246094
v 0.20026056468486786 0.3933119773864746 0.062232211232185364
v -0.0977248102426529 0.3802764415740967 0.0515110045671463
v -0.08643674105405807 0.38003745675086975 0.05554025620222092
v -0.09054195880889893 0.38978877663612366 0.05049460381269455
v -0.09116092324256897 0.36739489436149597 0.058686837553977966
v 0.03948375582695007 0.03781253844499588 -0.18993651866912842
v 0.04761040583252907 0.0438905693590641 -0.18620355427265167
v 0.1355350911617279 0.07401064038276672 -0.1452542245388031
v 0.1458003968000412 0.07308124750852585 -0.1367126703262329
v 0.04483281821012497 0.29729533195495605 -0.14094433188438416
v 0.034010373055934906 0.2881183624267578 -0.14371106028556824
v 0.10485094040632248 0.30575811862945557 -0.12645885348320007
v 0.09345021098852158 0.30927303433418274 -0.13596200942993164
v 0.10153006762266159 0.31715142726898193 -0.12729978561401367
v 0.011400842107832432 0.3059370219707489 -0.14357423782348633
v 0.001551380380988121 0.29772019386291504 -0.14987769722938538
v -0.10324741154909134 0.33040305972099304 -0.13702529668807983
v -0.17542950809001923 -0.055019281804561615 -0.03856870159506798
v -0.19102129340171814 0.36049216985702515 -0.09124908596277237
v -0.007780356332659721 0.24508024752140045 -0.1562897264957428
v -0.22619670629501343 0.2147512286901474 -0.05935060977935791
v -0.23161622881889343 0.2068517804145813 -0.05602816492319107
v 0.011961771175265312 -0.06562431901693344 0.05659604072570801
v -0.15715131163597107 0.27557849884033203 0.008660338819026947
v -0.16095131635665894 0.2835322320461273 -0.00048084557056427
v -0.0849192887544632 0.13961036503314972 0.08694146573543549
v -0.0921521708369255 0.13414104282855988 0.08256055414676666
v -0.2285803258419037 0.36592167615890503 0.01210448145866394
v -0.2046019732952118 0.38578903675079346 -0.07521859556436539
v -0.2020561248064041 0.3970099091529846 -0.0695662796497345
v -0.17606066167354584 0.27691254019737244 -0.008584126830101013
v 0.13421984016895294 0.26316508650779724 0.08389322459697723
v -0.17456839978694916 0.35950303077697754 0.034135401248931885
v 0.14367085695266724 0.41796228289604187 0.07224088907241821
v -0.036432698369026184 0.21412645280361176 0.10063021630048752
v -0.15564411878585815 0.3840128779411316 -0.10396461933851242
v 0.19241221249103546 -0.03211840242147446 -0.04434772580862045
v -0.09449100494384766 0.0705723762512207 -0.17195194959640503
v -0.08359310775995255 0.06440287828445435 -0.1782301962375641
v 0.19910785555839539 -0.028136856853961945 -0.08198413252830505
v -0.17103904485702515 0.04106786102056503 -0.07829393446445465
v 0.17405012249946594 0.373107373714447 0.07222212851047516
v -0.1529655158519745 0.07845306396484375 -0.004722177982330322
v -0.15038026869297028 0.09267303347587585 0.005981169641017914
v -0.15840572118759155 0.09508593380451202 -0.0074541568756103516
v -0.011453479528427124 0.3382466435432434 -0.14088821411132812
v -0.0035994723439216614 0.12159320712089539 0.09300906956195831
v 0.0060627516359090805 0.11659348011016846 0.09444364160299301
v 0.005293036345392466 0.13538506627082825 0.09575504064559937
v -0.09471350908279419 0.3202092945575714 -0.14576026797294617
v -0.10977880656719208 0.31798604130744934 -0.13469551503658295
v -0.15540559589862823 0.10177716612815857 0.0017733648419380188
v -0.15435664355754852 0.11121104657649994 0.007846944034099579
v -0.20327255129814148 0.34172841906547546 -0.094824880361557
v -0.19700908660888672 0.3511129319667816 -0.09271936118602753
v -0.10920825600624084 0.15721198916435242 0.07419846206903458
v -0.10400480777025223 0.16220888495445251 0.08146334439516068
v -0.11114475876092911 0.17413155734539032 0.07508957386016846
v 0.29046255350112915 0.32008689641952515 0.043743908405303955
v 0.2932749390602112 0.30952954292297363 0.04712188243865967
v 0.3039884567260742 0.32390451431274414 0.04452285170555115
v 0.1877186894416809 0.38159021735191345 -0.0555228516459465
v -0.08328127861022949 0.07404956221580505 -0.17520460486412048
v -0.053649723529815674 0.43395131826400757 0.0507989302277565
v -0.18809211254119873 0.26471027731895447 -0.017884433269500732
v 0.22490352392196655 0.2948451340198517 -0.04194082319736481
v 0.21174444258213043 0.2948039770126343 -0.040419355034828186
v -0.13943986594676971 0.03678106144070625 0.0007391124963760376
v -0.29814213514328003 0.3051358461380005 -0.034300655126571655
v 0.12010432034730911 0.47770246863365173 0.0006980001926422119
v 0.11401966214179993 0.09687840193510056 -0.15196317434310913
v 0.10578462481498718 0.10013182461261749 -0.15674343705177307
v 0.19247391819953918 0.29674750566482544 0.017809733748435974
v 0.18346448242664337 0.3031783699989319 0.009644046425819397
v -0.10739012062549591 0.013984652236104012 -0.1909433752298355
v -0.1531398445367813 0.09627940505743027 -0.10942521691322327
v 0.2343471348285675 0.3226630687713623 0.06134401261806488
v 0.2454090714454651 0.3177690804004669 0.060312122106552124
v 0.23780973255634308 0.2626795768737793 0.0443192720413208
v 0.1654420644044876 0.4090026617050171 0.06513626873493195
v 0.16483217477798462 0.399711012840271 0.06722737848758698
v 0.01446744054555893 0.4230978786945343 0.06382977217435837
v 0.2863233983516693 0.28639689087867737 -0.03290770947933197
v 0.27159932255744934 0.28880229592323303 -0.03668774664402008
v 0.12300051748752594 0.37228357791900635 0.0742625892162323
v 0.1254982203245163 0.35816580057144165 0.07900004088878632
v 0.17466366291046143 0.31176820397377014 0.004089802503585815
v 0.001023183111101389 0.07037588208913803 -0.18051543831825256
v 0.010337290354073048 0.0662895068526268 -0.18117955327033997
v 0.1298588067293167 0.05386138707399368 0.04105730354785919
v 0.17566776275634766 0.4469074010848999 -0.0034788399934768677
v 0.12432799488306046 0.07463835924863815 -0.15295454859733582
v 0.12998923659324646 0.06456555426120758 -0.1540994793176651
v 0.19095179438591003 0.4359325170516968 0.03257152438163757
v 0.05443935841321945 0.42617449164390564 -0.0997609868645668
v 0.05508378893136978 0.4098666310310364 -0.10876856744289398
v -0.10720153152942657 0.47401127219200134 -0.014135971665382385
v 0.03194064646959305 0.4374079406261444 -0.09011449664831161
v 0.1365101933479309 -0.02983195148408413 0.023351289331912994
v -0.13991649448871613 0.11857742816209793 0.032600514590740204
v 0.19956618547439575 0.4139331579208374 -0.033183157444000244
v 0.20321674644947052 0.4192652106285095 -0.022626936435699463
v -0.12235336750745773 0.20065830647945404 -0.12008592486381531
v 0.052474744617938995 0.15037062764167786 -0.15934020280838013
v 0.08403590321540833 0.373816579580307 -0.12314778566360474
v 0.04408477991819382 0.08620842546224594 0.09395775943994522
v 0.034654341638088226 0.08154681324958801 0.0935596376657486
v 0.04346030578017235 0.07622881233692169 0.09243898838758469
v 0.13440704345703125 0.4062703847885132 -0.08642153441905975
v -0.003783751279115677 0.37635621428489685 -0.12277711182832718
v 0.023217298090457916 0.2976260483264923 -0.14461565017700195
v 0.021698419004678726 0.3432484269142151 -0.1369885504245758
v 0.1358979046344757 0.13815288245677948 0.04990950971841812
v -0.11928728222846985 0.29011642932891846 0.0741080716252327
v 0.12603162229061127 0.1401115208864212 -0.13667592406272888
v -0.08780630677938461 0.2863953113555908 0.09290419518947601
v -0.14738336205482483 -0.01819627359509468 -0.16421134769916534
v -0.030157700181007385 -0.048157788813114166 0.05483908951282501
v -0.030792739242315292 0.41679647564888 -0.10499943792819977
v 0.021744761615991592 0.2802773118019104 0.10615396499633789
v 0.010687236674129963 0.2856729030609131 0.10226724296808243
v 0.22087278962135315 0.31495779752731323 -0.04815800487995148
v 0.21293896436691284 0.30390650033950806 -0.04675230383872986
v 0.21042369306087494 0.31700485944747925 -0.04943883419036865
v -0.11301066726446152 0.019971847534179688 0.037966400384902954
v -0.10698610544204712 0.026732277125120163 0.04518889635801315
v -0.11448408663272858 0.03278794139623642 0.03896389156579971
v -0.06188534200191498 0.1394927203655243 0.09191933274269104
v 0.19409869611263275 0.2947467267513275 -0.006568774580955505
v 0.18757033348083496 0.29780739545822144 0.0010479986667633057
v 0.06485052406787872 0.31886133551597595 0.09752455353736877
v -0.2458679974079132 0.3496694266796112 -0.06382906436920166
v -0.24639679491519928 0.341132789850235 -0.07170730829238892
v 0.1484885960817337 0.12352929264307022 -0.1137077808380127
v 0.16957974433898926 0.3007233440876007 -0.028818249702453613
v 0.16923221945762634 0.42537960410118103 0.059807613492012024
v -0.15030282735824585 0.2274102419614792 0.06508748233318329
v -0.14141982793807983 0.22269387543201447 0.07173570245504379
v -0.14301396906375885 0.23753872513771057 0.07193620502948761
v -0.1407226026058197 0.006613241508603096 -0.1667255461215973
v -0.11169657111167908 0.18000610172748566 -0.1533082127571106
v -0.11637954413890839 0.17054009437561035 -0.15080711245536804
v 0.1706729680299759 0.3754286468029022 0.06399105489253998
v -0.14864996075630188 0.007333486806601286 -0.15779322385787964
v 0.020195214077830315 0.3305169343948364 0.09038364142179489
v 0.03096550889313221 0.33258914947509766 0.0909050703048706
v 0.019679628312587738 0.3373522162437439 0.08805295825004578
v 0.1679166704416275 0.3200177550315857 -0.03147612512111664
v -0.10508972406387329 0.2785959541797638 -0.1423623263835907
v 0.053726471960544586 0.11013885587453842 0.09680953621864319
v 0.05417472496628761 0.1294156163930893 0.099802665412426
v 0.044209279119968414 0.11550823599100113 0.09804800897836685
v 0.2392650842666626 0.25196170806884766 -0.012651979923248291
v 0.15796737372875214 0.3516749143600464 0.0638604611158371
v 0.16635780036449432 0.35333317518234253 0.0579351931810379
v 0.16500912606716156 0.35737836360931396 0.06996871531009674
v 0.0366102010011673 -0.045829687267541885 0.05972985178232193
v -0.0528855100274086 0.393279105424881 0.061886273324489594
v 0.16035841405391693 0.20771260559558868 -0.04307429492473602
v 0.1621159017086029 0.20128408074378967 -0.026208922266960144
v 0.06905227154493332 0.4927687346935272 -0.022397413849830627
v -0.10089503228664398 0.2879323363304138 -0.1489318311214447
v 0.2350645810365677 0.29100501537323 -0.04187668859958649
v 0.22614502906799316 0.30503565073013306 -0.04597926139831543
v -0.07830139994621277 0.4103691279888153 0.04870443046092987
v 0.16694261133670807 0.2869044542312622 -0.06198733672499657
v -0.022507809102535248 0.151264488697052 -0.1664944440126419
v -0.02089446783065796 0.13961005210876465 -0.16846317052841187
v -0.21192272007465363 0.4079497456550598 -0.004374027252197266
v 0.033757537603378296 0.17725810408592224 -0.1543821096420288
v 0.29501450061798096 0.2955409288406372 -0.02828635275363922
v 0.2926936149597168 0.30612149834632874 -0.025224432349205017
v -0.2399207204580307 0.2808883488178253 -0.10382817685604095
v 0.09022480249404907 0.39893800020217896 0.06411497294902802
v -0.15558980405330658 0.3574357032775879 -0.11713927239179611
v -0.14965200424194336 0.36188703775405884 -0.11243404448032379
v 0.14344242215156555 0.342955082654953 0.07502992451190948
v 0.036408424377441406 0.11101876944303513 -0.1711151897907257
v -0.16137143969535828 0.1129523441195488 -0.050325844436883926
v -0.16154862940311432 0.12150008976459503 -0.041254810988903046
v 0.08602316677570343 0.48422327637672424 -0.036968059837818146
v 0.1922856718301773 0.43564867973327637 -0.0040006935596466064
v 0.19268250465393066 0.4328303337097168 -0.009913653135299683
v 0.07762929797172546 0.2039164900779724 0.113256074488163
v 0.08841041475534439 0.20809468626976013 0.11182371526956558
v 0.07534579932689667 0.2195752114057541 0.11508479714393616
v 0.2925823926925659 0.32372915744781494 0.010655462741851807
v 0.14312554895877838 0.45202651619911194 -0.04399973154067993
v 0.23836009204387665 0.2710789144039154 -0.03337515890598297
v 0.2807598114013672 0.33887141942977905 0.00567491352558136
v -0.07474149763584137 0.20579667389392853 0.10244860500097275
v 0.15251262485980988 0.40153753757476807 0.06678111851215363
v 0.1521281599998474 0.3875461220741272 0.06834079325199127
v 0.29052722454071045 0.3192983865737915 -0.009930536150932312
v -0.15968626737594604 0.18411961197853088 0.03080572932958603
v -0.14289771020412445 0.17913801968097687 -0.08697211742401123
v -0.15683582425117493 0.0026369187980890274 -0.14913006126880646
v -0.30028635263442993 0.29442769289016724 -0.054121583700180054
v 0.11053341627120972 0.12467028200626373 -0.14869366586208344
v 0.11962863057851791 0.12754064798355103 -0.14478205144405365
v 0.11666955798864365 0.11381310969591141 -0.14674776792526245
v -0.07192965596914291 0.09022679179906845 -0.17502863705158234
v 0.07273133844137192 0.2346985638141632 0.11648639291524887
v 0.06411440670490265 0.22319352626800537 0.11413490027189255
v -0.033418573439121246 0.13189181685447693 0.09053229540586472
v -0.11899052560329437 0.39658352732658386 0.040982604026794434
v -0.11952444911003113 0.4114576280117035 0.03421702980995178
v -0.05783173441886902 0.03959396854043007 -0.19261203706264496
v -0.05717453733086586 0.028690028935670853 -0.19759652018547058
v -0.21163377165794373 0.4034091532230377 0.004929348826408386
v 0.032918255776166916 0.27463269233703613 0.10976319015026093
v 0.022439302876591682 0.2621458172798157 0.1092550978064537
v 0.033856965601444244 0.2562742233276367 0.11200746148824692
v 0.16246266663074493 0.4443674385547638 0.04747672379016876
v 0.052847590297460556 0.30499395728111267 -0.1389656662940979
v -0.20605209469795227 0.37199175357818604 -0.08229165524244308
v -0.20303045213222504 0.359465628862381 -0.08872367441654205
v -0.14880229532718658 0.06812949478626251 -0.130164235830307
v -0.14387397468090057 0.07608810812234879 -0.13095635175704956
v -0.1386420875787735 0.06949357688426971 -0.14533546566963196
v -0.061631835997104645 0.10624421387910843 0.0851173847913742
v -0.07161174714565277 0.11829100549221039 0.08559747785329819
v -0.0165628120303154 0.27151253819465637 0.10185469686985016
v -0.05824946239590645 0.05127030611038208 0.0757385715842247
v 0.06514344364404678 0.45976367592811584 0.034705691039562225
v 0.07430290430784225 0.45886510610580444 0.032732076942920685
v 0.10510403662919998 0.2236861288547516 -0.141938716173172
v 0.09374925494194031 0.21766957640647888 -0.1459847092628479
v 0.024904217571020126 0.3688434958457947 0.07861267030239105
v -0.15342840552330017 0.1704161912202835 -0.05899091809988022
v 0.09823576360940933 0.11806994676589966 0.08288966119289398
v 0.1784530133008957 0.3113675117492676 0.02507147192955017
v 0.18573686480522156 0.31333833932876587 0.039940670132637024
v 0.19492559134960175 0.30454692244529724 0.03990103304386139
v 0.020871035754680634 0.36446622014045715 -0.1271362453699112
v 0.05532674118876457 0.3709551990032196 -0.12619221210479736
v 0.18049535155296326 -0.01482455525547266 -0.13443191349506378
v 0.06720656901597977 0.39666685461997986 -0.11661486327648163
v 0.14292633533477783 0.11802791059017181 0.03086911141872406
v -0.1648021936416626 0.06195998936891556 -0.10214328020811081
v -0.16213659942150116 0.0711706280708313 -0.1043417900800705
v -0.15843240916728973 0.060452040284872055 -0.1149318665266037
v 0.1661093682050705 0.2713632583618164 -0.011989615857601166
v 0.16596931219100952 0.2588915228843689 -0.012369640171527863
v 0.07978592067956924 0.0027427999302744865 -0.20039784908294678
v 0.08511808514595032 -0.008831599727272987 -0.2048996239900589
v 0.13069042563438416 0.00855468399822712 -0.17918600142002106
v -0.31361979246139526 0.28308436274528503 -0.03113149106502533
v 0.09698960930109024 0.19738395512104034 0.10286222398281097
v 0.0886131078004837 0.2004910558462143 0.11044414341449738
v -0.005339598283171654 0.17380908131599426 0.09454452991485596
v 0.004302847199141979 0.17767374217510223 0.09717361629009247
v 0.2389485239982605 0.39537370204925537 -0.0013055503368377686
v -0.009538024663925171 0.45641908049583435 -0.07749909162521362
v -0.008464107289910316 0.4474557638168335 -0.08374547958374023
v 0.1610945165157318 0.18618729710578918 -0.021288439631462097
v 0.15902432799339294 0.1884675770998001 -0.004291243851184845
v 0.15870213508605957 0.17653974890708923 -0.0065536051988601685
v -0.012881067581474781 0.1478685587644577 -0.1644580364227295
v 0.033766452223062515 0.21479029953479767 -0.14976727962493896
v 0.04356735199689865 0.22166146337985992 -0.15099751949310303
v 0.013622566126286983 0.23167024552822113 0.10389795154333115
v -0.06396092474460602 0.20476561784744263 -0.1531136929988861
v -0.05482912063598633 0.2011919617652893 -0.15723347663879395
v 0.06131979823112488 0.44060206413269043 -0.09034405648708344
v 0.049178801476955414 0.44112178683280945 -0.08938824385404587
v -0.17490260303020477 -0.03972795605659485 -0.12772810459136963
v -0.10014265775680542 0.22794845700263977 0.09697602689266205
v 0.053215932101011276 0.0800752192735672 0.09186985343694687
v -0.16754929721355438 0.07480910420417786 -0.05988295003771782
v -0.21440114080905914 0.27655503153800964 -0.10259042680263519
v 0.24512971937656403 0.28745561838150024 -0.04167670011520386
v 0.24176524579524994 0.2790927588939667 -0.038109347224235535
v 0.18037068843841553 0.3262719511985779 -0.05261273682117462
v -0.10353414714336395 0.10185878723859787 -0.160183846950531
v -0.1139073446393013 0.10382331907749176 -0.15221869945526123
v -0.005662558600306511 0.2889445126056671 0.09964430332183838
v -0.14852766692638397 -0.055495817214250565 -0.0021111443638801575
v -0.10380709916353226 0.12134140729904175 -0.15510620176792145
v -0.10799118876457214 0.11247140169143677 -0.1533339023590088
v -0.11451872438192368 0.1236826628446579 -0.14809423685073853
v 0.05771968886256218 -0.033369701355695724 0.058914199471473694
v -0.1447184681892395 0.12196218222379684 -0.11770333349704742
v 0.09787195920944214 -0.038556475192308426 0.04420938342809677
v 0.010269338265061378 0.3005646765232086 0.09951192885637283
v 0.25026023387908936 0.27666252851486206 -0.03837352991104126
v 0.20527943968772888 0.423322856426239 -0.01177285611629486
v 0.21395136415958405 0.41036269068717957 -0.022345051169395447
v -0.02654433250427246 -0.08236752450466156 0.04425792396068573
v -0.011258239857852459 -0.0829928070306778 0.047594234347343445
v -0.1608663946390152 0.22412467002868652 -0.03881374001502991
v -0.1602659523487091 0.21187905967235565 -0.038877297192811966
v -0.16044685244560242 0.2929650843143463 -0.06328575313091278
v 0.032605741173028946 0.37505942583084106 0.07676982134580612
v -0.16223159432411194 0.1380259245634079 -0.030019816011190414
v -0.1612335443496704 0.14425387978553772 -0.019900158047676086
v -0.2742763161659241 0.29386287927627563 -0.08052771538496017
v 0.07184415310621262 0.4907952547073364 0.0006536170840263367
v -0.11620773375034332 0.30301910638809204 -0.1310311108827591
v -0.12566864490509033 0.30771273374557495 -0.12577252089977264
v -0.08724645525217056 -0.026415813714265823 0.04002080857753754
v -0.09821497648954391 -0.016315750777721405 0.0363655686378479
v -0.10196751356124878 -0.025044003501534462 0.03211820870637894
v 0.0029259324073791504 0.21304979920387268 0.09894651919603348
v -0.13843154907226562 0.14061927795410156 -0.09893834590911865
v 0.19133883714675903 0.4255524277687073 -0.026211008429527283
v 0.1912073791027069 0.41872256994247437 -0.036280080676078796
v 0.001680733636021614 0.24648982286453247 0.10288169234991074
v 0.0799318253993988 0.12949390709400177 -0.1604194939136505
v 0.0696607381105423 0.12028802186250687 -0.16382132470607758
v 0.07076958566904068 0.13325291872024536 -0.16072963178157806
v 0.2640952467918396 0.31819069385528564 -0.03549811244010925
v 0.12337373942136765 0.19331300258636475 -0.13097389042377472
v 0.1152021512389183 0.1925353705883026 -0.13979043066501617
v 0.14181303977966309 0.27041298151016235 0.07397518306970596
v 0.07561630755662918 0.029672488570213318 0.07186668366193771
v 0.0749877393245697 0.01927880384027958 0.06910084187984467
v 0.21639126539230347 0.4148479998111725 -0.012816384434700012
v 0.08629219233989716 0.3018675446510315 0.10173255950212479
v 0.08327917754650116 0.448932945728302 0.03936915099620819
v 0.07358796149492264 0.4493531584739685 0.03976129740476608
v 0.30057331919670105 0.33341509103775024 0.039637014269828796
v 0.31752443313598633 0.3262057304382324 0.04080894589424133
v 0.3066976070404053 0.31373724341392517 0.04996229708194733
v 0.1936037540435791 0.36591842770576477 0.06670385599136353
v 0.18208475410938263 0.3700578808784485 0.06549595296382904
v 0.14734025299549103 0.15434280037879944 0.035660795867443085
v 0.1215573325753212 0.2069736272096634 -0.128068208694458
v 0.11370538175106049 0.2174474447965622 -0.1357639729976654
v -0.08042372763156891 0.1616966724395752 0.09400857239961624
v 0.16771596670150757 0.3226052522659302 -0.000772133469581604
v -0.15226906538009644 0.15983325242996216 -0.05950047820806503
v 0.02038169465959072 -0.06516927480697632 0.05658882111310959
v 0.03335874155163765 -0.06602597236633301 0.053994543850421906
v 0.0264876876026392 -0.05583525821566582 0.05833783000707626
v 0.28044790029525757 0.34781259298324585 0.03207018971443176
v -0.11142364144325256 0.405750036239624 0.038505472242832184
v -0.1610812544822693 0.13891775906085968 -0.004850566387176514
v -0.1613585501909256 0.1298546940088272 -0.014606326818466187
v -0.1627979874610901 0.275139182806015 -0.020000211894512177
v 0.005255365278571844 0.15141810476779938 0.09666620194911957
v -0.004470491781830788 0.1557123363018036 0.09416022151708603
v -0.25988858938217163 0.3098466694355011 -0.009233549237251282
v -0.14795705676078796 0.37873080372810364 -0.107070192694664
v -0.10388202965259552 0.39184433221817017 -0.12218204885721207
v 0.16073273122310638 0.16323763132095337 -0.02555985376238823
v -0.14344404637813568 0.154453843832016 -0.07757329940795898
v 0.07263857126235962 0.4608491063117981 -0.0727916806936264
v 0.0682315081357956 0.4686383008956909 -0.06528865545988083
v -0.02094092033803463 0.4450422525405884 -0.08591857552528381
v -0.028556564822793007 0.2819784879684448 -0.151417076587677
v 0.18087820708751678 0.4418984055519104 -0.00881020724773407
v 0.027481473982334137 -0.07414604723453522 0.05219953507184982
v 0.021401531994342804 -0.08222053945064545 0.04979201406240463
v 0.03860044106841087 -0.08110596239566803 0.04885207116603851
v -0.07166845351457596 -0.02714702859520912 0.04673174023628235
v -0.01926485262811184 0.001450890675187111 -0.20721742510795593
v -0.22075925767421722 0.2677921950817108 -0.10281284153461456
v -0.27477192878723145 0.3299019932746887 -0.029381215572357178
v -0.2672767639160156 0.32140952348709106 -0.023505419492721558
v 0.09633701294660568 0.2897278070449829 0.10387764126062393
v -0.03227395564317703 0.43003329634666443 -0.09684287011623383
v 0.03277447447180748 0.17194603383541107 0.10696752369403839
v 0.0228014774620533 0.1767244189977646 0.10529997199773788
v 0.02366350218653679 0.15861837565898895 0.10359830409288406
v -0.05732547491788864 0.20180347561836243 0.10269258171319962
v 0.018245739862322807 0.3955792784690857 -0.11246071755886078
v 0.03114238753914833 0.3883792459964752 -0.11621799319982529
v -0.28111934661865234 0.2773224413394928 -0.08683982491493225
v 0.1753295361995697 0.06570963561534882 -0.08464767783880234
v -0.07312238961458206 0.23263134062290192 -0.15224787592887878
v -0.046565860509872437 0.31868091225624084 0.08688627928495407
v -0.03530107066035271 0.3252289593219757 0.085605189204216
v 0.055208444595336914 0.1880067139863968 0.10902053117752075
v -0.10444330424070358 0.11253362149000168 0.06839380413293839
v -0.1339343786239624 0.312100887298584 -0.11853140592575073
v -0.1403108835220337 0.3045097589492798 -0.11321453750133514
v -0.0669800266623497 0.13946419954299927 -0.16560009121894836
v -0.057367708534002304 0.13672514259815216 -0.1689130961894989
v -0.06360545754432678 0.12519077956676483 -0.16967493295669556
v 0.1692301481962204 0.4534633457660675 0.014852508902549744
v -0.17565514147281647 0.2859882712364197 -0.0849679708480835
v -0.1802769899368286 -0.037267833948135376 -0.10643314570188522
v -0.1608782857656479 0.2946394681930542 0.0031399279832839966
v 0.1665627658367157 0.3324505090713501 0.0002913177013397217
v 0.17406995594501495 -0.05533135309815407 0.0005251243710517883
v 0.18343019485473633 -0.05049261823296547 -0.01381852850317955
v 0.17115043103694916 -0.047088343650102615 0.0012359246611595154
v -0.08957277238368988 0.14849700033664703 -0.15806224942207336
v 0.10279461741447449 0.33867624402046204 -0.12424496561288834
v -0.2578850984573364 0.31920498609542847 -0.010933011770248413
v -0.2633654475212097 0.32122060656547546 -0.02040638029575348
v -0.10820101946592331 0.26956379413604736 -0.1349470019340515
v 0.05416819080710411 0.23744696378707886 -0.14963605999946594
v 0.05346017703413963 0.2276216596364975 -0.15165963768959045
v -0.16964438557624817 0.3183009624481201 -0.1042260229587555
v -0.16437073051929474 0.3240411877632141 -0.09918942302465439
v 0.08343886584043503 0.23404240608215332 -0.14595411717891693
v 0.04148637875914574 0.43334320187568665 -0.0935097485780716
v -0.12688344717025757 0.38815370202064514 0.044430457055568695
v -0.09197168052196503 0.17949368059635162 -0.15738564729690552
v 0.1266932487487793 0.039911989122629166 0.04137400537729263
v 0.004968592897057533 0.15955163538455963 0.0969252735376358
v -0.20614399015903473 0.40473508834838867 0.012526601552963257
v -0.13435472548007965 0.07314901053905487 0.02715180069208145
v -0.16103823482990265 0.08184626698493958 -0.022352445870637894
v -0.1608167588710785 0.20510712265968323 -0.021947279572486877
v -0.16048941016197205 0.1981605887413025 -0.004289016127586365
v -0.1602737009525299 0.21425274014472961 -0.0078500434756279
v -0.16222849488258362 0.13136905431747437 -0.03964972496032715
v -0.16156432032585144 0.1306488960981369 -0.02726699784398079
v -0.118133045732975 0.11462008953094482 -0.145145982503891
v -0.17007097601890564 0.4367721676826477 -0.0298168882727623
v 0.01903056725859642 0.3778807818889618 0.07578547298908234
v -0.1436413824558258 0.14426518976688385 -0.07922786474227905
v 0.09320938587188721 0.3170841336250305 0.09341993182897568
v -0.27754098176956177 0.28745079040527344 -0.02063058316707611
v -0.255494087934494 0.23779641091823578 -0.10694052278995514
v -0.2592127323150635 0.23007503151893616 -0.10709245502948761
v 0.15852472186088562 0.22430984675884247 -0.050449859350919724
v 0.15692387521266937 0.15420593321323395 -0.07047667354345322
v 0.15187612175941467 0.15876643359661102 -0.0847771093249321
v 0.1538817435503006 0.1675543338060379 -0.07643093168735504
v -0.20441403985023499 0.27274733781814575 -0.09724200516939163
v 0.05359828844666481 0.4881443679332733 -0.04220500588417053
v -0.09481843560934067 0.12763334810733795 -0.1587754786014557
v -0.09706130623817444 0.13862839341163635 -0.1566261351108551
v -0.11431223154067993 0.40584877133369446 -0.11415747553110123
v 0.16509026288986206 0.26067671179771423 -0.0026510506868362427
v 0.23355156183242798 0.3888625502586365 0.039733484387397766
v -0.029294565320014954 0.13182009756565094 -0.17181825637817383
v 0.17176470160484314 0.012618069536983967 -0.14695695042610168
v 0.17384201288223267 0.016042308881878853 -0.13673119246959686
v 0.02365678735077381 0.21871623396873474 0.10710471123456955
v 0.0015874598175287247 0.28024473786354065 -0.15095634758472443
v 0.0016810763627290726 0.2644564211368561 -0.1518227458000183
v 0.16818086802959442 0.4416657090187073 -0.029383346438407898
v 0.15208373963832855 0.20796631276607513 -0.08310112357139587
v -0.12494799494743347 0.23577731847763062 -0.11510129272937775
v 0.08899472653865814 0.15270859003067017 0.09845470637083054
v 0.08204244077205658 0.16588003933429718 0.10519957542419434
v 0.04376895725727081 0.1858520209789276 -0.15463775396347046
v 0.0436583086848259 0.2005026638507843 -0.1531505286693573
v -0.06162327155470848 -0.04706374555826187 0.04427249729633331
v -0.05050725117325783 -0.03853191062808037 0.050966016948223114
v -0.06656643748283386 -0.03692101314663887 0.045300476253032684
v 0.20362840592861176 0.2929438054561615 0.03487418591976166
v 0.04407017305493355 0.2693321704864502 0.1137346476316452
v -0.053993601351976395 0.11872070282697678 -0.17260965704917908
v -0.04447513446211815 0.11260473728179932 -0.17550596594810486
v 0.07837951183319092 0.11569229513406754 -0.164695143699646
v 0.08424532413482666 0.12128712981939316 -0.16151583194732666
v 0.09291591495275497 0.11395163834095001 -0.15902698040008545
v -0.15898261964321136 0.20832914113998413 0.04451431334018707
v -0.006940481252968311 0.22153997421264648 -0.1573355793952942
v -0.1509842872619629 0.1731206625699997 0.04913172125816345
v 0.03401188552379608 0.07169436663389206 0.09213192015886307
v 0.09428182989358902 0.36400142312049866 -0.1232377290725708
v 0.1016806811094284 0.35635799169540405 -0.12211920320987701
v 0.008628364652395248 0.3422553837299347 0.08519905060529709
v -0.0023585446178913116 0.3472442626953125 0.08233445137739182
v -0.0016927197575569153 0.33334073424339294 0.0866444855928421
v -0.22267630696296692 0.31921064853668213 0.01843443512916565
v 0.17584998905658722 0.057790737599134445 -0.10065720975399017
v 0.17940765619277954 0.04402102157473564 -0.105931356549263
v 0.1450204998254776 0.09196465462446213 0.026280000805854797
v 0.13792647421360016 0.09792418032884598 0.036774277687072754
v 0.06729217618703842 0.2486700713634491 0.11761915683746338
v 0.10218892991542816 0.2968325912952423 -0.13306741416454315
v 0.10924290865659714 0.2993256151676178 -0.12341025471687317
v -0.15946631133556366 0.28915464878082275 -0.009703919291496277
v -0.13536258041858673 0.08139391243457794 -0.14115118980407715
v -0.044337015599012375 0.151356503367424 0.09416387230157852
v -0.03360795974731445 0.1401640623807907 0.09144626557826996
v -0.03483957052230835 0.15712587535381317 0.09370578825473785
v -0.17215624451637268 0.278600811958313 -0.06796017289161682
v -0.16318286955356598 0.2870209813117981 -0.07191812247037888
v 0.006539151072502136 0.12869058549404144 -0.15991464257240295
v -0.15158569812774658 0.41767317056655884 -0.08380085974931717
v 0.10405348986387253 0.04489491134881973 0.061389245092868805
v 0.09926667809486389 0.056666597723960876 0.06751034408807755
v -0.18384619057178497 -0.055092375725507736 -0.0719340592622757
v 0.08459751307964325 0.10866355895996094 -0.1639615297317505
v -0.08492645621299744 0.3795764744281769 -0.13253192603588104
v -0.07009363174438477 0.37072598934173584 -0.13689498603343964
v -0.20296506583690643 0.40907371044158936 -0.04683506488800049
v -0.20787522196769714 0.40706968307495117 -0.04216966778039932
v -0.14610472321510315 0.06441397964954376 -0.1372176706790924
v 0.2919504642486572 0.32219403982162476 0.002033233642578125
v 0.14281663298606873 0.22466236352920532 0.0679108127951622
v 0.1067550778388977 0.3269323706626892 -0.12404556572437286
v 0.11056745797395706 0.3152790069580078 -0.12303585559129715
v 0.12046779692173004 0.16276493668556213 -0.13878858089447021
v 0.1360476315021515 0.3610532581806183 0.07961247116327286
v 0.1483137309551239 0.02949679270386696 -0.15925081074237823
v 0.13940875232219696 0.039866648614406586 -0.16128206253051758
v -0.22124454379081726 0.37321531772613525 0.015879929065704346
v 0.17150408029556274 0.05088941007852554 -0.1185375303030014
v 0.1664620041847229 0.06472168862819672 -0.11408454924821854
v -0.06944327056407928 0.1545608788728714 -0.1618950068950653
v -0.14080870151519775 0.11043142527341843 -0.12495296448469162
v 0.2001418024301529 0.3057112395763397 -0.042800724506378174
v 0.18996377289295197 0.30850157141685486 -0.034708112478256226
v -0.15793095529079437 0.2522829473018646 0.017646081745624542
v -0.14936892688274384 0.049176473170518875 -0.13904470205307007
v -0.10112167149782181 0.34539124369621277 0.06366634368896484
v 0.09738621860742569 0.4537665545940399 0.03724551200866699
v 0.09930136799812317 0.43151795864105225 0.051592521369457245
v 0.10721488296985626 0.4302830994129181 0.05325985699892044
v 0.0440901480615139 0.167863667011261 0.10690906643867493
v 0.1595061868429184 0.2003278136253357 -0.0017973482608795166
v -0.034948963671922684 0.4540626108646393 -0.08041144162416458
v 0.19197216629981995 0.00043892813846468925 -0.0950312614440918
v -0.08416111767292023 -0.01655643805861473 0.044363461434841156
v 0.14074288308620453 0.4319497048854828 -0.0672169178724289
v 0.13392788171768188 0.42302215099334717 -0.07829906791448593
v -0.12194810062646866 -0.042472921311855316 0.014040254056453705
v 0.15929456055164337 0.2573392689228058 0.016076892614364624
v -0.1390308141708374 0.15470696985721588 0.05348963290452957
v -0.1280374526977539 0.15100517868995667 0.05846889317035675
v -0.13061556220054626 0.16528797149658203 0.06260228902101517
v -0.0975019559264183 -0.03517279028892517 0.031324535608291626
v -0.08197999745607376 -0.0360129214823246 0.038565024733543396
v 0.02483171783387661 0.13745678961277008 -0.16066479682922363
v -0.11310039460659027 0.07663218677043915 0.05229771137237549
v 0.18196535110473633 0.435771107673645 -0.02020178735256195
v 0.12222924083471298 0.10203076153993607 -0.14683988690376282
v -0.015767093747854233 0.1770533323287964 0.09396947175264359
v -0.014738950878381729 0.1590047925710678 0.09281765669584274
v -0.22955788671970367 0.2586643099784851 -0.10393563657999039
v 0.16661037504673004 0.060062017291784286 -0.006882511079311371
v 0.16918160021305084 0.05325518175959587 -0.0123104527592659
v 0.0021490883082151413 0.23372364044189453 -0.15315742790699005
v -0.003455500118434429 0.0863352045416832 0.08987867832183838
v 0.01953861676156521 0.05742610991001129 -0.18413902819156647
v 0.06189824640750885 0.1259784996509552 -0.16178038716316223
v 0.08743100613355637 0.29899948835372925 -0.13866207003593445
v -0.25660255551338196 0.35540348291397095 -0.04052527993917465
v -0.2446860671043396 0.3670119643211365 -0.04084470123052597
v -0.24370603263378143 0.36499345302581787 -0.04697972536087036
v 0.1708349734544754 -0.027917977422475815 -0.0028975382447242737
v -0.009654765948653221 0.47241705656051636 -0.06471356749534607
v 0.16232085227966309 0.10493770241737366 -0.08261990547180176
v -0.19911633431911469 0.2638256251811981 -0.015146538615226746
v 0.08934502303600311 0.2047792375087738 -0.14827844500541687
v 0.10177438706159592 0.2530694305896759 -0.1400098353624344
v -0.15393947064876556 0.33506086468696594 -0.10615049302577972
v 0.18014481663703918 0.044593002647161484 -0.04202131927013397
v 0.17675097286701202 0.05047095939517021 -0.032091714441776276
v 0.17845945060253143 0.03267921507358551 -0.02986989915370941
v 0.05620761215686798 0.39413437247276306 0.06902461498975754
v -0.007706405594944954 0.23756106197834015 -0.1566612422466278
v -0.034895360469818115 -0.03918754309415817 0.05624496936798096
v 0.029148997738957405 0.45167094469070435 -0.0805613175034523
v 0.01683085598051548 0.45032167434692383 -0.08122450858354568
v 0.24025771021842957 0.3630078434944153 0.051782265305519104
v -0.13765884935855865 -0.031452715396881104 0.0026915743947029114
v 0.1294460892677307 0.19270192086696625 -0.12020950019359589
v -0.06178850680589676 0.15669453144073486 0.09562180936336517
v -0.07070744037628174 0.16661809384822845 0.09628592431545258
v -0.06979356706142426 0.1511087566614151 0.09328729659318924
v 0.1282438039779663 0.2513807713985443 -0.11137962341308594
v 0.14098042249679565 0.25757575035095215 -0.1072210744023323
v -0.10206222534179688 0.14607474207878113 -0.1562758982181549
v -0.05373740568757057 0.3819364607334137 0.06468226760625839
v -0.04482300579547882 0.3848946988582611 0.06591799110174179
v -0.1482067108154297 0.15897580981254578 0.046276114881038666
v 0.04005340859293938 0.39450687170028687 0.07044719159603119
v 0.017075542360544205 0.4155612289905548 -0.10228080302476883
v -0.04369520768523216 0.07849713414907455 0.0829370841383934
v -0.03384508565068245 0.07521899044513702 0.08323699980974197
v 0.17954854667186737 0.31112930178642273 -0.026019826531410217
v -0.1366599202156067 0.24011386930942535 -0.1114664152264595
v -0.12790660560131073 0.24579118192195892 -0.11597743630409241
v -0.08744549006223679 0.04897429049015045 0.06478437036275864
v -0.09125993400812149 0.06351816654205322 0.06653253734111786
v -0.10106855630874634 0.05444689840078354 0.05828118324279785
v 0.033905260264873505 0.2618294954299927 -0.1461397409439087
v 0.02824549749493599 0.27071088552474976 -0.14559155702590942
v 0.033756595104932785 0.279081791639328 -0.14452201128005981
v 0.09127335995435715 0.4852372109889984 -0.0291159525513649
v 0.04369967430830002 0.3722453713417053 -0.12432538717985153
v 0.03148038312792778 0.3734892010688782 -0.12323757261037827
v -0.05080343410372734 0.148761585354805 -0.1678234338760376
v 0.19399043917655945 0.39943069219589233 0.0630485862493515
v 0.16062068939208984 0.19130757451057434 -0.03574123606085777
v -0.15704646706581116 0.23312346637248993 0.05657948553562164
v -0.15120798349380493 0.23504771292209625 0.06533003598451614
v 0.16811519861221313 0.027947470545768738 -0.14130310714244843
v 0.09028133004903793 0.30609384179115295 0.09900540113449097
v -0.10142865031957626 0.1454947590827942 0.07947826385498047
v 0.15904301404953003 0.09889296442270279 -0.0016427189111709595
v -0.06949998438358307 0.03475959599018097 0.0682467445731163
v 0.12771853804588318 0.22736285626888275 0.08920537680387497
v 0.1344987452030182 0.2335251271724701 0.07954727858304977
v 0.06394437700510025 0.4501531422138214 0.04179607331752777
v 0.0612049400806427 0.01738317497074604 0.07327213883399963
v 0.16136164963245392 0.022038020193576813 -0.15127545595169067
v -0.2555166184902191 0.3567054867744446 -0.027974560856819153
v 0.14534597098827362 0.1629304140806198 -0.09891687333583832
v -0.01056452002376318 0.11367146670818329 -0.16545285284519196
v -0.010256066918373108 0.10045217722654343 -0.16748934984207153
v -0.17744392156600952 0.35142266750335693 0.03629237413406372
v -0.2327856570482254 0.37677907943725586 -0.001397654414176941
v 0.17319358885288239 0.056251198053359985 -0.02254042774438858
v 0.1402955949306488 0.3252796530723572 0.057612642645835876
v 0.10901868343353271 0.03232717141509056 0.054782964289188385
v -0.003542042337357998 0.10407253354787827 0.09171414375305176
v 0.18351347744464874 0.02809002809226513 -0.1084975153207779
v -0.2632147967815399 0.2322443127632141 -0.009973064064979553
v 0.1746988594532013 0.36357879638671875 0.069908007979393
v -0.11618677526712418 0.44843268394470215 0.010484084486961365
v -0.012856993824243546 0.20102202892303467 0.09622278809547424
v -0.019311007112264633 0.2108331322669983 0.09769472479820251
v -0.023521210998296738 0.19474934041500092 0.09609443694353104
v -0.019398942589759827 0.4233681857585907 -0.09972265362739563
v -0.007892251014709473 0.4299253821372986 -0.09493320435285568
v -0.006938735023140907 0.4168088734149933 -0.10249316692352295
v 0.009661297313869 0.07918665558099747 -0.1777847707271576
v 0.024963904172182083 0.11675769090652466 0.09751462936401367
v -0.023852182552218437 0.1696181297302246 -0.16440215706825256
v -0.02481008507311344 0.180161252617836 -0.16391223669052124
v 0.1534339040517807 0.19623807072639465 0.03207523375749588
v 0.0908145159482956 0.47823095321655273 -0.04469868540763855
v 0.0419241338968277 0.3414221405982971 0.08863593637943268
v 0.04420921579003334 0.2419072687625885 -0.1481495052576065
v -0.08356037735939026 0.1781887710094452 0.09711768478155136
v -0.2165462076663971 0.36201363801956177 0.022314324975013733
v -0.2209017127752304 0.3531607985496521 0.020537585020065308
v -0.1593685746192932 0.08948300778865814 -0.09348208457231522
v -0.2248656153678894 0.3316652774810791 0.018257439136505127
v 0.0870482474565506 0.45750659704208374 0.03200962394475937
v 0.10216005891561508 0.1414090394973755 0.08614422380924225
v 0.10447412729263306 0.1534619927406311 0.08769992738962173
v -0.06033017858862877 0.1514880508184433 -0.16531790792942047
v 0.03956664353609085 0.026268698275089264 -0.19434097409248352
v -0.07600846886634827 0.29258593916893005 0.09319455921649933
v 0.14816778898239136 0.23225830495357513 0.05700686573982239
v -0.11515942215919495 0.0105107631534338 0.03257828950881958
v 0.22955435514450073 0.3792162835597992 0.052553921937942505
v 0.15594430267810822 0.14695104956626892 0.0031413882970809937
v 0.15800420939922333 0.1387338787317276 -0.007149532437324524
v 0.2773991823196411 0.31954225897789 0.047694504261016846
v 0.2867429852485657 0.32972946763038635 0.040041521191596985
v -0.1298767775297165 0.21506689488887787 -0.10926797240972519
v -0.07066900283098221 0.04467755928635597 0.07076192647218704
v 0.044611431658267975 0.259940505027771 0.11443615704774857
v 0.11602523177862167 0.2036348134279251 0.09613027423620224
v -0.16391463577747345 0.07237937301397324 -0.08976852893829346
v 0.19034847617149353 0.4106302261352539 -0.04549184441566467
v 0.18907243013381958 0.39670103788375854 -0.051383450627326965
v 0.09115483611822128 0.011694604530930519 0.05994512885808945
v 0.09152667224407196 0.0016349819488823414 0.05716589093208313
v 0.09942217916250229 0.00832864549010992 0.05488887429237366
v 0.02267780527472496 0.2451256811618805 -0.1471310257911682
v -0.16865409910678864 0.308442622423172 -0.0999101847410202
v -0.02071508765220642 0.4363979995250702 -0.0916363000869751
v 0.08888861536979675 -0.0006414232775568962 -0.20031015574932098
v -0.14064143598079681 -0.027002306655049324 -0.172491654753685
v -0.045752111822366714 0.04295790195465088 -0.19188319146633148
v 0.06064009293913841 0.16903643310070038 -0.1568278819322586
v 0.15933342278003693 -0.03265663608908653 0.008968226611614227
v -0.26364219188690186 0.2868349552154541 -0.09375344216823578
v -0.02039438672363758 0.06153201684355736 0.08481056988239288
v 0.06572280824184418 0.27276381850242615 -0.14120592176914215
v 0.0738450288772583 0.2807997763156891 -0.1410793960094452
v 0.022733187302947044 0.2794807553291321 -0.14563247561454773
v -0.160910964012146 0.2190956175327301 -0.020700953900814056
v -0.11414685845375061 0.1903834193944931 0.0767466202378273
v 0.14228029549121857 0.4562795162200928 0.035122573375701904
v 0.19711317121982574 0.2909682095050812 0.01044522225856781
v -0.08990516513586044 0.46246102452278137 -0.06885935366153717
v 0.10872048139572144 0.11623264849185944 0.07451026141643524
v 0.10331571102142334 0.12655532360076904 0.08153194934129715
v -0.16158004105091095 0.24579569697380066 0.03574316203594208
v -0.08895936608314514 0.18715426325798035 0.09719200432300568
v 0.16525059938430786 0.2343171238899231 -0.014133207499980927
v 0.16504137217998505 0.2493765652179718 -0.021305352449417114
v -0.25611746311187744 0.354369580745697 -0.043522484600543976
v 0.03171118348836899 0.31828632950782776 0.09620074182748795
v 0.11919804662466049 0.23749575018882751 0.09967181086540222
v 0.11374085396528244 0.21894721686840057 0.10095176845788956
v 0.15562637150287628 0.12724851071834564 -0.08592700213193893
v 0.1584509015083313 0.13258105516433716 -0.07486961036920547
v -0.07738804817199707 -0.04629150778055191 0.03769384324550629
v 0.02288162335753441 0.3149876594543457 -0.14335623383522034
v 0.014958235435187817 0.1462685912847519 0.09974408894777298
v 0.12416046112775803 0.12068716436624527 -0.1445067822933197
v 0.15567220747470856 0.1453244537115097 -0.07862888276576996
v -0.02285855822265148 0.34447523951530457 -0.14029964804649353
v 0.05371010676026344 0.4335549771785736 -0.09509526938199997
v 0.065787672996521 0.43278664350509644 -0.09643959999084473
v -0.1148504689335823 0.13011062145233154 0.06185486167669296
v -0.1171414852142334 0.1469648778438568 0.06315472722053528
v 0.09262438863515854 0.17643870413303375 -0.15040171146392822
v 0.10437437891960144 0.19192121922969818 -0.14602911472320557
v -0.025028087198734283 0.1623966246843338 0.0931420847773552
v 0.09306201338768005 0.4097096920013428 0.06063205748796463
v 0.04468201473355293 -0.02509634755551815 0.06498254835605621
v -0.008320266380906105 0.4388276934623718 -0.08939232677221298
v -0.14200302958488464 0.1686253845691681 0.05744168907403946
v -0.10077923536300659 0.3074392080307007 -0.14230409264564514
v -0.08672963082790375 0.3133147060871124 -0.15437757968902588
v 0.1548605114221573 0.45448702573776245 0.03677782416343689
v 0.1481013298034668 0.4515509605407715 0.041810810565948486
v 0.06409937888383865 0.12464836984872818 0.09810364246368408
v -0.05233460292220116 0.11175603419542313 0.08719468861818314
v 0.044483982026576996 0.20836885273456573 0.11176470667123795
v -0.23171581327915192 0.25368067622184753 -0.004868611693382263
v 0.021804597228765488 0.025948278605937958 -0.19658121466636658
v -0.1547607183456421 0.243337020277977 -0.09859396517276764
v -0.04576234146952629 0.34871581196784973 -0.14172354340553284
v 0.16374310851097107 0.05027936026453972 -0.0028460994362831116
v 0.060959748923778534 0.04405444860458374 0.08144823461771011
v 0.015685206279158592 0.11242569983005524 0.09568452835083008
v 0.015375165268778801 0.13006402552127838 0.0978936180472374
v -0.05960475280880928 0.45521309971809387 -0.08070290833711624
v -0.07050054520368576 0.4497213065624237 -0.0858488604426384
v -0.11322694271802902 0.3653004467487335 -0.1272488534450531
v -0.13147976994514465 0.1868259757757187 -0.10273963212966919
v -0.16165585815906525 0.32078903913497925 0.016530826687812805
v -0.15954041481018066 0.3050934076309204 0.011576548218727112
v -0.044692374765872955 -0.0211345087736845 0.0592641681432724
v -0.02999296225607395 0.20436790585517883 0.09834818542003632
v -0.04041081666946411 0.19800463318824768 0.09975019097328186
v 0.1678432673215866 0.2880992889404297 -0.028915487229824066
v 0.04933226481080055 -0.03647777810692787 0.05988346040248871
v 0.1579352766275406 0.11599200963973999 -0.004740267992019653
v 0.1579510122537613 0.12637805938720703 -0.006037674844264984
v 0.19653908908367157 0.4164523780345917 0.0541515052318573
v 0.16081105172634125 0.2292119562625885 0.004411190748214722
v 0.15747438371181488 0.2330949753522873 0.013274073600769043
v 0.06722025573253632 -0.0021264920942485332 0.0656893253326416
v 0.07106445729732513 0.008402092382311821 0.06724677979946136
v 0.05712383612990379 0.006572271231561899 0.07118832319974899
v -0.18674814701080322 0.41048258543014526 -0.06807926297187805
v -0.07783852517604828 0.0367296077311039 0.06527206301689148
v -0.0848572701215744 0.028915200382471085 0.059534952044487
v -0.15457041561603546 0.3488878011703491 -0.12356843799352646
v -0.1509217768907547 0.3402920961380005 -0.11938320100307465
v -0.012708291411399841 0.33840247988700867 0.08372495323419571
v -0.046506140381097794 0.2982207238674164 0.09501072764396667
v -0.04641016572713852 0.30491623282432556 0.09240084886550903
v -0.0333414189517498 0.24726131558418274 0.10399123281240463
v 0.17215614020824432 0.3489344120025635 0.06351400911808014
v -0.21611803770065308 0.2943100333213806 -0.1030983179807663
v -0.047416966408491135 -0.07317758351564407 0.04177418351173401
v -0.05202367529273033 0.10130076110363007 -0.17649033665657043
v 0.1605563759803772 0.1741093546152115 -0.02324286848306656
v 0.15865060687065125 0.1651434451341629 -0.00881274789571762
v 0.1272844821214676 0.4132472574710846 0.06890584528446198
v 0.12921875715255737 0.4249848425388336 0.06624794006347656
v 0.12151205539703369 0.4253476858139038 0.0626402199268341
v 0.11518710106611252 0.3845572769641876 -0.10757827758789062
v -0.15596067905426025 0.422751247882843 -0.07539594173431396
v 0.10499686747789383 -0.006030016578733921 0.04834676533937454
v 0.20701202750205994 0.31123074889183044 -0.0503174364566803
v 0.02006399631500244 0.2627417743206024 -0.14641806483268738
v -0.2620081901550293 0.2776172161102295 -0.09904884546995163
v -0.01550845056772232 0.03560364618897438 -0.19472548365592957
v -0.08987440168857574 0.3479892611503601 0.06686755269765854
v 0.14661233127117157 0.25283998250961304 -0.09593669325113297
v 0.14610935747623444 0.26636797189712524 -0.09489111602306366
v -0.0033708754926919937 0.2554609179496765 -0.15398380160331726
v 0.11640341579914093 0.4135526418685913 0.060439348220825195
v 0.10786169767379761 0.4211818277835846 0.05670216679573059
v -0.0002890792675316334 0.08383574336767197 -0.17557930946350098
v 0.013591732829809189 0.17678028345108032 -0.15392041206359863
v 0.014184746891260147 0.1634829044342041 -0.1543351709842682
v 0.06568776816129684 0.30404043197631836 0.10356323421001434
v -0.16194771230220795 0.22687815129756927 -0.04939541220664978
v -0.1630719006061554 0.22977304458618164 -0.05953552573919296
v -0.009994056075811386 0.3038713037967682 -0.14813224971294403
v -0.04190503805875778 -0.08187033981084824 0.040815845131874084
v -0.0890742838382721 0.3331058919429779 -0.14909008145332336
v -0.08427964150905609 0.34301847219467163 -0.1481078565120697
v -0.07779884338378906 0.3261977434158325 -0.15094274282455444
v 0.16699793934822083 0.28044673800468445 -0.01982787996530533
v 0.16706615686416626 0.28390151262283325 -0.01120138168334961
v 0.16203060746192932 0.19857090711593628 -0.019177712500095367
v 0.13415035605430603 0.24786394834518433 0.08246466517448425
v 0.12482010573148727 0.1648874431848526 0.07626264542341232
v 0.11400678008794785 0.15753041207790375 0.08347316831350327
v 0.20116262137889862 0.29946354031562805 -0.033244118094444275
v 0.10036806762218475 0.3770318329334259 -0.11786943674087524
v -0.25117918848991394 0.35654976963996887 -0.023550286889076233
v -0.19603726267814636 0.3717649579048157 0.03358358144760132
v -0.20143747329711914 0.381359338760376 0.02901381254196167
v -0.006149407476186752 0.4038231074810028 -0.10945838689804077
v -0.09432457387447357 0.16837066411972046 -0.15687258541584015
v -0.05110308527946472 0.37254104018211365 0.06802987307310104
v -0.13550913333892822 0.009611041285097599 0.010887525975704193
v -0.05731736123561859 0.2698368430137634 0.10338237136602402
v 0.14529117941856384 0.4447043836116791 -0.051396287977695465
v 0.1256873607635498 0.3743866980075836 -0.10357404500246048
v -0.21784290671348572 0.3020784556865692 0.015929102897644043
v 0.04142007976770401 0.4839135408401489 -0.05234231799840927
v 0.2464887648820877 0.36076369881629944 0.04826158285140991
v 0.1395472139120102 0.05704266577959061 0.030790284276008606
v -0.04225878417491913 0.15778757631778717 -0.1673196256160736
v -0.24696803092956543 0.2273203432559967 -0.10282682627439499
v 0.017719382420182228 0.4057217538356781 -0.10744466632604599
v 0.1601421982049942 0.12958259880542755 -0.01770244538784027
v 0.16285258531570435 0.12018366903066635 -0.035176318138837814
v 0.1529822200536728 0.3397625684738159 0.055465057492256165
v 0.20009270310401917 0.4094321131706238 0.056494876742362976
v 0.1532360017299652 0.22585438191890717 -0.07544784247875214
v 0.2847529351711273 0.3260990381240845 -0.015553832054138184
v 0.21741050481796265 0.4178517460823059 -0.002160981297492981
v -0.08010432869195938 0.056675929576158524 0.06995516270399094
v 0.15138255059719086 0.12517131865024567 -0.10271230340003967
v -0.11795487999916077 0.24147839844226837 -0.12221291661262512
v 0.07401629537343979 0.19605346024036407 -0.15015986561775208
v 0.0893363207578659 0.19409731030464172 -0.14928129315376282
v -0.09529034793376923 0.22349447011947632 -0.15776260197162628
v 0.022601032629609108 -0.020911382511258125 0.07083218544721603
v 0.044755540788173676 0.12465682625770569 0.09940901398658752
v -0.11863825470209122 0.31556639075279236 -0.1303355097770691
v -0.22808727622032166 0.3519744277000427 0.01513969898223877
v -0.21767614781856537 0.3441847860813141 0.021394431591033936
v 0.004318764433264732 0.42268693447113037 -0.09856617450714111
v -0.0006160233169794083 0.4100915491580963 -0.10577644407749176
v -0.0019338610582053661 -0.015568632632493973 -0.21051758527755737
v -0.1685577929019928 0.02364017814397812 -0.049316272139549255
v -0.1666683405637741 0.01308133639395237 -0.0399799570441246
v -0.14067429304122925 0.2074633091688156 0.07176019996404648
v -0.26023927330970764 0.33042269945144653 -0.020529642701148987
v -0.07750189304351807 0.14528752863407135 0.09078247845172882
v 0.07486702501773834 0.34086769819259644 0.08796539902687073
v -0.15880782902240753 0.36656367778778076 0.05081907659769058
v 0.17781588435173035 0.4429440200328827 0.03865063190460205
v -0.2475743144750595 0.3665468990802765 -0.02803996205329895
v -0.06904683262109756 0.26344814896583557 0.1049966812133789
v -0.18912220001220703 0.36258038878440857 0.03625601530075073
v -0.10196788609027863 0.1798495650291443 -0.15630120038986206
v -0.0729462131857872 0.1921856850385666 -0.1540510654449463
v -0.1433512270450592 0.01223004050552845 5.9388577938079834e-05
v 0.08144551515579224 0.045509014278650284 -0.18044891953468323
v -0.16927066445350647 0.2579110860824585 -0.06950300186872482
v -0.10559481382369995 0.3707761764526367 -0.12902139127254486
v -0.08470076322555542 0.4580032229423523 -0.07552271336317062
v -0.15313711762428284 0.059275127947330475 -0.12873217463493347
v -0.15724651515483856 0.050511304289102554 -0.1271028220653534
v 0.005673211999237537 0.40302154421806335 -0.10913223028182983
v 0.09573949128389359 0.14908529818058014 0.09304071217775345
v -0.1685638427734375 0.05442386865615845 -0.07034770399332047
v 0.1960936337709427 0.3919978141784668 -0.05033652484416962
v -0.16161009669303894 0.08133088797330856 -0.09154359996318817
v -0.14376090466976166 0.10183893889188766 -0.1225162222981453
v -0.12325142323970795 0.4081363081932068 -0.10797469317913055
v -0.05222127586603165 0.1607716977596283 -0.16599684953689575
v 0.012197582051157951 0.24654212594032288 -0.14936575293540955
v 0.07383739203214645 0.2379133552312851 -0.144765704870224
v -0.020829254761338234 0.008822115138173103 0.07487939298152924
v -0.03275003656744957 0.017078235745429993 0.07369866222143173
v -0.18471629917621613 0.4044550657272339 -0.0768226683139801
v 0.09209436178207397 0.2768375873565674 -0.14047273993492126
v 0.08196244388818741 0.2892723083496094 -0.14086949825286865
v 0.24445132911205292 0.3766619563102722 0.0372738242149353
v 0.24576565623283386 0.3691070079803467 0.042998313903808594
v 0.25428664684295654 0.3705465793609619 0.03090585768222809
v -0.07737493515014648 0.4187801480293274 -0.11102607846260071
v 0.07148423790931702 0.15823569893836975 -0.15640847384929657
v 0.0018025487661361694 0.2486976683139801 -0.15255114436149597
v -0.16145306825637817 0.16318318247795105 0.009338051080703735
v -0.1610698699951172 0.15205276012420654 0.011082194745540619
v -0.23956960439682007 0.3636602461338043 -0.057934895157814026
v -0.09514274448156357 0.1505691409111023 0.08573481440544128
v -0.07933753728866577 0.352433979511261 -0.14465077221393585
v -0.07459317147731781 0.3618248999118805 -0.1413441300392151
v 0.1719052791595459 0.44464391469955444 -0.017370983958244324
v -0.18069615960121155 -0.028530940413475037 -0.09400017559528351
v -0.07370185106992722 0.0759906992316246 -0.1773482710123062
v 0.14235937595367432 0.34065383672714233 -0.09468347579240799
v 0.24528446793556213 0.25709232687950134 0.047192275524139404
v 0.10652226954698563 0.08247578144073486 -0.15917813777923584
v 0.115520179271698 0.07893364131450653 -0.15589600801467896
v -0.1065175011754036 0.06549834460020065 0.0549851655960083
v -0.001353963278234005 0.017870238050818443 0.07938122749328613
v 0.03157849609851837 -0.028283916413784027 0.06670248508453369
v 0.0359102301299572 -0.01777699775993824 0.06911245733499527
v 0.018195539712905884 -0.03128447011113167 0.06787344068288803
v 0.279799222946167 0.30900639295578003 0.05168083310127258
v 0.2821362614631653 0.2986389398574829 0.056191325187683105
v 0.15498870611190796 0.3581848740577698 0.054803475737571716
v 0.14774756133556366 0.36125555634498596 0.06299875676631927
v -0.06971646845340729 0.4835578203201294 -0.04429790377616882
v -0.07457391917705536 0.478342741727829 -0.05308876186609268
v 0.1461191475391388 0.12370535731315613 0.025718390941619873
v 0.1641206592321396 0.09487482905387878 -0.08983782678842545
v 0.11197952926158905 0.2795594036579132 -0.12289980798959732
v -0.09604193270206451 0.44184714555740356 0.024618618190288544
v -0.08528454601764679 0.44411030411720276 0.029447421431541443
v -0.0716983824968338 0.05761852487921715 -0.1833178699016571
v 0.16251368820667267 0.10930529981851578 -0.0750037282705307
v 0.16026602685451508 0.1232127845287323 -0.07381722331047058
v 0.16081193089485168 0.3164314329624176 -0.011622324585914612
v 0.16192473471164703 -0.06020940840244293 0.012757055461406708
v -0.1593065857887268 0.18773649632930756 -0.03889588266611099
v -0.16216877102851868 0.14499062299728394 -0.044862810522317886
v 0.2951120138168335 0.2982969284057617 0.05006036162376404
v 0.0027682664804160595 0.04118264466524124 -0.19222217798233032
v 0.010923100635409355 0.05151866376399994 -0.18726100027561188
v -0.1538403183221817 0.20262205600738525 0.05435056984424591
v -0.1471027284860611 0.1975010335445404 0.06291515380144119
v -0.14858649671077728 0.21230581402778625 0.06424637883901596
v -0.06951771676540375 0.025163322687149048 -0.19788643717765808
v 0.0437575988471508 0.21053393185138702 -0.15215927362442017
v -0.0671210065484047 0.08560003340244293 0.0804629921913147
v -0.05342220887541771 0.36491143703460693 -0.1377299278974533
v 0.28524869680404663 0.3285396695137024 -0.0037621408700942993
v 0.06631723046302795 0.2889174818992615 0.10979916900396347
v -0.12895719707012177 0.4261537194252014 0.024090036749839783
v -0.11006636172533035 0.4188995361328125 0.032706327736377716
v -0.11699940264225006 0.20473133027553558 0.07979101687669754
v -0.13263368606567383 0.2347486913204193 0.07900310307741165
v -0.12310320138931274 0.23240356147289276 0.0871618315577507
v -0.15530084073543549 0.21769097447395325 0.05550972372293472
v 0.1901104748249054 0.3021755814552307 -0.026028022170066833
v -0.008534172549843788 0.0008072322234511375 0.07527898252010345
v 0.1651349663734436 0.08499275892972946 -0.012832805514335632
v -0.16658367216587067 -0.03463980183005333 -0.14658477902412415
v 0.14623600244522095 0.27832266688346863 0.06221117079257965
v 0.1423136591911316 0.28561636805534363 0.07516185194253922
v 0.157132089138031 0.3153064250946045 -0.07349842041730881
v -0.16768327355384827 0.30463895201683044 -0.044346533715724945
v -0.1669929176568985 0.30491024255752563 -0.05345998704433441
v -0.08587082475423813 0.022687945514917374 -0.19639962911605835
v 0.03633233159780502 0.0989571213722229 -0.1702563464641571
v -0.030573418363928795 0.26483598351478577 -0.15420879423618317
v 0.1465601921081543 0.10986699163913727 0.023024730384349823
v 0.13949362933635712 0.10665889829397202 0.03518708795309067
v -0.10575724393129349 0.1326991319656372 -0.15368162095546722
v 0.1471746414899826 0.31396496295928955 -0.08779619634151459
v 0.14703620970249176 0.2421472817659378 -0.09672746807336807
v -0.07990272343158722 0.23840811848640442 0.10528348386287689
v -0.0005909614264965057 0.2989351451396942 0.09854397922754288
v 0.17603835463523865 0.36161887645721436 -0.07442651689052582
v 0.25264430046081543 0.363554984331131 0.03868694603443146
v -0.2066042572259903 0.3675825297832489 0.02727380394935608
v -0.039675138890743256 0.06693466752767563 0.08126499503850937
v -0.03464585170149803 0.060810547322034836 0.08088133484125137
v 0.16014815866947174 0.13947539031505585 -0.01989901065826416
v 0.1617863029241562 0.13169285655021667 -0.03272551670670509
v -0.2469823658466339 0.2438289374113083 -0.10584814846515656
v -0.025287369266152382 0.19027674198150635 -0.1636694073677063
v -0.03466082364320755 0.1807089000940323 -0.16543889045715332
v -0.0887526273727417 0.47273340821266174 -0.056243911385536194
v -0.10149649530649185 0.4693770408630371 -0.05335871875286102
v 0.20599351823329926 0.3514953553676605 -0.05975519120693207
v 0.2137717604637146 0.35244256258010864 -0.05148124694824219
v -0.043756481260061264 0.17085465788841248 -0.16603407263755798
v 0.17236143350601196 0.32398563623428345 -0.02037656307220459
v 0.21412670612335205 0.37149161100387573 -0.04698607325553894
v 0.10078083723783493 0.023902807384729385 0.0582280308008194
v 0.018636925145983696 0.07154570519924164 -0.1791333556175232
v 0.14897331595420837 0.2741389572620392 0.05287723243236542
v -0.05604579299688339 -0.028740108013153076 0.05273846536874771
v -0.10665957629680634 -0.007764515932649374 0.030901864171028137
v -0.12084963917732239 -0.006867686752229929 0.01764785498380661
v 0.147606760263443 0.43371522426605225 -0.06062590330839157
v 0.0632612332701683 0.2835119664669037 -0.14036071300506592
v 0.1581416130065918 0.28931108117103577 0.0265519842505455
v 0.18778878450393677 0.021246889606118202 -0.09680268913507462
v 0.1909739077091217 0.01415786612778902 -0.08500312268733978
v -0.07514405250549316 0.4544980823993683 -0.08139394223690033
v -0.06881967186927795 0.4602479934692383 -0.07606673985719681
v 0.06142772361636162 0.19783245027065277 -0.15375830233097076
v 0.06733493506908417 0.3819900453090668 -0.1224963515996933
v 0.11802778393030167 -0.007568161003291607 -0.1934444159269333
v 0.03126680105924606 0.0033207153901457787 -0.2031136453151703
v 0.07576915621757507 0.34161683917045593 -0.1335461437702179
v -0.06767088174819946 0.48903316259384155 -0.03427121788263321
v 0.10019059479236603 0.48024868965148926 -0.03544142097234726
v -0.0583624541759491 0.3125932812690735 0.08772522211074829
v -0.0642467588186264 0.31300610303878784 0.08682720363140106
v -0.1792934536933899 0.31307220458984375 -0.09538841247558594
v 0.07909664511680603 0.014788374304771423 -0.19470182061195374
v -0.038489677011966705 0.23400527238845825 -0.1576230823993683
v 0.16558413207530975 0.2765621244907379 -0.001524016261100769
v 0.08053543418645859 0.4741876423358917 -0.055912986397743225
v 0.0994139313697815 0.4581551253795624 0.03423658013343811
v -0.21594925224781036 0.40116649866104126 -0.03432770073413849
v -0.22773835062980652 0.3915632367134094 -0.027782775461673737
v -0.17764192819595337 -0.06262726336717606 -0.038912124931812286
v 0.15772153437137604 0.2119733691215515 -0.0552244558930397
v 0.15507273375988007 0.21608854830265045 -0.06690268218517303
v -0.1173790693283081 0.1350383311510086 -0.14811652898788452
v 0.22357609868049622 0.4116629958152771 -0.005486384034156799
v 0.015420380979776382 -0.05645450949668884 0.05945393443107605
v 0.03396251052618027 0.19413402676582336 -0.1521364003419876
v -0.08402860909700394 0.07165856659412384 0.0718482956290245
v -0.07465367764234543 0.07674850523471832 0.07672794908285141
v -0.0857384130358696 0.08368773758411407 0.07360866665840149
v 0.08795123547315598 0.02148418128490448 0.06422753632068634
v -0.1565772294998169 0.15221238136291504 -0.05207639932632446
v 0.17348644137382507 0.430603951215744 -0.0415293350815773
v 0.2664299011230469 0.3216935396194458 0.05269844830036163
v 0.010996607132256031 0.45964884757995605 -0.07470259070396423
v -0.14215394854545593 0.020772047340869904 -0.0024519339203834534
v 0.021549195051193237 0.3538428544998169 -0.13224104046821594
v 0.031865108758211136 0.36283576488494873 -0.12836790084838867
v -0.07151498645544052 0.3812982439994812 -0.13212451338768005
v -0.09785430133342743 0.4785630404949188 -0.035309500992298126
v 0.1347678303718567 0.3671741485595703 -0.09751804918050766
v 0.0678708478808403 -0.010063664987683296 -0.20751431584358215
v -0.1620328277349472 0.1351621150970459 -0.047278597950935364
v -0.15583430230617523 0.2682332992553711 0.0182420015335083
v -0.15837006270885468 0.25706470012664795 0.026991479098796844
v -0.15538546442985535 0.27268531918525696 0.027574509382247925
v 0.09466918557882309 0.06499039381742477 -0.16958433389663696
v 0.09562046825885773 0.05417663976550102 -0.17409299314022064
v 0.18491144478321075 0.38735026121139526 -0.061303749680519104
v 0.21372829377651215 0.323976993560791 0.05860237777233124
v -0.09372809529304504 0.29410797357559204 0.08759014308452606
v 0.05630332976579666 0.3240227699279785 -0.13680973649024963
v -0.1705179363489151 0.011388523504137993 -0.12001092731952667
v -0.3104249835014343 0.2751418650150299 -0.02337948977947235
v -0.3237576186656952 0.27273204922676086 -0.029583945870399475
v 0.04543180763721466 0.10487817227840424 -0.16649964451789856
v 0.11184349656105042 0.32937678694725037 0.08317595720291138
v -0.06074908748269081 0.09193410724401474 -0.1765308380126953
v -0.07088246941566467 0.09816603362560272 -0.1732688993215561
v -0.14362797141075134 0.28232863545417786 -0.10884885489940643
v -0.15121980011463165 0.27009984850883484 -0.1029190644621849
v -0.1535699963569641 -0.030113661661744118 -0.1626787781715393
v -0.15966641902923584 -0.022847667336463928 -0.15157639980316162
v -0.143609881401062 0.2693266272544861 -0.11212410777807236
v -0.1928451806306839 0.2849155366420746 -0.09251883625984192
v -0.29844316840171814 0.256410151720047 -0.018086358904838562
v -0.1610591858625412 0.18799863755702972 0.0038458257913589478
v -0.04331998899579048 0.08156176656484604 -0.1796305626630783
v 0.040102001279592514 0.4480156898498535 -0.08354483544826508
v 0.12765026092529297 0.4736243784427643 -0.018491514027118683
v 0.08487063646316528 0.46653786301612854 -0.06335411965847015
v -0.13616377115249634 0.14046704769134521 0.04850883036851883
v 0.15532726049423218 0.17706142365932465 -0.06892964243888855
v 0.15830451250076294 0.16302621364593506 -0.061409592628479004
v 0.16153255105018616 0.15024055540561676 -0.05764434114098549
v -0.14676815271377563 0.12308190762996674 -0.10331185162067413
v -0.21608541905879974 0.39251571893692017 -0.05311456322669983
v -0.0980309545993805 0.07040610164403915 0.06397788226604462
v -0.031717799603939056 0.4283605217933655 0.06176207959651947
v 0.05076009780168533 0.49960842728614807 -0.011747658252716064
v 0.09481380134820938 0.10471148788928986 -0.16003087162971497
v -0.053504254668951035 0.17409750819206238 -0.16355931758880615
v 0.22369426488876343 0.40177589654922485 0.04028292000293732
v 0.043119706213474274 0.06558869779109955 0.09044841676950455
v -0.15370117127895355 0.345318078994751 -0.11295601725578308
v 0.0121501125395298 0.2886950671672821 -0.1459103673696518
v 0.008262166753411293 0.1868138462305069 -0.1538117527961731
v 0.18147918581962585 0.3543025851249695 0.06433768570423126
v -0.05668643116950989 0.43120118975639343 -0.10023600608110428
v 0.08955303579568863 0.12678833305835724 -0.15809431672096252
v 0.12821492552757263 0.11370144039392471 -0.14458060264587402
v 0.1417021006345749 0.31606024503707886 0.05986391007900238
v -0.175075501203537 -0.008594488725066185 -0.05547252669930458
v 0.11380964517593384 0.20650812983512878 -0.13805662095546722
v 0.08622249960899353 0.1430080682039261 0.09697592258453369
v -0.13093918561935425 0.17530415952205658 -0.10388139635324478
v -0.05302693322300911 0.40516114234924316 -0.11756687611341476
v 0.2555769085884094 0.27496999502182007 0.06018456816673279
v 0.2524983286857605 0.26182037591934204 0.05411909520626068
v 0.2677922248840332 0.27407413721084595 0.062166452407836914
v -0.12277622520923615 0.3034979999065399 0.06563496589660645
v 0.2359718233346939 0.25205621123313904 0.02901056408882141
v -0.07809479534626007 0.23936426639556885 -0.1540696620941162
v 0.12740197777748108 0.3489764630794525 0.0820033997297287
v 0.13772836327552795 0.35180848836898804 0.07957349717617035
v -0.0142006641253829 0.1505373865365982 0.0924019068479538
v -0.02288864552974701 0.09316956996917725 0.08748931437730789
v -0.24213701486587524 0.37000271677970886 -0.01946362853050232
v -0.24919718503952026 0.2230948507785797 -0.10267043113708496
v 0.19792307913303375 0.42494499683380127 -0.019279703497886658
v 0.17809133231639862 0.3492355942726135 -0.07167036086320877
v 0.005967000499367714 0.09835115820169449 0.09251545369625092
v -0.14857345819473267 0.31014707684516907 0.031690336763858795
v 0.1593218743801117 0.07347014546394348 -0.11937136948108673
v 0.0593826025724411 0.18407899141311646 -0.15536963939666748
v 0.030507566407322884 0.3986203968524933 -0.11137755215167999
v 0.1432074010372162 0.4144864082336426 -0.07807205617427826
v 0.10999386012554169 0.18338176608085632 -0.14391297101974487
v -0.21224023401737213 0.35380154848098755 0.02517552673816681
v -0.08311380445957184 0.4696686565876007 0.016546964645385742
v 0.044574230909347534 0.3326539099216461 -0.1365014612674713
v 0.21409115195274353 0.3610292077064514 -0.04963935911655426
v -0.2134370058774948 0.32819443941116333 0.020031660795211792
v 0.1943756639957428 -0.021005436778068542 -0.10745403915643692
v -0.18012630939483643 -0.020555321127176285 -0.09238322824239731
v -0.012327747419476509 0.4954875707626343 -0.041342660784721375
v 0.22274218499660492 0.38258570432662964 0.05617305636405945
v -0.1526847779750824 0.250349760055542 0.06535891443490982
v -0.0813789963722229 0.26082512736320496 -0.1551918387413025
v 0.07918984442949295 0.4036799669265747 -0.11289123445749283
v -0.057397909462451935 0.08202728629112244 0.08164205402135849
v -0.1563093364238739 0.0976528748869896 -0.0952705591917038
v -0.1547676920890808 0.10705734044313431 -0.08317095041275024
v 0.28305941820144653 0.28735432028770447 0.05959700047969818
v 0.2717278003692627 0.28862154483795166 0.06135214865207672
v -0.1633535623550415 0.31896618008613586 -0.11122661828994751
v 0.17195504903793335 0.2976933717727661 -0.0589723102748394
v -0.17293624579906464 0.3244655132293701 0.01877327263355255
v -0.19036997854709625 0.3142347037792206 -0.0984359160065651
v -0.0028775297105312347 0.06915483623743057 0.08755738288164139
v -0.10929393023252487 0.039687223732471466 0.04648292809724808
v -0.10124342888593674 0.03381304442882538 0.05219054967164993
v -0.05116180703043938 0.39125463366508484 -0.12461712956428528
v 0.1508457213640213 0.2852252125740051 0.0443616583943367
v 0.15352484583854675 0.2805841267108917 0.035480596125125885
v -0.1617843359708786 0.04048949107527733 -0.12597808241844177
v -0.15696296095848083 0.03825044631958008 -0.13482952117919922
v -0.16962097585201263 -0.0002609142102301121 -0.12774589657783508
v -0.2698636054992676 0.23721328377723694 -0.10715299844741821
v 0.0407259501516819 -0.0354619026184082 0.06191232055425644
v -0.15751205384731293 0.09827086329460144 -0.08083134889602661
v 0.22793033719062805 0.2713833451271057 -0.028253406286239624
v -0.17867374420166016 -0.008933219127357006 -0.10016503930091858
v -0.10482534766197205 0.001544929575175047 0.036458998918533325
v -0.15742142498493195 0.25717782974243164 -0.09863230586051941
v 0.15486779808998108 0.40159469842910767 -0.07719066739082336
v 0.10538557916879654 0.11408162862062454 -0.15450018644332886
v 0.10657289624214172 0.1091904491186142 -0.155413419008255
v -0.0038031190633773804 0.14435431361198425 -0.16015556454658508
v 0.16343243420124054 0.36586591601371765 0.05905316770076752
v 0.19284389913082123 0.002750569488853216 -0.08766239881515503
v -0.0878588855266571 0.3232107162475586 -0.15187489986419678
v -0.15257751941680908 0.28979718685150146 0.03258074074983597
v 0.17193296551704407 0.33473366498947144 -0.03253321349620819
v -0.06341344863176346 0.37931349873542786 0.06291645020246506
v 0.11121861636638641 0.00023781182244420052 -0.19260352849960327
v 0.14489072561264038 0.29353922605514526 0.06265459954738617
v -0.09598936140537262 0.3549858331680298 0.061955906450748444
v 0.15433631837368011 0.10950660705566406 0.006830230355262756
v 0.23752424120903015 0.37829622626304626 0.04536318778991699
v 0.18921446800231934 0.025953050702810287 -0.0818507969379425
v -0.13249938189983368 0.16341787576675415 -0.12817004323005676
v 0.00568583607673645 0.14079128205776215 -0.15800347924232483
v -0.29052501916885376 0.2510145604610443 -0.09823109209537506
v 0.033953212201595306 0.16717682778835297 -0.15554489195346832
v 0.07336793839931488 0.43941017985343933 -0.09121789783239365
v -0.19566409289836884 0.3950802981853485 -0.07853209972381592
v -0.147324338555336 0.11347616463899612 -0.11464688181877136
v -0.1647445112466812 0.39695706963539124 -0.09251949936151505
v -0.1608622670173645 0.3915710151195526 -0.09988786280155182
v 0.0404861755669117 0.38135236501693726 0.07451670616865158
v -0.09481756389141083 -0.007737721316516399 0.040988191962242126
v -0.05953514203429222 0.2420777976512909 -0.1503649353981018
v -0.17882835865020752 0.4221719205379486 0.01479349285364151
v 0.08111020177602768 0.009992696344852448 0.06392636895179749
v 0.024566903710365295 0.14252926409244537 0.10138830542564392
v 0.13424783945083618 0.21788786351680756 0.07665000855922699
v 0.14410392940044403 0.3020195960998535 0.06501808017492294
v 0.14464035630226135 0.30380889773368835 0.05451469123363495
v -0.040014829486608505 -0.030123360455036163 0.05801735818386078
v 0.05337430536746979 0.0909981057047844 0.09375099837779999
v 0.025763090699911118 -0.03812545910477638 0.06447847187519073
v -0.16251090168952942 0.0511876717209816 -0.113367460668087
v -0.07027042657136917 -0.0006136740557849407 0.056000277400016785
v 0.1501290202140808 0.10310231149196625 0.01686529815196991
v -0.09453888982534409 0.04105176776647568 0.05878422409296036
v 0.22659586369991302 0.3917965590953827 0.04628168046474457
v 0.17970174551010132 0.35036420822143555 -0.05829913169145584
v -0.17164909839630127 0.30690810084342957 0.015911251306533813
v -0.18703167140483856 0.31136611104011536 0.02268967032432556
v -0.035523101687431335 0.3592506945133209 -0.13663244247436523
v 0.15919966995716095 0.08944672346115112 -0.11135999858379364
v 0.033690229058265686 0.2048722803592682 -0.15104031562805176
v 0.0339215025305748 0.15444771945476532 0.10449117422103882
v 0.006705639883875847 0.26360175013542175 -0.15012618899345398
v -0.16025282442569733 0.2614254057407379 0.03633660078048706
v 0.1686639040708542 0.0445655882358551 -0.01168033480644226
v -0.12614426016807556 0.3753388524055481 0.048050783574581146
v -0.1606615036725998 0.18464289605617523 -0.005128182470798492
v -0.021184317767620087 0.2930736243724823 -0.15020084381103516
v -0.11842568963766098 0.16213706135749817 0.06608413904905319
v 0.04337339848279953 0.40253451466560364 -0.11063119769096375
v 0.1606927216053009 0.2724205553531647 0.01670302450656891
v -0.1232805997133255 0.2473447471857071 0.08507252484560013
v 0.14945389330387115 0.11959046125411987 0.017797231674194336
v 0.09178004413843155 -0.04821641743183136 0.044324956834316254
v -0.15251310169696808 0.18788547813892365 0.05230666697025299
v -0.15602099895477295 0.1978304386138916 0.04872644692659378
v -0.159724622964859 0.19639739394187927 0.03797837346792221
v 0.09408392012119293 0.1325034350156784 0.08945097029209137
v -0.10164719074964523 0.12109562754631042 0.07262082397937775
v 0.16575506329536438 0.45255619287490845 -0.007225126028060913
v -0.16446080803871155 0.31536588072776794 -0.10098015516996384
v -0.16344234347343445 0.32685959339141846 -0.10009340941905975
v 0.01454226579517126 0.27160322666168213 -0.14713366329669952
v 0.0018468392081558704 0.056598275899887085 -0.1857495903968811
v -0.049763262271881104 0.36107900738716125 0.0718931183218956
v -0.10419847816228867 0.09285879135131836 -0.16243940591812134
v -0.04232475906610489 0.3683087229728699 -0.1345360279083252
v 0.1142498329281807 0.45995885133743286 0.03392188996076584
v 0.14083820581436157 0.1303848773241043 -0.12304939329624176
v -0.010868705809116364 0.27937784790992737 0.10088194161653519
v 0.3169536888599396 0.32292377948760986 0.022390514612197876
v 0.17055532336235046 0.314281165599823 -0.07185102999210358
v 0.0035767084918916225 0.02507895976305008 -0.19795586168766022
v 0.08479480445384979 0.09457707405090332 -0.16521507501602173
v -0.11106894165277481 0.19034671783447266 -0.15237504243850708
v 0.15846584737300873 0.1055397242307663 -0.003048419952392578
v -0.0927250012755394 0.10620211064815521 0.07505597919225693
v 0.16694095730781555 -0.034606561064720154 0.002500109374523163
v 0.07311910390853882 -0.07778708636760712 0.044336073100566864
v 0.06383104622364044 -0.0710085928440094 0.047222800552845
v -0.040267739444971085 -0.043371617794036865 0.05303586274385452
v 0.03533509001135826 0.12001582235097885 0.09868237376213074
v -0.12879180908203125 -0.007292862515896559 0.00976686179637909
v -0.13778997957706451 0.4546658992767334 -0.00549742579460144
v 0.0895608514547348 0.45910677313804626 -0.07076825201511383
v 0.11339245736598969 0.4135013222694397 -0.09676503390073776
v 0.12528923153877258 0.42087605595588684 -0.08548257499933243
v 0.0661478266119957 0.18379174172878265 0.10905702412128448
v -0.14833691716194153 0.03186298534274101 -0.151177316904068
v 0.18664221465587616 0.44195133447647095 0.026073694229125977
v 0.10815523564815521 0.38111522793769836 -0.11355023086071014
v -0.0943179652094841 -0.017278581857681274 -0.20677006244659424
v 0.15472808480262756 0.12285678833723068 0.00468502938747406
v 0.18608765304088593 0.01683811843395233 -0.11129599809646606
v -0.16056378185749054 0.20898830890655518 0.005966976284980774
v 0.11445774137973785 0.10551144927740097 -0.1504228711128235
v -0.14709261059761047 0.3281436860561371 0.039410024881362915
v 0.10392531752586365 0.014238755218684673 0.05382236838340759
v -0.06273181736469269 0.39878714084625244 -0.12334262579679489
v -0.18798404932022095 0.3211579918861389 0.025922909379005432
v 0.12761835753917694 0.015697579830884933 0.03622973710298538
v -0.16681420803070068 0.07949260622262955 -0.04674139618873596
v -0.05560920760035515 0.1293552964925766 -0.17037087678909302
v 0.01539450604468584 0.09314435720443726 0.09320472180843353
v 0.15043951570987701 0.3766295909881592 0.06558290123939514
v 0.15049226582050323 0.3712245225906372 0.06411194801330566
v 0.1566765308380127 0.10018263757228851 -0.11081094294786453
v 0.17345470190048218 0.4349961578845978 0.05037190020084381
v 0.06389665603637695 -0.012695161625742912 0.06386224925518036
v 0.06705577671527863 0.40730178356170654 -0.11171946674585342
v 0.0856098085641861 -0.05795298144221306 0.04411035031080246
v 0.07841786742210388 -0.05024115741252899 0.04864966869354248
v -0.20634253323078156 0.3008330762386322 0.01166534423828125
v 0.15472860634326935 0.07004914432764053 -0.12872491776943207
v -0.1577136516571045 0.27720770239830017 0.03724963217973709
v 0.07943077385425568 0.3930148780345917 -0.11786078661680222
v -0.0900275707244873 0.12159006297588348 0.08008170872926712
v 0.23639504611492157 0.2642999291419983 -0.025931209325790405
v -0.1330263316631317 0.2274090200662613 -0.10968565940856934
v -0.10270922631025314 0.4725940227508545 -0.04709285497665405
v -0.1072169840335846 0.47551095485687256 -0.02794225513935089
v -0.15269911289215088 0.43656638264656067 -0.06114693731069565
v 0.21390478312969208 0.3596075177192688 0.06461302936077118
v 0.024093985557556152 0.1623946726322174 -0.155050590634346
v -0.1200876235961914 0.03000255674123764 0.031120143830776215
v -0.13498371839523315 0.42179983854293823 0.025318600237369537
v 0.10409623384475708 0.20238222181797028 -0.14488518238067627
v 0.10435798764228821 0.21254590153694153 -0.1434650421142578
v -0.10067103803157806 0.2974953055381775 -0.14573237299919128
v 0.13490736484527588 0.4155884385108948 0.07135117053985596
v -0.24637793004512787 0.3603256046772003 -0.014726981520652771
v -0.16210055351257324 0.26268213987350464 -0.01976063847541809
v -0.16039901971817017 0.25455325841903687 -0.010342508554458618
v 0.00455843098461628 0.4496166408061981 -0.08180835843086243
v -0.13879992067813873 0.15181823074817657 -0.08772093057632446
v 0.11590827256441116 0.17440854012966156 -0.1412743628025055
v 0.05216836929321289 0.05959693714976311 0.08786600083112717
v 0.11683255434036255 0.04086562991142273 0.05073586851358414
v 0.06644199788570404 0.1508769392967224 0.1035834401845932
v -0.060259994119405746 0.09937039762735367 -0.17537632584571838
v 0.05167881399393082 0.1917962282896042 -0.15455567836761475
v -0.04294188320636749 0.18339499831199646 0.09859129041433334
f 1 2 3
f 4 5 6
f 7 8 9
f 10 11 12
f 13 14 15
f 16 17 18
f 19 20 21
f 22 23 24
f 25 26 27
f 28 29 30
f 31 32 33
f 34 35 36
f 37 38 39
f 40 41 42
f 43 44 45
f 46 47 48
f 49 50 51
f 52 53 54
f 55 56 57
f 58 59 60
f 61 62 63
f 64 65 66
f 67 68 69
f 70 71 72
f 73 74 75
f 76 77 78
f 79 80 81
f 82 83 84
f 85 86 87
f 88 89 90
f 91 92 93
f 94 95 96
f 97 98 99
f 100 101 102
f 103 97 99
f 104 105 106
f 107 108 109
f 110 111 112
f 113 114 115
f 116 117 118
f 119 120 121
f 122 123 124
f 125 126 127
f 128 129 130
f 131 132 133
f 134 135 136
f 137 138 139
f 140 141 142
f 143 144 145
f 146 147 148
f 149 150 151
f 152 153 154
f 155 156 157
f 158 159 160
f 161 162 163
f 164 165 166
f 167 168 169
f 170 171 172
f 173 174 175
f 176 177 178
f 179 180 181
f 182 183 184
f 185 186 187
f 188 189 190
f 191 192 193
f 194 195 196
f 197 198 199
f 123 200 201
f 202 203 204
f 205 206 207
f 208 209 210
f 211 212 213
f 214 215 216
f 217 218 219
f 220 221 222
f 223 224 225
f 226 227 228
f 229 230 231
f 232 233 234
f 235 236 226
f 237 238 201
f 239 240 241
f 242 243 244
f 245 246 247
f 248 249 250
f 251 252 253
f 254 255 256
f 257 258 259
f 260 261 262
f 263 264 265
f 266 267 186
f 268 269 270
f 271 272 273
f 274 115 275
f 276 262 261
f 277 278 279
f 236 280 281
f 282 283 284
f 285 286 287
f 288 289 290
f 291 292 293
f 294 241 295
f 296 297 298
f 299 300 301
f 294 295 136
f 302 303 304
f 305 306 199
f 307 308 309
f 310 311 312
f 313 314 315
f 316 317 318
f 319 231 320
f 321 322 323
f 324 325 326
f 327 328 329
f 330 331 332
f 187 333 334
f 335 336 337
f 338 339 340
f 341 342 343
f 344 345 346
f 347 348 349
f 329 350 351
f 352 353 354
f 224 355 356
f 357 358 359
f 360 361 362
f 363 364 365
f 366 367 368
f 369 370 371
f 372 120 373
f 374 375 376
f 377 378 379
f 380 376 375
f 381 382 383
f 384 385 386
f 199 387 388
f 389 390 391
f 392 393 394
f 395 396 397
f 398 399 400
f 401 402 403
f 404 405 406
f 407 408 83
f 409 410 411
f 412 413 414
f 415 416 417
f 418 419 420
f 421 422 423
f 424 425 426
f 408 407 291
f 427 428 429
f 430 431 222
f 432 433 434
f 274 435 436
f 437 438 439
f 440 441 442
f 443 444 445
f 446 447 448
f 449 450 451
f 452 453 454
f 455 456 457
f 458 459 460
f 461 136 462
f 463 464 465
f 466 467 468
f 469 470 471
f 472 36 473
f 474 475 476
f 156 477 478
f 479 480 481
f 482 483 484
f 368 485 486
f 487 488 489
f 490 491 492
f 186 267 493
f 494 495 496
f 497 4 498
f 499 500 501
f 502 503 504
f 505 506 234
f 507 508 509
f 510 511 512
f 513 514 515
f 516 517 518
f 371 519 520
f 521 522 523
f 524 525 526
f 90 527 88
f 528 529 530
f 531 532 533
f 534 535 25
f 536 537 538
f 539 540 541
f 542 443 543
f 544 545 546
f 547 548 549
f 550 551 552
f 553 554 555
f 556 557 558
f 559 560 561
f 562 388 563
f 564 565 566
f 567 568 569
f 570 571 572
f 573 574 536
f 69 575 67
f 576 577 578
f 579 580 581
f 582 583 584
f 585 101 586
f 587 588 589
f 590 591 592
f 593 594 595
f 596 597 598
f 63 599 600
f 601 602 603
f 604 605 372
f 606 607 608
f 609 610 27
f 611 612 613
f 614 615 616
f 617 618 619
f 620 621 622
f 623 624 625
f 626 627 628
f 629 630 631
f 632 633 634
f 635 636 504
f 637 638 591
f 330 639 640
f 641 642 643
f 644 645 646
f 647 648 649
f 650 651 652
f 653 654 655
f 656 657 658
f 659 660 661
f 290 662 663
f 664 665 666
f 34 472 667
f 668 669 670
f 260 671 672
f 673 674 620
f 675 676 677
f 678 658 679
f 680 362 361
f 681 682 444
f 683 684 685
f 686 687 688
f 689 2 1
f 690 691 692
f 693 692 691
f 500 694 695
f 696 697 698
f 661 429 428
f 163 699 700
f 701 702 515
f 464 463 703
f 704 705 706
f 707 708 487
f 475 474 709
f 710 711 712
f 713 714 715
f 716 717 718
f 719 720 721
f 722 304 723
f 443 724 444
f 725 726 727
f 728 729 730
f 731 732 733
f 734 735 736
f 737 738 739
f 740 741 742
f 743 677 676
f 744 745 746
f 747 748 749
f 750 751 752
f 753 754 755
f 756 326 325
f 757 337 336
f 758 759 760
f 761 762 763
f 764 765 766
f 432 767 768
f 295 462 136
f 769 770 771
f 118 772 773
f 774 775 776
f 777 778 779
f 780 781 782
f 783 784 785
f 786 787 788
f 789 160 790
f 159 790 160
f 791 792 793
f 794 795 796
f 797 360 362
f 798 799 800
f 801 802 803
f 402 804 805
f 806 302 807
f 808 809 810
f 811 812 813
f 814 815 816
f 399 817 400
f 818 759 819
f 820 821 370
f 822 823 727
f 824 825 826
f 550 312 311
f 135 827 136
f 828 829 830
f 831 832 833
f 788 834 835
f 836 837 838
f 839 746 745
f 674 673 840
f 841 842 843
f 844 845 846
f 847 848 849
f 281 850 851
f 852 853 854
f 855 562 563
f 856 857 858
f 859 860 861
f 862 863 864
f 865 866 867
f 868 869 870
f 871 872 20
f 873 874 875
f 876 877 25
f 878 879 880
f 881 882 883
f 884 885 886
f 887 888 889
f 890 891 892
f 893 894 895
f 896 897 763
f 898 899 900
f 901 902 903
f 904 254 905
f 906 907 908
f 909 910 911
f 790 912 913
f 166 914 915
f 916 917 918
f 919 920 921
f 922 923 924
f 925 107 109
f 926 927 928
f 929 930 931
f 932 185 187
f 933 934 935
f 936 937 938
f 939 940 941
f 942 943 944
f 945 946 947
f 948 949 950
f 951 952 953
f 954 955 956
f 957 320 231
f 958 959 883
f 622 621 960
f 961 962 963
f 555 964 553
f 100 102 965
f 966 967 968
f 969 968 967
f 605 121 372
f 970 971 972
f 973 974 975
f 976 977 978
f 979 980 981
f 982 983 984
f 985 986 987
f 988 989 990
f 991 992 993
f 994 995 67
f 996 506 997
f 998 999 1000
f 886 630 1001
f 1002 1003 1004
f 1005 1006 1007
f 1008 1009 1010
f 374 1011 375
f 1012 1013 1014
f 1015 1016 1017
f 383 1018 1019
f 840 1020 1021
f 176 1022 1023
f 1024 1025 1026
f 238 1027 1028
f 1029 1030 170
f 1031 770 1032
f 1033 1034 191
f 681 1035 1036
f 1037 1038 1039
f 1040 1041 284
f 859 1042 860
f 1043 1044 1045
f 1046 1047 1048
f 1049 998 1000
f 1050 1051 776
f 1052 636 1053
f 1054 1055 1056
f 1057 1058 1059
f 1060 1061 1062
f 212 232 1063
f 1064 1065 1066
f 556 1067 557
f 1068 1069 1070
f 1071 1072 1073
f 736 766 765
f 60 1074 1075
f 1076 1077 1078
f 1079 1080 1077
f 1081 88 109
f 1082 1083 1084
f 1085 486 1086
f 236 1087 280
f 1088 1089 230
f 1090 1091 633
f 1092 1093 1094
f 1095 1096 768
f 1097 1098 1099
f 1100 1101 1102
f 1103 73 75
f 1104 1105 509
f 322 1106 783
f 920 581 921
f 1107 227 1090
f 1108 1109 1110
f 1111 1112 1113
f 279 969 1114
f 1115 1116 1117
f 1118 1119 1120
f 1121 1122 1123
f 1124 1125 1126
f 1127 768 767
f 668 670 1128
f 1129 1130 640
f 1131 1132 1133
f 160 1134 158
f 998 1135 999
f 1136 1137 1138
f 1139 1140 1141
f 893 1011 1142
f 1143 1144 1145
f 239 1146 1147
f 1148 1149 1150
f 1151 1152 1153
f 966 1154 373
f 1155 1004 1003
f 1156 1157 1158
f 1159 1160 653
f 832 1068 1161
f 1162 1163 1164
f 1165 1166 1167
f 1168 1169 497
f 1092 1170 1171
f 1172 1173 1174
f 1006 249 1175
f 1176 1177 1178
f 284 1041 282
f 1179 1180 1181
f 719 721 1182
f 1183 1184 252
f 1185 1186 1134
f 549 1187 1188
f 1189 1190 1191
f 214 1192 1193
f 1194 1195 1196
f 1197 1198 1199
f 82 84 1200
f 1201 1202 275
f 1203 1204 31
f 1205 1206 1207
f 1208 1209 1210
f 433 432 1211
f 1212 1145 1144
f 225 1213 1214
f 1215 274 1216
f 604 372 1217
f 1033 1218 1219
f 1220 1111 1113
f 1221 1222 1223
f 1224 1225 1226
f 1227 1228 1229
f 1230 1231 1232
f 1233 1107 1234
f 1235 1236 1237
f 1238 1239 1240
f 355 1241 718
f 1081 1242 734
f 687 1243 1244
f 1245 1246 1247
f 1248 1249 1250
f 1251 1252 1253
f 732 1254 733
f 182 1255 183
f 355 1256 1257
f 1258 1259 1260
f 1261 301 300
f 1262 1263 1264
f 1265 1188 1266
f 1267 946 1268
f 610 1142 374
f 45 44 118
f 1269 1270 1067
f 1271 1272 1273
f 1274 1275 1276
f 1277 1278 1279
f 1280 1281 236
f 1282 1283 1013
f 1284 1285 1198
f 1286 1287 1288
f 473 1289 1290
f 1291 460 459
f 1123 1292 1293
f 477 1294 478
f 1295 840 673
f 1296 1297 1298
f 969 1299 1300
f 1301 1302 1303
f 1304 1305 1306
f 1307 1308 1309
f 1310 1311 1312
f 1313 1314 1315
f 1316 1317 414
f 1318 1319 1320
f 1321 1322 1323
f 1324 1325 1326
f 116 118 44
f 1327 1328 999
f 1329 1330 1331
f 1332 752 751
f 1333 1334 1335
f 746 377 744
f 637 1336 638
f 1068 1070 1161
f 1337 1338 1339
f 1340 1341 1005
f 1342 1343 1344
f 1345 1346 1347
f 1348 1349 1350
f 1351 286 285
f 1352 237 1353
f 1354 1355 495
f 1356 1357 1358
f 449 1359 1360
f 1361 131 1362
f 1363 1364 1365
f 1366 1367 1368
f 1369 1370 1371
f 1372 1373 1374
f 1375 1376 912
f 1377 1378 720
f 1379 1380 1381
f 1382 298 297
f 1383 1384 1385
f 1386 1387 1388
f 1389 1390 1391
f 1392 1393 1394
f 1395 1396 1397
f 1398 1399 1400
f 1399 1401 1400
f 1402 1403 1404
f 1405 1406 1407
f 741 1408 1409
f 1410 1288 43
f 1219 1411 1033
f 1412 1413 1414
f 1415 1416 1417
f 1418 1419 1420
f 1421 1422 1423
f 484 1423 1422
f 91 864 863
f 1424 1425 1426
f 1373 1372 1293
f 1312 1427 1428
f 1429 127 1430
f 1431 493 267
f 1432 1433 1434
f 1435 1436 1437
f 944 1438 1439
f 1440 1441 1442
f 1443 327 329
f 1444 1070 1069
f 890 892 1445
f 1446 1447 1448
f 1046 736 735
f 1449 1450 1451
f 1452 1453 1122
f 1454 1455 1456
f 675 677 1457
f 1458 598 1459
f 1460 269 1461
f 1462 1463 1464
f 754 1465 291
f 1466 1467 1468
f 1469 1470 1471
f 1253 892 891
f 594 1472 595
f 1052 1457 1473
f 1181 1474 1179
f 1222 1475 1476
f 1477 1478 1479
f 1480 653 655
f 1481 756 613
f 1482 1483 1484
f 1485 278 277
f 680 1486 1487
f 1488 1489 1490
f 505 997 506
f 1491 78 77
f 1492 1493 1048
f 1494 1495 1496
f 1497 1498 1499
f 185 932 266
f 473 1500 1289
f 1501 504 636
f 814 1502 1503
f 1504 1505 1506
f 1051 1507 776
f 1508 57 1509
f 1459 1510 1511
f 1512 1377 720
f 1513 1514 1515
f 1117 972 971
f 1516 1517 1518
f 1519 1520 1521
f 1522 1150 1523
f 197 1524 133
f 1525 1526 1527
f 1528 1529 1530
f 200 1531 1353
f 1532 1533 1534
f 1082 1400 1401
f 1045 132 1535
f 1536 1477 1537
f 1538 868 1539
f 1540 526 1541
f 1542 1543 1544
f 1545 1202 1546
f 1547 572 571
f 1548 72 1549
f 473 1290 1550
f 1551 426 510
f 1552 1553 1554
f 657 656 1555
f 1556 1477 1557
f 1558 1559 1560
f 1561 295 241
f 1427 462 295
f 1562 1563 1564
f 1565 440 442
f 1225 486 485
f 1566 602 1418
f 1567 1568 222
f 1569 1570 683
f 1165 1571 1572
f 1562 1297 1573
f 324 1574 1575
f 1576 1577 1578
f 1579 1580 1534
f 1581 1582 434
f 1402 1583 103
f 1584 534 1585
f 1586 1587 1588
f 1589 1347 1590
f 1591 1497 1499
f 1592 1593 1594
f 493 1385 1384
f 1595 1596 1597
f 1598 740 1599
f 1600 427 1601
f 1602 1603 1604
f 1605 1453 1452
f 1606 1607 359
f 1608 1609 1610
f 1611 1612 1613
f 1614 1226 1615
f 1483 1616 1484
f 1617 1618 1619
f 1620 419 1621
f 1622 1623 1624
f 1625 18 17
f 1626 1627 1628
f 1334 1629 1630
f 668 222 431
f 203 202 1631
f 190 1632 971
f 1260 1633 1258
f 1634 1635 1636
f 646 1637 1638
f 1639 1640 1641
f 1642 656 678
f 1643 1644 1645
f 1646 1043 1452
f 1647 1648 1649
f 1650 1301 441
f 1651 1652 1653
f 1047 1046 1654
f 1655 1656 1657
f 1658 1451 1659
f 1303 441 1301
f 122 1660 123
f 1661 1662 1663
f 1664 1665 1666
f 1667 1668 1669
f 1670 1671 1672
f 1673 151 1018
f 1674 1675 676
f 1676 1677 1678
f 1679 1680 1681
f 1682 1683 203
f 1380 953 952
f 1684 1685 1686
f 1687 1063 1688
f 1689 1690 1097
f 1691 1692 1693
f 1694 1695 1696
f 240 239 1147
f 1697 1698 1699
f 1700 1701 1702
f 171 1703 1704
f 1705 82 1706
f 1245 1247 1707
f 19 1708 1709
f 198 133 1710
f 1711 1712 1083
f 1713 1714 109
f 1714 1081 109
f 1715 1716 1717
f 1718 1456 926
f 1719 1720 1721
f 1722 1723 1724
f 1725 1726 1727
f 1728 1729 805
f 1098 1656 1730
f 1731 1732 1733
f 844 846 1734
f 1735 835 1736
f 1737 1738 1739
f 1740 1741 1742
f 1743 718 1241
f 1744 102 101
f 1745 202 204
f 461 134 136
f 1285 1746 1747
f 1373 1293 1748
f 1749 1750 1387
f 1751 1752 1753
f 1754 1221 1755
f 1756 1757 1758
f 1759 726 1760
f 288 1761 1762
f 1763 1764 990
f 1765 1766 471
f 1767 1768 1769
f 1633 1770 1771
f 1772 1773 1774
f 610 1775 27
f 1776 793 1777
f 1778 1779 1780
f 609 27 26
f 1781 993 992
f 1782 1783 1784
f 1534 1580 1785
f 1785 1786 1787
f 161 700 1788
f 1789 735 1242
f 1790 919 1791
f 943 1436 944
f 1792 1661 1663
f 1793 1794 1795
f 1796 1797 906
f 1798 1248 1799
f 1800 1801 1802
f 1803 1804 1805
f 1806 1807 1808
f 88 527 109
f 1493 766 736
f 1809 1810 1811
f 1812 479 1813
f 1814 241 240
f 1815 1816 1458
f 1817 1818 21
f 881 1819 1788
f 1820 1821 1822
f 1823 1026 1025
f 1824 1825 1826
f 1827 1828 533
f 1829 1763 989
f 1830 1831 1832
f 1833 1834 1745
f 1835 1836 1837
f 1838 1445 892
f 1839 1840 1841
f 639 1842 1843
f 1025 1024 1844
f 173 1845 1846
f 1847 1848 1849
f 1850 1851 1852
f 718 356 355
f 891 1251 1253
f 1853 890 1445
f 255 1854 256
f 1149 749 748
f 1855 1856 152
f 1857 1858 1859
f 330 332 639
f 1860 511 1861
f 1862 1863 1864
f 1865 1866 1867
f 393 392 1868
f 1869 1870 1871
f 835 1872 1736
f 1873 649 1874
f 719 1512 720
f 1875 1077 1080
f 1876 1877 1878
f 1879 1880 1881
f 1882 1883 1884
f 1885 1886 1887
f 1888 1293 1372
f 196 1132 194
f 1889 1890 1642
f 1891 1892 1138
f 1893 1223 1476
f 1894 650 1558
f 1895 13 15
f 1896 1897 6
f 1898 18 1899
f 1900 1901 1902
f 322 783 1903
f 1904 1905 1906
f 1907 934 1908
f 1909 1910 1911
f 1235 1237 1912
f 976 1913 126
f 1618 1323 1914
f 415 1915 1916
f 1917 1918 614
f 1566 1418 1919
f 1920 1921 1922
f 1923 1924 1195
f 584 1925 1926
f 975 1927 1928
f 1929 1743 1241
f 1930 1240 1239
f 1252 1931 1811
f 1932 1167 1166
f 1933 1319 1934
f 990 1935 988
f 1936 1937 1938
f 1939 1335 1334
f 1940 1139 1141
f 1941 1079 1076
f 1942 1943 1944
f 1945 1946 1947
f 1569 683 1146
f 1357 566 565
f 1948 1234 1949
f 455 1950 110
f 1437 1951 1952
f 1953 1954 1955
f 1956 1957 1958
f 1959 1960 1961
f 1962 1963 1964
f 1965 1833 204
f 1966 1184 1967
f 1968 1969 184
f 1254 1970 733
f 1971 1972 1973
f 1943 1974 1944
f 1975 1976 1977
f 1418 1420 1978
f 1979 1980 922
f 1981 1982 1983
f 140 1984 141
f 1985 1986 1987
f 1 1061 1060
f 1988 1989 1990
f 1991 679 1992
f 1993 5 1994
f 1995 1996 137
f 968 1997 966
f 1998 1999 2000
f 2001 1052 2002
f 2003 2004 2005
f 2005 2004 311
f 1196 1195 1924
f 2006 1702 1701
f 312 2007 310
f 145 2008 604
f 1359 121 2009
f 1658 339 2010
f 685 2011 1495
f 2012 75 2013
f 907 906 1797
f 2014 2015 2016
f 2017 2018 594
f 107 2019 2020
f 580 579 2021
f 2022 2023 1872
f 2024 1774 916
f 2025 670 194
f 2026 638 1336
f 2027 482 484
f 375 2028 380
f 2015 2029 2030
f 2031 2032 2033
f 1810 1809 298
f 1682 1334 1333
f 2034 595 2035
f 2034 1560 2036
f 1583 2037 103
f 2038 2039 2040
f 1605 1535 1453
f 825 824 2041
f 2042 870 869
f 2043 589 2044
f 1696 1272 2045
f 833 454 831
f 1801 2046 2047
f 2048 2049 2050
f 1889 2051 2052
f 2053 2054 2055
f 1619 1914 2056
f 2057 2058 2059
f 2060 851 2061
f 2062 2063 2064
f 450 2065 2066
f 2067 2068 2069
f 2070 2071 906
f 2072 2073 2074
f 1866 1521 2075
f 295 2076 1427
f 1442 1769 2077
f 2078 2079 2080
f 275 435 274
f 2081 2082 2083
f 2084 2085 2086
f 537 536 574
f 2087 2088 1475
f 1936 1938 2089
f 2090 1824 2091
f 2092 2093 2069
f 13 2094 2095
f 2096 2097 2098
f 147 2099 2100
f 388 305 199
f 2101 1550 2102
f 2103 2104 1774
f 2105 2106 245
f 2107 603 602
f 2108 2109 2110
f 2076 295 1561
f 669 194 670
f 2111 2112 2113
f 2114 2115 2116
f 2117 2118 2119
f 2120 2121 2122
f 2123 2124 2125
f 329 2126 1443
f 1707 2127 1245
f 804 1728 805
f 2128 2129 2130
f 201 2012 123
f 63 600 61
f 2131 2132 2133
f 2134 2135 1757
f 1495 2136 2137
f 1183 2138 38
f 1670 1051 1671
f 2139 2140 2141
f 2054 2142 2143
f 552 2144 412
f 2145 2146 2147
f 1401 901 903
f 1003 2148 2149
f 633 1091 634
f 1932 2150 119
f 2151 718 1743
f 2152 2153 2154
f 2155 2156 2157
f 3 2158 797
f 2028 1143 1145
f 1738 1231 2159
f 1591 2160 2161
f 558 557 2162
f 2163 2164 2165
f 2166 982 2167
f 2168 996 2169
f 502 303 2170
f 2171 2172 2173
f 1791 2174 2175
f 2176 193 192
f 439 2177 2178
f 2038 2040 2179
f 573 2180 2181
f 187 2182 1505
f 2183 277 2184
f 2185 2186 2187
f 2188 2189 2190
f 2191 48 1054
f 2192 390 689
f 386 2193 606
f 1427 2194 1428
f 1493 1492 2195
f 203 712 1682
f 2196 2197 64
f 2198 2199 1220
f 894 1102 895
f 268 343 342
f 2200 2201 2202
f 2203 1080 2204
f 2205 2206 2207
f 2208 2209 941
f 546 1834 2210
f 2211 984 983
f 2212 417 416
f 2081 2213 342
f 2214 2215 1409
f 1281 226 236
f 1481 613 612
f 2216 2217 2218
f 2219 2220 2221
f 2222 1283 2223
f 2224 2225 2226
f 2227 2228 2229
f 861 2230 2231
f 859 861 2231
f 596 2232 2233
f 1139 2234 2235
f 2100 2236 2237
f 2238 2239 91
f 2240 193 2176
f 1599 740 742
f 2241 1358 1357
f 712 2242 710
f 2243 2244 1657
f 2245 2246 2247
f 2248 48 47
f 2249 2250 609
f 1933 2251 1764
f 460 2252 458
f 2253 910 2254
f 2255 2256 2257
f 2258 1526 2259
f 2260 2261 465
f 2262 2263 2264
f 128 2265 2266
f 1909 2267 1482
f 1644 2268 1645
f 1012 2269 1282
f 61 2270 2271
f 2272 2273 2274
f 250 1006 1005
f 2275 2276 272
f 634 1281 2277
f 2278 2279 2280
f 2281 1629 710
f 827 2282 2283
f 1857 2284 1093
f 355 1257 1241
f 2285 2286 1797
f 1844 2287 2288
f 2289 2290 2291
f 2141 2140 2292
f 2293 535 2294
f 2210 1834 1833
f 430 222 221
f 2295 1960 1959
f 2296 2297 1702
f 1103 987 73
f 263 2298 2299
f 1940 2300 2301
f 2302 533 2303
f 1968 2263 2304
f 2305 2306 2307
f 2308 155 157
f 2309 2310 2311
f 1081 89 88
f 2312 73 987
f 1078 2313 2314
f 1241 2315 2316
f 2317 2318 2319
f 143 2320 1888
f 2321 581 953
f 2322 2323 2324
f 2325 2326 35
f 2327 1516 2328
f 211 1986 2329
f 2004 2330 1695
f 1263 2331 1264
f 2176 2332 2333
f 1493 2195 766
f 860 2334 861
f 2335 2336 2337
f 1499 2338 142
f 913 2339 2340
f 936 1513 1515
f 2341 380 1212
f 2342 848 2343
f 2344 1853 2345
f 2346 247 246
f 757 336 2347
f 1758 1757 2135
f 1621 418 2348
f 1963 880 879
f 1764 1763 2349
f 2350 2351 1244
f 2352 2353 2354
f 2355 1979 922
f 1238 2356 2357
f 2358 2359 2360
f 620 2361 621
f 2132 2131 2362
f 2363 2364 2365
f 78 1838 2366
f 964 2367 1262
f 2368 2369 2370
f 1616 453 452
f 2371 2372 2373
f 2374 2375 2376
f 1426 2377 2378
f 111 475 1442
f 2379 2380 2381
f 2382 960 1502
f 1034 1033 1411
f 2383 1346 1345
f 2384 2385 1873
f 2386 2387 1330
f 2388 2389 1253
f 1903 2390 2391
f 2392 2231 2393
f 1906 2394 1904
f 2395 2396 2397
f 2398 2399 2400
f 1125 1124 2401
f 1251 2402 1252
f 58 843 842
f 2403 2404 1494
f 2405 2406 1878
f 2407 1845 2408
f 2409 580 2021
f 1479 1557 1477
f 574 2410 537
f 2411 365 2326
f 139 1995 137
f 2412 2413 2355
f 2414 1304 2415
f 1327 1135 2416
f 1786 2417 2418
f 393 2419 394
f 346 345 2420
f 2421 2422 2423
f 2424 2425 1740
f 221 2426 2427
f 2428 2429 2430
f 2431 838 2432
f 136 827 294
f 764 124 2433
f 787 808 810
f 2434 2435 2436
f 2437 721 720
f 2438 2439 2440
f 2433 765 764
f 1246 1755 1893
f 1125 96 262
f 2441 2442 1254
f 2443 2444 1952
f 515 2445 2446
f 527 925 109
f 2447 257 2448
f 2449 2050 2049
f 2450 2451 2452
f 2453 53 2454
f 727 726 822
f 2455 2456 986
f 2457 621 2361
f 2458 2459 1610
f 2114 1155 2460
f 2132 377 379
f 2283 294 827
f 294 2283 239
f 2461 559 2226
f 2462 2029 2463
f 1742 2464 2424
f 2465 305 855
f 1719 807 302
f 398 2466 2467
f 1410 2468 2469
f 2470 62 2471
f 2472 2473 2289
f 2474 1544 2057
f 2475 2178 2177
f 2476 1141 2477
f 2478 1820 2479
f 2480 2481 2482
f 2149 2483 2484
f 1935 990 2485
f 1576 1578 414
f 2486 2487 208
f 1374 2488 809
f 2489 2490 1590
f 2131 2133 296
f 2491 667 499
f 2492 275 1202
f 2493 2494 2429
f 2495 2496 1104
f 2497 2498 2499
f 2500 2501 2502
f 1123 1888 2320
f 1377 2503 2504
f 2505 2506 2507
f 2508 151 2509
f 2316 1929 1241
f 2510 491 2511
f 2512 2513 2514
f 356 2515 224
f 2516 2517 1394
f 2518 2519 2520
f 401 430 2521
f 2522 2152 92
f 2032 228 2033
f 1197 1199 1926
f 1790 2523 2524
f 2525 2526 2527
f 1101 1568 1102
f 930 2528 931
f 69 965 102
f 824 933 935
f 2529 2530 2531
f 2532 2533 2534
f 1279 2535 2536
f 2537 628 2538
f 1914 1619 1618
f 2539 234 506
f 2540 1123 2320
f 775 2541 776
f 2542 1992 679
f 1873 2543 647
f 2544 2508 2545
f 759 818 2546
f 2547 2125 2548
f 2549 2550 2551
f 1421 2417 2552
f 702 2445 515
f 805 403 402
f 2553 2554 2555
f 2176 192 2556
f 2557 2558 2516
f 2559 2560 2115
f 1662 2561 2562
f 2563 1511 1510
f 2330 2004 2564
f 547 549 2565
f 1413 165 2566
f 2483 2148 2567
f 814 2568 815
f 2290 2289 2473
f 2569 2418 1423
f 2570 531 533
f 1966 1967 611
f 2571 1095 652
f 2572 2573 2441
f 2574 2575 2576
f 2577 2578 2160
f 2579 2580 1872
f 2581 2582 2583
f 2584 1603 1864
f 1974 2585 2586
f 1654 735 1789
f 1652 1851 2587
f 1863 2310 1709
f 2576 2394 1906
f 2588 2589 2590
f 2591 2592 2593
f 2099 2236 2100
f 2594 2595 1491
f 2182 186 493
f 2596 2597 2598
f 2437 2599 721
f 2600 1182 2143
f 1117 1632 1115
f 1861 1729 446
f 2601 2602 361
f 1113 2198 1220
f 2603 2604 2277
f 2604 632 2277
f 2605 2606 2607
f 2608 2609 2597
f 205 2610 206
f 2387 2285 2611
f 2612 2613 2614
f 160 1598 1134
f 2615 1706 2616
f 2617 2618 2619
f 2620 2621 831
f 1614 1615 2622
f 1087 236 2623
f 2624 2625 983
f 1882 2626 2627
f 2628 2629 2630
f 2631 2632 2633
f 2634 855 563
f 2635 2636 2637
f 2241 1357 565
f 2146 2638 1972
f 2638 598 1972
f 2639 725 727
f 2640 596 598
f 2433 90 89
f 2065 2641 2642
f 2574 2576 409
f 2422 2421 2165
f 976 978 1913
f 2643 2644 2593
f 740 2645 741
f 63 62 531
f 2646 2647 462
f 2647 461 462
f 857 2004 2003
f 186 185 266
f 2349 1319 1933
f 2648 2649 2650
f 2651 2652 2653
f 1302 2654 1303
f 993 592 2655
f 745 1931 839
f 393 1868 2656
f 2657 2658 2547
f 1257 2315 1241
f 1673 2659 149
f 2090 2660 2661
f 2662 2663 1422
f 1902 2664 2665
f 1008 2073 949
f 1201 115 114
f 2666 264 2667
f 2668 2669 1462
f 1714 2670 1408
f 2671 2672 2673
f 364 36 35
f 2481 1265 2674
f 2675 2676 2677
f 2602 2678 1897
f 2679 2680 666
f 1159 2681 1700
f 276 2682 1924
f 2002 2286 2683
f 2684 2685 2686
f 2687 2397 1007
f 2688 765 2433
f 2689 2432 2690
f 493 2691 2182
f 2136 1965 2137
f 2692 2693 2694
f 2137 1496 1495
f 2695 2696 2697
f 2615 1705 1706
f 2698 900 2699
f 2700 1696 550
f 2701 2702 1904
f 583 1925 584
f 2703 545 2704
f 285 2705 2706
f 327 1443 2707
f 2708 2361 2709
f 1785 1787 1532
f 2710 2019 925
f 2711 2712 997
f 2713 2418 2714
f 2495 2715 1606
f 2716 2717 2718
f 1329 2719 1330
f 2720 679 658
f 1900 2721 219
f 2722 2723 2724
f 2209 2020 2019
f 677 2725 2726
f 307 2727 308
f 2728 808 787
f 2400 2729 2398
f 2318 2730 2731
f 1828 2223 2732
f 2733 1541 2734
f 970 972 87
f 2735 2736 2737
f 2738 2739 2740
f 2741 2742 1625
f 708 2743 2744
f 215 2745 2746
f 120 2150 966
f 2747 1773 908
f 2748 1609 2749
f 2750 2751 1082
f 1762 289 288
f 2752 2753 2754
f 2755 2539 506
f 2756 2757 2758
f 2759 2760 2761
f 1770 1633 2762
f 706 2763 704
f 2764 1235 2765
f 1446 1849 1848
f 2766 2356 2767
f 1550 667 472
f 1285 2768 2096
f 2769 2037 1583
f 2770 2271 2270
f 26 2249 609
f 1760 57 56
f 2771 2279 2772
f 2773 2774 2775
f 2776 1090 2341
f 2777 2311 2731
f 2296 2778 2779
f 788 835 786
f 2780 2781 1491
f 181 2782 179
f 2783 2784 2785
f 2786 648 2787
f 396 911 2788
f 1681 1109 1108
f 1722 1110 1109
f 2789 2790 2791
f 810 2792 2793
f 2794 1229 1228
f 2759 2795 2796
f 2797 2798 2799
f 1286 2800 2801
f 2367 1050 1262
f 2802 390 2192
f 2803 2804 2805
f 2806 363 365
f 527 90 74
f 821 820 2807
f 2808 691 2809
f 489 2810 2587
f 2274 2273 2811
f 2812 2813 2814
f 1838 78 1491
f 2815 2816 2817
f 2818 2285 1797
f 498 1897 2819
f 907 2286 2002
f 2820 1511 2821
f 1586 2822 2823
f 2824 2261 2260
f 2825 2040 2039
f 1524 131 133
f 1547 2826 2827
f 2828 2829 47
f 1743 2827 2826
f 1330 2830 1331
f 2831 2832 2833
f 2025 194 1132
f 2834 969 1300
f 278 1997 968
f 2298 263 2835
f 2836 2837 2838
f 2839 2840 2841
f 1630 2842 1391
f 1999 2843 2000
f 2844 2845 2846
f 2847 1129 2848
f 1812 2849 336
f 2850 2851 2852
f 15 2853 2854
f 2158 3 2
f 53 2453 2855
f 2111 2557 2856
f 2595 2331 1263
f 1869 2857 2858
f 869 2134 2042
f 1935 2859 988
f 2860 1951 2861
f 1042 2862 1779
f 2863 1122 1453
f 591 2864 2865
f 2465 2866 2867
f 625 1805 1804
f 678 2868 1642
f 2869 2870 265
f 2871 2872 2542
f 741 1409 742
f 2024 2873 1937
f 2874 2875 2876
f 2864 2303 2865
f 2877 2878 2879
f 2239 878 2522
f 2629 652 1095
f 2880 900 899
f 479 1812 335
f 2881 521 523
f 1494 2404 1495
f 1634 2882 1894
f 2883 2884 2885
f 233 2329 2886
f 2568 661 660
f 2887 2583 2582
f 2888 2889 1445
f 2890 1038 1010
f 2031 1316 2032
f 1196 1924 2682
f 2891 2892 2893
f 1807 2037 1808
f 1345 1589 2357
f 2141 2894 2139
f 1599 1134 1598
f 1044 2895 2896
f 2896 1710 1044
f 631 2897 629
f 2898 1331 2830
f 2433 89 2688
f 89 1081 2688
f 2899 2900 2901
f 2902 2903 306
f 2904 2905 2906
f 2907 2908 2909
f 2910 850 2911
f 2912 2527 652
f 2913 2914 2915
f 2916 1054 2917
f 2847 1542 2918
f 1534 1533 2608
f 2313 1077 1875
f 687 1076 1078
f 10 12 2919
f 1561 2920 2076
f 2137 1335 1496
f 1939 1334 1630
f 460 1291 2125
f 2214 1409 1713
f 1574 326 2921
f 2922 1237 2754
f 2923 1777 793
f 2924 2102 2695
f 2925 2926 2927
f 1929 2316 2928
f 2929 1539 2930
f 1404 1403 2931
f 1977 2932 1291
f 2933 2934 2935
f 2936 2937 2938
f 1180 139 2939
f 1274 2940 963
f 2545 2941 2544
f 2942 345 2943
f 2944 350 328
f 721 2599 2143
f 2945 2855 2453
f 2946 1424 2947
f 2385 2948 2949
f 2042 2134 2950
f 2951 2952 2953
f 2750 396 2751
f 2954 2955 1717
f 1021 2956 2709
f 2957 388 387
f 332 859 639
f 2958 2959 2667
f 2960 2614 2393
f 2393 2230 2960
f 2961 2962 2950
f 687 1244 1076
f 2286 907 1797
f 2963 820 2964
f 2287 1844 1024
f 1867 1866 2965
f 2966 1733 1732
f 2967 568 288
f 2968 2089 1938
f 2969 8 2970
f 1382 2971 2586
f 2972 2973 2974
f 1632 1871 2975
f 587 2976 2977
f 967 1932 969
f 2771 2978 2979
f 2823 2980 2981
f 1505 1504 2982
f 1926 2983 1197
f 2598 2984 2596
f 2985 2261 1944
f 2986 1393 2987
f 2254 129 2266
f 2988 2989 349
f 2990 2991 2220
f 2806 2992 2993
f 2994 2858 2857
f 2500 1474 1181
f 2616 2661 2995
f 1435 2444 2716
f 2084 2996 2997
f 1391 2842 2998
f 637 591 2999
f 3000 1609 2056
f 3001 3002 3003
f 3004 3005 3006
f 796 3007 794
f 3008 3009 1983
f 2120 192 250
f 2045 2315 551
f 3010 3011 2474
f 3012 3013 2206
f 1234 3014 3015
f 3016 2767 2868
f 1111 1220 3017
f 762 3018 3019
f 2430 1913 3020
f 2493 2428 1417
f 2228 922 3021
f 3022 3023 1671
f 3024 3025 2235
f 1537 3026 2011
f 2859 3027 3028
f 842 59 58
f 3029 3030 2128
f 1431 2534 2533
f 1892 1136 1138
f 904 3031 3032
f 1107 3033 227
f 3034 2502 3035
f 882 1788 700
f 3036 390 389
f 2086 2996 2084
f 2298 3037 2299
f 1651 1851 1652
f 1397 1396 3038
f 624 798 1805
f 2233 2563 1510
f 2563 2233 1273
f 2202 2897 3039
f 204 1683 1965
f 3040 2849 1812
f 3041 1238 1240
f 789 1941 1076
f 787 2793 788
f 1383 3042 2654
f 3043 2592 3044
f 3045 1878 1877
f 1869 2979 2978
f 1102 1128 3046
f 2779 2122 3047
f 3048 1030 3049
f 3050 2970 1728
f 798 624 2292
f 1591 142 94
f 3051 2167 3052
f 3053 2369 2368
f 2285 2818 2611
f 2493 2737 2736
f 450 1571 1165
f 26 2293 3054
f 1192 2981 2980
f 3055 2906 2905
f 3056 3057 3058
f 3059 3060 1726
f 3061 3062 3063
f 3064 3065 746
f 2961 2950 1848
f 1849 1712 1847
f 3066 3067 2181
f 3068 1026 1823
f 3069 3070 3071
f 1782 3072 3073
f 3074 1904 2702
f 733 3075 1019
f 841 3076 2675
f 3077 3078 3079
f 3080 2324 2323
f 3081 3082 3083
f 3084 885 3085
f 3086 796 795
f 2934 618 3087
f 3088 1887 3089
f 2177 439 438
f 2393 2231 2230
f 3090 2716 2718
f 3091 1160 801
f 2033 228 227
f 2577 2401 3092
f 3093 3094 3095
f 1578 2623 235
f 235 2623 236
f 2988 3096 2989
f 2350 2211 740
f 2025 3097 670
f 1973 3098 2308
f 2395 352 3091
f 3099 3100 654
f 3101 3102 2028
f 1360 3103 2641
f 1275 3104 1276
f 3105 3106 1573
f 3107 2380 524
f 1728 447 1729
f 3108 2166 3109
f 2832 3110 2414
f 3111 3112 1342
f 3113 2018 1224
f 3114 3115 436
f 1556 1537 1477
f 632 634 2277
f 249 1006 250
f 767 432 1582
f 3116 3117 1158
f 1266 1188 1187
f 3118 2827 3119
f 1987 543 2916
f 3120 2748 2749
f 567 3121 2722
f 1251 891 2528
f 3122 1697 1699
f 1026 3068 3123
f 1446 1171 3124
f 1236 2080 2079
f 924 3021 922
f 1175 3125 1126
f 1558 1560 2034
f 1683 204 203
f 1683 1682 1333
f 2082 590 592
f 2074 2664 2072
f 1706 1200 1825
f 3126 1952 1951
f 1920 2637 2636
f 2366 3127 78
f 892 2366 1838
f 3128 2370 2369
f 2370 785 2368
f 3129 2633 367
f 3130 3131 3132
f 3133 1678 2734
f 3023 1857 3134
f 2666 2534 266
f 3135 189 3136
f 1491 2781 1838
f 2781 1445 1838
f 1881 2357 2356
f 2832 2414 2833
f 2420 3137 3138
f 3139 2510 340
f 3140 3141 3142
f 3143 2787 1998
f 2857 1869 1871
f 1545 1546 1607
f 2772 3144 2978
f 138 2939 139
f 445 444 682
f 609 1488 1490
f 598 1458 1972
f 1458 1816 1972
f 3145 24 23
f 2340 3146 1941
f 1855 3147 2130
f 3094 3148 3095
f 3128 2630 3149
f 3150 2178 3151
f 2119 1529 3149
f 535 2293 25
f 1278 1277 749
f 1079 3152 1080
f 1243 984 2350
f 1367 1366 3153
f 3154 3155 468
f 3156 1961 3157
f 3158 3159 3160
f 708 3075 1970
f 900 2698 898
f 794 2769 1583
f 237 201 200
f 3161 3158 1325
f 3162 3163 2569
f 3164 3165 3021
f 814 816 1502
f 297 296 2915
f 2683 2386 2001
f 3166 3167 467
f 3168 3169 3170
f 3171 3172 2172
f 458 1032 3173
f 202 1745 2040
f 3174 2335 2337
f 2759 1770 2795
f 3175 487 1850
f 2673 2439 2051
f 3176 307 309
f 988 3177 3178
f 1996 3179 137
f 107 2020 108
f 361 1896 6
f 3180 3181 1258
f 3182 3183 2775
f 3184 940 1679
f 2744 3185 3186
f 2561 3102 3187
f 1840 1839 1928
f 3080 2323 3188
f 2064 2063 448
f 446 1860 1861
f 574 2181 3067
f 3189 1409 2215
f 808 2728 3190
f 968 279 278
f 411 3191 2831
f 2572 731 3192
f 1675 3193 676
f 2882 3194 3195
f 3196 1161 1070
f 1404 3197 1348
f 1713 109 108
f 214 2506 3198
f 3199 3200 3201
f 3040 221 220
f 2639 727 3202
f 3203 3204 3205
f 3173 3206 3207
f 2860 3208 3209
f 3210 209 3211
f 3212 3213 3214
f 1835 2133 379
f 2436 1289 1500
f 159 912 790
f 378 2614 2960
f 2369 1560 1559
f 367 1469 1471
f 3215 3216 3217
f 2261 3218 463
f 3219 3195 3194
f 3118 2705 572
f 1355 3220 495
f 1358 1104 509
f 3187 3221 3097
f 3222 1088 3223
f 1889 3224 2051
f 3225 550 552
f 2059 3226 2437
f 3227 2205 3228
f 3229 729 3230
f 3231 2630 2629
f 3232 867 692
f 3233 3234 2210
f 2777 2731 2730
f 2283 3235 1146
f 2980 3236 3237
f 2935 1686 3238
f 296 2362 2131
f 2613 2392 2614
f 3173 1032 770
f 3239 2354 3240
f 3241 3242 2540
f 2268 1644 3243
f 312 1317 2007
f 1791 3244 3245
f 2789 2206 3013
f 1716 1203 1717
f 3142 2591 854
f 1431 3246 1385
f 104 3247 105
f 1667 1669 1290
f 3248 3164 3249
f 234 999 505
f 3141 3250 3142
f 3069 3251 3252
f 3253 1125 262
f 849 3254 847
f 3255 504 503
f 3256 2605 2567
f 3257 3258 2256
f 650 652 2629
f 1095 3231 2629
f 771 3096 769
f 3259 2499 2498
f 491 490 3260
f 3219 3194 1614
f 3261 1927 975
f 2648 2426 1813
f 671 141 1984
f 956 1308 2870
f 3262 3263 3264
f 3265 963 962
f 2013 123 2012
f 3266 1760 726
f 2339 1376 1057
f 2523 1790 1791
f 3267 467 3167
f 3154 3268 3155
f 3269 31 1204
f 18 2317 2319
f 2900 3270 2901
f 3220 1355 2712
f 3271 2875 3121
f 1726 1344 3272
f 1529 2189 3273
f 427 3274 428
f 3275 1856 1855
f 2719 723 2001
f 2096 2098 1746
f 3276 3277 928
f 2052 2051 2439
f 826 825 829
f 1046 1048 736
f 3278 3279 3280
f 3281 3282 3283
f 2335 1808 2336
f 311 310 2005
f 3284 183 1255
f 373 1217 372
f 1218 1033 191
f 2537 626 628
f 3015 1212 1144
f 736 765 734
f 2552 1785 1580
f 957 2920 3285
f 3285 3286 1644
f 933 3287 934
f 3288 3289 856
f 926 928 1718
f 1731 3290 1732
f 789 1076 1244
f 2415 1455 2414
f 2182 2691 1506
f 2640 598 2638
f 3291 2594 2465
f 2958 2721 1900
f 3236 2823 3292
f 1857 3023 3022
f 1775 376 632
f 3293 3294 3295
f 3037 2721 2299
f 3296 3149 1529
f 3297 3298 2083
f 3299 3198 2506
f 2703 546 545
f 3300 2370 3296
f 1007 1340 1005
f 3301 3302 3303
f 2815 3304 2816
f 1245 1754 1755
f 2953 1834 2951
f 1227 1229 3305
f 715 1601 713
f 2250 2249 2859
f 2714 351 1989
f 3306 3307 3308
f 2647 2646 3309
f 3310 3311 3312
f 3313 659 616
f 996 2168 3314
f 3315 607 3316
f 3054 2249 26
f 3317 2504 2503
f 2678 2819 1897
f 3305 3318 1227
f 3036 3319 3320
f 1088 230 229
f 3321 2479 2169
f 776 3322 1050
f 2258 3323 3324
f 361 6 680
f 3317 71 70
f 3285 2920 3286
f 3325 986 3032
f 757 1488 2250
f 1488 609 2250
f 2561 2530 2529
f 3326 2739 492
f 3327 3328 2236
f 1351 285 3329
f 121 3330 119
f 45 118 2468
f 1024 1026 3123
f 1313 810 809
f 2921 80 1574
f 421 1825 1200
f 3331 9 3332
f 25 27 876
f 1893 2990 1246
f 2006 2296 1702
f 1646 3333 2729
f 915 914 3334
f 2124 2548 2125
f 3032 939 941
f 2765 3335 3336
f 3337 2446 2445
f 3338 853 3339
f 3060 1727 1726
f 3340 3341 3342
f 3343 2924 148
f 3344 750 752
f 248 191 1034
f 1795 1794 3345
f 1249 328 1250
f 3346 667 1550
f 667 2491 34
f 3347 1906 1905
f 379 2133 2132
f 3237 3348 3349
f 3350 2100 2237
f 695 844 1734
f 944 3351 942
f 2772 3352 2084
f 1909 1911 2597
f 2804 3240 2805
f 1118 344 1119
f 2390 3353 1691
f 3127 76 78
f 1257 3354 2315
f 557 1067 1270
f 3022 1671 1050
f 3355 3356 3357
f 1614 3194 1226
f 1615 485 3358
f 3359 3360 3342
f 3361 182 184
f 369 1406 3160
f 1492 3362 3363
f 3364 3365 2526
f 3032 941 3366
f 3367 3368 3369
f 143 1888 144
f 1780 810 3370
f 2244 3371 1730
f 2564 856 3289
f 52 3372 3373
f 3374 3375 3376
f 2275 3377 3378
f 664 1454 3379
f 1074 2652 1075
f 2538 3380 2537
f 1341 2297 3047
f 3381 3382 2467
f 1062 846 1060
f 2618 3383 3384
f 1000 2917 1049
f 443 445 3385
f 3386 2975 1871
f 1763 1829 2349
f 2869 3387 956
f 2424 1649 1947
f 2496 1606 358
f 226 228 235
f 3230 729 3388
f 3389 3390 1939
f 56 3391 1760
f 416 1916 3392
f 3393 1484 452
f 169 3394 167
f 31 33 3395
f 3051 3017 1220
f 3396 3397 3398
f 3399 3400 553
f 1 2192 689
f 2663 3401 3402
f 3124 1171 1170
f 3125 1034 1126
f 3148 1640 3095
f 3403 1579 2608
f 1214 3404 413
f 3385 543 443
f 205 2246 1387
f 3405 3406 2201
f 3407 3408 3025
f 3330 1167 119
f 1169 3409 497
f 3410 3411 357
f 3412 3413 3414
f 1377 2504 437
f 1027 1844 1028
f 3415 747 1277
f 3112 665 301
f 3416 2376 3417
f 214 3198 215
f 3418 1306 1305
f 1419 1418 602
f 3419 3420 1846
f 1449 2010 3334
f 1118 3421 3422
f 1201 1546 1202
f 172 3423 2811
f 1038 1037 1010
f 312 550 3225
f 2394 3424 1904
f 218 217 3425
f 1397 1978 1420
f 3426 2871 2542
f 2147 2649 3427
f 3428 3429 3319
f 761 897 3430
f 2905 1002 1004
f 1086 3431 3432
f 3277 3433 1718
f 551 550 1696
f 2846 3434 2844
f 333 187 1505
f 3435 3436 3437
f 2360 3438 615
f 3439 1893 1476
f 1966 611 2170
f 1481 3440 2921
f 3277 1876 3441
f 3428 391 3442
f 532 2303 533
f 904 3032 2456
f 3258 3443 3444
f 359 358 1606
f 3445 3446 139
f 3309 461 2647
f 3447 3448 837
f 1440 2077 3449
f 3390 1496 1939
f 3385 3450 2191
f 3123 2677 1024
f 3045 829 825
f 355 224 1256
f 717 2515 356
f 3451 3452 1116
f 3453 2232 2928
f 3454 439 1378
f 1273 2233 1271
f 1102 1568 1128
f 2269 1012 1014
f 3455 2269 3456
f 229 3223 1088
f 3457 3458 3459
f 455 112 456
f 3460 2235 2234
f 3461 2220 2991
f 820 3321 2169
f 3462 3463 2915
f 2415 3464 927
f 3465 3466 3467
f 3468 2803 2805
f 3469 902 3470
f 2670 1409 1408
f 3471 3188 875
f 3079 3472 3473
f 3444 3474 1168
f 592 993 1781
f 3475 2092 2069
f 2918 2023 834
f 2641 3476 3477
f 3478 3217 3479
f 3480 3217 3216
f 1318 1934 1319
f 845 2237 2804
f 2599 3226 2054
f 2055 2054 3226
f 3046 1128 670
f 1496 3390 1494
f 3481 215 3482
f 1716 1715 3483
f 2961 3484 3485
f 3486 1753 1752
f 205 1387 1750
f 2502 3034 1474
f 1641 3186 3185
f 2100 148 147
f 371 370 821
f 3487 2268 3243
f 3386 3488 2975
f 3489 3490 3491
f 3492 1289 2436
f 2436 2703 3492
f 1644 3286 3243
f 2900 1666 1394
f 3493 3362 520
f 1951 3494 3495
f 3496 1259 195
f 1487 501 1734
f 3497 3498 1267
f 2031 2033 3499
f 1620 3500 2544
f 1363 3501 347
f 575 3502 67
f 3503 2997 2996
f 1081 734 2688
f 2688 734 765
f 499 1993 2325
f 3504 346 3505
f 3411 3506 357
f 2730 3507 2777
f 999 234 233
f 233 1000 999
f 3508 3338 3339
f 3509 3510 3511
f 2174 921 2175
f 1018 383 1673
f 284 283 1230
f 3512 282 1041
f 3513 2162 557
f 3514 481 1934
f 3515 2007 3516
f 3517 1962 2292
f 963 1275 1274
f 1860 512 511
f 3275 2129 3518
f 3519 3520 3521
f 1562 1564 3522
f 3053 2036 1560
f 753 423 422
f 94 142 141
f 55 3523 3524
f 3525 3119 2827
f 2346 246 3526
f 1982 3008 1983
f 3008 1982 318
f 2452 3295 1665
f 1864 1603 3527
f 3528 3529 1884
f 1922 1921 3530
f 2884 3410 357
f 3352 2772 2279
f 1682 712 711
f 3531 1369 1004
f 1056 1049 1054
f 698 1572 1571
f 3532 3533 1976
f 290 2967 288
f 3534 3535 3536
f 2169 2712 2964
f 3537 860 1042
f 3415 3324 3323
f 3112 301 1261
f 3538 2427 2426
f 3539 170 172
f 3002 914 166
f 3540 1057 1376
f 1389 3541 1390
f 1635 2035 1636
f 3542 3543 3544
f 2987 3107 1113
f 2364 3545 2365
f 2482 3483 2480
f 1841 3546 1689
f 3547 3548 3499
f 3549 3305 599
f 664 666 1454
f 3550 2447 3551
f 834 788 2793
f 2067 2153 880
f 768 3231 1095
f 3552 3553 2841
f 258 3554 2618
f 3555 3071 3254
f 405 1127 406
f 1077 1076 1079
f 1660 2161 1531
f 3556 1048 1047
f 50 3557 51
f 3558 1720 1329
f 853 3443 3339
f 133 198 197
f 3498 3559 2477
f 2674 1415 1417
f 2209 3560 3366
f 742 1185 1599
f 454 2620 831
f 3561 2439 2673
f 3562 1830 658
f 2784 2280 2785
f 3563 3564 3565
f 2402 1251 1276
f 1607 2937 1545
f 3566 3567 3451
f 2 3278 2158
f 3568 2087 1222
f 1025 3569 1823
f 2479 1822 2168
f 525 2380 2734
f 1439 3351 944
f 1962 2322 2292
f 3570 3385 2191
f 154 66 3147
f 1568 220 222
f 3571 2079 3503
f 3048 170 1030
f 3572 2139 2894
f 3569 1025 1844
f 3500 3192 2544
f 3414 1187 549
f 235 228 3573
f 1104 1358 2495
f 570 3574 3575
f 232 212 233
f 1388 1387 2246
f 539 2635 2637
f 3576 2925 2927
f 3577 3578 3579
f 2025 2562 3187
f 481 3514 3580
f 198 387 199
f 2707 318 317
f 3581 3115 701
f 2620 454 453
f 2300 1151 2301
f 3000 961 2749
f 2631 3582 3583
f 1365 420 3584
f 3585 3400 3399
f 3586 2993 2992
f 51 991 2584
f 441 440 1650
f 2738 899 898
f 3587 1527 1526
f 596 2233 1510
f 841 2675 2677
f 3144 2997 3503
f 2104 916 1774
f 3588 3589 453
f 885 3590 886
f 1637 1957 1638
f 1210 3591 3592
f 214 216 1192
f 3297 2083 2082
f 2509 2778 2006
f 2913 3593 2914
f 197 199 306
f 348 347 3501
f 316 318 1982
f 3046 670 3097
f 3594 394 3124
f 930 929 755
f 2302 2026 3595
f 314 3596 3597
f 2334 105 3247
f 3020 1204 3483
f 3434 2846 2489
f 3598 2739 3599
f 3037 2298 2835
f 3600 3601 3602
f 240 3603 1814
f 3390 3603 1494
f 368 1085 366
f 3604 3367 3369
f 2308 1971 1973
f 2762 2689 2690
f 1963 1962 2068
f 3250 1588 1587
f 3605 1527 3606
f 1667 1290 1289
f 3607 3608 3609
f 178 3610 470
f 1269 3365 2096
f 2732 3549 1828
f 335 337 3027
f 2307 1522 3611
f 3612 1439 1438
f 1377 3454 1378
f 3613 1295 3264
f 3614 3615 1840
f 2055 639 2053
f 3616 3617 3618
f 3382 3381 3477
f 2947 1948 3619
f 945 1268 946
f 3139 2536 2535
f 3131 643 3132
f 1535 1605 1045
f 3441 1878 2406
f 3620 2972 3621
f 610 374 1775
f 3325 987 986
f 3622 3623 1384
f 1028 75 2012
f 3624 15 3359
f 1617 2801 2800
f 3277 1718 928
f 3625 3626 2929
f 3084 1306 3418
f 3084 928 927
f 2760 178 469
f 3627 196 195
f 3628 1467 1466
f 3100 655 654
f 2107 3606 1527
f 3026 1537 3234
f 3629 3630 3631
f 555 554 1859
f 3632 1440 3633
f 3634 1659 1451
f 2288 1103 75
f 3635 2779 2778
f 3591 1210 1209
f 1915 415 3155
f 3078 3636 3637
f 2274 3638 2336
f 2397 2687 2395
f 3003 3607 3639
f 3201 1555 3199
f 2988 3640 3641
f 3642 1640 3643
f 3376 2036 3644
f 1938 1937 2873
f 2100 3645 148
f 2272 2274 2336
f 1416 2813 3646
f 3170 3647 3648
f 2392 1843 1842
f 457 456 1648
f 1837 2960 2230
f 1836 379 378
f 3649 901 1399
f 1123 3650 1121
f 2495 2241 2715
f 812 2844 813
f 3651 2609 3652
f 3184 3653 940
f 3620 3654 3655
f 2417 1786 2552
f 2408 3656 2407
f 1475 1468 3657
f 3658 3659 762
f 2442 2587 2810
f 3660 1771 1770
f 3661 3644 2036
f 2148 1002 2567
f 1137 2861 1138
f 2199 526 3662
f 1176 3051 1220
f 2579 3663 2580
f 2580 3664 3665
f 3519 3666 2300
f 3667 2193 386
f 2496 3668 1105
f 831 3669 832
f 2089 245 2106
f 1640 1639 3643
f 2894 623 2399
f 1156 1158 3117
f 1049 2917 1054
f 697 696 2828
f 1040 3670 1041
f 751 773 772
f 2569 1423 484
f 1422 2027 484
f 3671 3065 3672
f 3654 3621 2412
f 2146 2145 3329
f 2246 3673 1388
f 3674 40 1622
f 3675 3676 3677
f 3457 3678 3679
f 1659 3680 1658
f 907 2002 1473
f 3081 2644 3082
f 1575 1574 80
f 2393 2614 2392
f 3493 520 519
f 3562 657 1555
f 1233 2378 2033
f 2378 1233 1234
f 626 1739 1738
f 3681 2460 2149
f 2914 3682 2915
f 2609 2608 1533
f 3683 1017 3073
f 3407 3684 3685
f 3685 3498 3407
f 3514 3686 1351
f 2819 2257 3444
f 283 715 714
f 2200 3039 3597
f 3459 2157 2156
f 1565 3687 3688
f 3689 2699 900
f 203 1631 712
f 1892 1830 1832
f 3690 1368 706
f 3209 3208 2606
f 3037 1596 217
f 908 1473 2726
f 2704 3492 2703
f 1667 3492 2704
f 2276 2275 3378
f 1376 1375 3540
f 2364 3656 3534
f 411 410 3191
f 1443 3691 3245
f 2733 2734 1678
f 2351 2350 740
f 3692 3467 3466
f 3693 1656 3169
f 3609 3639 3607
f 3694 3695 3696
f 1053 3697 1457
f 3698 114 2884
f 2786 3699 3061
f 2072 2590 949
f 3221 3700 895
f 259 258 3701
f 2375 3551 3417
f 2886 2329 1986
f 2143 1182 721
f 761 763 897
f 811 813 1346
f 3702 868 870
f 3703 2970 8
f 1153 886 3590
f 3704 3705 3706
f 3707 2187 2186
f 3708 872 307
f 3709 3274 427
f 2400 2399 623
f 3710 3711 2943
f 330 640 1130
f 2179 3712 2038
f 1715 2565 3483
f 2356 2766 1881
f 1023 3351 176
f 1881 2766 1879
f 3713 1930 1239
f 3469 3714 903
f 1133 1132 1375
f 3715 3716 3717
f 685 2404 1147
f 1448 3718 3719
f 1523 1150 1149
f 3583 3720 3545
f 394 1712 1849
f 48 2248 1054
f 2625 2211 983
f 3285 320 957
f 231 319 229
f 3362 1407 520
f 2378 1234 1426
f 3314 3721 3722
f 1438 3723 3612
f 2418 2417 1423
f 698 697 3724
f 3725 3071 3070
f 2763 3726 3727
f 3728 1645 896
f 556 1581 434
f 3729 2877 3730
f 3731 3732 3733
f 1775 876 27
f 2067 1963 2068
f 3177 2249 3178
f 3734 3735 3736
f 719 3737 2503
f 3738 3739 168
f 3266 57 1760
f 3524 56 55
f 3740 2259 1525
f 3157 1960 3741
f 3742 2226 2225
f 3743 3744 1765
f 2355 3745 1979
f 2552 1786 1785
f 239 241 294
f 1561 241 1814
f 2671 2051 3224
f 413 3404 414
f 3109 1047 1654
f 1445 2889 1853
f 1908 3746 3572
f 2124 1191 2548
f 3183 3747 1370
f 686 2167 984
f 1301 1650 3748
f 862 1515 1514
f 3749 1737 1739
f 481 2648 1813
f 1393 2986 3270
f 3270 2900 1394
f 3750 3751 1955
f 1953 3188 2323
f 3382 3477 3476
f 617 2642 3752
f 3753 2074 2073
f 3754 3745 3588
f 3755 1723 1722
f 2656 3756 1084
f 1102 894 1100
f 1185 1134 1599
f 1419 3757 3758
f 2215 3759 3189
f 3081 2593 2644
f 905 1680 3760
f 532 531 62
f 131 2998 2842
f 3761 3688 1796
f 3506 22 357
f 2701 1904 3424
f 3762 1646 1803
f 3233 1833 1965
f 807 1721 3763
f 3426 2030 2029
f 1368 3690 3764
f 3765 2412 3621
f 1321 3006 3672
f 2229 3655 3654
f 3766 281 851
f 3767 3482 3198
f 2443 3209 2606
f 1719 1721 807
f 1886 1885 1816
f 3703 2839 2841
f 3648 82 1705
f 94 3768 1591
f 632 876 1775
f 1507 2660 2090
f 2995 2615 2616
f 3418 885 3084
f 3369 3085 884
f 1567 222 668
f 401 403 431
f 3769 3770 3771
f 3772 3773 3774
f 3244 3775 3245
f 760 759 3776
f 2448 257 2551
f 3777 3778 748
f 2966 1157 1156
f 694 3346 695
f 3779 2674 1265
f 782 3001 3003
f 3780 2446 3337
f 724 3302 3781
f 300 299 2410
f 3111 1342 1344
f 3236 2488 3348
f 2673 2672 1627
f 3782 3550 2375
f 1615 1226 1225
f 2859 3028 2250
f 3028 757 2250
f 1753 3783 2907
f 2867 3291 2465
f 1733 2966 1156
f 2001 636 1052
f 1968 2264 2263
f 3784 3184 3785
f 3232 693 3786
f 2605 2483 2567
f 3787 2693 2692
f 5 4 1994
f 3001 782 914
f 3788 3476 3663
f 992 51 3557
f 3789 1430 3790
f 3705 3704 2105
f 1365 3501 1363
f 3713 1590 2490
f 3740 3535 3791
f 3792 484 483
f 1864 1863 3420
f 2886 1000 233
f 1344 3793 3272
f 1294 2521 478
f 2427 430 221
f 2685 1628 1627
f 3367 3604 830
f 1129 640 2055
f 640 639 2055
f 1356 509 508
f 3794 41 874
f 939 3032 3031
f 2812 42 41
f 2328 3281 3795
f 3158 3160 1406
f 3323 30 747
f 2657 2547 2548
f 3712 3796 2038
f 1273 1695 2330
f 3797 2955 3798
f 545 3799 3800
f 1965 2136 3026
f 3801 1741 1740
f 3380 3802 2537
f 1410 1323 1288
f 613 1776 1777
f 3513 1197 2983
f 3087 1162 3151
f 1336 637 3259
f 938 1513 936
f 3369 3803 3604
f 2200 937 936
f 1796 3706 3705
f 3804 863 862
f 1940 2301 1139
f 1811 2388 1252
f 3805 2463 2029
f 1917 3490 3511
f 2445 3317 2503
f 3806 3807 1382
f 3808 3809 3810
f 1100 1489 757
f 1489 1488 757
f 1509 3266 153
f 1462 2669 3380
f 153 152 1509
f 3734 2110 3811
f 2994 3135 3563
f 3812 804 1294
f 22 3813 3518
f 3814 3402 3401
f 2573 2572 3192
f 3106 3631 1434
f 653 1480 1159
f 3815 3273 2189
f 1875 2899 2901
f 1424 1426 1234
f 3816 2098 2097
f 662 3817 663
f 2281 131 2842
f 2923 3818 635
f 1980 3651 3652
f 2609 2598 2597
f 188 971 970
f 1147 2403 240
f 589 2043 587
f 3819 2928 2232
f 6 1486 680
f 1684 1686 2416
f 841 3642 3076
f 2179 1745 1834
f 3448 3447 2799
f 3517 2068 1962
f 704 3820 705
f 2499 3259 341
f 3715 3105 1573
f 3821 3822 2977
f 3823 3167 3736
f 2432 3824 2690
f 3037 217 219
f 400 1378 398
f 3825 2472 3214
f 1371 1370 3747
f 1672 1671 3023
f 1702 2297 2396
f 1519 1521 3430
f 1130 2918 3826
f 1481 326 756
f 3827 3286 2920
f 2621 3669 831
f 1007 3828 2687
f 1932 1166 1299
f 3804 2736 2735
f 3387 3829 3830
f 3831 2761 469
f 2845 1386 2846
f 3580 2648 481
f 1465 422 84
f 1296 1905 3832
f 2852 3833 3834
f 1176 1220 2199
f 3835 857 2003
f 2011 685 684
f 3045 3836 2405
f 3837 3838 3750
f 130 3839 3840
f 3841 207 206
f 1473 2002 1052
f 3488 3386 3144
f 3842 3171 2171
f 3843 3497 3205
f 839 3064 746
f 3356 3844 3357
f 854 853 3140
f 1744 3840 3845
f 161 1788 3846
f 1710 2896 198
f 2183 1485 277
f 1173 2224 1174
f 1543 2057 1544
f 703 2678 464
f 2384 243 242
f 2113 2558 2111
f 2073 2072 949
f 3737 3337 2503
f 3847 3848 3251
f 2267 2596 1482
f 3465 3467 1412
f 308 2727 2309
f 2623 1611 1087
f 425 511 426
f 2178 2466 439
f 3744 3743 3293
f 3055 3849 3850
f 1849 3124 394
f 1594 3851 3852
f 224 223 1256
f 3853 3685 3684
f 3854 451 3330
f 2794 17 16
f 3855 1039 1038
f 945 3361 1969
f 3411 3856 3506
f 3741 1192 216
f 3376 593 595
f 2462 2463 980
f 3677 3857 3675
f 3858 3206 3859
f 3860 3861 2792
f 2372 2371 2520
f 3406 3405 864
f 2980 1193 1192
f 297 2915 3463
f 1143 2529 2531
f 3862 2514 2513
f 995 994 3798
f 2264 1968 3863
f 234 2539 232
f 3864 1153 1152
f 3475 1908 2092
f 3865 633 632
f 483 482 3866
f 338 2511 2566
f 1100 894 1490
f 24 1105 3668
f 1947 3867 2424
f 3576 2284 2925
f 883 3868 881
f 3687 3869 3688
f 1902 1901 3870
f 3204 3871 3872
f 3873 3145 3874
f 3875 2348 1363
f 2497 3876 2280
f 3275 3772 1856
f 159 3877 3878
f 742 3759 1185
f 238 1352 1218
f 715 3879 1600
f 3797 3798 994
f 1101 1100 2347
f 3880 3191 3881
f 3882 1264 2331
f 615 3883 3313
f 3884 244 3885
f 1606 2496 2495
f 2123 1291 2932
f 1979 3745 1980
f 1891 3336 3335
f 3187 2562 2561
f 1281 634 1091
f 3342 3360 629
f 3044 3886 2295
f 3887 3888 384
f 3889 3890 3891
f 3892 58 2659
f 2775 2774 3182
f 947 3631 3630
f 3893 3894 1737
f 93 92 3359
f 633 3865 2341
f 3895 1191 3896
f 2124 3896 1191
f 19 21 1818
f 2501 206 2502
f 2180 3897 2626
f 3898 1261 3899
f 3900 2833 2414
f 710 3901 2281
f 3449 403 805
f 1972 3902 2146
f 1293 1888 1123
f 145 2320 143
f 2046 875 874
f 1887 210 3210
f 2946 3619 3787
f 3903 1179 1474
f 630 629 3360
f 1470 3606 3904
f 2124 2123 2932
f 3071 3555 3069
f 3519 2300 3520
f 1367 3153 945
f 952 1381 1380
f 2299 2667 264
f 3502 3905 3906
f 3907 3908 3909
f 1145 380 2028
f 3444 2256 3258
f 3777 748 747
f 1789 2624 1654
f 1700 802 1159
f 3125 248 1034
f 3910 2749 961
f 1386 1749 1387
f 225 1214 223
f 3635 3911 2779
f 1847 3714 3484
f 660 815 2568
f 3495 2861 1951
f 2196 153 3266
f 3210 210 209
f 779 738 3249
f 2388 1253 1252
f 25 877 534
f 2057 817 2474
f 3230 3243 3286
f 151 150 2509
f 3810 3809 3912
f 3019 3280 3913
f 3735 3914 3823
f 2640 2706 3915
f 2705 3118 3915
f 1827 3730 2222
f 30 3777 747
f 879 878 1954
f 723 1501 2001
f 2398 2729 3333
f 3916 1747 1746
f 526 3917 3662
f 3918 3719 3919
f 309 1210 3920
f 2009 3921 3922
f 3452 3494 85
f 3008 3923 3009
f 3924 2740 3925
f 3863 1968 184
f 3926 2092 1908
f 2752 2754 1237
f 3927 2799 3447
f 287 572 2705
f 2558 2557 2111
f 3566 3336 3567
f 1751 1753 2907
f 3927 1950 3928
f 163 162 3929
f 3930 3445 1179
f 3931 3932 3933
f 2696 1668 3478
f 2511 3260 2566
f 3260 1414 2566
f 1947 1648 1945
f 1096 1211 432
f 3934 3882 3935
f 1831 3201 1832
f 3412 3936 3413
f 3211 3175 1850
f 3937 1955 3751
f 3938 3939 126
f 3797 1717 2955
f 3940 3658 3223
f 1987 2916 1985
f 1769 709 1767
f 3941 3261 3120
f 2624 3108 1654
f 1722 3942 3755
f 1366 3764 3153
f 3370 1778 1780
f 2763 2304 2263
f 2214 108 3943
f 1751 2909 3213
f 3944 3943 108
f 3945 152 1856
f 3946 577 3557
f 1078 688 687
f 3623 2691 1384
f 2524 1746 2098
f 3722 3721 3947
f 2486 2821 1511
f 3292 1314 2488
f 276 261 2682
f 2565 1265 2481
f 1586 1588 2822
f 2240 3569 1027
f 3948 3041 1240
f 872 871 307
f 1899 2372 1898
f 3607 3003 3002
f 1725 3949 3111
f 3950 3005 750
f 3576 2927 3315
f 60 2659 58
f 3909 1735 1736
f 2513 3307 3862
f 840 3613 1020
f 40 3674 1802
f 2964 1354 2963
f 3951 293 3910
f 3366 941 2209
f 1471 368 367
f 3952 1949 1144
f 2437 3226 2599
f 1216 436 3953
f 3643 3076 3642
f 2940 961 963
f 3954 3712 2953
f 2179 2953 3712
f 3955 1331 3042
f 28 2259 3956
f 979 1349 3197
f 1320 2349 3957
f 3958 3725 3070
f 3619 2946 2947
f 21 20 872
f 2163 1451 1450
f 3241 2320 1217
f 685 1495 2404
f 3959 244 3960
f 3592 3920 1210
f 1852 3088 3089
f 1164 1163 3381
f 1141 1140 3408
f 3961 1535 132
f 3962 3741 1960
f 501 1993 499
f 2548 1190 2348
f 3168 3648 1705
f 3806 3463 3257
f 3963 1092 1094
f 2619 589 3702
f 2561 2529 3102
f 2237 845 3964
f 3073 1017 1016
f 3081 3965 2593
f 3589 887 453
f 1105 1104 2496
f 3756 2750 1082
f 1662 1131 1133
f 1075 149 2659
f 2363 3946 3557
f 3731 3966 3732
f 911 3967 2788
f 3968 1827 533
f 3969 3970 663
f 2119 2190 2189
f 125 127 2982
f 3794 874 873
f 3971 1604 991
f 816 815 3972
f 8 2442 9
f 3461 2754 2753
f 2952 3954 2953
f 3307 2635 3973
f 2918 1130 1129
f 3532 459 3974
f 3785 3975 3976
f 381 1019 3075
f 3911 3635 150
f 3635 2509 150
f 1137 1832 3201
f 3977 3725 3978
f 3800 2704 545
f 1668 1667 2704
f 3979 2162 2983
f 1468 1475 1466
f 1103 2288 2287
f 3873 509 1105
f 3980 3981 3016
f 1818 175 174
f 1207 3982 1205
f 3214 2909 3825
f 3044 2295 3043
f 3983 3548 1110
f 3984 3717 3486
f 1270 2768 1284
f 2866 3935 2867
f 2184 277 3985
f 2593 852 854
f 2211 3986 740
f 2485 335 3027
f 106 1779 3987
f 985 1103 2287
f 985 2455 986
f 3695 254 256
f 254 3695 3988
f 1727 2575 3989
f 3479 2697 3478
f 1970 488 487
f 2733 3122 1540
f 2183 2184 3572
f 3990 1958 1957
f 1687 213 212
f 208 210 2821
f 184 1969 3361
f 2571 652 2527
f 2735 3838 3804
f 2084 2997 2772
f 1736 3922 3921
f 1781 992 3991
f 3992 2584 3419
f 3993 3948 2449
f 3909 3908 786
f 3835 858 857
f 2531 1144 1143
f 356 718 717
f 387 2896 3056
f 3994 1787 1786
f 1154 1071 3241
f 2610 205 1750
f 1616 452 1484
f 2003 2005 1724
f 1192 3741 3962
f 2309 2777 308
f 3995 456 112
f 2989 3996 349
f 3997 2687 3828
f 701 515 3581
f 3998 3999 3398
f 3978 4000 3945
f 3846 1788 1819
f 3981 2766 3016
f 937 3596 4001
f 2872 4002 3197
f 4003 463 3218
f 1014 3456 2269
f 2808 3397 4004
f 4005 692 867
f 3294 3982 1207
f 2450 1875 2451
f 1734 501 500
f 2216 2552 1580
f 84 83 408
f 1727 2113 2112
f 3508 104 3338
f 46 48 3724
f 3032 3366 3325
f 4006 1701 1700
f 378 3344 752
f 3858 3207 3206
f 1066 3821 2109
f 1562 1298 1297
f 3740 3791 4007
f 2278 3352 2279
f 3779 385 2814
f 3917 1540 3122
f 1415 2814 2813
f 2047 874 41
f 4008 2699 3689
f 900 2880 3689
f 2044 4009 2043
f 2550 3417 3551
f 4010 4011 713
f 3094 4012 382
f 2862 1042 859
f 2862 3860 1779
f 3102 3221 3187
f 3097 1102 3046
f 346 1119 344
f 816 2890 1502
f 1689 3546 3647
f 1813 479 481
f 2930 4013 4014
f 4015 4016 4017
f 654 4018 3029
f 3146 1079 1941
f 1414 4019 1412
f 1348 1350 796
f 1090 633 2341
f 965 69 68
f 2193 3316 607
f 3640 2988 349
f 3734 3914 3735
f 4020 4008 3689
f 4021 4022 1436
f 3388 1391 1390
f 2104 3193 917
f 4023 3696 256
f 3182 3984 4024
f 928 3368 3276
f 2315 2045 2316
f 2045 1271 2316
f 967 966 2150
f 497 3409 1994
f 4025 4026 958
f 664 301 665
f 1002 2148 1003
f 2142 2054 2053
f 2230 4027 1837
f 3682 4027 3508
f 3539 4028 1029
f 1438 1436 3090
f 951 3195 4029
f 3219 4029 3195
f 2770 12 11
f 2564 1511 2563
f 2302 3968 533
f 2254 2266 3967
f 2456 3032 986
f 1314 809 2488
f 753 755 4030
f 1573 1297 3716
f 2282 4031 3235
f 3200 2440 2606
f 1868 392 1174
f 389 3319 3036
f 4032 4033 737
f 3563 3448 2994
f 2685 4034 1628
f 3944 2020 2209
f 935 1036 1035
f 2445 71 3317
f 376 1775 374
f 1925 3979 2983
f 3255 613 1777
f 877 1585 534
f 2628 3128 2369
f 2628 650 2629
f 3931 3173 770
f 3025 3408 1140
f 2989 2658 3996
f 2365 578 577
f 2514 1309 1308
f 960 4035 1503
f 4036 4037 3972
f 660 659 4038
f 3831 471 1766
f 4039 4040 3216
f 4041 4042 1453
f 4042 2863 1453
f 833 452 454
f 994 3906 548
f 2373 3933 3932
f 4043 1357 4044
f 1019 731 733
f 607 606 2193
f 1203 4045 2954
f 3207 458 3173
f 4046 2786 3143
f 265 932 334
f 4047 3626 2995
f 588 587 4013
f 4048 2807 4049
f 3838 2238 91
f 2012 201 1028
f 1028 201 238
f 43 2468 1410
f 4050 3195 951
f 196 3540 1375
f 1057 3540 3181
f 3106 3105 3629
f 1372 144 1888
f 3465 3608 3466
f 15 2854 3359
f 2182 1506 1505
f 3062 4051 4052
f 3222 3320 3319
f 1027 1218 2240
f 560 559 575
f 278 1072 1997
f 672 261 260
f 261 672 2682
f 764 122 124
f 263 265 2870
f 3790 4001 3789
f 1844 1027 3569
f 775 774 2091
f 1285 1284 2768
f 1350 321 323
f 2432 838 837
f 3018 3430 1521
f 763 3728 896
f 4053 2465 2815
f 3544 2923 4054
f 314 3597 315
f 3722 2755 506
f 4055 190 189
f 3566 3451 4056
f 2704 3800 1668
f 3216 4057 3480
f 2805 390 3468
f 2881 4058 4059
f 3682 3462 2915
f 3806 3257 2255
f 3603 728 730
f 2715 2938 1606
f 380 1145 1212
f 3390 3389 729
f 3472 2074 3473
f 2889 2345 1853
f 1189 3332 1620
f 705 2887 2708
f 2901 2314 2313
f 3601 3600 1181
f 2887 2582 2708
f 2583 4011 2581
f 4060 4061 4062
f 880 2153 2522
f 433 1211 4063
f 1270 3513 557
f 3681 1628 4034
f 4064 2549 3599
f 2052 1890 1889
f 2735 3750 3838
f 4038 3972 815
f 2434 36 364
f 1215 2942 2943
f 273 4065 271
f 4066 959 3641
f 1609 2458 1610
f 3347 3522 409
f 2974 3621 2972
f 3526 1998 2787
f 3063 1874 649
f 8 2587 2442
f 2810 489 488
f 3026 3233 1965
f 2469 3004 3006
f 3377 2264 3863
f 2785 2280 2279
f 1758 2995 2661
f 1140 2235 3025
f 1840 1928 1927
f 3432 2017 2088
f 3645 3350 4067
f 3386 2978 3144
f 828 2095 4068
f 2990 1460 1246
f 1004 1155 3531
f 1155 2114 3531
f 2161 4069 1498
f 3653 2208 940
f 3049 1030 3007
f 1181 1180 3274
f 1248 2791 2790
f 2578 1531 2161
f 1865 1867 3018
f 4070 1498 3363
f 1486 1993 501
f 1985 2917 2886
f 1266 3667 385
f 1555 656 3199
f 1805 798 800
f 2324 798 2292
f 69 560 575
f 1206 4071 2702
f 4072 1207 4073
f 2422 603 3587
f 3478 2697 2696
f 1390 3230 3388
f 1102 3097 3221
f 3097 2025 3187
f 4074 470 3610
f 1250 1799 1248
f 828 4068 3926
f 1556 3234 1537
f 1646 1452 1121
f 1122 1121 1452
f 1645 4075 1643
f 2246 205 207
f 211 2329 212
f 2329 233 212
f 1601 429 814
f 429 1601 427
f 814 4076 1601
f 2581 4076 4035
f 4035 2582 2581
f 2382 1010 1009
f 463 465 2261
f 713 1601 4076
f 242 3748 4077
f 2237 3328 2804
f 4077 2384 242
f 3829 3387 334
f 3920 3176 309
f 3980 99 98
f 3130 1830 1892
f 103 99 1402
f 2021 3364 2525
f 1879 2766 98
f 2872 1992 2542
f 2542 2720 3426
f 3333 1646 1121
f 243 2384 1873
f 3423 1704 4078
f 1499 4070 519
f 2618 3554 2619
f 1825 2616 1706
f 2044 2619 3554
f 1345 1880 2383
f 49 1846 1845
f 1846 3420 173
f 1193 2507 2506
f 2725 677 2103
f 3471 4079 4080
f 3016 1991 3980
f 144 1372 3190
f 3913 3280 3279
f 3066 3529 3528
f 1884 3133 3528
f 407 3546 3615
f 1450 1983 2163
f 195 669 1768
f 775 2091 4081
f 4082 668 4083
f 2902 305 2465
f 3005 3004 750
f 2571 4084 1095
f 3683 3073 3072
f 580 2409 581
f 1503 1502 960
f 1981 3334 4085
f 3710 2943 345
f 1216 3137 1215
f 418 1621 419
f 3011 3010 3788
f 1208 4086 3507
f 1616 3588 453
f 3476 2641 3103
f 3476 3788 3382
f 2065 450 449
f 617 3752 1163
f 2891 3109 2166
f 762 3019 3658
f 240 2403 3603
f 2403 1494 3603
f 2874 3844 2875
f 125 977 976
f 502 1501 304
f 1467 3628 3375
f 1384 2691 493
f 2189 1529 2119
f 1712 1711 3714
f 4087 4088 3622
f 903 3714 1711
f 1568 2849 220
f 3982 4062 4061
f 523 3162 2569
f 463 4003 2255
f 4089 3583 3582
f 2071 1772 1936
f 3607 3466 3608
f 2190 2119 2118
f 1384 1383 3622
f 1431 1385 493
f 3246 1329 3955
f 187 186 2182
f 489 2587 1851
f 4090 423 2345
f 1092 4091 3134
f 4092 2576 2575
f 2882 651 1894
f 3803 13 3604
f 3590 1305 2234
f 413 223 1214
f 3067 2410 574
f 3441 4093 3277
f 4094 1253 2389
f 50 49 2363
f 3960 244 243
f 2166 1178 1177
f 1897 498 4
f 2435 4095 2952
f 1956 1958 4096
f 2140 3517 2292
f 3727 4097 4098
f 68 4099 4100
f 3574 4101 1320
f 4029 3219 2622
f 2362 744 2132
f 3343 2102 2924
f 2752 1237 1236
f 2873 2024 1069
f 3704 2071 1936
f 2071 1773 1772
f 4102 3778 4103
f 4104 3828 4105
f 3670 3457 1041
f 4106 4107 2965
f 320 1643 319
f 16 2919 12
f 3762 1044 1043
f 4007 4108 3956
f 1163 3752 3381
f 1989 2713 2714
f 3021 3249 3164
f 2268 4109 1645
f 801 803 2396
f 253 3912 3809
f 950 2590 2589
f 2784 2783 2464
f 1089 1088 3222
f 3753 3891 3890
f 276 3253 262
f 4110 465 464
f 4083 3449 1768
f 2594 2815 2465
f 1768 4082 4083
f 1729 1861 805
f 3165 1158 2843
f 325 793 756
f 793 325 791
f 2631 2633 3129
f 3808 3810 4111
f 2707 4112 3775
f 1174 392 1172
f 3388 729 3389
f 1430 127 126
f 2046 4079 3471
f 4113 4079 2046
f 439 3454 437
f 736 1048 1493
f 1522 1817 21
f 59 3068 60
f 2035 1635 1558
f 2034 2036 3376
f 3210 3089 1887
f 1558 2034 2035
f 291 293 754
f 3376 3375 3628
f 2265 4046 3143
f 4114 3602 3601
f 3269 978 977
f 1347 1346 813
f 2964 820 2169
f 494 1354 495
f 2591 3250 3044
f 2157 4115 4116
f 3950 4117 3005
f 751 2600 1332
f 511 510 426
f 3822 4118 2243
f 2957 4119 563
f 1777 2923 635
f 4120 4121 2621
f 3960 1874 3063
f 4122 4123 3874
f 649 3061 3063
f 2973 245 2089
f 2106 1936 2089
f 648 2786 3061
f 1401 1711 1083
f 809 3190 1374
f 3907 145 144
f 2474 3011 1544
f 4124 2549 2551
f 973 3392 4125
f 2835 1597 1596
f 3446 1995 139
f 1410 2469 1323
f 3539 2811 2273
f 1737 3749 3893
f 1878 3441 1876
f 4048 2338 2807
f 2558 2113 2516
f 67 3502 994
f 73 2312 74
f 3366 2312 3325
f 1199 482 1926
f 1910 4126 1911
f 2027 2663 582
f 4127 2027 584
f 3960 4100 3959
f 4099 995 3798
f 1472 3113 2035
f 3572 2894 2183
f 369 371 520
f 931 890 1853
f 3940 3223 229
f 2519 2518 2730
f 1839 1097 4128
f 1326 1325 3158
f 566 1357 4129
f 743 676 3193
f 588 1539 868
f 3169 3625 3693
f 1146 3235 1569
f 2186 1299 1166
f 4130 117 3780
f 3024 1304 3770
f 4131 3133 4132
f 3892 3093 3095
f 3853 1434 3631
f 156 4133 1653
f 2074 3472 2664
f 2655 2470 3971
f 2509 2545 2508
f 4134 2662 1421
f 207 2247 2246
f 2476 3521 3520
f 2470 2655 2865
f 3881 1433 3880
f 2832 2831 3191
f 2532 3637 3636
f 82 3648 3647
f 674 2709 2361
f 2372 3933 2373
f 2373 3932 958
f 4135 2727 871
f 2727 307 871
f 4050 2525 2527
f 1552 3795 2048
f 1624 3585 4136
f 915 164 166
f 2021 2525 2409
f 3505 513 4137
f 3534 2633 2632
f 4003 3807 2255
f 1067 434 433
f 1127 3231 768
f 3788 3663 4138
f 3663 2579 4138
f 3691 4059 3245
f 1089 3319 3429
f 686 984 1243
f 3202 727 2173
f 2455 4139 2456
f 255 254 4140
f 85 1117 1116
f 4141 811 3174
f 1084 3756 1082
f 2950 2962 2042
f 4142 4143 3576
f 4090 2091 1824
f 2127 4089 4144
f 1639 1854 4139
f 2945 256 1854
f 3695 256 3696
f 3892 3095 58
f 3871 760 3776
f 3682 3339 3462
f 3339 3682 3508
f 366 1085 3129
f 2998 1389 1391
f 3965 3443 853
f 4145 3474 3965
f 4146 659 661
f 3510 3489 3179
f 3154 2171 823
f 1759 822 726
f 125 1504 977
f 3149 2630 2117
f 995 68 67
f 2549 4064 2550
f 4019 1414 662
f 354 3091 352
f 3028 337 757
f 4147 3599 2739
f 2970 3553 447
f 3258 3257 3462
f 2452 1665 1664
f 1664 1666 2900
f 179 2798 2797
f 1068 832 3669
f 148 2924 146
f 4148 4149 4150
f 2834 1114 969
f 4151 3808 4111
f 1115 4152 4056
f 3151 2475 3087
f 2726 2747 908
f 549 3906 3414
f 3414 3906 3905
f 3905 3502 2461
f 328 1249 2944
f 1097 1839 1841
f 296 4153 2915
f 625 2400 623
f 4154 1557 3799
f 1265 1266 3779
f 40 1802 2047
f 2047 1802 1801
f 4155 2943 3711
f 4000 1509 3945
f 1339 4156 1337
f 3561 2673 1626
f 3199 1890 2438
f 1642 1338 1889
f 2717 3256 2567
f 386 385 3667
f 668 1128 1567
f 1567 1128 1568
f 3513 2983 2162
f 4013 2930 1539
f 3991 3557 577
f 3959 4100 4099
f 3633 424 3632
f 2363 3557 50
f 2459 3252 3251
f 4157 3391 4158
f 3099 4159 3100
f 2460 2115 2114
f 1031 1032 2547
f 2976 587 2043
f 4160 1924 1923
f 1924 4160 276
f 930 755 4161
f 3951 754 293
f 4162 582 2663
f 584 2027 582
f 1531 123 1660
f 3332 2573 3500
f 1408 1242 1714
f 735 1654 1046
f 2964 2712 1355
f 3438 38 2138
f 321 1350 981
f 4163 2765 3566
f 4164 4165 4166
f 4033 3248 737
f 970 4021 942
f 2999 341 3259
f 3343 148 3645
f 2396 1341 2397
f 328 2707 1250
f 884 3085 885
f 2880 2307 3611
f 21 872 1522
f 3482 215 3198
f 641 1912 1237
f 3311 3310 3961
f 3310 4041 3961
f 2992 2806 2644
f 4167 739 4168
f 1335 1939 1496
f 1335 2137 1333
f 3371 466 1730
f 3638 2337 2336
f 2989 771 1031
f 771 770 1031
f 360 2601 361
f 1168 2819 3444
f 1064 2108 3734
f 4169 3218 2985
f 3166 1064 3167
f 4170 1333 2137
f 3735 3823 3736
f 833 3393 452
f 3656 2364 2363
f 1393 4171 2987
f 2436 2951 2703
f 2951 2436 2435
f 2021 3816 3364
f 3365 1269 4063
f 2159 4011 1738
f 1863 1708 3420
f 1099 4172 417
f 4173 322 2391
f 3215 3800 3799
f 4174 3404 4175
f 4176 4085 3334
f 4177 1073 2183
f 4178 3358 4179
f 512 4180 4181
f 1094 3576 4143
f 553 1264 3934
f 2120 250 2121
f 262 96 95
f 4182 4078 4183
f 1283 4184 1013
f 2158 2965 797
f 2926 3834 3833
f 3543 675 3544
f 2726 1457 677
f 2084 3352 2085
f 139 1180 3445
f 2556 2332 2176
f 4185 2147 2308
f 195 194 669
f 1611 4186 1087
f 3272 3059 1726
f 2685 1627 2686
f 306 305 2902
f 306 1389 197
f 3159 1820 3160
f 3122 1699 3161
f 2860 3126 1951
f 1023 1022 4187
f 319 1643 4075
f 3939 3790 1430
f 4168 778 1787
f 2418 2569 3163
f 133 132 1710
f 3526 246 2972
f 2244 4118 1065
f 1863 1709 1708
f 4188 1380 1379
f 1398 395 3271
f 2160 3768 2401
f 328 327 2707
f 1421 1423 2417
f 521 2881 4059
f 2172 3929 162
f 32 977 1504
f 987 1103 985
f 987 3325 2312
f 1925 2983 1926
f 1326 2893 2892
f 345 4189 3710
f 2143 4190 2600
f 116 4191 4137
f 1872 3665 1736
f 2877 4184 2222
f 1850 487 489
f 4192 2718 2717
f 1868 4193 3579
f 2717 2716 2444
f 2185 1300 2186
f 3577 4194 4195
f 264 2666 932
f 2389 2585 1974
f 610 609 1142
f 921 3038 1396
f 4196 866 2922
f 1983 3009 2164
f 1854 4197 2945
f 1235 1912 2765
f 3839 910 3840
f 3758 2164 3009
f 3881 3191 410
f 1964 1963 879
f 1854 4140 4139
f 3490 3509 3511
f 1152 630 3864
f 4198 2559 4034
f 397 396 2788
f 4199 997 1328
f 931 2528 891
f 1867 2158 3019
f 2 689 3278
f 4200 70 1548
f 70 4200 438
f 1436 1435 3090
f 1952 1435 1437
f 3639 4201 780
f 4202 2408 1845
f 4135 2309 2727
f 2309 4135 2310
f 2563 2330 2564
f 2330 2563 1273
f 1679 3760 1680
f 1959 4203 2295
f 2592 2643 2593
f 206 2501 3600
f 359 2884 357
f 4204 218 3264
f 381 708 2744
f 381 383 1019
f 4205 7 9
f 1841 1689 1097
f 32 31 3269
f 1204 3020 3269
f 3172 3171 4206
f 1388 2489 2846
f 858 3288 856
f 4023 2454 3288
f 2880 899 2305
f 3924 4207 2738
f 616 615 3313
f 3482 3767 4208
f 3238 47 2829
f 1756 3919 3719
f 23 4209 3145
f 3518 2129 23
f 3619 1948 3952
f 4069 2195 1498
f 1316 2031 2007
f 1316 414 1578
f 2326 1994 2411
f 4210 2724 2723
f 1015 4211 2874
f 1013 4180 2062
f 4212 2895 3762
f 2960 1837 1836
f 4001 938 937
f 428 2939 138
f 661 138 137
f 138 661 428
f 1345 1881 1880
f 1808 2335 1806
f 103 1807 4213
f 2383 1806 2335
f 1806 4213 1807
f 3174 811 1346
f 586 3960 3063
f 1338 1642 2868
f 1441 112 111
f 373 120 966
f 853 3338 3140
f 104 106 3140
f 2027 1422 2663
f 2216 4134 2552
f 3645 2101 3343
f 695 3964 844
f 1295 4204 3264
f 3698 1546 1201
f 1528 3300 1529
f 2370 3300 785
f 3469 3470 4214
f 3470 3852 4214
f 365 3082 2806
f 2806 3082 2644
f 3695 3694 3988
f 129 128 2266
f 3261 975 974
f 3138 3953 3581
f 3894 1518 1517
f 2676 2287 2677
f 4208 710 2242
f 2656 1868 3579
f 540 3872 541
f 3030 4018 354
f 2514 955 2512
f 2512 955 4215
f 1031 2547 2658
f 3029 4018 3030
f 3722 1688 1063
f 2278 3876 4216
f 1607 1606 2938
f 2910 2911 1613
f 4217 2130 3147
f 1036 935 3985
f 619 2066 617
f 1083 1082 1401
f 684 683 1570
f 851 2060 2603
f 656 1642 1890
f 4106 2965 1866
f 4058 2523 4059
f 2903 1389 306
f 3696 3835 3694
f 3835 2003 3694
f 3873 3874 4123
f 4218 4219 4220
f 3126 2443 1952
f 2000 3143 1998
f 3017 3051 3052
f 3017 4221 1111
f 2916 3570 1054
f 3570 2191 1054
f 2860 1137 3208
f 3842 468 467
f 4222 2282 827
f 2271 4223 1602
f 1148 1150 2305
f 4103 4108 175
f 1446 3124 1849
f 2579 1872 2023
f 3278 3280 2158
f 3616 3618 538
f 4224 2398 4225
f 690 1468 1467
f 1591 1499 142
f 1499 1498 4070
f 110 1950 476
f 1875 2450 1664
f 1532 777 1533
f 2608 1579 1534
f 3052 688 3017
f 688 3052 686
f 383 4012 1673
f 4012 3892 1673
f 883 2371 2373
f 3025 3769 3771
f 3685 3853 4226
f 1268 3203 1267
f 945 1969 1367
f 2304 4227 1367
f 1516 1518 2328
f 3435 3582 1085
f 3988 4228 254
f 3660 2761 4165
f 4161 755 754
f 4229 3575 3957
f 3462 4230 3258
f 3460 1304 3024
f 1942 4231 1943
f 3690 2956 4232
f 1579 1911 4126
f 124 2013 2433
f 2773 3863 183
f 4233 789 790
f 1999 4234 2843
f 3826 2918 834
f 492 3598 4235
f 4236 3524 3523
f 4237 3672 3065
f 2269 516 518
f 3502 3906 994
f 520 1407 1406
f 1266 3413 3667
f 3936 3412 3316
f 3736 3167 1064
f 1638 644 646
f 3120 2749 3941
f 1200 84 422
f 3470 902 4238
f 911 2750 909
f 789 4233 1941
f 2843 1158 1157
f 644 1638 4239
f 3784 4096 2208
f 3154 3842 2171
f 4240 671 1984
f 4241 468 3155
f 496 1984 494
f 2172 2171 3171
f 3868 1819 881
f 2179 2040 1745
f 2645 1408 741
f 3172 1209 3929
f 2518 700 699
f 465 4242 4106
f 4198 3732 2560
f 805 1861 424
f 1267 3205 3497
f 643 1912 641
f 1237 2922 641
f 3733 4034 2685
f 1566 3606 2107
f 1919 1978 1379
f 1379 4178 1919
f 603 1527 3587
f 3605 3606 1470
f 130 4051 3699
f 3404 1576 414
f 4239 4096 3784
f 3944 2208 4096
f 3787 4243 3976
f 923 3652 924
f 810 1313 3370
f 4244 833 832
f 2824 2260 2075
f 2260 465 4106
f 578 3720 2127
f 4057 3216 4040
f 4186 2911 1087
f 918 1444 916
f 1444 2024 916
f 2037 2769 4245
f 3038 921 581
f 4246 1202 1545
f 2781 2888 1445
f 3817 4235 663
f 3070 4236 3523
f 4247 1961 2039
f 3802 3749 1739
f 266 932 2666
f 4194 3577 3579
f 4248 2452 2451
f 4249 2794 12
f 1291 1975 1977
f 3970 3701 3852
f 1785 1532 1534
f 3561 2440 2439
f 924 777 779
f 777 924 3652
f 739 779 778
f 1532 1787 778
f 1060 2802 2192
f 3241 1217 373
f 2069 3517 3475
f 2776 1212 3015
f 834 2022 835
f 2022 1872 835
f 4246 2492 1202
f 3798 2955 3885
f 3539 172 2811
f 800 1803 1805
f 3556 3362 1492
f 2376 3416 2698
f 4056 1116 1115
f 1116 4056 3451
f 1457 2726 1473
f 734 1242 735
f 3720 578 3545
f 2800 1288 1618
f 3557 3991 992
f 2270 600 1229
f 3938 2429 2494
f 1513 3939 3938
f 4112 3245 3775
f 1432 3684 3771
f 3953 3138 3137
f 2493 2429 2428
f 698 3724 3707
f 423 753 4030
f 1884 1678 3133
f 4250 1609 2748
f 1364 418 1365
f 1304 2414 3110
f 2437 720 817
f 4251 1464 1463
f 2609 1533 3652
f 3652 1533 777
f 247 2105 245
f 865 4252 4253
f 1989 2944 1990
f 3312 3767 3198
f 4254 4255 4220
f 1860 448 2063
f 518 517 3318
f 2064 4256 1976
f 4255 1478 4220
f 1977 1976 4256
f 1262 3322 4257
f 3303 3616 538
f 1373 3349 3348
f 2720 658 1830
f 3904 3606 1566
f 1405 1326 3158
f 1699 1821 3161
f 4258 1134 1186
f 155 2308 4259
f 661 2568 429
f 2568 814 429
f 814 1503 4076
f 1503 4035 4076
f 4035 2457 2582
f 2457 2708 2582
f 2708 4260 705
f 4260 3690 705
f 620 948 673
f 3263 3262 818
f 1449 3334 1981
f 8 7 3703
f 2673 1627 1626
f 1628 2149 1626
f 1547 2827 3118
f 3356 3121 2875
f 2380 3107 2381
f 4171 2381 3107
f 3983 1724 3516
f 1724 3983 1722
f 934 2184 3985
f 3872 3871 541
f 2095 830 3604
f 3367 1877 3276
f 3827 1561 1814
f 3827 3230 3286
f 3019 3018 1867
f 350 2944 351
f 4261 4262 2684
f 3537 105 2334
f 154 3147 1855
f 3147 4263 4217
f 4264 4265 3058
f 4119 3058 4265
f 4167 3013 3012
f 1610 1617 1608
f 1061 362 680
f 362 1061 1
f 377 2132 744
f 1146 239 2283
f 2900 2899 1664
f 2899 1875 1664
f 480 1934 481
f 4161 1274 930
f 1857 3022 1858
f 1316 2007 1317
f 3895 4205 3331
f 3449 3633 1440
f 209 2487 52
f 3007 323 4173
f 4143 3963 1094
f 3367 3276 3368
f 930 1274 2528
f 891 890 931
f 4266 4267 1106
f 1274 4161 3951
f 3212 3850 1371
f 9 3331 4205
f 3515 3516 1724
f 2205 4032 2206
f 1691 1693 4268
f 2630 3128 2628
f 1833 3233 2210
f 2210 1556 4154
f 4269 571 570
f 3235 2283 2282
f 1646 2729 1803
f 4270 3855 4036
f 1873 1874 243
f 1874 3960 243
f 2024 1937 1772
f 1937 1936 1772
f 1936 2106 3704
f 2106 2105 3704
f 2105 2543 2385
f 2543 1873 2385
f 4271 4253 4252
f 3132 643 2016
f 4272 230 1089
f 4273 3007 1030
f 3998 3398 2809
f 2748 3120 4250
f 2327 2328 4274
f 2871 3426 2462
f 4275 2879 2878
f 1177 1176 1324
f 3068 1823 1074
f 1024 2677 2287
f 1311 2646 462
f 459 458 3974
f 3469 903 902
f 2120 2556 192
f 839 1931 4276
f 2622 3219 1614
f 1132 2562 2025
f 1132 196 1375
f 3010 398 3788
f 4277 3357 4278
f 4176 3334 914
f 644 4243 645
f 2427 2521 430
f 2545 2509 2006
f 3944 2209 2208
f 107 925 2019
f 1834 546 2951
f 546 2703 2951
f 2722 3355 2723
f 3384 258 2618
f 171 170 3048
f 30 3323 28
f 630 2854 1001
f 4094 1943 4231
f 1947 1649 1648
f 3017 688 2314
f 3888 42 384
f 2503 3337 2445
f 727 823 2173
f 2173 823 2171
f 2638 3329 2640
f 3329 2638 2146
f 1303 2654 3042
f 1186 646 4258
f 449 3854 1359
f 457 180 3928
f 1154 3241 373
f 1154 966 1997
f 4193 1174 2224
f 1750 3035 2610
f 4279 1277 1279
f 895 1102 3221
f 2196 64 154
f 2196 3266 726
f 2479 2168 2169
f 1342 3898 3899
f 980 3197 4002
f 3805 4004 3397
f 1318 4101 287
f 4280 3312 3198
f 4221 1112 1111
f 2987 1113 1112
f 3267 4206 3171
f 3170 3169 1690
f 3461 2991 2754
f 2220 1460 2990
f 3568 3437 3436
f 1870 3386 1871
f 1166 1572 2186
f 2768 1269 2096
f 4121 4281 2621
f 4282 3859 3206
f 2973 246 245
f 647 2543 247
f 3620 1998 3526
f 1998 3620 3655
f 3292 1315 1314
f 1059 4283 2339
f 396 2750 911
f 3756 909 2750
f 4258 3877 1134
f 1795 2353 2352
f 1491 77 2594
f 4284 77 76
f 3870 2588 2072
f 3964 3350 2237
f 4210 3608 3465
f 213 2627 2626
f 1748 3349 1373
f 501 1487 1486
f 1487 1061 680
f 4285 1699 1698
f 708 1970 487
f 4006 2941 1701
f 2941 420 419
f 2460 1003 2149
f 1003 2460 1155
f 2185 682 1300
f 935 934 3985
f 2022 834 2023
f 3980 2931 1403
f 4286 2217 1579
f 1171 1446 1448
f 4287 4080 4079
f 384 2814 385
f 1964 1953 2323
f 3188 3471 3080
f 3794 3646 2813
f 4288 3917 3122
f 1991 2868 678
f 2868 1991 3016
f 561 560 4194
f 4195 560 69
f 100 4100 3960
f 560 4195 4194
f 238 237 1352
f 2461 3742 3412
f 1302 3748 4289
f 248 250 192
f 1630 1391 3388
f 4054 3542 3544
f 4094 892 1253
f 1859 2925 2284
f 1940 3520 2300
f 1100 1490 1489
f 4016 4290 3712
f 3764 1366 1368
f 1511 2820 1459
f 2487 2486 2454
f 1078 2314 688
f 2830 1330 2387
f 3897 3618 3617
f 4291 4121 4120
f 2974 4291 4120
f 1672 3023 3134
f 3927 3928 2797
f 2278 2280 3876
f 3868 883 959
f 4292 1461 269
f 91 863 3838
f 863 3804 3838
f 3405 1515 862
f 3804 1514 2736
f 3102 3101 3221
f 4293 2421 4279
f 996 997 2712
f 997 4199 2711
f 2054 2143 2599
f 7 4205 3703
f 3756 3578 909
f 3845 3577 1744
f 4294 1547 571
f 4295 3326 492
f 2968 4291 2974
f 910 3845 3840
f 338 165 164
f 3429 3442 3345
f 2610 3035 2502
f 2502 206 2610
f 2278 2085 3352
f 3399 3934 3935
f 1206 4073 1207
f 4073 1206 2856
f 1378 439 2466
f 1120 4296 3421
f 4297 3094 382
f 2744 4297 382
f 2570 533 1828
f 209 208 2487
f 292 291 407
f 83 3647 3546
f 1908 934 3287
f 595 2034 3376
f 120 372 121
f 3825 2909 2908
f 3628 1466 594
f 4298 3439 3657
f 539 3973 2635
f 3279 3320 3222
f 2476 3559 3497
f 784 3661 3053
f 4216 3876 343
f 1970 1254 488
f 3851 663 3970
f 3970 3852 3851
f 4299 4300 731
f 731 1019 1018
f 2829 2933 2935
f 3724 2191 4301
f 3237 1193 2980
f 2506 2505 3299
f 2207 3228 2205
f 2498 3801 1336
f 797 2965 4107
f 2846 1386 1388
f 3650 2540 3242
f 1609 3000 2749
f 411 2574 409
f 4302 3458 3670
f 3491 4146 3489
f 3012 2206 4032
f 4303 2311 2310
f 2824 1944 2261
f 4304 2013 75
f 2277 1280 3766
f 1376 913 912
f 251 3809 4305
f 4306 3843 3872
f 4188 1379 1978
f 4251 1463 3726
f 3751 3750 4307
f 3727 704 2763
f 714 713 4011
f 1229 600 599
f 1597 2835 2870
f 283 282 3879
f 1277 747 749
f 267 266 2534
f 3298 576 2083
f 1756 2661 2660
f 1720 722 1329
f 3128 3296 2370
f 204 1833 1745
f 3915 2706 2705
f 4230 3443 3258
f 4212 4308 4309
f 4310 3709 427
f 3375 2809 691
f 2808 3786 693
f 2297 2296 3047
f 1302 1301 3748
f 3776 541 3871
f 3533 2062 1976
f 3502 575 559
f 3262 4311 2546
f 3399 4136 3585
f 4080 3080 3471
f 2001 1501 636
f 504 1501 502
f 1736 3921 3909
f 2319 16 18
f 4164 1058 3180
f 4036 4312 4270
f 2796 176 178
f 3396 4313 981
f 4314 284 1230
f 1302 4315 2654
f 3100 3640 348
f 61 2471 62
f 4214 3485 3484
f 2228 2355 922
f 3080 799 2324
f 799 798 2324
f 2607 2484 2483
f 1784 3072 1782
f 2948 2385 2384
f 4139 3643 1639
f 3396 981 980
f 1411 1124 1034
f 2698 2699 3811
f 2699 4008 3811
f 2887 628 2583
f 2583 627 4011
f 2324 2292 2322
f 4315 1302 4289
f 2853 1001 2854
f 2880 3611 3689
f 4070 3493 519
f 3731 4316 3893
f 2679 3989 2575
f 4215 3596 314
f 1291 2123 2125
f 2919 2731 2311
f 3609 4277 4278
f 1342 4131 4132
f 4228 905 254
f 2586 2585 1810
f 1292 1748 1293
f 3859 3933 1899
f 3969 3701 3970
f 3543 1674 676
f 1206 2701 2856
f 3456 3532 3974
f 2673 2051 2671
f 3224 2449 2671
f 367 3536 1469
f 1868 1174 4193
f 3448 3563 3824
f 3564 4187 1022
f 3351 1023 942
f 189 2994 4055
f 2438 3200 3199
f 4156 2449 1337
f 1066 1065 4118
f 819 1020 3263
f 2377 1426 1108
f 1425 2692 1681
f 3910 961 2940
f 1050 1671 1051
f 663 3851 290
f 663 4235 3969
f 2077 1768 3449
f 2153 2067 2154
f 3495 3452 3567
f 3796 4317 4247
f 1942 4318 2366
f 1798 782 781
f 1948 2947 1234
f 2947 1424 1234
f 803 1702 2396
f 661 137 4146
f 1360 2065 449
f 4319 4258 4320
f 4321 2197 3846
f 726 2197 2196
f 1834 2953 2179
f 4246 1545 2937
f 3930 3903 3034
f 3903 1474 3034
f 1474 2500 2502
f 3600 2500 1181
f 3055 3676 4192
f 3882 3934 1264
f 1329 1331 3955
f 3042 2898 1303
f 3418 3590 885
f 3015 1949 1234
f 2004 856 2564
f 3289 1511 2564
f 3179 1996 3510
f 1996 1995 3510
f 3231 2117 2630
f 4322 2265 3143
f 3947 1688 3722
f 1688 213 1687
f 271 2262 3377
f 3043 2295 4203
f 350 329 328
f 3114 436 435
f 3654 2412 2355
f 3416 4064 4323
f 1371 3850 3849
f 3574 3957 3575
f 695 3346 4067
f 125 2982 1504
f 2423 3324 3415
f 1020 819 1021
f 2590 950 949
f 1008 1010 1037
f 4209 3030 353
f 31 3395 4045
f 1073 1485 2183
f 1073 2398 4224
f 127 1429 2982
f 2739 3598 492
f 4149 1464 4065
f 714 1230 283
f 4251 4065 1464
f 1232 4314 1230
f 919 1790 2524
f 207 3679 3678
f 3824 837 3448
f 116 3780 117
f 539 2637 4324
f 3666 1920 1922
f 262 95 260
f 4325 4008 4020
f 4307 3750 2735
f 4285 1822 1821
f 2956 3690 4260
f 3861 2793 2792
f 4305 3890 251
f 2463 3396 980
f 1405 1407 2893
f 4326 4166 4165
f 1852 4133 4259
f 4016 4095 4017
f 2394 2576 4092
f 2575 2574 2679
f 3684 1432 3853
f 3820 2887 705
f 3498 4226 1267
f 110 112 455
f 4050 951 2409
f 440 1565 1650
f 1239 2357 1589
f 1589 3713 1239
f 1004 3849 2905
f 1780 1779 3860
f 1413 2566 1414
f 1993 1486 5
f 4327 2818 1797
f 568 1761 288
f 2891 4328 3109
f 1407 3362 3556
f 1206 2702 2701
f 3486 3717 3716
f 942 4187 4329
f 2770 4249 12
f 3482 4208 3481
f 876 632 2604
f 2140 3746 3517
f 952 4029 2622
f 2870 2869 956
f 265 334 2869
f 774 1507 2091
f 330 1130 3826
f 668 4082 669
f 4082 1768 669
f 2465 4053 2902
f 4053 2817 2902
f 2817 4053 2815
f 1395 3009 3923
f 1524 197 2998
f 1662 3878 4319
f 3877 159 158
f 3427 3580 3514
f 3975 2693 3976
f 1789 1242 1408
f 1081 1714 1242
f 2104 2103 743
f 3193 2104 743
f 3543 676 675
f 809 808 3190
f 1214 4175 3404
f 4051 3061 3699
f 177 3610 178
f 480 479 2251
f 1341 2121 1005
f 1005 2121 250
f 3770 3110 3191
f 2833 2680 2574
f 1727 3989 1725
f 2575 1727 4092
f 1013 1012 1282
f 666 3949 2679
f 36 472 34
f 1550 472 473
f 390 2805 391
f 391 2805 3240
f 1640 3186 1641
f 2743 3185 2744
f 2687 4122 352
f 1617 2800 1618
f 1478 4218 4220
f 2678 2602 464
f 3200 2606 3208
f 1413 3467 3692
f 3143 2000 4322
f 2000 2843 4322
f 2605 2443 2606
f 4027 2914 3593
f 1014 1013 2062
f 196 3627 3540
f 10 2919 2311
f 4330 3929 1209
f 1908 3475 3746
f 3475 3517 3746
f 880 1963 2067
f 4251 2263 2262
f 46 3724 697
f 2069 2093 2067
f 2961 1848 1847
f 2950 2134 1447
f 2455 3076 3643
f 3811 2110 2374
f 3600 3841 206
f 3841 3602 3679
f 3675 2718 4192
f 3212 4331 3850
f 1329 722 2719
f 3077 3763 3636
f 3149 2117 2119
f 1127 2117 3231
f 4332 168 3524
f 3739 56 3524
f 3738 168 167
f 4299 731 1018
f 2508 2544 3192
f 3677 3676 4331
f 1368 1367 4227
f 3140 3142 854
f 3863 2773 3377
f 565 2715 2241
f 565 564 2936
f 4309 3056 2895
f 2634 563 4333
f 4334 4073 2557
f 3207 3858 3455
f 3881 410 3522
f 410 409 3522
f 2622 3358 1381
f 4335 4087 4289
f 39 4336 3440
f 128 130 3699
f 4337 4338 4339
f 4007 3791 2408
f 4039 3799 1557
f 211 2626 3897
f 164 2010 339
f 2060 1584 1585
f 4235 3817 492
f 492 491 4295
f 1949 3015 1144
f 1949 3952 1948
f 3460 1305 1304
f 2234 1153 3590
f 1840 3615 1841
f 1708 19 1818
f 835 1735 786
f 1735 3909 786
f 3387 3830 4340
f 3387 2869 334
f 3975 2694 2693
f 1984 496 4240
f 2338 4048 142
f 2077 1440 1442
f 4309 4308 4287
f 3830 1429 4340
f 2793 787 810
f 2793 3826 834
f 3131 3130 1892
f 184 183 3863
f 3288 2454 2486
f 1757 3719 3718
f 1835 2913 2133
f 3156 2746 2745
f 1168 498 2819
f 3796 3712 4290
f 908 2070 906
f 2285 2683 2286
f 635 1053 636
f 1053 1457 1052
f 1167 3330 451
f 635 3255 1777
f 568 1593 1592
f 1149 748 1523
f 3895 3896 2839
f 1999 1998 3655
f 1465 754 753
f 754 3951 4161
f 287 3574 570
f 287 2705 285
f 3621 3654 3620
f 3621 2974 3765
f 2293 26 25
f 3531 4341 1369
f 3671 3672 3006
f 2263 4251 3726
f 1408 3986 1789
f 4342 2230 861
f 604 1217 145
f 145 1217 2320
f 4310 1600 3879
f 1218 1027 238
f 3782 2110 2109
f 1064 1066 2108
f 93 3342 3341
f 1243 687 686
f 3272 4171 1392
f 1186 1185 3759
f 3434 813 2844
f 86 1437 4022
f 3673 2489 1388
f 340 2511 338
f 3074 3832 1905
f 4343 4344 3050
f 1965 4170 2137
f 3823 4345 4206
f 3292 2488 3236
f 1374 3348 2488
f 4059 4346 3245
f 3340 629 2897
f 3356 2875 3844
f 1688 4347 2627
f 889 2620 453
f 3431 1086 486
f 4348 1224 2018
f 1883 2627 4347
f 1389 2998 197
f 2998 131 1524
f 4126 4286 1579
f 1447 3718 1448
f 1538 2135 869
f 65 4321 4349
f 4350 2023 1542
f 801 2396 2395
f 3715 3717 3284
f 3717 3984 3284
f 1269 2768 1270
f 2732 1282 2269
f 450 2066 1571
f 2195 3363 1498
f 284 4314 1040
f 2395 2687 352
f 2468 773 750
f 1784 1783 4033
f 2093 2154 2067
f 3975 3785 3184
f 2694 1681 2692
f 981 4313 321
f 1367 1969 2304
f 1475 2088 1466
f 1968 2304 1969
f 1221 3437 3568
f 3431 4348 2017
f 2088 594 1466
f 1472 2035 595
f 1472 594 2018
f 2788 3290 4351
f 2086 270 2219
f 1977 2840 2932
f 2112 4092 1727
f 3559 2476 2477
f 2016 642 2014
f 59 842 2677
f 842 841 2677
f 3359 3342 93
f 3341 864 93
f 3538 478 2427
f 2619 3702 870
f 757 2347 1100
f 2347 1568 1101
f 1456 1718 4352
f 3433 4093 2410
f 1304 1306 2415
f 1164 3151 1162
f 884 14 3369
f 2194 957 1428
f 3084 3368 928
f 612 3440 1481
f 4353 146 2924
f 3807 3806 2255
f 484 3792 2569
f 3792 523 2569
f 3767 3312 4208
f 157 156 3538
f 2585 2389 2388
f 2192 1 1060
f 3781 444 724
f 3793 2381 3272
f 1345 1347 1589
f 1590 3713 1589
f 2781 2780 4354
f 1731 4351 3290
f 469 2761 2760
f 1577 2623 1578
f 4355 1199 1198
f 4060 4337 4061
f 3428 389 391
f 3347 1905 1296
f 1747 4355 1198
f 4076 4010 713
f 1459 1815 1458
f 1733 1016 1015
f 2725 2103 1774
f 3033 2033 227
f 4074 4062 3293
f 470 469 178
f 1698 1676 1883
f 1676 1884 1883
f 3327 2804 3328
f 1933 1934 480
f 438 437 70
f 2597 3403 2608
f 351 2944 1989
f 370 2478 2479
f 1251 2528 1276
f 1276 2528 1274
f 150 1075 3911
f 2659 1673 3892
f 1363 3996 3875
f 4226 947 946
f 1429 3789 4340
f 4346 1791 3245
f 1913 2429 3938
f 2736 1514 2494
f 2494 1513 3938
f 1514 3804 862
f 4307 2737 1416
f 2737 4307 2735
f 864 91 93
f 864 3405 862
f 781 1248 1798
f 4356 2206 2791
f 2005 3515 1724
f 4290 4015 3586
f 3315 4142 3576
f 2617 2042 2962
f 896 1645 4109
f 1321 1323 2469
f 2957 563 388
f 4136 2634 1624
f 1271 2233 2232
f 3295 4072 1665
f 4241 417 4172
f 1685 3238 1686
f 2127 4144 1245
f 4357 2082 592
f 4050 2527 2912
f 2571 2527 2526
f 1199 3866 482
f 2817 4109 2268
f 3984 3182 2774
f 3825 2908 4071
f 3452 85 1116
f 3693 2930 4014
f 1266 385 3779
f 2812 2814 384
f 1540 3917 526
f 3662 1324 1176
f 2046 874 2047
f 2812 41 3794
f 3779 2814 1415
f 1415 2813 1416
f 3794 2813 2812
f 3646 3794 873
f 2047 41 40
f 2317 2520 2519
f 384 42 2812
f 386 3887 384
f 3058 2957 3056
f 3080 4080 799
f 1415 2674 3779
f 3757 2164 3758
f 3294 3293 4062
f 242 244 4358
f 2700 311 1694
f 4060 4074 3610
f 1232 1516 1040
f 1230 2159 1231
f 589 2619 2044
f 802 801 1159
f 1747 3916 2523
f 3916 2524 2523
f 3574 1320 3957
f 3214 3213 2909
f 2114 4359 3531
f 4359 2114 2116
f 2560 2116 2115
f 4360 3544 675
f 1918 1917 3511
f 616 1917 614
f 656 658 678
f 2542 679 2720
f 2240 2333 3569
f 2333 2240 2176
f 3481 1631 2825
f 2617 3383 2618
f 1641 4197 1639
f 4197 1854 1639
f 921 1396 2175
f 2321 4188 3038
f 2037 4028 2272
f 4273 4245 2769
f 1436 1438 944
f 4337 4339 1439
f 4361 81 4362
f 903 1711 1401
f 3612 2291 4337
f 3523 3958 3070
f 3833 608 2926
f 607 3315 2927
f 1049 1056 998
f 4019 290 289
f 793 1776 756
f 1776 613 756
f 1207 4072 3294
f 3408 2477 1141
f 51 992 991
f 135 4222 827
f 1696 2700 1694
f 3295 3294 4072
f 3825 2473 2472
f 4071 1206 1205
f 2290 3982 4061
f 2290 1205 3982
f 1281 1091 226
f 1091 1090 227
f 3875 3996 2658
f 374 1142 1011
f 2261 2985 3218
f 43 45 2468
f 3753 3890 3473
f 1203 1716 1204
f 1816 1973 1972
f 1886 1816 2820
f 2475 3151 2178
f 3274 3709 4363
f 4006 3584 420
f 1621 1189 1620
f 3859 4282 3933
f 3801 2498 1741
f 2785 2771 2782
f 1310 231 230
f 3373 3211 209
f 2128 4217 3029
f 3774 1856 3772
f 2780 1491 2595
f 4123 509 3873
f 3145 4209 353
f 457 1648 1647
f 650 1894 651
f 1268 945 3153
f 1404 3086 1402
f 792 2923 793
f 3312 3901 4208
f 3825 4071 2473
f 2289 3677 2472
f 2586 1810 1382
f 4024 3213 3747
f 389 3428 3319
f 4364 3776 759
f 191 193 1218
f 193 2240 1218
f 918 1070 1444
f 1069 2024 1444
f 1644 1643 3285
f 1643 320 3285
f 3673 2156 2155
f 286 1318 287
f 4115 2157 3459
f 2155 2157 4365
f 1398 3271 567
f 395 1398 1400
f 4319 1663 1662
f 2471 1602 3971
f 678 679 1991
f 2577 4366 2578
f 2595 4257 2780
f 4088 3395 33
f 4209 2129 2128
f 2130 3275 1855
f 3873 24 3145
f 24 3873 1105
f 2380 2379 2734
f 115 1201 275
f 1564 3881 3522
f 946 1267 4226
f 1422 1421 2662
f 3078 2665 3079
f 513 2420 3138
f 2420 513 3505
f 3504 4191 4367
f 4274 4115 4302
f 4189 3254 3710
f 3071 3725 847
f 1192 3962 3886
f 3962 2295 3886
f 604 2008 3921
f 3181 3540 3627
f 1282 2223 1283
f 3909 3921 2008
f 1275 963 3265
f 962 4368 4369
f 3322 1262 1050
f 2522 878 880
f 2362 298 1809
f 297 3806 1382
f 3954 4016 3712
f 3777 30 29
f 4176 782 1798
f 4356 2791 781
f 3109 1654 3108
f 3961 1361 1362
f 1922 2300 3666
f 4370 3530 1921
f 2926 1859 554
f 1920 313 1921
f 4340 4215 955
f 290 4019 662
f 3617 1987 1986
f 2202 2201 3406
f 4371 785 784
f 631 3530 4370
f 2553 2109 3821
f 3821 2977 2976
f 2383 2335 3174
f 1346 2383 3174
f 1727 3060 2113
f 3060 3059 2113
f 1820 2478 3160
f 2478 369 3160
f 969 279 968
f 277 279 3985
f 3552 448 447
f 3651 2598 2609
f 2612 4190 2142
f 3586 4317 3796
f 2224 561 4193
f 3594 1172 392
f 1997 1071 1154
f 4224 1071 1073
f 1299 2186 1300
f 1299 969 1932
f 2616 1824 2090
f 2091 1507 2090
f 2958 2667 2299
f 264 263 2299
f 3250 4372 3987
f 2940 1274 3951
f 2006 1701 2545
f 2545 1701 2941
f 1802 4333 1800
f 4373 293 292
f 3548 3983 3516
f 2126 522 1443
f 2850 3400 3585
f 2851 606 3833
f 606 2851 386
f 2027 4127 482
f 4127 1926 482
f 1926 4127 584
f 3402 4162 2663
f 1500 36 2434
f 1289 3492 1667
f 2686 1627 2672
f 3665 1872 2580
f 4000 1508 1509
f 4332 3070 3069
f 2842 1630 1629
f 3725 3977 847
f 4313 3398 3999
f 3524 168 3739
f 3915 3119 3819
f 4132 1343 1342
f 3434 1590 1347
f 3202 161 3846
f 1519 3430 3127
f 3385 3570 2916
f 2856 2557 4073
f 462 1427 1311
f 4138 1544 3011
f 2856 3424 2111
f 2147 3427 2145
f 3427 3514 2145
f 4034 3733 4198
f 3311 2281 3901
f 3995 112 1441
f 2702 4071 2908
f 121 605 2009
f 605 604 2009
f 4374 406 767
f 1096 432 768
f 594 2088 2017
f 2944 2790 2789
f 1806 1880 1879
f 1880 1806 2383
f 2037 1807 103
f 4213 1879 98
f 1991 1992 3980
f 1353 2578 4366
f 1879 4213 1806
f 2931 1992 2872
f 1808 2037 2272
f 2336 1808 2272
f 92 2239 2522
f 2239 92 91
f 2333 1823 3569
f 1074 60 3068
f 871 1709 4135
f 2692 1425 1424
f 1791 4346 2523
f 4346 4059 2523
f 1513 938 3939
f 3637 2667 2959
f 3588 1616 2984
f 2596 2984 1616
f 4375 3885 2955
f 2620 4376 2621
f 1269 433 4063
f 433 1269 1067
f 434 1067 556
f 434 1582 432
f 2499 3876 2497
f 767 406 1127
f 3239 3240 2804
f 391 3240 2353
f 715 1600 1601
f 2742 2741 3859
f 921 2174 919
f 2174 1791 919
f 4370 3039 2897
f 1578 235 3573
f 2824 1520 1942
f 1520 1519 1942
f 3129 1085 3582
f 2337 4141 3174
f 2796 4377 176
f 4377 2796 2690
f 113 1215 2943
f 1339 2767 2356
f 4020 3592 4325
f 3592 3591 4325
f 1681 2694 1679
f 2694 3975 1679
f 1183 38 37
f 2138 3855 3438
f 1551 530 529
f 2161 2160 2578
f 4216 2085 2278
f 3869 2611 2818
f 2857 4055 2994
f 1007 4105 3828
f 4378 4278 3357
f 4289 4358 3884
f 3885 3959 3798
f 2762 2795 1770
f 959 4066 3868
f 2244 2243 4118
f 227 226 1091
f 4379 789 1244
f 3854 121 1359
f 2081 341 2999
f 455 3928 1950
f 1430 126 3939
f 3505 346 2420
f 4044 1357 1356
f 4044 4104 1923
f 1373 3348 1374
f 3236 3348 3237
f 2685 2684 3733
f 4316 4262 3894
f 2149 1628 3681
f 2559 4198 2560
f 2068 3517 2069
f 828 3926 826
f 4041 1453 1535
f 1535 3961 4041
f 3318 2741 1228
f 2773 3378 3377
f 3025 3771 3684
f 3684 3407 3025
f 4380 4111 3810
f 303 502 304
f 2210 544 546
f 3774 3773 3977
f 3831 1766 4326
f 4248 1765 3744
f 2249 3177 2859
f 3177 988 2859
f 376 3865 632
f 3947 4285 1698
f 2279 2771 2785
f 1886 2821 210
f 3192 731 4300
f 506 996 3722
f 465 4110 4242
f 4110 2602 4242
f 4217 4381 3029
f 2141 623 2894
f 1326 2892 1324
f 2892 1177 1324
f 1177 2892 2891
f 3601 4363 4310
f 3021 3165 2228
f 1432 1434 3853
f 3609 3608 2723
f 1215 115 274
f 114 3698 1201
f 2348 3875 2657
f 1520 2075 1521
f 770 769 3931
f 353 3874 3145
f 2817 3541 2902
f 3485 3383 2962
f 3641 4026 2988
f 4026 4025 2988
f 3960 586 100
f 586 101 100
f 101 3840 1744
f 909 3578 3845
f 3159 3161 1821
f 1822 2479 1820
f 2516 1394 1666
f 1319 2349 1320
f 1369 3849 1004
f 3849 1369 1371
f 2410 4093 537
f 4093 3441 537
f 4382 646 645
f 304 4383 302
f 3157 1961 1960
f 3426 4384 3132
f 4221 2314 2901
f 2314 4221 3017
f 3808 4305 3809
f 1886 210 1887
f 4024 3747 3183
f 1371 3747 3212
f 1139 2235 1140
f 3024 2235 3460
f 2669 2668 3966
f 1862 4303 2310
f 3133 4131 3528
f 3066 3899 1261
f 4324 3521 4306
f 4306 539 4324
f 2386 2719 2001
f 3737 719 4130
f 1473 908 907
f 4164 1771 3660
f 4327 1797 1796
f 1650 4077 3748
f 1341 1340 2397
f 1340 1007 2397
f 4320 645 2756
f 4243 644 3976
f 3423 172 171
f 4310 3879 4114
f 1646 3762 1043
f 4005 3657 1468
f 3768 2160 1591
f 2830 2387 2611
f 2588 3870 1901
f 2546 818 3262
f 3061 4051 3062
f 4052 130 3840
f 2623 1577 1611
f 1577 1576 1611
f 2759 2761 3660
f 4165 3831 4326
f 36 1500 473
f 2436 1500 2434
f 3605 4385 1527
f 4271 2014 642
f 51 3992 49
f 3992 1846 49
f 708 707 2743
f 4386 4232 2956
f 298 2362 296
f 298 1382 1810
f 4288 3662 3917
f 4354 2541 775
f 22 3668 357
f 3668 22 24
f 508 507 4104
f 4376 889 888
f 3953 3137 1216
f 345 3137 2420
f 1513 2494 1514
f 2494 2493 2736
f 1913 2430 2429
f 2430 2481 2428
f 3738 1916 4158
f 126 1913 3938
f 878 2239 3837
f 2822 3292 2823
f 2674 1417 2428
f 2481 2674 2428
f 3786 4004 2014
f 2014 4271 3786
f 642 2016 643
f 642 641 4271
f 4373 3941 2749
f 1525 1527 4385
f 2505 4387 4388
f 4045 1203 31
f 2843 1157 4322
f 4389 2966 2266
f 2325 1994 2326
f 256 2453 4023
f 1579 3403 1911
f 3403 2597 1911
f 70 2504 3317
f 2504 70 437
f 1525 3535 3740
f 3656 2408 3791
f 3263 1020 3613
f 3976 644 4239
f 3218 2971 3807
f 2971 1382 3807
f 809 1314 1313
f 3370 1315 4390
f 141 95 94
f 95 141 260
f 2779 2651 2122
f 2651 2779 3911
f 159 3878 912
f 1376 2339 913
f 4321 3868 4066
f 4025 958 3932
f 1050 2367 1858
f 2367 964 1858
f 4225 1121 3650
f 3650 4224 4225
f 2778 2296 2006
f 2778 2509 3635
f 3560 2312 3366
f 3708 4020 3689
f 739 4167 737
f 322 4173 323
f 3396 2463 3805
f 2029 2462 3426
f 3396 3398 4313
f 3999 3998 3661
f 1805 625 624
f 2023 2918 1542
f 578 2365 3545
f 3107 2987 4171
f 418 1364 2348
f 1364 1363 2348
f 3048 4268 1693
f 974 3120 3261
f 417 4241 415
f 416 973 2212
f 1183 4391 2138
f 1456 3379 1454
f 597 1459 598
f 4266 321 4313
f 2447 3550 2554
f 4252 865 3232
f 2360 38 3438
f 311 2700 550
f 2539 1063 232
f 1063 1687 212
f 3559 3498 3497
f 3786 4252 3232
f 3634 2421 4293
f 2423 4279 2421
f 3500 1620 3332
f 3500 2573 3192
f 1660 122 766
f 122 764 766
f 3771 3880 1433
f 3361 945 947
f 4134 1421 2552
f 3436 3435 1086
f 1571 696 698
f 696 1571 2066
f 795 794 1583
f 982 984 2167
f 4219 4218 1569
f 3063 585 586
f 618 2933 619
f 4314 1232 1040
f 2469 3006 1321
f 4369 3672 3265
f 3945 1856 3774
f 3518 3813 3772
f 2484 2607 3561
f 2483 2605 2607
f 2485 3027 1935
f 3027 2859 1935
f 2037 4245 4028
f 2769 794 4273
f 2999 2082 2081
f 2083 576 2213
f 2234 1139 2301
f 2301 1153 2234
f 690 692 4005
f 1668 2696 1669
f 780 3003 3639
f 3003 780 782
f 2600 117 4130
f 4250 4392 2458
f 4393 4336 4394
f 3015 3014 2776
f 113 2885 114
f 2885 2884 114
f 2160 2401 2577
f 3768 94 96
f 1782 3117 3116
f 1158 3165 3116
f 3045 825 3836
f 4030 755 929
f 2093 2094 2154
f 2405 3836 3301
f 3201 1831 1555
f 4395 2758 2757
f 426 529 424
f 510 4275 1551
f 1077 2313 1078
f 2901 2313 1875
f 627 1738 4011
f 627 2583 628
f 1882 1884 3529
f 1621 1190 1189
f 4011 2159 714
f 2159 1230 714
f 1043 1045 1605
f 1043 1605 1452
f 1892 1891 643
f 1608 2056 1609
f 701 72 71
f 3494 1951 1437
f 53 52 2487
f 52 3373 209
f 1290 2102 1550
f 2102 1290 1669
f 2294 3054 2293
f 119 1167 1932
f 1652 4343 1653
f 849 848 3711
f 130 4052 4051
f 4387 1748 4388
f 1383 1385 3955
f 3955 1385 3246
f 1863 1862 2310
f 2310 4135 1709
f 3351 4339 176
f 525 1541 526
f 129 2254 130
f 2877 3729 2878
f 489 1851 1850
f 1651 1852 1851
f 3943 1958 3990
f 2865 2655 592
f 2255 2257 463
f 514 3581 515
f 4011 4010 2581
f 4010 4076 2581
f 1029 4245 4273
f 4245 1029 4028
f 3539 2273 4028
f 2273 2272 4028
f 2208 941 940
f 3749 3802 3893
f 2455 3643 4139
f 257 2447 4009
f 4284 2816 3304
f 3688 3761 1565
f 4221 2901 3270
f 1342 3899 4131
f 2586 4169 1974
f 4022 1437 1436
f 2666 3637 2532
f 3077 3636 3078
f 2680 3900 666
f 2680 2679 2574
f 3377 2262 2264
f 3083 4145 3081
f 1476 1223 1222
f 3270 1112 4221
f 573 2181 574
f 2180 1882 3529
f 4234 4396 2843
f 2927 608 607
f 2957 387 3056
f 1587 3044 3250
f 3279 3278 3320
f 3320 3278 689
f 3629 3631 3106
f 3858 3859 2741
f 3901 710 4208
f 3901 3312 3311
f 6 5 1486
f 3732 4198 3733
f 3053 1560 2369
f 2628 1559 650
f 3661 2036 3053
f 3644 3998 3374
f 1631 2242 712
f 711 1334 1682
f 1830 4384 2720
f 4384 3426 2720
f 2157 4116 4365
f 1552 1554 3795
f 1153 2301 1151
f 4397 4166 4326
f 2200 3597 937
f 3596 4215 4001
f 3720 3583 2127
f 2007 3515 310
f 887 3589 3745
f 3589 3588 3745
f 2004 857 856
f 3696 4023 858
f 513 515 4137
f 3780 3337 4130
f 1593 3851 1594
f 3641 4159 2837
f 1129 2847 2918
f 507 3997 3828
f 188 3136 189
f 4227 706 1368
f 3850 4331 3676
f 3736 1064 3734
f 974 4125 4398
f 4356 2207 2206
f 3053 4371 784
f 1141 3520 1940
f 2636 2635 3307
f 4364 3973 539
f 950 673 948
f 2589 1295 950
f 3872 540 4306
f 3497 3843 2476
f 3163 2714 2418
f 2714 3163 329
f 3778 3777 4103
f 916 2104 917
f 671 4240 672
f 671 260 141
f 4128 1928 1839
f 417 2212 1099
f 253 3809 251
f 349 348 3640
f 3724 2187 3707
f 3707 2186 1572
f 2848 2055 3226
f 2058 2848 3226
f 3163 3162 522
f 3162 523 522
f 3220 2712 2711
f 996 2712 2169
f 2787 2346 3526
f 648 647 2346
f 2973 2972 246
f 2972 3620 3526
f 2346 2787 648
f 2787 3143 2786
f 3061 649 648
f 649 1873 647
f 2105 247 2543
f 247 2346 647
f 2511 340 2510
f 2722 1762 1761
f 763 762 3659
f 3040 1812 1813
f 2904 2567 1002
f 2567 2904 2717
f 1977 4256 2840
f 3889 1037 4391
f 1153 3864 886
f 3864 630 886
f 4338 3610 4339
f 3092 1411 1219
f 523 3866 2881
f 3866 1199 2881
f 3783 1753 3486
f 4024 1752 1751
f 3417 2376 2375
f 1146 683 1147
f 2497 1741 2498
f 1944 2824 1942
f 2994 3448 2858
f 179 2797 180
f 3632 528 1441
f 2086 2085 270
f 4341 4359 4399
f 3632 1441 1440
f 457 1647 180
f 2646 4400 1794
f 2472 3677 4331
f 3927 2797 2799
f 2773 183 3284
f 3629 1255 182
f 1079 3146 3152
f 3146 2340 3152
f 1480 655 348
f 655 3100 348
f 2374 3782 2375
f 2110 3734 2108
f 2916 2917 1985
f 1000 2886 2917
f 3980 1403 99
f 1403 1402 99
f 98 97 4213
f 97 103 4213
f 4138 2579 1544
f 2603 3766 851
f 1792 2531 2530
f 2345 2889 4090
f 1378 400 720
f 400 817 720
f 3764 4232 3204
f 3204 3203 3764
f 4349 66 65
f 4159 3099 2838
f 2433 4304 90
f 2334 4342 861
f 3906 549 548
f 1362 3311 3961
f 3157 2746 3156
f 3481 2745 215
f 1747 1198 1285
f 518 2732 2269
f 3168 3625 3169
f 2930 3693 3625
f 3729 3595 4401
f 2615 2995 3626
f 1200 1706 82
f 3664 1360 1359
f 2766 3981 98
f 3981 3980 98
f 2614 752 1332
f 752 2614 378
f 750 3004 2468
f 3004 2469 2468
f 804 3050 1728
f 3632 424 529
f 49 2407 2363
f 2407 3656 2363
f 377 3950 378
f 2858 2799 2798
f 3263 818 819
f 2898 441 1303
f 3318 3305 518
f 3305 3549 518
f 545 544 4154
f 544 2210 4154
f 3773 3772 3813
f 3772 3275 3518
f 4209 23 2129
f 23 22 3518
f 3275 2130 2129
f 2130 4217 2128
f 279 1114 3985
f 3654 2227 2229
f 76 3127 3430
f 2340 1941 4233
f 383 382 4012
f 39 4394 4336
f 540 539 4306
f 3872 3205 3204
f 3931 3206 3173
f 3752 3477 3381
f 3858 517 3455
f 3306 1309 3862
f 4330 1209 1208
f 1210 309 1208
f 2616 1825 1824
f 421 1826 1825
f 2378 3499 2033
f 2997 3144 2772
f 1175 4402 1006
f 249 248 3125
f 3264 3425 3262
f 771 2989 3096
f 285 2706 3329
f 2706 2640 3329
f 251 3890 3889
f 3891 3753 1008
f 2170 611 503
f 806 3810 3912
f 3084 3085 3368
f 3085 3369 3368
f 3775 3244 2175
f 3244 1791 2175
f 4092 2112 2394
f 4403 1126 276
f 2934 2933 618
f 2248 3238 1685
f 3236 2980 2823
f 2981 1192 3886
f 1183 252 4391
f 2841 2840 4256
f 3397 2808 2809
f 2809 3398 3397
f 2653 4404 2651
f 4404 2122 2651
f 1734 500 695
f 667 500 499
f 1579 2217 1580
f 2217 2216 1580
f 2725 1774 1773
f 1774 2024 1772
f 3387 954 956
f 2450 2452 1664
f 2442 2441 9
f 2441 2573 9
f 3807 4003 3218
f 3052 2167 686
f 445 2185 4301
f 2211 2625 3986
f 1603 2584 1604
f 2041 3302 3836
f 1604 2584 991
f 4247 2038 3796
f 1161 4244 832
f 4390 3987 3370
f 1829 3957 2349
f 1370 4399 3183
f 309 4086 1208
f 3528 4131 3899
f 573 3897 2180
f 2626 211 213
f 1125 2401 96
f 96 2401 3768
f 529 426 1551
f 3458 3457 3670
f 1090 3014 1107
f 3014 1234 1107
f 1446 1848 1447
f 1447 1848 2950
f 363 4017 364
f 4017 363 4015
f 587 2977 4013
f 2977 4014 4013
f 458 2252 1032
f 2252 2547 1032
f 1332 2612 2614
f 4185 2650 2649
f 4056 4163 3566
f 87 4021 970
f 2191 3724 48
f 46 697 2828
f 4219 3235 4031
f 3235 4219 1569
f 1414 3260 490
f 2889 2888 4081
f 3594 1170 4143
f 1170 3594 3124
f 1818 4102 4103
f 2825 4405 2040
f 2786 4046 3699
f 4336 2921 3440
f 2696 2695 1669
f 2391 322 1903
f 4183 1530 4182
f 2592 2591 3044
f 964 555 1858
f 555 1859 1858
f 577 3946 2365
f 3946 2363 2365
f 3075 733 1970
f 3075 708 381
f 4206 3267 3823
f 3171 3842 3267
f 4325 4345 3914
f 4206 3591 3172
f 1656 1690 3169
f 1690 1689 3170
f 467 466 3166
f 3167 3823 3267
f 468 4241 466
f 467 3267 3842
f 1759 1760 3391
f 468 3842 3154
f 3783 3716 1297
f 3155 415 4241
f 466 4172 1730
f 4172 466 4241
f 1586 2981 3886
f 2981 1586 2823
f 1713 108 2214
f 446 1729 447
f 3465 2724 4210
f 2724 3465 289
f 804 402 1294
f 402 401 1294
f 2404 2403 1147
f 526 2198 524
f 4406 2740 4295
f 2456 4139 4140
f 3829 333 1505
f 4195 1744 3577
f 3577 3845 3578
f 3845 910 909
f 3837 1955 1954
f 1536 684 1570
f 3742 3316 3412
f 3316 3742 3315
f 1173 2225 2224
f 559 2461 3502
f 4386 758 760
f 3862 3307 3306
f 3975 3184 1679
f 4239 3785 3976
f 3900 1454 666
f 3067 3066 1261
f 1455 3900 2414
f 1455 2415 1456
f 4235 4124 3969
f 4124 2551 3969
f 3551 2448 2550
f 1852 3089 1850
f 1277 4279 3415
f 1635 1894 1558
f 1894 1635 1634
f 4075 1645 3728
f 4075 3940 319
f 3095 843 58
f 843 3095 1640
f 3312 4280 3310
f 3299 4280 3198
f 794 3007 4273
f 3112 3111 3949
f 1356 1358 509
f 2495 1358 2241
f 2686 2672 4407
f 2686 4261 2684
f 3664 1359 3665
f 3664 2580 3103
f 3375 3374 2809
f 3374 3998 2809
f 2695 4353 2924
f 1669 2695 2102
f 1660 4408 2161
f 847 3254 3071
f 3802 3380 2669
f 1739 2537 3802
f 1640 3148 3186
f 4297 2744 3186
f 448 1860 446
f 3496 1767 709
f 970 4329 188
f 4329 970 942
f 2551 2550 2448
f 3417 2550 4064
f 2895 3056 2896
f 2399 2398 1073
f 3869 4327 3688
f 4327 1796 3688
f 352 3874 353
f 3874 352 4122
f 4025 3932 769
f 3932 3931 769
f 2325 1993 1994
f 4 6 1897
f 4409 4410 4214
f 2270 1229 2794
f 3318 1228 1227
f 4411 3858 2741
f 985 2675 2455
f 4009 3554 257
f 1271 3453 2316
f 3453 2928 2316
f 2640 3819 596
f 225 224 2515
f 2151 716 718
f 2756 645 4243
f 4243 3619 2756
f 1693 1703 171
f 1428 957 231
f 3552 4256 2064
f 1976 2062 2064
f 2062 4180 2063
f 448 3552 2064
f 2431 474 838
f 837 3824 2432
f 3110 2832 3191
f 3110 3770 1304
f 3941 3614 3261
f 3614 3941 292
f 214 1193 2506
f 2507 3237 3349
f 4202 4108 4007
f 4405 202 2040
f 29 3956 4108
f 3942 3988 3755
f 3105 3715 3629
f 1374 3190 1372
f 3907 4412 3908
f 3969 259 3701
f 259 3969 2551
f 2061 851 850
f 2911 280 1087
f 3364 2097 3365
f 2097 2096 3365
f 1623 3887 2851
f 3887 386 2851
f 3967 2253 2254
f 3259 637 2999
f 1436 943 4021
f 943 942 4021
f 4182 3273 3815
f 2189 2188 3815
f 2691 3623 4088
f 3623 3622 4088
f 1028 2288 75
f 2288 1028 1844
f 1546 3698 1607
f 359 1607 3698
f 2089 2968 2973
f 2968 2974 2973
f 2153 2152 2522
f 1393 3270 1394
f 537 2406 538
f 1878 3045 2405
f 630 3360 2854
f 3360 3359 2854
f 1700 3584 4006
f 259 2551 257
f 1640 3642 843
f 3642 841 843
f 3782 2374 2110
f 2374 2698 3811
f 3115 3114 1549
f 436 1216 274
f 905 4228 4413
f 4228 3988 4413
f 3843 4306 3521
f 3520 1141 2476
f 3822 4014 2977
f 4414 4415 1260
f 4410 3485 4214
f 229 319 3940
f 2485 2251 335
f 3951 3910 2940
f 3853 3631 947
f 947 3630 3361
f 289 1762 2724
f 1762 2722 2724
f 1914 1322 4368
f 115 1215 113
f 74 2710 527
f 2710 74 2312
f 2312 3560 2710
f 2049 2048 4407
f 3812 477 1653
f 477 3812 1294
f 800 4308 1803
f 4397 3152 4283
f 307 3176 3708
f 3176 4020 3708
f 140 4048 4049
f 4048 140 142
f 1898 2372 2520
f 18 1625 2742
f 4111 3077 3079
f 978 3020 1913
f 3104 3064 4276
f 724 443 542
f 2003 1723 3694
f 1723 2003 1724
f 1722 1109 4413
f 170 3539 1029
f 4210 2723 3608
f 2643 3043 4203
f 2890 1010 2382
f 2382 1009 622
f 4035 621 2457
f 2361 2708 2457
f 949 1009 1008
f 1009 949 622
f 2382 1502 2890
f 2032 3573 228
f 2044 3554 4009
f 1108 1426 1425
f 1338 2868 2767
f 2356 1238 1339
f 1338 1337 1889
f 893 1142 1490
f 2767 3016 2766
f 2767 1339 1338
f 573 3618 3897
f 2109 2108 1066
f 2514 956 955
f 2721 3037 219
f 1855 152 154
f 1509 152 3945
f 2390 785 3300
f 2390 1691 2391
f 1151 2300 1922
f 4324 2637 3666
f 1537 684 1536
f 1478 1477 1536
f 4000 3978 3725
f 958 883 2373
f 2861 3495 1138
f 2861 1137 2860
f 480 2251 1933
f 2485 1764 2251
f 3984 2774 3284
f 2774 2773 3284
f 487 3175 707
f 3175 3373 707
f 3594 392 394
f 1712 2419 1083
f 1598 2351 740
f 192 191 248
f 507 3828 4104
f 4104 4105 4402
f 3721 3314 1822
f 4120 3765 2974
f 3344 378 3950
f 2873 4121 1938
f 3847 3422 3421
f 2883 4416 3411
f 2505 4388 4280
f 4041 4280 4042
f 3306 3308 759
f 937 3597 3596
f 3222 3223 3279
f 3279 3223 3658
f 4196 2754 2991
f 4287 4079 3057
f 1893 2991 2990
f 2991 1893 4196
f 3335 643 1891
f 1871 4055 2857
f 3144 3503 2078
f 2782 181 2783
f 2754 4196 2922
f 3571 2753 2752
f 2221 3461 4417
f 2219 1460 2220
f 2078 2080 2764
f 4292 342 2213
f 4264 3057 4079
f 2764 4056 2078
f 1461 4292 1247
f 2797 3928 180
f 2789 1990 2944
f 2789 2791 2206
f 1634 3194 2882
f 3194 1634 1636
f 2256 3444 2257
f 2256 2255 3257
f 3534 3791 3535
f 3355 2722 3121
f 299 301 664
f 299 4352 2410
f 3998 3644 3661
f 3376 3644 3374
f 4416 2342 3411
f 4132 2734 2379
f 113 4155 2885
f 3813 3506 3856
f 4418 4238 902
f 4274 2328 3795
f 2315 3354 551
f 3354 552 551
f 1959 4317 4203
f 4317 3586 4203
f 719 1182 4130
f 1182 2600 4130
f 1529 3273 1530
f 3273 4182 1530
f 218 4204 4419
f 706 705 3690
f 2538 1463 1462
f 1464 2668 1462
f 335 2251 479
f 1636 2035 3113
f 2817 3487 3541
f 3487 1390 3541
f 1143 2028 3102
f 2028 375 3101
f 1952 2444 1435
f 2716 3090 1435
f 920 919 579
f 581 920 579
f 408 1465 84
f 1523 748 3778
f 3918 3134 4091
f 1987 3616 542
f 4185 157 3538
f 2115 2460 3681
f 3817 490 492
f 4148 2560 3732
f 1900 1902 2958
f 1811 1810 2585
f 3486 1752 3984
f 1752 4024 3984
f 3483 1204 1716
f 602 1566 2107
f 2002 2683 2001
f 157 4185 2308
f 3094 4297 3148
f 3681 2559 2115
f 887 889 453
f 3758 1420 1419
f 3181 3180 1057
f 3394 4398 4125
f 1773 2747 2725
f 2747 2726 2725
f 1266 1187 3413
f 1187 3414 3413
f 617 1163 618
f 395 2751 396
f 3161 4288 3122
f 3161 3159 3158
f 2216 3814 3401
f 1906 3347 409
f 3222 3319 1089
f 1795 3442 2353
f 4375 2955 2954
f 1715 1717 3797
f 60 1075 2659
f 505 1328 997
f 2402 4276 1931
f 847 2343 848
f 2359 4362 81
f 1399 1398 3649
f 1557 1479 4039
f 1557 4154 1556
f 3555 3254 4189
f 849 3710 3254
f 2451 2203 4248
f 3493 3363 3362
f 4152 2975 3488
f 4368 961 3000
f 2454 4023 2453
f 53 2487 2454
f 630 1152 631
f 1152 1151 631
f 4401 3801 1740
f 4401 3595 2026
f 2889 4081 4090
f 2888 2781 4354
f 4138 3011 3788
f 4159 2838 2837
f 3461 2221 2220
f 1592 4418 3649
f 1531 200 123
f 237 200 1353
f 2929 4047 1538
f 1758 2135 2995
f 2661 2616 2090
f 2661 1756 1758
f 4420 3558 2533
f 3558 1329 3246
f 380 3865 376
f 3865 380 2341
f 3246 2533 3558
f 2534 2666 2532
f 2533 3246 1431
f 2533 2532 4420
f 875 3937 873
f 3188 1953 3937
f 800 799 4080
f 4080 4287 800
f 74 4304 75
f 3646 4307 1416
f 3937 875 3188
f 875 2046 3471
f 3248 3249 738
f 975 2212 973
f 3581 514 3138
f 514 513 3138
f 2819 703 2257
f 703 463 2257
f 3909 2008 3907
f 2008 145 3907
f 2970 3703 3553
f 2841 3553 3703
f 2360 39 38
f 39 3440 37
f 69 102 4195
f 102 1744 4195
f 1409 2670 1713
f 2670 1714 1713
f 272 271 2275
f 3459 3458 4115
f 2386 2683 2285
f 1526 1525 2259
f 2830 2611 2898
f 2305 899 4207
f 435 275 2492
f 4369 4368 1322
f 1726 1725 1344
f 4101 3574 287
f 1108 1110 2377
f 3983 1110 1722
f 3728 3659 4075
f 3659 3728 763
f 3040 1813 2426
f 2426 221 3040
f 87 86 4022
f 1135 1327 999
f 1135 998 1684
f 1684 2416 1135
f 1113 524 2198
f 2894 4177 2183
f 1841 3615 3546
f 4356 780 4201
f 338 2566 165
f 3692 3002 166
f 1117 971 1632
f 3591 4206 4345
f 3076 2455 2675
f 1478 1570 4218
f 1389 2903 3541
f 2903 2902 3541
f 866 865 2922
f 2453 256 2945
f 3082 3409 3083
f 1195 4043 4044
f 549 1188 2565
f 1188 1265 2565
f 787 786 2728
f 464 2602 4110
f 4083 431 403
f 403 3449 4083
f 431 4083 668
f 431 430 401
f 896 2816 4284
f 77 3304 2594
f 4284 897 896
f 897 4284 76
f 730 1814 3603
f 3993 1339 1238
f 2357 1239 1238
f 2357 1881 1345
f 2954 1717 1203
f 4390 2822 1588
f 2733 1677 1697
f 1678 1884 1676
f 4398 3120 974
f 413 412 2144
f 737 3012 4032
f 3012 737 4167
f 3555 3847 3251
f 1610 2459 3848
f 2055 2848 1129
f 3252 4332 3069
f 3251 3069 3555
f 3251 3848 2459
f 55 57 3523
f 57 3266 1509
f 2653 1823 2333
f 2653 1074 1823
f 1476 3657 3439
f 1468 690 4005
f 3698 2884 359
f 1958 3943 4096
f 2505 4280 3299
f 3721 4285 3947
f 3827 2920 1561
f 957 2076 2920
f 324 326 1574
f 1481 2921 326
f 4184 4181 4180
f 3005 3671 3006
f 4097 2538 4098
f 2538 4097 1463
f 1137 1136 1832
f 1136 1892 1832
f 2377 3499 2378
f 2031 3499 3548
f 3895 2839 4205
f 2932 3896 2124
f 2548 2348 2657
f 1189 1191 3895
f 3140 3338 104
f 4140 904 2456
f 3953 436 3115
f 3115 3581 3953
f 2613 2142 2053
f 2142 2613 2612
f 1990 4167 1988
f 1740 1742 2424
f 4152 2078 4056
f 1685 1055 2248
f 1148 749 1149
f 749 1148 1278
f 3532 3456 1014
f 3974 458 3207
f 2080 1235 2764
f 934 1907 2184
f 998 1685 1684
f 1056 1685 998
f 2933 2828 619
f 3709 4310 4363
f 1164 3150 3151
f 3150 1164 3381
f 2107 1527 603
f 4385 3536 3535
f 2979 2782 2771
f 2978 2771 2772
f 3964 4067 3350
f 1246 1461 1247
f 603 2422 601
f 653 4018 654
f 4311 1595 3306
f 3973 3308 3307
f 3099 4381 2838
f 722 1720 1719
f 4312 659 3313
f 1804 1803 2729
f 4153 2913 2915
f 4201 3639 3609
f 4293 2536 1659
f 1659 3634 4293
f 4365 1930 2155
f 1930 3713 2155
f 3713 2490 2155
f 1590 3434 2489
f 3846 2639 3202
f 2639 3846 2197
f 1956 1638 1957
f 3990 1957 3759
f 2985 1974 4169
f 854 2591 2593
f 1478 1536 1570
f 1309 2514 3862
f 904 4140 254
f 4140 1854 255
f 2573 3332 9
f 1055 1685 1056
f 2138 1039 3855
f 1058 1057 3180
f 1578 3573 1316
f 3573 2032 1316
f 3313 4270 4312
f 3855 4037 4036
f 1811 2585 2388
f 3212 3747 3213
f 2588 1901 4419
f 1901 1900 4419
f 4334 2557 2516
f 990 989 1763
f 3455 3974 3207
f 3974 3455 3456
f 4160 4403 276
f 3424 2856 2701
f 1001 2853 884
f 3292 2822 4390
f 4303 1862 3527
f 1862 1864 3527
f 3697 675 1457
f 3031 904 905
f 1732 2266 2966
f 1733 1015 1731
f 2266 1732 3967
f 3241 2540 2320
f 2876 1731 1015
f 2876 2875 397
f 1115 2975 4152
f 2975 1115 1632
f 1292 1123 1122
f 478 3538 156
f 4047 2995 2135
f 869 868 1538
f 3553 3552 447
f 1419 601 3757
f 1409 3189 742
f 3189 3759 742
f 2524 2098 919
f 3515 2005 310
f 561 2226 559
f 691 2808 693
f 1393 1392 4171
f 1637 646 1186
f 964 1264 553
f 3934 3399 553
f 4275 1946 1551
f 2276 4399 4359
f 3940 4075 3659
f 3658 3940 3659
f 1324 3662 4288
f 2121 3047 2122
f 1756 3719 1757
f 1670 1507 1051
f 1408 2645 3986
f 2645 740 3986
f 881 1788 882
f 163 700 161
f 3591 1209 3172
f 161 3202 162
f 2518 2520 882
f 2512 4421 2513
f 882 700 2518
f 2518 699 2730
f 2818 4327 3869
f 3156 2039 1961
f 163 3929 4330
f 3172 3929 2172
f 4330 699 163
f 699 4330 2730
f 2172 162 2173
f 2173 162 3202
f 415 1916 416
f 3392 3738 167
f 125 976 126
f 2262 271 4065
f 56 3739 4158
f 3739 3738 4158
f 2381 4171 3272
f 283 3879 715
f 3079 2665 3472
f 2664 3472 2665
f 3947 4347 1688
f 2626 1882 2180
f 1715 547 2565
f 547 1715 3797
f 3965 3474 3443
f 3474 3444 3443
f 2145 1351 3329
f 1351 2145 3514
f 656 1890 3199
f 2052 2438 1890
f 2211 2350 984
f 2350 1244 1243
f 685 1147 683
f 3833 2852 2851
f 3582 3435 4089
f 3582 2631 3129
f 1521 1866 1865
f 4106 2075 2260
f 1092 3963 1170
f 3963 4143 1170
f 3463 3462 3257
f 3463 3806 297
f 2065 2642 2066
f 2642 617 2066
f 1923 4402 4160
f 4402 1923 4104
f 2875 3271 397
f 397 3271 395
f 1015 2874 2876
f 2966 4389 1157
f 3656 3791 3534
f 2408 4202 4007
f 4225 3333 1121
f 3333 4225 2398
f 1002 2905 2904
f 2906 3055 4192
f 2605 3256 2443
f 4377 3565 3564
f 525 524 2380
f 524 1113 3107
f 491 2510 4295
f 340 3680 3139
f 4365 1240 1930
f 1240 4365 3948
f 3855 3883 3438
f 3883 615 3438
f 2464 2783 181
f 4417 3571 3503
f 2634 4136 855
f 1176 1178 3051
f 3512 4114 282
f 3459 3678 3457
f 1383 2654 3622
f 4087 4315 4289
f 613 503 611
f 504 3255 635
f 2843 4396 3165
f 4396 2228 3165
f 796 3086 1348
f 3086 1404 1348
f 3512 3602 4114
f 3601 4310 4114
f 628 4098 2538
f 4098 628 2887
f 3734 3811 3914
f 4018 653 1160
f 3802 2669 3966
f 3380 2538 1462
f 4002 2872 2871
f 3197 1404 2872
f 4201 4278 3228
f 4278 4201 3609
f 2347 336 2849
f 1663 4319 4320
f 3150 2467 2178
f 2807 2338 519
f 2970 3050 4344
f 1133 3878 1662
f 1902 2665 2958
f 2839 3703 4205
f 4308 800 4287
f 2982 1429 3830
f 2136 2011 3026
f 4375 4289 3884
f 303 302 806
f 3558 1721 1720
f 2071 2070 1773
f 2070 908 1773
f 895 1011 893
f 1490 1142 609
f 2224 2226 561
f 2461 2226 3742
f 4262 1518 3894
f 1232 1231 1517
f 2075 4106 1866
f 2075 1520 2824
f 2658 2657 3875
f 2658 2989 1031
f 1160 354 4018
f 1160 1159 801
f 4325 3914 4008
f 4008 3914 3811
f 3165 3164 3116
f 3164 3248 3116
f 2982 3830 3829
f 3829 1505 2982
f 2246 2245 3673
f 2245 2156 3673
f 3681 4034 2559
f 3186 3148 4297
f 3564 1022 4377
f 1022 176 4377
f 281 1280 236
f 1629 2281 2842
f 1565 2948 4077
f 3622 2654 4315
f 2359 2358 614
f 601 1419 602
f 2353 3442 391
f 2963 494 4049
f 3544 4360 2923
f 4119 1800 563
f 3894 3893 4316
f 3966 3731 3802
f 3824 3565 2690
f 3565 4377 2690
f 168 4332 169
f 3902 2147 2146
f 1323 1618 1288
f 925 527 2710
f 3745 3754 1980
f 3079 4151 4111
f 2643 2592 3043
f 3290 3967 1732
f 1723 3755 3694
f 3755 3988 3694
f 1365 2681 1480
f 2681 1159 1480
f 2050 2449 3948
f 2049 2671 2449
f 2209 2019 3560
f 2019 2710 3560
f 1288 2800 1286
f 2801 1617 1610
f 3337 3737 4130
f 281 3766 1280
f 991 993 3971
f 993 2655 3971
f 1487 1062 1061
f 3692 166 165
f 565 2938 2715
f 2938 565 2936
f 1612 4175 1213
f 4175 1214 1213
f 1132 1131 2562
f 1131 1662 2562
f 3667 3413 3936
f 743 2103 677
f 1310 230 4272
f 3048 1693 171
f 551 1696 2045
f 657 3562 658
f 2631 3583 3545
f 2127 3583 4089
f 3536 2633 3534
f 2632 2631 3545
f 22 3506 3813
f 3856 3773 3813
f 4406 3925 2740
f 3899 3066 3528
f 3066 2181 3529
f 3529 2181 2180
f 2449 4156 3993
f 4156 1339 3993
f 2052 2439 2438
f 2607 2606 2440
f 394 2419 1712
f 1084 1083 2419
f 3759 2215 3990
f 2215 2214 3990
f 3634 2165 2421
f 2165 3634 2163
f 745 744 1809
f 2362 1809 744
f 643 3131 1892
f 2358 615 614
f 132 1045 1710
f 3228 4378 3227
f 3281 3283 4407
f 3283 2686 4407
f 4410 3383 3485
f 4277 3609 2723
f 817 399 2474
f 2746 216 215
f 3157 3741 216
f 1960 2295 3962
f 113 2943 4155
f 4416 3711 848
f 4416 848 2342
f 2343 3773 2342
f 804 3812 4343
f 3812 1653 4343
f 783 1106 4267
f 3464 3084 927
f 2521 2427 478
f 2521 1294 401
f 151 4299 1018
f 4299 151 2508
f 1254 2810 488
f 2810 1254 2442
f 179 2979 2798
f 2799 2858 3448
f 3949 3989 2679
f 3989 3949 1725
f 1781 4357 592
f 1755 1246 1245
f 2216 3401 4134
f 836 476 1950
f 1672 3134 3918
f 1171 4091 1092
f 1448 3719 3918
f 2660 1670 3919
f 1507 1670 2660
f 1672 3919 1670
f 3918 3919 1672
f 2660 3919 1756
f 3022 1050 1858
f 1544 4350 1542
f 3931 4282 3206
f 3437 1221 4144
f 1221 1223 1755
f 1223 1893 1755
f 390 3036 689
f 3036 3320 689
f 1318 3686 1934
f 3686 3514 1934
f 3655 2229 4396
f 2229 2228 4396
f 1229 599 3305
f 2967 290 3851
f 1295 3613 840
f 4283 1059 4397
f 1248 781 2791
f 781 780 4356
f 4223 2770 3527
f 4318 3127 2366
f 1662 1661 2561
f 3440 612 1967
f 1647 181 180
f 3429 3345 1089
f 280 2911 850
f 1971 2308 2147
f 2738 4207 899
f 442 441 2898
f 4129 1195 1194
f 1923 1195 4044
f 1060 846 3468
f 3468 846 845
f 2928 3819 3119
f 3819 2640 3915
f 588 3702 589
f 3971 1602 1604
f 1959 4247 4317
f 4247 1959 1961
f 3556 4328 1407
f 817 2059 2437
f 773 751 750
f 1175 4160 4402
f 1559 1558 650
f 1559 2628 2369
f 3179 4146 137
f 2467 3150 3381
f 1190 1621 2348
f 2525 4050 2409
f 2449 3224 1337
f 3224 1889 1337
f 2144 1256 223
f 223 413 2144
f 1341 3047 2121
f 2779 3047 2296
f 526 2199 2198
f 1176 2199 3662
f 1814 730 3827
f 499 2325 2491
f 1238 3041 3993
f 3041 3948 3993
f 2653 2332 4404
f 2332 2653 2333
f 1712 3714 1847
f 3469 3484 3714
f 4214 3484 3469
f 1847 3484 2961
f 924 3249 3021
f 3249 924 779
f 1779 1778 3987
f 1778 3370 3987
f 2466 2178 2467
f 2466 398 1378
f 345 344 4189
f 344 1118 4189
f 1492 1048 3556
f 1047 4328 3556
f 3461 2753 4417
f 2753 3571 4417
f 362 3 797
f 3 362 1
f 3226 2059 2058
f 2059 817 2057
f 2317 1898 2520
f 1898 2317 18
f 4264 3058 3057
f 3585 1624 1623
f 982 2166 3108
f 2166 1177 2891
f 3018 1521 1865
f 3018 762 761
f 47 46 2828
f 47 3238 2248
f 4049 494 1984
f 1984 140 4049
f 2058 2057 1543
f 2514 1308 956
f 1321 3672 4369
f 4237 3265 3672
f 4341 1370 1369
f 4341 3531 4359
f 980 979 3197
f 1885 1973 1816
f 4090 4081 2091
f 4399 1370 4341
f 1766 2203 2204
f 4326 1766 2204
f 2464 1742 2784
f 2784 1741 2497
f 4107 360 797
f 2965 2158 1867
f 1638 1956 4239
f 1956 4096 4239
f 1189 3331 3332
f 3331 1189 3895
f 2756 2758 4320
f 4331 3212 3214
f 3612 3857 2291
f 2413 3745 2355
f 1955 3837 3750
f 3751 873 3937
f 2589 4419 4204
f 2721 2958 2299
f 1377 1512 2503
f 1512 719 2503
f 2863 4388 1748
f 4388 2863 4042
f 994 548 3797
f 548 547 3797
f 2613 1843 2392
f 4022 4021 87
f 2839 3896 2840
f 3098 4259 2308
f 1647 1649 2464
f 1649 2424 2464
f 955 954 4340
f 954 3387 4340
f 2203 2451 1080
f 1080 2451 1875
f 101 585 3062
f 585 3063 3062
f 1570 1569 4218
f 2617 2962 3383
f 1281 1280 2277
f 3766 2603 2277
f 4418 901 3649
f 2258 3324 3587
f 375 1011 3700
f 1594 4418 1592
f 2319 2919 16
f 2770 11 3527
f 1501 723 304
f 4420 3636 3763
f 761 3430 3018
f 76 3430 897
f 2532 3636 4420
f 4111 3763 3077
f 2372 1899 3933
f 1899 2742 3859
f 2742 1899 18
f 918 3196 1070
f 1315 3292 4390
f 1315 3370 1313
f 101 4052 3840
f 4052 101 3062
f 3964 845 844
f 33 2691 4088
f 2438 2440 3200
f 2607 2440 3561
f 1532 778 777
f 739 778 4168
f 4168 1787 3994
f 522 2126 3163
f 3994 1786 2418
f 2126 329 3163
f 4257 776 2541
f 1353 1219 1352
f 3030 4209 2128
f 1352 1219 1218
f 3412 3905 2461
f 3905 3412 3414
f 2193 3936 3316
f 3936 2193 3667
f 4410 3384 3383
f 2962 2961 3485
f 3175 3211 3373
f 273 4150 4149
f 3564 3563 3135
f 3824 3563 3565
f 3064 3104 4237
f 1344 1725 3111
f 3193 1675 917
f 4041 3310 4280
f 4276 3064 839
f 1931 1252 2402
f 4143 4142 1173
f 4142 3315 1173
f 1173 1172 4143
f 1172 3594 4143
f 3742 2225 3315
f 2225 1173 3315
f 2600 772 117
f 4180 1013 4184
f 2409 953 581
f 953 2409 951
f 1333 4170 1683
f 4170 1965 1683
f 466 3371 3166
f 3371 2244 3166
f 178 2760 2796
f 2760 2759 2796
f 3831 4165 2761
f 4165 4164 3660
f 2994 189 3135
f 3136 4329 3564
f 4187 3564 4329
f 4187 942 1023
f 4193 561 4194
f 3579 4193 4194
f 4164 3180 1771
f 1770 2759 3660
f 1641 3185 54
f 3185 2743 54
f 2858 2798 1869
f 1695 1273 1272
f 208 2821 2486
f 2820 2821 1886
f 2627 213 1688
f 2627 1883 1882
f 1748 4387 3349
f 4387 2505 3349
f 4087 3395 4088
f 3395 4087 4045
f 2594 3291 2595
f 81 4393 2359
f 3454 1377 437
f 1236 3571 2752
f 3409 2411 1994
f 2430 2482 2481
f 268 342 4292
f 576 1707 1247
f 2081 342 341
f 1582 4374 767
f 2817 2268 3487
f 1623 2851 2850
f 3074 2908 2907
f 2908 3074 2702
f 3783 1297 1296
f 1298 3347 1296
f 3074 1905 1904
f 3832 2907 3783
f 3059 2517 2113
f 2517 2516 2113
f 2478 370 369
f 3282 4262 3283
f 3751 4307 3646
f 873 3751 3646
f 2065 1360 2641
f 1842 639 859
f 4319 3878 3877
f 3877 4258 4319
f 158 1134 3877
f 2352 1793 1795
f 3240 2354 2353
f 1829 4229 3957
f 3575 4269 570
f 1630 3389 1939
f 3389 1630 3388
f 3487 3243 1390
f 3243 3230 1390
f 2212 4128 1099
f 4128 1097 1099
f 1396 1395 3923
f 2118 2117 1127
f 4121 4291 1938
f 4291 2968 1938
f 2230 4342 4027
f 3268 4157 3155
f 3103 2580 3663
f 3476 3103 3663
f 1365 3584 2681
f 3584 1700 2681
f 638 2026 2302
f 4401 2026 3801
f 1456 927 926
f 927 1456 2415
f 3302 3301 3836
f 1895 2152 2154
f 829 828 826
f 3604 13 2095
f 1224 4348 1225
f 4348 3431 1225
f 3431 486 1225
f 1086 3435 1085
f 2018 2017 4348
f 2017 3432 3431
f 2912 3195 4050
f 3195 2912 2882
f 317 316 1799
f 1982 1981 316
f 3775 318 2707
f 318 3775 3008
f 316 4085 1799
f 4085 316 1981
f 1983 1450 1981
f 1450 1449 1981
f 1690 1656 1098
f 1465 408 291
f 990 1764 2485
f 1933 1764 2349
f 2285 2387 2386
f 3761 2949 2948
f 1156 3117 3073
f 3117 1782 3073
f 3450 4301 2191
f 1784 4032 2205
f 3774 3978 3945
f 3978 3774 3977
f 4026 3641 959
f 959 958 4026
f 264 932 265
f 187 334 932
f 3578 3756 2656
f 3579 3578 2656
f 4208 2242 3481
f 2242 1631 3481
f 4399 2276 2775
f 3183 4399 2775
f 2544 419 1620
f 419 2544 2941
f 775 4081 4354
f 4354 4081 2888
f 2094 2093 4068
f 4068 2095 2094
f 3234 1556 2210
f 3234 3233 3026
f 1919 3904 1566
f 3537 1042 1779
f 830 2095 828
f 830 1877 3367
f 1877 830 829
f 829 3045 1877
f 2452 4248 3295
f 4158 1916 1915
f 3711 4416 4155
f 3711 3710 849
f 3773 2343 3977
f 2343 847 3977
f 398 3382 3788
f 3382 398 2467
f 1395 1420 3758
f 1420 1395 1397
f 322 321 1106
f 3904 1919 4178
f 1978 1919 1418
f 1978 1397 4188
f 3758 3009 1395
f 581 2321 3038
f 1983 2164 2163
f 3757 2165 2164
f 4178 4422 3904
f 3038 4188 1397
f 3775 3923 3008
f 3923 3775 2175
f 3504 4367 1287
f 4302 2327 4274
f 2668 4149 4148
f 4150 273 2116
f 3965 3081 4145
f 2276 4359 272
f 273 272 2116
f 2116 272 4359
f 913 4233 790
f 4233 913 2340
f 3302 2041 3781
f 824 1035 2041
f 3616 3303 542
f 1907 3572 2184
f 3617 211 3897
f 3617 3616 1987
f 824 3287 933
f 3287 824 826
f 594 593 3628
f 593 3376 3628
f 785 4371 2368
f 4371 3053 2368
f 1528 3353 3300
f 3353 2390 3300
f 3428 3442 3429
f 1795 3345 3442
f 4381 3099 654
f 3029 4381 654
f 1417 1416 2737
f 2493 1417 2737
f 2570 599 63
f 599 2570 3549
f 1047 3109 4328
f 895 3700 1011
f 4413 1680 905
f 905 3760 3031
f 2993 3586 4015
f 2992 4203 3586
f 3120 4398 4250
f 4398 3394 4250
f 3394 169 4392
f 2458 1609 4250
f 3394 4392 4250
f 169 4332 3252
f 3599 4323 4064
f 2777 3507 4086
f 1068 4281 1069
f 750 3344 3950
f 1325 1324 4288
f 3723 1438 3090
f 3850 3676 3055
f 3675 4192 3676
f 4227 2763 706
f 704 3727 4098
f 681 444 3781
f 2834 1300 682
f 614 4362 2359
f 1264 964 1262
f 2926 2925 1859
f 1094 1093 2284
f 2928 3525 1929
f 3525 1743 1929
f 4184 1283 2222
f 2223 1827 2222
f 3400 3834 553
f 167 4125 3392
f 1857 1093 3134
f 1093 1092 3134
f 1859 2284 1857
f 1094 2284 3576
f 1974 1943 4094
f 2366 4231 1942
f 3355 3357 4277
f 2723 3355 4277
f 3237 2507 1193
f 2505 2507 3349
f 258 3384 3701
f 3384 4410 3701
f 2603 877 2604
f 876 2604 877
f 2228 2227 2355
f 2227 3654 2355
f 445 682 2185
f 2834 682 681
f 3491 616 659
f 3490 1917 616
f 1074 2653 2652
f 1697 3122 2733
f 3133 2734 4132
f 2733 1678 1677
f 1224 1226 1636
f 1636 1226 3194
f 4333 1802 3674
f 1624 4333 3674
f 4368 962 961
f 3265 962 4369
f 510 4181 4275
f 4181 510 512
f 3536 367 2633
f 367 366 3129
f 3411 3410 2883
f 3410 2884 2883
f 2615 3626 3168
f 3626 3625 3168
f 2134 869 2135
f 2135 1538 4047
f 4001 4215 4340
f 2512 4215 314
f 2150 120 119
f 2150 1932 967
f 4147 4323 3599
f 1828 3549 2570
f 4166 1059 1058
f 188 190 971
f 2571 2526 4063
f 4063 2526 3365
f 2912 651 2882
f 651 2912 652
f 2666 2667 3637
f 2665 2959 2958
f 1597 1308 1307
f 3037 2835 1596
f 3495 3567 1138
f 1138 3567 3336
f 4407 2048 3281
f 2048 3795 3281
f 3781 2041 1035
f 1036 2834 681
f 2895 4212 4309
f 1803 4212 3762
f 1822 3314 2168
f 4285 3721 1822
f 3353 1528 1692
f 3353 1692 1691
f 3680 340 339
f 2010 1449 1658
f 2782 2979 179
f 1869 2798 2979
f 3852 4409 4214
f 12 2794 16
f 2319 2731 2919
f 2731 2319 2318
f 2777 4086 308
f 4086 309 308
f 2208 3653 3784
f 3653 3184 3784
f 3818 1053 635
f 4395 3952 1144
f 4090 1826 423
f 423 4030 2345
f 789 4379 160
f 4379 1598 160
f 1247 2213 576
f 2213 1247 4292
f 3386 1870 2978
f 1870 1869 2978
f 268 270 4216
f 1461 1246 1460
f 2499 343 3876
f 2280 2784 2497
f 2086 2221 4417
f 2221 2086 2219
f 567 569 1398
f 1703 1693 1692
f 8 2969 2587
f 2969 1652 2587
f 572 1547 3118
f 572 287 570
f 2782 2783 2785
f 181 1647 2464
f 2996 2086 4417
f 2423 2422 3324
f 3752 2642 3477
f 3477 2642 2641
f 2804 2803 845
f 2803 3468 845
f 3683 3227 4378
f 3816 2097 3364
f 1689 3647 3170
f 1108 1425 1681
f 2717 2444 3256
f 2444 2443 3256
f 1626 2484 3561
f 2484 1626 2149
f 4322 1157 4389
f 1017 3683 3357
f 2205 3227 1784
f 3884 4358 244
f 1516 2327 1040
f 2327 4302 1040
f 2611 3869 442
f 2898 2611 442
f 2426 2650 3538
f 2649 2147 4185
f 2147 3902 1971
f 3902 1972 1971
f 83 3546 407
f 2011 2136 1495
f 2717 2906 4192
f 2906 2717 2904
f 2127 1707 578
f 1707 576 578
f 4101 1318 1320
f 2081 2083 2213
f 592 591 2865
f 616 3491 3490
f 253 252 1184
f 1336 3801 2026
f 3996 347 349
f 1098 1097 1690
f 2088 2087 3432
f 2087 3568 3432
f 3432 3436 1086
f 3436 3432 3568
f 42 3888 1623
f 3888 3887 1623
f 868 3702 588
f 1354 494 2963
f 1475 1222 2087
f 1222 1221 3568
f 1112 2986 2987
f 2986 1112 3270
f 304 722 4383
f 2719 722 723
f 1531 2578 1353
f 4366 1219 1353
f 164 915 2010
f 915 3334 2010
f 3260 2511 491
f 1055 1054 2248
f 675 3697 4360
f 3697 1053 4360
f 2501 2500 3600
f 3031 940 939
f 1328 505 999
f 1328 1327 4199
f 150 149 1075
f 1673 149 151
f 4410 4409 3701
f 4409 3852 3701
f 2794 4249 2270
f 4249 2770 2270
f 2290 2473 1205
f 1205 2473 4071
f 2516 1666 4334
f 4334 1666 1665
f 3599 2549 4423
f 4124 4423 2549
f 4420 3763 1721
f 3763 4111 807
f 1719 4383 722
f 3214 2472 4331
f 836 3447 837
f 3447 836 3927
f 836 1950 3927
f 476 475 110
f 1633 1260 4415
f 1769 1768 2077
f 1006 4105 1007
f 4105 1006 4402
f 1552 2050 3948
f 2050 1552 2048
f 4159 3641 3640
f 3640 3100 4159
f 1625 17 1228
f 17 2794 1228
f 1543 2848 2058
f 2848 1543 2847
f 3421 3848 3847
f 1332 2600 4190
f 3848 2801 1610
f 3555 3422 3847
f 4296 2801 3848
f 2101 4067 3346
f 1792 2758 4395
f 2757 3952 4395
f 4304 2433 2013
f 4304 74 90
f 3108 983 982
f 983 3108 2624
f 1821 1699 4285
f 1821 1820 3159
f 1598 4379 2351
f 1955 3937 1953
f 1954 1953 1964
f 1954 878 3837
f 3537 2334 860
f 3537 1779 106
f 893 1490 894
f 382 381 2744
f 3503 2996 4417
f 1691 4268 2391
f 1310 1428 231
f 1428 1310 1312
f 379 1836 1835
f 2960 1836 378
f 4309 3057 3056
f 3057 4309 4287
f 1235 2080 1236
f 2079 2078 3503
f 2078 3488 3144
f 3488 2078 4152
f 4368 2056 1914
f 2056 4368 3000
f 643 3335 1912
f 3335 2765 1912
f 1632 190 1871
f 190 4055 1871
f 2765 4163 2764
f 4163 4056 2764
f 85 972 1117
f 972 85 87
f 1090 2776 3014
f 72 1548 70
f 4311 3262 3425
f 600 2270 61
f 4373 3910 293
f 3941 4373 292
f 1801 4113 2046
f 1800 4333 563
f 1053 3818 4360
f 3818 2923 4360
f 1144 2531 4395
f 2531 1792 4395
f 2232 596 3819
f 2232 3453 1271
f 2553 2976 2043
f 2976 2553 3821
f 2553 2555 2109
f 2555 3782 2109
f 1180 1179 3445
f 1179 3903 3930
f 2860 3209 3126
f 3209 2443 3126
f 4125 974 973
f 4125 167 3394
f 615 2358 2360
f 1058 4164 4166
f 2890 4037 1038
f 4037 3855 1038
f 4038 815 660
f 2890 3972 4037
f 4243 3787 3619
f 1424 2946 2692
f 3536 4385 3605
f 1525 4385 3535
f 3910 4373 2749
f 3030 354 353
f 1794 3309 2646
f 3161 1325 4288
f 2303 638 2302
f 2303 532 2865
f 2718 3675 3723
f 3090 2718 3723
f 3002 3001 914
f 4176 914 782
f 4406 4295 2510
f 2510 3139 4406
f 3959 3885 244
f 3885 4375 3884
f 3265 4237 3104
f 1275 3265 3104
f 1636 3113 1224
f 2018 3113 1472
f 3218 4169 2971
f 4169 2586 2971
f 853 852 3965
f 852 2593 3965
f 2591 3142 3250
f 2377 3547 3499
f 2680 2833 3900
f 4308 4212 1803
f 1455 1454 3900
f 3379 299 664
f 299 3379 4352
f 3379 1456 4352
f 1037 1039 4391
f 1039 2138 4391
f 333 3829 334
f 2862 332 331
f 2222 3730 2877
f 772 118 117
f 4040 4254 4057
f 3216 3215 4039
f 4254 4040 1479
f 4040 4039 1479
f 3217 3480 3479
f 3217 3478 3215
f 3799 4039 3215
f 3799 545 4154
f 365 2411 3082
f 2411 3409 3082
f 1165 451 450
f 3330 121 3854
f 4084 1096 1095
f 4084 2571 4063
f 404 2190 2118
f 2190 404 2188
f 3789 4001 4340
f 3789 1429 1430
f 2677 3123 59
f 3123 3068 59
f 3682 2914 4027
f 1837 3593 1835
f 4372 106 3987
f 3065 3064 4237
f 3067 300 2410
f 300 3067 1261
f 2923 792 4054
f 792 791 4054
f 3311 1362 2281
f 1362 131 2281
f 153 2196 154
f 347 3996 1363
f 520 1406 369
f 3158 1406 1405
f 3857 3677 2289
f 2291 3857 2289
f 3336 3566 2765
f 3336 1891 1138
f 2523 4058 1747
f 4058 2881 1747
f 54 2855 1641
f 2855 54 53
f 3288 858 4023
f 858 3835 3696
f 604 3921 2009
f 3922 1359 2009
f 1827 2223 1828
f 1312 1311 1427
f 532 62 2470
f 531 2570 63
f 3745 2413 887
f 2413 2412 887
f 3451 3567 3452
f 3494 3452 3495
f 3156 2745 2825
f 2745 3481 2825
f 2913 4153 2133
f 4153 296 2133
f 3228 2207 4201
f 2207 4356 4201
f 1057 1059 2339
f 4397 1059 4166
f 4350 1544 2579
f 2023 4350 2579
f 4014 1657 3693
f 1657 1656 3693
f 4078 1704 1703
f 4183 4078 1703
f 1877 1876 3276
f 1876 3277 3276
f 3176 3920 4020
f 3920 3592 4020
f 3280 3019 2158
f 1704 3423 171
f 2933 2829 2828
f 3238 2829 2935
f 3846 1819 4321
f 1819 3868 4321
f 2252 2125 2547
f 3572 1907 1908
f 1989 1988 3994
f 1988 4168 3994
f 390 2802 3468
f 2802 1060 3468
f 1123 2540 3650
f 1071 3242 3241
f 3967 3290 2788
f 2788 4351 397
f 44 4367 4191
f 116 44 4191
f 3988 3942 4413
f 3942 1722 4413
f 2258 2259 28
f 3740 3956 2259
f 2156 2247 3459
f 2247 2156 2245
f 3425 217 1596
f 4352 1718 3433
f 2263 3726 2763
f 4227 2304 2763
f 1392 1394 2517
f 2517 3059 1392
f 2459 2458 4392
f 3780 116 4137
f 3770 3769 3024
f 3769 3025 3024
f 3191 3880 3770
f 3880 3771 3770
f 552 3354 2144
f 4184 2877 2879
f 345 2942 3137
f 2942 1215 3137
f 2481 2480 2565
f 2480 3483 2565
f 2838 4263 2836
f 4315 4087 3622
f 4420 1721 3558
f 66 154 64
f 3641 2837 4066
f 2837 2836 4066
f 2743 3372 54
f 3372 52 54
f 813 3434 1347
f 4235 4423 4124
f 3733 2684 4316
f 3893 3802 3731
f 252 251 3889
f 4391 252 3889
f 4262 4316 2684
f 4316 3731 3733
f 289 1412 4019
f 1044 1710 1045
f 4329 3136 188
f 3135 3136 3564
f 2668 1464 4149
f 4065 273 4149
f 1853 2344 931
f 4030 2344 2345
f 3203 3153 3764
f 3153 3203 1268
f 2555 2554 3550
f 323 796 1350
f 3044 1587 3886
f 1587 1586 3886
f 198 2896 387
f 4397 2204 3152
f 1073 4177 2399
f 4177 2894 2399
f 339 338 164
f 339 1658 3680
f 3416 3417 4064
f 3416 898 2698
f 3785 4239 3784
f 1197 1284 1198
f 2636 2513 4421
f 1001 884 886
f 3849 3055 2905
f 2152 3624 3359
f 3860 2792 1780
f 2792 810 1780
f 280 850 281
f 2061 850 2910
f 2648 3580 2649
f 3580 3427 2649
f 2529 1143 3102
f 612 611 1967
f 3778 4102 1523
f 3777 29 4103
f 4418 902 901
f 4238 3852 3470
f 2287 2676 985
f 2676 2675 985
f 3857 3612 3723
f 3675 3857 3723
f 2560 4150 2116
f 4150 2560 4148
f 3952 2757 3619
f 2757 2756 3619
f 1830 3562 1831
f 3562 1555 1831
f 3987 1588 3250
f 1588 3987 4390
f 2060 1585 2603
f 1585 877 2603
f 1530 1692 1528
f 4183 1692 1530
f 3345 4272 1089
f 4424 1564 1563
f 2364 2632 3545
f 2632 2364 3534
f 388 562 305
f 562 855 305
f 3759 1957 1637
f 1186 3759 1637
f 601 2422 3757
f 2165 3757 2422
f 2878 3867 4275
f 3827 3229 3230
f 4184 2879 4181
f 2879 4275 4181
f 2141 2292 624
f 624 623 2141
f 1349 981 1350
f 1349 1348 3197
f 1883 4347 1698
f 4347 3947 1698
f 368 486 1085
f 4179 3358 485
f 1615 3358 2622
f 1381 4178 1379
f 1225 485 1615
f 4179 485 368
f 3346 694 667
f 694 500 667
f 3593 2913 1835
f 3593 1837 4027
f 3200 3208 3201
f 3201 3208 1137
f 3738 3392 1916
f 3392 973 416
f 2926 554 3834
f 554 553 3834
f 1071 1997 1072
f 313 1920 2636
f 1920 3666 2637
f 3666 3519 4324
f 2200 936 2201
f 3406 3340 2202
f 3925 2535 1278
f 2244 1655 1657
f 1986 211 3617
f 1986 1985 2886
f 3340 2897 2202
f 629 3340 3342
f 3245 4112 1443
f 4112 2707 1443
f 3483 2482 3020
f 2482 2430 3020
f 1167 451 1165
f 449 451 3854
f 503 613 3255
f 503 502 2170
f 4042 4280 4388
f 996 3314 3722
f 3954 2952 4095
f 4146 3179 3489
f 3211 1850 3089
f 3210 3211 3089
f 4266 3999 3661
f 3999 4266 4313
f 2100 3350 3645
f 1392 3059 3272
f 2112 2111 3424
f 2394 2112 3424
f 4044 508 4104
f 508 4044 1356
f 3548 3547 1110
f 3547 2377 1110
f 1554 4116 4115
f 3141 3140 106
f 2265 4389 2266
f 4389 2265 4322
f 3357 4211 1017
f 4211 1015 1017
f 3248 4033 1783
f 3121 567 3271
f 2381 3793 1343
f 3793 1344 1343
f 2595 1263 4257
f 1263 1262 4257
f 2911 4186 1613
f 4186 1611 1613
f 3404 4174 1576
f 4174 1611 1576
f 1199 4355 2881
f 4355 1747 2881
f 3351 1439 4339
f 1439 3612 4337
f 1126 4403 1175
f 4403 4160 1175
f 1256 2144 3354
f 1257 1256 3354
f 3347 1298 3522
f 1298 1562 3522
f 4393 80 2921
f 81 4361 79
f 3882 2331 3291
f 2331 2595 3291
f 2441 732 2572
f 1254 732 2441
f 864 3341 3406
f 3341 3340 3406
f 2863 1292 1122
f 1292 2863 1748
f 1757 3718 2134
f 3718 1447 2134
f 1511 3289 2486
f 3289 3288 2486
f 4015 4290 4016
f 3796 4290 3586
f 2656 1084 393
f 498 1168 497
f 2419 393 1084
f 4 497 1994
f 3706 1796 906
f 3705 3761 1796
f 2071 3706 906
f 3706 2071 3704
f 1830 3130 4384
f 3130 3132 4384
f 2418 2713 3994
f 2713 1989 3994
f 729 728 3390
f 728 3603 3390
f 522 521 4059
f 351 2714 329
f 519 821 2807
f 821 519 371
f 1441 111 1442
f 2219 270 269
f 2634 4333 1624
f 1244 2351 4379
f 2957 3058 4119
f 4265 1800 4119
f 2836 66 4349
f 1623 2850 3585
f 3926 1908 3287
f 826 3926 3287
f 4047 2929 3626
f 2929 2930 3625
f 3307 2513 2636
f 2636 4421 313
f 1148 3924 1278
f 2740 3924 2738
f 4272 4400 1311
f 1330 2719 2386
f 2855 2945 4197
f 1641 2855 4197
f 423 1826 421
f 1824 1826 4090
f 4406 2535 3925
f 3925 1278 3924
f 1261 3898 3112
f 3898 1342 3112
f 910 3839 2254
f 3839 130 2254
f 207 3678 2247
f 3678 3459 2247
f 3600 3602 3841
f 3512 3679 3602
f 1737 1231 1738
f 1232 1517 1516
f 3894 1517 1737
f 1737 1517 1231
f 3457 3679 3512
f 3841 3679 207
f 3512 1041 3457
f 4320 4382 645
f 867 4298 4005
f 866 4196 4298
f 1740 2425 4401
f 2425 3729 4401
f 3443 4230 3339
f 4230 3462 3339
f 3418 1305 3590
f 3460 2234 1305
f 1400 2751 395
f 2751 1400 1082
f 1163 1162 618
f 1162 3087 618
f 3084 3464 1306
f 3464 2415 1306
f 3729 3730 3595
f 3730 1827 3595
f 3729 2425 2878
f 409 2576 1906
f 1478 4255 1479
f 4255 4254 1479
f 1976 1975 3532
f 1975 1291 3532
f 2252 460 2125
f 459 3532 1291
f 2062 3533 1014
f 3533 3532 1014
f 3871 3204 4232
f 2956 1021 4386
f 2016 2030 3132
f 2029 2015 3805
f 753 422 1465
f 1200 422 421
f 3650 3242 4224
f 3242 1071 4224
f 1498 1497 2161
f 1497 1591 2161
f 3284 1255 3715
f 1255 3629 3715
f 1165 1572 1166
f 3707 1572 698
f 2937 1607 2938
f 2937 2936 4246
f 4095 2435 4017
f 2952 2951 2435
f 1812 336 335
f 337 3028 3027
f 1652 4344 4343
f 3050 804 4343
f 528 3995 1441
f 528 3632 529
f 420 1365 418
f 420 2941 4006
f 1702 803 1700
f 4282 3931 3933
f 3402 3814 2218
f 3814 2216 2218
f 2556 2120 2122
f 4404 2556 2122
f 2574 2831 2833
f 2831 2574 411
f 4273 1030 1029
f 690 1467 3375
f 3949 665 3112
f 665 3949 666
f 2496 358 3668
f 358 357 3668
f 4062 3982 3294
f 4062 4074 4060
f 471 3743 1765
f 470 4074 3743
f 1250 317 1799
f 317 1250 2707
f 659 4312 4038
f 4312 4036 4038
f 2400 1804 2729
f 1804 2400 625
f 2898 3042 1331
f 3042 1383 3955
f 242 4358 3748
f 4358 4289 3748
f 3683 3072 3227
f 3072 1784 3227
f 4068 2092 3926
f 2092 4068 2093
f 3291 2867 3882
f 2867 3935 3882
f 745 1811 1931
f 3239 2804 3327
f 2332 2556 4404
f 2374 2376 2698
f 846 1062 1734
f 1062 1487 1734
f 2305 4207 1148
f 4207 3924 1148
f 4017 2435 2434
f 364 4017 2434
f 2219 269 1460
f 4292 269 268
f 4216 343 268
f 341 343 2499
f 1180 2939 3274
f 2939 428 3274
f 2323 2322 1964
f 2322 1962 1964
f 2836 4349 4066
f 4349 4321 4066
f 3400 2852 3834
f 2852 3400 2850
f 3935 2866 855
f 2866 2465 855
f 3943 3990 2214
f 3943 3944 4096
f 935 1035 824
f 3781 1035 681
f 2445 702 71
f 702 701 71
f 4305 3808 3473
f 2073 1008 3753
f 1037 3891 1008
f 3891 1037 3889
f 3890 4305 3473
f 2074 3753 3473
f 3855 4270 3883
f 4270 3313 3883
f 3972 2890 816
f 3972 4038 4036
f 696 2066 619
f 2828 696 619
f 2738 4147 2739
f 4147 2738 898
f 2239 2238 3837
f 2238 3838 3837
f 2195 4408 766
f 4408 1660 766
f 3363 3493 4070
f 3363 2195 1492
f 3611 872 3708
f 3689 3611 3708
f 3610 4338 4060
f 4338 4337 4060
f 1219 4366 3092
f 4366 2577 3092
f 1992 2931 3980
f 1404 2931 2872
f 1543 1542 2847
f 2483 2149 2148
f 4396 4234 3655
f 4234 1999 3655
f 859 332 2862
f 2862 331 3860
f 1160 3091 354
f 2395 3091 801
f 4087 4335 4045
f 4335 2954 4045
f 4422 1470 3904
f 2175 1396 3923
f 1127 405 2118
f 405 404 2118
f 872 3611 1522
f 477 156 1653
f 4303 11 10
f 11 4303 3527
f 10 2311 4303
f 2309 2311 2777
f 3364 2526 2525
f 2548 1191 1190
f 3282 2328 1518
f 745 1809 1811
f 3692 165 1413
f 3467 1413 1412
f 2470 2471 3971
f 2470 2865 532
f 3995 530 1945
f 3293 3743 4074
f 3743 471 470
f 471 3831 469
f 3478 1668 3800
f 3800 3215 3478
f 2619 870 2617
f 870 2042 2617
f 3328 2237 2236
f 3836 825 2041
f 2949 3761 3705
f 2948 1565 3761
f 2384 4077 2948
f 4077 1650 1565
f 2105 2949 3705
f 2949 2105 2385
f 2646 1311 4400
f 1311 1310 4272
f 1451 2163 3634
f 1451 1658 1449
f 3304 2815 2594
f 3304 77 4284
f 3869 3687 442
f 3687 1565 442
f 4278 4378 3228
f 3683 4378 3357
f 579 919 2098
f 2098 3816 579
f 1459 597 1510
f 597 596 1510
f 707 3373 3372
f 2743 707 3372
f 1485 1072 278
f 1072 1485 1073
f 314 4421 2512
f 4421 314 313
f 3152 2204 1080
f 457 3928 455
f 2663 2662 3401
f 2662 4134 3401
f 2344 929 931
f 929 2344 4030
f 1550 2101 3346
f 3343 2101 2102
f 4084 1211 1096
f 1211 4084 4063
f 2140 2139 3746
f 2139 3572 3746
f 2907 2909 1751
f 1751 3213 4024
f 2907 3832 3074
f 1296 3832 3783
f 1573 3716 3715
f 3486 3716 3783
f 4157 1915 3155
f 1915 4157 4158
f 365 35 2326
f 35 365 364
f 517 516 3455
f 516 2269 3455
f 2049 4407 2672
f 2671 2049 2672
f 3524 4236 4332
f 4236 3070 4332
f 3599 4423 3598
f 4423 4235 3598
f 3149 3296 3128
f 3300 3296 1529
f 2895 1044 3762
f 1431 267 2534
f 2318 2519 2730
f 2519 2318 2317
f 1623 1622 42
f 1622 40 42
f 4079 4113 4264
f 4113 1801 4264
f 1800 4265 1801
f 4265 4264 1801
f 3935 855 4136
f 4136 3399 3935
f 4262 4261 3283
f 4261 2686 3283
f 3115 1549 72
f 701 3115 72
f 940 3760 1679
f 3760 940 3031
f 363 2993 4015
f 2993 363 2806
f 912 3878 1133
f 1375 912 1133
f 2390 1903 785
f 1903 783 785
f 4061 4337 2291
f 2290 4061 2291
f 1695 1694 2004
f 1694 311 2004
f 3420 174 173
f 2307 2880 2305
f 2306 1522 2307
f 1817 1522 1523
f 57 1508 3523
f 1508 4000 3523
f 3725 3958 4000
f 3958 3523 4000
f 4174 4175 1612
f 1611 4174 1612
f 1125 3253 1126
f 3253 276 1126
f 2664 3870 2072
f 3870 2664 1902
f 4311 1596 1595
f 1596 4311 3425
f 949 948 622
f 948 620 622
f 1900 219 4419
f 219 218 4419
f 4204 1295 2589
f 2590 2072 2588
f 4035 960 621
f 960 2382 622
f 840 1021 674
f 673 950 1295
f 3727 3726 4097
f 2589 2588 4419
f 4260 2709 2956
f 2361 620 674
f 1463 4097 3726
f 3264 218 3425
f 759 2546 3306
f 2546 4311 3306
f 263 2870 2835
f 4283 2340 2339
f 2709 4260 2708
f 2709 674 1021
f 2970 4344 2969
f 4344 1652 2969
f 1437 86 3494
f 86 85 3494
f 1272 1271 2045
f 1272 1696 1695
f 639 1843 2053
f 1843 2613 2053
f 1624 3674 1622
f 2079 3571 1236
f 2650 4185 3538
f 2650 2426 2648
f 4190 2143 2142
f 4190 2612 1332
f 1118 3422 4189
f 3422 3555 4189
f 3504 1119 346
f 1119 3504 1120
f 4094 4231 892
f 4231 2366 892
f 882 2371 883
f 2371 882 2520
f 1922 3530 1151
f 3530 631 1151
f 4370 1921 315
f 315 1921 313
f 3405 2201 1515
f 1515 2201 936
f 4370 2897 631
f 315 3597 3039
f 2202 3039 2200
f 315 3039 4370
f 3103 1360 3664
f 1964 879 1954
f 1526 2258 3587
f 1705 2615 3168
f 806 4380 3810
f 3263 3613 3264
f 368 1471 4179
f 1471 1470 4179
f 726 725 2197
f 725 2639 2197
f 823 822 4157
f 822 1759 4157
f 3391 56 4158
f 3391 4157 1759
f 4157 3268 823
f 3268 3154 823
f 4089 3435 3437
f 4144 4089 3437
f 3858 4411 517
f 4411 3318 517
f 2602 2601 4242
f 2601 360 4242
f 2819 2678 703
f 3908 2728 786
f 1897 1896 2602
f 1896 361 2602
f 3851 1593 2967
f 1593 568 2967
f 3020 978 3269
f 3356 3355 3121
f 375 3700 3101
f 3700 3221 3101
f 1349 979 981
f 3458 4302 4115
f 802 1700 803
f 258 257 3554
f 1212 2776 2341
f 1355 1354 2964
f 2553 2043 2554
f 3550 3782 2555
f 2448 3551 2447
f 3551 2375 3550
f 1318 286 3686
f 286 1351 3686
f 731 2572 732
f 3322 776 4257
f 1945 456 3995
f 475 111 110
f 1816 1815 2820
f 1815 1459 2820
f 3152 2340 4283
f 2204 4397 4326
f 1730 4172 1098
f 4172 1099 1098
f 1966 3912 253
f 3912 1966 2170
f 3440 1967 37
f 37 1967 1184
f 253 1184 1966
f 37 1184 1183
f 2784 1742 1741
f 3259 2498 1336
f 3274 4363 1181
f 4363 3601 1181
f 4345 3823 3914
f 4345 4325 3591
f 1656 1655 1730
f 1655 2244 1730
f 2244 1065 3166
f 1065 1064 3166
f 4328 2893 1407
f 1279 1278 2535
f 475 709 1769
f 474 2431 4414
f 1768 1767 195
f 1767 3496 195
f 1633 4415 2762
f 1260 3496 4414
f 2082 4357 3297
f 4357 1781 3297
f 1221 1754 4144
f 1754 1245 4144
f 3225 412 414
f 412 3225 552
f 2459 4392 3252
f 3252 4392 169
f 515 2446 4137
f 2446 3780 4137
f 3019 3913 3658
f 3913 3279 3658
f 1507 774 776
f 819 4386 1021
f 4364 3308 3973
f 3308 4364 759
f 1597 1307 1595
f 1307 3306 1595
f 4232 3764 3690
f 4232 4386 3871
f 4133 1852 1651
f 1653 4133 1651
f 1575 80 79
f 4393 81 80
f 2328 3282 3281
f 1518 4262 3282
f 156 155 4133
f 155 4259 4133
f 947 4226 3853
f 4226 3498 3685
f 3881 1564 4424
f 1573 1563 1562
f 3106 1434 4424
f 4424 1434 1433
f 3771 1433 1432
f 4424 1433 3881
f 182 3630 3629
f 3630 182 3361
f 2276 3378 2775
f 3378 2773 2775
f 1625 1228 2741
f 2741 3318 4411
f 2722 1761 567
f 1761 568 567
f 995 4099 68
f 3959 4099 3798
f 3297 3991 577
f 3991 3297 1781
f 4146 3491 659
f 4095 4016 3954
f 2479 3321 370
f 3321 820 370
f 901 1401 1399
f 692 693 3232
f 1126 1034 1124
f 2864 591 638
f 2303 2864 638
f 691 690 3375
f 4361 4362 1918
f 4362 614 1918
f 4085 4176 1798
f 1799 4085 1798
f 2094 13 1895
f 2154 2094 1895
f 1248 2790 1249
f 2790 2944 1249
f 538 3301 3303
f 3301 538 2405
f 3303 3302 724
f 542 3303 724
f 1663 4320 2758
f 1792 1663 2758
f 82 3647 83
f 3648 3168 3170
f 1539 588 4013
f 1539 2929 1538
f 3513 1284 1197
f 1284 3513 1270
f 1746 2524 3916
f 1746 1285 2096
f 2347 2849 1568
f 3040 220 2849
f 4046 2265 128
f 3699 4046 128
f 2921 4336 4393
f 4393 4394 2359
f 1380 2321 953
f 2321 1380 4188
f 1208 3507 4330
f 3507 2730 4330
f 2620 889 4376
f 888 3765 4376
f 1470 4422 4179
f 4422 4178 4179
f 1973 1885 1887
f 4029 952 951
f 2992 2644 2643
f 4203 2992 2643
f 576 3298 577
f 3298 3297 577
f 738 779 739
f 738 737 3248
f 1840 1927 3614
f 1927 3261 3614
f 3225 1317 312
f 1317 3225 414
f 523 483 3866
f 483 523 3792
f 3420 3419 1864
f 3419 2584 1864
f 1818 174 1708
f 174 3420 1708
f 1522 2306 1150
f 2306 2305 1150
f 1523 4102 1817
f 4102 1818 1817
f 871 20 1709
f 20 19 1709
f 3692 3466 3002
f 3466 3607 3002
f 1109 1681 1680
f 4413 1109 1680
f 1665 4072 4334
f 4072 4073 4334
f 3637 2959 3078
f 2959 2665 3078
f 4001 3790 938
f 3790 3939 938
f 2431 4415 4414
f 4415 2431 2762
f 3496 709 4414
f 4414 709 474
f 836 838 476
f 476 838 474
f 1633 1771 1258
f 1258 1771 3180
f 3181 1259 1258
f 3496 1260 1259
f 2690 2795 2762
f 2795 2690 2796
f 4100 965 68
f 965 4100 100
f 4093 3433 3277
f 4352 3433 2410
f 4364 541 3776
f 541 4364 539
f 2334 3247 4342
f 760 3871 4386
f 3094 3093 4012
f 3093 3892 4012
f 3521 4324 3519
f 3521 2476 3843
f 3205 1267 3203
f 3205 3872 3843
f 3407 2477 3408
f 2477 3407 3498
f 1537 2011 684
f 4367 43 1288
f 43 4367 44
f 1287 4367 1288
f 2360 4394 39
f 4394 2360 2359
f 3049 4268 3048
f 4268 3049 2391
f 2212 1928 4128
f 1928 2212 975
f 3911 2652 2651
f 2652 3911 1075
f 1698 1677 1676
f 1677 1698 1697
f 1541 525 2734
f 1541 2733 1540
f 3610 177 4339
f 177 176 4339
f 4025 3096 2988
f 3096 4025 769
f 32 1504 1506
f 3269 977 32
f 3649 569 1592
f 569 568 1592
f 3680 1659 2536
f 2535 4406 3139
f 3821 4118 3822
f 4118 3821 1066
f 4059 3691 522
f 3691 1443 522
f 1887 3088 4259
f 3088 1852 4259
f 4259 3098 1887
f 3098 1973 1887
f 1974 2985 1944
f 92 2152 3359
f 3587 3324 2422
f 1692 4183 1703
f 3125 1175 249
f 569 3649 1398
f 772 2600 751
f 773 2468 118
f 3505 4137 4191
f 3504 3505 4191
f 2013 124 123
f 1341 2396 2297
f 1499 519 2338
f 2021 579 3816
f 1554 4115 4274
f 3795 1554 4274
f 2406 2405 538
f 2406 537 3441
f 1359 3922 3665
f 3922 1736 3665
f 646 4382 4258
f 4382 4320 4258
f 2020 3944 108
f 3670 1040 4302
f 4365 1553 3948
f 1553 1552 3948
f 1990 3013 4167
f 4167 4168 1988
f 360 4107 4242
f 4107 4106 4242
f 3673 2490 2489
f 2490 3673 2155
f 608 2927 2926
f 608 3833 606
f 3826 331 330
f 331 3826 3860
f 4412 2728 3908
f 2728 4412 3190
f 2789 3013 1990
f 490 3817 1414
f 3073 1016 1156
f 1016 1733 1156
f 3474 4145 1168
f 4145 3083 1168
f 3377 2275 271
f 4065 4251 2262
f 427 1600 4310
f 4114 3879 282
f 4027 3247 3508
f 3247 4027 4342
f 759 758 819
f 758 4386 819
f 1597 2870 1308
f 1309 3306 1307
f 3508 3247 104
f 105 3537 106
f 3183 3182 4024
f 1616 1483 2596
f 1483 1482 2596
f 377 4117 3950
f 4117 377 746
f 3065 3671 4117
f 746 3065 4117
f 3190 4412 144
f 4412 3907 144
f 106 4372 3141
f 4372 3250 3141
f 2584 3992 51
f 1846 3992 3419
f 4173 3049 3007
f 796 323 3007
f 2447 2554 4009
f 4009 2554 2043
f 2807 820 2963
f 4049 2807 2963
f 4094 2389 1974
f 1287 1286 1120
f 1402 795 1583
f 795 1402 3086
f 1769 1442 475
f 4216 270 2085
f 957 2194 2076
f 2194 1427 2076
f 13 3803 14
f 3803 3369 14
f 15 3624 1895
f 3624 2152 1895
f 884 2853 14
f 2853 15 14
f 3104 4276 2402
f 3104 2402 1276
f 2876 4351 1731
f 4351 2876 397
f 4257 2541 2780
f 2541 4354 2780
f 3645 4067 2101
f 695 4067 3964
f 1470 1469 3605
f 1469 3536 3605
f 2801 4296 1286
f 4296 1120 1286
f 3848 3421 4296
f 3421 1118 1120
f 3671 3005 4117
f 1783 1782 3116
f 3192 4300 2508
f 4300 4299 2508
f 3510 3509 3489
f 3509 3490 3489
f 3092 2401 1124
f 1124 1411 3092
f 2015 2014 4004
f 3397 3396 3805
f 511 425 1861
f 425 424 1861
f 424 3633 805
f 3633 3449 805
f 896 4109 2816
f 4109 2817 2816
f 1322 1914 1323
f 1322 1321 4369
f 303 806 3912
f 2170 303 3912
f 1792 2530 1661
f 2530 2561 1661
f 2185 2187 4301
f 2187 3724 4301
f 4211 3844 2874
f 3844 4211 3357
f 4111 4380 807
f 4380 806 807
f 4155 4416 2883
f 2885 4155 2883
f 1334 711 1629
f 711 710 1629
f 131 1361 132
f 1361 3961 132
f 2825 2039 3156
f 4247 2039 2038
f 3852 4238 1594
f 4238 4418 1594
f 1553 4116 1554
f 4116 1553 4365
f 1765 2203 1766
f 2203 1765 4248
f 2195 4069 4408
f 4069 2161 4408
f 3817 662 1414
f 1412 289 3465
f 4178 1381 3358
f 1381 952 2622
f 3618 536 538
f 536 3618 573
f 2695 2697 4353
f 2697 3479 4353
f 2793 3861 3826
f 3861 3860 3826
f 4004 3786 2808
f 4004 3805 2015
f 4253 4271 641
f 4252 3786 4271
f 4266 1106 321
f 4267 4266 3661
f 2462 4002 2871
f 4002 2462 980
f 2922 4253 641
f 4253 2922 865
f 2030 3426 3132
f 2030 2016 2015
f 3049 4173 2391
f 3504 1287 1120
f 4375 2954 4335
f 4289 4375 4335
f 2893 1326 1405
f 2893 4328 2891
f 4014 2243 1657
f 2243 4014 3822
f 2033 3033 1233
f 3033 1107 1233
f 1259 3627 195
f 3627 1259 3181
f 3525 2827 1743
f 2826 2151 1743
f 1343 2379 2381
f 2379 1343 4132
f 3773 3856 2342
f 3856 3411 2342
f 3651 1980 3754
f 2598 3651 3754
f 202 4405 1631
f 4405 2825 1631
f 29 4108 4103
f 4202 175 4108
f 173 175 4202
f 4103 175 1818
f 4202 1845 173
f 49 1845 2407
f 2536 4293 1279
f 2536 3139 3680
f 3157 216 2746
f 2692 2946 3787
f 398 3010 399
f 3010 2474 399
f 784 4267 3661
f 4267 784 783
f 1827 3968 3595
f 3968 2302 3595
f 910 2253 911
f 2253 3967 911
f 591 590 2999
f 590 2082 2999
f 1282 2732 2223
f 3549 2732 518
f 3808 4151 3473
f 4151 3079 3473
f 4376 3765 4120
f 2621 4376 4120
f 2231 1842 859
f 1842 2231 2392
f 2932 2840 3896
f 4256 3552 2841
f 1860 2063 512
f 512 2063 4180
f 1945 1648 456
f 447 1728 2970
f 3588 2984 3754
f 2984 2598 3754
f 4281 4121 2873
f 1069 4281 2873
f 1946 4275 3867
f 1947 1946 3867
f 1068 3669 4281
f 3669 2621 4281
f 2151 2826 4294
f 2826 1547 4294
f 4298 867 866
f 867 3232 865
f 1893 3439 4196
f 3439 4298 4196
f 3657 1476 1475
f 3657 4005 4298
f 1036 1114 2834
f 1114 1036 3985
f 2596 2267 2597
f 2267 1909 2597
f 3416 4323 898
f 4323 4147 898
f 3765 888 2412
f 888 887 2412
f 509 4123 507
f 4123 4122 507
f 2687 3997 4122
f 3997 507 4122
f 35 34 2325
f 2491 2325 34
f 729 3229 730
f 3229 3827 730
f 3867 2878 2425
f 2424 3867 2425
f 66 2836 4263
f 3147 66 4263
f 3732 3966 4148
f 3966 2668 4148
f 4381 4217 4263
f 2838 4381 4263
f 530 1551 1946
f 1945 530 1946
f 4321 65 2197
f 65 64 2197
f 32 1506 33
f 33 1506 2691
f 4383 1719 302
f 530 3995 528
f 3295 3744 3293
f 3744 3295 4248
f 1789 2625 2624
f 2625 1789 3986
f 2887 3820 4098
f 3820 704 4098
f 4424 1563 3106
f 1563 1573 3106
f 3345 4400 4272
f 4400 3345 1794
f 2539 2755 1063
f 2755 3722 1063
f 2537 1739 626
f 626 1738 627
f 407 3615 292
f 3615 3614 292
f 1602 3527 1603
f 1602 4223 3527
f 3127 4318 1519
f 4318 1942 1519
f 2693 3787 3976
f 2471 61 1602
f 4223 2271 2770
f 61 2271 1602
f 2249 3054 3178
f 3054 2294 3178
f 1357 4043 4129
f 4043 1195 4129
f 3409 1169 3083
f 1169 1168 3083
f 348 3501 1480
f 3501 1365 1480
f 2739 3326 2740
f 3326 4295 2740
f 3118 3119 3915
f 2928 3119 3525
f 4007 3956 3740
f 28 3956 29
f 3415 4279 2423
f 4293 4279 1279
f 3415 3323 747
f 28 3323 2258
f 1608 1619 2056
f 1619 1608 1617
f 2167 1178 2166
f 1178 2167 3051
f 2217 4286 2218
f 4286 4126 2218
f 3918 4091 1448
f 4091 1171 1448
f 543 3385 2916
f 543 1987 542
f 4301 3450 445
f 3450 3385 445
f 3248 1783 3116
f 4033 4032 1784
f 2432 2689 2431
f 2689 2762 2431
f 3652 923 1980
f 923 922 1980
f 3548 2007 2031
f 2007 3548 3516
