v 0.1588529646396637 0.4791010320186615 1.0002648830413818
v 0.1525501012802124 0.4726428985595703 1.0048224925994873
v 0.15028497576713562 0.48470339179039 1.0088932514190674
v 0.180214524269104 0.5261200666427612 1.025068759918213
v 0.18744781613349915 0.5197353363037109 1.0221961736679077
v 0.17799580097198486 0.5172178745269775 1.0176066160202026
v -0.17206931114196777 0.48216503858566284 1.0075790882110596
v -0.16995474696159363 0.48428875207901 1.0141714811325073
v -0.1726865917444229 0.489889532327652 1.0025447607040405
v -0.09329241514205933 0.3873518705368042 0.9824324250221252
v -0.1022772341966629 0.37406837940216064 0.980925977230072
v -0.10365944355726242 0.39272540807724 0.9782882928848267
v 0.041059572249650955 0.4282348155975342 1.2433420419692993
v 0.03058021515607834 0.4159141778945923 1.2459495067596436
v 0.04208603873848915 0.41019970178604126 1.2475429773330688
v -0.10478208214044571 0.40317171812057495 0.976947009563446
v -0.11508660018444061 0.40889376401901245 0.9726777672767639
v -0.10644350945949554 0.4222615957260132 0.9755979180335999
v -0.06900684535503387 0.3357340097427368 0.9811245799064636
v -0.06460734456777573 0.34563446044921875 0.9799643158912659
v -0.059283144772052765 0.33632034063339233 0.978166937828064
v -0.061856143176555634 0.5729788541793823 1.024713397026062
v -0.0724836215376854 0.5670192241668701 1.0193408727645874
v -0.07330542802810669 0.5801158547401428 1.0274605751037598
v -0.26961541175842285 0.37395429611206055 1.0626449584960938
v -0.26052743196487427 0.37227222323417664 1.0544840097427368
v -0.26275521516799927 0.38126811385154724 1.065476417541504
v -0.06688100099563599 0.2816249132156372 0.9824931621551514
v -0.06744243949651718 0.2938861846923828 0.9812395572662354
v -0.05731115862727165 0.2869720458984375 0.9822834730148315
v 0.11526593565940857 0.27943524718284607 1.1764614582061768
v 0.10887164622545242 0.2817787528038025 1.1900594234466553
v 0.11198271065950394 0.26866674423217773 1.1818735599517822
v 0.21590030193328857 0.5088818073272705 1.031869888305664
v 0.2095511555671692 0.5184292793273926 1.0361074209213257
v 0.22124749422073364 0.5090690851211548 1.0416293144226074
v 0.06269074231386185 0.12847477197647095 1.2158585786819458
v 0.05056247115135193 0.1274678111076355 1.222705364227295
v 0.060605160892009735 0.11745362728834152 1.2155088186264038
v 0.1335001438856125 0.4013528823852539 1.1443229913711548
v 0.13138499855995178 0.39378297328948975 1.1620700359344482
v 0.13552691042423248 0.3857135772705078 1.1444746255874634
v 0.07090122252702713 0.5896393656730652 1.0325894355773926
v 0.06682921200990677 0.5977350473403931 1.0405313968658447
v 0.07428630441427231 0.5969111919403076 1.0388588905334473
v 0.016095146536827087 0.5638128519058228 1.1801937818527222
v 0.006746653467416763 0.5719523429870605 1.1768652200698853
v 0.005260741338133812 0.5564509034156799 1.184826374053955
v -0.10643535107374191 0.3099328279495239 0.9874696731567383
v -0.11628706753253937 0.3092738389968872 0.9851382970809937
v -0.11624298244714737 0.3229221999645233 0.9832268953323364
v -0.22296147048473358 0.5129231214523315 1.0196601152420044
v -0.2341650426387787 0.5190068483352661 1.0266962051391602
v -0.22168569266796112 0.5258902311325073 1.027947187423706
v -0.013605850748717785 0.5141542553901672 1.0047001838684082
v -0.012873280793428421 0.5002078413963318 0.9989973902702332
v -0.025027401745319366 0.5089799165725708 0.999803900718689
v -0.20739774405956268 0.5611878037452698 1.042806625366211
v -0.20955847203731537 0.5655316114425659 1.0504716634750366
v -0.19498927891254425 0.5596305727958679 1.0471464395523071
v -0.13094429671764374 0.3721885085105896 0.9782131910324097
v -0.13764142990112305 0.36935532093048096 0.9854497313499451
v -0.13731516897678375 0.38082754611968994 0.9866145253181458
v -0.05824614316225052 0.5028168559074402 0.993728756904602
v -0.06222685053944588 0.49425598978996277 0.9894081950187683
v -0.06871679425239563 0.5072896480560303 0.9924706816673279
v 0.13474878668785095 0.296448290348053 1.104881763458252
v 0.13408170640468597 0.28581592440605164 1.102969765663147
v 0.134942427277565 0.2880082130432129 1.0888798236846924
v 0.03167232125997543 0.6338042616844177 1.0842554569244385
v 0.03756669536232948 0.6284586787223816 1.0735406875610352
v 0.02266056463122368 0.630467414855957 1.0741093158721924
v -0.2105366438627243 0.5687605142593384 1.1066744327545166
v -0.21059775352478027 0.5652074813842773 1.1166322231292725
v -0.2003413736820221 0.5733264684677124 1.110614538192749
v 0.13251522183418274 0.4726922810077667 1.065881371498108
v 0.13764703273773193 0.459015816450119 1.063476800918579
v 0.1341157853603363 0.47384968400001526 1.0467160940170288
v 0.06258071959018707 0.08118770271539688 1.2140806913375854
v 0.06777893006801605 0.09051094949245453 1.2090588808059692
v 0.05536980926990509 0.08949185907840729 1.2169950008392334
v 0.08656945824623108 0.4548569321632385 0.9919619560241699
v 0.08161915838718414 0.46582886576652527 0.9910631775856018
v 0.08968806266784668 0.46450021862983704 0.9980748295783997
v -0.18408292531967163 0.3031381666660309 1.1367323398590088
v -0.17959877848625183 0.3039965033531189 1.1527457237243652
v -0.18120305240154266 0.3102124333381653 1.145354986190796
v -0.2021586149930954 0.5543515086174011 1.1358109712600708
v -0.19321930408477783 0.5561664700508118 1.1393589973449707
v -0.20212912559509277 0.5614131093025208 1.1303353309631348
v 0.08342857658863068 0.39073455333709717 1.2378844022750854
v 0.07483023405075073 0.4038262963294983 1.242502212524414
v 0.07420612871646881 0.388149231672287 1.2425037622451782
v -0.13263998925685883 0.598324179649353 1.1221567392349243
v -0.12697860598564148 0.6104073524475098 1.112476110458374
v -0.1341920644044876 0.6054023504257202 1.1126378774642944
v -0.19990313053131104 0.14783000946044922 1.1091755628585815
v -0.19318415224552155 0.15453851222991943 1.1204391717910767
v -0.19916313886642456 0.15661227703094482 1.1061409711837769
v 0.13325634598731995 0.27144449949264526 1.0869953632354736
v 0.1325058490037918 0.26819151639938354 1.0725500583648682
v 0.13492219150066376 0.284313440322876 1.077927827835083
v -0.2048310786485672 0.1412794142961502 1.096841812133789
v 0.14938531816005707 0.5846821069717407 1.0804377794265747
v 0.14613793790340424 0.5902127027511597 1.0874671936035156
v 0.15451239049434662 0.5871075987815857 1.0933114290237427
v -0.2217201143503189 0.5459911823272705 1.1298606395721436
v -0.21897102892398834 0.531022310256958 1.1386139392852783
v -0.20822925865650177 0.5452585220336914 1.1387479305267334
v -0.19410192966461182 0.40065985918045044 1.0842291116714478
v -0.1944974958896637 0.41418808698654175 1.0830185413360596
v -0.1946001648902893 0.4018614590167999 1.0740045309066772
v -0.012127953581511974 0.6004183888435364 1.0429372787475586
v -0.026097625494003296 0.6028426885604858 1.0442242622375488
v -0.014485346153378487 0.6117415428161621 1.0502912998199463
v 0.06266172230243683 0.6047052145004272 1.0485295057296753
v 0.07314832508563995 0.6091488003730774 1.05430269241333
v 0.07753453403711319 0.6033216118812561 1.0458674430847168
v 0.07535591721534729 0.5469797849655151 1.1775305271148682
v 0.08646352589130402 0.5404035449028015 1.1792923212051392
v 0.08536347001791 0.5569835901260376 1.170921802520752
v -0.1716771423816681 0.5684522390365601 1.1358438730239868
v -0.17833837866783142 0.5756600499153137 1.123439908027649
v -0.185699000954628 0.5665613412857056 1.1315391063690186
v 0.10210919380187988 0.29064232110977173 1.20265531539917
v 0.10285661369562149 0.30772653222084045 1.206200361251831
v 0.09567665308713913 0.29200464487075806 1.2110720872879028
v 0.12941327691078186 0.24331973493099213 1.0460976362228394
v 0.12825308740139008 0.25102531909942627 1.0417425632476807
v 0.129946768283844 0.2556554675102234 1.0525970458984375
v 0.15321409702301025 0.4816650152206421 1.1280819177627563
v 0.14362657070159912 0.48794496059417725 1.1382615566253662
v 0.1377919465303421 0.48306891322135925 1.1297379732131958
v 0.19445785880088806 0.3977510333061218 1.045676827430725
v 0.20317217707633972 0.39902395009994507 1.0527832508087158
v 0.19390574097633362 0.405028373003006 1.0518786907196045
v -0.019185669720172882 0.09541349112987518 1.2328048944473267
v -0.03508312255144119 0.10458198934793472 1.2319327592849731
v -0.034376002848148346 0.08644192665815353 1.2300420999526978
v -0.12038128077983856 0.5999307036399841 1.1291935443878174
v -0.12353748828172684 0.6048895120620728 1.1230003833770752
v -0.13112092018127441 0.5962418913841248 1.1254574060440063
v 0.12293799221515656 0.5519264340400696 1.167790174484253
v 0.12666994333267212 0.5568143129348755 1.1649274826049805
v 0.11310090124607086 0.5551754832267761 1.168112874031067
v 0.25872865319252014 0.4649028778076172 1.0064131021499634
v 0.24922242760658264 0.46101605892181396 0.9956449866294861
v 0.25186586380004883 0.4653010964393616 1.0041431188583374
v -0.18595628440380096 0.5486995577812195 1.0292458534240723
v -0.179364413022995 0.5532119274139404 1.0258519649505615
v -0.1822175234556198 0.5454544425010681 1.0193456411361694
v -0.04778909683227539 0.5224937200546265 1.002989649772644
v -0.04717932641506195 0.512660026550293 0.9988323450088501
v -0.058669790625572205 0.5101037621498108 0.996435284614563
v -0.19556309282779694 0.4507572650909424 1.010837435722351
v -0.19254010915756226 0.4409743845462799 1.015608549118042
v -0.2022596001625061 0.4394649267196655 1.0182700157165527
v -0.19768327474594116 0.46397870779037476 1.1434274911880493
v -0.19272133708000183 0.4582217335700989 1.1362299919128418
v -0.18928444385528564 0.4664556384086609 1.1538060903549194
v -0.053132619708776474 0.45314109325408936 0.9822156429290771
v -0.04186609387397766 0.446846604347229 0.9808021783828735
v -0.052824050188064575 0.4359387159347534 0.9816060066223145
v 0.01005319133400917 0.252856969833374 0.9753825068473816
v 0.018937481567263603 0.2583926022052765 0.9804356694221497
v 0.019810480996966362 0.2494741976261139 0.9752952456474304
v 0.021524466574192047 0.5098695755004883 0.997012734413147
v 0.010432139039039612 0.513033390045166 1.0012667179107666
v 0.0214056596159935 0.5254971981048584 1.0025413036346436
v -0.21091656386852264 0.1188691258430481 1.0557513236999512
v -0.20853695273399353 0.1168140396475792 1.0456068515777588
v -0.21164096891880035 0.10342103242874146 1.0540084838867188
v -0.08736909925937653 0.315122127532959 0.9849086999893188
v -0.07865938544273376 0.3255235552787781 0.9828837513923645
v -0.07806096971035004 0.3113388121128082 0.9816946387290955
v -0.17615412175655365 0.35678815841674805 1.1599717140197754
v -0.1740034818649292 0.36141982674598694 1.1701005697250366
v -0.17562928795814514 0.37065204977989197 1.1688743829727173
v -0.19155889749526978 0.35150855779647827 1.0699832439422607
v -0.19300933182239532 0.36347299814224243 1.0683857202529907
v -0.18919715285301208 0.35287436842918396 1.059853196144104
v -0.061827585101127625 0.2997247278690338 1.242276906967163
v -0.07125040888786316 0.2940034568309784 1.240755319595337
v -0.061309102922677994 0.281898558139801 1.241660237312317
v 0.0896558165550232 0.24360209703445435 1.2095787525177002
v 0.09536301344633102 0.23973038792610168 1.2034072875976562
v 0.09054938703775406 0.2560015320777893 1.2102535963058472
v -0.18770229816436768 0.3299754559993744 1.1199439764022827
v -0.1901147961616516 0.33866196870803833 1.1108686923980713
v -0.19171611964702606 0.32432252168655396 1.1045587062835693
v -0.16296301782131195 0.5988129377365112 1.0807043313980103
v -0.16208431124687195 0.5941365957260132 1.0674561262130737
v -0.17295598983764648 0.5921772718429565 1.0807163715362549
v -0.20579339563846588 0.43581855297088623 1.0945388078689575
v -0.18786552548408508 0.4316742420196533 1.0955162048339844
v -0.19130215048789978 0.4403177499771118 1.1083481311798096
v 0.13161903619766235 0.4762694537639618 1.1179029941558838
v 0.128433495759964 0.47293388843536377 1.1376336812973022
v 0.1322997510433197 0.45869559049606323 1.124941349029541
v -0.17130215466022491 0.5849970579147339 1.1135152578353882
v -0.18327024579048157 0.5819132328033447 1.1088387966156006
v 0.21130898594856262 0.4975639581680298 1.1089684963226318
v 0.20143944025039673 0.48686689138412476 1.112362265586853
v 0.21371951699256897 0.48460978269577026 1.1048800945281982
v -0.11299942433834076 0.09578105062246323 1.2009999752044678
v -0.09815050661563873 0.10440458357334137 1.2097598314285278
v -0.11323004961013794 0.11314888298511505 1.2022978067398071
v -0.2345389723777771 0.4954816997051239 1.0112402439117432
v -0.22271478176116943 0.5007299780845642 1.012826681137085
v -0.2235279679298401 0.4833555817604065 1.0059418678283691
v -0.02980618178844452 0.513355553150177 1.2002214193344116
v -0.03369211032986641 0.5311535000801086 1.1922500133514404
v -0.042791638523340225 0.5197013020515442 1.196426510810852
v 0.18263915181159973 0.5365976691246033 1.1394562721252441
v 0.18744626641273499 0.5248606204986572 1.1341034173965454
v 0.18876516819000244 0.5397608876228333 1.1320457458496094
v 0.042463257908821106 0.2380821704864502 1.2396600246429443
v 0.03316347301006317 0.23380689322948456 1.2424615621566772
v 0.04201211780309677 0.22723186016082764 1.238782525062561
v -0.20498356223106384 0.4135461151599884 1.0477337837219238
v -0.20626382529735565 0.4216011166572571 1.04157292842865
v -0.20075997710227966 0.4239165782928467 1.056443691253662
v -0.336784303188324 0.44443508982658386 1.026301622390747
v -0.33532023429870605 0.4348997473716736 1.0177253484725952
v -0.3492822051048279 0.436947762966156 1.019859790802002
v -0.3000347912311554 0.4288865625858307 1.0765386819839478
v -0.2918814718723297 0.43647104501724243 1.0867761373519897
v -0.30240631103515625 0.4442231059074402 1.0728933811187744
v 0.15421003103256226 0.43630120158195496 1.0300325155258179
v 0.1611924171447754 0.42685914039611816 1.0237902402877808
v 0.15902185440063477 0.4316762089729309 1.037111759185791
v -0.039004623889923096 0.549115777015686 1.185091257095337
v -0.03326871991157532 0.5494130253791809 1.1854681968688965
v -0.04019114747643471 0.5587145090103149 1.1815558671951294
v -0.3130151033401489 0.4352132976055145 1.0666627883911133
v -0.3112568259239197 0.41839566826820374 1.0683709383010864
v -0.17659258842468262 0.5875034332275391 1.1041953563690186
v -0.18028870224952698 0.5868514776229858 1.0945888757705688
v 0.19717267155647278 0.4196927845478058 1.0724256038665771
v 0.19049248099327087 0.42623665928840637 1.0763508081436157
v 0.18731281161308289 0.4209684133529663 1.0684114694595337
v 0.13318763673305511 0.24684709310531616 1.1242972612380981
v 0.13421596586704254 0.24716494977474213 1.1090747117996216
v 0.13154390454292297 0.2608218789100647 1.121463418006897
v 0.14913472533226013 0.19308608770370483 1.082526683807373
v 0.14700745046138763 0.19837702810764313 1.0697429180145264
v 0.145120769739151 0.2084946632385254 1.0851045846939087
v -0.1501169353723526 0.6021111011505127 1.0725328922271729
v -0.14320790767669678 0.6026538610458374 1.0654125213623047
v -0.1490371823310852 0.5954688787460327 1.056639552116394
v 0.058693647384643555 0.15948083996772766 1.2211943864822388
v 0.05549396574497223 0.14882689714431763 1.2215964794158936
v 0.06830332428216934 0.1498195379972458 1.2139352560043335
v -0.25685441493988037 0.5292317271232605 1.0664745569229126
v -0.24912689626216888 0.5345689654350281 1.0618276596069336
v -0.24937517940998077 0.5265789031982422 1.0479549169540405
v 0.03968913108110428 0.3498089909553528 0.9858912229537964
v 0.04947343468666077 0.35004329681396484 0.9888443350791931
v 0.04479016363620758 0.337158739566803 0.9880157113075256
v -0.12159080803394318 0.6159720420837402 1.1086633205413818
v -0.11450450867414474 0.6244807243347168 1.093717098236084
v -0.13010412454605103 0.6152703762054443 1.1017869710922241
v 0.067593514919281 0.252277672290802 1.2284016609191895
v 0.07451557368040085 0.24072538316249847 1.2221261262893677
v 0.0749574601650238 0.25774115324020386 1.2239418029785156
v 0.08895941078662872 0.2341386377811432 1.2094213962554932
v 0.09516569972038269 0.22873462736606598 1.202836036682129
v -0.1626540869474411 0.3055281639099121 1.0323073863983154
v -0.16606354713439941 0.29545629024505615 1.0306085348129272
v -0.1657327115535736 0.3032834529876709 1.0422163009643555
v -0.08756114542484283 0.2614592909812927 1.2351590394973755
v -0.09677216410636902 0.2651205062866211 1.2321202754974365
v -0.09489022940397263 0.25343525409698486 1.2319505214691162
v -0.0058819204568862915 0.6205300092697144 1.0571479797363281
v -0.017881711944937706 0.6242620944976807 1.060666799545288
v -0.12203213572502136 0.6207391023635864 1.0874731540679932
v 0.07535065710544586 0.5036261081695557 1.1991114616394043
v 0.08193734288215637 0.5124300718307495 1.1934912204742432
v 0.06616665422916412 0.5150482058525085 1.1954710483551025
v -0.3212735056877136 0.41024017333984375 1.0640144348144531
v -0.3096335530281067 0.40117838978767395 1.0707004070281982
v -0.08219276368618011 0.14188344776630402 1.2234539985656738
v -0.07081626355648041 0.15023620426654816 1.2291579246520996
v -0.08703956753015518 0.15206626057624817 1.222968578338623
v -0.25691938400268555 0.41842877864837646 0.9839977622032166
v -0.2537803053855896 0.40939444303512573 0.9844661355018616
v -0.2674511671066284 0.4062635600566864 0.9806047677993774
v 0.058587752282619476 0.27880579233169556 0.9898689985275269
v 0.04566344618797302 0.2731733024120331 0.987364649772644
v 0.04669848829507828 0.2901637554168701 0.9879101514816284
v 0.08540471643209457 0.4844319820404053 0.9990992546081543
v 0.07729078829288483 0.49521276354789734 0.9950052499771118
v 0.0845823660492897 0.5002676248550415 1.0028495788574219
v 0.1941426396369934 0.4113785922527313 1.0607503652572632
v 0.1854725480079651 0.4117651581764221 1.052354335784912
v 0.12393850088119507 0.5663658380508423 1.0315238237380981
v 0.12984195351600647 0.5590699911117554 1.0278863906860352
v 0.1189219057559967 0.5528048276901245 1.0245450735092163
v -0.038523439317941666 0.44504910707473755 1.2301421165466309
v -0.03890514001250267 0.4561306834220886 1.225474238395691
v -0.05023740977048874 0.44700151681900024 1.2287367582321167
v 0.09575594961643219 0.16550561785697937 1.1943318843841553
v 0.09197085350751877 0.15222294628620148 1.1952928304672241
v 0.10514175146818161 0.1605372428894043 1.183609962463379
v 0.1432991772890091 0.4544410705566406 1.112993836402893
v 0.13043135404586792 0.46522581577301025 1.1080068349838257
v -0.0505291223526001 0.36765018105506897 0.976593017578125
v -0.061753954738378525 0.38220906257629395 0.9806274771690369
v -0.051618654280900955 0.3857361674308777 0.9774389863014221
v -0.3043670058250427 0.4763478636741638 1.052818775177002
v -0.29725581407546997 0.47349584102630615 1.0426483154296875
v -0.3094608783721924 0.47172388434410095 1.0507091283798218
v 0.049570322036743164 0.3239288330078125 1.2461336851119995
v 0.05955876410007477 0.31949353218078613 1.2424689531326294
v 0.05523848906159401 0.3338732421398163 1.2458131313323975
v -0.00743023119866848 0.22298303246498108 0.9736078977584839
v 0.0011835861951112747 0.2180452048778534 0.975421667098999
v -0.016782475635409355 0.21644246578216553 0.9733757972717285
v 0.14996907114982605 0.43927115201950073 1.0425649881362915
v 0.15193918347358704 0.4385891258716583 1.0522685050964355
v -0.199781134724617 0.17511829733848572 1.0492663383483887
v -0.20122726261615753 0.1620136797428131 1.0419374704360962
v -0.20398005843162537 0.16108110547065735 1.0541315078735352
v 0.0874985009431839 0.0836552083492279 1.1970396041870117
v 0.10021676123142242 0.08476199954748154 1.1882388591766357
v 0.08573013544082642 0.09684158116579056 1.196805715560913
v 0.0008052513003349304 0.19957932829856873 0.9687912464141846
v 0.009176354855298996 0.2048882097005844 0.9720432162284851
v 0.010487128049135208 0.19087159633636475 0.9660059213638306
v 0.12486504018306732 0.610224723815918 1.1116321086883545
v 0.13177625834941864 0.6049098968505859 1.1159923076629639
v 0.13002440333366394 0.6069208383560181 1.1045613288879395
v 0.08964695036411285 0.2653311789035797 1.212479829788208
v 0.08270415663719177 0.2625027596950531 1.2184853553771973
v -0.23154598474502563 0.3914974629878998 1.0215353965759277
v -0.22682832181453705 0.3959011733531952 1.0336507558822632
v -0.235920712351799 0.38707396388053894 1.0292128324508667
v 0.009778439998626709 0.26218482851982117 0.9822627305984497
v 0.0002062767744064331 0.2587369382381439 0.9805148839950562
v 0.00019760802388191223 0.2689646780490875 0.9874944090843201
v -0.1559060662984848 0.31966057419776917 1.021128535270691
v -0.1595584750175476 0.3089901804924011 1.020499348640442
v -0.15988653898239136 0.3169845640659332 1.0316663980484009
v 0.015891991555690765 0.5840404033660889 1.0315356254577637
v 0.00830819085240364 0.5918594598770142 1.0374631881713867
v 0.023480981588363647 0.5911071300506592 1.0356016159057617
v -0.12872269749641418 0.5099284648895264 0.9914308190345764
v -0.12362388521432877 0.5190434455871582 0.9904982447624207
v -0.12253375351428986 0.5044496059417725 0.985973060131073
v 0.018985966220498085 0.19674789905548096 0.9691116213798523
v 0.025745147839188576 0.19251039624214172 0.9680651426315308
v -0.10638730227947235 0.5742034316062927 1.020864486694336
v -0.09540098905563354 0.5675206780433655 1.0173678398132324
v -0.10550518333911896 0.5616283416748047 1.0112488269805908
v -0.3209835886955261 0.4348420798778534 1.014878749847412
v -0.3322071433067322 0.42659324407577515 1.0141671895980835
v -0.049626901745796204 0.5842366814613342 1.0319883823394775
v -0.056448426097631454 0.5909395813941956 1.0353341102600098
v -0.046636030077934265 0.6009848117828369 1.0425204038619995
v 0.15025609731674194 0.4986860752105713 1.0101654529571533
v 0.1637170910835266 0.5092098712921143 1.012190341949463
v 0.15829211473464966 0.49295222759246826 1.003296136856079
v 0.21368494629859924 0.52679044008255 1.0622426271438599
v 0.21743500232696533 0.5183374881744385 1.0519131422042847
v 0.20908963680267334 0.5278089642524719 1.0501518249511719
v -0.11623673141002655 0.2450544834136963 0.9847515225410461
v -0.1075892224907875 0.2500196695327759 0.9795135855674744
v -0.11575134098529816 0.23652416467666626 0.9834874272346497
v -0.11480753868818283 0.5541670918464661 1.1642048358917236
v -0.10415595024824142 0.5619910955429077 1.1650021076202393
v -0.1187402606010437 0.5622004866600037 1.158203125
v 0.0947427824139595 0.5490183234214783 1.1738464832305908
v 0.09641646593809128 0.5343903303146362 1.1795989274978638
v -0.24969550967216492 0.3993344008922577 1.0784531831741333
v -0.24400609731674194 0.41026973724365234 1.0880324840545654
v -0.260688841342926 0.40445685386657715 1.0836224555969238
v 0.10882075130939484 0.5731903910636902 1.0370975732803345
v 0.1097467839717865 0.5878804326057434 1.0524451732635498
v 0.11693589389324188 0.5759267807006836 1.0460600852966309
v -0.2547829747200012 0.41701066493988037 1.091261625289917
v -0.2011396735906601 0.5298298597335815 1.0157814025878906
v -0.20649072527885437 0.5393761396408081 1.0202219486236572
v -0.20047037303447723 0.535112202167511 1.026509165763855
v 0.1353176385164261 0.3700532913208008 1.1439627408981323
v 0.1332377791404724 0.3546277582645416 1.1420625448226929
v 0.13474315404891968 0.36264199018478394 1.1258574724197388
v 0.13084423542022705 0.4609529972076416 1.1355012655258179
v 0.14130744338035583 0.4517580270767212 1.1258273124694824
v 0.1699938178062439 0.4445195198059082 0.9935672283172607
v 0.17213842272758484 0.4535428583621979 0.9907123446464539
v 0.17743408679962158 0.43968018889427185 0.9884122610092163
v 0.12489179521799088 0.3320350646972656 1.045059323310852
v 0.12022140622138977 0.3214207887649536 1.0361719131469727
v 0.11763132363557816 0.3354279696941376 1.0306293964385986
v 0.10347872227430344 0.27964091300964355 1.0126211643218994
v 0.1148630678653717 0.2782180905342102 1.0221161842346191
v 0.10466805845499039 0.26911020278930664 1.012571930885315
v 0.06292235106229782 0.6210297346115112 1.1205447912216187
v 0.07148037850856781 0.624101459980011 1.1109412908554077
v 0.06693135201931 0.6269646286964417 1.1029112339019775
v -0.18512728810310364 0.4413411021232605 1.0459742546081543
v -0.19206197559833527 0.4456418752670288 1.038306713104248
v -0.19639702141284943 0.4455164670944214 1.0557382106781006
v -0.16211165487766266 0.1154807060956955 0.9653656482696533
v -0.15486431121826172 0.1241401731967926 0.9631158113479614
v -0.1480908840894699 0.11641278117895126 0.9561827182769775
v 0.07692478597164154 0.47729727625846863 0.9910918474197388
v 0.08543179929256439 0.47548723220825195 0.9966163039207458
v -0.08274712413549423 0.3847653269767761 1.2427475452423096
v -0.07026981562376022 0.37373054027557373 1.243742823600769
v -0.06555440276861191 0.3809155821800232 1.243148684501648
v -0.32785892486572266 0.4555569291114807 1.042085886001587
v -0.33578965067863464 0.4493089020252228 1.0379921197891235
v -0.3286668658256531 0.4557933509349823 1.0552175045013428
v 0.010348230600357056 0.47569817304611206 0.9879642724990845
v 0.022144274786114693 0.4854657053947449 0.9891565442085266
v 0.022635074332356453 0.46778321266174316 0.9866437911987305
v -0.15492552518844604 0.517069935798645 1.002743124961853
v -0.16058121621608734 0.5233548879623413 0.9945178627967834
v -0.14749620854854584 0.5306754112243652 1.0039467811584473
v 0.10160040855407715 0.4519999027252197 1.0104159116744995
v 0.0991361066699028 0.4628153443336487 1.009622573852539
v 0.11161530017852783 0.46192511916160583 1.0181108713150024
v -0.19798660278320312 0.4323541820049286 1.0502678155899048
v -0.19667811691761017 0.42885923385620117 1.039992094039917
v -0.19606897234916687 0.42189347743988037 1.0403990745544434
v -0.0450458824634552 0.13020819425582886 1.2335480451583862
v -0.03596414625644684 0.11354456841945648 1.2326900959014893
v -0.028771325945854187 0.13071343302726746 1.2363064289093018
v -0.2001233696937561 0.4315524697303772 1.0493215322494507
v -0.18686899542808533 0.4321325421333313 1.057557463645935
v -0.12273944914340973 0.13371895253658295 0.9483674168586731
v -0.10937686264514923 0.14232318103313446 0.9475759267807007
v -0.1086646020412445 0.12609149515628815 0.9416147470474243
v -0.010110124945640564 0.6318333148956299 1.0693392753601074
v 0.005063053220510483 0.6246708035469055 1.0622868537902832
v 0.0409572459757328 0.6349289417266846 1.095083236694336
v 0.02723265066742897 0.6384358406066895 1.0986096858978271
v 0.04184696078300476 0.6341297626495361 1.1096203327178955
v 0.13539567589759827 0.21794897317886353 1.1397053003311157
v 0.13157516717910767 0.22078481316566467 1.1487284898757935
v 0.1331227421760559 0.20924711227416992 1.1455376148223877
v 0.014099040068686008 0.519541323184967 1.19865083694458
v 0.025403251871466637 0.514918327331543 1.2007319927215576
v 0.02490127459168434 0.5274258255958557 1.1942943334579468
v -0.19366753101348877 0.4439813792705536 1.0308603048324585
v -0.18470017611980438 0.45329177379608154 1.0272068977355957
v -0.19471490383148193 0.44369879364967346 1.0209718942642212
v 0.07083109021186829 0.5729817152023315 1.1632276773452759
v 0.056885331869125366 0.5743452310562134 1.1650092601776123
v 0.06729248911142349 0.5636200308799744 1.169424057006836
v 0.14837686717510223 0.12495239078998566 1.014512538909912
v 0.14781513810157776 0.13679085671901703 1.0157400369644165
v 0.15813715755939484 0.1286553293466568 1.0317922830581665
v -0.19449016451835632 0.3884672522544861 1.0754369497299194
v -0.19417011737823486 0.3895952105522156 1.0648316144943237
v -0.19382327795028687 0.3762500286102295 1.0666552782058716
v -0.1490238904953003 0.45897531509399414 0.9983499050140381
v -0.15504467487335205 0.451425701379776 1.0050344467163086
v -0.1561063975095749 0.4628654718399048 1.0062650442123413
v 0.1896047592163086 0.3994530141353607 1.0394980907440186
v 0.1841968297958374 0.40739917755126953 1.0405809879302979
v 0.14110666513442993 0.5299845337867737 1.0177297592163086
v 0.1437956988811493 0.5218401551246643 1.0257219076156616
v 0.13648992776870728 0.5124682188034058 1.0131261348724365
v 0.012277442961931229 0.4413262903690338 0.9831628203392029
v 0.0011478560045361519 0.4322381615638733 0.9853762984275818
v 0.00014936458319425583 0.4493190050125122 0.9836137890815735
v -0.1772257387638092 0.3859002888202667 1.167834758758545
v -0.17227213084697723 0.38164830207824707 1.1787735223770142
v -0.17354412376880646 0.39689385890960693 1.1771303415298462
v 0.22704023122787476 0.49785345792770386 1.0317652225494385
v 0.2296459674835205 0.4979889988899231 1.0364350080490112
v -0.19431813061237335 0.40532729029655457 1.1035568714141846
v -0.19433271884918213 0.4121931791305542 1.0936888456344604
v -0.19213007390499115 0.3987281918525696 1.0946753025054932
v -0.19365441799163818 0.4489467144012451 1.0249502658843994
v -0.19715102016925812 0.4434105157852173 1.0315444469451904
v -0.22549302875995636 0.40313926339149475 1.0116921663284302
v -0.23497317731380463 0.3975623548030853 1.003260850906372
v -0.22362282872200012 0.4072554111480713 1.0082083940505981
v -0.0071376413106918335 0.14413850009441376 0.9455726146697998
v -0.00670194998383522 0.15414409339427948 0.9490407705307007
v 0.011592864990234375 0.1533930003643036 0.9498215913772583
v -0.11731365323066711 0.22815892100334167 0.9811745285987854
v -0.12600328028202057 0.23528100550174713 0.9891955852508545
v -0.1980825960636139 0.50439453125 1.00637686252594
v -0.1880951225757599 0.5060491561889648 1.0046592950820923
v -0.1860673725605011 0.4890642762184143 1.001621961593628
v 0.01826179027557373 0.29124072194099426 0.9880813956260681
v 0.009504299610853195 0.28627490997314453 0.9893611669540405
v 0.009496400132775307 0.2994237542152405 0.9875825643539429
v 0.10487343370914459 0.24079535901546478 1.1922831535339355
v -0.09973985701799393 0.5978370904922485 1.1471483707427979
v -0.09229303151369095 0.6003094911575317 1.1538320779800415
v -0.10101229697465897 0.6091938018798828 1.139697790145874
v 0.18263283371925354 0.5344326496124268 1.0332826375961304
v 0.1712028682231903 0.5353894233703613 1.0316613912582397
v 0.20164835453033447 0.5048640370368958 1.0153166055679321
v 0.20884674787521362 0.49346309900283813 1.008690357208252
v 0.192958801984787 0.5010607838630676 1.0088505744934082
v 0.10073293745517731 0.14276859164237976 1.1862255334854126
v 0.09819330275058746 0.13186651468276978 1.1885533332824707
v 0.11013901978731155 0.13683901727199554 1.1761229038238525
v -0.04706301540136337 0.5676252245903015 1.1780320405960083
v -0.05712900310754776 0.5559980273246765 1.1812883615493774
v -0.10263286530971527 0.5972354412078857 1.0403697490692139
v -0.10103646665811539 0.6060909032821655 1.0476731061935425
v -0.08764129132032394 0.598812460899353 1.0399506092071533
v -0.19265124201774597 0.41000741720199585 1.0306966304779053
v -0.19544193148612976 0.4245806336402893 1.0298147201538086
v -0.18763087689876556 0.4157288074493408 1.017590880393982
v 0.0320894755423069 0.6081159710884094 1.0477228164672852
v 0.027586910873651505 0.6153637170791626 1.0550047159194946
v 0.03927922621369362 0.6166715621948242 1.0577415227890015
v -0.14177125692367554 0.42330747842788696 0.9993177652359009
v -0.1346438229084015 0.42499327659606934 0.9925657510757446
v -0.13905982673168182 0.4133238196372986 0.9994106292724609
v -0.12272535264492035 0.5697581768035889 1.1517879962921143
v -0.12353749573230743 0.5562385320663452 1.1598926782608032
v -0.01611807383596897 0.17362019419670105 0.9561653137207031
v -0.007380332797765732 0.1794862002134323 0.9589358568191528
v -0.0064321234822273254 0.16401377320289612 0.9524727463722229
v -0.11113956570625305 0.4804846942424774 1.2063285112380981
v -0.09915012866258621 0.4832330048084259 1.2072374820709229
v -0.1119985431432724 0.49531489610671997 1.1976032257080078
v -0.21010708808898926 0.559583306312561 1.1257967948913574
v -0.1954345405101776 0.4138915240764618 1.0624333620071411
v -0.1963541954755783 0.420052707195282 1.0507842302322388
v -0.1950015425682068 0.4051837921142578 1.0525885820388794
v -0.1399971842765808 0.3774038553237915 0.9959636330604553
v -0.1413380652666092 0.3661844730377197 0.9944931268692017
v -0.14228011667728424 0.3755337595939636 1.0060162544250488
v -0.28552767634391785 0.363404780626297 1.061290979385376
v -0.2771897315979004 0.36119094491004944 1.0545990467071533
v -0.017481613904237747 0.4850834012031555 1.213901162147522
v -0.017059441655874252 0.47491925954818726 1.2184826135635376
v -0.00679500587284565 0.4903397560119629 1.2119596004486084
v 0.017253581434488297 0.30344682931900024 1.2478923797607422
v 0.007276376709342003 0.2993239760398865 1.2479544878005981
v 0.00743257999420166 0.28985708951950073 1.2476632595062256
v 0.0034677647054195404 0.5117238163948059 1.2025165557861328
v 0.0005646618083119392 0.5224829912185669 1.1973470449447632
v 0.24816644191741943 0.48423951864242554 1.0749143362045288
v 0.2558358311653137 0.48762279748916626 1.063193917274475
v 0.24369961023330688 0.4964123070240021 1.0757560729980469
v 0.13051079213619232 0.3089201748371124 1.145317792892456
v 0.13141760230064392 0.30512118339538574 1.1335324048995972
v 0.1314290463924408 0.31582725048065186 1.1393823623657227
v -0.307730495929718 0.4637530744075775 1.0387853384017944
v -0.3071739673614502 0.4559723138809204 1.0286952257156372
v -0.31928616762161255 0.4549492597579956 1.0340584516525269
v 0.13545779883861542 0.40983879566192627 1.0880992412567139
v 0.13551604747772217 0.3969706892967224 1.0887984037399292
v 0.1368168294429779 0.4005872309207916 1.0710889101028442
v -0.093526691198349 0.11829164624214172 0.9372264742851257
v -0.0757150650024414 0.12688668072223663 0.9382422566413879
v -0.07604289799928665 0.11885661631822586 0.9347200393676758
v 0.133881077170372 0.31012222170829773 1.0910756587982178
v 0.1342237889766693 0.29997020959854126 1.083781361579895
v 0.1325044333934784 0.31308048963546753 1.0772494077682495
v 0.14433172345161438 0.4443948268890381 1.1173697710037231
v 0.14287279546260834 0.43730372190475464 1.129219651222229
v -0.06790906190872192 0.6261159181594849 1.0655748844146729
v -0.0661889836192131 0.6197279691696167 1.057440996170044
v -0.08191853761672974 0.6271536350250244 1.0670799016952515
v 0.0823197141289711 0.2727430462837219 0.9965121746063232
v 0.07073740661144257 0.2850162386894226 0.9913116693496704
v 0.08581306040287018 0.28202539682388306 0.9973178505897522
v -0.27913591265678406 0.3951806128025055 0.9769563674926758
v -0.29156994819641113 0.39927661418914795 0.975120484828949
v -0.27894139289855957 0.4109342396259308 0.9786621332168579
v -0.02847112901508808 0.48690688610076904 1.2125111818313599
v -0.027920950204133987 0.4736161530017853 1.2183730602264404
v 0.13527771830558777 0.29746362566947937 1.0979541540145874
v -0.15391460061073303 0.2931843400001526 0.998666524887085
v -0.1417286992073059 0.3015426993370056 0.9883870482444763
v -0.14135339856147766 0.28580576181411743 0.9897926449775696
v -0.07957908511161804 0.1832207888364792 0.9626967906951904
v -0.08809444308280945 0.18840256333351135 0.9657315611839294
v -0.0784861221909523 0.19682039320468903 0.969372034072876
v 0.012886134907603264 0.1208852007985115 0.9375413656234741
v -0.005173688754439354 0.11880374699831009 0.9373190402984619
v -0.005843784660100937 0.12719403207302094 0.9399921298027039
v 0.13285522162914276 0.25964248180389404 1.0804457664489746
v 0.13303638994693756 0.2657984793186188 1.087638020515442
v 0.053006723523139954 0.3942277431488037 0.9891759157180786
v 0.0641179084777832 0.39178258180618286 0.9888303279876709
v 0.05205162987112999 0.3828858733177185 0.988946795463562
v -0.1477559506893158 0.32976895570755005 1.0003198385238647
v -0.1462121158838272 0.34067320823669434 1.0016303062438965
v -0.142695352435112 0.33688509464263916 0.9910727739334106
v -0.16680480539798737 0.21455055475234985 1.0087559223175049
v -0.1590336561203003 0.22214236855506897 1.0062928199768066
v -0.16239599883556366 0.2105618417263031 1.0034117698669434
v -0.26814451813697815 0.4533604383468628 0.9969087243080139
v -0.26131486892700195 0.46057793498039246 0.9983450770378113
v -0.25038042664527893 0.4504428505897522 0.9923352003097534
v -0.13630007207393646 0.3929491341114044 0.9882240295410156
v -0.13167056441307068 0.38408178091049194 0.9787014722824097
v -0.05464872345328331 0.24394281208515167 0.9836204051971436
v -0.06317167729139328 0.23877811431884766 0.9807720184326172
v -0.06366494297981262 0.24818377196788788 0.980844259262085
v 0.1034170463681221 0.558515727519989 1.1683712005615234
v 0.09448680281639099 0.5575367212295532 1.169859766960144
v 0.13403986394405365 0.3678814470767975 1.1071888208389282
v 0.13709411025047302 0.3589470386505127 1.094864845275879
v 0.1353594809770584 0.3732895851135254 1.0988165140151978
v -0.254302978515625 0.3803945481777191 1.0569406747817993
v -0.2558422088623047 0.3884410560131073 1.0688273906707764
v 0.08617992699146271 0.1306903213262558 1.1989905834197998
v 0.07970370352268219 0.12433287501335144 1.203366756439209
v 0.09510083496570587 0.12087705731391907 1.1907613277435303
v 0.0322338342666626 0.09518186748027802 1.2269726991653442
v 0.032112471759319305 0.11103354394435883 1.2284653186798096
v 0.015037691220641136 0.10562004148960114 1.2322804927825928
v 0.03780223801732063 0.5945175290107727 1.1560547351837158
v 0.02550206333398819 0.6001838445663452 1.1570767164230347
v 0.029049821197986603 0.5879378318786621 1.1628108024597168
v -0.0038226060569286346 0.2037392556667328 1.245749592781067
v -0.012709093280136585 0.19290691614151 1.2446712255477905
v -0.0036411695182323456 0.18652266263961792 1.243692398071289
v 0.1036999449133873 0.4758734107017517 1.2007068395614624
v 0.10686160624027252 0.4649011492729187 1.2004642486572266
v 0.11476919054985046 0.47496363520622253 1.1948024034500122
v -0.06570389121770859 0.1978055238723755 1.2371277809143066
v -0.05838650465011597 0.19112905859947205 1.2382845878601074
v -0.05545152723789215 0.21027563512325287 1.2405873537063599
v 0.05145653337240219 0.37230947613716125 1.2482082843780518
v 0.040555816143751144 0.3766286373138428 1.248996376991272
v 0.045459624379873276 0.3622685968875885 1.248914122581482
v -0.27721452713012695 0.3972133994102478 1.0812888145446777
v -0.27723050117492676 0.4154219329357147 1.086686372756958
v -0.2874981760978699 0.4046521484851837 1.0821248292922974
v 0.1193419024348259 0.12439568340778351 1.1676121950149536
v 0.12079058587551117 0.14233660697937012 1.163022756576538
v -0.14817357063293457 0.3441047668457031 1.0130983591079712
v -0.1473715603351593 0.3547455668449402 1.014314889907837
v 0.12157207727432251 0.6115655899047852 1.0989255905151367
v 0.11711680889129639 0.6143297553062439 1.1053682565689087
v -0.19027942419052124 0.25450843572616577 1.0857765674591064
v -0.1919877827167511 0.24593724310398102 1.0896437168121338
v -0.19325770437717438 0.24953871965408325 1.103964924812317
v -0.23856744170188904 0.4866502285003662 1.1265138387680054
v -0.23134508728981018 0.47354984283447266 1.1244577169418335
v -0.22525350749492645 0.47918277978897095 1.1328226327896118
v 0.1405412256717682 0.22218555212020874 1.0870238542556763
v 0.13747431337833405 0.2258627861738205 1.0734554529190063
v 0.13643094897270203 0.2359953075647354 1.0875194072723389
v -0.14526551961898804 0.18091870844364166 0.9779722094535828
v -0.13335543870925903 0.18407949805259705 0.974297285079956
v -0.13371224701404572 0.1733803153038025 0.9693361520767212
v -0.11402522027492523 0.5423630475997925 0.9960528612136841
v -0.10309892147779465 0.5340136289596558 0.995996356010437
v -0.11888675391674042 0.5270299315452576 0.9905490279197693
v -0.1764955371618271 0.21817970275878906 1.1431128978729248
v -0.1802642047405243 0.22605778276920319 1.1394380331039429
v -0.1830790489912033 0.21935983002185822 1.1289620399475098
v -0.0024541690945625305 0.1144382432103157 1.234512448310852
v -0.011911630630493164 0.13121075928211212 1.237008810043335
v -0.019846605136990547 0.11373476684093475 1.234692096710205
v 0.03719725459814072 0.29323798418045044 0.9871372580528259
v 0.04253268241882324 0.3080431818962097 0.9874603748321533
v -0.050120942294597626 0.42982158064842224 1.2355761528015137
v -0.061757951974868774 0.43187206983566284 1.2348250150680542
v -0.06178887188434601 0.4231126606464386 1.2376431226730347
v 0.21824166178703308 0.4965527057647705 1.01821768283844
v -0.18905286490917206 0.4242810606956482 1.0694313049316406
v -0.20145317912101746 0.43846595287323 1.0786056518554688
v -0.19378702342510223 0.42210495471954346 1.0834676027297974
v -0.11344430595636368 0.6170605421066284 1.116127371788025
v -0.10787742584943771 0.6279879808425903 1.1033046245574951
v 0.004915185272693634 0.2147146463394165 1.2460719347000122
v -0.003886798396706581 0.22072440385818481 1.2471030950546265
v 0.14362826943397522 0.11237049102783203 1.1396698951721191
v 0.15314488112926483 0.10693807899951935 1.1260435581207275
v 0.1489676535129547 0.12367022782564163 1.1280009746551514
v -0.1810426265001297 0.20292264223098755 1.1338647603988647
v -0.1859312355518341 0.20410701632499695 1.1191943883895874
v 0.17226117849349976 0.5013593435287476 1.0077332258224487
v 0.03631916269659996 0.5101718306541443 1.2023707628250122
v 0.035856448113918304 0.5226978659629822 1.1958833932876587
v 0.21987515687942505 0.43165072798728943 1.0790441036224365
v 0.2263565957546234 0.44332155585289 1.0801012516021729
v 0.21334588527679443 0.4382311701774597 1.0836336612701416
v -0.15725326538085938 0.4814692735671997 1.1814079284667969
v -0.16337719559669495 0.4721357226371765 1.1753900051116943
v -0.1512168049812317 0.47213971614837646 1.1829890012741089
v 0.16201525926589966 0.46323439478874207 0.9976902604103088
v -0.17667286098003387 0.22686812281608582 1.0318520069122314
v -0.18378740549087524 0.22251702845096588 1.0371934175491333
v -0.1795712113380432 0.23148886859416962 1.0405125617980957
v -0.1863279640674591 0.2271619737148285 1.045930027961731
v 0.21849504113197327 0.48968052864074707 1.0106759071350098
v 0.21636167168617249 0.4818582236766815 1.0017118453979492
v 0.032780200242996216 0.5745439529418945 1.1714510917663574
v 0.02457088604569435 0.5694344639778137 1.1761486530303955
v 0.035061437636613846 0.5601928234100342 1.1779239177703857
v -0.06418672949075699 0.42536062002182007 0.9817969799041748
v -0.0645187571644783 0.4426349699497223 0.9814476370811462
v 0.02547219768166542 0.6235495805740356 1.0644923448562622
v 0.03601928800344467 0.6238701343536377 1.0665327310562134
v 0.14632606506347656 0.5317466855049133 1.0302801132202148
v -0.041947461664676666 0.23671954870224 1.2441942691802979
v -0.030032005161046982 0.23321834206581116 1.245822548866272
v -0.0359039269387722 0.24510104954242706 1.2450188398361206
v -0.2016417384147644 0.5126189589500427 1.0168488025665283
v -0.20410063862800598 0.5187436938285828 1.0104458332061768
v -0.19516465067863464 0.4182084798812866 1.1020601987838745
v 0.17717593908309937 0.4864652752876282 1.125183343887329
v 0.17850551009178162 0.47750532627105713 1.1201783418655396
v 0.18989932537078857 0.4858165979385376 1.1200406551361084
v -0.04538269713521004 0.1641569435596466 1.2380998134613037
v -0.06204023212194443 0.1655893176794052 1.233928918838501
v -0.05426648631691933 0.14873267710208893 1.2341655492782593
v -0.32234829664230347 0.4190886616706848 0.9943068623542786
v -0.32940351963043213 0.4203270673751831 1.0072243213653564
v -0.3177047371864319 0.4249863624572754 0.9992526769638062
v 0.0671398788690567 0.6227691769599915 1.0767649412155151
v 0.0653642937541008 0.6278632283210754 1.091422438621521
v 0.07961567491292953 0.6217436194419861 1.0856515169143677
v 0.10802580416202545 0.17627659440040588 1.1821941137313843
v 0.11498318612575531 0.16373991966247559 1.1720359325408936
v 0.014644807204604149 0.5067603588104248 1.2050344944000244
v -0.038385797291994095 0.4815406799316406 0.9852087497711182
v -0.033390503376722336 0.49053525924682617 0.9863460063934326
v -0.03271994739770889 0.475754976272583 0.98142009973526
v 0.1777086853981018 0.44100120663642883 1.0898586511611938
v 0.16871824860572815 0.4459737539291382 1.0909193754196167
v 0.1756000816822052 0.43712887167930603 1.083509922027588
v -0.18212293088436127 0.5267306566238403 1.016297459602356
v -0.17949040234088898 0.514055609703064 1.0135775804519653
v -0.1897745430469513 0.5213915109634399 1.017508864402771
v -0.1783122718334198 0.548790693283081 1.1468558311462402
v -0.16899026930332184 0.5354775190353394 1.1550531387329102
v -0.16397824883460999 0.5510931015014648 1.1502670049667358
v 0.07357732951641083 0.20345593988895416 0.9824011325836182
v 0.08141759783029556 0.19709278643131256 0.9815243482589722
v 0.07508338987827301 0.19354814291000366 0.9767872095108032
v -0.19218343496322632 0.4970186948776245 1.1612390279769897
v -0.1975398063659668 0.5053951740264893 1.1542555093765259
v -0.20057514309883118 0.4952968955039978 1.1460880041122437
v 0.1565755009651184 0.11793804913759232 1.1135138273239136
v 0.10887306928634644 0.5591738820075989 1.0319403409957886
v 0.10949786007404327 0.5457366704940796 1.0247244834899902
v 0.11269979178905487 0.5585374236106873 1.030833125114441
v -0.04790499061346054 0.28671252727508545 0.9839838147163391
v -0.04830848425626755 0.299604594707489 0.9825559854507446
v -0.03860480338335037 0.29553836584091187 0.9862901568412781
v 0.1019732803106308 0.5913132429122925 1.0435595512390137
v 0.09218000620603561 0.6008268594741821 1.053931713104248
v 0.10809239745140076 0.5992773771286011 1.0532833337783813
v 0.1011539176106453 0.47414177656173706 1.0131006240844727
v 0.09094323217868805 0.48901069164276123 1.0077672004699707
v 0.10690005868673325 0.484514981508255 1.0157185792922974
v 0.09724161028862 0.10279993712902069 1.1888341903686523
v -0.2339777797460556 0.3912120759487152 1.0404905080795288
v 0.007141619920730591 0.26200565695762634 1.247596025466919
v 0.017369192093610764 0.2668343186378479 1.246955394744873
v 0.007242277264595032 0.27219220995903015 1.2475194931030273
v 0.137870192527771 0.46635884046554565 1.0453269481658936
v 0.1307094395160675 0.4662151336669922 1.0362582206726074
v 0.14040908217430115 0.45721936225891113 1.0488553047180176
v -0.17933964729309082 0.564411997795105 1.139969825744629
v -0.17900782823562622 0.5582549571990967 1.144405722618103
v -0.16474393010139465 0.5655313730239868 1.1430389881134033
v -0.13561855256557465 0.12537747621536255 0.9515407085418701
v -0.1354672908782959 0.1417865753173828 0.9562191963195801
v -0.12002530694007874 0.47587043046951294 0.9765287041664124
v -0.12773379683494568 0.47139155864715576 0.982195258140564
v -0.128933846950531 0.48195621371269226 0.9844086766242981
v 0.08049244433641434 0.6078284978866577 1.0540627241134644
v 0.08993332833051682 0.5970096588134766 1.0449007749557495
v 0.13357533514499664 0.43540751934051514 1.0338256359100342
v 0.13618767261505127 0.4455888867378235 1.0356059074401855
v 0.13605669140815735 0.4327508211135864 1.0431466102600098
v 0.09110899269580841 0.1801358461380005 0.9761917591094971
v 0.0763009786605835 0.18307895958423615 0.9716729521751404
v 0.08965940773487091 0.19065189361572266 0.9815308451652527
v 0.0428067222237587 0.23245897889137268 0.9767317771911621
v 0.0350651741027832 0.2256193906068802 0.977562665939331
v 0.026979811489582062 0.2338787317276001 0.9744482636451721
v -0.1956518441438675 0.16830414533615112 1.029028058052063
v -0.18728192150592804 0.17396683990955353 1.0172926187515259
v -0.19048288464546204 0.1593780517578125 1.013839602470398
v 0.11934243142604828 0.5842220783233643 1.1508320569992065
v 0.1300937831401825 0.5885261297225952 1.1466610431671143
v 0.11811630427837372 0.5929056406021118 1.1454882621765137
v -0.17598003149032593 0.4651641845703125 1.1550666093826294
v -0.18270444869995117 0.4543296992778778 1.138182282447815
v 0.1140841692686081 0.08689045906066895 1.177685260772705
v 0.11757687479257584 0.09663249552249908 1.1710370779037476
v 0.11114121973514557 0.09548690915107727 1.1767610311508179
v -0.20713233947753906 0.15027841925621033 1.0702629089355469
v -0.2060481756925583 0.15439832210540771 1.0807608366012573
v -0.20564043521881104 0.16017204523086548 1.0664318799972534
v 0.14452415704727173 0.4870375990867615 1.0079313516616821
v 0.11041342467069626 0.4541485905647278 1.201197624206543
v 0.11344549059867859 0.44526076316833496 1.200793743133545
v 0.12313027679920197 0.4555628001689911 1.1861679553985596
v -0.12617990374565125 0.5607591867446899 1.0104060173034668
v -0.1334400326013565 0.5549588203430176 1.0067899227142334
v -0.1368280053138733 0.561882495880127 1.013055682182312
v -0.18570879101753235 0.4538944363594055 1.0405844449996948
v -0.18332356214523315 0.4383692741394043 1.048099160194397
v 0.08315803110599518 0.16174188256263733 1.2050282955169678
v 0.08841652423143387 0.1792338341474533 1.2030667066574097
v 0.13624019920825958 0.5834059119224548 1.1503753662109375
v 0.14169003069400787 0.5769963264465332 1.1528888940811157
v 0.1405271589756012 0.5892766714096069 1.138895034790039
v -0.18843159079551697 0.08441194891929626 1.1456671953201294
v -0.17810754477977753 0.08221208304166794 1.156131625175476
v -0.17645946145057678 0.09072837233543396 1.1553951501846313
v -0.020957939326763153 0.14787542819976807 1.2390027046203613
v -0.012082399800419807 0.13966761529445648 1.2381094694137573
v -0.007572093978524208 0.1502031534910202 1.2393161058425903
v 0.07921086996793747 0.6245215535163879 1.1011964082717896
v 0.016391588374972343 0.256700336933136 1.2469022274017334
v 0.006204275414347649 0.2519516944885254 1.2475675344467163
v -0.10425366461277008 0.5743111371994019 1.1579850912094116
v -0.11297763884067535 0.572321355342865 1.1547799110412598
v -0.023307476192712784 0.47660940885543823 0.9880184531211853
v -0.023362545296549797 0.4659602642059326 0.9845596551895142
v 0.037685539573431015 0.4848921597003937 1.2153241634368896
v 0.027391009032726288 0.47565436363220215 1.2202765941619873
v 0.03884010761976242 0.4710899591445923 1.222245693206787
v 0.20346218347549438 0.4060344696044922 1.0597429275512695
v 0.03961442410945892 0.4565933346748352 1.2297570705413818
v 0.028215261176228523 0.4613763391971588 1.2271199226379395
v 0.02900722809135914 0.4477735161781311 1.233705759048462
v 0.15893244743347168 0.13147810101509094 1.0390998125076294
v 0.1600533425807953 0.12248732149600983 1.0448931455612183
v 0.16018804907798767 0.11716845631599426 1.029871940612793
v 0.11590215563774109 0.5988654494285583 1.133872389793396
v 0.10994751751422882 0.5939481258392334 1.1463454961776733
v -0.19120965898036957 0.38531821966171265 1.0960277318954468
v -0.18780148029327393 0.37701666355133057 1.1051195859909058
v -0.19001664221286774 0.3918776214122772 1.104508876800537
v 0.11770838499069214 0.5439022779464722 1.024824857711792
v 0.005010824650526047 0.23183760046958923 1.247244119644165
v -0.22147586941719055 0.5641093254089355 1.0608395338058472
v -0.21616482734680176 0.5663758516311646 1.056226134300232
v -0.22023697197437286 0.5610330104827881 1.0486270189285278
v 0.2032223641872406 0.47571808099746704 0.9932984113693237
v 0.2018122673034668 0.4645066559314728 0.9865354895591736
v 0.19005945324897766 0.47636133432388306 0.9928746223449707
v -0.0147843137383461 0.558241605758667 1.0218102931976318
v -0.01981576532125473 0.5685080885887146 1.0259524583816528
v -0.008280493319034576 0.5694136619567871 1.0263643264770508
v -0.32014358043670654 0.39884713292121887 1.0652432441711426
v -0.30772531032562256 0.38784366846084595 1.0715398788452148
v 0.17532038688659668 0.5676572918891907 1.0689457654953003
v 0.1674642264842987 0.5727733969688416 1.063834309577942
v 0.1728692352771759 0.5733671188354492 1.0761702060699463
v 0.1467108130455017 0.43665391206741333 1.1098127365112305
v -0.2729809582233429 0.49111121892929077 1.0310813188552856
v -0.27824878692626953 0.49232354760169983 1.041407585144043
v -0.2661546468734741 0.5025540590286255 1.0365914106369019
v 0.1336100846529007 0.6022875905036926 1.0975924730300903
v 0.13638857007026672 0.597807765007019 1.0903403759002686
v 0.13041619956493378 0.5989763140678406 1.0823066234588623
v 0.09009341150522232 0.3623512387275696 1.2301326990127563
v 0.09133918583393097 0.37772199511528015 1.2318538427352905
v 0.08238562941551208 0.37531983852386475 1.2368899583816528
v -0.18322306871414185 0.24782750010490417 1.0591328144073486
v -0.1806352287530899 0.2557215988636017 1.0549285411834717
v -0.17730529606342316 0.24399198591709137 1.0464471578598022
v 0.07514689862728119 0.3890785872936249 0.9893817901611328
v 0.08561907708644867 0.3865317702293396 0.9919812679290771
v 0.07419095933437347 0.37283045053482056 0.9895715713500977
v -0.060311853885650635 0.3564411699771881 0.9794600605964661
v -0.050358016043901443 0.35281598567962646 0.976308286190033
v 0.12233008444309235 0.3959031105041504 1.191649317741394
v 0.12668150663375854 0.40176165103912354 1.1792476177215576
v 0.12251156568527222 0.41151970624923706 1.191158413887024
v -0.2729635238647461 0.38453203439712524 1.0730639696121216
v -0.27976351976394653 0.3783467411994934 1.070021629333496
v 0.09250342845916748 0.4084790050983429 1.2318973541259766
v 0.09635020792484283 0.4173229932785034 1.2272992134094238
v 0.08298931270837784 0.42153429985046387 1.2348476648330688
v -0.07613955438137054 0.46629422903060913 0.9813967943191528
v -0.07604971528053284 0.4491499662399292 0.980230987071991
v -0.08760678023099899 0.46469512581825256 0.9810560941696167
v 0.01988525316119194 0.403175413608551 1.2459168434143066
v 0.008500264957547188 0.39983171224594116 1.2447632551193237
v 0.02482624724507332 0.3884572386741638 1.2479298114776611
v 0.14654645323753357 0.15439483523368835 1.017870545387268
v 0.15023267269134521 0.15905655920505524 1.0267168283462524
v 0.1512148231267929 0.14741972088813782 1.0256460905075073
v 0.12858377397060394 0.4828411340713501 1.0335572957992554
v 0.13083645701408386 0.498212605714798 1.0264825820922852
v 0.11826561391353607 0.4880831241607666 1.0358966588974
v -0.23785802721977234 0.3978003263473511 1.0674846172332764
v -0.23027485609054565 0.4042706787586212 1.066141963005066
v -0.2326970100402832 0.4087565243244171 1.0777469873428345
v 0.14344541728496552 0.4618641138076782 1.0624500513076782
v 0.13031481206417084 0.46395015716552734 1.057669997215271
v -0.01000426895916462 0.33678317070007324 0.9892456531524658
v -0.02042115293443203 0.33073437213897705 0.9878695011138916
v -0.020516272634267807 0.35121405124664307 0.9858214259147644
v 0.09421208500862122 0.3034057021141052 0.9992765784263611
v 0.08955679833889008 0.31313127279281616 0.9951916337013245
v 0.10082103312015533 0.31869053840637207 1.0044587850570679
v -0.25005388259887695 0.5387054681777954 1.081799864768982
v -0.2610139846801758 0.5259672999382019 1.0843957662582397
v 0.14635799825191498 0.1673966348171234 1.1204890012741089
v 0.1398562490940094 0.16493423283100128 1.134046196937561
v 0.14675641059875488 0.14960676431655884 1.1251485347747803
v 0.12507078051567078 0.2860630750656128 1.040426254272461
v 0.12854140996932983 0.273212194442749 1.0463194847106934
v 0.12326888740062714 0.2760109603404999 1.0333412885665894
v -0.18722698092460632 0.453965961933136 1.1261967420578003
v -0.1915222704410553 0.4501104950904846 1.1419870853424072
v 0.015566162765026093 0.24251769483089447 0.97223299741745
v 0.005997521802783012 0.24733629822731018 0.9720674157142639
v 0.16200247406959534 0.12211231142282486 1.092532753944397
v 0.16347163915634155 0.10402190685272217 1.097168207168579
v 0.16620299220085144 0.10731649398803711 1.0827373266220093
v -0.06161123514175415 0.18790112435817719 0.9634017944335938
v -0.07021509110927582 0.19238325953483582 0.9662152528762817
v -0.060891296714544296 0.2010587751865387 0.9698140621185303
v 0.12021084874868393 0.18269361555576324 0.9953067302703857
v 0.11343251168727875 0.17759758234024048 0.9883582592010498
v 0.10371193289756775 0.18699787557125092 0.9873455166816711
v -0.21566344797611237 0.5539294481277466 1.1280481815338135
v -0.015136033296585083 0.428945392370224 1.2365645170211792
v -0.014787361025810242 0.4202576279640198 1.23881995677948
v -0.004204783122986555 0.4320524036884308 1.2365150451660156
v 0.11854442209005356 0.4849410951137543 1.0149790048599243
v 0.11287055909633636 0.4943854510784149 1.0140398740768433
v 0.1292208731174469 0.48873984813690186 1.0173535346984863
v 0.0830165445804596 0.248208686709404 1.2162725925445557
v 0.04875003173947334 0.4864348769187927 1.2133523225784302
v 0.05973787605762482 0.4880512058734894 1.2105854749679565
v 0.04787517338991165 0.4992302656173706 1.206757664680481
v 0.08366924524307251 0.33650320768356323 1.2309362888336182
v 0.074358731508255 0.3250378966331482 1.2361317873001099
v 0.08657979965209961 0.32196688652038574 1.226141095161438
v -0.24742203950881958 0.5388165712356567 1.100311040878296
v -0.2521468698978424 0.5301573276519775 1.1044485569000244
v -0.2430821806192398 0.5404675006866455 1.108615517616272
v -0.17189627885818481 0.33239686489105225 1.1513922214508057
v -0.17072400450706482 0.32222795486450195 1.1598936319351196
v -0.16662316024303436 0.3265960216522217 1.1674306392669678
v -0.041727740317583084 0.2930107116699219 1.2441221475601196
v -0.03204943612217903 0.30739137530326843 1.2447056770324707
v -0.04188308119773865 0.3093463182449341 1.2438663244247437
v 0.005485573783516884 0.19750788807868958 1.24407160282135
v 0.014475749805569649 0.19116683304309845 1.241947054862976
v 0.014381755143404007 0.20820999145507812 1.244165301322937
v -0.10412830114364624 0.19981437921524048 0.9733486175537109
v -0.09962363541126251 0.20895402133464813 0.9750913977622986
v -0.09277700632810593 0.20204922556877136 0.9724515080451965
v 0.07245137542486191 0.28321653604507446 1.229472041130066
v 0.06544164568185806 0.2885875105857849 1.234618902206421
v 0.06444771587848663 0.2771165370941162 1.2334821224212646
v 0.16554692387580872 0.4293004870414734 1.0537073612213135
v -0.09960316121578217 0.4716833829879761 0.9817350506782532
v -0.09149973094463348 0.48156657814979553 0.9827585816383362
v -0.012596708722412586 0.1758194863796234 1.2427407503128052
v 0.0835932195186615 0.5308431386947632 1.011573314666748
v 0.09096731245517731 0.5423428416252136 1.0145350694656372
v 0.09829103201627731 0.5288124084472656 1.0161105394363403
v 0.13613823056221008 0.41328585147857666 1.0704786777496338
v 0.13424383103847504 0.2815078794956207 1.095036506652832
v 0.08707873523235321 0.5307292938232422 1.183900237083435
v 0.07204213738441467 0.5331301093101501 1.1851521730422974
v 0.07292908430099487 0.523535966873169 1.189913272857666
v 0.0571628175675869 0.5262075662612915 1.19137704372406
v -0.18165646493434906 0.3243127763271332 1.1364580392837524
v -0.18874017894268036 0.3188193440437317 1.1211597919464111
v -0.18355925381183624 0.31307756900787354 1.1375677585601807
v 0.03396223485469818 0.4953310191631317 0.9917095303535461
v 0.04565427452325821 0.5051800608634949 0.9946979880332947
v 0.04270179942250252 0.48858797550201416 0.9910497069358826
v 0.10663644969463348 0.30221477150917053 1.1991697549819946
v 0.10773308575153351 0.2923431396484375 1.1945350170135498
v 0.1122157871723175 0.30265963077545166 1.189790964126587
v -0.19760331511497498 0.18850275874137878 1.0731360912322998
v -0.19505427777767181 0.19730672240257263 1.076740026473999
v -0.19838882982730865 0.18741698563098907 1.060971736907959
v -0.1597200632095337 0.5012631416320801 1.17661714553833
v -0.16794224083423615 0.5069313049316406 1.1731036901474
v -0.16749823093414307 0.49087828397750854 1.1783453226089478
v -0.2202969193458557 0.562830924987793 1.0827687978744507
v -0.23274894058704376 0.5568723082542419 1.0907353162765503
v -0.22198711335659027 0.5632686614990234 1.0952539443969727
v -0.2583232522010803 0.3619975745677948 1.0285241603851318
v -0.2574639320373535 0.36385565996170044 1.011817455291748
v -0.2524985074996948 0.37202367186546326 1.0123779773712158
v -0.12127462029457092 0.3374139070510864 0.9794524908065796
v -0.12599411606788635 0.32228440046310425 0.9818445444107056
v -0.13381999731063843 0.3365885317325592 0.9817090630531311
v 0.13226017355918884 0.3006764054298401 1.1208513975143433
v 0.13355490565299988 0.2935222387313843 1.1122562885284424
v -0.0705813467502594 0.5621145963668823 1.17595636844635
v -0.0607585571706295 0.5739693641662598 1.1748614311218262
v -0.025705939158797264 0.5690084099769592 1.1791707277297974
v -0.036158837378025055 0.5676971673965454 1.178583025932312
v -0.02854035794734955 0.5498648881912231 1.185712456703186
v 0.030399974435567856 0.39019858837127686 1.2481164932250977
v -0.14241251349449158 0.2729060649871826 1.2002918720245361
v -0.13773226737976074 0.26346123218536377 1.205100655555725
v -0.13356152176856995 0.27987605333328247 1.2109439373016357
v -0.14030136168003082 0.5901181101799011 1.0445878505706787
v -0.13531231880187988 0.6019797921180725 1.058925747871399
v -0.1254526674747467 0.5945974588394165 1.0431615114212036
v 0.0229782834649086 0.17431138455867767 1.2375075817108154
v 0.005756881088018417 0.18003669381141663 1.241697907447815
v 0.014409758150577545 0.16339045763015747 1.2382954359054565
v -0.24027852714061737 0.4030962884426117 1.079057216644287
v -0.15954886376857758 0.419450044631958 1.0081082582473755
v -0.16925017535686493 0.4170736074447632 1.0104211568832397
v -0.16229654848575592 0.43113231658935547 1.006630301475525
v 0.10557405650615692 0.24441289901733398 1.001806378364563
v 0.10829678922891617 0.23653927445411682 1.0022648572921753
v 0.09870743751525879 0.23861953616142273 0.9952927827835083
v -0.19274258613586426 0.5416345000267029 1.022863507270813
v -0.19536389410495758 0.5282571315765381 1.0219014883041382
v 0.0058184340596199036 0.2414499670267105 1.2474479675292969
v -0.00408986397087574 0.2382735311985016 1.2475448846817017
v -0.1766071766614914 0.3538166880607605 1.1468260288238525
v -0.17368628084659576 0.3457894027233124 1.1510472297668457
v -0.20476458966732025 0.5726958513259888 1.0698235034942627
v -0.19770777225494385 0.5758305191993713 1.0730997323989868
v -0.20141617953777313 0.5706024169921875 1.060928225517273
v -0.18356499075889587 0.5849877595901489 1.0846614837646484
v -0.19347725808620453 0.5788894295692444 1.098995327949524
v -0.2106757014989853 0.12121247500181198 1.0664429664611816
v -0.20953145623207092 0.13222229480743408 1.0575531721115112
v -0.13605593144893646 0.48134645819664 0.9906857013702393
v -0.14266154170036316 0.46996790170669556 0.9942725896835327
v -0.16249418258666992 0.5994302034378052 1.0875215530395508
v -0.1508454978466034 0.6058061122894287 1.0880368947982788
v 0.036790795624256134 0.5006642937660217 1.2071716785430908
v 0.04739828407764435 0.5087933540344238 1.201928973197937
v 0.03199145942926407 0.1577111929655075 1.2330198287963867
v 0.018913839012384415 0.15503345429897308 1.2362924814224243
v 0.035069435834884644 0.1474321335554123 1.2308893203735352
v -0.10242796689271927 0.15412896871566772 1.2154592275619507
v -0.09795546531677246 0.14379042387008667 1.2163305282592773
v 0.1391347199678421 0.5990246534347534 1.1019724607467651
v 0.12393702566623688 0.4895145297050476 1.1615681648254395
v 0.1251518875360489 0.4744042754173279 1.1560863256454468
v 0.13632971048355103 0.4875549077987671 1.1531482934951782
v -0.16194510459899902 0.5366621613502502 1.156827449798584
v -0.15398117899894714 0.5325722694396973 1.162089467048645
v -0.15551196038722992 0.5453067421913147 1.1549339294433594
v -0.02352270856499672 0.5509496927261353 1.1857353448867798
v 0.13580644130706787 0.4197513461112976 1.0502145290374756
v 0.13428057730197906 0.4218449890613556 1.0404460430145264
v 0.13078616559505463 0.14465388655662537 1.1500564813613892
v 0.12987112998962402 0.12675368785858154 1.154834270477295
v -0.00453878752887249 0.5483205914497375 1.1878799200057983
v -0.00914476066827774 0.5585650205612183 1.184735655784607
v -0.018751120194792747 0.5596513152122498 1.1832785606384277
v -0.1846601665019989 0.43811869621276855 1.1358308792114258
v -0.17976114153862 0.4288998246192932 1.1394565105438232
v -0.1795722395181656 0.4356297552585602 1.1480939388275146
v 0.17723241448402405 0.47546088695526123 0.9945304989814758
v 0.1670236587524414 0.4849570691585541 1.001125693321228
v 0.18494707345962524 0.484775185585022 0.9975492358207703
v -0.04394594207406044 0.5388318300247192 1.1884154081344604
v 0.011685730889439583 0.40535327792167664 0.9835559725761414
v 0.01992056518793106 0.4131894111633301 0.983103334903717
v 0.0223391056060791 0.40252116322517395 0.9829228520393372
v -0.09468720853328705 0.1344359815120697 0.9426144361495972
v 0.163624107837677 0.1285805106163025 1.0589265823364258
v 0.16275005042552948 0.13430801033973694 1.0733675956726074
v 0.16601784527301788 0.11835476011037827 1.0710501670837402
v 0.09935443848371506 0.5135952234268188 1.1885557174682617
v 0.0913393422961235 0.5077236890792847 1.1937587261199951
v 0.09783264249563217 0.4987984895706177 1.19584059715271
v -0.18897564709186554 0.5650091171264648 1.0497982501983643
v -0.1863315850496292 0.5556225180625916 1.0374395847320557
v -0.17545288801193237 0.4669973850250244 1.176935076713562
v -0.16164976358413696 0.45428696274757385 1.181999683380127
v -0.15999987721443176 0.4673687219619751 1.1900463104248047
v -0.1679995208978653 0.4551096558570862 1.1742053031921387
v -0.1724420040845871 0.43966639041900635 1.1805534362792969
v -0.19269901514053345 0.5475972890853882 1.143388271331787
v 0.11118775606155396 0.30067843198776245 1.0205583572387695
v 0.11031133681535721 0.3127196431159973 1.0184803009033203
v 0.11410477012395859 0.31138020753860474 1.0248236656188965
v -0.125392347574234 0.24496087431907654 0.9909366369247437
v -0.1345698982477188 0.2436094582080841 0.9976811408996582
v -0.322109580039978 0.41852983832359314 1.06332266330719
v 0.15760526061058044 0.43312397599220276 1.0167701244354248
v 0.16409730911254883 0.42617306113243103 1.0121791362762451
v -0.2770549952983856 0.43317893147468567 1.0918976068496704
v -0.28746509552001953 0.422974556684494 1.0872386693954468
v 0.1252170205116272 0.37281128764152527 1.0393478870391846
v 0.13045209646224976 0.38211560249328613 1.0465354919433594
v 0.13244105875492096 0.3691360652446747 1.055478811264038
v -0.13485555350780487 0.15773409605026245 0.9621809720993042
v -0.12896299362182617 0.14608196914196014 0.9547655582427979
v 0.050105951726436615 0.45778077840805054 0.9902802109718323
v 0.03926749527454376 0.44857677817344666 0.9881919622421265
v 0.03431568294763565 0.45918890833854675 0.9881646037101746
v -0.22676889598369598 0.3994728922843933 1.0531233549118042
v -0.2165052443742752 0.4020081162452698 1.0539547204971313
v -0.21980012953281403 0.40539610385894775 1.067629098892212
v -0.20982876420021057 0.5700981020927429 1.0955971479415894
v -0.07621654868125916 0.6006453633308411 1.0403822660446167
v -0.07475055754184723 0.592454731464386 1.035189151763916
v -0.19841335713863373 0.17167484760284424 1.0387022495269775
v -0.28152769804000854 0.4446249008178711 1.0935033559799194
v -0.27818000316619873 0.48912084102630615 1.0939455032348633
v -0.2760278582572937 0.5036100149154663 1.085292100906372
v -0.2850569784641266 0.49003171920776367 1.0833021402359009
v -0.13156268000602722 0.4765850305557251 1.198448896408081
v -0.13307073712348938 0.46643322706222534 1.208097219467163
v -0.12312974035739899 0.4782295823097229 1.205169439315796
v 0.05700613930821419 0.5119810700416565 1.198762059211731
v -0.19466736912727356 0.3030216693878174 1.105535864830017
v -0.19023744761943817 0.29790356755256653 1.1210917234420776
v -0.18946821987628937 0.3079236149787903 1.1215113401412964
v 0.024301178753376007 0.5767127275466919 1.025639533996582
v 0.03189511597156525 0.5839937329292297 1.0293660163879395
v 0.035591721534729004 0.5758623480796814 1.0237185955047607
v 0.12852507829666138 0.5080469250679016 1.1763442754745483
v 0.12809662520885468 0.5142455697059631 1.1644723415374756
v 0.12746311724185944 0.527260422706604 1.1776702404022217
v -0.14481081068515778 0.6077721118927002 1.0952434539794922
v -0.13695882260799408 0.6114161610603333 1.0988578796386719
v -0.13855381309986115 0.6123876571655273 1.0881575345993042
v -0.1476622223854065 0.13269278407096863 0.9608070850372314
v -0.2024402916431427 0.41061219573020935 1.0678749084472656
v 0.11246514320373535 0.6150240898132324 1.111716866493225
v 0.12022419273853302 0.6109289526939392 1.1184738874435425
v -0.19546447694301605 0.4393523931503296 1.1074793338775635
v -0.20706257224082947 0.43565279245376587 1.1103267669677734
v -0.19393928349018097 0.4389103055000305 1.1153254508972168
v -0.19480344653129578 0.47470366954803467 1.143384337425232
v -0.03201496601104736 0.5781322717666626 1.1788361072540283
v -0.18738746643066406 0.25296467542648315 1.130385160446167
v -0.18240880966186523 0.25710034370422363 1.141247272491455
v -0.18785665929317474 0.26555800437927246 1.1277358531951904
v -0.0037589846178889275 0.36414235830307007 1.2463434934616089
v -0.013671094551682472 0.3598405718803406 1.2448303699493408
v -0.003453807905316353 0.34678757190704346 1.2476744651794434
v -0.24690666794776917 0.39266008138656616 1.0684959888458252
v -0.23921693861484528 0.4324023127555847 1.1019928455352783
v -0.2513139843940735 0.43783503770828247 1.1068798303604126
v -0.247127965092659 0.4233526587486267 1.0985572338104248
v 0.21173855662345886 0.4211162030696869 1.074873924255371
v 0.20280078053474426 0.427793025970459 1.0796279907226562
v -0.029868226498365402 0.3057612478733063 0.987777829170227
v -0.038884833455085754 0.3023427426815033 0.9850467443466187
v -0.039057277143001556 0.3182922601699829 0.9824228286743164
v 0.028526730835437775 0.3567555546760559 1.2494556903839111
v 0.03452567756175995 0.3665372431278229 1.2493356466293335
v 0.018325725570321083 0.37004661560058594 1.2487505674362183
v 0.09682467579841614 0.5293706059455872 1.1815516948699951
v -0.12789128720760345 0.27126193046569824 1.2149642705917358
v 0.11244530975818634 0.22752629220485687 1.0083422660827637
v 0.12263291329145432 0.22528010606765747 1.0191454887390137
v 0.1116020604968071 0.21715813875198364 1.0085015296936035
v -0.12330032140016556 0.5465751886367798 1.00491201877594
v -0.11479684710502625 0.5563250780105591 1.0042396783828735
v 0.16639116406440735 0.11288757622241974 1.0561259984970093
v 0.030169032514095306 0.609986424446106 1.1478382349014282
v 0.03850184381008148 0.6035189628601074 1.1486660242080688
v 0.039057135581970215 0.6122841238975525 1.1408127546310425
v 0.056468673050403595 0.5626533031463623 1.1719257831573486
v 0.05626736208796501 0.5504619479179382 1.1785809993743896
v 0.06353873014450073 0.55380779504776 1.1755390167236328
v 0.17384374141693115 0.5441235899925232 1.0392897129058838
v 0.1830761730670929 0.5423083305358887 1.0404472351074219
v 0.1252627968788147 0.35961687564849854 1.0419257879257202
v 0.117991141974926 0.36793285608291626 1.028411626815796
v 0.12974724173545837 0.34280383586883545 1.0553209781646729
v 0.1325293779373169 0.34003931283950806 1.0671796798706055
v 0.1291249692440033 0.32943233847618103 1.0564379692077637
v -0.13265661895275116 0.6116634011268616 1.073040246963501
v -0.1322759985923767 0.49947789311408997 1.1825085878372192
v -0.1380668431520462 0.5085594058036804 1.1782315969467163
v -0.14101022481918335 0.4961218237876892 1.1795601844787598
v -0.060016192495822906 0.09109742939472198 1.2247265577316284
v -0.05038179084658623 0.09544914215803146 1.2278563976287842
v -0.06699584424495697 0.10422943532466888 1.2236124277114868
v 0.07513395696878433 0.6170921325683594 1.0696994066238403
v 0.05280439183115959 0.13801556825637817 1.2223328351974487
v 0.06541641056537628 0.1390823870897293 1.214866042137146
v -0.19822128117084503 0.48505157232284546 1.1445623636245728
v -0.21255676448345184 0.48184943199157715 1.1401851177215576
v 0.1323125660419464 0.33091938495635986 1.1320030689239502
v 0.13090074062347412 0.32368895411491394 1.1478941440582275
v -0.17125901579856873 0.4933600127696991 0.9922740459442139
v -0.16108986735343933 0.4962025284767151 1.000758171081543
v -0.1693231165409088 0.4846687912940979 0.9975337386131287
v 0.18395626544952393 0.5525117516517639 1.1321618556976318
v 0.17502935230731964 0.5435519218444824 1.1448826789855957
v -0.09673323482275009 0.627895712852478 1.076633095741272
v -0.10324461758136749 0.6220090389251709 1.0690146684646606
v -0.10082608461380005 0.628690779209137 1.081176519393921
v -0.04114803299307823 0.14256149530410767 0.9437711834907532
v -0.042803943157196045 0.15233953297138214 0.94715815782547
v -0.024546654894948006 0.15187357366085052 0.9475303292274475
v 0.0981535091996193 0.4517776072025299 1.00568687915802
v -0.025740426033735275 0.6158995032310486 1.0533703565597534
v -0.032800741493701935 0.6231796145439148 1.0594600439071655
v 0.12127546966075897 0.28879106044769287 1.164360761642456
v 0.11935905367136002 0.2958865761756897 1.1723620891571045
v -0.148331418633461 0.3683932423591614 1.2190138101577759
v -0.13983577489852905 0.38142091035842896 1.2259693145751953
v -0.14944830536842346 0.38308167457580566 1.2177813053131104
v -0.05182114988565445 0.40125682950019836 0.9786306619644165
v -0.041602447628974915 0.41220206022262573 0.9762065410614014
v -0.04101681709289551 0.39544832706451416 0.9755779504776001
v -0.11748497188091278 0.14899548888206482 0.9524471163749695
v -0.25779128074645996 0.43174898624420166 1.0981440544128418
v -0.3551170825958252 0.4344695806503296 1.0373363494873047
v -0.34596800804138184 0.4409236013889313 1.033003807067871
v -0.00313616544008255 0.60783851146698 1.0474522113800049
v 0.005709141492843628 0.6148531436920166 1.0525248050689697
v 0.10485517978668213 0.5436071157455444 1.1746948957443237
v -0.17256397008895874 0.5925397872924805 1.0865004062652588
v -0.16396364569664001 0.598039448261261 1.0943973064422607
v -0.13141898810863495 0.48773282766342163 1.190088152885437
v -0.1564176231622696 0.26099276542663574 1.012540578842163
v -0.1592237949371338 0.2521969676017761 1.0178292989730835
v -0.16500620543956757 0.2644139528274536 1.0217779874801636
v -0.14049899578094482 0.21747824549674988 0.9894503355026245
v -0.12785808742046356 0.22711215913295746 0.9863636493682861
v -0.130060076713562 0.2156028300523758 0.9839944243431091
v -0.13162486255168915 0.40630829334259033 0.9806099534034729
v -0.12438589334487915 0.40769267082214355 0.9746615886688232
v -0.13201726973056793 0.39613378047943115 0.9793123006820679
v -0.07850085198879242 0.1670888364315033 1.2285661697387695
v -0.08317408710718155 0.17716693878173828 1.228144645690918
v -0.09537918865680695 0.17058947682380676 1.2215319871902466
v -0.2853206396102905 0.45629802346229553 1.093483805656433
v -0.2714577913284302 0.45827722549438477 1.099547266960144
v -0.19173842668533325 0.276081919670105 1.0854257345199585
v -0.1868090033531189 0.28303349018096924 1.0773379802703857
v -0.1888669729232788 0.2672644853591919 1.0768747329711914
v -0.168671116232872 0.1499023139476776 1.156785488128662
v -0.16617293655872345 0.13261447846889496 1.1612763404846191
v -0.1597040444612503 0.14903771877288818 1.1670182943344116
v -0.30451318621635437 0.4376816749572754 1.004392385482788
v -0.18450188636779785 0.5349185466766357 1.151423454284668
v -0.17133617401123047 0.48582589626312256 1.177642822265625
v -0.1760789453983307 0.4827667474746704 1.1650059223175049
v -0.15690195560455322 0.2771947979927063 1.0051259994506836
v -0.16767896711826324 0.2792362570762634 1.019639253616333
v -0.16109541058540344 0.29128775000572205 1.0085322856903076
v 0.02746088057756424 0.2176932841539383 0.9776825904846191
v 0.018442774191498756 0.2115955799818039 0.9757936000823975
v 0.009529907256364822 0.21291044354438782 0.9755660891532898
v 0.12886539101600647 0.5144786834716797 1.0219627618789673
v 0.11922596395015717 0.5206490159034729 1.0255385637283325
v 0.1152513176202774 0.5036778450012207 1.0245146751403809
v -0.17922551929950714 0.5072182416915894 1.0066783428192139
v -0.0712256208062172 0.31027138233184814 1.2418420314788818
v -0.3249170780181885 0.4434230327606201 1.0223888158798218
v -0.3137725591659546 0.4414743185043335 1.0169425010681152
v -0.18167580664157867 0.41824591159820557 1.123958945274353
v -0.18319053947925568 0.42295074462890625 1.111833930015564
v -0.18403580784797668 0.4117608964443207 1.115795373916626
v -0.05089101567864418 0.460726261138916 1.2225775718688965
v 0.13556495308876038 0.4286102056503296 1.0643260478973389
v 0.13486266136169434 0.44043970108032227 1.066683292388916
v 0.1353992074728012 0.4240192770957947 1.078930377960205
v 0.12974436581134796 0.3316737711429596 1.157017469406128
v 0.1317894011735916 0.33923232555389404 1.1405302286148071
v -0.02197382226586342 0.30404460430145264 1.2460274696350098
v -0.031813908368349075 0.28979408740997314 1.2452538013458252
v -0.09585712105035782 0.15056519210338593 0.9487930536270142
v -0.0770282968878746 0.143122598528862 0.9440189599990845
v -0.2875725328922272 0.4556182622909546 1.00819993019104
v -0.29238688945770264 0.45971614122390747 1.0175485610961914
v -0.2811640501022339 0.46859198808670044 1.0149797201156616
v 0.10710625350475311 0.5129433870315552 1.0160975456237793
v 0.11248089373111725 0.5264081954956055 1.0141102075576782
v 0.12278510630130768 0.5209221839904785 1.0142822265625
v -0.03852706402540207 0.2804129123687744 0.9882455468177795
v -0.029270540922880173 0.2922437787055969 0.9899355173110962
v -0.029097100719809532 0.2800481617450714 0.9905270338058472
v -0.3026905953884125 0.4075354039669037 1.0745604038238525
v -0.29623448848724365 0.4134616255760193 1.0787380933761597
v -0.15633347630500793 0.40863698720932007 1.0105996131896973
v -0.16595740616321564 0.4063168466091156 1.0136727094650269
v -0.05917699635028839 0.14399519562721252 0.944413423538208
v -0.06055805832147598 0.15363720059394836 0.9479453563690186
v 0.04748973995447159 0.5747179985046387 1.0223795175552368
v 0.05147549510002136 0.5824136137962341 1.027296781539917
v 0.06421050429344177 0.5797512531280518 1.0248222351074219
v 0.23668348789215088 0.4963550269603729 1.0428385734558105
v 0.23957672715187073 0.48835939168930054 1.0309144258499146
v -0.16500404477119446 0.45714229345321655 1.0091233253479004
v 0.13223232328891754 0.5278417468070984 1.167181134223938
v 0.13481970131397247 0.5363709330558777 1.1689279079437256
v -0.1841466724872589 0.44582056999206543 1.0311686992645264
v 0.014416271820664406 0.22519686818122864 1.2458893060684204
v -0.09689823538064957 0.3568308353424072 1.2418323755264282
v -0.08955800533294678 0.34763103723526 1.242324948310852
v -0.0848274827003479 0.361409068107605 1.2432658672332764
v 0.051444318145513535 0.5345086455345154 1.1877952814102173
v 0.04622441157698631 0.5306758284568787 1.1905792951583862
v 0.13023346662521362 0.23756635189056396 1.145094394683838
v 0.12713009119033813 0.2450806200504303 1.1502635478973389
v 0.1273266077041626 0.22818240523338318 1.1565985679626465
v -0.024791322648525238 0.3908771276473999 1.24232816696167
v -0.00852119643241167 0.38697096705436707 1.2439380884170532
v -0.014145960099995136 0.40236997604370117 1.242014765739441
v 0.04476149007678032 0.2682490944862366 1.2412431240081787
v 0.05394904315471649 0.27337557077407837 1.2381861209869385
v 0.0452578067779541 0.2790070176124573 1.2419689893722534
v 0.16660866141319275 0.422509104013443 1.0306692123413086
v 0.17556601762771606 0.4128773510456085 1.030045747756958
v 0.17194411158561707 0.41795235872268677 1.0374767780303955
v 0.15044932067394257 0.5828549861907959 1.1406919956207275
v 0.1518239974975586 0.5760269165039062 1.1473510265350342
v 0.15679369866847992 0.5832711458206177 1.1338199377059937
v -0.3156280815601349 0.4607609212398529 1.0653795003890991
v -0.32062646746635437 0.4638822674751282 1.056434988975525
v -0.2507922947406769 0.4006636142730713 0.9874200224876404
v -0.24950242042541504 0.39192941784858704 0.9916762113571167
v -0.25722476840019226 0.38652774691581726 0.9871941208839417
v 0.09088768064975739 0.5657824277877808 1.0203852653503418
v 0.08269348740577698 0.5607880353927612 1.0184085369110107
v 0.07724171131849289 0.569599449634552 1.0213195085525513
v -0.12462262809276581 0.5127366781234741 1.1820895671844482
v -0.11704926192760468 0.5188064575195312 1.182194471359253
v -0.12636473774909973 0.5241395235061646 1.175889253616333
v -0.03880615904927254 0.5870888233184814 1.1791735887527466
v -0.04332302138209343 0.5775860548019409 1.1780033111572266
v 0.11085233837366104 0.19196471571922302 1.180498480796814
v 0.12005356699228287 0.18536362051963806 1.165869116783142
v 0.11925920844078064 0.20201483368873596 1.169494390487671
v 0.09880393743515015 0.6076366901397705 1.0647743940353394
v 0.19738927483558655 0.46990662813186646 1.1073362827301025
v 0.17926889657974243 0.46885251998901367 1.1155301332473755
v 0.19251972436904907 0.4610251486301422 1.1036503314971924
v -0.15366899967193604 0.3483427166938782 1.023413062095642
v -0.16761544346809387 0.18344736099243164 1.1603500843048096
v -0.17521363496780396 0.18469880521297455 1.1489781141281128
v -0.1720794439315796 0.16737201809883118 1.1526333093643188
v -0.13536137342453003 0.5857012867927551 1.0371177196502686
v -0.1447964608669281 0.576809287071228 1.0304694175720215
v -0.07416262477636337 0.46092987060546875 1.2206432819366455
v -0.08616997301578522 0.4615880250930786 1.219142198562622
v -0.08594881743192673 0.44783270359039307 1.2254226207733154
v -0.18156664073467255 0.11752074211835861 1.14499831199646
v -0.18490399420261383 0.10094910860061646 1.1450849771499634
v -0.17363600432872772 0.10768060386180878 1.1552176475524902
v -0.2024676352739334 0.17224279046058655 1.0780683755874634
v -0.20067812502384186 0.1798814982175827 1.0694166421890259
v -0.20364415645599365 0.17013318836688995 1.0627511739730835
v -0.24470703303813934 0.4231242537498474 0.9876934885978699
v -0.17187464237213135 0.5923787355422974 1.0947705507278442
v -0.16557618975639343 0.5912699699401855 1.1090129613876343
v -0.09469401091337204 0.5900208353996277 1.1542315483093262
v -0.08497844636440277 0.5905758738517761 1.1606969833374023
v -0.08951477706432343 0.6101091504096985 1.0492030382156372
v -0.08531882613897324 0.6181188821792603 1.0580120086669922
v -0.07894011586904526 0.6086638569831848 1.0463749170303345
v 0.08470676839351654 0.5727242231369019 1.161764144897461
v 0.0743393525481224 0.5821032524108887 1.1566956043243408
v 0.1518714874982834 0.48879072070121765 1.134576678276062
v 0.16049689054489136 0.4860054850578308 1.1351040601730347
v -0.1366940140724182 0.5082688331604004 0.9988926649093628
v -0.1451755315065384 0.5124492645263672 1.003639578819275
v -0.1379871368408203 0.5247836112976074 1.003039002418518
v -0.031855423003435135 0.2722873091697693 1.245184063911438
v -0.041570428758859634 0.27538934350013733 1.243922233581543
v -0.03171617537736893 0.2630032002925873 1.2452967166900635
v -0.12398309260606766 0.2875964343547821 1.220908284187317
v -0.11689747124910355 0.2920275926589966 1.2264683246612549
v -0.12640085816383362 0.3028510510921478 1.2223403453826904
v 0.13524283468723297 0.5519849061965942 1.1638449430465698
v 0.14268170297145844 0.5452154874801636 1.1618763208389282
v 0.14205680787563324 0.562614917755127 1.1582752466201782
v -0.19935885071754456 0.4501587450504303 1.122963547706604
v -0.19614872336387634 0.444633424282074 1.1329134702682495
v 0.05372649058699608 0.631623387336731 1.0919671058654785
v 0.05418594926595688 0.6299428939819336 1.1057509183883667
v -0.08878564834594727 0.2173706740140915 0.9716021418571472
v -0.08963073045015335 0.21056942641735077 0.9735431671142578
v -0.09874942898750305 0.21585744619369507 0.9734032154083252
v 0.1250779926776886 0.5456364750862122 1.0281801223754883
v 0.11812999844551086 0.2263195961713791 1.1730895042419434
v 0.11315987259149551 0.24205106496810913 1.180342197418213
v 0.10988917946815491 0.22503811120986938 1.1848623752593994
v -0.1422489434480667 0.07974898815155029 1.1830604076385498
v -0.1277608722448349 0.08711071312427521 1.1922599077224731
v -0.14160452783107758 0.09614517539739609 1.182447075843811
v 0.14673694968223572 0.4696653187274933 1.1075211763381958
v 0.1461608111858368 0.45232149958610535 1.0981334447860718
v 0.15416589379310608 0.45807069540023804 1.1147338151931763
v -0.11592323333024979 0.44302457571029663 1.2218704223632812
v -0.12210816890001297 0.45076555013656616 1.217165470123291
v -0.13271062076091766 0.4385737180709839 1.218163251876831
v -0.045068636536598206 0.21982207894325256 0.9688835740089417
v -0.052748724818229675 0.21077121794223785 0.9721555709838867
v -0.062132176011800766 0.21577873826026917 0.9699034690856934
v 0.09258996695280075 0.28119590878486633 1.0023524761199951
v 0.09824006259441376 0.292133629322052 1.0053144693374634
v 0.10310590267181396 0.29121148586273193 1.0108751058578491
v 0.10263751447200775 0.30292993783950806 1.0081545114517212
v -0.20380085706710815 0.15850315988063812 1.0910110473632812
v -0.198398619890213 0.16513623297214508 1.103280782699585
v -0.19956569373607635 0.17465922236442566 1.0927822589874268
v -0.12849432229995728 0.5358250141143799 1.1691783666610718
v -0.12023640424013138 0.5462884902954102 1.1665420532226562
v -0.13386854529380798 0.5423922538757324 1.1638151407241821
v -0.19146329164505005 0.5243178009986877 1.1562016010284424
v -0.20300224423408508 0.513963520526886 1.147277593612671
v 0.08024734258651733 0.5837714076042175 1.0287487506866455
v -0.15209688246250153 0.605413019657135 1.0911601781845093
v 0.03696338087320328 0.2689368724822998 0.9854851961135864
v 0.02784017100930214 0.26495349407196045 0.9845341444015503
v 0.02818136475980282 0.28173792362213135 0.9863633513450623
v 0.1272587925195694 0.355449914932251 1.1770020723342896
v 0.1229628175497055 0.3652633726596832 1.1901991367340088
v 0.12267119437456131 0.349786639213562 1.188317894935608
v -0.06329172104597092 0.2302745282649994 0.971994161605835
v -0.053976766765117645 0.23455391824245453 0.9783562421798706
v -0.05438319593667984 0.22552359104156494 0.9688143134117126
v 0.029756860807538033 0.155194953083992 0.9504834413528442
v 0.02058165706694126 0.14630630612373352 0.9468756318092346
v 0.020708832889795303 0.159647136926651 0.952725887298584
v -0.2699246108531952 0.47379451990127563 1.1009527444839478
v -0.27117905020713806 0.48899537324905396 1.1006017923355103
v -0.278893381357193 0.4746929407119751 1.0973265171051025
v 0.1781800389289856 0.41407686471939087 1.0441728830337524
v 0.16588127613067627 0.42547157406806946 1.042177677154541
v 0.08882848918437958 0.29316744208335876 1.2184205055236816
v 0.09325933456420898 0.3016608953475952 1.2158825397491455
v 0.10066215693950653 0.22382980585098267 1.1963002681732178
v -0.04369005933403969 0.34478485584259033 1.2429635524749756
v -0.05074933543801308 0.3542235791683197 1.243389368057251
v -0.053598687052726746 0.3392355144023895 1.243012547492981
v -0.17364796996116638 0.2972872257232666 1.1667983531951904
v -0.17135149240493774 0.31287139654159546 1.1682878732681274
v -0.1767425388097763 0.2968730926513672 1.1597545146942139
v -0.16402578353881836 0.3226059675216675 1.1781023740768433
v -0.16396573185920715 0.3378404378890991 1.1785171031951904
v -0.19284483790397644 0.429021954536438 1.0717129707336426
v -0.19477540254592896 0.4151139259338379 1.072657585144043
v -0.19437825679779053 0.42035120725631714 1.082486629486084
v -0.007821785286068916 0.194527268409729 0.9658594727516174
v 0.1631494164466858 0.12354940176010132 1.085374355316162
v 0.12516352534294128 0.4733262062072754 1.0375088453292847
v 0.11182571202516556 0.36243510246276855 1.0171304941177368
v 0.10446350276470184 0.3728351593017578 1.0059860944747925
v 0.11209915578365326 0.3785586953163147 1.016396403312683
v -0.008468699641525745 0.24692445993423462 0.9737057685852051
v -0.017788350582122803 0.2409619688987732 0.9716547727584839
v -0.017515771090984344 0.24937908351421356 0.9798123240470886
v 0.12548406422138214 0.5042165517807007 1.164233684539795
v 0.13883323967456818 0.5072588324546814 1.1618046760559082
v -0.04394456371665001 0.42018646001815796 1.2380318641662598
v -0.0377475768327713 0.41023460030555725 1.2398734092712402
v -0.026288041844964027 0.42601263523101807 1.2368820905685425
v 0.13982892036437988 0.12949521839618683 1.1418503522872925
v -0.24118508398532867 0.4583399295806885 0.9958154559135437
v -0.2547416090965271 0.4670794606208801 1.00055992603302
v -0.17088407278060913 0.28629499673843384 1.0310606956481934
v -0.16663981974124908 0.28864985704421997 1.0194116830825806
v -0.07860435545444489 0.22533102333545685 1.2359960079193115
v -0.07092748582363129 0.23436909914016724 1.2386208772659302
v -0.08437387645244598 0.2375301718711853 1.2350324392318726
v 0.09212829917669296 0.4733694791793823 1.0042487382888794
v -0.16393764317035675 0.22913263738155365 1.021129846572876
v -0.17355911433696747 0.2229345142841339 1.023465633392334
v -0.1677771806716919 0.2341967225074768 1.0285894870758057
v -0.10195872187614441 0.2438519299030304 0.975898027420044
v -0.09645653516054153 0.23771236836910248 0.9727619886398315
v -0.10624073445796967 0.2369687259197235 0.9777425527572632
v -0.15671269595623016 0.2121770828962326 0.999169111251831
v 0.13888250291347504 0.1470034122467041 1.1382337808609009
v -0.0741359069943428 0.095566526055336 1.2199074029922485
v -0.16347233951091766 0.24322569370269775 1.0218322277069092
v -0.1672246754169464 0.2555619478225708 1.0276285409927368
v 0.24348419904708862 0.45536234974861145 1.0741169452667236
v 0.24518117308616638 0.44370782375335693 1.071181297302246
v 0.2544621527194977 0.45487675070762634 1.0701274871826172
v -0.12309443205595016 0.5330883264541626 0.9970687031745911
v 0.08450687676668167 0.110702283680439 1.1984496116638184
v 0.1264089196920395 0.12381786853075027 0.9821643829345703
v 0.13312342762947083 0.1287892907857895 0.9898384809494019
v 0.14144578576087952 0.12238061428070068 0.9956321716308594
v 0.08308656513690948 0.5024604797363281 1.1982433795928955
v 0.18556633591651917 0.5088954567909241 1.013131856918335
v 0.18005254864692688 0.4936999976634979 1.0033085346221924
v -0.24339795112609863 0.38471609354019165 1.0485103130340576
v -0.2354009449481964 0.3927401602268219 1.0505375862121582
v -0.24074073135852814 0.39290937781333923 1.0613971948623657
v 0.13152243196964264 0.4693983197212219 1.065285086631775
v -0.14829620718955994 0.5543407201766968 1.1527611017227173
v -0.15664350986480713 0.5599219799041748 1.1475785970687866
v 0.19812291860580444 0.4432787001132965 1.0913456678390503
v 0.20915088057518005 0.4502153694629669 1.0928893089294434
v 0.19356513023376465 0.45611250400543213 1.1001240015029907
v -0.139940083026886 0.5823050737380981 1.1339640617370605
v -0.14032462239265442 0.5736767053604126 1.141503095626831
v -0.1307954341173172 0.5812214016914368 1.1391077041625977
v 0.23048388957977295 0.5037567615509033 1.0499763488769531
v 0.11286474764347076 0.15137892961502075 1.1736234426498413
v -0.012081577442586422 0.1586589217185974 1.2406367063522339
v -0.021360618993639946 0.1650286614894867 1.241421103477478
v 0.10343493521213531 0.2770540118217468 1.1979870796203613
v 0.09711149334907532 0.2722576856613159 1.20548677444458
v 0.10481464117765427 0.2692239284515381 1.1945111751556396
v 0.13046059012413025 0.42527997493743896 1.0314445495605469
v -0.02535644918680191 0.5196213722229004 1.003677487373352
v -0.03591608628630638 0.5185787677764893 0.9984998106956482
v -0.26488032937049866 0.4665721356868744 1.0024731159210205
v -0.25823551416397095 0.48326557874679565 1.01108980178833
v 0.06014599651098251 0.6274541020393372 1.084213376045227
v 0.09603619575500488 0.33313700556755066 1.2206294536590576
v 0.09743045270442963 0.34881770610809326 1.2229485511779785
v 0.08874616771936417 0.34649890661239624 1.228469729423523
v -0.10945968329906464 0.1706182211637497 1.2137552499771118
v -0.09989611804485321 0.18080070614814758 1.2210172414779663
v -0.11473876237869263 0.1828429102897644 1.2125213146209717
v 0.12731590867042542 0.4812202453613281 1.0430798530578613
v 0.12313669919967651 0.4922018051147461 1.033182144165039
v 0.12333944439888 0.48033544421195984 1.0321333408355713
v -0.04896705970168114 0.3323710560798645 0.9774331450462341
v -0.04877738654613495 0.31275853514671326 0.9803852438926697
v 0.1416105329990387 0.4795093536376953 1.1233446598052979
v -0.0827893540263176 0.2622583210468292 0.979255199432373
v -0.07473643124103546 0.26572635769844055 0.9829919934272766
v -0.07759126275777817 0.2532902956008911 0.9795711636543274
v -0.19219785928726196 0.133395716547966 1.0093605518341064
v -0.18296514451503754 0.1311337649822235 0.9958394169807434
v -0.19221200048923492 0.12055868655443192 1.0073460340499878
v -0.1657673418521881 0.5821344256401062 1.1220576763153076
v 0.07759291678667068 0.1723942756652832 0.9664356112480164
v 0.09361574798822403 0.16540631651878357 0.9704123139381409
v 0.0798134058713913 0.15720321238040924 0.9601729512214661
v 0.14378134906291962 0.49653637409210205 1.1487648487091064
v 0.2351372241973877 0.4440344274044037 1.074704647064209
v 0.23123699426651 0.4555482268333435 1.0793590545654297
v 0.08074088394641876 0.3996046781539917 0.9901251792907715
v 0.06994624435901642 0.4015701413154602 0.9885574579238892
v -0.10047223418951035 0.500860333442688 1.1970006227493286
v -0.09369347989559174 0.4920806288719177 1.2033674716949463
v 0.10146810859441757 0.61069655418396 1.1242172718048096
v 0.098220594227314 0.6163573265075684 1.1146782636642456
v 0.09094301611185074 0.6125409603118896 1.1243896484375
v -0.038907840847969055 0.6224340200424194 1.058350682258606
v -0.03840164840221405 0.6135660409927368 1.051726222038269
v -0.2905322313308716 0.41550374031066895 0.9811946153640747
v 0.019802037626504898 0.6372108459472656 1.0846902132034302
v 0.01481599360704422 0.6354882717132568 1.079693078994751
v 0.23340818285942078 0.48649492859840393 1.022625207901001
v -0.19444115459918976 0.4079016149044037 1.0420680046081543
v -0.14611923694610596 0.16828447580337524 1.1847385168075562
v -0.14848461747169495 0.15819305181503296 1.1807888746261597
v -0.1371988207101822 0.1595182567834854 1.191477656364441
v -0.17880788445472717 0.23307979106903076 1.1459592580795288
v 0.2420012354850769 0.4660695195198059 1.077256679534912
v 0.2530765235424042 0.4663461446762085 1.0718567371368408
v -0.15478277206420898 0.18840795755386353 0.9909085631370544
v -0.15747828781604767 0.17896400392055511 0.9858591556549072
v -0.1670331209897995 0.1838981807231903 0.9977333545684814
v 0.17839673161506653 0.4237174093723297 1.0649455785751343
v -0.0776141956448555 0.3521844744682312 1.2440943717956543
v -0.06971154361963272 0.34250926971435547 1.2438076734542847
v -0.0677594318985939 0.3576895594596863 1.2439993619918823
v 0.13873139023780823 0.21516937017440796 1.1301449537277222
v -0.07207471132278442 0.2337876856327057 0.9765428900718689
v -0.1994124799966812 0.41598597168922424 1.0620967149734497
v -0.20698115229606628 0.4062166213989258 1.0549836158752441
v 0.2264866828918457 0.42615363001823425 1.0744138956069946
v 0.23560822010040283 0.43482327461242676 1.0723612308502197
v 0.04597855731844902 0.5672742128372192 1.1716450452804565
v 0.048381105065345764 0.5570778250694275 1.1765486001968384
v -0.0787549540400505 0.33714187145233154 1.2434324026107788
v 0.08004115521907806 0.09172289818525314 1.2005085945129395
v 0.07504236698150635 0.08229038119316101 1.2053126096725464
v -0.334225058555603 0.4472929835319519 1.0569764375686646
v -0.3294508457183838 0.44030502438545227 1.0628584623336792
v -0.3226872682571411 0.4461545944213867 1.0646049976348877
v 0.08179617673158646 0.14122740924358368 0.9549601078033447
v 0.06529344618320465 0.14864373207092285 0.9524973630905151
v -0.10812556743621826 0.11789799481630325 0.9390021562576294
v -0.12211963534355164 0.11703701317310333 0.9433361291885376
v -0.20684154331684113 0.1424064338207245 1.0890902280807495
v -0.29407691955566406 0.36750781536102295 1.065604329109192
v -0.29151225090026855 0.375177800655365 1.0699726343154907
v 0.17400045692920685 0.5738487243652344 1.1205790042877197
v 0.17768462002277374 0.5726438760757446 1.110852837562561
v 0.16682641208171844 0.5810530185699463 1.1171296834945679
v -0.16945426166057587 0.12012191116809845 1.157792329788208
v -0.16080453991889954 0.11034804582595825 1.167594075202942
v -0.13942629098892212 0.5904800891876221 1.1257613897323608
v 0.07754746824502945 0.2940702438354492 0.9923444390296936
v 0.06852030754089355 0.29914653301239014 0.9923322796821594
v 0.07186038047075272 0.3038819432258606 0.9926116466522217
v 0.04397805035114288 0.25911498069763184 1.2408474683761597
v 0.04347088187932968 0.2479775846004486 1.240114450454712
v 0.05332111939787865 0.26273518800735474 1.2374261617660522
v -0.19166885316371918 0.4821118712425232 1.158294439315796
v -0.19322827458381653 0.48704737424850464 1.1534624099731445
v -0.04968574270606041 0.139390230178833 1.2338682413101196
v -0.037156302481889725 0.1473340094089508 1.2375338077545166
v -0.11980977654457092 0.360046923160553 0.9767893552780151
v -0.10826751589775085 0.3479197025299072 0.9821778535842896
v -0.11714337766170502 0.3446418046951294 0.9792951941490173
v 0.13772746920585632 0.4972006678581238 1.1576884984970093
v -0.05427122116088867 0.6054825782775879 1.045019268989563
v -0.045424625277519226 0.6132594347000122 1.0513626337051392
v 0.05601231008768082 0.547240674495697 1.006833553314209
v 0.05647065490484238 0.5367159843444824 1.0030114650726318
v 0.04442158341407776 0.5507469773292542 1.0092717409133911
v -0.33961746096611023 0.43010595440864563 1.061775803565979
v -0.3541770875453949 0.42695504426956177 1.0542086362838745
v -0.3443463444709778 0.414963036775589 1.064148187637329
v -0.1193413957953453 0.2129831463098526 0.9795945286750793
v -0.11896892637014389 0.22007757425308228 0.9793840050697327
v 0.13928908109664917 0.13367554545402527 0.9981511831283569
v 0.05576787143945694 0.5572946071624756 1.0117361545562744
v 0.06689787656068802 0.5640784502029419 1.015690803527832
v 0.06539842486381531 0.5519622564315796 1.0097423791885376
v -0.16975197196006775 0.5119053721427917 0.9912140369415283
v -0.16213618218898773 0.505020797252655 0.9964599013328552
v 0.13530801236629486 0.3959410786628723 1.13479745388031
v 0.13862811028957367 0.390575647354126 1.1261135339736938
v 0.13549572229385376 0.40933746099472046 1.123734474182129
v -0.11589076370000839 0.4191949665546417 0.971881091594696
v -0.1476866900920868 0.23098981380462646 1.1938202381134033
v -0.1428213119506836 0.2179928421974182 1.1973977088928223
v -0.1380462646484375 0.23401722311973572 1.2036170959472656
v 0.17085841298103333 0.47678524255752563 1.1204779148101807
v 0.16804349422454834 0.46471941471099854 1.1107734441757202
v 0.19692489504814148 0.4993578791618347 1.1197024583816528
v -0.19281405210494995 0.31318920850753784 1.1054610013961792
v -0.18327105045318604 0.407234251499176 1.1276663541793823
v -0.14098452031612396 0.1997891217470169 0.9885944724082947
v -0.1462596356868744 0.20096290111541748 0.9923369884490967
v -0.14081363379955292 0.20912684500217438 0.9892793297767639
v -0.22557733952999115 0.48877978324890137 1.1365931034088135
v -0.23160745203495026 0.4927462935447693 1.1325654983520508
v -0.22907963395118713 0.5448784232139587 1.051372766494751
v -0.22401726245880127 0.5520057678222656 1.0440027713775635
v -0.2209847867488861 0.538394570350647 1.0367828607559204
v -0.17648181319236755 0.20174263417720795 1.1466306447982788
v 0.14626756310462952 0.4404590129852295 1.0613429546356201
v 0.1411776840686798 0.4438227713108063 1.0712265968322754
v 0.1344498097896576 0.44682201743125916 1.0646591186523438
v 0.12878859043121338 0.4880877137184143 1.176316261291504
v -0.1912173479795456 0.3646751046180725 1.0581331253051758
v -0.19277212023735046 0.377251535654068 1.0563181638717651
v -0.1885109543800354 0.365939199924469 1.047897219657898
v 0.133536234498024 0.22975216805934906 1.138973593711853
v -0.19047445058822632 0.47034788131713867 1.0056068897247314
v -0.18729928135871887 0.4745105504989624 1.016005039215088
v -0.18391916155815125 0.4575297236442566 1.0136629343032837
v -0.1615036427974701 0.5230076909065247 1.1660957336425781
v 0.03600133955478668 0.4295298159122467 0.9863814115524292
v 0.043993815779685974 0.4374638795852661 0.9886402487754822
v 0.04626934230327606 0.42678380012512207 0.9888096451759338
v -0.008917042054235935 0.25428125262260437 0.9806864857673645
v -0.018328245729207993 0.2603350877761841 0.9866945147514343
v -0.1650296300649643 0.5734768509864807 1.1320856809616089
v -0.2164434790611267 0.44616377353668213 1.1108510494232178
v -0.20425377786159515 0.4476425051689148 1.1063276529312134
v -0.21761752665042877 0.451955109834671 1.1145485639572144
v -0.1521027386188507 0.4276982247829437 1.208767056465149
v -0.15049557387828827 0.41240203380584717 1.2124686241149902
v -0.14236214756965637 0.4258362650871277 1.2168867588043213
v 0.24689894914627075 0.492322713136673 1.0396109819412231
v 0.2562181055545807 0.48947641253471375 1.0380473136901855
v 0.2482549250125885 0.4849088788032532 1.0272427797317505
v 0.12924624979496002 0.41224950551986694 1.0334640741348267
v 0.13302356004714966 0.4087337851524353 1.0423883199691772
v 0.12770694494247437 0.3990653455257416 1.0355029106140137
v -0.19238318502902985 0.5449881553649902 1.0323046445846558
v 0.15516644716262817 0.09836466610431671 1.1252131462097168
v 0.15988999605178833 0.10120327770709991 1.111314058303833
v -0.07087849080562592 0.5071421265602112 1.199083685874939
v -0.08337454497814178 0.5101262927055359 1.1954431533813477
v -0.07589668035507202 0.4980335831642151 1.2028976678848267
v -0.2604319453239441 0.5171713829040527 1.1011064052581787
v -0.2657318115234375 0.5162280201911926 1.089641809463501
v -0.2697240710258484 0.5033404231071472 1.0970561504364014
v 0.1907021403312683 0.47691023349761963 1.1149277687072754
v 0.20213353633880615 0.4803948700428009 1.1097264289855957
v -0.021220309659838676 0.5797919034957886 1.1787394285202026
v -0.011754810810089111 0.5731576681137085 1.178722858428955
v -0.015335501171648502 0.5907471776008606 1.1785147190093994
v -0.0448293499648571 0.5285088419914246 1.1923890113830566
v -0.05569286271929741 0.525885283946991 1.1920713186264038
v 0.06638583540916443 0.4562591314315796 0.9910975694656372
v 0.055566661059856415 0.4470634460449219 0.9901669025421143
v -0.20155641436576843 0.1381155550479889 1.0285133123397827
v -0.19709844887256622 0.12547340989112854 1.0174061059951782
v -0.20525690913200378 0.12392964959144592 1.0363754034042358
v -0.2924652397632599 0.4723489284515381 1.0331593751907349
v -0.28669923543930054 0.47033947706222534 1.0242851972579956
v -0.29690438508987427 0.4633142352104187 1.0266485214233398
v -0.09013435244560242 0.5161749124526978 1.1909146308898926
v -0.07864239811897278 0.5193928480148315 1.191601037979126
v -0.09151150286197662 0.5250905156135559 1.1857681274414062
v -0.1411510854959488 0.5493946671485901 1.0034270286560059
v -0.1527354121208191 0.5487703084945679 1.0066823959350586
v -0.14701053500175476 0.562951385974884 1.0155020952224731
v -0.2023242712020874 0.11871620267629623 1.0256201028823853
v -0.2061096578836441 0.10592485964298248 1.033734679222107
v 0.0898733139038086 0.44383877515792847 0.9927389621734619
v 0.09554020315408707 0.4421975612640381 0.9996016025543213
v -0.1497054398059845 0.2837429642677307 0.9956880807876587
v -0.07877987623214722 0.3349626660346985 0.9841312170028687
v -0.07476280629634857 0.3530479073524475 0.9836564064025879
v 0.13118039071559906 0.4810085892677307 1.145011305809021
v 0.10624576359987259 0.3143996000289917 1.0119343996047974
v 0.10916967689990997 0.32610708475112915 1.0180155038833618
v -0.2068147510290146 0.5309324264526367 1.1455738544464111
v -0.19887015223503113 0.5392196178436279 1.1456992626190186
v 0.1282261162996292 0.30201661586761475 1.1510567665100098
v 0.12483839690685272 0.29541558027267456 1.157867193222046
v 0.1263611614704132 0.29077163338661194 1.1504061222076416
v -0.015469502657651901 0.43774861097335815 1.2338502407073975
v 0.09907949715852737 0.17873568832874298 1.1926844120025635
v 0.10534856468439102 0.1852002739906311 1.1868457794189453
v 0.09628640115261078 0.18792042136192322 1.1969605684280396
v -0.2815110683441162 0.5034122467041016 1.0731446743011475
v -0.2819911241531372 0.4976201355457306 1.061293601989746
v -0.2885019779205322 0.4924413561820984 1.0605806112289429
v -0.08575485646724701 0.43438759446144104 1.232123613357544
v -0.0978928804397583 0.43501704931259155 1.2301691770553589
v -0.09709657728672028 0.4206569194793701 1.236653447151184
v -0.17854247987270355 0.4483826458454132 1.0326850414276123
v -0.1878100037574768 0.4432458281517029 1.0353055000305176
v 0.028135674074292183 0.439153254032135 0.9851725101470947
v 0.11419287323951721 0.25402766466140747 1.0133556127548218
v 0.12161683291196823 0.2496166229248047 1.0218092203140259
v 0.11422823369503021 0.24024057388305664 1.0089207887649536
v 0.19798314571380615 0.48816531896591187 1.000645399093628
v 0.1105923056602478 0.5852997899055481 1.1508934497833252
v 0.10248467326164246 0.5783042907714844 1.1564221382141113
v -0.0882347822189331 0.18742045760154724 1.2278637886047363
v -0.07103083282709122 0.1840621829032898 1.233769178390503
v -0.0806020200252533 0.19626760482788086 1.2322113513946533
v -0.1747664362192154 0.35901936888694763 1.0329804420471191
v -0.17143893241882324 0.34779179096221924 1.035173773765564
v -0.1813340187072754 0.3560889959335327 1.040584921836853
v -0.300889790058136 0.4258888363838196 0.9905990958213806
v 0.1333487331867218 0.28068286180496216 1.0680376291275024
v 0.21911942958831787 0.4966725707054138 1.0960524082183838
v -0.06137938052415848 0.16323843598365784 0.9522944688796997
v -0.043934375047683716 0.16209429502487183 0.9511515498161316
v 0.1409291923046112 0.527349591255188 1.1600666046142578
v -0.12617823481559753 0.07949551939964294 1.1928236484527588
v -0.11116044968366623 0.07842925935983658 1.2012460231781006
v -0.11649026721715927 0.33114778995513916 1.2341707944869995
v -0.10586132109165192 0.32028770446777344 1.2362838983535767
v -0.10901223123073578 0.3370821475982666 1.2377161979675293
v -0.15673348307609558 0.2689788043498993 1.0086034536361694
v -0.16272006928920746 0.2700907588005066 1.0157190561294556
v 0.11043908447027206 0.40499258041381836 1.015779733657837
v 0.10456358641386032 0.3945700526237488 1.0046159029006958
v 0.1010662317276001 0.40786874294281006 1.0008987188339233
v -0.02357126772403717 0.4872432351112366 0.9920603036880493
v -0.024480190128087997 0.5017004609107971 0.9972103834152222
v 0.07098114490509033 0.27482208609580994 0.9915838837623596
v 0.05810938775539398 0.269020676612854 0.9890748262405396
v -0.2541347146034241 0.3753235936164856 1.0013086795806885
v -0.24645434319972992 0.3808733820915222 1.0061479806900024
v -0.16940802335739136 0.4076889753341675 1.1855562925338745
v -0.17343561351299286 0.4120011627674103 1.1743800640106201
v -0.18730276823043823 0.4190259873867035 1.0924690961837769
v -0.1923462152481079 0.42318296432495117 1.080464482307434
v -0.19512706995010376 0.4259202182292938 1.0924592018127441
v -0.1860876977443695 0.3981770873069763 1.139749526977539
v -0.1808258593082428 0.41380059719085693 1.1352851390838623
v 0.1571563482284546 0.15485909581184387 1.096970558166504
v 0.1526859700679779 0.1523447334766388 1.1107454299926758
v 0.15784725546836853 0.13743366301059723 1.1020387411117554
v -0.2662419080734253 0.39160245656967163 1.0764789581298828
v 0.10311392694711685 0.10804802924394608 1.1838997602462769
v 0.1088162362575531 0.11347106099128723 1.1785398721694946
v 0.1479293406009674 0.593447208404541 1.117394208908081
v 0.14575296640396118 0.5950638055801392 1.106902837753296
v 0.1448778659105301 0.5947985053062439 1.1242457628250122
v -0.1356305480003357 0.3225926160812378 0.9835098385810852
v 0.09312958270311356 0.22074516117572784 0.99560546875
v 0.09151677042245865 0.21348102390766144 0.9940795302391052
v 0.08295603841543198 0.21714964509010315 0.9910118579864502
v 0.06319213658571243 0.16362272202968597 0.9593735337257385
v 0.04737835377454758 0.1664683222770691 0.9583482146263123
v 0.06223923712968826 0.17467091977596283 0.9641482830047607
v -0.06464220583438873 0.4597265124320984 0.9820106029510498
v -0.17655256390571594 0.5236960649490356 1.1614433526992798
v -0.05277169495820999 0.18289820849895477 0.9607149362564087
v -0.043754711747169495 0.192335844039917 0.9646530151367188
v -0.23004640638828278 0.44761335849761963 1.1113338470458984
v 0.1841335892677307 0.41042834520339966 0.9949815273284912
v 0.1838911771774292 0.4056743383407593 1.007053256034851
v 0.1811736524105072 0.4141783118247986 0.9954242706298828
v 0.1413465291261673 0.18354950845241547 1.123898983001709
v 0.13842812180519104 0.17766965925693512 1.1331290006637573
v 0.019365280866622925 0.22702404856681824 0.9761266112327576
v 0.010147042572498322 0.22061476111412048 0.9764137864112854
v 0.13871502876281738 0.42507991194725037 1.1412713527679443
v 0.13329122960567474 0.4212537407875061 1.1600298881530762
v 0.13586696982383728 0.41312435269355774 1.1430270671844482
v 0.12766699492931366 0.47277212142944336 1.182387113571167
v 0.12140803784132004 0.4788439869880676 1.189051628112793
v 0.11492712795734406 0.46435606479644775 1.195313572883606
v -0.19952259957790375 0.12161605805158615 1.118488073348999
v -0.20492571592330933 0.1238616332411766 1.1033304929733276
v -0.2064087688922882 0.11580245196819305 1.1028258800506592
v 0.11476516723632812 0.546708345413208 1.0299478769302368
v 0.11603543162345886 0.5389678478240967 1.0209763050079346
v 0.10926021635532379 0.5279447436332703 1.0224573612213135
v -0.22057263553142548 0.4017462134361267 1.02719247341156
v -0.2153906673192978 0.40849870443344116 1.0204228162765503
v 0.18287137150764465 0.429272323846817 1.0760140419006348
v -0.2435205727815628 0.46698129177093506 0.9989166259765625
v -0.23253865540027618 0.46574312448501587 0.9988582730293274
v -0.05897919833660126 0.32686424255371094 0.9779419898986816
v -0.06877323985099792 0.3207356333732605 0.9796315431594849
v -0.0650801882147789 0.4725896120071411 0.9826805591583252
v -0.0982513278722763 0.5463023781776428 1.1738336086273193
v -0.09470373392105103 0.5354302525520325 1.1795334815979004
v -0.08635411411523819 0.5468440651893616 1.177258014678955
v -0.19092337787151337 0.5742228031158447 1.0637823343276978
v 0.10999229550361633 0.4401383101940155 1.0188343524932861
v 0.10161828249692917 0.44105416536331177 1.0098732709884644
v 0.11069262027740479 0.45102542638778687 1.0186059474945068
v -0.15021900832653046 0.3856279253959656 1.0144710540771484
v -0.1434575319290161 0.39315882325172424 1.00713050365448
v -0.2607284188270569 0.3698040544986725 0.9979187250137329
v -0.18879321217536926 0.2340393364429474 1.1245325803756714
v -0.18458664417266846 0.24120086431503296 1.1364248991012573
v -0.18608728051185608 0.24904745817184448 1.1337004899978638
v 0.22226488590240479 0.4835711121559143 1.0919137001037598
v 0.23230913281440735 0.49480706453323364 1.0877504348754883
v 0.1245005875825882 0.5816740393638611 1.0514929294586182
v 0.11788216233253479 0.5845691561698914 1.055274486541748
v 0.1263980120420456 0.5883814692497253 1.057948112487793
v 0.12623073160648346 0.47825801372528076 1.051095962524414
v 0.05363453924655914 0.46798428893089294 0.9915831089019775
v 0.056626662611961365 0.47836387157440186 0.9928445816040039
v 0.0615115612745285 0.46730369329452515 0.992483377456665
v 0.1241883933544159 0.606316089630127 1.0909467935562134
v 0.11558543145656586 0.6107565760612488 1.0897269248962402
v -0.19758987426757812 0.5771570205688477 1.0842621326446533
v -0.0967811569571495 0.30600470304489136 0.9864774942398071
v -0.09731792658567429 0.31986182928085327 0.987522304058075
v 0.10232645273208618 0.3385382294654846 1.00801682472229
v 0.10338476300239563 0.35740330815315247 1.007690668106079
v 0.11017465591430664 0.3439282476902008 1.0181025266647339
v -0.19092623889446259 0.4892727732658386 1.0113468170166016
v -0.18726059794425964 0.47976040840148926 1.0027052164077759
v -0.19580623507499695 0.47334957122802734 1.0145796537399292
v 0.13294997811317444 0.47643399238586426 1.0242156982421875
v -0.24130301177501678 0.5387556552886963 1.0571434497833252
v -0.05954919755458832 0.5276627540588379 1.0035185813903809
v -0.04840841516852379 0.5379564762115479 1.0095282793045044
v 0.1348046213388443 0.39166903495788574 1.0540131330490112
v 0.1362122744321823 0.40192127227783203 1.0622732639312744
v 0.13745667040348053 0.3886251747608185 1.0716692209243774
v -0.19476136565208435 0.4303876459598541 1.0233941078186035
v -0.1956416815519333 0.43912893533706665 1.0373390913009644
v -0.09550657868385315 0.3568243980407715 0.9855655431747437
v -0.08952490985393524 0.34991690516471863 0.9863054156303406
v -0.098782017827034 0.3445553779602051 0.98651522397995
v 0.13267767429351807 0.48497265577316284 1.028772234916687
v 0.1284342110157013 0.4918389916419983 1.0269477367401123
v 0.12959828972816467 0.47976773977279663 1.0192360877990723
v 0.12475476413965225 0.3194369673728943 1.045741319656372
v -0.1916649490594864 0.3382622003555298 1.082115888595581
v -0.19026488065719604 0.3266892433166504 1.084112524986267
v -0.19171994924545288 0.3254474103450775 1.0941500663757324
v 0.10175640881061554 0.5940908193588257 1.1465365886688232
v 0.13805432617664337 0.23228994011878967 1.1016687154769897
v 0.13437023758888245 0.2474740743637085 1.1021995544433594
v -0.15945757925510406 0.4418257474899292 1.196475863456726
v 0.006004729773849249 0.4510340392589569 1.23095703125
v 0.017488162964582443 0.4526028633117676 1.2311320304870605
v 0.0055104936473071575 0.4648379981517792 1.22479248046875
v -0.19243644177913666 0.13708075881004333 1.12646484375
v -0.19161246716976166 0.11962868273258209 1.1326969861984253
v -0.18405690789222717 0.13526655733585358 1.139752984046936
v -0.052097924053668976 0.5008159875869751 1.2039358615875244
v -0.06531040370464325 0.5103067755699158 1.1982553005218506
v -0.06343130767345428 0.49477988481521606 1.205942988395691
v -0.22399477660655975 0.46571096777915955 0.998483419418335
v -0.22802379727363586 0.47499313950538635 1.0017012357711792
v -0.2122623473405838 0.47031348943710327 1.0025768280029297
v 0.12904830276966095 0.5447953939437866 1.1703203916549683
v -0.17072272300720215 0.2004973441362381 1.1590020656585693
v -0.17094194889068604 0.2173047661781311 1.1546398401260376
v -0.19170181453227997 0.26060208678245544 1.1114447116851807
v -0.1911110281944275 0.2492571473121643 1.1188644170761108
v -0.17294752597808838 0.2676982283592224 1.0318186283111572
v -0.1457512378692627 0.19020600616931915 0.9859920740127563
v 0.05268367379903793 0.42232269048690796 1.2442481517791748
v 0.16625338792800903 0.5179156064987183 1.0176489353179932
v 0.1684538722038269 0.526649534702301 1.0243024826049805
v -0.09789511561393738 0.4353620409965515 0.9796109199523926
v -0.10751130431890488 0.43766283988952637 0.9749017953872681
v 0.04995671659708023 0.22148552536964417 1.2349075078964233
v 0.041126176714897156 0.21717703342437744 1.2379738092422485
v 0.04954924434423447 0.2109832763671875 1.23361337184906
v -0.196392223238945 0.15869930386543274 1.0248878002166748
v -0.11137963831424713 0.3757106065750122 1.239586353302002
v -0.10424935817718506 0.3660552501678467 1.2409640550613403
v -0.09950107336044312 0.3799620270729065 1.2416398525238037
v 0.06837217509746552 0.4830859303474426 1.2112574577331543
v 0.060497090220451355 0.47543638944625854 1.2173666954040527
v 0.11371003836393356 0.12625904381275177 0.9665535092353821
v 0.09832438081502914 0.12557385861873627 0.9586836695671082
v 0.09776363521814346 0.1339528113603592 0.9607506394386292
v -0.1926228404045105 0.2630808353424072 1.0951815843582153
v 0.11155043542385101 0.31384366750717163 1.1954299211502075
v 0.073771171271801 0.5557985305786133 1.014571189880371
v -0.0007487460970878601 0.4776877760887146 0.9881721138954163
v 0.010626183822751045 0.4868595600128174 0.9913053512573242
v 0.023603767156600952 0.09246157109737396 1.229329228401184
v 0.032828934490680695 0.07904103398323059 1.226442813873291
v -0.080230213701725 0.22603839635849 0.96915203332901
v 0.03869900852441788 0.32816261053085327 1.2480392456054688
v 0.04459526762366295 0.3380305767059326 1.2481521368026733
v 0.033767253160476685 0.3426934480667114 1.2492358684539795
v -0.11496205627918243 0.6163446307182312 1.0657062530517578
v -0.1103421300649643 0.6227595806121826 1.0772302150726318
v -0.023072142153978348 0.11729419231414795 0.9371072053909302
v -0.023860832676291466 0.13447925448417664 0.9420817494392395
v 0.05360571667551994 0.4892590641975403 0.9932167530059814
v 0.04546389356255531 0.4777345657348633 0.9902873039245605
v -0.2996595501899719 0.4353843331336975 0.9975229501724243
v -0.15422680974006653 0.135597825050354 1.173734188079834
v 0.1143483966588974 0.5324185490608215 1.0235341787338257
v 0.06403853744268417 0.5417494177818298 1.1819343566894531
v -0.2420457899570465 0.3903600573539734 0.9998257756233215
v -0.23680779337882996 0.4037344455718994 0.996612548828125
v -0.2495582103729248 0.37321174144744873 1.0231751203536987
v 0.15455707907676697 0.1721751093864441 1.0920802354812622
v 0.15862493216991425 0.15610572695732117 1.089901089668274
v 0.15850712358951569 0.1621151715517044 1.0769535303115845
v 0.18115302920341492 0.458736777305603 1.10776948928833
v 0.006497983820736408 0.35093042254447937 1.248870611190796
v -0.17946657538414001 0.4605511724948883 1.1676515340805054
v 0.12387256324291229 0.49877238273620605 1.042160153388977
v 0.12428447604179382 0.5085119009017944 1.0345125198364258
v 0.11977386474609375 0.5084478855133057 1.0262815952301025
v -0.19374027848243713 0.3904189169406891 1.054484486579895
v -0.192781001329422 0.39240801334381104 1.042930006980896
v -0.1910087615251541 0.37849146127700806 1.045873999595642
v -0.2599492073059082 0.45798730850219727 1.107589840888977
v -0.2593071162700653 0.4497780203819275 1.105924367904663
v -0.19409364461898804 0.38714033365249634 1.0856568813323975
v -0.17829245328903198 0.28183865547180176 1.1499711275100708
v -0.17100901901721954 0.2817072570323944 1.1639995574951172
v 0.10938581824302673 0.41595643758773804 1.213653326034546
v 0.10146063566207886 0.4122394919395447 1.223343014717102
v 0.11012329161167145 0.40198567509651184 1.2138519287109375
v -0.23441308736801147 0.5050482749938965 1.131245493888855
v -0.22351248562335968 0.49884217977523804 1.1392230987548828
v -0.22937563061714172 0.5125746726989746 1.134515404701233
v 0.20352160930633545 0.5425564646720886 1.103562593460083
v 0.1959252655506134 0.5513338446617126 1.1142874956130981
v 0.20361745357513428 0.5364143252372742 1.1121584177017212
v 0.09036167711019516 0.4389329254627228 1.2231980562210083
v 0.08683723211288452 0.4302629232406616 1.2294952869415283
v 0.09913300722837448 0.4257647693157196 1.2214775085449219
v 0.2157226800918579 0.4719012975692749 1.0997798442840576
v 0.07763607054948807 0.1401461511850357 1.206241488456726
v 0.07518596947193146 0.12949799001216888 1.2074891328811646
v -0.06081126630306244 0.263455867767334 1.2414488792419434
v -0.051438361406326294 0.27874481678009033 1.242840051651001
v -0.19157202541828156 0.5127179026603699 1.0072237253189087
v -0.21994830667972565 0.4497948884963989 0.995863676071167
v -0.23307180404663086 0.45208173990249634 0.9952442646026611
v -0.219961017370224 0.45660287141799927 0.9961236715316772
v 0.11658474802970886 0.5168373584747314 1.0283340215682983
v -0.17340990900993347 0.4497494697570801 1.0080146789550781
v -0.18187063932418823 0.44289064407348633 1.0079399347305298
v -0.18343105912208557 0.45532935857772827 1.0040004253387451
v -0.07163399457931519 0.22083325684070587 0.9686912298202515
v 0.128632053732872 0.17251268029212952 0.9988201856613159
v 0.1229514554142952 0.16776442527770996 0.9907146096229553
v -0.00757850706577301 0.2352292686700821 0.9701690673828125
v -0.01707758568227291 0.2288845032453537 0.9700271487236023
v -0.02699637971818447 0.23482361435890198 0.9700229167938232
v -0.10984475165605545 0.6041117310523987 1.1333143711090088
v -0.018008515238761902 0.5305106043815613 1.1936004161834717
v -0.023975297808647156 0.521796464920044 1.196950078010559
v -0.007829264737665653 0.5162908434867859 1.199961543083191
v 0.049092818051576614 0.18793384730815887 0.9686396718025208
v 0.03686542809009552 0.19003261625766754 0.9682014584541321
v 0.045294176787137985 0.19896185398101807 0.9728304147720337
v -0.1867225021123886 0.18736574053764343 1.1243185997009277
v -0.19121696054935455 0.18911340832710266 1.1095983982086182
v 0.19439789652824402 0.5136631727218628 1.0196136236190796
v 0.1928495168685913 0.5256720185279846 1.0300101041793823
v -0.01841070130467415 0.07722368836402893 1.2304326295852661
v -0.014298777095973492 0.08658011257648468 1.2318134307861328
v 0.08792159706354141 0.5207910537719727 1.1882046461105347
v 0.13760767877101898 0.20720183849334717 1.0455772876739502
v 0.13229823112487793 0.21123450994491577 1.0315806865692139
v 0.13123050332069397 0.21805177628993988 1.0321784019470215
v 0.1235317587852478 0.1601906269788742 1.159940481185913
v 0.13197824358940125 0.16246788203716278 1.14744234085083
v -0.2823430299758911 0.49104905128479004 1.0493085384368896
v -0.28470832109451294 0.48152124881744385 1.036233901977539
v -0.28938305377960205 0.48225951194763184 1.0459516048431396
v -0.1541571319103241 0.551845908164978 1.0153754949569702
v -0.3083915710449219 0.4750513732433319 1.0647881031036377
v 0.11220614612102509 0.5671771168708801 1.1638431549072266
v 0.09444744139909744 0.5655801892280579 1.1655126810073853
v 0.000578068196773529 0.24981369078159332 0.973810613155365
v 0.22352486848831177 0.4513246417045593 1.084214448928833
v -0.1904451549053192 0.5766973495483398 1.1132327318191528
v -0.19171682000160217 0.5699540376663208 1.1235151290893555
v -0.19306381046772003 0.23506473004817963 1.0784177780151367
v -0.1944655179977417 0.22697654366493225 1.0812922716140747
v -0.19443421065807343 0.23780882358551025 1.0928623676300049
v -0.14768871665000916 0.22786907851696014 1.000625491142273
v -0.15028634667396545 0.21984997391700745 0.9970100522041321
v -0.22566984593868256 0.5494750738143921 1.1221026182174683
v -0.22603046894073486 0.5387290716171265 1.1320048570632935
v -0.09133194386959076 0.1825506091117859 0.9630893468856812
v 0.1090095192193985 0.5970121622085571 1.140859603881836
v 0.10442569851875305 0.6035386323928833 1.132103681564331
v 0.16116498410701752 0.13997146487236023 1.0877221822738647
v -0.1976122409105301 0.421079158782959 1.0972559452056885
v -0.1549326330423355 0.3595941662788391 1.0229743719100952
v 0.01117192953824997 0.1373792588710785 0.9431231617927551
v -0.24144135415554047 0.42073482275009155 1.0963748693466187
v -0.19384345412254333 0.21836642920970917 1.0842697620391846
v -0.19464348256587982 0.22981324791908264 1.0963972806930542
v -0.3003941774368286 0.46407800912857056 1.0721372365951538
v -0.3011002242565155 0.454309344291687 1.0724283456802368
v -0.29465019702911377 0.4537948966026306 1.0815166234970093
v -0.1626623570919037 0.19752001762390137 1.0033687353134155
v -0.1513032168149948 0.20207512378692627 0.9959620237350464
v -0.17365428805351257 0.19252291321754456 1.0115840435028076
v -0.2085566222667694 0.12631051242351532 1.0874762535095215
v 0.21421220898628235 0.5203180313110352 1.1031701564788818
v 0.20760872960090637 0.5242555141448975 1.1107062101364136
v 0.2114737331867218 0.509202241897583 1.105489730834961
v 0.026287760585546494 0.48927605152130127 1.2135560512542725
v 0.08501830697059631 0.3730159401893616 0.9922719597816467
v 0.04202904924750328 0.3821246325969696 0.9866381883621216
v 0.05119375139474869 0.371965229511261 0.988793134689331
v -0.2973596453666687 0.4522939622402191 1.013348937034607
v 0.12740781903266907 0.41738253831863403 1.1784520149230957
v 0.1317090541124344 0.40921807289123535 1.1618741750717163
v -0.1435496062040329 0.17841048538684845 1.1887999773025513
v -0.14950767159461975 0.18852409720420837 1.1838725805282593
v -0.15293101966381073 0.17533031105995178 1.1781203746795654
v -0.16213971376419067 0.20732374489307404 1.1740020513534546
v -0.165678009390831 0.21636828780174255 1.1661287546157837
v 0.108086496591568 0.6168292164802551 1.094132423400879
v 0.09549316018819809 0.6194273829460144 1.0891302824020386
v 0.10795937478542328 0.6171835660934448 1.097179651260376
v 0.06825379282236099 0.5459675788879395 1.0079748630523682
v 0.08909759670495987 0.6202620267868042 1.1087067127227783
v 0.09541108459234238 0.6199817657470703 1.0985246896743774
v 0.08742979168891907 0.622701108455658 1.096907377243042
v -0.3034738302230835 0.37403661012649536 1.068163275718689
v -0.3185456395149231 0.3872903287410736 1.0662133693695068
v -0.17983698844909668 0.4307219386100769 1.0139249563217163
v -0.1901513934135437 0.42913439869880676 1.0142802000045776
v -0.19195005297660828 0.4425775408744812 1.0118563175201416
v 0.06038786470890045 0.5833176374435425 1.1584941148757935
v 0.04356274753808975 0.5811784863471985 1.1643743515014648
v 0.07302432507276535 0.4342942237854004 1.2345175743103027
v 0.07694276422262192 0.44275838136672974 1.2288422584533691
v 0.07192997634410858 0.44886595010757446 1.2277817726135254
v 0.14952602982521057 0.15980595350265503 1.1158581972122192
v 0.15087845921516418 0.1698230355978012 1.1058814525604248
v 0.03215022385120392 0.19578710198402405 1.238167405128479
v 0.027664942666888237 0.18493634462356567 1.237775206565857
v 0.04464813321828842 0.18986518681049347 1.232579231262207
v 0.1340053379535675 0.49060529470443726 1.0256201028823853
v 0.1750539243221283 0.4199973940849304 1.0528098344802856
v -0.19212569296360016 0.43459975719451904 1.080370306968689
v -0.18602856993675232 0.29525986313819885 1.0883362293243408
v -0.1821158528327942 0.2913806438446045 1.0793583393096924
v -0.18988284468650818 0.2861418128013611 1.0862860679626465
v -0.1558021605014801 0.31261488795280457 1.0087275505065918
v -0.1498807966709137 0.3198016285896301 0.9993128776550293
v -0.15591317415237427 0.30308395624160767 1.0027940273284912
v -0.17357215285301208 0.3103126287460327 1.0602596998214722
v -0.16876287758350372 0.31210288405418396 1.051192283630371
v -0.1691131442785263 0.3013964295387268 1.0518362522125244
v -0.1537303775548935 0.2397824376821518 1.0134422779083252
v -0.1588149070739746 0.23078268766403198 1.01625394821167
v 0.15402379631996155 0.17766308784484863 1.0794310569763184
v 0.11465196311473846 0.4278295636177063 1.0227155685424805
v 0.12669113278388977 0.4372712969779968 1.02561616897583
v 0.061158400028944016 0.45745232701301575 1.2266403436660767
v 0.06262397021055222 0.4463236927986145 1.231769323348999
v 0.052267976105213165 0.43741071224212646 1.2378942966461182
v 0.040644627064466476 0.4429510831832886 1.2365601062774658
v -0.07862003147602081 0.16219405829906464 0.9518849849700928
v -0.08761546015739441 0.16755715012550354 0.9553483724594116
v -0.07273140549659729 0.1740177869796753 0.957420825958252
v 0.23834684491157532 0.45569607615470886 0.9868032336235046
v 0.23522543907165527 0.4622693955898285 0.992472231388092
v 0.23394721746444702 0.4785228669643402 1.0106972455978394
v 0.2403319776058197 0.4802696704864502 1.0191031694412231
v 0.1567893922328949 0.12743590772151947 1.1095064878463745
v 0.15964190661907196 0.12008234113454819 1.1029973030090332
v 0.14580772817134857 0.20378956198692322 1.098075270652771
v 0.14941082894802094 0.1878306269645691 1.094924807548523
v -0.07157235592603683 0.24481315910816193 0.977281928062439
v 0.011367972940206528 0.3869587182998657 0.9841116070747375
v 0.021733563393354416 0.38413840532302856 0.9824011325836182
v 0.005839576944708824 0.37898093461990356 0.9855718612670898
v -0.12035492062568665 0.40737611055374146 1.235963225364685
v -0.10869760066270828 0.40522652864456177 1.238682746887207
v -0.11515176296234131 0.4214929938316345 1.2322410345077515
v -0.12202129513025284 0.26175403594970703 1.2185508012771606
v -0.12332183122634888 0.2478410303592682 1.2162892818450928
v -0.10863421857357025 0.25719398260116577 1.225937843322754
v -0.16085760295391083 0.13774749636650085 0.972243070602417
v -0.16115474700927734 0.1265503168106079 0.9690865278244019
v -0.1727413833141327 0.12905041873455048 0.982548713684082
v -0.16106802225112915 0.5880815386772156 1.0547727346420288
v -0.15315458178520203 0.5828666090965271 1.0423455238342285
v -0.16260260343551636 0.5786459445953369 1.0444806814193726
v -0.16648060083389282 0.46667295694351196 1.0062296390533447
v -0.16794916987419128 0.47620898485183716 1.0031156539916992
v -0.1578415036201477 0.4724920988082886 1.0070300102233887
v 0.0018149558454751968 0.18507158756256104 0.9625717401504517
v -0.1437477469444275 0.27456793189048767 0.993043839931488
v -0.0829782783985138 0.5470879673957825 1.005958914756775
v -0.07142901420593262 0.5532175302505493 1.011672019958496
v -0.07062224298715591 0.539401650428772 1.0049008131027222
v 0.1195322722196579 0.5637599229812622 1.0389939546585083
v 0.11495260894298553 0.5676218867301941 1.039075255393982
v 0.12242981791496277 0.5727993249893188 1.0452805757522583
v 0.09485927224159241 0.3846055865287781 0.9978801608085632
v 0.09113796055316925 0.40347057580947876 0.9945790767669678
v 0.21694400906562805 0.45637384057044983 1.0920628309249878
v 0.20458287000656128 0.4631918966770172 1.1008237600326538
v 0.03813987225294113 0.1371379941701889 1.2286219596862793
v 0.08269461989402771 0.468708336353302 1.2139497995376587
v 0.0880231186747551 0.45914196968078613 1.2162741422653198
v 0.09524056315422058 0.46743226051330566 1.2101078033447266
v 0.10255992412567139 0.6143650412559509 1.0855079889297485
v 0.08920693397521973 0.6148619651794434 1.0757747888565063
v -0.3278098702430725 0.4502266049385071 1.0318090915679932
v -0.23300801217556 0.4272816479206085 0.9923522472381592
v -0.23451478779315948 0.43805623054504395 0.9923257827758789
v -0.21919313073158264 0.43313971161842346 0.9981616139411926
v -0.14562059938907623 0.26430314779281616 1.1954182386398315
v -0.14249207079410553 0.24698884785175323 1.1992884874343872
v 0.07540542632341385 0.5408608317375183 1.1807466745376587
v -0.3123939633369446 0.41359660029411316 0.9852246642112732
v 0.06445557624101639 0.41653555631637573 1.2438938617706299
v 0.07404723018407822 0.41913318634033203 1.2402677536010742
v 0.06366649270057678 0.4315953850746155 1.2386188507080078
v -0.146910160779953 0.13099689781665802 1.180607795715332
v -0.1318863183259964 0.12371356785297394 1.191796064376831
v -0.13734036684036255 0.14084365963935852 1.1893048286437988
v 0.14295020699501038 0.47686004638671875 1.0152068138122559
v -0.06602248549461365 0.17363125085830688 1.233866810798645
v -0.14714014530181885 0.5932694673538208 1.1183078289031982
v -0.15296396613121033 0.5822142958641052 1.1292479038238525
v -0.05847965553402901 0.1173013225197792 0.9361397624015808
v -0.0273100808262825 0.2451130449771881 0.9778231382369995
v -0.0358196422457695 0.2369348108768463 0.9772393703460693
v -0.03610217198729515 0.24861204624176025 0.9847708940505981
v -0.14906913042068481 0.5048120021820068 1.1768819093704224
v -0.14956769347190857 0.49356865882873535 1.177856206893921
v -0.08186738938093185 0.5595313310623169 1.1737477779388428
v -0.08772356063127518 0.5687264800071716 1.1679577827453613
v 0.08864519000053406 0.14117431640625 1.1974180936813354
v -0.022895464673638344 0.44871076941490173 0.9833891987800598
v -0.031199026852846146 0.4407220482826233 0.9751313924789429
v -0.0319892019033432 0.4582555890083313 0.9768356084823608
v -0.05245620012283325 0.19689160585403442 0.9671522974967957
v -0.04348278045654297 0.20497804880142212 0.971107542514801
v -0.17200037837028503 0.5873847603797913 1.0672450065612793
v 0.028798431158065796 0.6361910700798035 1.1130256652832031
v 0.04019395634531975 0.628727376461029 1.1194376945495605
v 0.22384080290794373 0.5060140490531921 1.094668984413147
v -0.040368832647800446 0.49395012855529785 1.208396077156067
v -0.03967868909239769 0.4803413450717926 1.2147128582000732
v 0.10019800066947937 0.25694775581359863 1.1994251012802124
v 0.0845799669623375 0.49253159761428833 1.202474594116211
v 0.07222624868154526 0.49016860127449036 1.206519365310669
v 0.035259656608104706 0.5350970029830933 1.1895278692245483
v 0.04594794288277626 0.542870819568634 1.1841394901275635
v 0.02951127290725708 0.5437079071998596 1.1860871315002441
v -0.17282319068908691 0.11303181946277618 0.9779625535011292
v -0.17774780094623566 0.1222543865442276 0.9872706532478333
v -0.16751861572265625 0.12237264215946198 0.9739001989364624
v 0.013318590819835663 0.5449478626251221 1.1877368688583374
v 0.16547641158103943 0.4663701057434082 0.9960160255432129
v 0.13430091738700867 0.355876088142395 1.10728120803833
v 0.17167621850967407 0.42155858874320984 1.048317313194275
v -0.14971092343330383 0.5668901205062866 1.144339680671692
v -0.046462249010801315 0.5030258297920227 0.9950189590454102
v -0.05020664259791374 0.4864705502986908 0.9895287156105042
v -0.12318184226751328 0.48960065841674805 1.1968551874160767
v -0.12257597595453262 0.49771684408187866 1.1907531023025513
v 0.07097344845533371 0.3394651412963867 1.2407174110412598
v 0.07631351053714752 0.3495582044124603 1.2386713027954102
v 0.06689570099115372 0.353940486907959 1.244337558746338
v -0.16853860020637512 0.42279475927352905 1.1823866367340088
v -0.17218706011772156 0.4276828467845917 1.1709342002868652
v 0.07213149964809418 0.2221527099609375 0.9866089820861816
v 0.05804421007633209 0.2153240591287613 0.9821885228157043
v 0.061782270669937134 0.2273237556219101 0.9823110103607178
v -0.24121372401714325 0.5307052731513977 1.1194919347763062
v -0.23339131474494934 0.5424407720565796 1.1202901601791382
v 0.23703482747077942 0.48059970140457153 1.0828689336776733
v -0.176046222448349 0.5005242228507996 1.172605037689209
v 0.0343373641371727 0.4770619869232178 0.9892774224281311
v -0.15909311175346375 0.30164992809295654 1.0082026720046997
v -0.21818310022354126 0.521397054195404 1.1412349939346313
v -0.21648888289928436 0.5090106129646301 1.142579197883606
v 0.05715921148657799 0.14020098745822906 0.9472469687461853
v 0.0697559043765068 0.14056290686130524 0.9508005380630493
v 0.06603243947029114 0.12404327094554901 0.9440544843673706
v -0.16852733492851257 0.2928258776664734 1.0417624711990356
v -0.17336630821228027 0.2845902740955353 1.041104793548584
v -0.17106357216835022 0.2909274101257324 1.051579475402832
v -0.16266992688179016 0.39510810375213623 1.0166430473327637
v -0.15324409306049347 0.3974514901638031 1.0124915838241577
v 0.13212203979492188 0.32617849111557007 1.072275996208191
v 0.13443930447101593 0.3370426297187805 1.079819917678833
v 0.13361123204231262 0.3228362202644348 1.0855672359466553
v 0.13269980251789093 0.18922609090805054 1.0144590139389038
v 0.12346549332141876 0.19190189242362976 1.006040096282959
v 0.13008350133895874 0.19596025347709656 1.0164510011672974
v 0.12787438929080963 0.5925060510635376 1.0661221742630005
v 0.12637536227703094 0.601504921913147 1.083186388015747
v -0.2782307267189026 0.45110633969306946 0.9980149269104004
v -0.27407020330429077 0.4653584063053131 1.0070451498031616
v 0.0021033426746726036 0.37392663955688477 1.2464933395385742
v -0.013877958059310913 0.3688161373138428 1.2443122863769531
v 0.2267632782459259 0.45024219155311584 0.9792181849479675
v 0.21665242314338684 0.4628004729747772 0.9862707853317261
v 0.0928025096654892 0.3899990916252136 1.2318507432937622
v 0.08850816637277603 0.39970099925994873 1.2357828617095947
v -0.18365013599395752 0.584783673286438 1.0806303024291992
v -0.0719066709280014 0.613766074180603 1.0512220859527588
v 0.1897180676460266 0.5000330805778503 1.1260251998901367
v 0.03832963854074478 0.41881507635116577 0.9865497946739197
v 0.027923140674829483 0.42122307419776917 0.9840471148490906
v -0.12957587838172913 0.11418795585632324 1.1916191577911377
v -0.12767666578292847 0.10451576858758926 1.1923363208770752
v -0.12297723442316055 0.11861369013786316 1.196936011314392
v -0.0019816067069768906 0.5671952366828918 1.1805182695388794
v -0.2536424696445465 0.37332072854042053 1.044298529624939
v -0.24406346678733826 0.3820182681083679 1.0420496463775635
v -0.23626525700092316 0.3905952572822571 1.0101230144500732
v -0.14919382333755493 0.4684414267539978 1.0007046461105347
v 0.12755806744098663 0.26674771308898926 1.0392091274261475
v 0.12790265679359436 0.25888532400131226 1.0389196872711182
v 0.14714789390563965 0.5461416244506836 1.0239977836608887
v 0.14877638220787048 0.549394965171814 1.0365023612976074
v 0.14710161089897156 0.5402590036392212 1.0340242385864258
v -0.06596709787845612 0.26974594593048096 0.9835209846496582
v -0.07596874982118607 0.273327112197876 0.983314037322998
v 0.1384822130203247 0.5066942572593689 1.022660255432129
v 0.136003315448761 0.5147277116775513 1.0281776189804077
v -0.07845780998468399 0.2587928771972656 1.2379757165908813
v -0.06215845048427582 0.25355690717697144 1.2412300109863281
v -0.07043304294347763 0.2669896185398102 1.2397875785827637
v 0.12915386259555817 0.23228949308395386 1.039242148399353
v 0.12574204802513123 0.24430453777313232 1.032348394393921
v 0.11941084265708923 0.13065288960933685 0.9755316972732544
v 0.13528862595558167 0.45462268590927124 1.077953577041626
v -0.1501062661409378 0.4214453101158142 1.00525963306427
v -0.12288115173578262 0.38734883069992065 0.9752582311630249
v -0.12054441124200821 0.36959099769592285 0.9761366844177246
v -0.21121113002300262 0.10998550057411194 1.0860464572906494
v -0.21184924244880676 0.10815221816301346 1.0756559371948242
v -0.21426860988140106 0.09436669945716858 1.0844980478286743
v -0.08958035707473755 0.27416086196899414 1.2354378700256348
v -0.09891213476657867 0.277752548456192 1.2325955629348755
v -0.2944028377532959 0.39880406856536865 1.0781941413879395
v -0.17040465772151947 0.3232507109642029 1.049416422843933
v -0.1774892807006836 0.32635387778282166 1.0569242238998413
v -0.1740291863679886 0.33418720960617065 1.0463480949401855
v 0.16646599769592285 0.4782256484031677 1.1330407857894897
v 0.22041434049606323 0.4043827950954437 1.0629209280014038
v 0.20361125469207764 0.4131072759628296 1.0676586627960205
v 0.13609008491039276 0.37854841351509094 1.063329815864563
v 0.13053585588932037 0.17966607213020325 1.1477797031402588
v 0.13505880534648895 0.1721586138010025 1.1408510208129883
v -0.20942522585391998 0.5703442096710205 1.083385944366455
v -0.20128233730793 0.5747267603874207 1.0972814559936523
v -0.15392158925533295 0.34056228399276733 1.2112212181091309
v -0.1557942032814026 0.35526978969573975 1.2102525234222412
v -0.16029539704322815 0.3437747359275818 1.200218915939331
v 0.09669722616672516 0.4535830616950989 1.2139365673065186
v -0.26859962940216064 0.3669818043708801 1.0548222064971924
v -0.26987627148628235 0.3600709140300751 1.0473158359527588
v 0.19421952962875366 0.5582746863365173 1.103445053100586
v -0.15587787330150604 0.5615711808204651 1.024811863899231
v -0.15151965618133545 0.5704085230827332 1.0264407396316528
v 0.059621959924697876 0.24706056714057922 1.232478141784668
v 0.0647691860795021 0.23719005286693573 1.2284297943115234
v 0.022643135860562325 0.34676241874694824 1.249476671218872
v 0.012434217147529125 0.36061185598373413 1.248914361000061
v -0.14750447869300842 0.3648918867111206 1.0149922370910645
v -0.1437234729528427 0.3603833019733429 1.0046026706695557
v -0.05102436989545822 0.26035845279693604 1.2428380250930786
v -0.03018757700920105 0.32564789056777954 0.9850197434425354
v -0.03923369199037552 0.32860738039016724 0.9808721542358398
v -0.03908855840563774 0.3379083275794983 0.9790736436843872
v -0.2114659696817398 0.4471222162246704 1.0051223039627075
v -0.07193959504365921 0.378898561000824 0.9832507371902466
v -0.08097333461046219 0.3649895489215851 0.9849288463592529
v -0.0826009213924408 0.38320010900497437 0.984422504901886
v -0.2231488823890686 0.5606939792633057 1.1059619188308716
v -0.15519291162490845 0.4537983536720276 1.1907217502593994
v -0.1515434980392456 0.46769508719444275 1.196938157081604
v -0.30630117654800415 0.44768911600112915 1.0190552473068237
v -0.2976268231868744 0.44474685192108154 1.0056264400482178
v -0.09674979746341705 0.42555099725723267 0.979532778263092
v -0.08523406833410263 0.41085320711135864 0.981942892074585
v -0.09564585983753204 0.4077454209327698 0.9804426431655884
v 0.12000498175621033 0.5414276719093323 1.1734851598739624
v -0.078818678855896 0.20487184822559357 0.9728078842163086
v 0.09957832843065262 0.4348972737789154 1.2176706790924072
v 0.10770171880722046 0.4308605194091797 1.2108309268951416
v 0.10686056315898895 0.4446816146373749 1.207791805267334
v 0.20262646675109863 0.516594409942627 1.0274702310562134
v 0.2062976360321045 0.5230969190597534 1.0382335186004639
v -0.11249074339866638 0.16139352321624756 1.2104599475860596
v -0.12279689311981201 0.17094272375106812 1.2051277160644531
v -0.03094099834561348 0.5311811566352844 1.1924585103988647
v -0.2767207622528076 0.47937706112861633 1.0215083360671997
v 0.13423700630664825 0.4431902766227722 1.079066514968872
v -0.17799031734466553 0.5802506804466248 1.059402585029602
v -0.18360459804534912 0.5794845223426819 1.0661486387252808
v 0.13904473185539246 0.5928229689598083 1.0827901363372803
v -0.20287160575389862 0.10508080571889877 1.117716908454895
v -0.209469273686409 0.099572092294693 1.1017215251922607
v -0.2062053680419922 0.08890609443187714 1.1171388626098633
v -0.12376122176647186 0.5861964225769043 1.1385302543640137
v -0.1898687183856964 0.44043731689453125 1.1422396898269653
v -0.1792525351047516 0.448300302028656 1.156806230545044
v -0.2658674716949463 0.4238901734352112 1.0933860540390015
v -0.03149505704641342 0.5689209699630737 1.0250484943389893
v -0.026173001155257225 0.558087944984436 1.020292043685913
v 0.12534955143928528 0.4751254916191101 1.0164128541946411
v 0.1253027617931366 0.46851179003715515 1.0172957181930542
v 0.14215081930160522 0.21267855167388916 1.0721771717071533
v -0.22079239785671234 0.39930275082588196 1.0467636585235596
v -0.1517316848039627 0.49802929162979126 1.0060206651687622
v -0.2492026537656784 0.3839308023452759 0.9971097111701965
v -0.17932605743408203 0.4893067479133606 1.1743367910385132
v -0.1869884729385376 0.48555243015289307 1.167771816253662
v 0.18804863095283508 0.41744163632392883 0.9847427606582642
v 0.18298867344856262 0.42525774240493774 0.9863616228103638
v 0.1954544186592102 0.42586463689804077 0.9781508445739746
v 0.13354426622390747 0.17676573991775513 1.007123351097107
v -0.1774618774652481 0.15126976370811462 1.1459118127822876
v -0.17519697546958923 0.133867546916008 1.1507542133331299
v 0.04011644423007965 0.10467809438705444 1.2247228622436523
v 0.048413656651973724 0.09851837158203125 1.220589280128479
v 0.04838055744767189 0.11652025580406189 1.2222779989242554
v -0.012958860024809837 0.2101273238658905 1.2462347745895386
v 0.11745339632034302 0.5552879571914673 1.0340389013290405
v -0.11578090488910675 0.2966296672821045 0.9867687225341797
v -0.11456461250782013 0.2814338207244873 0.9861037135124207
v -0.12872764468193054 0.2912665605545044 0.9875391125679016
v 0.13156667351722717 0.47993600368499756 1.040353775024414
v 0.1357341706752777 0.4164653718471527 1.0603437423706055
v -0.18114066123962402 0.16494397819042206 1.0027878284454346
v -0.1700734943151474 0.17037616670131683 0.9932882785797119
v -0.18180963397026062 0.15671324729919434 1.0007284879684448
v -0.09327508509159088 0.45504218339920044 0.9807640314102173
v -0.09889194369316101 0.4456072449684143 0.979730486869812
v -0.09915053099393845 0.4629170298576355 0.9810613393783569
v 0.0004334617406129837 0.36273008584976196 0.987033486366272
v 0.01035389769822359 0.35864222049713135 0.984336256980896
v 0.00020008813589811325 0.35283124446868896 0.9868834614753723
v -0.28534382581710815 0.47502923011779785 1.090025544166565
v -0.28601521253585815 0.46578264236450195 1.0926148891448975
v -0.0925418883562088 0.46926259994506836 1.2151131629943848
v -0.09884975105524063 0.4769538640975952 1.2105722427368164
v -0.09815947711467743 0.46236687898635864 1.2174854278564453
v -0.003263276070356369 0.16944414377212524 1.2414228916168213
v -0.1933414787054062 0.11108534783124924 1.1323983669281006
v 0.1378261297941208 0.23163464665412903 1.116644024848938
v 0.14283698797225952 0.21787743270397186 1.1082152128219604
v 0.12408037483692169 0.1777839958667755 1.1592575311660767
v 0.1269579380750656 0.1871909201145172 1.154703140258789
v 0.11253213882446289 0.5160233974456787 1.0252360105514526
v 0.12025415897369385 0.51145339012146 1.0224668979644775
v -0.19629432260990143 0.14868658781051636 1.0208574533462524
v -0.20169219374656677 0.15009340643882751 1.0354089736938477
v 0.1178801953792572 0.6042425632476807 1.0826231241226196
v 0.11934685707092285 0.5949246287345886 1.0686116218566895
v -0.10663802176713943 0.3892779052257538 1.2403886318206787
v -0.12098469585180283 0.5728470087051392 1.0197519063949585
v -0.13615596294403076 0.5698649883270264 1.0197322368621826
v -0.12971755862236023 0.5806001424789429 1.0299423933029175
v 0.11267650872468948 0.49566948413848877 1.1920194625854492
v 0.10302260518074036 0.48826247453689575 1.1981213092803955
v 0.11420715600252151 0.48562848567962646 1.193565845489502
v -0.14236149191856384 0.6027795672416687 1.1092041730880737
v 0.12433218955993652 0.5299397110939026 1.0241013765335083
v 0.1943206787109375 0.43428027629852295 1.0845346450805664
v 0.20419171452522278 0.43561360239982605 1.0854719877243042
v 0.004724134691059589 0.47834378480911255 1.2184125185012817
v -0.0062323445454239845 0.47659844160079956 1.2184176445007324
v -0.10558432340621948 0.296927273273468 0.9868353009223938
v -0.09608758985996246 0.29311272501945496 0.9847743511199951
v -0.0965018942952156 0.19297492504119873 0.9685315489768982
v -0.027355408295989037 0.46042898297309875 1.2241039276123047
v 0.2009332776069641 0.5337456464767456 1.045771598815918
v 0.14408643543720245 0.17007829248905182 1.0206737518310547
v 0.14084549248218536 0.1658356785774231 1.0115233659744263
v -0.037350740283727646 0.4015827775001526 1.2410653829574585
v -0.025652606040239334 0.4084116518497467 1.240525722503662
v -0.026079002767801285 0.5882047414779663 1.1792458295822144
v 0.03871060907840729 0.16065889596939087 0.9544872045516968
v 0.029584497213363647 0.1712319701910019 0.9584824442863464
v 0.11524783074855804 0.323550283908844 1.0275064706802368
v 0.01996036246418953 0.6002504229545593 1.0420328378677368
v -0.0374097116291523 0.25911855697631836 0.9881941676139832
v -0.05099064111709595 0.25275567173957825 0.9866326451301575
v -0.0469951257109642 0.26265814900398254 0.9875327944755554
v -0.18465687334537506 0.36754652857780457 1.0385379791259766
v -0.17748884856700897 0.37143442034721375 1.0302168130874634
v -0.2104737013578415 0.41921138763427734 1.0285117626190186
v -0.19761136174201965 0.4309875965118408 1.038387656211853
v 0.1212763637304306 0.33444154262542725 1.186828374862671
v 0.11341273784637451 0.32904917001724243 1.1980520486831665
v 0.11945591866970062 0.3195103406906128 1.1845331192016602
v -0.19325539469718933 0.39775556325912476 1.11353600025177
v -0.18783721327781677 0.38298577070236206 1.114617109298706
v -0.194179967045784 0.5627335906028748 1.133705735206604
v 0.22598278522491455 0.5084145665168762 1.0530531406402588
v 0.2327374517917633 0.5096080303192139 1.0635102987289429
v 0.24277830123901367 0.5012644529342651 1.0567271709442139
v 0.07765750586986542 0.6242769956588745 1.0920109748840332
v -0.16813445091247559 0.2323651909828186 1.1636351346969604
v -0.16112320125102997 0.2239224910736084 1.1757135391235352
v -0.16325527429580688 0.23983806371688843 1.1723004579544067
v -0.17025980353355408 0.5016891956329346 1.0074050426483154
v -0.1759394407272339 0.49625521898269653 1.0130431652069092
v -0.16573956608772278 0.26893287897109985 1.1689965724945068
v -0.1659768968820572 0.2850537896156311 1.1744362115859985
v 0.04620801657438278 0.6230986714363098 1.0686012506484985
v 0.04932582378387451 0.6145880222320557 1.0567007064819336
v 0.030512845143675804 0.3594534993171692 0.9832035899162292
v 0.029976028949022293 0.3493495583534241 0.9832947254180908
v -0.15920346975326538 0.1824277639389038 1.1711703538894653
v -0.15978965163230896 0.4281732439994812 1.2002750635147095
v -0.1658894568681717 0.42532873153686523 1.1922763586044312
v -0.1590547114610672 0.4143056869506836 1.2029556035995483
v -0.24240748584270477 0.5236473679542542 1.0365958213806152
v -0.2469039112329483 0.5101279616355896 1.0268055200576782
v -0.2274145931005478 0.5552716255187988 1.071801781654358
v -0.23797889053821564 0.5494652986526489 1.0778971910476685
v -0.02191346511244774 0.1989576518535614 1.2450854778289795
v 0.044934771955013275 0.5406002998352051 1.0052136182785034
v 0.033042263239622116 0.5441476702690125 1.0071818828582764
v -0.1327085644006729 0.2545667290687561 1.2092866897583008
v 0.13414278626441956 0.3197596073150635 1.0987797975540161
v -0.19274507462978363 0.20929884910583496 1.087730050086975
v -0.19395992159843445 0.20659515261650085 1.0732522010803223
v -0.185728058218956 0.35420340299606323 1.049739956855774
v 0.15087729692459106 0.4497171938419342 1.0981667041778564
v 0.05150974914431572 0.6248488426208496 1.1198043823242188
v 0.05149022117257118 0.6213113069534302 1.1256625652313232
v 0.08747434616088867 0.5927373170852661 1.0363069772720337
v 0.08958224952220917 0.576938271522522 1.0249685049057007
v -0.13708050549030304 0.3565663695335388 0.984068751335144
v -0.12957684695720673 0.36186671257019043 0.9780165553092957
v -0.14486263692378998 0.3387168347835541 1.2196073532104492
v -0.14748059213161469 0.3535457253456116 1.2194336652755737
v 0.08163543790578842 0.6191182136535645 1.1191595792770386
v 0.027046073228120804 0.6268600821495056 1.133817195892334
v -0.0030162613838911057 0.3286379873752594 1.2482784986495972
v -0.013052127324044704 0.3333553671836853 1.246586799621582
v -0.106681689620018 0.5503358840942383 1.1691433191299438
v -0.09141656756401062 0.5560423731803894 1.172210931777954
v 0.12524950504302979 0.3153569996356964 1.1703517436981201
v 0.12596921622753143 0.3249210715293884 1.1726291179656982
v 0.12217016518115997 0.31260979175567627 1.1761884689331055
v -0.14919312298297882 0.2562791705131531 1.190401554107666
v -0.15248388051986694 0.23951442539691925 1.1872475147247314
v -0.23942886292934418 0.38480228185653687 1.0180943012237549
v -0.2482212334871292 0.4943945109844208 1.0150431394577026
v -0.23889711499214172 0.5055282711982727 1.0191662311553955
v 0.1526920348405838 0.5691139101982117 1.1505476236343384
v -0.15286597609519958 0.10562678426504135 1.1739819049835205
v -0.14962324500083923 0.11829589307308197 1.1766966581344604
v 0.209365576505661 0.5072931051254272 1.023262619972229
v -0.025797858834266663 0.6322933435440063 1.0657727718353271
v 0.11496776342391968 0.344302773475647 1.2001776695251465
v 0.10615532100200653 0.33879029750823975 1.2109181880950928
v -0.06749356538057327 0.6064058542251587 1.0446568727493286
v -0.06368540972471237 0.5978615283966064 1.0389209985733032
v -0.1685849279165268 0.3367210030555725 1.03803551197052
v -0.15781691670417786 0.34416067600250244 1.026914119720459
v -0.15948109328746796 0.3281608819961548 1.0327839851379395
v -0.07867735624313354 0.10426034778356552 1.2189491987228394
v -0.08853089064359665 0.10436423122882843 1.2146092653274536
v -0.08897446095943451 0.09139254689216614 1.213124394416809
v 0.054631296545267105 0.6268998384475708 1.0774767398834229
v 0.043306250125169754 0.6334056854248047 1.088244080543518
v 0.16393591463565826 0.5263561010360718 1.1528536081314087
v 0.1740443855524063 0.5317069292068481 1.146574854850769
v 0.16552674770355225 0.5377336740493774 1.1514997482299805
v -0.17375962436199188 0.5341634750366211 1.0138530731201172
v -0.16723325848579407 0.5459068417549133 1.0209827423095703
v -8.916109800338745e-05 0.28160184621810913 0.9901355504989624
v 0.009262502193450928 0.2734335660934448 0.987656831741333
v 0.05759575217962265 0.3004664182662964 1.240094542503357
v 0.047122303396463394 0.2981020510196686 1.2434415817260742
v 0.05509435385465622 0.2831777334213257 1.2388074398040771
v -0.3390935957431793 0.42645663022994995 1.0166664123535156
v -0.1319655030965805 0.42378541827201843 1.2240549325942993
v -0.12091831862926483 0.42971718311309814 1.2260422706604004
v -0.07576138526201248 0.4319596290588379 0.9808870553970337
v -0.08057301491498947 0.42143014073371887 0.9815875291824341
v -0.0872759073972702 0.4384637176990509 0.9801754355430603
v -0.19556084275245667 0.44332337379455566 1.036621332168579
v 0.07906076312065125 0.41260600090026855 1.2392657995224
v -0.043849386274814606 0.17763322591781616 0.9579498767852783
v -0.06202947348356247 0.1727568805217743 0.9565690755844116
v -0.10261882841587067 0.18136759102344513 0.9641681909561157
v -0.10898403078317642 0.16870522499084473 0.9594757556915283
v -0.11511547863483429 0.17806334793567657 0.9655112028121948
v 0.12340448796749115 0.5046502351760864 1.0136780738830566
v -0.22734656929969788 0.43443891406059265 1.102803349494934
v -0.2224806249141693 0.44188785552978516 1.1076239347457886
v -0.2405548095703125 0.4435873031616211 1.1084086894989014
v 0.08755512535572052 0.21295097470283508 1.208173394203186
v 0.09699036926031113 0.210697203874588 1.1987489461898804
v 0.0918295681476593 0.22603647410869598 1.2057298421859741
v -0.019416745752096176 0.2847846746444702 0.9916267395019531
v -0.019252987578511238 0.2721708416938782 0.9903684854507446
v -0.07297424226999283 0.20475894212722778 1.2359235286712646
v -0.0652189627289772 0.2219013273715973 1.239226222038269
v -0.043718211352825165 0.5495581030845642 1.1844732761383057
v 0.11704322695732117 0.5288227796554565 1.180364727973938
v 0.13389308750629425 0.45172351598739624 1.0502411127090454
v -0.1901351809501648 0.2055988609790802 1.1045167446136475
v 0.14290203154087067 0.21862193942070007 1.1006687879562378
v -0.16638007760047913 0.5255216956138611 1.0040390491485596
v -0.1590370237827301 0.5394483208656311 1.0109809637069702
v 0.02579207718372345 0.2611040771007538 1.245547890663147
v -0.14963075518608093 0.4783690273761749 1.0023279190063477
v -0.16063383221626282 0.4874994158744812 1.0055131912231445
v 0.02396542765200138 0.33363497257232666 0.9836885929107666
v 0.02009737491607666 0.34265679121017456 0.9831175208091736
v 0.030127830803394318 0.3380090594291687 0.9837045669555664
v 0.04795937240123749 0.15568456053733826 0.9527708292007446
v 0.03208353742957115 0.381515234708786 0.9839085936546326
v 0.031355444341897964 0.37082481384277344 0.9834758639335632
v 0.021434642374515533 0.3755386471748352 0.9825112223625183
v -0.16929173469543457 0.5842689871788025 1.0566205978393555
v -0.13125653564929962 0.40926414728164673 1.229520559310913
v -0.12340672314167023 0.41522207856178284 1.2313510179519653
v -0.1231476217508316 0.23912671208381653 1.215684413909912
v -0.11319230496883392 0.24095813930034637 1.2220709323883057
v -0.2152898609638214 0.4369524121284485 1.1023013591766357
v -0.19821855425834656 0.4377264976501465 1.0972700119018555
v -0.2661065459251404 0.47394049167633057 1.0086276531219482
v -0.2731746435165405 0.48377686738967896 1.0222135782241821
v 0.1296282261610031 0.3167334198951721 1.1545246839523315
v 0.01883162371814251 0.2690673768520355 0.9856667518615723
v -0.15310879051685333 0.2732071876525879 1.1866450309753418
v -0.020732447504997253 0.1310385763645172 1.2369893789291382
v 0.011746769770979881 0.16459086537361145 0.9544192552566528
v -0.1384337693452835 0.3891739547252655 0.9976280927658081
v -0.121510349214077 0.1660042405128479 0.9613054394721985
v -0.1753212958574295 0.5167436003684998 1.0071094036102295
v -0.17809179425239563 0.5068318843841553 1.0043294429779053
v -0.07320643216371536 0.3984927535057068 1.2416784763336182
v -0.08527448773384094 0.40983814001083374 1.240477204322815
v -0.09008797258138657 0.3937951922416687 1.2419991493225098
v -0.15417680144309998 0.5960140824317932 1.1107995510101318
v -0.16017377376556396 0.5889060497283936 1.1163979768753052
v 0.09261437505483627 0.6005837321281433 1.1406958103179932
v 0.0852239727973938 0.5957614779472351 1.1453468799591064
v -0.03760279342532158 0.18112888932228088 1.2416422367095947
v -0.02972240000963211 0.19859114289283752 1.2443733215332031
v -0.04554909095168114 0.19813065230846405 1.2417361736297607
v -0.10723498463630676 0.338406503200531 0.9840867519378662
v 0.11407795548439026 0.5200863480567932 1.0184504985809326
v 0.12404975295066833 0.5303717851638794 1.0204700231552124
v -0.1773507446050644 0.48720258474349976 1.0082473754882812
v 0.032096534967422485 0.2127954363822937 1.2405611276626587
v 0.022976292297244072 0.2193022072315216 1.243715763092041
v 0.023266272619366646 0.2018636167049408 1.2414273023605347
v 0.17842549085617065 0.5727723240852356 1.0888733863830566
v 0.18677523732185364 0.565451443195343 1.0862720012664795
v 0.18484780192375183 0.5633153319358826 1.073161005973816
v 0.1364472210407257 0.4603755474090576 1.0831897258758545
v 0.13316532969474792 0.4514336585998535 1.0700637102127075
v 0.1255638152360916 0.13544289767742157 0.9835624098777771
v 0.11059193313121796 0.14170867204666138 0.9722945690155029
v 0.12113668024539948 0.1493067741394043 0.9833196997642517
v 0.08710986375808716 0.6213981509208679 1.0904767513275146
v 0.0834684818983078 0.6110115051269531 1.0630106925964355
v 0.1519959270954132 0.5088165998458862 1.0143733024597168
v 0.15443158149719238 0.5179942846298218 1.0198874473571777
v -0.2910577058792114 0.384473592042923 1.0743687152862549
v -0.2841840386390686 0.390503466129303 1.0776708126068115
v -0.15618997812271118 0.26457729935646057 1.1815177202224731
v -0.16361349821090698 0.25648510456085205 1.171215534210205
v -0.15692909061908722 0.24785570800304413 1.1804838180541992
v 0.09578020870685577 0.15005017817020416 0.9651139378547668
v 0.10886973142623901 0.15779776871204376 0.9765635132789612
v -0.09600190818309784 0.0868992805480957 1.2095115184783936
v 0.12890520691871643 0.19612905383110046 1.1516982316970825
v 0.10453750193119049 0.6083381175994873 1.0727510452270508
v 0.10957065224647522 0.6084253787994385 1.0808470249176025
v 0.11224351823329926 0.6022622585296631 1.0665874481201172
v 0.0928470566868782 0.432991623878479 0.9941493272781372
v 0.1024591326713562 0.4302932024002075 1.0092085599899292
v 0.07350105047225952 0.36185508966445923 0.9901192784309387
v 0.06132729351520538 0.35654115676879883 0.9902505874633789
v 0.06282317638397217 0.37216734886169434 0.9896263480186462
v 0.15613660216331482 0.14041383564472198 1.0332802534103394
v 0.15861067175865173 0.1463191658258438 1.0475611686706543
v -0.10845859348773956 0.21464712917804718 0.975752055644989
v -0.3226528465747833 0.43254604935646057 1.064078688621521
v -0.16897572576999664 0.5182191133499146 1.1671488285064697
v -0.17285515367984772 0.5096063613891602 1.1701017618179321
v -0.04080943390727043 0.5072001218795776 1.2021701335906982
v -0.054014451801776886 0.5150410532951355 1.1974016427993774
v -0.15931449830532074 0.1679352968931198 0.9815675020217896
v -0.14686521887779236 0.16522955894470215 0.9712880253791809
v -0.16046684980392456 0.15178468823432922 0.9762742519378662
v -0.12153305113315582 0.2648717761039734 0.9846023321151733
v -0.11855456233024597 0.2729675769805908 0.9849721789360046
v -0.11015522480010986 0.2598137855529785 0.980964720249176
v 0.14230751991271973 0.42588794231414795 1.121514081954956
v 0.028265779837965965 0.3057313859462738 1.24729585647583
v 0.03911624476313591 0.3101019859313965 1.2463526725769043
v 0.02806246653199196 0.31489717960357666 1.2480021715164185
v -0.24231573939323425 0.4443041682243347 0.99137943983078
v -0.04283665120601654 0.4724099338054657 0.9849429726600647
v -0.2611764669418335 0.44028517603874207 0.9891819357872009
v 0.06381214410066605 0.5919485688209534 1.1507762670516968
v 0.049375467002391815 0.5890637636184692 1.1571494340896606
v 0.19438448548316956 0.5569539070129395 1.0829564332962036
v 0.1950666308403015 0.5524210929870605 1.0692838430404663
v -0.1913200467824936 0.5111891031265259 1.15963876247406
v 0.18011850118637085 0.40770965814590454 1.022689938545227
v 0.18502205610275269 0.40294238924980164 1.029367446899414
v -0.21357236802577972 0.41735437512397766 1.0146872997283936
v -0.21488404273986816 0.4244561791419983 1.0053950548171997
v -0.2087874412536621 0.4257972240447998 1.0202631950378418
v -0.17442825436592102 0.5713639259338379 1.0423812866210938
v -0.18240900337696075 0.5627217292785645 1.041504144668579
v -0.18338406085968018 0.57170569896698 1.0533665418624878
v 0.12387215346097946 0.23560301959514618 1.161975383758545
v -0.1356065571308136 0.34710782766342163 0.9826726913452148
v 0.12241922318935394 0.30859243869781494 1.0396748781204224
v -0.15071731805801392 0.48805245757102966 1.0039339065551758
v -0.1394430696964264 0.4901244640350342 0.9963581562042236
v -0.19363194704055786 0.5525493621826172 1.0395076274871826
v 0.11829990148544312 0.4151346683502197 1.0260365009307861
v 0.10642517358064651 0.4174441695213318 1.0123738050460815
v 0.03664764389395714 0.13969063758850098 0.9440714120864868
v 0.02968616969883442 0.1314612329006195 0.9402621388435364
v 0.049268439412117004 0.20069395005702972 1.2322384119033813
v 0.061639923602342606 0.20640158653259277 1.2264680862426758
v 0.08190873265266418 0.22880923748016357 1.2147809267044067
v 0.07236139476299286 0.22523106634616852 1.2218339443206787
v -0.09185361862182617 0.22859764099121094 1.2315748929977417
v -0.09095238149166107 0.21807454526424408 1.230921983718872
v -0.20301920175552368 0.527359127998352 1.1483873128890991
v -0.15579132735729218 0.19869688153266907 1.1796196699142456
v -0.14677990972995758 0.2019258439540863 1.1899412870407104
v -0.15233765542507172 0.2146901786327362 1.1874072551727295
v 0.12666183710098267 0.3398727476596832 1.175165057182312
v -0.221467062830925 0.5643408298492432 1.071598768234253
v -0.21595309674739838 0.5674532651901245 1.0774787664413452
v -0.21137811243534088 0.5700247883796692 1.0658413171768188
v 0.15676236152648926 0.527430534362793 1.0250765085220337
v -0.07353699207305908 0.41631776094436646 1.2392714023590088
v -0.061684198677539825 0.4142281413078308 1.2393786907196045
v -0.13036943972110748 0.5355457663536072 1.0033259391784668
v -0.10544214397668839 0.6293303966522217 1.0883479118347168
v 0.12788575887680054 0.1700233817100525 1.153087854385376
v -0.12626290321350098 0.20823457837104797 1.2091799974441528
v -0.13246974349021912 0.22093847393989563 1.2067350149154663
v -0.1368468999862671 0.20498469471931458 1.1998811960220337
v -0.11549174785614014 0.583861231803894 1.0300840139389038
v -0.18601612746715546 0.5531126260757446 1.1444562673568726
v -0.1900099664926529 0.3880678415298462 1.1230747699737549
v -0.1862482726573944 0.3767841160297394 1.1322295665740967
v 0.10845331847667694 0.25807058811187744 1.1876733303070068
v -0.2637168765068054 0.48899316787719727 1.1064270734786987
v -0.2571994662284851 0.4944019317626953 1.1135742664337158
v -0.26322317123413086 0.5042217373847961 1.1040887832641602
v 0.2583954930305481 0.47948044538497925 1.0200780630111694
v 0.257474422454834 0.48484134674072266 1.0287747383117676
v 0.26875564455986023 0.48012664914131165 1.0226614475250244
v -0.0102826077491045 0.3574274182319641 0.9880090951919556
v -0.015615960583090782 0.36531537771224976 0.9862715005874634
v -0.29712533950805664 0.46871787309646606 1.034718632698059
v -0.12452566623687744 0.3855507969856262 1.2360382080078125
v -0.1286066323518753 0.371859073638916 1.2335630655288696
v 0.2505740821361542 0.4954643249511719 1.0602408647537231
v 0.2533717751502991 0.49358558654785156 1.049557089805603
v -0.26778408885002136 0.421676367521286 0.9825344085693359
v -0.2589811384677887 0.4297665059566498 0.9850083589553833
v -0.008293414488434792 0.2073361575603485 0.9715951085090637
v -0.02223287522792816 0.21637338399887085 1.246108889579773
v -0.01295078732073307 0.22719572484493256 1.2470364570617676
v -0.21607814729213715 0.5571125745773315 1.1235027313232422
v -0.06196532025933266 0.5875553488731384 1.1758651733398438
v -0.07164274156093597 0.5759202837944031 1.1699891090393066
v 0.03320489078760147 0.18062789738178253 0.9634767770767212
v 0.024273891001939774 0.182966411113739 0.9635947346687317
v -0.06500353664159775 0.6134828925132751 1.0506529808044434
v -0.16543976962566376 0.2984784245491028 1.1829146146774292
v -0.15978454053401947 0.2884400486946106 1.18515944480896
v -0.16341444849967957 0.30438345670700073 1.188842535018921
v 0.11680672317743301 0.17615042626857758 1.1702746152877808
v -0.1888188123703003 0.22038725018501282 1.114218831062317
v 0.05078769102692604 0.23164427280426025 1.2356517314910889
v 0.07137833535671234 0.2653736472129822 0.9914530515670776
v 0.064488485455513 0.2530142366886139 0.9887023568153381
v 0.058724746108055115 0.2613307535648346 0.9874564409255981
v 0.15367943048477173 0.13475880026817322 1.116208791732788
v 0.1475393921136856 0.1321382075548172 1.129343867301941
v -0.0604017935693264 0.36384350061416626 0.9798104166984558
v 0.12803903222084045 0.5795223116874695 1.1542869806289673
v 0.12354434281587601 0.487009197473526 1.1870434284210205
v -0.06872007250785828 0.41476815938949585 0.9818551540374756
v -0.08466319739818573 0.402207612991333 0.9826666712760925
v -0.14729800820350647 0.4109685719013214 1.00560462474823
v -0.08841396123170853 0.5012234449386597 1.1993951797485352
v -0.08709591627120972 0.4860697388648987 1.2078475952148438
v 0.10824815183877945 0.3698350191116333 1.214174509048462
v 0.10737280547618866 0.35431358218193054 1.2128366231918335
v 0.11618264764547348 0.35970354080200195 1.2016093730926514
v -0.009730890393257141 0.3163337707519531 0.9905362129211426
v 0.0003085136413574219 0.3143715262413025 0.9893675446510315
v -0.009857842698693275 0.30283719301223755 0.9911601543426514
v -0.124941386282444 0.4231147766113281 0.9755505323410034
v -0.1167386993765831 0.42954063415527344 0.9716016054153442
v -0.2080024778842926 0.5230237245559692 1.0217434167861938
v -0.2118743360042572 0.5341377854347229 1.0192943811416626
v 0.19784203171730042 0.5206788778305054 1.1242141723632812
v 0.19200855493545532 0.5335365533828735 1.129868745803833
v 0.15099024772644043 0.14235001802444458 1.1204813718795776
v 0.056721560657024384 0.5258554816246033 1.0002374649047852
v 0.07121584564447403 0.5238470435142517 1.0012120008468628
v 0.11769881844520569 0.2883495092391968 1.0279680490493774
v 0.11040966212749481 0.2897954285144806 1.0197570323944092
v -0.1843058168888092 0.27986854314804077 1.0684911012649536
v -0.17832514643669128 0.285717248916626 1.0600239038467407
v -0.18138903379440308 0.27148497104644775 1.0593175888061523
v -0.05372777208685875 0.5469015836715698 1.1844499111175537
v -0.24013662338256836 0.46628546714782715 1.1185731887817383
v -0.24715618789196014 0.4606894850730896 1.1139588356018066
v -0.23545485734939575 0.4558973014354706 1.1154831647872925
v -0.18461079895496368 0.3886008858680725 1.149978756904602
v -0.18058137595653534 0.37939998507499695 1.1598588228225708
v -0.1806458830833435 0.3949020504951477 1.1581029891967773
v -0.19106413424015045 0.39233285188674927 1.1324273347854614
v -0.04767098277807236 0.2485969364643097 1.243450403213501
v -0.19364513456821442 0.2848789691925049 1.0952415466308594
v -0.1925220489501953 0.2720332741737366 1.1040902137756348
v -0.18517351150512695 0.1526336669921875 1.134145736694336
v -0.17964011430740356 0.16863635182380676 1.1411244869232178
v -0.07805342972278595 0.15253899991512299 0.9478874802589417
v -0.20855839550495148 0.13838398456573486 1.0786656141281128
v -0.11234212666749954 0.37842118740081787 0.9762639999389648
v -0.18411146104335785 0.3297075033187866 1.0642374753952026
v -0.18123644590377808 0.31892669200897217 1.0669193267822266
v -0.08058027923107147 0.288291335105896 1.2387946844100952
v -0.08781840652227402 0.2981413006782532 1.238454818725586
v -0.09596031904220581 0.29392242431640625 1.235835313796997
v -0.267417848110199 0.4322021007537842 1.096178650856018
v -0.07343153655529022 0.3970067799091339 0.9833296537399292
v -0.16138125956058502 0.5535054206848145 1.0226465463638306
v -0.16444459557533264 0.5688393115997314 1.0350810289382935
v 0.1327868103981018 0.4583864212036133 1.0549304485321045
v 0.12809698283672333 0.47166571021080017 1.0516139268875122
v -0.18655292689800262 0.3412124514579773 1.0617256164550781
v -0.1824878752231598 0.3430139124393463 1.0523182153701782
v -0.17773374915122986 0.3452465236186981 1.0429834127426147
v -0.18102671205997467 0.3375014066696167 1.0538007020950317
v 0.13482680916786194 0.22951915860176086 1.060091257095337
v 0.13711605966091156 0.21634727716445923 1.0596927404403687
v 0.11654487252235413 0.26815783977508545 1.0209617614746094
v 0.044092100113630295 0.20832839608192444 0.9766451120376587
v 0.027296636253595352 0.2102123200893402 0.9759373664855957
v 0.042960621416568756 0.21660293638706207 0.9793946146965027
v 0.13991713523864746 0.5951465368270874 1.1292682886123657
v 0.12766388058662415 0.596382737159729 1.1336549520492554
v -0.11390745639801025 0.39840173721313477 0.9734009504318237
v -0.18771067261695862 0.3821750283241272 1.1418817043304443
v -0.18327412009239197 0.372933954000473 1.151219129562378
v -0.19419987499713898 0.3624551594257355 1.0788604021072388
v -0.19346657395362854 0.35313740372657776 1.0802385807037354
v -0.19430169463157654 0.36081328988075256 1.0893160104751587
v 0.05972106754779816 0.5683110952377319 1.0179508924484253
v 0.04418928176164627 0.5588453412055969 1.0131767988204956
v 0.17423385381698608 0.46468713879585266 0.9914132356643677
v 0.19529804587364197 0.45804816484451294 0.9840339422225952
v 0.20346501469612122 0.45031115412712097 0.9800676703453064
v 0.1873796582221985 0.45212969183921814 0.984302818775177
v 0.2046653926372528 0.5404467582702637 1.0654114484786987
v -0.11570154130458832 0.5828843712806702 1.145509958267212
v -0.1907840371131897 0.22172224521636963 1.0523866415023804
v -0.18943047523498535 0.21013915538787842 1.0409871339797974
v -0.18353694677352905 0.49836835265159607 1.0075170993804932
v -0.21348819136619568 0.09783531725406647 1.0637227296829224
v 0.13182325661182404 0.37821608781814575 1.1617050170898438
v 0.12739624083042145 0.3707232177257538 1.1780937910079956
v 0.13155606389045715 0.3624889552593231 1.16031014919281
v 0.14050284028053284 0.4453062415122986 1.0832507610321045
v 0.1452801376581192 0.4595087468624115 1.0773881673812866
v 0.13380584120750427 0.4678139090538025 1.0817203521728516
v 0.1344544142484665 0.18523283302783966 1.1404240131378174
v 0.15947705507278442 0.5363273620605469 1.031443476676941
v -0.2461305856704712 0.47508978843688965 1.0028207302093506
v -0.24015845358371735 0.4854896068572998 1.006903052330017
v 0.1687735617160797 0.5749057531356812 1.1296006441116333
v 0.17035777866840363 0.5681501626968384 1.1349985599517822
v 0.1277928352355957 0.5025415420532227 1.022542953491211
v 0.20477408170700073 0.5163217782974243 1.116446852684021
v -0.3013650178909302 0.4143083989620209 0.9827336668968201
v -0.29247885942459106 0.424099326133728 0.9860945343971252
v 0.020279064774513245 0.5811938047409058 1.1693224906921387
v 0.007213478907942772 0.5874634981155396 1.1698484420776367
v 0.12338101863861084 0.19462037086486816 1.1616474390029907
v -0.06124694272875786 0.3963165283203125 1.2417783737182617
v -0.04928981512784958 0.3943188786506653 1.2417454719543457
v -0.055588722229003906 0.4043040871620178 1.2407286167144775
v 0.04711240157485008 0.5183279514312744 1.197204828262329
v 0.05221676081418991 0.2525498867034912 1.2369850873947144
v -0.07940135896205902 0.5040404796600342 0.9886808395385742
v -0.09002932906150818 0.5010452270507812 0.9862080216407776
v -0.09129974246025085 0.5157755613327026 0.9910883903503418
v -0.18637824058532715 0.4744850993156433 1.003597617149353
v -0.18682536482810974 0.46464142203330994 1.0023901462554932
v -0.1876734048128128 0.46355894207954407 1.0141915082931519
v 0.16143915057182312 0.4675387740135193 1.1251091957092285
v 0.12214475125074387 0.21422195434570312 1.0200238227844238
v -0.16683954000473022 0.08062129467725754 1.1656439304351807
v -0.154466450214386 0.08029434084892273 1.1748677492141724
v -0.15358570218086243 0.08898504078388214 1.1744022369384766
v 0.10563713312149048 0.615460991859436 1.1131640672683716
v 0.1039789617061615 0.6172274351119995 1.1058106422424316
v -0.21394434571266174 0.4032088816165924 1.040121078491211
v 0.13859468698501587 0.39770233631134033 1.1152453422546387
v 0.13616988062858582 0.3789393901824951 1.117366909980774
v 0.1355196088552475 0.39236611127853394 1.1063967943191528
v 0.030947919934988022 0.4067198932170868 1.2470154762268066
v 0.041487567126750946 0.3934691548347473 1.2481592893600464
v -0.22956544160842896 0.5304458141326904 1.03574800491333
v -0.13081654906272888 0.39413708448410034 1.2322728633880615
v -0.19236430525779724 0.3370015323162079 1.0923250913619995
v -0.19406285881996155 0.35486748814582825 1.0901057720184326
v -0.24802938103675842 0.37575453519821167 1.0339502096176147
v -0.17821870744228363 0.2651928663253784 1.1484827995300293
v -0.18336379528045654 0.26954081654548645 1.1385550498962402
v 0.13633936643600464 0.6021917462348938 1.1084790229797363
v 0.14007580280303955 0.517306387424469 1.159684181213379
v -0.14487192034721375 0.35027581453323364 1.0028599500656128
v -0.14221014082431793 0.3513163626194 0.992331326007843
v 0.14307543635368347 0.4402587413787842 1.1010810136795044
v 0.1362115740776062 0.4395633637905121 1.0950440168380737
v -0.18163567781448364 0.1859530508518219 1.1369518041610718
v 0.07375473529100418 0.26961877942085266 1.226344108581543
v 0.06371688842773438 0.2663623094558716 1.2324097156524658
v -0.191593199968338 0.20637023448944092 1.0969209671020508
v -0.1945933997631073 0.1904619336128235 1.0947492122650146
v 0.16155998408794403 0.1462746560573578 1.0747159719467163
v 0.10041085630655289 0.2527606785297394 1.0022748708724976
v 0.09394141286611557 0.2602304220199585 1.0037589073181152
v 0.10493511706590652 0.25762271881103516 1.0074799060821533
v -0.17184661328792572 0.39009493589401245 1.0214654207229614
v -0.18085812032222748 0.38563549518585205 1.0265828371047974
v -0.18403999507427216 0.3987632989883423 1.0226422548294067
v -0.03005855530500412 0.34427884221076965 0.9821604490280151
v -0.025156043469905853 0.1676252782344818 0.9534951448440552
v -0.13207463920116425 0.19352604448795319 0.9792137742042542
v -0.03211638331413269 0.587890088558197 1.035267949104309
v -0.03813689947128296 0.5959508419036865 1.03983473777771
v -0.025653302669525146 0.5981255769729614 1.0414093732833862
v -0.028202414512634277 0.5314470529556274 1.1924903392791748
v -0.03782113641500473 0.21560297906398773 1.2442654371261597
v 0.13116097450256348 0.46722084283828735 1.0394376516342163
v 0.13487854599952698 0.46304863691329956 1.0267119407653809
v 0.005723172798752785 0.15266287326812744 1.238448977470398
v -0.14367888867855072 0.5175827145576477 1.173749566078186
v -0.13250666856765747 0.5165455937385559 1.1772726774215698
v -0.13615372776985168 0.5265662670135498 1.1715290546417236
v 0.09328041970729828 0.48095083236694336 1.2053335905075073
v 0.13228046894073486 0.4663095474243164 1.158750057220459
v 0.12710894644260406 0.46875181794166565 1.1485421657562256
v 0.05637652054429054 0.35815274715423584 1.2472898960113525
v 0.12688760459423065 0.21172240376472473 1.1580324172973633
v -0.15180033445358276 0.44124835729599 1.2048439979553223
v -0.14357544481754303 0.4409911036491394 1.2123957872390747
v -0.14987605810165405 0.453993022441864 1.1995512247085571
v 0.13382723927497864 0.45384329557418823 1.097020149230957
v 0.13591368496418 0.4667143225669861 1.1004862785339355
v -0.15071424841880798 0.28113827109336853 1.1921519041061401
v -0.14377908408641815 0.2853257656097412 1.2016918659210205
v -0.15318332612514496 0.29275286197662354 1.1949920654296875
v -0.11621265113353729 0.3463946580886841 1.2363307476043701
v -0.12664353847503662 0.3570291996002197 1.2328174114227295
v -0.12499608844518661 0.34098392724990845 1.2312495708465576
v -0.3313317894935608 0.40201637148857117 1.0597703456878662
v -0.326887309551239 0.41033345460891724 1.0620193481445312
v -0.12137185037136078 0.18705646693706512 0.9708963632583618
v 0.13026851415634155 0.5780042409896851 1.0437566041946411
v 0.13556420803070068 0.5768008232116699 1.0494383573532104
v 0.13397212326526642 0.5684823989868164 1.0418002605438232
v -0.008131337352097034 0.5292407274246216 1.1943188905715942
v -0.017477288842201233 0.5395697355270386 1.190253734588623
v 0.11466218531131744 0.6083657145500183 1.1247713565826416
v -0.09460797160863876 0.39775198698043823 0.9814781546592712
v 0.1660168468952179 0.43188583850860596 1.0628830194473267
v 0.07370930165052414 0.10008150339126587 1.2056379318237305
v -0.18471983075141907 0.25921523571014404 1.0683832168579102
v 0.12179680913686752 0.10672345012426376 1.1660679578781128
v 0.25449785590171814 0.4711649417877197 1.0114787817001343
v 0.13783495128154755 0.3750293552875519 1.081095814704895
v 0.13641813397407532 0.38494354486465454 1.0894126892089844
v 0.1375451385974884 0.3674657344818115 1.0899996757507324
v -0.2867261469364166 0.4394914507865906 0.9942376017570496
v 0.07560516148805618 0.4119567275047302 0.9888299703598022
v 0.06452807784080505 0.41434723138809204 0.9884328246116638
v -0.1953776627779007 0.18188554048538208 1.1011964082717896
v -0.1747019737958908 0.46512943506240845 1.0011743307113647
v 0.016581784933805466 0.5936745405197144 1.1640490293502808
v 0.014536544680595398 0.6071423888206482 1.1601275205612183
v -0.0007196366786956787 0.5961766242980957 1.1722385883331299
v -0.05360369384288788 0.6307786107063293 1.0627549886703491
v -0.049490656703710556 0.6213583946228027 1.0575164556503296
v -0.05565184727311134 0.616963267326355 1.0543415546417236
v -0.043288033455610275 0.10431819409132004 1.230552077293396
v 0.09540294110774994 0.5218944549560547 1.015362024307251
v -0.1546877920627594 0.5358145236968994 0.9981501698493958
v 0.0024785250425338745 0.5998900532722473 1.0423369407653809
v -0.007056485861539841 0.5905582904815674 1.037062168121338
v 0.027204081416130066 0.2018374502658844 0.9722484946250916
v -0.23653705418109894 0.5340256690979004 1.0447624921798706
v -0.26057910919189453 0.4803837239742279 1.1106717586517334
v -0.2653956115245819 0.4657506048679352 1.104641079902649
v 0.14113105833530426 0.21647201478481293 1.1191432476043701
v 0.14427869021892548 0.2024191915988922 1.1092228889465332
v 0.09444339573383331 0.36786502599716187 0.9984315037727356
v 0.24196776747703552 0.5012204051017761 1.0745964050292969
v 0.23581960797309875 0.5072126388549805 1.078739047050476
v 0.23195615410804749 0.5045512318611145 1.086329460144043
v 0.12537992000579834 0.27818888425827026 1.1486777067184448
v 0.12838144600391388 0.28297334909439087 1.138384222984314
v -0.013269325718283653 0.24441105127334595 1.2471444606781006
v 0.1401207149028778 0.44977861642837524 1.1380738019943237
v 0.06204449385404587 0.22217805683612823 1.2283070087432861
v 0.0695970356464386 0.21114036440849304 1.2219784259796143
v 0.11888359487056732 0.5924702882766724 1.0647614002227783
v 0.09389889985322952 0.3514668345451355 0.9988671541213989
v 0.08449235558509827 0.35662972927093506 0.9929658770561218
v -0.10113530606031418 0.5859203934669495 1.1525826454162598
v -0.08838174492120743 0.5816996693611145 1.1602683067321777
v 0.1342563033103943 0.4845993220806122 1.011670708656311
v 0.1217736005783081 0.235965296626091 1.01871919631958
v 0.05929433926939964 0.2870657444000244 0.9906065464019775
v 0.15531763434410095 0.17582282423973083 1.065596580505371
v -0.1780727654695511 0.47777479887008667 1.0138745307922363
v -0.17170360684394836 0.4640743136405945 1.0208057165145874
v 0.13072924315929413 0.535040020942688 1.0260059833526611
v 0.14882411062717438 0.18855105340480804 1.0544040203094482
v 0.1529790312051773 0.1834687441587448 1.067101001739502
v 0.15390871465206146 0.173404723405838 1.0516905784606934
v -0.19264651834964752 0.3092285394668579 1.0955723524093628
v 0.04249724745750427 0.3875839412212372 0.9868298768997192
v 0.05091702938079834 0.40495505928993225 0.9893957376480103
v -0.18737635016441345 0.322463721036911 1.0751501321792603
v -0.1896744966506958 0.33964061737060547 1.0715217590332031
v 0.17471985518932343 0.5558130741119385 1.1399403810501099
v 0.18044444918632507 0.5646190643310547 1.1268491744995117
v 0.09320635348558426 0.28334736824035645 1.2121578454971313
v -0.04089070111513138 0.12522274255752563 0.9390541315078735
v 0.12950560450553894 0.14728567004203796 0.991472601890564
v 0.12190712988376617 0.5134724378585815 1.0242679119110107
v -0.12778525054454803 0.45865151286125183 1.2130712270736694
v -0.12284582853317261 0.4656350016593933 1.2117992639541626
v -0.11587244272232056 0.49655881524086 0.9807726144790649
v -0.12940305471420288 0.49275851249694824 0.987576961517334
v -0.17301854491233826 0.27731794118881226 1.0311872959136963
v -0.17628684639930725 0.27549317479133606 1.0408087968826294
v 0.20341765880584717 0.5447297692298889 1.0773041248321533
v 0.21188580989837646 0.5319329500198364 1.0725740194320679
v -0.19244179129600525 0.34758609533309937 1.1017141342163086
v 0.09711359441280365 0.4205480217933655 0.997407078742981
v -0.17300809919834137 0.2996538579463959 1.061231255531311
v -0.17838557064533234 0.3085802495479584 1.0693705081939697
v 0.14494265615940094 0.47067105770111084 1.12227201461792
v -0.15128162503242493 0.3283085227012634 1.0108299255371094
v 0.0711492970585823 0.5346883535385132 1.0049808025360107
v 0.028105836361646652 0.2400800585746765 0.9732463359832764
v 0.029136747121810913 0.2463100254535675 0.9749090671539307
v 0.04388505220413208 0.23851266503334045 0.9756298065185547
v 0.09647984802722931 0.5858412384986877 1.032738208770752
v 0.10469144582748413 0.5851825475692749 1.0354819297790527
v 0.09943826496601105 0.5743681192398071 1.0246849060058594
v -0.20769427716732025 0.1465810239315033 1.059495210647583
v -0.02605799213051796 0.2222020924091339 0.9701956510543823
v -0.036122772842645645 0.2274460792541504 0.9685643911361694
v 0.07231422513723373 0.6194289922714233 1.1194849014282227
v 0.07748927921056747 0.6135789155960083 1.1263189315795898
v 0.0657779723405838 0.20981715619564056 0.9826576113700867
v 0.05216424912214279 0.2024673968553543 0.9757261276245117
v -0.27411723136901855 0.4461685121059418 1.095544695854187
v -0.2656782567501068 0.4446476697921753 1.1004242897033691
v -0.1864539533853531 0.17021450400352478 1.1291496753692627
v -0.1397455334663391 0.4753051996231079 1.1918461322784424
v 0.13336491584777832 0.47818300127983093 1.037438988685608
v 0.13159170746803284 0.46423619985580444 1.0247001647949219
v 0.11733508110046387 0.3029828667640686 1.1805498600006104
v 0.10899294912815094 0.19651123881340027 0.9960413575172424
v 0.13538923859596252 0.405300110578537 1.0520834922790527
v 0.13155679404735565 0.39528191089630127 1.0446515083312988
v -0.024182535707950592 0.37359678745269775 1.2429273128509521
v -0.023564118891954422 0.35574451088905334 1.2430070638656616
v 0.2224423885345459 0.46418341994285583 1.0887871980667114
v -0.2434123158454895 0.37971463799476624 1.025760293006897
v -0.2412482500076294 0.3833184838294983 1.0368369817733765
v -0.09329463541507721 0.5407149195671082 1.000819206237793
v -0.09440110623836517 0.5543273687362671 1.008508563041687
v -0.25192469358444214 0.5356811285018921 1.093522310256958
v -0.2422897219657898 0.5469601154327393 1.0945966243743896
v -0.2899036407470703 0.4492422342300415 1.0893580913543701
v -0.07933726906776428 0.0780448168516159 1.2170238494873047
v -0.0953674465417862 0.07823266088962555 1.209975004196167
v 0.16185227036476135 0.4525880515575409 0.9992759227752686
v 0.05180615931749344 0.24171537160873413 1.2361161708831787
v -0.07015077024698257 0.2066042274236679 0.972636878490448
v 0.06107494980096817 0.34396225214004517 1.2452915906906128
v -0.21013996005058289 0.40978801250457764 1.0332483053207397
v -0.16208350658416748 0.15767475962638855 1.165485143661499
v 0.12281728535890579 0.21879833936691284 1.165474772453308
v 0.19303736090660095 0.5598950386047363 1.097078800201416
v 0.1820465624332428 0.5707210898399353 1.1015470027923584
v 0.01671653427183628 0.46660560369491577 1.2246127128601074
v -0.2051072120666504 0.4108118414878845 1.075326919555664
v -0.1550702303647995 0.5731058716773987 1.0323106050491333
v -0.20745931565761566 0.12973140180110931 1.0471651554107666
v -0.20641270279884338 0.14278104901313782 1.0488598346710205
v -0.17986372113227844 0.4563564360141754 1.0295641422271729
v -0.13996224105358124 0.48653444647789 1.1836351156234741
v -0.14794191718101501 0.4833412766456604 1.1803255081176758
v -0.17797468602657318 0.17922213673591614 1.0066314935684204
v -0.2619209289550781 0.3663906753063202 1.04584538936615
v -0.1458202600479126 0.2968705892562866 1.2044024467468262
v 0.137140691280365 0.45280563831329346 1.1525074243545532
v 0.13324108719825745 0.4471655488014221 1.163015604019165
v 0.13679327070713043 0.4429069459438324 1.1483519077301025
v -0.10985637456178665 0.43558138608932495 1.2273390293121338
v -0.10348886251449585 0.4281960129737854 1.232202172279358
v 0.13483336567878723 0.23944935202598572 1.0744479894638062
v 0.1328885555267334 0.2535848617553711 1.0732321739196777
v 0.1340712308883667 0.25064557790756226 1.0875685214996338
v 0.12025080621242523 0.5494774580001831 1.0190092325210571
v 0.11528150737285614 0.5614745020866394 1.0194722414016724
v -0.050983283668756485 0.47368425130844116 1.2164491415023804
v -0.03938426822423935 0.46728619933128357 1.2207388877868652
v -0.19656060636043549 0.5647060871124268 1.0531768798828125
v 0.009998083114624023 0.5451295375823975 1.0131456851959229
v -0.0023400895297527313 0.5346627235412598 1.011693000793457
v -0.0026214532554149628 0.5512394905090332 1.017951488494873
v 0.08679436147212982 0.2254132628440857 0.9912514090538025
v 0.10093765705823898 0.23254823684692383 0.9967645406723022
v -0.11562503129243851 0.36146077513694763 1.2376075983047485
v -0.19591866433620453 0.5206886529922485 1.011551022529602
v -0.22536508738994598 0.5604568719863892 1.066664218902588
v 0.0754321962594986 0.1922483891248703 1.2153372764587402
v 0.07284888625144958 0.20261280238628387 1.2185869216918945
v 0.06382589042186737 0.19122835993766785 1.2230621576309204
v 0.1157333254814148 0.43602705001831055 1.2002284526824951
v 0.18917468190193176 0.5516485571861267 1.0571494102478027
v 0.19917252659797668 0.5405077338218689 1.0536154508590698
v 0.18661469221115112 0.5494786500930786 1.0511832237243652
v -0.003169404808431864 0.4144837260246277 1.2411367893218994
v 0.007842490449547768 0.41778963804244995 1.2418265342712402
v -0.203571617603302 0.16730038821697235 1.079940915107727
v 0.022699061781167984 0.6175167560577393 1.1482653617858887
v -0.20360027253627777 0.471811443567276 1.008081078529358
v -0.2037414014339447 0.4809942841529846 1.010903000831604
v -0.16808736324310303 0.3086499571800232 1.1786563396453857
v -0.11777317523956299 0.5646430850028992 1.0117650032043457
v -0.15416036546230316 0.6020959615707397 1.1015033721923828
v -0.20858417451381683 0.5520858764648438 1.030359148979187
v -0.21070805191993713 0.5478930473327637 1.0256879329681396
v -0.21727688610553741 0.5558395981788635 1.0373783111572266
v -0.12054096162319183 0.48145347833633423 0.9779322147369385
v -0.20792193710803986 0.4118567705154419 1.0819252729415894
v -0.2103518545627594 0.4581173062324524 1.0013697147369385
v -0.10216404497623444 0.5191538333892822 0.9912430047988892
v -0.11305677890777588 0.5201398134231567 0.9872540831565857
v -0.23586255311965942 0.4189039468765259 1.0930290222167969
v -0.22743727266788483 0.4273023009300232 1.0972870588302612
v 0.07751096040010452 0.5906697511672974 1.1495578289031982
v 0.11674179136753082 0.5382930040359497 1.0137553215026855
v -0.0716819316148758 0.3276674747467041 1.2429943084716797
v -0.06338194012641907 0.33366334438323975 1.2430399656295776
v -0.11082711815834045 0.47109255194664 1.211386799812317
v -0.16067582368850708 0.5129128098487854 1.1723954677581787
v -0.15290269255638123 0.520665168762207 1.1705025434494019
v -0.04272441938519478 0.38474196195602417 1.2424964904785156
v -0.07382185012102127 0.447229266166687 1.2270418405532837
v -0.06193746626377106 0.4470970630645752 1.2280374765396118
v -0.14634943008422852 0.21454764902591705 0.9922761917114258
v 0.0035493187606334686 0.6332713961601257 1.0737271308898926
v 0.013878799974918365 0.628027617931366 1.0680714845657349
v 0.10288344323635101 0.21342092752456665 1.0009777545928955
v 0.10356298089027405 0.2242448627948761 1.0007946491241455
v -0.27905839681625366 0.4234297573566437 0.983625590801239
v -0.2831190228462219 0.4320937991142273 0.987845242023468
v 0.0565386638045311 0.5145890712738037 0.997530996799469
v 0.08278399705886841 0.26432332396507263 0.9985389113426208
v -0.10174830257892609 0.5130153298377991 1.1897977590560913
v -0.20458248257637024 0.5696468353271484 1.0588757991790771
v 0.11894682049751282 0.3540254235267639 1.0305036306381226
v -0.14389608800411224 0.6055469512939453 1.0731582641601562
v -0.17434993386268616 0.2735152840614319 1.156234860420227
v 0.12986153364181519 0.48205339908599854 1.055158019065857
v -0.17160196602344513 0.15425950288772583 0.9882293343544006
v -0.11854667961597443 0.2539035975933075 0.9848389029502869
v -0.1922815442085266 0.2345990538597107 1.1131988763809204
v -0.19390824437141418 0.24201828241348267 1.1086208820343018
v -0.19484584033489227 0.23529106378555298 1.1021250486373901
v -0.07497288286685944 0.48866379261016846 1.207698106765747
v 0.12659305334091187 0.3857833445072174 1.0374960899353027
v -0.18541063368320465 0.3489430546760559 1.116923213005066
v -0.18237103521823883 0.3427944779396057 1.1261507272720337
v 0.00932568684220314 0.6047970056533813 1.0452463626861572
v 0.021564897149801254 0.6120571494102478 1.0513240098953247
v -0.009685223922133446 0.2769196927547455 0.990564227104187
v 0.16123627126216888 0.5789021253585815 1.0789544582366943
v 0.16575279831886292 0.5810542702674866 1.0899046659469604
v 0.17006908357143402 0.5772840976715088 1.0839159488677979
v 0.13473521173000336 0.22068160772323608 1.046713948249817
v -0.18279853463172913 0.3071022033691406 1.0786808729171753
v -0.08481212705373764 0.573998749256134 1.0221705436706543
v -0.17416159808635712 0.4521525204181671 1.165308952331543
v -0.0700753852725029 0.5215952396392822 0.9975055456161499
v -0.2186295986175537 0.5504119992256165 1.0333600044250488
v -0.1723400205373764 0.14182636141777039 0.9854907989501953
v 0.04027176275849342 0.6214017868041992 1.130957007408142
v 0.033228494226932526 0.6198750734329224 1.137508749961853
v -0.17799164354801178 0.443547785282135 1.1702598333358765
v -0.032055310904979706 0.2815730571746826 1.2450861930847168
v -0.011852278374135494 0.45729851722717285 0.9853144288063049
v -0.0007510408759117126 0.46659642457962036 0.9855343103408813
v 0.2008984088897705 0.5286749005317688 1.1185301542282104
v 0.19460752606391907 0.5414866209030151 1.1235833168029785
v -0.11686358600854874 0.5362800359725952 1.1727228164672852
v -0.10515964031219482 0.5367544889450073 1.1760480403900146
v -0.11008962988853455 0.5455766320228577 1.170336127281189
v -0.10926982760429382 0.5248520374298096 1.1810191869735718
v 0.0029712319374084473 0.1696799248456955 0.9558467268943787
v 0.011539559811353683 0.17567095160484314 0.9592596292495728
v 0.10271000117063522 0.20612739026546478 0.9972095489501953
v 0.11304888129234314 0.20555683970451355 1.0057295560836792
v 0.011854809708893299 0.42351841926574707 0.9830065965652466
v 0.0008600205183029175 0.4144176244735718 0.9850422739982605
v 0.07582556456327438 0.4346434473991394 0.9885820150375366
v 0.0605345293879509 0.4363935589790344 0.9896585941314697
v 0.07143454998731613 0.4456256628036499 0.9894523620605469
v -0.021196141839027405 0.4318833351135254 0.9806851744651794
v -0.030587809160351753 0.4232615828514099 0.9742214679718018
v -0.13354553282260895 0.45992720127105713 0.9869586825370789
v -0.19698716700077057 0.09451636672019958 1.1322110891342163
v -0.1988925188779831 0.5058305859565735 1.0153400897979736
v -0.04003635421395302 0.3708242177963257 0.9754941463470459
v -0.2560839056968689 0.36703774333000183 1.0361504554748535
v -0.26349836587905884 0.36034512519836426 1.038060188293457
v -0.010287377052009106 0.09570236504077911 1.233142375946045
v -0.18064813315868378 0.42448803782463074 1.132487416267395
v -0.18259459733963013 0.4294358193874359 1.1210455894470215
v -0.10297536849975586 0.30376046895980835 1.2349510192871094
v -0.1103176698088646 0.29788458347320557 1.2312743663787842
v -0.25546181201934814 0.5181135535240173 1.1091126203536987
v -0.2146674543619156 0.5316691994667053 1.028757929801941
v -0.2188117504119873 0.5442972183227539 1.0303279161453247
v -0.21119600534439087 0.42896461486816406 1.0905755758285522
v 0.11614874005317688 0.4210928678512573 1.2019329071044922
v -0.20803670585155487 0.5053137540817261 1.1440898180007935
v 0.1347137987613678 0.5677006244659424 1.16001296043396
v -0.053616415709257126 0.3789628744125366 1.2428057193756104
v -0.18156582117080688 0.5230754613876343 1.0021982192993164
v 0.15964198112487793 0.11050772666931152 1.1071374416351318
v -0.13018089532852173 0.20302745699882507 0.9839127063751221
v -0.12037243694067001 0.19672942161560059 0.975918173789978
v 0.16809606552124023 0.11051015555858612 1.0695643424987793
v -0.19732575118541718 0.18603472411632538 1.0847938060760498
v 0.1770729422569275 0.5202909708023071 1.1419776678085327
v -0.17490752041339874 0.23273113369941711 1.152942419052124
v -0.17089605331420898 0.24831488728523254 1.1610757112503052
v -0.17900557816028595 0.2489701509475708 1.1475024223327637
v -0.042159322649240494 0.4641437530517578 0.9831299185752869
v -0.021840710192918777 0.28628647327423096 1.2461071014404297
v -0.012120496481657028 0.28133413195610046 1.246819019317627
v -0.012599128298461437 0.30015048384666443 1.2470085620880127
v -0.12568743526935577 0.4484529495239258 0.9791998863220215
v -0.13801582157611847 0.44828295707702637 0.9934844374656677
v -0.17445158958435059 0.25694096088409424 1.1549241542816162
v -0.17198042571544647 0.26716500520706177 1.1589199304580688
v -0.21149387955665588 0.488532155752182 1.0077648162841797
v -0.20540156960487366 0.4968847632408142 1.0127508640289307
v -0.12975959479808807 0.3193744421005249 1.2238335609436035
v -0.12331589311361313 0.3252183198928833 1.2293119430541992
v -0.13350047171115875 0.33586668968200684 1.2254526615142822
v 0.2680114507675171 0.4781952202320099 1.0527632236480713
v 0.27273279428482056 0.46793487668037415 1.0539382696151733
v 0.2741444408893585 0.4793298840522766 1.0400892496109009
v 0.13212576508522034 0.522803544998169 1.0309932231903076
v -0.11902348697185516 0.20572857558727264 0.9800239205360413
v -0.07592196017503738 0.5909832715988159 1.1671984195709229
v -0.22386857867240906 0.41752591729164124 1.081634759902954
v 0.15383997559547424 0.4418832063674927 1.0117003917694092
v 0.1486150622367859 0.44354748725891113 1.0242174863815308
v -0.1656036376953125 0.19141416251659393 1.1654046773910522
v -0.31999582052230835 0.4622642993927002 1.0458226203918457
v 0.09473063796758652 0.6204133033752441 1.093658208847046
v 0.08161777257919312 0.22763578593730927 0.9886997938156128
v 0.07263920456171036 0.23028336465358734 0.9851713180541992
v 0.16760507225990295 0.44001659750938416 1.082180380821228
v 0.1561034619808197 0.44661226868629456 1.0815173387527466
v -0.1475760042667389 0.1489180028438568 0.9655553698539734
v -0.18206721544265747 0.23627963662147522 1.0487760305404663
v 0.2229016125202179 0.47351258993148804 1.090757966041565
v 0.23170018196105957 0.47024214267730713 1.0830800533294678
v 0.2209731638431549 0.4127156436443329 1.069611668586731
v 0.16437646746635437 0.5587670207023621 1.1472417116165161
v 0.16554787755012512 0.5493941903114319 1.149861454963684
v -0.0021244697272777557 0.5809373259544373 1.1752020120620728
v 0.20480099320411682 0.4345305860042572 0.9755102396011353
v 0.19061237573623657 0.4372025728225708 0.9805090427398682
v 0.10692880302667618 0.5293596982955933 1.1812433004379272
v 0.10919605940580368 0.5155176520347595 1.1866568326950073
v 0.14464300870895386 0.44807523488998413 1.0877360105514526
v -0.03503852337598801 0.20149189233779907 0.968326210975647
v -0.025634558871388435 0.1975163370370865 0.9667576551437378
v 0.10581725835800171 0.20808494091033936 1.188559651374817
v 0.14245083928108215 0.5875719785690308 1.0744706392288208
v 0.09114734828472137 0.2062915563583374 0.9898841381072998
v 0.09711533039808273 0.19662050902843475 0.9885527491569519
v 0.1695830374956131 0.5800817012786865 1.1008574962615967
v 0.021247509866952896 0.5532709956169128 1.0135384798049927
v 0.02159392461180687 0.5362423658370972 1.0063608884811401
v -0.1301054060459137 0.6165040731430054 1.0943373441696167
v 0.000254262238740921 0.5651984214782715 1.0234981775283813
v 0.10739036649465561 0.12266014516353607 1.179734706878662
v -0.1575050801038742 0.27737531065940857 1.1826683282852173
v 0.15086495876312256 0.557594358921051 1.032487154006958
v 0.15715306997299194 0.5644742250442505 1.0417437553405762
v -0.15316328406333923 0.33592405915260315 1.0229915380477905
v 0.018666889518499374 0.2775351405143738 0.987353503704071
v 0.05078576132655144 0.5002570152282715 0.9942843317985535
v 0.025373991578817368 0.2502647638320923 1.2452654838562012
v 0.015915265306830406 0.24588993191719055 1.246626853942871
v 0.024502037093043327 0.2402852475643158 1.2450498342514038
v 0.102760449051857 0.5405106544494629 1.016329288482666
v -0.03479504585266113 0.5046948194503784 0.9923225045204163
v -0.010234948247671127 0.4234868884086609 0.9850971698760986
v -0.01181081309914589 0.46863943338394165 0.9859181642532349
v 0.11280577629804611 0.2927290201187134 1.1852670907974243
v -0.13874562084674835 0.45402294397354126 1.2115623950958252
v 0.09247922152280807 0.27013707160949707 1.0047945976257324
v -0.10395609587430954 0.44881927967071533 1.2224866151809692
v -0.18805815279483795 0.11951525509357452 1.00010347366333
v -0.05235560983419418 0.11337943375110626 1.229623794555664
v -0.06013714522123337 0.5449808239936829 1.0109775066375732
v 0.006397140212357044 0.44415587186813354 1.2337009906768799
v -0.005046156235039234 0.44933104515075684 1.2304117679595947
v 0.14763247966766357 0.46177104115486145 1.0116803646087646
v 0.14319518208503723 0.4510229527950287 1.0188759565353394
v 0.14156728982925415 0.46377095580101013 1.02061927318573
v -0.13244764506816864 0.17964039742946625 1.199280858039856
v -0.1262122094631195 0.1873278021812439 1.2054187059402466
v -0.1345236599445343 0.19240933656692505 1.199425458908081
v -0.08002138882875443 0.30418190360069275 1.2404649257659912
v 0.15397638082504272 0.43828892707824707 1.0613324642181396
v 0.15432637929916382 0.4419694244861603 1.0713971853256226
v 0.0490608736872673 0.48010820150375366 1.2164943218231201
v -0.25997889041900635 0.5003849267959595 1.0269968509674072
v -0.2592679262161255 0.49219661951065063 1.018629789352417
v 0.12096153944730759 0.2574561536312103 1.022546648979187
v 0.1342431604862213 0.44815632700920105 1.0851216316223145
v 0.16265331208705902 0.5736451148986816 1.1379635334014893
v -0.16334162652492523 0.38834455609321594 1.1980650424957275
v -0.1569640189409256 0.38483235239982605 1.2075226306915283
v -0.15855245292186737 0.39954203367233276 1.2059402465820312
v -0.18015898764133453 0.14349424839019775 0.9949747920036316
v -0.14545166492462158 0.3111450672149658 0.9900457262992859
v -0.1500338315963745 0.3023333251476288 0.9941797852516174
v 0.17136622965335846 0.5240887403488159 1.1480953693389893
v -0.18784122169017792 0.1450621783733368 1.0043953657150269
v 0.004147810861468315 0.4921567440032959 1.2116962671279907
v 0.014948506839573383 0.4939906597137451 1.211227297782898
v 0.003554326482117176 0.49870944023132324 1.2086176872253418
v 0.1347052901983261 0.4517551362514496 1.0737900733947754
v -0.1348763406276703 0.408394455909729 0.9902543425559998
v 0.03553062677383423 0.27405184507369995 1.244189977645874
v 0.0365951731801033 0.2934406101703644 1.2452244758605957
v 0.02628788910806179 0.2797793745994568 1.245998501777649
v 0.1858697235584259 0.40020614862442017 1.023119568824768
v 0.16332626342773438 0.4989936053752899 1.1477235555648804
v 0.1684870421886444 0.4911017119884491 1.1418144702911377
v 0.17109167575836182 0.5037584900856018 1.1442996263504028
v 0.014887472614645958 0.11506153643131256 1.2330492734909058
v -0.07146751880645752 0.551784336566925 1.180286169052124
v 0.13630254566669464 0.3498390018939972 1.0824447870254517
v 0.1361539363861084 0.345315158367157 1.0999352931976318
v 0.040620625019073486 0.6300754547119141 1.0787205696105957
v -0.13119633495807648 0.4164196252822876 0.982114315032959
v 0.16120710968971252 0.4384821057319641 1.0041810274124146
v 0.15218794345855713 0.4520300328731537 1.0084493160247803
v -0.09851124882698059 0.5657095909118652 1.1653640270233154
v 0.13520517945289612 0.4308372735977173 1.0541234016418457
v -0.05720619857311249 0.2779887914657593 0.9838241338729858
v -0.05645007640123367 0.26616567373275757 0.9855102896690369
v -0.2333790510892868 0.5554470419883728 1.0959004163742065
v -1.7525628209114075e-05 0.30442526936531067 0.9890180230140686
v 0.21541082859039307 0.442981094121933 0.9755117893218994
v 0.2161819040775299 0.4532588720321655 0.9802760481834412
v -0.24947406351566315 0.4316943287849426 0.9874944686889648
v 0.07489786297082901 0.555342435836792 1.1730605363845825
v -0.1814691424369812 0.49345824122428894 0.9973262548446655
v -0.1798589676618576 0.501740574836731 0.9940879940986633
v 0.12653350830078125 0.4980032742023468 1.1818134784698486
v 0.001462036743760109 0.24131488800048828 0.9707030057907104
v -0.19284968078136444 0.26076799631118774 1.1041574478149414
v -0.19126620888710022 0.2703055143356323 1.1118831634521484
v 0.054897867143154144 0.618266224861145 1.0640994310379028
v 0.15505121648311615 0.575109601020813 1.0672829151153564
v 0.15318971872329712 0.5722016096115112 1.0615270137786865
v 0.0624140202999115 0.36819228529930115 1.2462049722671509
v 0.07300108671188354 0.3717857003211975 1.242962121963501
v 0.0607050321996212 0.3840218186378479 1.2466295957565308
v 0.24082472920417786 0.4720337986946106 1.0075217485427856
v 0.11018410325050354 0.5924646258354187 1.0461111068725586
v 0.17156901955604553 0.4202081263065338 1.008737325668335
v 0.22750571370124817 0.4854528605937958 1.0133845806121826
v -0.09229478985071182 0.3707523047924042 1.2424882650375366
v 0.15419022738933563 0.5518691539764404 1.1548500061035156
v 0.15458787977695465 0.5380731821060181 1.1572768688201904
v 0.225918710231781 0.46750321984291077 0.9929376840591431
v -0.16805928945541382 0.3414686322212219 1.1683276891708374
v -0.1759382039308548 0.3210703730583191 1.0583343505859375
v -0.19467464089393616 0.14121580123901367 1.0149832963943481
v -0.3168245255947113 0.4485537111759186 1.0250998735427856
v 0.0767386257648468 0.2535446286201477 0.994193434715271
v 0.08533855527639389 0.25665318965911865 0.9991269111633301
v 0.08467388153076172 0.2444254755973816 0.9919641613960266
v -0.10817723721265793 0.2212424874305725 0.9750762581825256
v 0.05858417972922325 0.39934802055358887 1.246703028678894
v 0.049548305571079254 0.3879123330116272 1.2479896545410156
v -0.051734037697315216 0.29644298553466797 1.2431964874267578
v -0.13961848616600037 0.5490595698356628 1.15833580493927
v -0.1411219835281372 0.5625306963920593 1.149800419807434
v -0.09623119980096817 0.17239436507225037 0.9586717486381531
v -0.09623157232999802 0.161727175116539 0.953648030757904
v -0.2343485951423645 0.5516853928565979 1.105583906173706
v 0.01789887249469757 0.4387258291244507 1.237047553062439
v 0.007442881353199482 0.4266970753669739 1.2394421100616455
v 0.019024653360247612 0.4212483763694763 1.2431151866912842
v 0.15020890533924103 0.5910056829452515 1.1281895637512207
v 0.02005792409181595 0.4313491880893707 0.9836117625236511
v -0.21484409272670746 0.5182689428329468 1.0211960077285767
v -0.21120958030223846 0.5057519674301147 1.0151736736297607
v -0.18378113210201263 0.2073463648557663 1.0275838375091553
v -0.1796932816505432 0.21541719138622284 1.025357723236084
v -0.1723729819059372 0.20628780126571655 1.0133075714111328
v -0.07999657094478607 0.2705606520175934 1.2377866506576538
v -0.08976560086011887 0.28259190917015076 1.2361172437667847
v -0.03250544145703316 0.4357892870903015 1.2337764501571655
v -0.07784222811460495 0.21511104702949524 1.2352354526519775
v 0.048012614250183105 0.6104909777641296 1.138248324394226
v 0.05722036212682724 0.6094036102294922 1.1359748840332031
v 0.07256288826465607 0.35164061188697815 0.9908088445663452
v 0.06053614988923073 0.34534305334091187 0.9905707240104675
v 0.008560599759221077 0.5284132957458496 1.1946450471878052
v -0.19012106955051422 0.3155807852745056 1.085638165473938
v 0.07858484983444214 0.2785803973674774 1.2243742942810059
v 0.16165390610694885 0.45448237657546997 1.0974161624908447
v 0.17566809058189392 0.45751500129699707 1.1047078371047974
v 0.1826256513595581 0.44867849349975586 1.0986052751541138
v -0.0121800871565938 0.48983076214790344 0.9942147135734558
v 0.022027570754289627 0.49665167927742004 0.9926270246505737
v 0.14892785251140594 0.11916278302669525 1.0136266946792603
v 0.03340725228190422 0.5227505564689636 0.9992539882659912
v 0.11806643754243851 0.26986706256866455 1.1686452627182007
v -0.19336476922035217 0.20375894010066986 1.0586121082305908
v -0.19267767667770386 0.21284735202789307 1.0552122592926025
v -0.19163016974925995 0.20153594017028809 1.0444633960723877
v 0.13695022463798523 0.41757720708847046 1.1040301322937012
v 0.13675495982170105 0.4048268496990204 1.1053650379180908
v 0.04367579519748688 0.13601085543632507 0.9433854818344116
v 0.04856475442647934 0.1242997944355011 0.9398210644721985
v 0.0967448428273201 0.14199675619602203 0.9629417657852173
v -0.3408829867839813 0.4450218677520752 1.0452839136123657
v 0.08146646618843079 0.359632670879364 1.2358464002609253
v 0.07293760031461716 0.3640686869621277 1.242593765258789
v -0.02298210933804512 0.33832278847694397 1.2440677881240845
v -0.013253720477223396 0.3423823118209839 1.246030330657959
v 0.19185397028923035 0.5386608839035034 1.0422362089157104
v -0.03852016478776932 0.5868169069290161 1.0343780517578125
v -0.03783682733774185 0.577177107334137 1.0289064645767212
v 0.13463684916496277 0.3306455612182617 1.1067756414413452
v 0.13296733796596527 0.3349192142486572 1.1233034133911133
v 0.13284550607204437 0.32272130250930786 1.1227459907531738
v -0.047719985246658325 0.2745533585548401 0.9863703846931458
v 0.00040411949157714844 0.3420553207397461 0.98769611120224
v 0.009999789297580719 0.3484841287136078 0.9844276905059814
v -0.0025407057255506516 0.3966083526611328 1.2437936067581177
v -0.0978655070066452 0.33372652530670166 0.9872181415557861
v -0.0880531445145607 0.32951322197914124 0.9864428043365479
v 0.028281792998313904 0.568613588809967 1.0202606916427612
v 0.016675293445587158 0.5691545009613037 1.022463321685791
v -0.20981064438819885 0.10112375020980835 1.0432534217834473
v -0.11935704946517944 0.3920358419418335 1.2381302118301392
v 0.03417659550905228 0.24373099207878113 1.2428216934204102
v -0.19228200614452362 0.22142934799194336 1.0994755029678345
v -0.22600817680358887 0.4249453544616699 0.9963970184326172
v 0.16838037967681885 0.43519458174705505 0.9966803193092346
v 0.16873511672019958 0.4268849492073059 1.0018566846847534
v 0.12643149495124817 0.4701509177684784 1.0431238412857056
v -0.13585589826107025 0.234052374958992 0.9953869581222534
v -0.14494796097278595 0.23688480257987976 1.0043728351593018
v -0.021495778113603592 0.4524260461330414 1.227892518043518
v -0.16482047736644745 0.09772217273712158 1.1645267009735107
v -0.13632023334503174 0.25368601083755493 0.9974039196968079
v -0.1393863558769226 0.2453410029411316 1.001754879951477
v -0.14637576043605804 0.25711584091186523 1.0046539306640625
v 0.03600568324327469 0.12665849924087524 1.2288639545440674
v -0.17413970828056335 0.2598057985305786 1.0370409488677979
v 0.07262266427278519 0.1183483749628067 1.2077826261520386
v -0.005463932640850544 0.4633384644985199 1.224454641342163
v 0.17503172159194946 0.4250434935092926 0.9958716034889221
v 0.16378647089004517 0.5684947371482849 1.0511897802352905
v 0.16085484623908997 0.5524554252624512 1.0410734415054321
v -0.049372605979442596 0.0775780901312828 1.2265654802322388
v -0.033909425139427185 0.07735666632652283 1.2286038398742676
v -0.19146393239498138 0.3718259632587433 1.0979729890823364
v -0.1919550895690918 0.3596689999103546 1.099757194519043
v -0.18944761157035828 0.44210612773895264 1.0676398277282715
v 0.01633702963590622 0.5341662168502808 1.1917009353637695
v -0.1901920586824417 0.28805965185165405 1.1203758716583252
v -0.18764404952526093 0.2956550121307373 1.1290494203567505
v -0.28746670484542847 0.44800740480422974 1.001017451286316
v 0.04745212569832802 0.6331974267959595 1.1002651453018188
v -0.14426174759864807 0.43437281250953674 0.9995992183685303
v -0.15474747121334076 0.43939512968063354 1.0020838975906372
v -0.10841323435306549 0.13351604342460632 1.2091830968856812
v -0.11895868182182312 0.14307941496372223 1.2035527229309082
v -0.12251191586256027 0.1338331699371338 1.2001575231552124
v -0.01405067928135395 0.377718985080719 1.2438448667526245
v -0.17552950978279114 0.2824396789073944 1.050842523574829
v 0.14574888348579407 0.563591718673706 1.0470236539840698
v 0.14190152287483215 0.558082640171051 1.0359104871749878
v -0.014459200203418732 0.4113633930683136 1.240669846534729
v 0.04619498550891876 0.2581838369369507 0.9821916818618774
v 0.03616297245025635 0.2494608461856842 0.9771376848220825
v 0.036926716566085815 0.2613029479980469 0.9832766652107239
v 0.1873580515384674 0.4660879075527191 0.9886272549629211
v 0.09441187977790833 0.3232540786266327 0.9983364939689636
v 0.0836411714553833 0.32128840684890747 0.9929356575012207
v 0.12112266570329666 0.4264718294143677 1.189310908317566
v 0.05457548424601555 0.19049006700515747 1.2280184030532837
v 0.053669996559619904 0.179845929145813 1.2269151210784912
v 0.16848599910736084 0.5565463900566101 1.0476727485656738
v 0.07077992707490921 0.4635283946990967 1.221081018447876
v 0.06726270169019699 0.6002548933029175 1.1425049304962158
v 0.05754324048757553 0.6010679006576538 1.1440629959106445
v 0.26537543535232544 0.4857494831085205 1.037524700164795
v 0.27889370918273926 0.47949960827827454 1.0266807079315186
v 0.28152185678482056 0.47065120935440063 1.0431203842163086
v 0.19271746277809143 0.5121526718139648 1.1273062229156494
v 0.18439126014709473 0.5166966319084167 1.1348297595977783
v 0.1238679513335228 0.3063507676124573 1.1682116985321045
v 0.09404722601175308 0.3372715711593628 0.9987610578536987
v 0.08347955346107483 0.34637314081192017 0.9929713010787964
v -0.09825189411640167 0.32635265588760376 1.2392621040344238
v 0.14119163155555725 0.46078187227249146 1.0895112752914429
v -0.18723538517951965 0.3055678606033325 1.087607741355896
v -0.0019019339233636856 0.0959637463092804 1.2330604791641235
v 0.011086972430348396 0.09416050463914871 1.2320175170898438
v 0.004476655274629593 0.10523439943790436 1.2333437204360962
v 0.24508234858512878 0.49730658531188965 1.047760009765625
v -0.13247793912887573 0.5580815076828003 1.1554813385009766
v -0.18206414580345154 0.29255178570747375 1.1437214612960815
v -0.18463551998138428 0.28218793869018555 1.1359511613845825
v -0.18505889177322388 0.41570353507995605 1.1042935848236084
v -0.012482434511184692 0.31619173288345337 1.2473245859146118
v -0.02237696386873722 0.3203408420085907 1.2455878257751465
v -0.2916748523712158 0.46932217478752136 1.0804365873336792
v -0.17531971633434296 0.5189072489738464 0.9959361553192139
v -0.13027697801589966 0.5216894745826721 0.9974012970924377
v 0.13411349058151245 0.3071531653404236 1.1056500673294067
v -0.17738185822963715 0.2979743480682373 1.0709617137908936
v 0.03939978778362274 0.5907081365585327 1.0339800119400024
v 0.03546106442809105 0.5993131995201111 1.0409479141235352
v -0.049816712737083435 0.5750380754470825 1.0269142389297485
v -0.06006351113319397 0.4080711901187897 0.9813969135284424
v 0.14347338676452637 0.58078533411026 1.0681447982788086
v 0.00498759001493454 0.08599576354026794 1.231459379196167
v -0.0013215038925409317 0.07784030586481094 1.2300424575805664
v 0.015913693234324455 0.07818639278411865 1.2303348779678345
v -0.0933363139629364 0.13352751731872559 1.2171319723129272
v -0.05810917913913727 0.13410618901252747 0.9412664175033569
v -0.2327253669500351 0.4168733060359955 0.9943303465843201
v -0.2962341606616974 0.4845134913921356 1.0567348003387451
v -0.30025649070739746 0.4830458164215088 1.0688021183013916
v 0.08075926452875137 0.4514217972755432 1.2231746912002563
v -0.060998667031526566 0.5592175722122192 1.0175514221191406
v 0.016756661236286163 0.3370363712310791 1.2493548393249512
v 0.006692857481539249 0.3418562412261963 1.2491190433502197
v 0.007079942151904106 0.32367995381355286 1.2489097118377686
v -0.07494383305311203 0.36688804626464844 1.2439568042755127
v -0.014075007289648056 0.5212156772613525 1.007413387298584
v -0.0014915801584720612 0.513634204864502 1.003971815109253
v -0.29379212856292725 0.43235963582992554 0.9923285841941833
v 0.1430901437997818 0.2029571235179901 1.0576623678207397
v -0.10563278198242188 0.36104753613471985 0.9813968539237976
v -0.0627928078174591 0.4808964133262634 1.2127591371536255
v -0.05157456919550896 0.4872458577156067 1.210357427597046
v 0.03972858935594559 0.3525533080101013 1.2492122650146484
v -0.12290333211421967 0.27499863505363464 1.2195498943328857
v -0.16261053085327148 0.44425535202026367 1.009783387184143
v -0.17141972482204437 0.4375825524330139 1.0119138956069946
v -0.10192423313856125 0.2692393660545349 0.9817466735839844
v -0.09235603362321854 0.266216516494751 0.9786127209663391
v -0.09897914528846741 0.2553703784942627 0.9765709042549133
v 0.142685204744339 0.5944346189498901 1.0946909189224243
v -0.1960456669330597 0.4306337237358093 1.0277612209320068
v -0.21221612393856049 0.10568302124738693 1.0648115873336792
v -0.1896740198135376 0.4381110370159149 1.1230521202087402
v 0.14261437952518463 0.46994107961654663 1.0940102338790894
v 0.13728803396224976 0.09217184782028198 1.1515488624572754
v 0.14855438470840454 0.09559038281440735 1.1385279893875122
v 0.13499271869659424 0.10070975124835968 1.1520402431488037
v -0.12495984882116318 0.2790180444717407 0.9874567985534668
v 0.07188345491886139 0.4672565460205078 0.9900442957878113
v -0.2899187505245209 0.47874295711517334 1.08040189743042
v -0.2975575923919678 0.4827909767627716 1.0730785131454468
v -0.1378205120563507 0.40074965357780457 0.9990094900131226
v 0.02076873555779457 0.36411476135253906 0.9825814962387085
v 0.0200869869440794 0.3541630506515503 0.9824889898300171
v -0.18963903188705444 0.45602983236312866 1.0196292400360107
v -0.18145030736923218 0.46045589447021484 1.0209420919418335
v 0.050163403153419495 0.36147525906562805 0.9889110922813416
v 0.009204279631376266 0.5608765482902527 1.0199742317199707
v -0.14689961075782776 0.5399759411811829 1.1605522632598877
v -0.12634101510047913 0.3093530237674713 0.9841392636299133
v 0.10255579650402069 0.19441194832324982 1.19100022315979
v -0.012703660875558853 0.3243147134780884 1.2471520900726318
v -0.22943811118602753 0.5526542663574219 1.1142905950546265
v -0.15508297085762024 0.23144760727882385 1.1845251321792603
v -0.1841326206922531 0.23355764150619507 1.1354999542236328
v -0.18485450744628906 0.35488536953926086 1.115866780281067
v -0.1789063960313797 0.3503062129020691 1.133255958557129
v -0.18186792731285095 0.3656332492828369 1.1282647848129272
v -0.1923089325428009 0.2802107036113739 1.1122376918792725
v -0.1888798177242279 0.2811819911003113 1.1240860223770142
v -0.14952045679092407 0.2486315369606018 1.0093207359313965
v -0.19041946530342102 0.5802128314971924 1.0770829916000366
v 0.002650618553161621 0.5373224020004272 1.19139564037323
v -0.17927677929401398 0.2879648208618164 1.070151925086975
v 0.07726996392011642 0.4781167805194855 1.2114633321762085
v -0.3114662170410156 0.4502910375595093 1.0672527551651
v -0.26780134439468384 0.3903725743293762 0.9805649518966675
v -0.2721193730831146 0.3830828368663788 0.9794914126396179
v 0.13679209351539612 0.3658461570739746 1.0726124048233032
v 0.13145942986011505 0.2930845320224762 1.0617645978927612
v 0.12656009197235107 0.2960938811302185 1.0469715595245361
v 0.12813116610050201 0.3058224320411682 1.0544289350509644
v -0.21797814965248108 0.4203370213508606 1.0042095184326172
v 0.023242764174938202 0.6223593354225159 1.0625290870666504
v -0.12927259504795074 0.2589647173881531 0.9899891018867493
v -0.1328732967376709 0.2695566713809967 0.9883736371994019
v -0.13919997215270996 0.5368885397911072 1.0047545433044434
v 0.13870349526405334 0.4073677957057953 1.1144554615020752
v 0.2095923125743866 0.5365866422653198 1.082930564880371
v -0.06541983783245087 0.2584071755409241 0.9840920567512512
v 0.1373240053653717 0.14510753750801086 1.0001559257507324
v 0.14237064123153687 0.14980508387088776 1.008860468864441
v 0.008031737990677357 0.3838326930999756 1.246359944343567
v -0.030355622991919518 0.4059343636035919 0.9749847054481506
v -0.030138643458485603 0.39032045006752014 0.9760574102401733
v 0.12935331463813782 0.5838446617126465 1.0510375499725342
v 0.1253170371055603 0.34566032886505127 1.043657660484314
v -0.15690894424915314 0.3708956837654114 1.0218288898468018
v 0.0712452232837677 0.3152606189250946 1.236258625984192
v 0.06512980908155441 0.3294222354888916 1.2418601512908936
v 0.010114666074514389 0.31286829710006714 0.9873315095901489
v 0.010188991203904152 0.32752108573913574 0.9866446852684021
v -0.08350437134504318 0.11325334012508392 1.2183740139007568
v -0.07274652272462845 0.12251469492912292 1.2245460748672485
v -0.08848527818918228 0.1234833225607872 1.217947244644165
v 0.1866580843925476 0.4381027817726135 1.0875176191329956
v 0.02952076494693756 0.4335891008377075 1.2403554916381836
v -0.08948588371276855 0.24853801727294922 0.9741566181182861
v -0.08021831512451172 0.24151700735092163 0.974034309387207
v 0.04485981911420822 0.24472375214099884 0.9770035147666931
v 0.05053035169839859 0.25014567375183105 0.9808754920959473
v 0.05976683646440506 0.2434697449207306 0.9818128943443298
v -0.17023366689682007 0.36644601821899414 1.179162621498108
v -0.03936963528394699 0.34741294384002686 0.9774823188781738
v -0.16041608154773712 0.3335791826248169 1.1884815692901611
v 0.015037477016448975 0.23597590625286102 1.2464483976364136
v 0.06164059415459633 0.4915463924407959 0.9926959872245789
v 0.0698762834072113 0.48484987020492554 0.9913843274116516
v -0.007606093771755695 0.5035509467124939 1.2059780359268188
v -0.018758650869131088 0.5083891153335571 1.203126072883606
v -0.017934856936335564 0.49519479274749756 1.2093846797943115
v -0.2567049264907837 0.47158509492874146 1.1147099733352661
v 0.14398963749408722 0.19353598356246948 1.0419756174087524
v 0.14833489060401917 0.1796896755695343 1.0374411344528198
v 0.12013601511716843 0.24332758784294128 1.167706847190857
v 0.11418922245502472 0.2508770227432251 1.1780102252960205
v 0.05325947701931 0.413452684879303 1.2463377714157104
v 0.07023048400878906 0.4246756434440613 0.9881998300552368
v 0.08162447810173035 0.4287930130958557 0.9901279807090759
v -0.18575021624565125 0.4319295585155487 1.1106959581375122
v -0.1701064258813858 0.21889595687389374 1.0151118040084839
v -0.06238710880279541 0.31615573167800903 1.2425767183303833
v -0.05178185924887657 0.3047335743904114 1.2432060241699219
v -0.05273186415433884 0.32178905606269836 1.2429782152175903
v -0.1957797110080719 0.42384451627731323 1.0615768432617188
v -0.1939866840839386 0.43630343675613403 1.059322714805603
v -0.02756950631737709 0.25618401169776917 0.9867323637008667
v -0.1719965934753418 0.5534775257110596 1.0268508195877075
v 0.08155122399330139 0.20306020975112915 1.2120304107666016
v 0.07742505520582199 0.21571823954582214 1.2169215679168701
v -0.21123045682907104 0.09142206609249115 1.1009386777877808
v 0.05126451700925827 0.23792289197444916 0.9775562882423401
v -0.11442697048187256 0.5087050199508667 0.9836815595626831
v -0.10080024600028992 0.4973990321159363 0.9857521653175354
v -0.22446447610855103 0.5590580701828003 1.052354335784912
v -0.22760646045207977 0.555336594581604 1.057419776916504
v -0.18007728457450867 0.20244532823562622 1.0215948820114136
v 0.23470592498779297 0.4703840911388397 1.0013902187347412
v 0.12251842021942139 0.38052088022232056 1.1910529136657715
v 0.07671302556991577 0.45597246289253235 0.9892033934593201
v 0.08158864080905914 0.4447716772556305 0.9897311329841614
v 0.08878324180841446 0.29206907749176025 0.9972445964813232
v 0.11953166872262955 0.5168476104736328 1.1839816570281982
v 0.11606308817863464 0.16277658939361572 0.9835304021835327
v 0.10666938126087189 0.17270149290561676 0.9814623594284058
v -0.24819807708263397 0.5244684815406799 1.1147141456604004
v 0.1398664116859436 0.18516404926776886 1.0243606567382812
v 0.1344933956861496 0.19897706806659698 1.0281070470809937
v -0.10429634898900986 0.28401321172714233 0.9851279854774475
v -0.16924285888671875 0.2476010024547577 1.0320550203323364
v 0.13518786430358887 0.44955548644065857 1.030818223953247
v 0.1311892569065094 0.449540376663208 1.0441497564315796
v -0.1809641271829605 0.40426209568977356 1.147011399269104
v -0.1831102967262268 0.187259703874588 1.0213210582733154
v -0.11832499504089355 0.5039968490600586 1.1893196105957031
v 0.08133920282125473 0.6040939092636108 1.137552261352539
v 0.08494779467582703 0.5843360424041748 1.1538442373275757
v 0.09348738193511963 0.5833154320716858 1.1540181636810303
v 0.027939029037952423 0.332664430141449 1.2490743398666382
v 0.13355842232704163 0.3470710217952728 1.1241159439086914
v -0.0627029538154602 0.5852574110031128 1.031636118888855
v 0.16103094816207886 0.1375337839126587 1.0531665086746216
v -0.10526241362094879 0.14392107725143433 1.2122703790664673
v 0.10896812379360199 0.5714426040649414 1.0244216918945312
v 0.10179273784160614 0.5589200854301453 1.019038200378418
v -0.14116911590099335 0.1137586310505867 1.1828299760818481
v 0.13463851809501648 0.40536728501319885 1.1337183713912964
v -0.15797600150108337 0.315115749835968 1.2006269693374634
v -0.14884917438030243 0.3115103840827942 1.2085082530975342
v -0.1520761251449585 0.3258916735649109 1.2116813659667969
v -0.11817849427461624 0.12359283864498138 1.201231837272644
v -0.10347090661525726 0.12359817326068878 1.2101686000823975
v -0.009134734980762005 0.26461678743362427 0.9870381355285645
v -0.13281969726085663 0.23763331770896912 1.208385705947876
v 0.14017874002456665 0.5741780996322632 1.0567606687545776
v 0.09079957753419876 0.23319245874881744 0.9911711812019348
v -0.03331441432237625 0.34149622917175293 1.24275541305542
v -0.03259313479065895 0.3235171437263489 1.2439106702804565
v -0.24180477857589722 0.40875130891799927 0.9907853007316589
v 0.13689085841178894 0.2066505253314972 1.1362031698226929
v 0.13842417299747467 0.19916793704032898 1.1311919689178467
v -0.03001384064555168 0.35991171002388 0.9795814752578735
v -0.02236664667725563 0.25095295906066895 1.246358871459961
v -0.01663685217499733 0.18889155983924866 0.9630127549171448
v 0.028206970542669296 0.2545524835586548 0.9797374606132507
v 0.05431978031992912 0.4259089231491089 0.9893039464950562
v -0.2721933126449585 0.5044221878051758 1.0500174760818481
v -0.2618318200111389 0.516856849193573 1.0516061782836914
v -0.26021116971969604 0.5149314403533936 1.0453579425811768
v 0.1370241791009903 0.119656503200531 1.1477402448654175
v -0.03794506937265396 0.6046493053436279 1.0453258752822876
v 0.13180121779441833 0.24226048588752747 1.0560009479522705
v -0.23354828357696533 0.41303423047065735 1.0858416557312012
v 0.05578860640525818 0.33257144689559937 0.990705668926239
v 0.06909090280532837 0.3808061480522156 0.9891694784164429
v -0.17523634433746338 0.47221043705940247 1.0106858015060425
v 0.1479901373386383 0.18687404692173004 1.1018579006195068
v 0.14476729929447174 0.19389085471630096 1.111290693283081
v 0.1460438072681427 0.176470085978508 1.1150171756744385
v 0.04035568982362747 0.5513980984687805 1.180951476097107
v -0.03997164964675903 0.3633410334587097 0.9759798049926758
v -0.057054780423641205 0.12251926958560944 1.229564905166626
v -0.0020085908472537994 0.5804727077484131 1.0315155982971191
v -0.01383228600025177 0.5796782970428467 1.0314555168151855
v 0.2257787585258484 0.5150975584983826 1.0899368524551392
v -0.15742343664169312 0.1230216771364212 1.170459508895874
v 0.10305632650852203 0.32442593574523926 1.007299780845642
v -0.07977527379989624 0.321596622467041 1.2421364784240723
v -0.0885637179017067 0.33145272731781006 1.2414577007293701
v -0.08779667317867279 0.3158045709133148 1.2402613162994385
v 0.10474909842014313 0.3839802145957947 1.0050945281982422
v 0.11145342886447906 0.39204859733581543 1.0157268047332764
v -0.1375563144683838 0.27707332372665405 0.9890294075012207
v -0.07166780531406403 0.5406428575515747 1.1835583448410034
v -0.06269192695617676 0.5439497232437134 1.1843268871307373
v -0.1612967699766159 0.31906449794769287 1.1893686056137085
v 0.024037914350628853 0.5525888800621033 1.18349289894104
v -0.014630161225795746 0.5421760678291321 1.0152876377105713
v -0.06294980645179749 0.24276095628738403 1.2407588958740234
v -0.05329808592796326 0.23945674300193787 1.2424352169036865
v 0.13452208042144775 0.4536360800266266 1.057009220123291
v -0.1684938371181488 0.3762214779853821 1.0247585773468018
v -0.15910542011260986 0.380835622549057 1.0201401710510254
v -0.10640574991703033 0.211758553981781 1.2225784063339233
v -0.10986211895942688 0.22636118531227112 1.2223962545394897
v -0.11982593685388565 0.2164219468832016 1.2151224613189697
v 0.0007488587871193886 0.38852253556251526 0.9858341217041016
v -0.004952654242515564 0.39733242988586426 0.9855025410652161
v 0.0006514415144920349 0.40553832054138184 0.9852032661437988
v 0.06114868074655533 0.6209818720817566 1.070227861404419
v 0.010621350258588791 0.4977196753025055 0.9955075979232788
v -0.0013514477759599686 0.49854785203933716 0.9980213046073914
v -0.08537770062685013 0.2773040533065796 0.9812538027763367
v 0.1892400085926056 0.5476114153862 1.1279468536376953
v 0.13523459434509277 0.33410513401031494 1.0918381214141846
v -0.16909462213516235 0.39259105920791626 1.1881756782531738
v -0.16454561054706573 0.3958757519721985 1.1974401473999023
v 0.1362706869840622 0.16119664907455444 1.0030834674835205
v 0.0746116042137146 0.467533677816391 1.217950701713562
v -0.12003384530544281 0.3086903691291809 1.2278454303741455
v 0.13070808351039886 0.2460477203130722 1.137563943862915
v -0.0892915204167366 0.19794130325317383 1.2290515899658203
v 0.1099093034863472 0.3867168426513672 1.2133909463882446
v 0.1166374608874321 0.3911452889442444 1.20277738571167
v 0.04768066108226776 0.6019496321678162 1.1463143825531006
v 0.0403546504676342 0.1790134310722351 1.2326974868774414
v 0.12901099026203156 0.15534357726573944 0.993139386177063
v -0.273708701133728 0.5069636106491089 1.06271493434906
v 0.119678795337677 0.2985595166683197 1.0326018333435059
v -0.044940583407878876 0.24097231030464172 0.9823354482650757
v -0.04529433324933052 0.2324766218662262 0.9721436500549316
v -0.21198540925979614 0.4975282549858093 1.1429470777511597
v -0.25644999742507935 0.5283917188644409 1.094604730606079
v 0.14200225472450256 0.20078590512275696 1.1204733848571777
v 0.13035503029823303 0.47805312275886536 1.1671249866485596
v 0.08583156764507294 0.1895056664943695 1.2067584991455078
v -0.02205825038254261 0.26876235008239746 1.2461555004119873
v 0.1533014178276062 0.16386409103870392 1.036092758178711
v -0.30143123865127563 0.3922024965286255 1.074804663658142
v 0.1773780882358551 0.5105825066566467 1.1390621662139893
v -0.13879841566085815 0.5947822332382202 1.1214799880981445
v -0.03005101904273033 0.3655509054660797 1.2428606748580933
v -0.03636246174573898 0.3754562735557556 1.2429860830307007
v -0.040803905576467514 0.35930681228637695 1.2431246042251587
v -0.04895825684070587 0.5518590807914734 1.0156888961791992
v -0.037774864584207535 0.5586849451065063 1.0190472602844238
v -0.037196602672338486 0.5451962947845459 1.0120148658752441
v -0.026081377640366554 0.20953412353992462 0.9724053144454956
v 0.007048491388559341 0.2814676761627197 1.247544527053833
v -0.057619743049144745 0.2962663173675537 0.9817245602607727
v -0.058329902589321136 0.30663809180259705 0.9803048372268677
v 0.12987405061721802 0.347154438495636 1.1587713956832886
v 0.058683931827545166 0.6118530035018921 1.0562260150909424
v 0.025879565626382828 0.5021750926971436 1.207110047340393
v 0.010955287143588066 0.3686468303203583 0.9846858382225037
v -0.10127232223749161 0.34293967485427856 1.2404686212539673
v -0.24628578126430511 0.513228714466095 1.122040033340454
v -0.250911146402359 0.5049081444740295 1.1187713146209717
v -0.19105350971221924 0.2322811782360077 1.0641624927520752
v -0.2571908235549927 0.4842034578323364 1.114824652671814
v 0.07006070017814636 0.6079638004302979 1.1340906620025635
v 0.08348941057920456 0.3019223213195801 1.2247759103775024
v 0.08628323674201965 0.31393831968307495 1.224829077720642
v -0.09492630511522293 0.28062862157821655 0.9828692078590393
v 0.00267772376537323 0.15843072533607483 0.9512245059013367
v -0.09202299267053604 0.4549036920070648 1.2213181257247925
v 0.12712553143501282 0.38633906841278076 1.1787649393081665
v -0.13486409187316895 0.16950514912605286 1.1953524351119995
v 0.21450474858283997 0.5290670394897461 1.0968292951583862
v 0.13007593154907227 0.29448384046554565 1.1363235712051392
v 0.13057851791381836 0.2849707007408142 1.1269575357437134
v 0.2602330148220062 0.47744059562683105 1.0642430782318115
v 0.2616470754146576 0.48681575059890747 1.051490068435669
v -0.16372957825660706 0.3514186143875122 1.0289257764816284
v -0.09008315205574036 0.20812846720218658 1.2299973964691162
v 0.030067721381783485 0.4248175621032715 1.243700623512268
v 0.09888105094432831 0.3645590543746948 1.2246342897415161
v -0.19405323266983032 0.2156972587108612 1.069715976715088
v 0.13772734999656677 0.5526003837585449 1.0254207849502563
v 0.13581448793411255 0.5386343002319336 1.030987024307251
v 0.06865595281124115 0.17051301896572113 1.2169896364212036
v 0.06849539279937744 0.16024811565876007 1.2154303789138794
v 0.07612968981266022 0.1661830097436905 1.2112329006195068
v -0.010485014878213406 0.3720860481262207 0.987112820148468
v -0.18093957006931305 0.45797955989837646 1.0266315937042236
v -0.04985613375902176 0.5658272504806519 1.0222324132919312
v 0.05307226628065109 0.1324443519115448 0.9431887865066528
v -0.18303650617599487 0.11044023931026459 0.9911361336708069
v -0.08362767100334167 0.17546993494033813 0.9587119221687317
v 0.026811720803380013 0.29635483026504517 0.9877980947494507
v 0.12597762048244476 0.11672592908143997 1.1606497764587402
v -0.274385005235672 0.44003134965896606 0.9907653331756592
v -0.039913274347782135 0.2259875237941742 1.2443888187408447
v 0.03277888149023056 0.39977848529815674 0.9842321276664734
v 0.04067109525203705 0.40773236751556396 0.9867365956306458
v -0.010541105642914772 0.4058563709259033 0.9846131801605225
v -0.18450927734375 0.3688543736934662 1.1151665449142456
v -0.1370019018650055 0.35199403762817383 1.2265676259994507
v 0.12673954665660858 0.6058893799781799 1.1229362487792969
v 0.16728249192237854 0.43548592925071716 1.0723860263824463
v -0.11383862793445587 0.5958952307701111 1.041689395904541
v 0.08838425576686859 0.27524471282958984 1.215436339378357
v 0.08369359374046326 0.28661781549453735 1.221592903137207
v -0.17701859772205353 0.4012846052646637 1.165917158126831
v -0.10667970031499863 0.3517763614654541 1.2398278713226318
v 0.13441504538059235 0.380062997341156 1.1069998741149902
v 0.1350811868906021 0.39451348781585693 1.0979028940200806
v -0.27173787355422974 0.503751277923584 1.0468319654464722
v 0.015867317095398903 0.48035696148872375 1.218012809753418
v 0.1027611494064331 0.3984549641609192 1.2233885526657104
v 0.09749007225036621 0.3804382085800171 1.227890968322754
v 0.12987254559993744 0.2644648551940918 1.049240231513977
v 0.131313294172287 0.27089184522628784 1.0601054430007935
v -0.09878474473953247 0.11329331994056702 1.2106373310089111
v -0.010806981474161148 0.44047611951828003 0.9854558110237122
v -0.0022730752825737 0.3111886978149414 1.2481627464294434
v 0.09085982292890549 0.25085797905921936 0.9973937273025513
v 0.12992079555988312 0.2832830250263214 1.054722547531128
v -0.05369314178824425 0.4703265428543091 0.9834470748901367
v 0.020768865942955017 0.5610382556915283 1.0174331665039062
v 0.032268933951854706 0.5602968335151672 1.0146733522415161
v -0.1345941126346588 0.29156556725502014 1.2128825187683105
v -0.13853295147418976 0.3080095052719116 1.2146120071411133
v 0.059039317071437836 0.3044438064098358 0.9913995862007141
v 0.07112286239862442 0.3201149106025696 0.9923714399337769
v -0.04279131442308426 0.3269239664077759 1.2431461811065674
v 0.07814323157072067 0.564972460269928 1.1671475172042847
v 0.023209210485219955 0.13631069660186768 1.2330169677734375
v -0.0379096195101738 0.5680142641067505 1.023902416229248
v -0.1566081941127777 0.3296481668949127 1.2002832889556885
v -0.13069404661655426 0.4365783929824829 0.9855620861053467
v -0.11783428490161896 0.440243124961853 0.9715687036514282
v 0.1379791647195816 0.5998164415359497 1.1195259094238281
v 0.1338467001914978 0.599567711353302 1.1271216869354248
v 0.046162206679582596 0.2882496118545532 1.2425273656845093
v -0.07074470818042755 0.27621835470199585 1.2399367094039917
v 0.029488451778888702 0.3734368681907654 1.2489465475082397
v -0.26902279257774353 0.4090934991836548 1.0863783359527588
v -0.015561104752123356 0.15787702798843384 0.9499594569206238
v -0.18762065470218658 0.38148432970046997 1.0350797176361084
v -0.07687199115753174 0.4748797118663788 0.9824230670928955
v 0.13400860130786896 0.19759340584278107 1.1415125131607056
v 0.0407419428229332 0.20650291442871094 1.23661470413208
v -0.0024392418563365936 0.2771684229373932 1.2473260164260864
v -0.0022931843996047974 0.294914573431015 1.2475874423980713
v -0.08578234910964966 0.5867296457290649 1.0315148830413818
v -0.09618911147117615 0.5811251401901245 1.0259603261947632
v -0.1395997703075409 0.49521175026893616 0.9977254867553711
v -0.1649651974439621 0.32562702894210815 1.0410943031311035
v -0.20372836291790009 0.4612461030483246 1.1350107192993164
v -0.20108693838119507 0.4481171667575836 1.1242831945419312
v -0.0664353296160698 0.14101147651672363 1.2293288707733154
v -0.04721607267856598 0.3690849542617798 1.2431825399398804
v -0.05792056769132614 0.36288708448410034 1.2434524297714233
v 0.13461890816688538 0.43434858322143555 1.0861607789993286
v 0.027788449078798294 0.12394335120916367 1.2311530113220215
v 0.12959356606006622 0.26264506578445435 1.1322996616363525
v 0.12974712252616882 0.2727965712547302 1.129623293876648
v 0.18519866466522217 0.5639700889587402 1.1181631088256836
v 0.1370079666376114 0.37647372484207153 1.1262784004211426
v 0.13734151422977448 0.38119664788246155 1.1352214813232422
v 0.04564640298485756 0.15847203135490417 1.2277785539627075
v 0.04960288107395172 0.16900372505187988 1.2272051572799683
v 0.03607649356126785 0.16819249093532562 1.2327059507369995
v -0.20440490543842316 0.555065393447876 1.035434365272522
v -0.09741923958063126 0.19956740736961365 1.2254478931427002
v -0.10445216298103333 0.1912095695734024 1.2202433347702026
v -0.18040582537651062 0.4830054044723511 0.9942554235458374
v -0.17787304520606995 0.47336748242378235 0.9967100024223328
v -0.029093768447637558 0.5000380873680115 1.2063637971878052
v -0.06245948001742363 0.460929811000824 1.2218912839889526
v -0.062431953847408295 0.46743184328079224 1.2188314199447632
v -0.04980022460222244 0.4120912551879883 1.239678144454956
v 0.1734098196029663 0.4945964217185974 1.1354752779006958
v -0.2258223295211792 0.442691445350647 0.9952042102813721
v -0.06963221728801727 0.08679167926311493 1.221044659614563
v -0.0884861946105957 0.2315421849489212 0.9702209234237671
v 0.1340443640947342 0.31830430030822754 1.106489658355713
v 0.13237498700618744 0.3110826015472412 1.122037410736084
v 0.11680808663368225 0.5663069486618042 1.1639659404754639
v 0.12021040916442871 0.5761615037918091 1.1574413776397705
v 0.11146067082881927 0.577336311340332 1.1568740606307983
v 0.08239230513572693 0.5145179629325867 1.0044125318527222
v -0.1767491102218628 0.5616862773895264 1.0328117609024048
v 0.08019949495792389 0.1510554552078247 1.2054448127746582
v 0.13925904035568237 0.4583212435245514 1.0240845680236816
v -0.01321827806532383 0.38941168785095215 0.9853705763816833
v -0.27211958169937134 0.43060269951820374 0.9860153794288635
v -0.05311720818281174 0.16749608516693115 0.9539389610290527
v -0.10713215917348862 0.507233738899231 1.1919362545013428
v 0.11837874352931976 0.3887636363506317 1.0268691778182983
v 0.11816169321537018 0.40226247906684875 1.0265276432037354
v -0.03531509265303612 0.38121408224105835 0.9755164384841919
v 0.10288237035274506 0.5688509941101074 1.163352131843567
v 0.09408669918775558 0.5754405856132507 1.1592564582824707
v -0.03594451770186424 0.2149280458688736 0.9721059203147888
v -0.019923310726881027 0.30410563945770264 0.9904130697250366
v -0.01954183541238308 0.2908443510532379 0.9918515682220459
v 0.050241418182849884 0.4660174250602722 1.2238713502883911
v -0.19426676630973816 0.37345796823501587 1.087504506111145
v -0.19439901411533356 0.3753134608268738 1.0770868062973022
v -0.0416206456720829 0.4296373724937439 0.9778823256492615
v -0.06439463794231415 0.07793013006448746 1.22209894657135
v -0.11994358897209167 0.4606158137321472 0.9741019010543823
v -0.11495903134346008 0.47004055976867676 0.9758277535438538
v -0.10901632905006409 0.45293372869491577 0.9751619100570679
v 0.13567757606506348 0.426574170589447 1.095529556274414
v 0.13629838824272156 0.4305276870727539 1.1033090353012085
v 0.13480326533317566 0.3433736264705658 1.107086181640625
v 0.11681067943572998 0.40579986572265625 1.2035562992095947
v 0.10450965166091919 0.32328975200653076 1.2087286710739136
v 0.09461791068315506 0.3172939717769623 1.2181503772735596
v 0.14152011275291443 0.442674458026886 1.0366981029510498
v 0.0675744041800499 0.5052310824394226 0.9958632588386536
v -0.2730923891067505 0.509154200553894 1.0686595439910889
v -0.22581836581230164 0.520193338394165 1.1363404989242554
v -0.22986392676830292 0.5304975509643555 1.1321747303009033
v -0.0367249995470047 0.5321764349937439 1.005205750465393
v -0.1290767639875412 0.2986900508403778 0.9864867925643921
v -0.068597711622715 0.5317627191543579 1.1876336336135864
v -0.15545116364955902 0.1652824580669403 1.1741302013397217
v -0.07338374853134155 0.43379878997802734 1.2336061000823975
v 0.11267359554767609 0.5850058197975159 1.038941502571106
v 0.09133293479681015 0.5050212144851685 1.0110690593719482
v -0.25394079089164734 0.45408010482788086 1.1124411821365356
v 0.010876066982746124 0.6167287826538086 1.05433189868927
v 0.22958335280418396 0.5135701298713684 1.0831596851348877
v 0.11461286246776581 0.20950520038604736 1.1771258115768433
v -0.07654384523630142 0.28540733456611633 0.9832871556282043
v -0.26204439997673035 0.379373162984848 0.9873107671737671
v -0.014294479973614216 0.5318117141723633 1.0113544464111328
v 0.13149720430374146 0.27447861433029175 1.1175501346588135
v 0.13308396935462952 0.26293277740478516 1.1013654470443726
v 0.15089263021945953 0.4956918954849243 1.1412662267684937
v 0.19006648659706116 0.5573341846466064 1.11859130859375
v 0.1284942924976349 0.3644419014453888 1.0486500263214111
v 0.21694403886795044 0.4727192223072052 0.9940638542175293
v 0.17526617646217346 0.559829592704773 1.0557681322097778
v -0.09912306070327759 0.21991893649101257 1.2273238897323608
v 0.1257355511188507 0.2604846954345703 1.0326111316680908
v -0.14884191751480103 0.375407338142395 1.015014886856079
v 0.04079005867242813 0.32356101274490356 0.9872064590454102
v 0.055712588131427765 0.32188504934310913 0.9908022880554199
v -0.1283634901046753 0.35225909948349 0.9781374931335449
v 0.001268479973077774 0.14206361770629883 1.237617015838623
v 0.027103815227746964 0.28897762298583984 1.2463264465332031
v -0.1471809297800064 0.44641852378845215 0.997369110584259
v -0.25711944699287415 0.5045666098594666 1.1118704080581665
v -0.24963244795799255 0.4956808090209961 1.1205805540084839
v -0.026450537145137787 0.5506724715232849 1.0166890621185303
v -0.03132372349500656 0.5380653738975525 1.0094058513641357
v -0.04087831825017929 0.11668186634778976 0.9366635084152222
v -0.19270610809326172 0.172037273645401 1.1150202751159668
v -0.18963882327079773 0.162416011095047 1.1248703002929688
v -0.1562228947877884 0.3697606325149536 1.2089836597442627
v -0.29260683059692383 0.4909283518791199 1.0727498531341553
v -0.09548422694206238 0.3098115921020508 1.238000512123108
v 0.05867684260010719 0.5008453130722046 1.204140305519104
v -0.18411874771118164 0.5118762254714966 1.1639498472213745
v 0.1598173826932907 0.5868385434150696 1.11295485496521
v -0.2663913667201996 0.5168947577476501 1.06409752368927
v -0.08521894365549088 0.4272637963294983 1.2351548671722412
v -0.22167940437793732 0.5102024674415588 1.140861988067627
v -0.13637065887451172 0.31010812520980835 0.9854195713996887
v -0.10711556673049927 0.3215956687927246 0.9864679574966431
v -0.16399246454238892 0.16619499027729034 1.163526177406311
v 0.04671323299407959 0.17740243673324585 0.963446855545044
v -0.19489973783493042 0.40284019708633423 1.0631434917449951
v -0.13338473439216614 0.5005499124526978 0.9928140640258789
v -0.10920803248882294 0.5906093120574951 1.0352872610092163
v -0.18697309494018555 0.19857963919639587 1.0306562185287476
v -0.19013938307762146 0.19004954397678375 1.0337077379226685
v -0.025678256526589394 0.5301515460014343 1.0076624155044556
v 0.07764165848493576 0.31067967414855957 1.2310539484024048
v -0.19333302974700928 0.2000306248664856 1.091207504272461
v 0.14025157690048218 0.5339635610580444 1.025529146194458
v -0.19332125782966614 0.22448992729187012 1.0668647289276123
v -0.1716516762971878 0.2394193708896637 1.0359305143356323
v -0.14788782596588135 0.5427275896072388 1.000701665878296
v -0.08632791042327881 0.2890338897705078 0.983352780342102
v -0.020511524751782417 0.37313926219940186 0.98307204246521
v 0.04082918167114258 0.36543112993240356 0.9861899614334106
v -0.041556067764759064 0.17261850833892822 1.2399945259094238
v -0.05340252444148064 0.1807166039943695 1.2383538484573364
v -0.20304641127586365 0.5451018810272217 1.0311347246170044
v 0.058847952634096146 0.4039684534072876 0.9889891147613525
v 0.04862181469798088 0.4160979986190796 0.9891919493675232
v 0.2176920771598816 0.5247132778167725 1.0744199752807617
v 0.22415709495544434 0.5200479030609131 1.0787454843521118
v 0.22153979539871216 0.5169152617454529 1.0635018348693848
v -0.10454510152339935 0.548337459564209 1.002508521080017
v 0.037684738636016846 0.2858680486679077 0.9866330623626709
v -0.030023381114006042 0.37468454241752625 0.9775925874710083
v -0.17595359683036804 0.31819984316825867 1.152174711227417
v -0.17746692895889282 0.3079269528388977 1.1564700603485107
v -0.2541249990463257 0.5133576989173889 1.0352966785430908
v -0.11321050673723221 0.3144295811653137 1.2326931953430176
v -0.11026573926210403 0.47918641567230225 0.9795152544975281
v -0.10581478476524353 0.4880933165550232 0.9835915565490723
v 0.13622082769870758 0.5861513614654541 1.0612455606460571
v -0.21119962632656097 0.11567288637161255 1.0762741565704346
v -0.10954464226961136 0.2072390466928482 0.977170467376709
v 0.11257956176996231 0.475084125995636 1.0167369842529297
v 0.22918301820755005 0.40878167748451233 1.066155195236206
v 0.07217250764369965 0.21288616955280304 0.986007034778595
v 0.0817701444029808 0.20997844636440277 0.9880599975585938
v -0.12641902267932892 0.22679147124290466 1.2122445106506348
v -0.021838316693902016 0.18185731768608093 1.2432564496994019
v 0.010077707469463348 0.13386476039886475 1.2351638078689575
v 0.014639830216765404 0.14444288611412048 1.2358686923980713
v -0.0033355914056301117 0.13150309026241302 1.2365614175796509
v 0.2633607089519501 0.4665835201740265 1.0646640062332153
v 0.26631030440330505 0.4555117189884186 1.0652947425842285
v 0.15686151385307312 0.5058383941650391 1.1539556980133057
v 0.14912740886211395 0.5116675496101379 1.158710241317749
v -0.09416219592094421 0.62054443359375 1.0639361143112183
v -0.09909512847661972 0.6140983700752258 1.0557528734207153
v 0.12061035633087158 0.27468377351760864 1.1624162197113037
v 0.13344761729240417 0.23135045170783997 1.049855351448059
v 0.08588899672031403 0.40943413972854614 0.9920142889022827
v -0.1185264140367508 0.5915731191635132 1.137216567993164
v -0.10787250101566315 0.5954932570457458 1.1419347524642944
v -0.10901328921318054 0.1898575723171234 0.9696405529975891
v 0.13229095935821533 0.24749964475631714 1.06304132938385
v 0.13146793842315674 0.26155930757522583 1.0624829530715942
v 0.13641656935214996 0.4510877728462219 1.0908336639404297
v 0.12560850381851196 0.08908471465110779 1.1644266843795776
v -0.1917092204093933 0.3357055187225342 1.1033464670181274
v -0.19508302211761475 0.29285454750061035 1.1054152250289917
v 0.2765311896800995 0.4569476246833801 1.055543303489685
v -0.03439759463071823 0.172903373837471 0.9554815292358398
v -0.02563912235200405 0.18313702940940857 0.9600682258605957
v -0.16590724885463715 0.3625079393386841 1.1900800466537476
v -0.1615007221698761 0.35881802439689636 1.2005395889282227
v -0.16053611040115356 0.3735245168209076 1.1986141204833984
v -0.10903693735599518 0.15837080776691437 0.9539169073104858
v 0.010279539972543716 0.33748555183410645 0.9857739210128784
v -0.08581951260566711 0.24966591596603394 1.2352174520492554
v -0.08403270691633224 0.49157631397247314 0.9838687777519226
v 0.22565659880638123 0.47629374265670776 1.0016998052597046
v 0.05118916556239128 0.4514087438583374 1.2309322357177734
v -0.15135681629180908 0.5745500922203064 1.13672935962677
v -0.1317182332277298 0.5698251724243164 1.1478489637374878
v -0.138821542263031 0.3667661249637604 1.2269811630249023
v -0.15006123483181 0.3977324664592743 1.2155845165252686
v -0.14116935431957245 0.3959541916847229 1.2248622179031372
v -0.16625505685806274 0.3774286210536957 1.188632607460022
v 0.13672438263893127 0.44211050868034363 1.0499833822250366
v -0.029369093477725983 0.16463692486286163 1.240828037261963
v 0.13609863817691803 0.2307729721069336 1.1277780532836914
v -0.20269042253494263 0.1042679101228714 1.023283839225769
v 0.1261172592639923 0.43255922198295593 1.176405429840088
v 0.12302141636610031 0.44153982400894165 1.1884679794311523
v 0.13573691248893738 0.4544220268726349 1.0310806035995483
v -0.20345629751682281 0.4348146915435791 1.073769211769104
v -0.20293253660202026 0.4334815442562103 1.0644434690475464
v -0.12539006769657135 0.15617868304252625 0.9577145576477051
v 0.0016543958336114883 0.22956393659114838 0.9735371470451355
v -0.062300339341163635 0.3909439444541931 0.9809433221817017
v 0.12089602649211884 0.2605740427970886 1.1617075204849243
v 0.11535695940256119 0.2593001425266266 1.1749687194824219
v -0.13994278013706207 0.2645864188671112 0.9950816631317139
v 0.12321431189775467 0.44941768050193787 1.0200848579406738
v 0.11798670887947083 0.37807905673980713 1.0275492668151855
v -0.09714148193597794 0.40317344665527344 1.2414782047271729
v -0.016361424699425697 0.4617810845375061 1.2241884469985962
v 0.12375465035438538 0.5006505250930786 1.026240587234497
v 0.22840836644172668 0.5148561000823975 1.0710725784301758
v -0.23671221733093262 0.5174321532249451 1.1293644905090332
v -0.0593133270740509 0.23106248676776886 1.2411577701568604
v -0.05444861203432083 0.22489605844020844 1.2416765689849854
v 0.13260142505168915 0.2840728163719177 1.1141961812973022
v 0.13309639692306519 0.2747538685798645 1.1023836135864258
v -0.2593144178390503 0.3955821394920349 0.984019935131073
v -0.05873145908117294 0.3165639042854309 0.9791744947433472
v -0.06832612305879593 0.30746394395828247 0.9801576137542725
v -0.11254691332578659 0.6080811619758606 1.0531740188598633
v -0.12439429759979248 0.6053873300552368 1.0562725067138672
v 0.12917032837867737 0.49580898880958557 1.0141847133636475
v 0.1404934823513031 0.49575290083885193 1.0153254270553589
v -0.07760187983512878 0.2982823848724365 0.9817590713500977
v 0.13940554857254028 0.46579158306121826 1.0725115537643433
v 0.14421892166137695 0.5133383274078369 1.0222210884094238
v 0.0778949037194252 0.18202275037765503 1.2121673822402954
v -0.0171382836997509 0.2025384157896042 0.9689915776252747
v 0.12987811863422394 0.4270364046096802 1.1681832075119019
v -0.07787907868623734 0.13267266750335693 1.2237226963043213
v -0.12795710563659668 0.15069831907749176 1.1977304220199585
v -0.1427258551120758 0.14961493015289307 1.1848742961883545
v 0.11534039676189423 0.5733199119567871 1.0306273698806763
v 0.030430873855948448 0.41042017936706543 0.9840822815895081
v 0.13967257738113403 0.4377632737159729 1.138929843902588
v 0.15710388123989105 0.15805301070213318 1.0488373041152954
v 0.16028626263141632 0.15222857892513275 1.0615631341934204
v -0.1004384309053421 0.5861173868179321 1.0302070379257202
v -0.09426163136959076 0.5923614501953125 1.0353351831436157
v 0.0277998149394989 0.32477307319641113 0.9846179485321045
v 0.03382280468940735 0.5078833103179932 0.9949705600738525
v 0.08273740112781525 0.12453475594520569 0.950175404548645
v -0.006500016897916794 0.13570041954517365 0.9425909519195557
v 0.042640745639801025 0.467664897441864 0.9892937541007996
v -0.09165281802415848 0.6273943185806274 1.0728968381881714
v 0.06873742491006851 0.615014374256134 1.0632514953613281
v -0.0745769515633583 0.4748496413230896 1.2144262790679932
v -0.08048716187477112 0.4751433730125427 1.2138347625732422
v -0.19567783176898956 0.45705676078796387 1.0163280963897705
v 0.04348326474428177 0.14783895015716553 0.9487707614898682
v -0.07046350836753845 0.360670804977417 0.9827134609222412
v 0.13674196600914001 0.4233227074146271 1.113566279411316
v 0.047662682831287384 0.6057815551757812 1.0480926036834717
v 0.08272494375705719 0.6073966026306152 1.1331919431686401
v -0.23379705846309662 0.547774612903595 1.0649821758270264
v -0.2464945763349533 0.5400229096412659 1.0691466331481934
v -0.19867204129695892 0.08674488216638565 1.1324758529663086
v 0.13457775115966797 0.3528067469596863 1.0698003768920898
v 0.131747305393219 0.3556176722049713 1.0578341484069824
v -0.15023009479045868 0.26796430349349976 1.0023359060287476
v 0.17796307802200317 0.5536776185035706 1.0492969751358032
v -0.0065933577716350555 0.10523513704538345 1.2339966297149658
v 0.0005867220461368561 0.32140669226646423 0.9892120361328125
v -0.10262973606586456 0.2350122332572937 1.2270634174346924
v -0.09329891949892044 0.24056552350521088 1.2317752838134766
v -0.10407166182994843 0.2471146285533905 1.22723388671875
v 0.06592806428670883 0.18092603981494904 1.2200629711151123
v -0.19026607275009155 0.29911577701568604 1.0967131853103638
v 0.12690402567386627 0.5722665786743164 1.037365436553955
v 0.25134706497192383 0.4775615930557251 1.073087453842163
v -0.018959932029247284 0.5901365280151367 1.036813735961914
v -0.16568703949451447 0.17484304308891296 1.1619783639907837
v -0.011767914518713951 0.4796662926673889 0.9887017011642456
v -0.0012058541178703308 0.4879721701145172 0.9932039380073547
v -0.10162913799285889 0.5085432529449463 0.988088071346283
v -0.12095803022384644 0.6175400614738464 1.0731151103973389
v 0.10197125375270844 0.4996907413005829 1.015119194984436
v 0.030685095116496086 0.1232282966375351 0.9374143481254578
v -0.1942892074584961 0.28292492032051086 1.1043713092803955
v -0.1793888658285141 0.41982173919677734 1.1436810493469238
v -0.1784152090549469 0.41068702936172485 1.1548839807510376
v -0.17766550183296204 0.4261283874511719 1.1516144275665283
v 0.06041201949119568 0.1962188482284546 0.9742818474769592
v 0.06138207018375397 0.18571323156356812 0.9693925380706787
v 0.12949804961681366 0.526559054851532 1.0236471891403198
v 0.20653942227363586 0.4710235595703125 1.1039960384368896
v -0.11017206311225891 0.4563564658164978 1.2177152633666992
v 0.02330588735640049 0.45017343759536743 0.9849935173988342
v -0.20396894216537476 0.1525876522064209 1.0453633069992065
v -0.34252098202705383 0.4386831223964691 1.0547869205474854
v -0.35166996717453003 0.43529295921325684 1.043588399887085
v 0.011524135246872902 0.2353469729423523 0.972459077835083
v 0.095929354429245 0.4901415705680847 1.2007490396499634
v -0.09727643430233002 0.222461998462677 0.9719175100326538
v -0.10691637545824051 0.22910109162330627 0.9758548736572266
v -0.1786191612482071 0.4159770607948303 1.0136094093322754
v -0.18661722540855408 0.4053000807762146 1.0214310884475708
v -0.19225823879241943 0.10750707983970642 1.0049506425857544
v -0.197659432888031 0.11573277413845062 1.0157254934310913
v -0.1754763424396515 0.40375345945358276 1.0171695947647095
v -0.20686137676239014 0.43175479769706726 1.0116182565689087
v -0.33352094888687134 0.42036929726600647 1.0633524656295776
v -0.1752854883670807 0.3413954973220825 1.1420700550079346
v -0.07941611856222153 0.21221819519996643 0.9720741510391235
v 0.008331298828125 0.5764405727386475 1.0283856391906738
v 0.09726501256227493 0.6120854020118713 1.0744730234146118
v 0.051430217921733856 0.5977908968925476 1.0406776666641235
v -0.1550881415605545 0.30052751302719116 1.1972980499267578
v 0.12977886199951172 0.3161861300468445 1.0607547760009766
v 0.13207823038101196 0.3028715252876282 1.0699830055236816
v 0.13461141288280487 0.29035329818725586 1.0753910541534424
v -0.17967234551906586 0.26348352432250977 1.0498918294906616
v -0.23074516654014587 0.5393290519714355 1.0467596054077148
v -0.11665071547031403 0.23285314440727234 1.2191882133483887
v -0.05172984302043915 0.5864057540893555 1.179251790046692
v 0.023750610649585724 0.6383792757987976 1.0903661251068115
v 0.06163209676742554 0.2343810796737671 0.9814876914024353
v -0.08732143044471741 0.3022640347480774 0.983562171459198
v 0.20177122950553894 0.5487726926803589 1.0896661281585693
v 0.023913851007819176 0.22948721051216125 1.2444859743118286
v -0.18027044832706451 0.4829872250556946 1.005536437034607
v -0.02081376686692238 0.4147922396659851 0.981052041053772
v -0.025014974176883698 0.31399089097976685 0.9884358644485474
v 0.18113216757774353 0.5006331205368042 1.1309417486190796
v -0.08397110551595688 0.5606198310852051 1.0139927864074707
v 0.055437564849853516 0.25529342889785767 0.9853196740150452
v 0.09575165808200836 0.24475744366645813 0.995779275894165
v 0.13150838017463684 0.46952322125434875 1.1709381341934204
v -0.20012813806533813 0.1393498182296753 1.1122294664382935
v 0.08288739621639252 0.3352956771850586 0.992801308631897
v 0.06812717020511627 0.3055837154388428 1.2361315488815308
v -0.16439132392406464 0.31431567668914795 1.0418856143951416
v -0.08195477724075317 0.5330153703689575 0.9991950392723083
v 0.2417614459991455 0.4294164776802063 1.0687882900238037
v 0.23807665705680847 0.4152798056602478 1.066375494003296
v 0.2539058327674866 0.42942970991134644 1.066412091255188
v -0.1425856351852417 0.46732455492019653 1.2030470371246338
v 0.21128123998641968 0.40110230445861816 1.0584444999694824
v -0.11036171019077301 0.3674890398979187 0.9785624146461487
v 0.11108274757862091 0.5062055587768555 1.189140796661377
v 0.12102123349905014 0.5076686143875122 1.1850194931030273
v -0.032211389392614365 0.3150767683982849 1.2443784475326538
v -0.041798338294029236 0.25767096877098083 1.2439910173416138
v -0.26361197233200073 0.5216798186302185 1.074037790298462
v -0.26472219824790955 0.3754315972328186 0.9869637489318848
v 0.1540827751159668 0.5675339698791504 1.0487675666809082
v 0.12742561101913452 0.4896355867385864 1.0321277379989624
v -0.012588264420628548 0.26303231716156006 1.24692702293396
v -0.184343159198761 0.4591951370239258 1.1479183435440063
v 0.12721511721611023 0.2072414606809616 1.0226736068725586
v 0.025667080655694008 0.31112468242645264 0.9859260320663452
v -0.001994781196117401 0.5241668224334717 1.0077756643295288
v 0.11207039654254913 0.5519400835037231 1.0166937112808228
v 0.07738588005304337 0.3118714690208435 0.9922688007354736
v -0.2433508187532425 0.5046052932739258 1.1250742673873901
v -0.1064624935388565 0.618405818939209 1.1251015663146973
v 0.011373944580554962 0.45845305919647217 0.9848975539207458
v 0.14257535338401794 0.5037209391593933 1.0182677507400513
v -0.24729876220226288 0.4791644513607025 1.1195379495620728
v 0.16052761673927307 0.114528127014637 1.0436413288116455
v -0.21010629832744598 0.12375084310770035 1.077042579650879
v -0.03937356173992157 0.6336595416069031 1.0603728294372559
v 0.20981472730636597 0.5314958095550537 1.1041221618652344
v -0.16482284665107727 0.410805881023407 1.1945881843566895
v -0.11315907537937164 0.38843005895614624 0.9748797416687012
v 0.045161426067352295 0.5299506783485413 1.0014853477478027
v -0.07638698816299438 0.24619361758232117 1.2378818988800049
v -0.18712826073169708 0.23979879915714264 1.061946988105774
v -0.1870257407426834 0.2510131299495697 1.072516918182373
v 0.26843899488449097 0.44388529658317566 1.0665313005447388
v 0.25708749890327454 0.4440268576145172 1.0685443878173828
v -0.1912306845188141 0.4557643234729767 1.0103094577789307
v 0.1346660554409027 0.4432782530784607 1.0566917657852173
v -0.20772849023342133 0.4708830714225769 1.1299192905426025
v -0.2005959153175354 0.4598624110221863 1.006458044052124
v -0.02221251279115677 0.23363801836967468 1.2465039491653442
v -0.12884031236171722 0.20028194785118103 1.2056571245193481
v -0.12029623985290527 0.19523486495018005 1.2114481925964355
v -0.08074711263179779 0.5186641812324524 0.9936060905456543
v 0.1328084021806717 0.43661510944366455 1.158050775527954
v 0.13600610196590424 0.43071502447128296 1.149985671043396
v -0.19497409462928772 0.18047712743282318 1.0359665155410767
v -0.19104836881160736 0.177313432097435 1.0268391370773315
v -0.2042360007762909 0.14027957618236542 1.0385609865188599
v -0.2813725471496582 0.39112821221351624 0.9758495092391968
v 0.01929546520113945 0.12554141879081726 1.2332658767700195
v -0.1902899146080017 0.24274340271949768 1.0757079124450684
v 0.16757985949516296 0.42014163732528687 1.0197612047195435
v -0.20942406356334686 0.1344631314277649 1.0680558681488037
v -0.12543560564517975 0.16087022423744202 1.2013911008834839
v -0.1900848150253296 0.39507025480270386 1.0318938493728638
v 0.12323667109012604 0.5397886633872986 1.0203282833099365
v 0.07228804379701614 0.24398650228977203 0.9861449003219604
v 0.0736507922410965 0.23931527137756348 0.9849724769592285
v -0.038009755313396454 0.27134135365486145 0.9891893863677979
v 0.16465801000595093 0.5145041942596436 1.1518341302871704
v 0.16190971434116364 0.1405525952577591 1.0602881908416748
v -0.11884737014770508 0.4503973722457886 0.9726510643959045
v -0.18509835004806519 0.4403749108314514 1.1546475887298584
v 0.13351091742515564 0.46745800971984863 1.072489857673645
v -0.08140572905540466 0.5375067591667175 1.1822166442871094
v 0.07630927860736847 0.1327231526374817 0.9500954151153564
v 0.12945955991744995 0.4474344849586487 1.1759684085845947
v -0.11368168890476227 0.5133717060089111 1.1865410804748535
v 0.12689070403575897 0.25781282782554626 1.1449508666992188
v 0.21686071157455444 0.5276261568069458 1.0856074094772339
v 0.15817339718341827 0.16421066224575043 1.0634781122207642
v -0.16326694190502167 0.2985090911388397 1.0197651386260986
v -0.028260506689548492 0.2679872214794159 0.9899584054946899
v -0.3021225929260254 0.40694522857666016 0.9783733487129211
v 0.00013686902821063995 0.2943267226219177 0.9894400835037231
v 0.039740003645420074 0.567449152469635 1.0180613994598389
v -0.21189500391483307 0.5414537191390991 1.0220141410827637
v -0.17553944885730743 0.2520052492618561 1.0418462753295898
v -0.1873410940170288 0.5370423793792725 1.0148968696594238
v -0.1842290610074997 0.5300805568695068 1.008853554725647
v 0.024301467463374138 0.5398731827735901 1.1883994340896606
v -0.11549046635627747 0.15228009223937988 1.2071006298065186
v -0.09217310696840286 0.3702068030834198 0.9844048023223877
v -0.20135655999183655 0.5675469636917114 1.120431661605835
v 0.05919565260410309 0.16975903511047363 1.2224385738372803
v 0.0074510108679533005 0.3074572682380676 1.248374104499817
v 0.11690017580986023 0.37523025274276733 1.2026628255844116
v 0.12927666306495667 0.4561697542667389 1.177325963973999
v 0.13344019651412964 0.4565390944480896 1.167392373085022
v -0.06189289316534996 0.13188451528549194 1.2292990684509277
v 0.034622158855199814 0.2547505497932434 1.2433358430862427
v 0.0041323471814394 0.12391442805528641 1.2352503538131714
v -0.1939944177865982 0.19227555394172668 1.047858476638794
v -0.09118372946977615 0.16122564673423767 1.2220690250396729
v 0.12378595769405365 0.252916544675827 1.1561955213546753
v -0.11353292316198349 0.20323169231414795 1.2171947956085205
v 0.20729702711105347 0.5398463606834412 1.0931586027145386
v 0.1264258325099945 0.4899926781654358 1.0485897064208984
v -0.20570459961891174 0.458130419254303 1.1186929941177368
v -0.2221958041191101 0.46219688653945923 1.121518850326538
v -0.06630291044712067 0.4854709506034851 0.9851354360580444
v 0.12853506207466125 0.22377145290374756 1.0288488864898682
v 0.000379171222448349 0.3321300148963928 0.9886181354522705
v 0.01731203682720661 0.31937265396118164 1.2487726211547852
v -0.025234632194042206 0.38970059156417847 0.9781826734542847
v -0.17625607550144196 0.4165910482406616 1.1632063388824463
v 0.1376112848520279 0.19069939851760864 1.132693886756897
v -0.1452888399362564 0.5289004445075989 1.1675666570663452
v -0.17917048931121826 0.3369126319885254 1.1345744132995605
v -0.05255061388015747 0.41889461874961853 0.9804465770721436
v -0.14114248752593994 0.32281720638275146 1.2182120084762573
v 0.01038559153676033 0.5285110473632812 1.006568193435669
v 0.13926005363464355 0.41966909170150757 1.1318269968032837
v -0.14153870940208435 0.4107350707054138 1.2216678857803345
v 0.12319323420524597 0.2694186866283417 1.1548538208007812
v 0.06679895520210266 0.10894489288330078 1.2108136415481567
v -0.16497501730918884 0.3477911949157715 1.190369963645935
v -0.1681089997291565 0.35685473680496216 1.1852394342422485
v -0.17144516110420227 0.3536766767501831 1.1746904850006104
v 0.07532206177711487 0.2938587963581085 1.229583978652954
v -0.12011487036943436 0.2839395999908447 1.2230361700057983
v 0.13362060487270355 0.5934966802597046 1.0742934942245483
v -0.18432265520095825 0.4653621315956116 1.0275932550430298
v -0.17901742458343506 0.4688872694969177 1.0175467729568481
v -0.018440496176481247 0.3979732394218445 0.9824590086936951
v -0.03462718054652214 0.18813997507095337 0.9623490571975708
v -0.06681463867425919 0.5209923386573792 1.1928354501724243
v -0.13829784095287323 0.22586597502231598 0.9920075535774231
v -0.07287468761205673 0.49481266736984253 0.986413300037384
v 0.0977698415517807 0.6080230474472046 1.1287254095077515
v 0.11120759695768356 0.2630268335342407 1.0144051313400269
v -0.02674371749162674 0.44332921504974365 1.231311559677124
v 0.26824384927749634 0.4751628041267395 1.0119683742523193
v 0.13265393674373627 0.4595453143119812 1.0436569452285767
v -0.034124016761779785 0.15705174207687378 0.9492100477218628
v 0.05027266591787338 0.22439418733119965 0.9803702235221863
v -0.14376190304756165 0.32133662700653076 0.9902523159980774
v 0.1301458328962326 0.2524755597114563 1.1353315114974976
v -0.11085010319948196 0.26951849460601807 1.2262225151062012
v 0.1328640878200531 0.11366593092679977 1.1536784172058105
v 0.04924159497022629 0.08012335002422333 1.220266342163086
v 0.04059160500764847 0.08740386366844177 1.2236310243606567
v -0.06256325542926788 0.1179046630859375 1.2274627685546875
v 0.01755436323583126 0.2845726013183594 1.2470412254333496
v -0.15067510306835175 0.1481156051158905 1.1769737005233765
v -0.16005057096481323 0.5985395312309265 1.1033790111541748
v 0.05554100126028061 0.5901408791542053 1.0331472158432007
v 0.07883653789758682 0.5431129336357117 1.0126887559890747
v 0.0919962003827095 0.5539916753768921 1.017217755317688
v 0.050470929592847824 0.3480403423309326 1.2479050159454346
v -0.18485301733016968 0.1696062535047531 1.009687900543213
v 0.1621592938899994 0.5839208364486694 1.09716796875
v 0.07561606913805008 0.5103785395622253 0.9985142946243286
v -0.1355016529560089 0.11697278916835785 0.9492284059524536
v 0.12726537883281708 0.270757794380188 1.140956997871399
v 0.15463778376579285 0.15214674174785614 1.0348674058914185
v -0.1797236204147339 0.3618616461753845 1.1423951387405396
v 0.0826939195394516 0.2362934947013855 0.9880825877189636
v -0.18588203191757202 0.47089359164237976 1.159664273262024
v 0.08046092092990875 0.17173030972480774 1.208759069442749
v -0.09191408008337021 0.5263051390647888 0.9945785403251648
v -0.22394071519374847 0.4703066945075989 1.1275562047958374
v 0.10200116783380508 0.16979533433914185 1.1883553266525269
v -0.19116199016571045 0.2277669757604599 1.111951231956482
v -0.09081053733825684 0.25907060503959656 0.9765135049819946
v -0.0031939931213855743 0.2577703297138214 1.2475452423095703
v 0.15307022631168365 0.5268286466598511 1.1579099893569946
v 0.15302176773548126 0.5212616920471191 1.157872200012207
v 0.12657079100608826 0.23435044288635254 1.028347134590149
v 0.16227257251739502 0.5821605920791626 1.1268054246902466
v 0.0421442873775959 0.14789773523807526 1.22803795337677
v 0.033185191452503204 0.5334797501564026 1.0032404661178589
v 0.061060868203639984 0.09948146343231201 1.2138731479644775
v 0.05464029312133789 0.10794059932231903 1.2180360555648804
v -0.2421131134033203 0.4509579837322235 1.1112735271453857
v 0.12228434532880783 0.20316597819328308 1.0135914087295532
v -0.1749364584684372 0.43214255571365356 1.1601883172988892
v 0.04556030407547951 0.5190712213516235 0.9982186555862427
v -0.10808826237916946 0.2852894365787506 1.229865550994873
v 0.17540743947029114 0.4132678508758545 1.0155014991760254
v -0.1658438742160797 0.36367616057395935 1.0276141166687012
v -0.12554413080215454 0.6096332669258118 1.062122106552124
v -0.12997174263000488 0.6156876087188721 1.0805264711380005
v -0.17312179505825043 0.5756909847259521 1.0475672483444214
v 0.20797502994537354 0.5073438286781311 1.1129450798034668
v -0.009696358814835548 0.2896467447280884 0.9910987615585327
v -0.14104488492012024 0.1885179877281189 1.1927189826965332
v -0.1575588583946228 0.5704622268676758 1.1382389068603516
v 0.07112251967191696 0.33047109842300415 0.9918043613433838
v 0.07169052958488464 0.34057506918907166 0.9913139343261719
v -0.130753755569458 0.4262668490409851 0.9837918281555176
v 0.12546521425247192 0.5672022700309753 1.1625761985778809
v -0.2703894078731537 0.5142945051193237 1.0781289339065552
v -0.19371187686920166 0.4111114740371704 1.1120994091033936
v -0.1920837163925171 0.40365004539489746 1.1222333908081055
v -0.025410663336515427 0.5793705582618713 1.030859351158142
v -0.17336927354335785 0.2940492033958435 1.0610332489013672
v 0.0841486006975174 0.3032858967781067 0.9935147166252136
v 0.03260985389351845 0.22300346195697784 1.2417242527008057
v 0.09334102272987366 0.19706597924232483 1.2008578777313232
v 0.04949388653039932 0.3147814869880676 1.2449666261672974
v -0.09672905504703522 0.22983023524284363 0.9718082547187805
v 0.018061472102999687 0.31875190138816833 0.9858505129814148
v -0.06066902354359627 0.34830665588378906 1.243539571762085
f 1 2 3
f 4 5 6
f 7 8 9
f 10 11 12
f 13 14 15
f 16 17 18
f 19 20 21
f 22 23 24
f 25 26 27
f 28 29 30
f 31 32 33
f 34 35 36
f 37 38 39
f 40 41 42
f 43 44 45
f 46 47 48
f 49 50 51
f 52 53 54
f 55 56 57
f 58 59 60
f 61 62 63
f 64 65 66
f 67 68 69
f 70 71 72
f 73 74 75
f 76 77 78
f 79 80 81
f 82 83 84
f 85 86 87
f 88 89 90
f 91 92 93
f 94 95 96
f 97 98 99
f 100 101 102
f 103 97 99
f 104 105 106
f 107 108 109
f 110 111 112
f 113 114 115
f 116 117 118
f 119 120 121
f 122 123 124
f 125 126 127
f 128 129 130
f 131 132 133
f 134 135 136
f 137 138 139
f 140 141 142
f 143 144 145
f 146 147 148
f 149 150 151
f 152 153 154
f 155 156 157
f 158 159 160
f 161 162 163
f 164 165 166
f 167 168 169
f 170 171 172
f 173 174 175
f 176 177 178
f 179 180 181
f 182 183 184
f 185 186 187
f 188 189 190
f 191 192 193
f 194 195 196
f 197 198 199
f 123 200 201
f 202 203 204
f 205 206 207
f 208 209 210
f 211 212 213
f 214 215 216
f 217 218 219
f 220 221 222
f 223 224 225
f 226 227 228
f 229 230 231
f 232 233 234
f 235 236 226
f 237 238 201
f 239 240 241
f 242 243 244
f 245 246 247
f 248 249 250
f 251 252 253
f 254 255 256
f 257 258 259
f 260 261 262
f 263 264 265
f 266 267 186
f 268 269 270
f 271 272 273
f 274 115 275
f 276 262 261
f 277 278 279
f 236 280 281
f 282 283 284
f 285 286 287
f 288 289 290
f 291 292 293
f 294 241 295
f 296 297 298
f 299 300 301
f 294 295 136
f 302 303 304
f 305 306 199
f 307 308 309
f 310 311 312
f 313 314 315
f 316 317 318
f 319 231 320
f 321 322 323
f 324 325 326
f 327 328 329
f 330 331 332
f 187 333 334
f 335 336 337
f 338 339 340
f 341 342 343
f 344 345 346
f 347 348 349
f 329 350 351
f 352 353 354
f 224 355 356
f 357 358 359
f 360 361 362
f 363 364 365
f 366 367 368
f 369 370 371
f 372 120 373
f 374 375 376
f 377 378 379
f 380 376 375
f 381 382 383
f 384 385 386
f 199 387 388
f 389 390 391
f 392 393 394
f 395 396 397
f 398 399 400
f 401 402 403
f 404 405 406
f 407 408 83
f 409 410 411
f 412 413 414
f 415 416 417
f 418 419 420
f 421 422 423
f 424 425 426
f 408 407 291
f 427 428 429
f 430 431 222
f 432 433 434
f 274 435 436
f 437 438 439
f 440 441 442
f 443 444 445
f 446 447 448
f 449 450 451
f 452 453 454
f 455 456 457
f 458 459 460
f 461 136 462
f 463 464 465
f 466 467 468
f 469 470 471
f 472 36 473
f 474 475 476
f 156 477 478
f 479 480 481
f 482 483 484
f 368 485 486
f 487 488 489
f 490 491 492
f 186 267 493
f 494 495 496
f 497 4 498
f 499 500 501
f 502 503 504
f 505 506 234
f 507 508 509
f 510 511 512
f 513 514 515
f 516 517 518
f 371 519 520
f 521 522 523
f 524 525 526
f 90 527 88
f 528 529 530
f 531 532 533
f 534 535 25
f 536 537 538
f 539 540 541
f 542 443 543
f 544 545 546
f 547 548 549
f 550 551 552
f 553 554 555
f 556 557 558
f 559 560 561
f 562 388 563
f 564 565 566
f 567 568 569
f 570 571 572
f 573 574 536
f 69 575 67
f 576 577 578
f 579 580 581
f 582 583 584
f 585 101 586
f 587 588 589
f 590 591 592
f 593 594 595
f 596 597 598
f 63 599 600
f 601 602 603
f 604 605 372
f 606 607 608
f 609 610 27
f 611 612 613
f 614 615 616
f 617 618 619
f 620 621 622
f 623 624 625
f 626 627 628
f 629 630 631
f 632 633 634
f 635 636 504
f 637 638 591
f 330 639 640
f 641 642 643
f 644 645 646
f 647 648 649
f 650 651 652
f 653 654 655
f 656 657 658
f 659 660 661
f 290 662 663
f 664 665 666
f 34 472 667
f 668 669 670
f 260 671 672
f 673 674 620
f 675 676 677
f 678 658 679
f 680 362 361
f 681 682 444
f 683 684 685
f 686 687 688
f 689 2 1
f 690 691 692
f 693 692 691
f 500 694 695
f 696 697 698
f 661 429 428
f 163 699 700
f 701 702 515
f 464 463 703
f 704 705 706
f 707 708 487
f 475 474 709
f 710 711 712
f 713 714 715
f 716 717 718
f 719 720 721
f 722 304 723
f 443 724 444
f 725 726 727
f 728 729 730
f 731 732 733
f 734 735 736
f 737 738 739
f 740 741 742
f 743 677 676
f 744 745 746
f 747 748 749
f 750 751 752
f 753 754 755
f 756 326 325
f 757 337 336
f 758 759 760
f 761 762 763
f 764 765 766
f 432 767 768
f 295 462 136
f 769 770 771
f 118 772 773
f 774 775 776
f 777 778 779
f 780 781 782
f 783 784 785
f 786 787 788
f 789 160 790
f 159 790 160
f 791 792 793
f 794 795 796
f 797 360 362
f 798 799 800
f 801 802 803
f 402 804 805
f 806 302 807
f 808 809 810
f 811 812 813
f 814 815 816
f 399 817 400
f 818 759 819
f 820 821 370
f 822 823 727
f 824 825 826
f 550 312 311
f 135 827 136
f 828 829 830
f 831 832 833
f 788 834 835
f 836 837 838
f 839 746 745
f 674 673 840
f 841 842 843
f 844 845 846
f 847 848 849
f 281 850 851
f 852 853 854
f 855 562 563
f 856 857 858
f 859 860 861
f 862 863 864
f 865 866 867
f 868 869 870
f 871 872 20
f 873 874 875
f 876 877 25
f 878 879 880
f 881 882 883
f 884 885 886
f 887 888 889
f 890 891 892
f 893 894 895
f 896 897 763
f 898 899 900
f 901 902 903
f 904 254 905
f 906 907 908
f 909 910 911
f 790 912 913
f 166 914 915
f 916 917 918
f 919 920 921
f 922 923 924
f 925 107 109
f 926 927 928
f 929 930 931
f 932 185 187
f 933 934 935
f 936 937 938
f 939 940 941
f 942 943 944
f 945 946 947
f 948 949 950
f 951 952 953
f 954 955 956
f 957 320 231
f 958 959 883
f 622 621 960
f 961 962 963
f 555 964 553
f 100 102 965
f 966 967 968
f 969 968 967
f 605 121 372
f 970 971 972
f 973 974 975
f 976 977 978
f 979 980 981
f 982 983 984
f 985 986 987
f 988 989 990
f 991 992 993
f 994 995 67
f 996 506 997
f 998 999 1000
f 886 630 1001
f 1002 1003 1004
f 1005 1006 1007
f 1008 1009 1010
f 374 1011 375
f 1012 1013 1014
f 1015 1016 1017
f 383 1018 1019
f 840 1020 1021
f 176 1022 1023
f 1024 1025 1026
f 238 1027 1028
f 1029 1030 170
f 1031 770 1032
f 1033 1034 191
f 681 1035 1036
f 1037 1038 1039
f 1040 1041 284
f 859 1042 860
f 1043 1044 1045
f 1046 1047 1048
f 1049 998 1000
f 1050 1051 776
f 1052 636 1053
f 1054 1055 1056
f 1057 1058 1059
f 1060 1061 1062
f 212 232 1063
f 1064 1065 1066
f 556 1067 557
f 1068 1069 1070
f 1071 1072 1073
f 736 766 765
f 60 1074 1075
f 1076 1077 1078
f 1079 1080 1077
f 1081 88 109
f 1082 1083 1084
f 1085 486 1086
f 236 1087 280
f 1088 1089 230
f 1090 1091 633
f 1092 1093 1094
f 1095 1096 768
f 1097 1098 1099
f 1100 1101 1102
f 1103 73 75
f 1104 1105 509
f 322 1106 783
f 920 581 921
f 1107 227 1090
f 1108 1109 1110
f 1111 1112 1113
f 279 969 1114
f 1115 1116 1117
f 1118 1119 1120
f 1121 1122 1123
f 1124 1125 1126
f 1127 768 767
f 668 670 1128
f 1129 1130 640
f 1131 1132 1133
f 160 1134 158
f 998 1135 999
f 1136 1137 1138
f 1139 1140 1141
f 893 1011 1142
f 1143 1144 1145
f 239 1146 1147
f 1148 1149 1150
f 1151 1152 1153
f 966 1154 373
f 1155 1004 1003
f 1156 1157 1158
f 1159 1160 653
f 832 1068 1161
f 1162 1163 1164
f 1165 1166 1167
f 1168 1169 497
f 1092 1170 1171
f 1172 1173 1174
f 1006 249 1175
f 1176 1177 1178
f 284 1041 282
f 1179 1180 1181
f 719 721 1182
f 1183 1184 252
f 1185 1186 1134
f 549 1187 1188
f 1189 1190 1191
f 214 1192 1193
f 1194 1195 1196
f 1197 1198 1199
f 82 84 1200
f 1201 1202 275
f 1203 1204 31
f 1205 1206 1207
f 1208 1209 1210
f 433 432 1211
f 1212 1145 1144
f 225 1213 1214
f 1215 274 1216
f 604 372 1217
f 1033 1218 1219
f 1220 1111 1113
f 1221 1222 1223
f 1224 1225 1226
f 1227 1228 1229
f 1230 1231 1232
f 1233 1107 1234
f 1235 1236 1237
f 1238 1239 1240
f 355 1241 718
f 1081 1242 734
f 687 1243 1244
f 1245 1246 1247
f 1248 1249 1250
f 1251 1252 1253
f 732 1254 733
f 182 1255 183
f 355 1256 1257
f 1258 1259 1260
f 1261 301 300
f 1262 1263 1264
f 1265 1188 1266
f 1267 946 1268
f 610 1142 374
f 45 44 118
f 1269 1270 1067
f 1271 1272 1273
f 1274 1275 1276
f 1277 1278 1279
f 1280 1281 236
f 1282 1283 1013
f 1284 1285 1198
f 1286 1287 1288
f 473 1289 1290
f 1291 460 459
f 1123 1292 1293
f 477 1294 478
f 1295 840 673
f 1296 1297 1298
f 969 1299 1300
f 1301 1302 1303
f 1304 1305 1306
f 1307 1308 1309
f 1310 1311 1312
f 1313 1314 1315
f 1316 1317 414
f 1318 1319 1320
f 1321 1322 1323
f 1324 1325 1326
f 116 118 44
f 1327 1328 999
f 1329 1330 1331
f 1332 752 751
f 1333 1334 1335
f 746 377 744
f 637 1336 638
f 1068 1070 1161
f 1337 1338 1339
f 1340 1341 1005
f 1342 1343 1344
f 1345 1346 1347
f 1348 1349 1350
f 1351 286 285
f 1352 237 1353
f 1354 1355 495
f 1356 1357 1358
f 449 1359 1360
f 1361 131 1362
f 1363 1364 1365
f 1366 1367 1368
f 1369 1370 1371
f 1372 1373 1374
f 1375 1376 912
f 1377 1378 720
f 1379 1380 1381
f 1382 298 297
f 1383 1384 1385
f 1386 1387 1388
f 1389 1390 1391
f 1392 1393 1394
f 1395 1396 1397
f 1398 1399 1400
f 1399 1401 1400
f 1402 1403 1404
f 1405 1406 1407
f 741 1408 1409
f 1410 1288 43
f 1219 1411 1033
f 1412 1413 1414
f 1415 1416 1417
f 1418 1419 1420
f 1421 1422 1423
f 484 1423 1422
f 91 864 863
f 1424 1425 1426
f 1373 1372 1293
f 1312 1427 1428
f 1429 127 1430
f 1431 493 267
f 1432 1433 1434
f 1435 1436 1437
f 944 1438 1439
f 1440 1441 1442
f 1443 327 329
f 1444 1070 1069
f 890 892 1445
f 1446 1447 1448
f 1046 736 735
f 1449 1450 1451
f 1452 1453 1122
f 1454 1455 1456
f 675 677 1457
f 1458 598 1459
f 1460 269 1461
f 1462 1463 1464
f 754 1465 291
f 1466 1467 1468
f 1469 1470 1471
f 1253 892 891
f 594 1472 595
f 1052 1457 1473
f 1181 1474 1179
f 1222 1475 1476
f 1477 1478 1479
f 1480 653 655
f 1481 756 613
f 1482 1483 1484
f 1485 278 277
f 680 1486 1487
f 1488 1489 1490
f 505 997 506
f 1491 78 77
f 1492 1493 1048
f 1494 1495 1496
f 1497 1498 1499
f 185 932 266
f 473 1500 1289
f 1501 504 636
f 814 1502 1503
f 1504 1505 1506
f 1051 1507 776
f 1508 57 1509
f 1459 1510 1511
f 1512 1377 720
f 1513 1514 1515
f 1117 972 971
f 1516 1517 1518
f 1519 1520 1521
f 1522 1150 1523
f 197 1524 133
f 1525 1526 1527
f 1528 1529 1530
f 200 1531 1353
f 1532 1533 1534
f 1082 1400 1401
f 1045 132 1535
f 1536 1477 1537
f 1538 868 1539
f 1540 526 1541
f 1542 1543 1544
f 1545 1202 1546
f 1547 572 571
f 1548 72 1549
f 473 1290 1550
f 1551 426 510
f 1552 1553 1554
f 657 656 1555
f 1556 1477 1557
f 1558 1559 1560
f 1561 295 241
f 1427 462 295
f 1562 1563 1564
f 1565 440 442
f 1225 486 485
f 1566 602 1418
f 1567 1568 222
f 1569 1570 683
f 1165 1571 1572
f 1562 1297 1573
f 324 1574 1575
f 1576 1577 1578
f 1579 1580 1534
f 1581 1582 434
f 1402 1583 103
f 1584 534 1585
f 1586 1587 1588
f 1589 1347 1590
f 1591 1497 1499
f 1592 1593 1594
f 493 1385 1384
f 1595 1596 1597
f 1598 740 1599
f 1600 427 1601
f 1602 1603 1604
f 1605 1453 1452
f 1606 1607 359
f 1608 1609 1610
f 1611 1612 1613
f 1614 1226 1615
f 1483 1616 1484
f 1617 1618 1619
f 1620 419 1621
f 1622 1623 1624
f 1625 18 17
f 1626 1627 1628
f 1334 1629 1630
f 668 222 431
f 203 202 1631
f 190 1632 971
f 1260 1633 1258
f 1634 1635 1636
f 646 1637 1638
f 1639 1640 1641
f 1642 656 678
f 1643 1644 1645
f 1646 1043 1452
f 1647 1648 1649
f 1650 1301 441
f 1651 1652 1653
f 1047 1046 1654
f 1655 1656 1657
f 1658 1451 1659
f 1303 441 1301
f 122 1660 123
f 1661 1662 1663
f 1664 1665 1666
f 1667 1668 1669
f 1670 1671 1672
f 1673 151 1018
f 1674 1675 676
f 1676 1677 1678
f 1679 1680 1681
f 1682 1683 203
f 1380 953 952
f 1684 1685 1686
f 1687 1063 1688
f 1689 1690 1097
f 1691 1692 1693
f 1694 1695 1696
f 240 239 1147
f 1697 1698 1699
f 1700 1701 1702
f 171 1703 1704
f 1705 82 1706
f 1245 1247 1707
f 19 1708 1709
f 198 133 1710
f 1711 1712 1083
f 1713 1714 109
f 1714 1081 109
f 1715 1716 1717
f 1718 1456 926
f 1719 1720 1721
f 1722 1723 1724
f 1725 1726 1727
f 1728 1729 805
f 1098 1656 1730
f 1731 1732 1733
f 844 846 1734
f 1735 835 1736
f 1737 1738 1739
f 1740 1741 1742
f 1743 718 1241
f 1744 102 101
f 1745 202 204
f 461 134 136
f 1285 1746 1747
f 1373 1293 1748
f 1749 1750 1387
f 1751 1752 1753
f 1754 1221 1755
f 1756 1757 1758
f 1759 726 1760
f 288 1761 1762
f 1763 1764 990
f 1765 1766 471
f 1767 1768 1769
f 1633 1770 1771
f 1772 1773 1774
f 610 1775 27
f 1776 793 1777
f 1778 1779 1780
f 609 27 26
f 1781 993 992
f 1782 1783 1784
f 1534 1580 1785
f 1785 1786 1787
f 161 700 1788
f 1789 735 1242
f 1790 919 1791
f 943 1436 944
f 1792 1661 1663
f 1793 1794 1795
f 1796 1797 906
f 1798 1248 1799
f 1800 1801 1802
f 1803 1804 1805
f 1806 1807 1808
f 88 527 109
f 1493 766 736
f 1809 1810 1811
f 1812 479 1813
f 1814 241 240
f 1815 1816 1458
f 1817 1818 21
f 881 1819 1788
f 1820 1821 1822
f 1823 1026 1025
f 1824 1825 1826
f 1827 1828 533
f 1829 1763 989
f 1830 1831 1832
f 1833 1834 1745
f 1835 1836 1837
f 1838 1445 892
f 1839 1840 1841
f 639 1842 1843
f 1025 1024 1844
f 173 1845 1846
f 1847 1848 1849
f 1850 1851 1852
f 718 356 355
f 891 1251 1253
f 1853 890 1445
f 255 1854 256
f 1149 749 748
f 1855 1856 152
f 1857 1858 1859
f 330 332 639
f 1860 511 1861
f 1862 1863 1864
f 1865 1866 1867
f 393 392 1868
f 1869 1870 1871
f 835 1872 1736
f 1873 649 1874
f 719 1512 720
f 1875 1077 1080
f 1876 1877 1878
f 1879 1880 1881
f 1882 1883 1884
f 1885 1886 1887
f 1888 1293 1372
f 196 1132 194
f 1889 1890 1642
f 1891 1892 1138
f 1893 1223 1476
f 1894 650 1558
f 1895 13 15
f 1896 1897 6
f 1898 18 1899
f 1900 1901 1902
f 322 783 1903
f 1904 1905 1906
f 1907 934 1908
f 1909 1910 1911
f 1235 1237 1912
f 976 1913 126
f 1618 1323 1914
f 415 1915 1916
f 1917 1918 614
f 1566 1418 1919
f 1920 1921 1922
f 1923 1924 1195
f 584 1925 1926
f 975 1927 1928
f 1929 1743 1241
f 1930 1240 1239
f 1252 1931 1811
f 1932 1167 1166
f 1933 1319 1934
f 990 1935 988
f 1936 1937 1938
f 1939 1335 1334
f 1940 1139 1141
f 1941 1079 1076
f 1942 1943 1944
f 1945 1946 1947
f 1569 683 1146
f 1357 566 565
f 1948 1234 1949
f 455 1950 110
f 1437 1951 1952
f 1953 1954 1955
f 1956 1957 1958
f 1959 1960 1961
f 1962 1963 1964
f 1965 1833 204
f 1966 1184 1967
f 1968 1969 184
f 1254 1970 733
f 1971 1972 1973
f 1943 1974 1944
f 1975 1976 1977
f 1418 1420 1978
f 1979 1980 922
f 1981 1982 1983
f 140 1984 141
f 1985 1986 1987
f 1 1061 1060
f 1988 1989 1990
f 1991 679 1992
f 1993 5 1994
f 1995 1996 137
f 968 1997 966
f 1998 1999 2000
f 2001 1052 2002
f 2003 2004 2005
f 2005 2004 311
f 1196 1195 1924
f 2006 1702 1701
f 312 2007 310
f 145 2008 604
f 1359 121 2009
f 1658 339 2010
f 685 2011 1495
f 2012 75 2013
f 907 906 1797
f 2014 2015 2016
f 2017 2018 594
f 107 2019 2020
f 580 579 2021
f 2022 2023 1872
f 2024 1774 916
f 2025 670 194
f 2026 638 1336
f 2027 482 484
f 375 2028 380
f 2015 2029 2030
f 2031 2032 2033
f 1810 1809 298
f 1682 1334 1333
f 2034 595 2035
f 2034 1560 2036
f 1583 2037 103
f 2038 2039 2040
f 1605 1535 1453
f 825 824 2041
f 2042 870 869
f 2043 589 2044
f 1696 1272 2045
f 833 454 831
f 1801 2046 2047
f 2048 2049 2050
f 1889 2051 2052
f 2053 2054 2055
f 1619 1914 2056
f 2057 2058 2059
f 2060 851 2061
f 2062 2063 2064
f 450 2065 2066
f 2067 2068 2069
f 2070 2071 906
f 2072 2073 2074
f 1866 1521 2075
f 295 2076 1427
f 1442 1769 2077
f 2078 2079 2080
f 275 435 274
f 2081 2082 2083
f 2084 2085 2086
f 537 536 574
f 2087 2088 1475
f 1936 1938 2089
f 2090 1824 2091
f 2092 2093 2069
f 13 2094 2095
f 2096 2097 2098
f 147 2099 2100
f 388 305 199
f 2101 1550 2102
f 2103 2104 1774
f 2105 2106 245
f 2107 603 602
f 2108 2109 2110
f 2076 295 1561
f 669 194 670
f 2111 2112 2113
f 2114 2115 2116
f 2117 2118 2119
f 2120 2121 2122
f 2123 2124 2125
f 329 2126 1443
f 1707 2127 1245
f 804 1728 805
f 2128 2129 2130
f 201 2012 123
f 63 600 61
f 2131 2132 2133
f 2134 2135 1757
f 1495 2136 2137
f 1183 2138 38
f 1670 1051 1671
f 2139 2140 2141
f 2054 2142 2143
f 552 2144 412
f 2145 2146 2147
f 1401 901 903
f 1003 2148 2149
f 633 1091 634
f 1932 2150 119
f 2151 718 1743
f 2152 2153 2154
f 2155 2156 2157
f 3 2158 797
f 2028 1143 1145
f 1738 1231 2159
f 1591 2160 2161
f 558 557 2162
f 2163 2164 2165
f 2166 982 2167
f 2168 996 2169
f 502 303 2170
f 2171 2172 2173
f 1791 2174 2175
f 2176 193 192
f 439 2177 2178
f 2038 2040 2179
f 573 2180 2181
f 187 2182 1505
f 2183 277 2184
f 2185 2186 2187
f 2188 2189 2190
f 2191 48 1054
f 2192 390 689
f 386 2193 606
f 1427 2194 1428
f 1493 1492 2195
f 203 712 1682
f 2196 2197 64
f 2198 2199 1220
f 894 1102 895
f 268 343 342
f 2200 2201 2202
f 2203 1080 2204
f 2205 2206 2207
f 2208 2209 941
f 546 1834 2210
f 2211 984 983
f 2212 417 416
f 2081 2213 342
f 2214 2215 1409
f 1281 226 236
f 1481 613 612
f 2216 2217 2218
f 2219 2220 2221
f 2222 1283 2223
f 2224 2225 2226
f 2227 2228 2229
f 861 2230 2231
f 859 861 2231
f 596 2232 2233
f 1139 2234 2235
f 2100 2236 2237
f 2238 2239 91
f 2240 193 2176
f 1599 740 742
f 2241 1358 1357
f 712 2242 710
f 2243 2244 1657
f 2245 2246 2247
f 2248 48 47
f 2249 2250 609
f 1933 2251 1764
f 460 2252 458
f 2253 910 2254
f 2255 2256 2257
f 2258 1526 2259
f 2260 2261 465
f 2262 2263 2264
f 128 2265 2266
f 1909 2267 1482
f 1644 2268 1645
f 1012 2269 1282
f 61 2270 2271
f 2272 2273 2274
f 250 1006 1005
f 2275 2276 272
f 634 1281 2277
f 2278 2279 2280
f 2281 1629 710
f 827 2282 2283
f 1857 2284 1093
f 355 1257 1241
f 2285 2286 1797
f 1844 2287 2288
f 2289 2290 2291
f 2141 2140 2292
f 2293 535 2294
f 2210 1834 1833
f 430 222 221
f 2295 1960 1959
f 2296 2297 1702
f 1103 987 73
f 263 2298 2299
f 1940 2300 2301
f 2302 533 2303
f 1968 2263 2304
f 2305 2306 2307
f 2308 155 157
f 2309 2310 2311
f 1081 89 88
f 2312 73 987
f 1078 2313 2314
f 1241 2315 2316
f 2317 2318 2319
f 143 2320 1888
f 2321 581 953
f 2322 2323 2324
f 2325 2326 35
f 2327 1516 2328
f 211 1986 2329
f 2004 2330 1695
f 1263 2331 1264
f 2176 2332 2333
f 1493 2195 766
f 860 2334 861
f 2335 2336 2337
f 1499 2338 142
f 913 2339 2340
f 936 1513 1515
f 2341 380 1212
f 2342 848 2343
f 2344 1853 2345
f 2346 247 246
f 757 336 2347
f 1758 1757 2135
f 1621 418 2348
f 1963 880 879
f 1764 1763 2349
f 2350 2351 1244
f 2352 2353 2354
f 2355 1979 922
f 1238 2356 2357
f 2358 2359 2360
f 620 2361 621
f 2132 2131 2362
f 2363 2364 2365
f 78 1838 2366
f 964 2367 1262
f 2368 2369 2370
f 1616 453 452
f 2371 2372 2373
f 2374 2375 2376
f 1426 2377 2378
f 111 475 1442
f 2379 2380 2381
f 2382 960 1502
f 1034 1033 1411
f 2383 1346 1345
f 2384 2385 1873
f 2386 2387 1330
f 2388 2389 1253
f 1903 2390 2391
f 2392 2231 2393
f 1906 2394 1904
f 2395 2396 2397
f 2398 2399 2400
f 1125 1124 2401
f 1251 2402 1252
f 58 843 842
f 2403 2404 1494
f 2405 2406 1878
f 2407 1845 2408
f 2409 580 2021
f 1479 1557 1477
f 574 2410 537
f 2411 365 2326
f 139 1995 137
f 2412 2413 2355
f 2414 1304 2415
f 1327 1135 2416
f 1786 2417 2418
f 393 2419 394
f 346 345 2420
f 2421 2422 2423
f 2424 2425 1740
f 221 2426 2427
f 2428 2429 2430
f 2431 838 2432
f 136 827 294
f 764 124 2433
f 787 808 810
f 2434 2435 2436
f 2437 721 720
f 2438 2439 2440
f 2433 765 764
f 1246 1755 1893
f 1125 96 262
f 2441 2442 1254
f 2443 2444 1952
f 515 2445 2446
f 527 925 109
f 2447 257 2448
f 2449 2050 2049
f 2450 2451 2452
f 2453 53 2454
f 727 726 822
f 2455 2456 986
f 2457 621 2361
f 2458 2459 1610
f 2114 1155 2460
f 2132 377 379
f 2283 294 827
f 294 2283 239
f 2461 559 2226
f 2462 2029 2463
f 1742 2464 2424
f 2465 305 855
f 1719 807 302
f 398 2466 2467
f 1410 2468 2469
f 2470 62 2471
f 2472 2473 2289
f 2474 1544 2057
f 2475 2178 2177
f 2476 1141 2477
f 2478 1820 2479
f 2480 2481 2482
f 2149 2483 2484
f 1935 990 2485
f 1576 1578 414
f 2486 2487 208
f 1374 2488 809
f 2489 2490 1590
f 2131 2133 296
f 2491 667 499
f 2492 275 1202
f 2493 2494 2429
f 2495 2496 1104
f 2497 2498 2499
f 2500 2501 2502
f 1123 1888 2320
f 1377 2503 2504
f 2505 2506 2507
f 2508 151 2509
f 2316 1929 1241
f 2510 491 2511
f 2512 2513 2514
f 356 2515 224
f 2516 2517 1394
f 2518 2519 2520
f 401 430 2521
f 2522 2152 92
f 2032 228 2033
f 1197 1199 1926
f 1790 2523 2524
f 2525 2526 2527
f 1101 1568 1102
f 930 2528 931
f 69 965 102
f 824 933 935
f 2529 2530 2531
f 2532 2533 2534
f 1279 2535 2536
f 2537 628 2538
f 1914 1619 1618
f 2539 234 506
f 2540 1123 2320
f 775 2541 776
f 2542 1992 679
f 1873 2543 647
f 2544 2508 2545
f 759 818 2546
f 2547 2125 2548
f 2549 2550 2551
f 1421 2417 2552
f 702 2445 515
f 805 403 402
f 2553 2554 2555
f 2176 192 2556
f 2557 2558 2516
f 2559 2560 2115
f 1662 2561 2562
f 2563 1511 1510
f 2330 2004 2564
f 547 549 2565
f 1413 165 2566
f 2483 2148 2567
f 814 2568 815
f 2290 2289 2473
f 2569 2418 1423
f 2570 531 533
f 1966 1967 611
f 2571 1095 652
f 2572 2573 2441
f 2574 2575 2576
f 2577 2578 2160
f 2579 2580 1872
f 2581 2582 2583
f 2584 1603 1864
f 1974 2585 2586
f 1654 735 1789
f 1652 1851 2587
f 1863 2310 1709
f 2576 2394 1906
f 2588 2589 2590
f 2591 2592 2593
f 2099 2236 2100
f 2594 2595 1491
f 2182 186 493
f 2596 2597 2598
f 2437 2599 721
f 2600 1182 2143
f 1117 1632 1115
f 1861 1729 446
f 2601 2602 361
f 1113 2198 1220
f 2603 2604 2277
f 2604 632 2277
f 2605 2606 2607
f 2608 2609 2597
f 205 2610 206
f 2387 2285 2611
f 2612 2613 2614
f 160 1598 1134
f 2615 1706 2616
f 2617 2618 2619
f 2620 2621 831
f 1614 1615 2622
f 1087 236 2623
f 2624 2625 983
f 1882 2626 2627
f 2628 2629 2630
f 2631 2632 2633
f 2634 855 563
f 2635 2636 2637
f 2241 1357 565
f 2146 2638 1972
f 2638 598 1972
f 2639 725 727
f 2640 596 598
f 2433 90 89
f 2065 2641 2642
f 2574 2576 409
f 2422 2421 2165
f 976 978 1913
f 2643 2644 2593
f 740 2645 741
f 63 62 531
f 2646 2647 462
f 2647 461 462
f 857 2004 2003
f 186 185 266
f 2349 1319 1933
f 2648 2649 2650
f 2651 2652 2653
f 1302 2654 1303
f 993 592 2655
f 745 1931 839
f 393 1868 2656
f 2657 2658 2547
f 1257 2315 1241
f 1673 2659 149
f 2090 2660 2661
f 2662 2663 1422
f 1902 2664 2665
f 1008 2073 949
f 1201 115 114
f 2666 264 2667
f 2668 2669 1462
f 1714 2670 1408
f 2671 2672 2673
f 364 36 35
f 2481 1265 2674
f 2675 2676 2677
f 2602 2678 1897
f 2679 2680 666
f 1159 2681 1700
f 276 2682 1924
f 2002 2286 2683
f 2684 2685 2686
f 2687 2397 1007
f 2688 765 2433
f 2689 2432 2690
f 493 2691 2182
f 2136 1965 2137
f 2692 2693 2694
f 2137 1496 1495
f 2695 2696 2697
f 2615 1705 1706
f 2698 900 2699
f 2700 1696 550
f 2701 2702 1904
f 583 1925 584
f 2703 545 2704
f 285 2705 2706
f 327 1443 2707
f 2708 2361 2709
f 1785 1787 1532
f 2710 2019 925
f 2711 2712 997
f 2713 2418 2714
f 2495 2715 1606
f 2716 2717 2718
f 1329 2719 1330
f 2720 679 658
f 1900 2721 219
f 2722 2723 2724
f 2209 2020 2019
f 677 2725 2726
f 307 2727 308
f 2728 808 787
f 2400 2729 2398
f 2318 2730 2731
f 1828 2223 2732
f 2733 1541 2734
f 970 972 87
f 2735 2736 2737
f 2738 2739 2740
f 2741 2742 1625
f 708 2743 2744
f 215 2745 2746
f 120 2150 966
f 2747 1773 908
f 2748 1609 2749
f 2750 2751 1082
f 1762 289 288
f 2752 2753 2754
f 2755 2539 506
f 2756 2757 2758
f 2759 2760 2761
f 1770 1633 2762
f 706 2763 704
f 2764 1235 2765
f 1446 1849 1848
f 2766 2356 2767
f 1550 667 472
f 1285 2768 2096
f 2769 2037 1583
f 2770 2271 2270
f 26 2249 609
f 1760 57 56
f 2771 2279 2772
f 2773 2774 2775
f 2776 1090 2341
f 2777 2311 2731
f 2296 2778 2779
f 788 835 786
f 2780 2781 1491
f 181 2782 179
f 2783 2784 2785
f 2786 648 2787
f 396 911 2788
f 1681 1109 1108
f 1722 1110 1109
f 2789 2790 2791
f 810 2792 2793
f 2794 1229 1228
f 2759 2795 2796
f 2797 2798 2799
f 1286 2800 2801
f 2367 1050 1262
f 2802 390 2192
f 2803 2804 2805
f 2806 363 365
f 527 90 74
f 821 820 2807
f 2808 691 2809
f 489 2810 2587
f 2274 2273 2811
f 2812 2813 2814
f 1838 78 1491
f 2815 2816 2817
f 2818 2285 1797
f 498 1897 2819
f 907 2286 2002
f 2820 1511 2821
f 1586 2822 2823
f 2824 2261 2260
f 2825 2040 2039
f 1524 131 133
f 1547 2826 2827
f 2828 2829 47
f 1743 2827 2826
f 1330 2830 1331
f 2831 2832 2833
f 2025 194 1132
f 2834 969 1300
f 278 1997 968
f 2298 263 2835
f 2836 2837 2838
f 2839 2840 2841
f 1630 2842 1391
f 1999 2843 2000
f 2844 2845 2846
f 2847 1129 2848
f 1812 2849 336
f 2850 2851 2852
f 15 2853 2854
f 2158 3 2
f 53 2453 2855
f 2111 2557 2856
f 2595 2331 1263
f 1869 2857 2858
f 869 2134 2042
f 1935 2859 988
f 2860 1951 2861
f 1042 2862 1779
f 2863 1122 1453
f 591 2864 2865
f 2465 2866 2867
f 625 1805 1804
f 678 2868 1642
f 2869 2870 265
f 2871 2872 2542
f 741 1409 742
f 2024 2873 1937
f 2874 2875 2876
f 2864 2303 2865
f 2877 2878 2879
f 2239 878 2522
f 2629 652 1095
f 2880 900 899
f 479 1812 335
f 2881 521 523
f 1494 2404 1495
f 1634 2882 1894
f 2883 2884 2885
f 233 2329 2886
f 2568 661 660
f 2887 2583 2582
f 2888 2889 1445
f 2890 1038 1010
f 2031 1316 2032
f 1196 1924 2682
f 2891 2892 2893
f 1807 2037 1808
f 1345 1589 2357
f 2141 2894 2139
f 1599 1134 1598
f 1044 2895 2896
f 2896 1710 1044
f 631 2897 629
f 2898 1331 2830
f 2433 89 2688
f 89 1081 2688
f 2899 2900 2901
f 2902 2903 306
f 2904 2905 2906
f 2907 2908 2909
f 2910 850 2911
f 2912 2527 652
f 2913 2914 2915
f 2916 1054 2917
f 2847 1542 2918
f 1534 1533 2608
f 2313 1077 1875
f 687 1076 1078
f 10 12 2919
f 1561 2920 2076
f 2137 1335 1496
f 1939 1334 1630
f 460 1291 2125
f 2214 1409 1713
f 1574 326 2921
f 2922 1237 2754
f 2923 1777 793
f 2924 2102 2695
f 2925 2926 2927
f 1929 2316 2928
f 2929 1539 2930
f 1404 1403 2931
f 1977 2932 1291
f 2933 2934 2935
f 2936 2937 2938
f 1180 139 2939
f 1274 2940 963
f 2545 2941 2544
f 2942 345 2943
f 2944 350 328
f 721 2599 2143
f 2945 2855 2453
f 2946 1424 2947
f 2385 2948 2949
f 2042 2134 2950
f 2951 2952 2953
f 2750 396 2751
f 2954 2955 1717
f 1021 2956 2709
f 2957 388 387
f 332 859 639
f 2958 2959 2667
f 2960 2614 2393
f 2393 2230 2960
f 2961 2962 2950
f 687 1244 1076
f 2286 907 1797
f 2963 820 2964
f 2287 1844 1024
f 1867 1866 2965
f 2966 1733 1732
f 2967 568 288
f 2968 2089 1938
f 2969 8 2970
f 1382 2971 2586
f 2972 2973 2974
f 1632 1871 2975
f 587 2976 2977
f 967 1932 969
f 2771 2978 2979
f 2823 2980 2981
f 1505 1504 2982
f 1926 2983 1197
f 2598 2984 2596
f 2985 2261 1944
f 2986 1393 2987
f 2254 129 2266
f 2988 2989 349
f 2990 2991 2220
f 2806 2992 2993
f 2994 2858 2857
f 2500 1474 1181
f 2616 2661 2995
f 1435 2444 2716
f 2084 2996 2997
f 1391 2842 2998
f 637 591 2999
f 3000 1609 2056
f 3001 3002 3003
f 3004 3005 3006
f 796 3007 794
f 3008 3009 1983
f 2120 192 250
f 2045 2315 551
f 3010 3011 2474
f 3012 3013 2206
f 1234 3014 3015
f 3016 2767 2868
f 1111 1220 3017
f 762 3018 3019
f 2430 1913 3020
f 2493 2428 1417
f 2228 922 3021
f 3022 3023 1671
f 3024 3025 2235
f 1537 3026 2011
f 2859 3027 3028
f 842 59 58
f 3029 3030 2128
f 1431 2534 2533
f 1892 1136 1138
f 904 3031 3032
f 1107 3033 227
f 3034 2502 3035
f 882 1788 700
f 3036 390 389
f 2086 2996 2084
f 2298 3037 2299
f 1651 1851 1652
f 1397 1396 3038
f 624 798 1805
f 2233 2563 1510
f 2563 2233 1273
f 2202 2897 3039
f 204 1683 1965
f 3040 2849 1812
f 3041 1238 1240
f 789 1941 1076
f 787 2793 788
f 1383 3042 2654
f 3043 2592 3044
f 3045 1878 1877
f 1869 2979 2978
f 1102 1128 3046
f 2779 2122 3047
f 3048 1030 3049
f 3050 2970 1728
f 798 624 2292
f 1591 142 94
f 3051 2167 3052
f 3053 2369 2368
f 2285 2818 2611
f 2493 2737 2736
f 450 1571 1165
f 26 2293 3054
f 1192 2981 2980
f 3055 2906 2905
f 3056 3057 3058
f 3059 3060 1726
f 3061 3062 3063
f 3064 3065 746
f 2961 2950 1848
f 1849 1712 1847
f 3066 3067 2181
f 3068 1026 1823
f 3069 3070 3071
f 1782 3072 3073
f 3074 1904 2702
f 733 3075 1019
f 841 3076 2675
f 3077 3078 3079
f 3080 2324 2323
f 3081 3082 3083
f 3084 885 3085
f 3086 796 795
f 2934 618 3087
f 3088 1887 3089
f 2177 439 438
f 2393 2231 2230
f 3090 2716 2718
f 3091 1160 801
f 2033 228 227
f 2577 2401 3092
f 3093 3094 3095
f 1578 2623 235
f 235 2623 236
f 2988 3096 2989
f 2350 2211 740
f 2025 3097 670
f 1973 3098 2308
f 2395 352 3091
f 3099 3100 654
f 3101 3102 2028
f 1360 3103 2641
f 1275 3104 1276
f 3105 3106 1573
f 3107 2380 524
f 1728 447 1729
f 3108 2166 3109
f 2832 3110 2414
f 3111 3112 1342
f 3113 2018 1224
f 3114 3115 436
f 1556 1537 1477
f 632 634 2277
f 249 1006 250
f 767 432 1582
f 3116 3117 1158
f 1266 1188 1187
f 3118 2827 3119
f 1987 543 2916
f 3120 2748 2749
f 567 3121 2722
f 1251 891 2528
f 3122 1697 1699
f 1026 3068 3123
f 1446 1171 3124
f 1236 2080 2079
f 924 3021 922
f 1175 3125 1126
f 1558 1560 2034
f 1683 204 203
f 1683 1682 1333
f 2082 590 592
f 2074 2664 2072
f 1706 1200 1825
f 3126 1952 1951
f 1920 2637 2636
f 2366 3127 78
f 892 2366 1838
f 3128 2370 2369
f 2370 785 2368
f 3129 2633 367
f 3130 3131 3132
f 3133 1678 2734
f 3023 1857 3134
f 2666 2534 266
f 3135 189 3136
f 1491 2781 1838
f 2781 1445 1838
f 1881 2357 2356
f 2832 2414 2833
f 2420 3137 3138
f 3139 2510 340
f 3140 3141 3142
f 3143 2787 1998
f 2857 1869 1871
f 1545 1546 1607
f 2772 3144 2978
f 138 2939 139
f 445 444 682
f 609 1488 1490
f 598 1458 1972
f 1458 1816 1972
f 3145 24 23
f 2340 3146 1941
f 1855 3147 2130
f 3094 3148 3095
f 3128 2630 3149
f 3150 2178 3151
f 2119 1529 3149
f 535 2293 25
f 1278 1277 749
f 1079 3152 1080
f 1243 984 2350
f 1367 1366 3153
f 3154 3155 468
f 3156 1961 3157
f 3158 3159 3160
f 708 3075 1970
f 900 2698 898
f 794 2769 1583
f 237 201 200
f 3161 3158 1325
f 3162 3163 2569
f 3164 3165 3021
f 814 816 1502
f 297 296 2915
f 2683 2386 2001
f 3166 3167 467
f 3168 3169 3170
f 3171 3172 2172
f 458 1032 3173
f 202 1745 2040
f 3174 2335 2337
f 2759 1770 2795
f 3175 487 1850
f 2673 2439 2051
f 3176 307 309
f 988 3177 3178
f 1996 3179 137
f 107 2020 108
f 361 1896 6
f 3180 3181 1258
f 3182 3183 2775
f 3184 940 1679
f 2744 3185 3186
f 2561 3102 3187
f 1840 1839 1928
f 3080 2323 3188
f 2064 2063 448
f 446 1860 1861
f 574 2181 3067
f 3189 1409 2215
f 808 2728 3190
f 968 279 278
f 411 3191 2831
f 2572 731 3192
f 1675 3193 676
f 2882 3194 3195
f 3196 1161 1070
f 1404 3197 1348
f 1713 109 108
f 214 2506 3198
f 3199 3200 3201
f 3040 221 220
f 2639 727 3202
f 3203 3204 3205
f 3173 3206 3207
f 2860 3208 3209
f 3210 209 3211
f 3212 3213 3214
f 1835 2133 379
f 2436 1289 1500
f 159 912 790
f 378 2614 2960
f 2369 1560 1559
f 367 1469 1471
f 3215 3216 3217
f 2261 3218 463
f 3219 3195 3194
f 3118 2705 572
f 1355 3220 495
f 1358 1104 509
f 3187 3221 3097
f 3222 1088 3223
f 1889 3224 2051
f 3225 550 552
f 2059 3226 2437
f 3227 2205 3228
f 3229 729 3230
f 3231 2630 2629
f 3232 867 692
f 3233 3234 2210
f 2777 2731 2730
f 2283 3235 1146
f 2980 3236 3237
f 2935 1686 3238
f 296 2362 2131
f 2613 2392 2614
f 3173 1032 770
f 3239 2354 3240
f 3241 3242 2540
f 2268 1644 3243
f 312 1317 2007
f 1791 3244 3245
f 2789 2206 3013
f 1716 1203 1717
f 3142 2591 854
f 1431 3246 1385
f 104 3247 105
f 1667 1669 1290
f 3248 3164 3249
f 234 999 505
f 3141 3250 3142
f 3069 3251 3252
f 3253 1125 262
f 849 3254 847
f 3255 504 503
f 3256 2605 2567
f 3257 3258 2256
f 650 652 2629
f 1095 3231 2629
f 771 3096 769
f 3259 2499 2498
f 491 490 3260
f 3219 3194 1614
f 3261 1927 975
f 2648 2426 1813
f 671 141 1984
f 956 1308 2870
f 3262 3263 3264
f 3265 963 962
f 2013 123 2012
f 3266 1760 726
f 2339 1376 1057
f 2523 1790 1791
f 3267 467 3167
f 3154 3268 3155
f 3269 31 1204
f 18 2317 2319
f 2900 3270 2901
f 3220 1355 2712
f 3271 2875 3121
f 1726 1344 3272
f 1529 2189 3273
f 427 3274 428
f 3275 1856 1855
f 2719 723 2001
f 2096 2098 1746
f 3276 3277 928
f 2052 2051 2439
f 826 825 829
f 1046 1048 736
f 3278 3279 3280
f 3281 3282 3283
f 2335 1808 2336
f 311 310 2005
f 3284 183 1255
f 373 1217 372
f 1218 1033 191
f 2537 626 628
f 3015 1212 1144
f 736 765 734
f 2552 1785 1580
f 957 2920 3285
f 3285 3286 1644
f 933 3287 934
f 3288 3289 856
f 926 928 1718
f 1731 3290 1732
f 789 1076 1244
f 2415 1455 2414
f 2182 2691 1506
f 2640 598 2638
f 3291 2594 2465
f 2958 2721 1900
f 3236 2823 3292
f 1857 3023 3022
f 1775 376 632
f 3293 3294 3295
f 3037 2721 2299
f 3296 3149 1529
f 3297 3298 2083
f 3299 3198 2506
f 2703 546 545
f 3300 2370 3296
f 1007 1340 1005
f 3301 3302 3303
f 2815 3304 2816
f 1245 1754 1755
f 2953 1834 2951
f 1227 1229 3305
f 715 1601 713
f 2250 2249 2859
f 2714 351 1989
f 3306 3307 3308
f 2647 2646 3309
f 3310 3311 3312
f 3313 659 616
f 996 2168 3314
f 3315 607 3316
f 3054 2249 26
f 3317 2504 2503
f 2678 2819 1897
f 3305 3318 1227
f 3036 3319 3320
f 1088 230 229
f 3321 2479 2169
f 776 3322 1050
f 2258 3323 3324
f 361 6 680
f 3317 71 70
f 3285 2920 3286
f 3325 986 3032
f 757 1488 2250
f 1488 609 2250
f 2561 2530 2529
f 3326 2739 492
f 3327 3328 2236
f 1351 285 3329
f 121 3330 119
f 45 118 2468
f 1024 1026 3123
f 1313 810 809
f 2921 80 1574
f 421 1825 1200
f 3331 9 3332
f 25 27 876
f 1893 2990 1246
f 2006 2296 1702
f 1646 3333 2729
f 915 914 3334
f 2124 2548 2125
f 3032 939 941
f 2765 3335 3336
f 3337 2446 2445
f 3338 853 3339
f 3060 1727 1726
f 3340 3341 3342
f 3343 2924 148
f 3344 750 752
f 248 191 1034
f 1795 1794 3345
f 1249 328 1250
f 3346 667 1550
f 667 2491 34
f 3347 1906 1905
f 379 2133 2132
f 3237 3348 3349
f 3350 2100 2237
f 695 844 1734
f 944 3351 942
f 2772 3352 2084
f 1909 1911 2597
f 2804 3240 2805
f 1118 344 1119
f 2390 3353 1691
f 3127 76 78
f 1257 3354 2315
f 557 1067 1270
f 3022 1671 1050
f 3355 3356 3357
f 1614 3194 1226
f 1615 485 3358
f 3359 3360 3342
f 3361 182 184
f 369 1406 3160
f 1492 3362 3363
f 3364 3365 2526
f 3032 941 3366
f 3367 3368 3369
f 143 1888 144
f 1780 810 3370
f 2244 3371 1730
f 2564 856 3289
f 52 3372 3373
f 3374 3375 3376
f 2275 3377 3378
f 664 1454 3379
f 1074 2652 1075
f 2538 3380 2537
f 1341 2297 3047
f 3381 3382 2467
f 1062 846 1060
f 2618 3383 3384
f 1000 2917 1049
f 443 445 3385
f 3386 2975 1871
f 1763 1829 2349
f 2869 3387 956
f 2424 1649 1947
f 2496 1606 358
f 226 228 235
f 3230 729 3388
f 3389 3390 1939
f 56 3391 1760
f 416 1916 3392
f 3393 1484 452
f 169 3394 167
f 31 33 3395
f 3051 3017 1220
f 3396 3397 3398
f 3399 3400 553
f 1 2192 689
f 2663 3401 3402
f 3124 1171 1170
f 3125 1034 1126
f 3148 1640 3095
f 3403 1579 2608
f 1214 3404 413
f 3385 543 443
f 205 2246 1387
f 3405 3406 2201
f 3407 3408 3025
f 3330 1167 119
f 1169 3409 497
f 3410 3411 357
f 3412 3413 3414
f 1377 2504 437
f 1027 1844 1028
f 3415 747 1277
f 3112 665 301
f 3416 2376 3417
f 214 3198 215
f 3418 1306 1305
f 1419 1418 602
f 3419 3420 1846
f 1449 2010 3334
f 1118 3421 3422
f 1201 1546 1202
f 172 3423 2811
f 1038 1037 1010
f 312 550 3225
f 2394 3424 1904
f 218 217 3425
f 1397 1978 1420
f 3426 2871 2542
f 2147 2649 3427
f 3428 3429 3319
f 761 897 3430
f 2905 1002 1004
f 1086 3431 3432
f 3277 3433 1718
f 551 550 1696
f 2846 3434 2844
f 333 187 1505
f 3435 3436 3437
f 2360 3438 615
f 3439 1893 1476
f 1966 611 2170
f 1481 3440 2921
f 3277 1876 3441
f 3428 391 3442
f 532 2303 533
f 904 3032 2456
f 3258 3443 3444
f 359 358 1606
f 3445 3446 139
f 3309 461 2647
f 3447 3448 837
f 1440 2077 3449
f 3390 1496 1939
f 3385 3450 2191
f 3123 2677 1024
f 3045 829 825
f 355 224 1256
f 717 2515 356
f 3451 3452 1116
f 3453 2232 2928
f 3454 439 1378
f 1273 2233 1271
f 1102 1568 1128
f 2269 1012 1014
f 3455 2269 3456
f 229 3223 1088
f 3457 3458 3459
f 455 112 456
f 3460 2235 2234
f 3461 2220 2991
f 820 3321 2169
f 3462 3463 2915
f 2415 3464 927
f 3465 3466 3467
f 3468 2803 2805
f 3469 902 3470
f 2670 1409 1408
f 3471 3188 875
f 3079 3472 3473
f 3444 3474 1168
f 592 993 1781
f 3475 2092 2069
f 2918 2023 834
f 2641 3476 3477
f 3478 3217 3479
f 3480 3217 3216
f 1318 1934 1319
f 845 2237 2804
f 2599 3226 2054
f 2055 2054 3226
f 3046 1128 670
f 1496 3390 1494
f 3481 215 3482
f 1716 1715 3483
f 2961 3484 3485
f 3486 1753 1752
f 205 1387 1750
f 2502 3034 1474
f 1641 3186 3185
f 2100 148 147
f 371 370 821
f 3487 2268 3243
f 3386 3488 2975
f 3489 3490 3491
f 3492 1289 2436
f 2436 2703 3492
f 1644 3286 3243
f 2900 1666 1394
f 3493 3362 520
f 1951 3494 3495
f 3496 1259 195
f 1487 501 1734
f 3497 3498 1267
f 2031 2033 3499
f 1620 3500 2544
f 1363 3501 347
f 575 3502 67
f 3503 2997 2996
f 1081 734 2688
f 2688 734 765
f 499 1993 2325
f 3504 346 3505
f 3411 3506 357
f 2730 3507 2777
f 999 234 233
f 233 1000 999
f 3508 3338 3339
f 3509 3510 3511
f 2174 921 2175
f 1018 383 1673
f 284 283 1230
f 3512 282 1041
f 3513 2162 557
f 3514 481 1934
f 3515 2007 3516
f 3517 1962 2292
f 963 1275 1274
f 1860 512 511
f 3275 2129 3518
f 3519 3520 3521
f 1562 1564 3522
f 3053 2036 1560
f 753 423 422
f 94 142 141
f 55 3523 3524
f 3525 3119 2827
f 2346 246 3526
f 1982 3008 1983
f 3008 1982 318
f 2452 3295 1665
f 1864 1603 3527
f 3528 3529 1884
f 1922 1921 3530
f 2884 3410 357
f 3352 2772 2279
f 1682 712 711
f 3531 1369 1004
f 1056 1049 1054
f 698 1572 1571
f 3532 3533 1976
f 290 2967 288
f 3534 3535 3536
f 2169 2712 2964
f 3537 860 1042
f 3415 3324 3323
f 3112 301 1261
f 3538 2427 2426
f 3539 170 172
f 3002 914 166
f 3540 1057 1376
f 1389 3541 1390
f 1635 2035 1636
f 3542 3543 3544
f 2987 3107 1113
f 2364 3545 2365
f 2482 3483 2480
f 1841 3546 1689
f 3547 3548 3499
f 3549 3305 599
f 664 666 1454
f 3550 2447 3551
f 834 788 2793
f 2067 2153 880
f 768 3231 1095
f 3552 3553 2841
f 258 3554 2618
f 3555 3071 3254
f 405 1127 406
f 1077 1076 1079
f 1660 2161 1531
f 3556 1048 1047
f 50 3557 51
f 3558 1720 1329
f 853 3443 3339
f 133 198 197
f 3498 3559 2477
f 2674 1415 1417
f 2209 3560 3366
f 742 1185 1599
f 454 2620 831
f 3561 2439 2673
f 3562 1830 658
f 2784 2280 2785
f 3563 3564 3565
f 2402 1251 1276
f 1607 2937 1545
f 3566 3567 3451
f 2 3278 2158
f 3568 2087 1222
f 1025 3569 1823
f 2479 1822 2168
f 525 2380 2734
f 1439 3351 944
f 1962 2322 2292
f 3570 3385 2191
f 154 66 3147
f 1568 220 222
f 3571 2079 3503
f 3048 170 1030
f 3572 2139 2894
f 3569 1025 1844
f 3500 3192 2544
f 3414 1187 549
f 235 228 3573
f 1104 1358 2495
f 570 3574 3575
f 232 212 233
f 1388 1387 2246
f 539 2635 2637
f 3576 2925 2927
f 3577 3578 3579
f 2025 2562 3187
f 481 3514 3580
f 198 387 199
f 2707 318 317
f 3581 3115 701
f 2620 454 453
f 2300 1151 2301
f 3000 961 2749
f 2631 3582 3583
f 1365 420 3584
f 3585 3400 3399
f 3586 2993 2992
f 51 991 2584
f 441 440 1650
f 2738 899 898
f 3587 1527 1526
f 596 2233 1510
f 841 2675 2677
f 3144 2997 3503
f 2104 916 1774
f 3588 3589 453
f 885 3590 886
f 1637 1957 1638
f 1210 3591 3592
f 214 216 1192
f 3297 2083 2082
f 2509 2778 2006
f 2913 3593 2914
f 197 199 306
f 348 347 3501
f 316 318 1982
f 3046 670 3097
f 3594 394 3124
f 930 929 755
f 2302 2026 3595
f 314 3596 3597
f 2334 105 3247
f 3020 1204 3483
f 3434 2846 2489
f 3598 2739 3599
f 3037 2298 2835
f 3600 3601 3602
f 240 3603 1814
f 3390 3603 1494
f 368 1085 366
f 3604 3367 3369
f 2308 1971 1973
f 2762 2689 2690
f 1963 1962 2068
f 3250 1588 1587
f 3605 1527 3606
f 1667 1290 1289
f 3607 3608 3609
f 178 3610 470
f 1269 3365 2096
f 2732 3549 1828
f 335 337 3027
f 2307 1522 3611
f 3612 1439 1438
f 1377 3454 1378
f 3613 1295 3264
f 3614 3615 1840
f 2055 639 2053
f 3616 3617 3618
f 3382 3381 3477
f 2947 1948 3619
f 945 1268 946
f 3139 2536 2535
f 3131 643 3132
f 1535 1605 1045
f 3441 1878 2406
f 3620 2972 3621
f 610 374 1775
f 3325 987 986
f 3622 3623 1384
f 1028 75 2012
f 3624 15 3359
f 1617 2801 2800
f 3277 1718 928
f 3625 3626 2929
f 3084 1306 3418
f 3084 928 927
f 2760 178 469
f 3627 196 195
f 3628 1467 1466
f 3100 655 654
f 2107 3606 1527
f 3026 1537 3234
f 3629 3630 3631
f 555 554 1859
f 3632 1440 3633
f 3634 1659 1451
f 2288 1103 75
f 3635 2779 2778
f 3591 1210 1209
f 1915 415 3155
f 3078 3636 3637
f 2274 3638 2336
f 2397 2687 2395
f 3003 3607 3639
f 3201 1555 3199
f 2988 3640 3641
f 3642 1640 3643
f 3376 2036 3644
f 1938 1937 2873
f 2100 3645 148
f 2272 2274 2336
f 1416 2813 3646
f 3170 3647 3648
f 2392 1843 1842
f 457 456 1648
f 1837 2960 2230
f 1836 379 378
f 3649 901 1399
f 1123 3650 1121
f 2495 2241 2715
f 812 2844 813
f 3651 2609 3652
f 3184 3653 940
f 3620 3654 3655
f 2417 1786 2552
f 2408 3656 2407
f 1475 1468 3657
f 3658 3659 762
f 2442 2587 2810
f 3660 1771 1770
f 3661 3644 2036
f 2148 1002 2567
f 1137 2861 1138
f 2199 526 3662
f 1176 3051 1220
f 2579 3663 2580
f 2580 3664 3665
f 3519 3666 2300
f 3667 2193 386
f 2496 3668 1105
f 831 3669 832
f 2089 245 2106
f 1640 1639 3643
f 2894 623 2399
f 1156 1158 3117
f 1049 2917 1054
f 697 696 2828
f 1040 3670 1041
f 751 773 772
f 2569 1423 484
f 1422 2027 484
f 3671 3065 3672
f 3654 3621 2412
f 2146 2145 3329
f 2246 3673 1388
f 3674 40 1622
f 3675 3676 3677
f 3457 3678 3679
f 1659 3680 1658
f 907 2002 1473
f 3081 2644 3082
f 1575 1574 80
f 2393 2614 2392
f 3493 520 519
f 3562 657 1555
f 1233 2378 2033
f 2378 1233 1234
f 626 1739 1738
f 3681 2460 2149
f 2914 3682 2915
f 2609 2608 1533
f 3683 1017 3073
f 3407 3684 3685
f 3685 3498 3407
f 3514 3686 1351
f 2819 2257 3444
f 283 715 714
f 2200 3039 3597
f 3459 2157 2156
f 1565 3687 3688
f 3689 2699 900
f 203 1631 712
f 1892 1830 1832
f 3690 1368 706
f 3209 3208 2606
f 3037 1596 217
f 908 1473 2726
f 2704 3492 2703
f 1667 3492 2704
f 2276 2275 3378
f 1376 1375 3540
f 2364 3656 3534
f 411 410 3191
f 1443 3691 3245
f 2733 2734 1678
f 2351 2350 740
f 3692 3467 3466
f 3693 1656 3169
f 3609 3639 3607
f 3694 3695 3696
f 1053 3697 1457
f 3698 114 2884
f 2786 3699 3061
f 2072 2590 949
f 3221 3700 895
f 259 258 3701
f 2375 3551 3417
f 2886 2329 1986
f 2143 1182 721
f 761 763 897
f 811 813 1346
f 3702 868 870
f 3703 2970 8
f 1153 886 3590
f 3704 3705 3706
f 3707 2187 2186
f 3708 872 307
f 3709 3274 427
f 2400 2399 623
f 3710 3711 2943
f 330 640 1130
f 2179 3712 2038
f 1715 2565 3483
f 2356 2766 1881
f 1023 3351 176
f 1881 2766 1879
f 3713 1930 1239
f 3469 3714 903
f 1133 1132 1375
f 3715 3716 3717
f 685 2404 1147
f 1448 3718 3719
f 1523 1150 1149
f 3583 3720 3545
f 394 1712 1849
f 48 2248 1054
f 2625 2211 983
f 3285 320 957
f 231 319 229
f 3362 1407 520
f 2378 1234 1426
f 3314 3721 3722
f 1438 3723 3612
f 2418 2417 1423
f 698 697 3724
f 3725 3071 3070
f 2763 3726 3727
f 3728 1645 896
f 556 1581 434
f 3729 2877 3730
f 3731 3732 3733
f 1775 876 27
f 2067 1963 2068
f 3177 2249 3178
f 3734 3735 3736
f 719 3737 2503
f 3738 3739 168
f 3266 57 1760
f 3524 56 55
f 3740 2259 1525
f 3157 1960 3741
f 3742 2226 2225
f 3743 3744 1765
f 2355 3745 1979
f 2552 1786 1785
f 239 241 294
f 1561 241 1814
f 2671 2051 3224
f 413 3404 414
f 3109 1047 1654
f 1445 2889 1853
f 1908 3746 3572
f 2124 1191 2548
f 3183 3747 1370
f 686 2167 984
f 1301 1650 3748
f 862 1515 1514
f 3749 1737 1739
f 481 2648 1813
f 1393 2986 3270
f 3270 2900 1394
f 3750 3751 1955
f 1953 3188 2323
f 3382 3477 3476
f 617 2642 3752
f 3753 2074 2073
f 3754 3745 3588
f 3755 1723 1722
f 2656 3756 1084
f 1102 894 1100
f 1185 1134 1599
f 1419 3757 3758
f 2215 3759 3189
f 3081 2593 2644
f 905 1680 3760
f 532 531 62
f 131 2998 2842
f 3761 3688 1796
f 3506 22 357
f 2701 1904 3424
f 3762 1646 1803
f 3233 1833 1965
f 807 1721 3763
f 3426 2030 2029
f 1368 3690 3764
f 3765 2412 3621
f 1321 3006 3672
f 2229 3655 3654
f 3766 281 851
f 3767 3482 3198
f 2443 3209 2606
f 1719 1721 807
f 1886 1885 1816
f 3703 2839 2841
f 3648 82 1705
f 94 3768 1591
f 632 876 1775
f 1507 2660 2090
f 2995 2615 2616
f 3418 885 3084
f 3369 3085 884
f 1567 222 668
f 401 403 431
f 3769 3770 3771
f 3772 3773 3774
f 3244 3775 3245
f 760 759 3776
f 2448 257 2551
f 3777 3778 748
f 2966 1157 1156
f 694 3346 695
f 3779 2674 1265
f 782 3001 3003
f 3780 2446 3337
f 724 3302 3781
f 300 299 2410
f 3111 1342 1344
f 3236 2488 3348
f 2673 2672 1627
f 3782 3550 2375
f 1615 1226 1225
f 2859 3028 2250
f 3028 757 2250
f 1753 3783 2907
f 2867 3291 2465
f 1733 2966 1156
f 2001 636 1052
f 1968 2264 2263
f 3784 3184 3785
f 3232 693 3786
f 2605 2483 2567
f 3787 2693 2692
f 5 4 1994
f 3001 782 914
f 3788 3476 3663
f 992 51 3557
f 3789 1430 3790
f 3705 3704 2105
f 1365 3501 1363
f 3713 1590 2490
f 3740 3535 3791
f 3792 484 483
f 1864 1863 3420
f 2886 1000 233
f 1344 3793 3272
f 1294 2521 478
f 2427 430 221
f 2685 1628 1627
f 3367 3604 830
f 1129 640 2055
f 640 639 2055
f 1356 509 508
f 3794 41 874
f 939 3032 3031
f 2812 42 41
f 2328 3281 3795
f 3158 3160 1406
f 3323 30 747
f 2657 2547 2548
f 3712 3796 2038
f 1273 1695 2330
f 3797 2955 3798
f 545 3799 3800
f 1965 2136 3026
f 3801 1741 1740
f 3380 3802 2537
f 1410 1323 1288
f 613 1776 1777
f 3513 1197 2983
f 3087 1162 3151
f 1336 637 3259
f 938 1513 936
f 3369 3803 3604
f 2200 937 936
f 1796 3706 3705
f 3804 863 862
f 1940 2301 1139
f 1811 2388 1252
f 3805 2463 2029
f 1917 3490 3511
f 2445 3317 2503
f 3806 3807 1382
f 3808 3809 3810
f 1100 1489 757
f 1489 1488 757
f 1509 3266 153
f 1462 2669 3380
f 153 152 1509
f 3734 2110 3811
f 2994 3135 3563
f 3812 804 1294
f 22 3813 3518
f 3814 3402 3401
f 2573 2572 3192
f 3106 3631 1434
f 653 1480 1159
f 3815 3273 2189
f 1875 2899 2901
f 1424 1426 1234
f 3816 2098 2097
f 662 3817 663
f 2281 131 2842
f 2923 3818 635
f 1980 3651 3652
f 2609 2598 2597
f 188 971 970
f 1147 2403 240
f 589 2043 587
f 3819 2928 2232
f 6 1486 680
f 1684 1686 2416
f 841 3642 3076
f 2179 1745 1834
f 3448 3447 2799
f 3517 2068 1962
f 704 3820 705
f 2499 3259 341
f 3715 3105 1573
f 3821 3822 2977
f 3823 3167 3736
f 2432 3824 2690
f 3037 217 219
f 400 1378 398
f 3825 2472 3214
f 1371 1370 3747
f 1672 1671 3023
f 1702 2297 2396
f 1519 1521 3430
f 1130 2918 3826
f 1481 326 756
f 3827 3286 2920
f 2621 3669 831
f 1007 3828 2687
f 1932 1166 1299
f 3804 2736 2735
f 3387 3829 3830
f 3831 2761 469
f 2845 1386 2846
f 3580 2648 481
f 1465 422 84
f 1296 1905 3832
f 2852 3833 3834
f 1176 1220 2199
f 3835 857 2003
f 2011 685 684
f 3045 3836 2405
f 3837 3838 3750
f 130 3839 3840
f 3841 207 206
f 1473 2002 1052
f 3488 3386 3144
f 3842 3171 2171
f 3843 3497 3205
f 839 3064 746
f 3356 3844 3357
f 854 853 3140
f 1744 3840 3845
f 161 1788 3846
f 1710 2896 198
f 2183 1485 277
f 1173 2224 1174
f 1543 2057 1544
f 703 2678 464
f 2384 243 242
f 2113 2558 2111
f 2073 2072 949
f 3737 3337 2503
f 3847 3848 3251
f 2267 2596 1482
f 3465 3467 1412
f 308 2727 2309
f 2623 1611 1087
f 425 511 426
f 2178 2466 439
f 3744 3743 3293
f 3055 3849 3850
f 1849 3124 394
f 1594 3851 3852
f 224 223 1256
f 3853 3685 3684
f 3854 451 3330
f 2794 17 16
f 3855 1039 1038
f 945 3361 1969
f 3411 3856 3506
f 3741 1192 216
f 3376 593 595
f 2462 2463 980
f 3677 3857 3675
f 3858 3206 3859
f 3860 3861 2792
f 2372 2371 2520
f 3406 3405 864
f 2980 1193 1192
f 297 2915 3463
f 1143 2529 2531
f 3862 2514 2513
f 995 994 3798
f 2264 1968 3863
f 234 2539 232
f 3864 1153 1152
f 3475 1908 2092
f 3865 633 632
f 483 482 3866
f 338 2511 2566
f 1100 894 1490
f 24 1105 3668
f 1947 3867 2424
f 3576 2284 2925
f 883 3868 881
f 3687 3869 3688
f 1902 1901 3870
f 3204 3871 3872
f 3873 3145 3874
f 3875 2348 1363
f 2497 3876 2280
f 3275 3772 1856
f 159 3877 3878
f 742 3759 1185
f 238 1352 1218
f 715 3879 1600
f 3797 3798 994
f 1101 1100 2347
f 3880 3191 3881
f 3882 1264 2331
f 615 3883 3313
f 3884 244 3885
f 1606 2496 2495
f 2123 1291 2932
f 1979 3745 1980
f 1891 3336 3335
f 3187 2562 2561
f 1281 634 1091
f 3342 3360 629
f 3044 3886 2295
f 3887 3888 384
f 3889 3890 3891
f 3892 58 2659
f 2775 2774 3182
f 947 3631 3630
f 3893 3894 1737
f 93 92 3359
f 633 3865 2341
f 3895 1191 3896
f 2124 3896 1191
f 19 21 1818
f 2501 206 2502
f 2180 3897 2626
f 3898 1261 3899
f 3900 2833 2414
f 710 3901 2281
f 3449 403 805
f 1972 3902 2146
f 1293 1888 1123
f 145 2320 143
f 2046 875 874
f 1887 210 3210
f 2946 3619 3787
f 3903 1179 1474
f 630 629 3360
f 1470 3606 3904
f 2124 2123 2932
f 3071 3555 3069
f 3519 2300 3520
f 1367 3153 945
f 952 1381 1380
f 2299 2667 264
f 3502 3905 3906
f 3907 3908 3909
f 1145 380 2028
f 3444 2256 3258
f 3777 748 747
f 1789 2624 1654
f 1700 802 1159
f 3125 248 1034
f 3910 2749 961
f 1386 1749 1387
f 225 1214 223
f 3635 3911 2779
f 1847 3714 3484
f 660 815 2568
f 3495 2861 1951
f 2196 153 3266
f 3210 210 209
f 779 738 3249
f 2388 1253 1252
f 25 877 534
f 2057 817 2474
f 3230 3243 3286
f 151 150 2509
f 3810 3809 3912
f 3019 3280 3913
f 3735 3914 3823
f 2640 2706 3915
f 2705 3118 3915
f 1827 3730 2222
f 30 3777 747
f 879 878 1954
f 723 1501 2001
f 2398 2729 3333
f 3916 1747 1746
f 526 3917 3662
f 3918 3719 3919
f 309 1210 3920
f 2009 3921 3922
f 3452 3494 85
f 3008 3923 3009
f 3924 2740 3925
f 3863 1968 184
f 3926 2092 1908
f 2752 2754 1237
f 3927 2799 3447
f 287 572 2705
f 2558 2557 2111
f 3566 3336 3567
f 1751 1753 2907
f 3927 1950 3928
f 163 162 3929
f 3930 3445 1179
f 3931 3932 3933
f 2696 1668 3478
f 2511 3260 2566
f 3260 1414 2566
f 1947 1648 1945
f 1096 1211 432
f 3934 3882 3935
f 1831 3201 1832
f 3412 3936 3413
f 3211 3175 1850
f 3937 1955 3751
f 3938 3939 126
f 3797 1717 2955
f 3940 3658 3223
f 1987 2916 1985
f 1769 709 1767
f 3941 3261 3120
f 2624 3108 1654
f 1722 3942 3755
f 1366 3764 3153
f 3370 1778 1780
f 2763 2304 2263
f 2214 108 3943
f 1751 2909 3213
f 3944 3943 108
f 3945 152 1856
f 3946 577 3557
f 1078 688 687
f 3623 2691 1384
f 2524 1746 2098
f 3722 3721 3947
f 2486 2821 1511
f 3292 1314 2488
f 276 261 2682
f 2565 1265 2481
f 1586 1588 2822
f 2240 3569 1027
f 3948 3041 1240
f 872 871 307
f 1899 2372 1898
f 3607 3003 3002
f 1725 3949 3111
f 3950 3005 750
f 3576 2927 3315
f 60 2659 58
f 3909 1735 1736
f 2513 3307 3862
f 840 3613 1020
f 40 3674 1802
f 2964 1354 2963
f 3951 293 3910
f 3366 941 2209
f 1471 368 367
f 3952 1949 1144
f 2437 3226 2599
f 1216 436 3953
f 3643 3076 3642
f 2940 961 963
f 3954 3712 2953
f 2179 2953 3712
f 3955 1331 3042
f 28 2259 3956
f 979 1349 3197
f 1320 2349 3957
f 3958 3725 3070
f 3619 2946 2947
f 21 20 872
f 2163 1451 1450
f 3241 2320 1217
f 685 1495 2404
f 3959 244 3960
f 3592 3920 1210
f 1852 3088 3089
f 1164 1163 3381
f 1141 1140 3408
f 3961 1535 132
f 3962 3741 1960
f 501 1993 499
f 2548 1190 2348
f 3168 3648 1705
f 3806 3463 3257
f 3963 1092 1094
f 2619 589 3702
f 2561 2529 3102
f 2237 845 3964
f 3073 1017 1016
f 3081 3965 2593
f 3589 887 453
f 1105 1104 2496
f 3756 2750 1082
f 1662 1131 1133
f 1075 149 2659
f 2363 3946 3557
f 3731 3966 3732
f 911 3967 2788
f 3968 1827 533
f 3969 3970 663
f 2119 2190 2189
f 125 127 2982
f 3794 874 873
f 3971 1604 991
f 816 815 3972
f 8 2442 9
f 3461 2754 2753
f 2952 3954 2953
f 3307 2635 3973
f 2918 1130 1129
f 3532 459 3974
f 3785 3975 3976
f 381 1019 3075
f 3911 3635 150
f 3635 2509 150
f 1137 1832 3201
f 3977 3725 3978
f 3800 2704 545
f 1668 1667 2704
f 3979 2162 2983
f 1468 1475 1466
f 1103 2288 2287
f 3873 509 1105
f 3980 3981 3016
f 1818 175 174
f 1207 3982 1205
f 3214 2909 3825
f 3044 2295 3043
f 3983 3548 1110
f 3984 3717 3486
f 1270 2768 1284
f 2866 3935 2867
f 2184 277 3985
f 2593 852 854
f 2211 3986 740
f 2485 335 3027
f 106 1779 3987
f 985 1103 2287
f 985 2455 986
f 3695 254 256
f 254 3695 3988
f 1727 2575 3989
f 3479 2697 3478
f 1970 488 487
f 2733 3122 1540
f 2183 2184 3572
f 3990 1958 1957
f 1687 213 212
f 208 210 2821
f 184 1969 3361
f 2571 652 2527
f 2735 3838 3804
f 2084 2997 2772
f 1736 3922 3921
f 1781 992 3991
f 3992 2584 3419
f 3993 3948 2449
f 3909 3908 786
f 3835 858 857
f 2531 1144 1143
f 356 718 717
f 387 2896 3056
f 3994 1787 1786
f 1154 1071 3241
f 2610 205 1750
f 1616 452 1484
f 2003 2005 1724
f 1192 3741 3962
f 2309 2777 308
f 3995 456 112
f 2989 3996 349
f 3997 2687 3828
f 701 515 3581
f 3998 3999 3398
f 3978 4000 3945
f 3846 1788 1819
f 3981 2766 3016
f 937 3596 4001
f 2872 4002 3197
f 4003 463 3218
f 1014 3456 2269
f 2808 3397 4004
f 4005 692 867
f 3294 3982 1207
f 2450 1875 2451
f 1734 501 500
f 2216 2552 1580
f 84 83 408
f 1727 2113 2112
f 3508 104 3338
f 46 48 3724
f 3032 3366 3325
f 4006 1701 1700
f 378 3344 752
f 3858 3207 3206
f 1066 3821 2109
f 1562 1298 1297
f 3740 3791 4007
f 2278 3352 2279
f 3779 385 2814
f 3917 1540 3122
f 1415 2814 2813
f 2047 874 41
f 4008 2699 3689
f 900 2880 3689
f 2044 4009 2043
f 2550 3417 3551
f 4010 4011 713
f 3094 4012 382
f 2862 1042 859
f 2862 3860 1779
f 3102 3221 3187
f 3097 1102 3046
f 346 1119 344
f 816 2890 1502
f 1689 3546 3647
f 1813 479 481
f 2930 4013 4014
f 4015 4016 4017
f 654 4018 3029
f 3146 1079 1941
f 1414 4019 1412
f 1348 1350 796
f 1090 633 2341
f 965 69 68
f 2193 3316 607
f 3640 2988 349
f 3734 3914 3735
f 4020 4008 3689
f 4021 4022 1436
f 3388 1391 1390
f 2104 3193 917
f 4023 3696 256
f 3182 3984 4024
f 928 3368 3276
f 2315 2045 2316
f 2045 1271 2316
f 967 966 2150
f 497 3409 1994
f 4025 4026 958
f 664 301 665
f 1002 2148 1003
f 2142 2054 2053
f 2230 4027 1837
f 3682 4027 3508
f 3539 4028 1029
f 1438 1436 3090
f 951 3195 4029
f 3219 4029 3195
f 2770 12 11
f 2564 1511 2563
f 2302 3968 533
f 2254 2266 3967
f 2456 3032 986
f 1314 809 2488
f 753 755 4030
f 1573 1297 3716
f 2282 4031 3235
f 3200 2440 2606
f 1868 392 1174
f 389 3319 3036
f 4032 4033 737
f 3563 3448 2994
f 2685 4034 1628
f 3944 2020 2209
f 935 1036 1035
f 2445 71 3317
f 376 1775 374
f 1925 3979 2983
f 3255 613 1777
f 877 1585 534
f 2628 3128 2369
f 2628 650 2629
f 3931 3173 770
f 3025 3408 1140
f 2989 2658 3996
f 2365 578 577
f 2514 1309 1308
f 960 4035 1503
f 4036 4037 3972
f 660 659 4038
f 3831 471 1766
f 4039 4040 3216
f 4041 4042 1453
f 4042 2863 1453
f 833 452 454
f 994 3906 548
f 2373 3933 3932
f 4043 1357 4044
f 1019 731 733
f 607 606 2193
f 1203 4045 2954
f 3207 458 3173
f 4046 2786 3143
f 265 932 334
f 4047 3626 2995
f 588 587 4013
f 4048 2807 4049
f 3838 2238 91
f 2012 201 1028
f 1028 201 238
f 43 2468 1410
f 4050 3195 951
f 196 3540 1375
f 1057 3540 3181
f 3106 3105 3629
f 1372 144 1888
f 3465 3608 3466
f 15 2854 3359
f 2182 1506 1505
f 3062 4051 4052
f 3222 3320 3319
f 1027 1218 2240
f 560 559 575
f 278 1072 1997
f 672 261 260
f 261 672 2682
f 764 122 124
f 263 265 2870
f 3790 4001 3789
f 1844 1027 3569
f 775 774 2091
f 1285 1284 2768
f 1350 321 323
f 2432 838 837
f 3018 3430 1521
f 763 3728 896
f 4053 2465 2815
f 3544 2923 4054
f 314 3597 315
f 3722 2755 506
f 4055 190 189
f 3566 3451 4056
f 2704 3800 1668
f 3216 4057 3480
f 2805 390 3468
f 2881 4058 4059
f 3682 3462 2915
f 3806 3257 2255
f 3603 728 730
f 2715 2938 1606
f 380 1145 1212
f 3390 3389 729
f 3472 2074 3473
f 2889 2345 1853
f 1189 3332 1620
f 705 2887 2708
f 2901 2314 2313
f 3601 3600 1181
f 2887 2582 2708
f 2583 4011 2581
f 4060 4061 4062
f 880 2153 2522
f 433 1211 4063
f 1270 3513 557
f 3681 1628 4034
f 4064 2549 3599
f 2052 1890 1889
f 2735 3750 3838
f 4038 3972 815
f 2434 36 364
f 1215 2942 2943
f 273 4065 271
f 4066 959 3641
f 1609 2458 1610
f 3347 3522 409
f 2974 3621 2972
f 3526 1998 2787
f 3063 1874 649
f 8 2587 2442
f 2810 489 488
f 3026 3233 1965
f 2469 3004 3006
f 3377 2264 3863
f 2785 2280 2279
f 1758 2995 2661
f 1140 2235 3025
f 1840 1928 1927
f 3432 2017 2088
f 3645 3350 4067
f 3386 2978 3144
f 828 2095 4068
f 2990 1460 1246
f 1004 1155 3531
f 1155 2114 3531
f 2161 4069 1498
f 3653 2208 940
f 3049 1030 3007
f 1181 1180 3274
f 1248 2791 2790
f 2578 1531 2161
f 1865 1867 3018
f 4070 1498 3363
f 1486 1993 501
f 1985 2917 2886
f 1266 3667 385
f 1555 656 3199
f 1805 798 800
f 2324 798 2292
f 69 560 575
f 1206 4071 2702
f 4072 1207 4073
f 2422 603 3587
f 3478 2697 2696
f 1390 3230 3388
f 1102 3097 3221
f 3097 2025 3187
f 4074 470 3610
f 1250 1799 1248
f 828 4068 3926
f 1556 3234 1537
f 1646 1452 1121
f 1122 1121 1452
f 1645 4075 1643
f 2246 205 207
f 211 2329 212
f 2329 233 212
f 1601 429 814
f 429 1601 427
f 814 4076 1601
f 2581 4076 4035
f 4035 2582 2581
f 2382 1010 1009
f 463 465 2261
f 713 1601 4076
f 242 3748 4077
f 2237 3328 2804
f 4077 2384 242
f 3829 3387 334
f 3920 3176 309
f 3980 99 98
f 3130 1830 1892
f 103 99 1402
f 2021 3364 2525
f 1879 2766 98
f 2872 1992 2542
f 2542 2720 3426
f 3333 1646 1121
f 243 2384 1873
f 3423 1704 4078
f 1499 4070 519
f 2618 3554 2619
f 1825 2616 1706
f 2044 2619 3554
f 1345 1880 2383
f 49 1846 1845
f 1846 3420 173
f 1193 2507 2506
f 2725 677 2103
f 3471 4079 4080
f 3016 1991 3980
f 144 1372 3190
f 3913 3280 3279
f 3066 3529 3528
f 1884 3133 3528
f 407 3546 3615
f 1450 1983 2163
f 195 669 1768
f 775 2091 4081
f 4082 668 4083
f 2902 305 2465
f 3005 3004 750
f 2571 4084 1095
f 3683 3073 3072
f 580 2409 581
f 1503 1502 960
f 1981 3334 4085
f 3710 2943 345
f 1216 3137 1215
f 418 1621 419
f 3011 3010 3788
f 1208 4086 3507
f 1616 3588 453
f 3476 2641 3103
f 3476 3788 3382
f 2065 450 449
f 617 3752 1163
f 2891 3109 2166
f 762 3019 3658
f 240 2403 3603
f 2403 1494 3603
f 2874 3844 2875
f 125 977 976
f 502 1501 304
f 1467 3628 3375
f 1384 2691 493
f 2189 1529 2119
f 1712 1711 3714
f 4087 4088 3622
f 903 3714 1711
f 1568 2849 220
f 3982 4062 4061
f 523 3162 2569
f 463 4003 2255
f 4089 3583 3582
f 2071 1772 1936
f 3607 3466 3608
f 2190 2119 2118
f 1384 1383 3622
f 1431 1385 493
f 3246 1329 3955
f 187 186 2182
f 489 2587 1851
f 4090 423 2345
f 1092 4091 3134
f 4092 2576 2575
f 2882 651 1894
f 3803 13 3604
f 3590 1305 2234
f 413 223 1214
f 3067 2410 574
f 3441 4093 3277
f 4094 1253 2389
f 50 49 2363
f 3960 244 243
f 2166 1178 1177
f 1897 498 4
f 2435 4095 2952
f 1956 1958 4096
f 2140 3517 2292
f 3727 4097 4098
f 68 4099 4100
f 3574 4101 1320
f 4029 3219 2622
f 2362 744 2132
f 3343 2102 2924
f 2752 1237 1236
f 2873 2024 1069
f 3704 2071 1936
f 2071 1773 1772
f 4102 3778 4103
f 4104 3828 4105
f 3670 3457 1041
f 4106 4107 2965
f 320 1643 319
f 16 2919 12
f 3762 1044 1043
f 4007 4108 3956
f 1163 3752 3381
f 1989 2713 2714
f 3021 3249 3164
f 2268 4109 1645
f 801 803 2396
f 253 3912 3809
f 950 2590 2589
f 2784 2783 2464
f 1089 1088 3222
f 3753 3891 3890
f 276 3253 262
f 4110 465 464
f 4083 3449 1768
f 2594 2815 2465
f 1768 4082 4083
f 1729 1861 805
f 3165 1158 2843
f 325 793 756
f 793 325 791
f 2631 2633 3129
f 3808 3810 4111
f 2707 4112 3775
f 1174 392 1172
f 3388 729 3389
f 1430 127 126
f 2046 4079 3471
f 4113 4079 2046
f 439 3454 437
f 736 1048 1493
f 1522 1817 21
f 59 3068 60
f 2035 1635 1558
f 2034 2036 3376
f 3210 3089 1887
f 1558 2034 2035
f 291 293 754
f 3376 3375 3628
f 2265 4046 3143
f 4114 3602 3601
f 3269 978 977
f 1347 1346 813
f 2964 820 2169
f 494 1354 495
f 2591 3250 3044
f 2157 4115 4116
f 3950 4117 3005
f 751 2600 1332
f 511 510 426
f 3822 4118 2243
f 2957 4119 563
f 1777 2923 635
f 4120 4121 2621
f 3960 1874 3063
f 4122 4123 3874
f 649 3061 3063
f 2973 245 2089
f 2106 1936 2089
f 648 2786 3061
f 1401 1711 1083
f 809 3190 1374
f 3907 145 144
f 2474 3011 1544
f 4124 2549 2551
f 973 3392 4125
f 2835 1597 1596
f 3446 1995 139
f 1410 2469 1323
f 3539 2811 2273
f 1737 3749 3893
f 1878 3441 1876
f 4048 2338 2807
f 2558 2113 2516
f 67 3502 994
f 73 2312 74
f 3366 2312 3325
f 1199 482 1926
f 1910 4126 1911
f 2027 2663 582
f 4127 2027 584
f 3960 4100 3959
f 4099 995 3798
f 1472 3113 2035
f 3572 2894 2183
f 369 371 520
f 931 890 1853
f 3940 3223 229
f 2519 2518 2730
f 1839 1097 4128
f 1326 1325 3158
f 566 1357 4129
f 743 676 3193
f 588 1539 868
f 3169 3625 3693
f 1146 3235 1569
f 2186 1299 1166
f 4130 117 3780
f 3024 1304 3770
f 4131 3133 4132
f 3892 3093 3095
f 3853 1434 3631
f 156 4133 1653
f 2074 3472 2664
f 2655 2470 3971
f 2509 2545 2508
f 4134 2662 1421
f 207 2247 2246
f 2476 3521 3520
f 2470 2655 2865
f 3881 1433 3880
f 2832 2831 3191
f 2532 3637 3636
f 82 3648 3647
f 674 2709 2361
f 2372 3933 2373
f 2373 3932 958
f 4135 2727 871
f 2727 307 871
f 4050 2525 2527
f 1552 3795 2048
f 1624 3585 4136
f 915 164 166
f 2021 2525 2409
f 3505 513 4137
f 3534 2633 2632
f 4003 3807 2255
f 1067 434 433
f 1127 3231 768
f 3788 3663 4138
f 3663 2579 4138
f 3691 4059 3245
f 1089 3319 3429
f 686 984 1243
f 3202 727 2173
f 2455 4139 2456
f 255 254 4140
f 85 1117 1116
f 4141 811 3174
f 1084 3756 1082
f 2950 2962 2042
f 4142 4143 3576
f 4090 2091 1824
f 2127 4089 4144
f 1639 1854 4139
f 2945 256 1854
f 3695 256 3696
f 3892 3095 58
f 3871 760 3776
f 3682 3339 3462
f 3339 3682 3508
f 366 1085 3129
f 2998 1389 1391
f 3965 3443 853
f 4145 3474 3965
f 4146 659 661
f 3510 3489 3179
f 3154 2171 823
f 1759 822 726
f 125 1504 977
f 3149 2630 2117
f 995 68 67
f 2549 4064 2550
f 4019 1414 662
f 354 3091 352
f 3028 337 757
f 4147 3599 2739
f 2970 3553 447
f 3258 3257 3462
f 2452 1665 1664
f 1664 1666 2900
f 179 2798 2797
f 1068 832 3669
f 148 2924 146
f 4148 4149 4150
f 2834 1114 969
f 4151 3808 4111
f 1115 4152 4056
f 3151 2475 3087
f 2726 2747 908
f 549 3906 3414
f 3414 3906 3905
f 3905 3502 2461
f 328 1249 2944
f 1097 1839 1841
f 296 4153 2915
f 625 2400 623
f 4154 1557 3799
f 1265 1266 3779
f 40 1802 2047
f 2047 1802 1801
f 4155 2943 3711
f 4000 1509 3945
f 1339 4156 1337
f 3561 2673 1626
f 3199 1890 2438
f 1642 1338 1889
f 2717 3256 2567
f 386 385 3667
f 668 1128 1567
f 1567 1128 1568
f 3513 2983 2162
f 4013 2930 1539
f 3991 3557 577
f 3959 4100 4099
f 3633 424 3632
f 2363 3557 50
f 2459 3252 3251
f 4157 3391 4158
f 3099 4159 3100
f 2460 2115 2114
f 1031 1032 2547
f 2976 587 2043
f 4160 1924 1923
f 1924 4160 276
f 930 755 4161
f 3951 754 293
f 4162 582 2663
f 584 2027 582
f 1531 123 1660
f 3332 2573 3500
f 1408 1242 1714
f 735 1654 1046
f 2964 2712 1355
f 3438 38 2138
f 321 1350 981
f 4163 2765 3566
f 4164 4165 4166
f 4033 3248 737
f 970 4021 942
f 2999 341 3259
f 3343 148 3645
f 2396 1341 2397
f 328 2707 1250
f 884 3085 885
f 2880 2307 3611
f 21 872 1522
f 3482 215 3198
f 641 1912 1237
f 3311 3310 3961
f 3310 4041 3961
f 2992 2806 2644
f 4167 739 4168
f 1335 1939 1496
f 1335 2137 1333
f 3371 466 1730
f 3638 2337 2336
f 2989 771 1031
f 771 770 1031
f 360 2601 361
f 1168 2819 3444
f 1064 2108 3734
f 4169 3218 2985
f 3166 1064 3167
f 4170 1333 2137
f 3735 3823 3736
f 833 3393 452
f 3656 2364 2363
f 1393 4171 2987
f 2436 2951 2703
f 2951 2436 2435
f 2021 3816 3364
f 3365 1269 4063
f 2159 4011 1738
f 1863 1708 3420
f 1099 4172 417
f 4173 322 2391
f 3215 3800 3799
f 4174 3404 4175
f 4176 4085 3334
f 4177 1073 2183
f 4178 3358 4179
f 512 4180 4181
f 1094 3576 4143
f 553 1264 3934
f 2120 250 2121
f 262 96 95
f 4182 4078 4183
f 1283 4184 1013
f 2158 2965 797
f 2926 3834 3833
f 3543 675 3544
f 2726 1457 677
f 2084 3352 2085
f 139 1180 3445
f 2556 2332 2176
f 4185 2147 2308
f 195 194 669
f 1611 4186 1087
f 3272 3059 1726
f 2685 1627 2686
f 306 305 2902
f 306 1389 197
f 3159 1820 3160
f 3122 1699 3161
f 2860 3126 1951
f 1023 1022 4187
f 319 1643 4075
f 3939 3790 1430
f 4168 778 1787
f 2418 2569 3163
f 133 132 1710
f 3526 246 2972
f 2244 4118 1065
f 1863 1709 1708
f 4188 1380 1379
f 1398 395 3271
f 2160 3768 2401
f 328 327 2707
f 1421 1423 2417
f 521 2881 4059
f 2172 3929 162
f 32 977 1504
f 987 1103 985
f 987 3325 2312
f 1925 2983 1926
f 1326 2893 2892
f 345 4189 3710
f 2143 4190 2600
f 116 4191 4137
f 1872 3665 1736
f 2877 4184 2222
f 1850 487 489
f 4192 2718 2717
f 1868 4193 3579
f 2717 2716 2444
f 2185 1300 2186
f 3577 4194 4195
f 264 2666 932
f 2389 2585 1974
f 610 609 1142
f 921 3038 1396
f 4196 866 2922
f 1983 3009 2164
f 1854 4197 2945
f 1235 1912 2765
f 3839 910 3840
f 3758 2164 3009
f 3881 3191 410
f 1964 1963 879
f 1854 4140 4139
f 3490 3509 3511
f 1152 630 3864
f 4198 2559 4034
f 397 396 2788
f 4199 997 1328
f 931 2528 891
f 1867 2158 3019
f 2 689 3278
f 4200 70 1548
f 70 4200 438
f 1436 1435 3090
f 1952 1435 1437
f 3639 4201 780
f 4202 2408 1845
f 4135 2309 2727
f 2309 4135 2310
f 2563 2330 2564
f 2330 2563 1273
f 1679 3760 1680
f 1959 4203 2295
f 2592 2643 2593
f 206 2501 3600
f 359 2884 357
f 4204 218 3264
f 381 708 2744
f 381 383 1019
f 4205 7 9
f 1841 1689 1097
f 32 31 3269
f 1204 3020 3269
f 3172 3171 4206
f 1388 2489 2846
f 858 3288 856
f 4023 2454 3288
f 2880 899 2305
f 3924 4207 2738
f 616 615 3313
f 3482 3767 4208
f 3238 47 2829
f 1756 3919 3719
f 23 4209 3145
f 3518 2129 23
f 3619 1948 3952
f 4069 2195 1498
f 1316 2031 2007
f 1316 414 1578
f 2326 1994 2411
f 4210 2724 2723
f 1015 4211 2874
f 1013 4180 2062
f 4212 2895 3762
f 2960 1837 1836
f 4001 938 937
f 428 2939 138
f 661 138 137
f 138 661 428
f 1345 1881 1880
f 1808 2335 1806
f 103 1807 4213
f 2383 1806 2335
f 1806 4213 1807
f 3174 811 1346
f 586 3960 3063
f 1338 1642 2868
f 1441 112 111
f 373 120 966
f 853 3338 3140
f 104 106 3140
f 2027 1422 2663
f 2216 4134 2552
f 3645 2101 3343
f 695 3964 844
f 1295 4204 3264
f 3698 1546 1201
f 1528 3300 1529
f 2370 3300 785
f 3469 3470 4214
f 3470 3852 4214
f 365 3082 2806
f 2806 3082 2644
f 3695 3694 3988
f 129 128 2266
f 3261 975 974
f 3138 3953 3581
f 3894 1518 1517
f 2676 2287 2677
f 4208 710 2242
f 2656 1868 3579
f 540 3872 541
f 3030 4018 354
f 2514 955 2512
f 2512 955 4215
f 1031 2547 2658
f 3029 4018 3030
f 3722 1688 1063
f 2278 3876 4216
f 1607 1606 2938
f 2910 2911 1613
f 4217 2130 3147
f 1036 935 3985
f 619 2066 617
f 1083 1082 1401
f 684 683 1570
f 851 2060 2603
f 656 1642 1890
f 4106 2965 1866
f 4058 2523 4059
f 2903 1389 306
f 3696 3835 3694
f 3835 2003 3694
f 3873 3874 4123
f 4218 4219 4220
f 3126 2443 1952
f 2000 3143 1998
f 3017 3051 3052
f 3017 4221 1111
f 2916 3570 1054
f 3570 2191 1054
f 2860 1137 3208
f 3842 468 467
f 4222 2282 827
f 2271 4223 1602
f 1148 1150 2305
f 4103 4108 175
f 1446 3124 1849
f 2579 1872 2023
f 3278 3280 2158
f 3616 3618 538
f 4224 2398 4225
f 690 1468 1467
f 1591 1499 142
f 1499 1498 4070
f 110 1950 476
f 1875 2450 1664
f 1532 777 1533
f 2608 1579 1534
f 3052 688 3017
f 688 3052 686
f 383 4012 1673
f 4012 3892 1673
f 883 2371 2373
f 3025 3769 3771
f 3685 3853 4226
f 1268 3203 1267
f 945 1969 1367
f 2304 4227 1367
f 1516 1518 2328
f 3435 3582 1085
f 3988 4228 254
f 3660 2761 4165
f 4161 755 754
f 4229 3575 3957
f 3462 4230 3258
f 3460 1304 3024
f 1942 4231 1943
f 3690 2956 4232
f 1579 1911 4126
f 124 2013 2433
f 2773 3863 183
f 4233 789 790
f 1999 4234 2843
f 3826 2918 834
f 492 3598 4235
f 4236 3524 3523
f 4237 3672 3065
f 2269 516 518
f 3502 3906 994
f 520 1407 1406
f 1266 3413 3667
f 3936 3412 3316
f 3736 3167 1064
f 1638 644 646
f 3120 2749 3941
f 1200 84 422
f 3470 902 4238
f 911 2750 909
f 789 4233 1941
f 2843 1158 1157
f 644 1638 4239
f 3784 4096 2208
f 3154 3842 2171
f 4240 671 1984
f 4241 468 3155
f 496 1984 494
f 2172 2171 3171
f 3868 1819 881
f 2179 2040 1745
f 2645 1408 741
f 3172 1209 3929
f 2518 700 699
f 465 4242 4106
f 4198 3732 2560
f 805 1861 424
f 1267 3205 3497
f 643 1912 641
f 1237 2922 641
f 3733 4034 2685
f 1566 3606 2107
f 1919 1978 1379
f 1379 4178 1919
f 603 1527 3587
f 3605 3606 1470
f 130 4051 3699
f 3404 1576 414
f 4239 4096 3784
f 3944 2208 4096
f 3787 4243 3976
f 923 3652 924
f 810 1313 3370
f 4244 833 832
f 2824 2260 2075
f 2260 465 4106
f 578 3720 2127
f 4057 3216 4040
f 4186 2911 1087
f 918 1444 916
f 1444 2024 916
f 2037 2769 4245
f 3038 921 581
f 4246 1202 1545
f 2781 2888 1445
f 3817 4235 663
f 3070 4236 3523
f 4247 1961 2039
f 3802 3749 1739
f 266 932 2666
f 4194 3577 3579
f 4248 2452 2451
f 4249 2794 12
f 1291 1975 1977
f 3970 3701 3852
f 1785 1532 1534
f 3561 2440 2439
f 924 777 779
f 777 924 3652
f 739 779 778
f 1532 1787 778
f 1060 2802 2192
f 3241 1217 373
f 2069 3517 3475
f 2776 1212 3015
f 834 2022 835
f 2022 1872 835
f 4246 2492 1202
f 3798 2955 3885
f 3539 172 2811
f 800 1803 1805
f 3556 3362 1492
f 2376 3416 2698
f 4056 1116 1115
f 1116 4056 3451
f 1457 2726 1473
f 734 1242 735
f 3720 578 3545
f 2800 1288 1618
f 3557 3991 992
f 2270 600 1229
f 3938 2429 2494
f 1513 3939 3938
f 4112 3245 3775
f 1432 3684 3771
f 3953 3138 3137
f 2493 2429 2428
f 698 3724 3707
f 423 753 4030
f 1884 1678 3133
f 4250 1609 2748
f 1364 418 1365
f 1304 2414 3110
f 2437 720 817
f 4251 1464 1463
f 2609 1533 3652
f 3652 1533 777
f 247 2105 245
f 865 4252 4253
f 1989 2944 1990
f 3312 3767 3198
f 4254 4255 4220
f 1860 448 2063
f 518 517 3318
f 2064 4256 1976
f 4255 1478 4220
f 1977 1976 4256
f 1262 3322 4257
f 3303 3616 538
f 1373 3349 3348
f 2720 658 1830
f 3904 3606 1566
f 1405 1326 3158
f 1699 1821 3161
f 4258 1134 1186
f 155 2308 4259
f 661 2568 429
f 2568 814 429
f 814 1503 4076
f 1503 4035 4076
f 4035 2457 2582
f 2457 2708 2582
f 2708 4260 705
f 4260 3690 705
f 620 948 673
f 3263 3262 818
f 1449 3334 1981
f 8 7 3703
f 2673 1627 1626
f 1628 2149 1626
f 1547 2827 3118
f 3356 3121 2875
f 2380 3107 2381
f 4171 2381 3107
f 3983 1724 3516
f 1724 3983 1722
f 934 2184 3985
f 3872 3871 541
f 2095 830 3604
f 3367 1877 3276
f 3827 1561 1814
f 3827 3230 3286
f 3019 3018 1867
f 350 2944 351
f 4261 4262 2684
f 3537 105 2334
f 154 3147 1855
f 3147 4263 4217
f 4264 4265 3058
f 4119 3058 4265
f 4167 3013 3012
f 1610 1617 1608
f 1061 362 680
f 362 1061 1
f 377 2132 744
f 1146 239 2283
f 2900 2899 1664
f 2899 1875 1664
f 480 1934 481
f 4161 1274 930
f 1857 3022 1858
f 1316 2007 1317
f 3895 4205 3331
f 3449 3633 1440
f 209 2487 52
f 3007 323 4173
f 4143 3963 1094
f 3367 3276 3368
f 930 1274 2528
f 891 890 931
f 4266 4267 1106
f 1274 4161 3951
f 3212 3850 1371
f 9 3331 4205
f 3515 3516 1724
f 2205 4032 2206
f 1691 1693 4268
f 2630 3128 2628
f 1833 3233 2210
f 2210 1556 4154
f 4269 571 570
f 3235 2283 2282
f 1646 2729 1803
f 4270 3855 4036
f 1873 1874 243
f 1874 3960 243
f 2024 1937 1772
f 1937 1936 1772
f 1936 2106 3704
f 2106 2105 3704
f 2105 2543 2385
f 2543 1873 2385
f 4271 4253 4252
f 3132 643 2016
f 4272 230 1089
f 4273 3007 1030
f 3998 3398 2809
f 2748 3120 4250
f 2327 2328 4274
f 2871 3426 2462
f 4275 2879 2878
f 1177 1176 1324
f 3068 1823 1074
f 1024 2677 2287
f 1311 2646 462
f 459 458 3974
f 3469 903 902
f 2120 2556 192
f 839 1931 4276
f 2622 3219 1614
f 1132 2562 2025
f 1132 196 1375
f 3010 398 3788
f 4277 3357 4278
f 4176 3334 914
f 644 4243 645
f 2427 2521 430
f 2545 2509 2006
f 3944 2209 2208
f 107 925 2019
f 1834 546 2951
f 546 2703 2951
f 2722 3355 2723
f 3384 258 2618
f 171 170 3048
f 30 3323 28
f 630 2854 1001
f 4094 1943 4231
f 1947 1649 1648
f 3017 688 2314
f 3888 42 384
f 2503 3337 2445
f 727 823 2173
f 2173 823 2171
f 2638 3329 2640
f 3329 2638 2146
f 1303 2654 3042
f 1186 646 4258
f 449 3854 1359
f 457 180 3928
f 1154 3241 373
f 1154 966 1997
f 4193 1174 2224
f 1750 3035 2610
f 4279 1277 1279
f 895 1102 3221
f 2196 64 154
f 2196 3266 726
f 2479 2168 2169
f 1342 3898 3899
f 980 3197 4002
f 3805 4004 3397
f 1318 4101 287
f 4280 3312 3198
f 4221 1112 1111
f 2987 1113 1112
f 3267 4206 3171
f 3170 3169 1690
f 3461 2991 2754
f 2220 1460 2990
f 3568 3437 3436
f 1870 3386 1871
f 1166 1572 2186
f 2768 1269 2096
f 4121 4281 2621
f 4282 3859 3206
f 2973 246 245
f 647 2543 247
f 3620 1998 3526
f 1998 3620 3655
f 3292 1315 1314
f 1059 4283 2339
f 396 2750 911
f 3756 909 2750
f 4258 3877 1134
f 1795 2353 2352
f 1491 77 2594
f 4284 77 76
f 3870 2588 2072
f 3964 3350 2237
f 4210 3608 3465
f 213 2627 2626
f 1748 3349 1373
f 501 1487 1486
f 1487 1061 680
f 4285 1699 1698
f 708 1970 487
f 4006 2941 1701
f 2941 420 419
f 2460 1003 2149
f 1003 2460 1155
f 2185 682 1300
f 935 934 3985
f 2022 834 2023
f 3980 2931 1403
f 4286 2217 1579
f 1171 1446 1448
f 4287 4080 4079
f 384 2814 385
f 1964 1953 2323
f 3188 3471 3080
f 3794 3646 2813
f 4288 3917 3122
f 1991 2868 678
f 2868 1991 3016
f 561 560 4194
f 4195 560 69
f 100 4100 3960
f 560 4195 4194
f 238 237 1352
f 2461 3742 3412
f 1302 3748 4289
f 248 250 192
f 1630 1391 3388
f 4054 3542 3544
f 4094 892 1253
f 1859 2925 2284
f 1940 3520 2300
f 1100 1490 1489
f 4016 4290 3712
f 3764 1366 1368
f 1511 2820 1459
f 2487 2486 2454
f 1078 2314 688
f 2830 1330 2387
f 3897 3618 3617
f 4291 4121 4120
f 2974 4291 4120
f 1672 3023 3134
f 3927 3928 2797
f 2278 2280 3876
f 3868 883 959
f 4292 1461 269
f 91 863 3838
f 863 3804 3838
f 3405 1515 862
f 3804 1514 2736
f 3102 3101 3221
f 4293 2421 4279
f 996 997 2712
f 997 4199 2711
f 2054 2143 2599
f 7 4205 3703
f 3756 3578 909
f 3845 3577 1744
f 4294 1547 571
f 4295 3326 492
f 2968 4291 2974
f 910 3845 3840
f 338 165 164
f 3429 3442 3345
f 2610 3035 2502
f 2502 206 2610
f 2278 2085 3352
f 3399 3934 3935
f 1206 4073 1207
f 4073 1206 2856
f 1378 439 2466
f 1120 4296 3421
f 4297 3094 382
f 2744 4297 382
f 2570 533 1828
f 209 208 2487
f 292 291 407
f 83 3647 3546
f 1908 934 3287
f 595 2034 3376
f 120 372 121
f 3825 2909 2908
f 3628 1466 594
f 4298 3439 3657
f 539 3973 2635
f 3279 3320 3222
f 2476 3559 3497
f 784 3661 3053
f 4216 3876 343
f 1970 1254 488
f 3851 663 3970
f 3970 3852 3851
f 4299 4300 731
f 731 1019 1018
f 2829 2933 2935
f 3724 2191 4301
f 3237 1193 2980
f 2506 2505 3299
f 2207 3228 2205
f 2498 3801 1336
f 797 2965 4107
f 2846 1386 1388
f 3650 2540 3242
f 1609 3000 2749
f 411 2574 409
f 4302 3458 3670
f 3491 4146 3489
f 3012 2206 4032
f 4303 2311 2310
f 2824 1944 2261
f 4304 2013 75
f 2277 1280 3766
f 1376 913 912
f 251 3809 4305
f 4306 3843 3872
f 4188 1379 1978
f 4251 1463 3726
f 3751 3750 4307
f 3727 704 2763
f 714 713 4011
f 1229 600 599
f 1597 2835 2870
f 283 282 3879
f 1277 747 749
f 267 266 2534
f 3298 576 2083
f 1756 2661 2660
f 1720 722 1329
f 3128 3296 2370
f 204 1833 1745
f 3915 2706 2705
f 4230 3443 3258
f 4212 4308 4309
f 4310 3709 427
f 3375 2809 691
f 2808 3786 693
f 2297 2296 3047
f 1302 1301 3748
f 3776 541 3871
f 3533 2062 1976
f 3502 575 559
f 3262 4311 2546
f 3399 4136 3585
f 4080 3080 3471
f 2001 1501 636
f 504 1501 502
f 1736 3921 3909
f 2319 16 18
f 4164 1058 3180
f 4036 4312 4270
f 2796 176 178
f 3396 4313 981
f 4314 284 1230
f 1302 4315 2654
f 3100 3640 348
f 61 2471 62
f 4214 3485 3484
f 2228 2355 922
f 3080 799 2324
f 799 798 2324
f 2607 2484 2483
f 1784 3072 1782
f 2948 2385 2384
f 4139 3643 1639
f 3396 981 980
f 1411 1124 1034
f 2698 2699 3811
f 2699 4008 3811
f 2887 628 2583
f 2583 627 4011
f 2324 2292 2322
f 4315 1302 4289
f 2853 1001 2854
f 2880 3611 3689
f 4070 3493 519
f 3731 4316 3893
f 2679 3989 2575
f 4215 3596 314
f 1291 2123 2125
f 2919 2731 2311
f 3609 4277 4278
f 1342 4131 4132
f 4228 905 254
f 2586 2585 1810
f 1292 1748 1293
f 3859 3933 1899
f 3969 3701 3970
f 3543 1674 676
f 1206 2701 2856
f 3456 3532 3974
f 2673 2051 2671
f 3224 2449 2671
f 367 3536 1469
f 1868 1174 4193
f 3448 3563 3824
f 3564 4187 1022
f 3351 1023 942
f 189 2994 4055
f 2438 3200 3199
f 4156 2449 1337
f 1066 1065 4118
f 819 1020 3263
f 2377 1426 1108
f 1425 2692 1681
f 3910 961 2940
f 1050 1671 1051
f 663 3851 290
f 663 4235 3969
f 2077 1768 3449
f 2153 2067 2154
f 3495 3452 3567
f 3796 4317 4247
f 1942 4318 2366
f 1798 782 781
f 1948 2947 1234
f 2947 1424 1234
f 803 1702 2396
f 661 137 4146
f 1360 2065 449
f 4319 4258 4320
f 4321 2197 3846
f 726 2197 2196
f 1834 2953 2179
f 4246 1545 2937
f 3930 3903 3034
f 3903 1474 3034
f 1474 2500 2502
f 3600 2500 1181
f 3055 3676 4192
f 3882 3934 1264
f 1329 1331 3955
f 3042 2898 1303
f 3418 3590 885
f 3015 1949 1234
f 2004 856 2564
f 3289 1511 2564
f 3179 1996 3510
f 1996 1995 3510
f 3231 2117 2630
f 4322 2265 3143
f 3947 1688 3722
f 1688 213 1687
f 271 2262 3377
f 3043 2295 4203
f 350 329 328
f 3114 436 435
f 3654 2412 2355
f 3416 4064 4323
f 1371 3850 3849
f 3574 3957 3575
f 695 3346 4067
f 125 2982 1504
f 2423 3324 3415
f 1020 819 1021
f 2590 950 949
f 1008 1010 1037
f 4209 3030 353
f 31 3395 4045
f 1073 1485 2183
f 1073 2398 4224
f 127 1429 2982
f 2739 3598 492
f 4149 1464 4065
f 714 1230 283
f 4251 4065 1464
f 1232 4314 1230
f 919 1790 2524
f 207 3679 3678
f 3824 837 3448
f 116 3780 117
f 539 2637 4324
f 3666 1920 1922
f 262 95 260
f 4325 4008 4020
f 4307 3750 2735
f 4285 1822 1821
f 2956 3690 4260
f 3861 2793 2792
f 4305 3890 251
f 2463 3396 980
f 1405 1407 2893
f 4326 4166 4165
f 1852 4133 4259
f 4016 4095 4017
f 2394 2576 4092
f 2575 2574 2679
f 3684 1432 3853
f 3820 2887 705
f 3498 4226 1267
f 110 112 455
f 4050 951 2409
f 440 1565 1650
f 1239 2357 1589
f 1589 3713 1239
f 1004 3849 2905
f 1780 1779 3860
f 1413 2566 1414
f 1993 1486 5
f 4327 2818 1797
f 568 1761 288
f 2891 4328 3109
f 1407 3362 3556
f 1206 2702 2701
f 3486 3717 3716
f 942 4187 4329
f 2770 4249 12
f 3482 4208 3481
f 876 632 2604
f 2140 3746 3517
f 952 4029 2622
f 2870 2869 956
f 265 334 2869
f 774 1507 2091
f 330 1130 3826
f 668 4082 669
f 4082 1768 669
f 2465 4053 2902
f 4053 2817 2902
f 2817 4053 2815
f 1395 3009 3923
f 1524 197 2998
f 1662 3878 4319
f 3877 159 158
f 3427 3580 3514
f 3975 2693 3976
f 1789 1242 1408
f 1081 1714 1242
f 2104 2103 743
f 3193 2104 743
f 3543 676 675
f 809 808 3190
f 1214 4175 3404
f 4051 3061 3699
f 177 3610 178
f 480 479 2251
f 1341 2121 1005
f 1005 2121 250
f 3770 3110 3191
f 2833 2680 2574
f 1727 3989 1725
f 2575 1727 4092
f 1013 1012 1282
f 666 3949 2679
f 36 472 34
f 1550 472 473
f 390 2805 391
f 391 2805 3240
f 1640 3186 1641
f 2743 3185 2744
f 2687 4122 352
f 1617 2800 1618
f 1478 4218 4220
f 2678 2602 464
f 3200 2606 3208
f 1413 3467 3692
f 3143 2000 4322
f 2000 2843 4322
f 2605 2443 2606
f 4027 2914 3593
f 1014 1013 2062
f 196 3627 3540
f 10 2919 2311
f 4330 3929 1209
f 1908 3475 3746
f 3475 3517 3746
f 880 1963 2067
f 4251 2263 2262
f 46 3724 697
f 2069 2093 2067
f 2961 1848 1847
f 2950 2134 1447
f 2455 3076 3643
f 3811 2110 2374
f 3600 3841 206
f 3841 3602 3679
f 3675 2718 4192
f 3212 4331 3850
f 1329 722 2719
f 3077 3763 3636
f 3149 2117 2119
f 1127 2117 3231
f 4332 168 3524
f 3739 56 3524
f 3738 168 167
f 4299 731 1018
f 2508 2544 3192
f 3677 3676 4331
f 1368 1367 4227
f 3140 3142 854
f 3863 2773 3377
f 565 2715 2241
f 565 564 2936
f 4309 3056 2895
f 2634 563 4333
f 4334 4073 2557
f 3207 3858 3455
f 3881 410 3522
f 410 409 3522
f 2622 3358 1381
f 4335 4087 4289
f 39 4336 3440
f 128 130 3699
f 4337 4338 4339
f 4007 3791 2408
f 4039 3799 1557
f 211 2626 3897
f 164 2010 339
f 2060 1584 1585
f 4235 3817 492
f 492 491 4295
f 1949 3015 1144
f 1949 3952 1948
f 3460 1305 1304
f 2234 1153 3590
f 1840 3615 1841
f 1708 19 1818
f 835 1735 786
f 1735 3909 786
f 3387 3830 4340
f 3387 2869 334
f 3975 2694 2693
f 1984 496 4240
f 2338 4048 142
f 2077 1440 1442
f 4309 4308 4287
f 3830 1429 4340
f 2793 787 810
f 2793 3826 834
f 3131 3130 1892
f 184 183 3863
f 3288 2454 2486
f 1757 3719 3718
f 1835 2913 2133
f 3156 2746 2745
f 1168 498 2819
f 3796 3712 4290
f 908 2070 906
f 2285 2683 2286
f 635 1053 636
f 1053 1457 1052
f 1167 3330 451
f 635 3255 1777
f 568 1593 1592
f 1149 748 1523
f 3895 3896 2839
f 1999 1998 3655
f 1465 754 753
f 754 3951 4161
f 287 3574 570
f 287 2705 285
f 3621 3654 3620
f 3621 2974 3765
f 2293 26 25
f 3531 4341 1369
f 3671 3672 3006
f 2263 4251 3726
f 1408 3986 1789
f 4342 2230 861
f 604 1217 145
f 145 1217 2320
f 4310 1600 3879
f 1218 1027 238
f 3782 2110 2109
f 1064 1066 2108
f 93 3342 3341
f 1243 687 686
f 3272 4171 1392
f 1186 1185 3759
f 3434 813 2844
f 86 1437 4022
f 3673 2489 1388
f 340 2511 338
f 3074 3832 1905
f 4343 4344 3050
f 1965 4170 2137
f 3823 4345 4206
f 3292 2488 3236
f 1374 3348 2488
f 4059 4346 3245
f 3340 629 2897
f 3356 2875 3844
f 1688 4347 2627
f 889 2620 453
f 3431 1086 486
f 4348 1224 2018
f 1883 2627 4347
f 1389 2998 197
f 2998 131 1524
f 4126 4286 1579
f 1447 3718 1448
f 1538 2135 869
f 65 4321 4349
f 4350 2023 1542
f 801 2396 2395
f 3715 3717 3284
f 3717 3984 3284
f 1269 2768 1270
f 2732 1282 2269
f 450 2066 1571
f 2195 3363 1498
f 284 4314 1040
f 2395 2687 352
f 2468 773 750
f 1784 1783 4033
f 2093 2154 2067
f 3975 3785 3184
f 2694 1681 2692
f 981 4313 321
f 1367 1969 2304
f 1475 2088 1466
f 1968 2304 1969
f 1221 3437 3568
f 3431 4348 2017
f 2088 594 1466
f 1472 2035 595
f 1472 594 2018
f 2788 3290 4351
f 2086 270 2219
f 1977 2840 2932
f 2112 4092 1727
f 3559 2476 2477
f 2016 642 2014
f 59 842 2677
f 842 841 2677
f 3359 3342 93
f 3341 864 93
f 3538 478 2427
f 2619 3702 870
f 757 2347 1100
f 2347 1568 1101
f 1456 1718 4352
f 3433 4093 2410
f 1304 1306 2415
f 1164 3151 1162
f 884 14 3369
f 2194 957 1428
f 3084 3368 928
f 612 3440 1481
f 4353 146 2924
f 3807 3806 2255
f 484 3792 2569
f 3792 523 2569
f 3767 3312 4208
f 157 156 3538
f 2585 2389 2388
f 2192 1 1060
f 3781 444 724
f 3793 2381 3272
f 1345 1347 1589
f 1590 3713 1589
f 2781 2780 4354
f 1731 4351 3290
f 469 2761 2760
f 1577 2623 1578
f 4355 1199 1198
f 4060 4337 4061
f 3428 389 391
f 3347 1905 1296
f 1747 4355 1198
f 4076 4010 713
f 1459 1815 1458
f 1733 1016 1015
f 2725 2103 1774
f 3033 2033 227
f 4074 4062 3293
f 470 469 178
f 1698 1676 1883
f 1676 1884 1883
f 3327 2804 3328
f 1933 1934 480
f 438 437 70
f 2597 3403 2608
f 351 2944 1989
f 370 2478 2479
f 1251 2528 1276
f 1276 2528 1274
f 150 1075 3911
f 2659 1673 3892
f 1363 3996 3875
f 4226 947 946
f 1429 3789 4340
f 4346 1791 3245
f 1913 2429 3938
f 2736 1514 2494
f 2494 1513 3938
f 1514 3804 862
f 4307 2737 1416
f 2737 4307 2735
f 864 91 93
f 864 3405 862
f 781 1248 1798
f 4356 2206 2791
f 2005 3515 1724
f 4290 4015 3586
f 3315 4142 3576
f 2617 2042 2962
f 896 1645 4109
f 1321 1323 2469
f 2957 563 388
f 4136 2634 1624
f 1271 2233 2232
f 3295 4072 1665
f 4241 417 4172
f 1685 3238 1686
f 2127 4144 1245
f 4357 2082 592
f 4050 2527 2912
f 2571 2527 2526
f 1199 3866 482
f 2817 4109 2268
f 3984 3182 2774
f 3825 2908 4071
f 3452 85 1116
f 3693 2930 4014
f 1266 385 3779
f 2812 2814 384
f 1540 3917 526
f 3662 1324 1176
f 2046 874 2047
f 2812 41 3794
f 3779 2814 1415
f 1415 2813 1416
f 3794 2813 2812
f 3646 3794 873
f 2047 41 40
f 2317 2520 2519
f 384 42 2812
f 386 3887 384
f 3058 2957 3056
f 3080 4080 799
f 1415 2674 3779
f 3757 2164 3758
f 3294 3293 4062
f 242 244 4358
f 2700 311 1694
f 4060 4074 3610
f 1232 1516 1040
f 1230 2159 1231
f 589 2619 2044
f 802 801 1159
f 1747 3916 2523
f 3916 2524 2523
f 3574 1320 3957
f 3214 3213 2909
f 2114 4359 3531
f 4359 2114 2116
f 2560 2116 2115
f 4360 3544 675
f 1918 1917 3511
f 616 1917 614
f 656 658 678
f 2542 679 2720
f 2240 2333 3569
f 2333 2240 2176
f 3481 1631 2825
f 2617 3383 2618
f 1641 4197 1639
f 4197 1854 1639
f 921 1396 2175
f 2321 4188 3038
f 2037 4028 2272
f 4273 4245 2769
f 1436 1438 944
f 4337 4339 1439
f 4361 81 4362
f 903 1711 1401
f 3612 2291 4337
f 3523 3958 3070
f 3833 608 2926
f 607 3315 2927
f 1049 1056 998
f 4019 290 289
f 793 1776 756
f 1776 613 756
f 1207 4072 3294
f 3408 2477 1141
f 51 992 991
f 135 4222 827
f 1696 2700 1694
f 3295 3294 4072
f 3825 2473 2472
f 4071 1206 1205
f 2290 3982 4061
f 2290 1205 3982
f 1281 1091 226
f 1091 1090 227
f 3875 3996 2658
f 374 1142 1011
f 2261 2985 3218
f 43 45 2468
f 3753 3890 3473
f 1203 1716 1204
f 1816 1973 1972
f 1886 1816 2820
f 2475 3151 2178
f 3274 3709 4363
f 4006 3584 420
f 1621 1189 1620
f 3859 4282 3933
f 3801 2498 1741
f 2785 2771 2782
f 1310 231 230
f 3373 3211 209
f 2128 4217 3029
f 3774 1856 3772
f 2780 1491 2595
f 4123 509 3873
f 3145 4209 353
f 457 1648 1647
f 650 1894 651
f 1268 945 3153
f 1404 3086 1402
f 792 2923 793
f 3312 3901 4208
f 3825 4071 2473
f 2289 3677 2472
f 2586 1810 1382
f 4024 3213 3747
f 389 3428 3319
f 4364 3776 759
f 191 193 1218
f 193 2240 1218
f 918 1070 1444
f 1069 2024 1444
f 1644 1643 3285
f 1643 320 3285
f 3673 2156 2155
f 286 1318 287
f 4115 2157 3459
f 2155 2157 4365
f 1398 3271 567
f 395 1398 1400
f 4319 1663 1662
f 2471 1602 3971
f 678 679 1991
f 2577 4366 2578
f 2595 4257 2780
f 4088 3395 33
f 4209 2129 2128
f 2130 3275 1855
f 3873 24 3145
f 24 3873 1105
f 2380 2379 2734
f 115 1201 275
f 1564 3881 3522
f 946 1267 4226
f 1422 1421 2662
f 3078 2665 3079
f 513 2420 3138
f 2420 513 3505
f 3504 4191 4367
f 4274 4115 4302
f 4189 3254 3710
f 3071 3725 847
f 1192 3962 3886
f 3962 2295 3886
f 604 2008 3921
f 3181 3540 3627
f 1282 2223 1283
f 3909 3921 2008
f 1275 963 3265
f 962 4368 4369
f 3322 1262 1050
f 2522 878 880
f 2362 298 1809
f 297 3806 1382
f 3954 4016 3712
f 3777 30 29
f 4176 782 1798
f 4356 2791 781
f 3109 1654 3108
f 3961 1361 1362
f 1922 2300 3666
f 4370 3530 1921
f 2926 1859 554
f 1920 313 1921
f 4340 4215 955
f 290 4019 662
f 3617 1987 1986
f 2202 2201 3406
f 4371 785 784
f 631 3530 4370
f 2553 2109 3821
f 3821 2977 2976
f 2383 2335 3174
f 1346 2383 3174
f 1727 3060 2113
f 3060 3059 2113
f 1820 2478 3160
f 2478 369 3160
f 969 279 968
f 277 279 3985
f 3552 448 447
f 3651 2598 2609
f 2612 4190 2142
f 3586 4317 3796
f 2224 561 4193
f 3594 1172 392
f 1997 1071 1154
f 4224 1071 1073
f 1299 2186 1300
f 1299 969 1932
f 2616 1824 2090
f 2091 1507 2090
f 2958 2667 2299
f 264 263 2299
f 3250 4372 3987
f 2940 1274 3951
f 2006 1701 2545
f 2545 1701 2941
f 1802 4333 1800
f 4373 293 292
f 3548 3983 3516
f 2126 522 1443
f 2850 3400 3585
f 2851 606 3833
f 606 2851 386
f 2027 4127 482
f 4127 1926 482
f 1926 4127 584
f 3402 4162 2663
f 1500 36 2434
f 1289 3492 1667
f 2686 1627 2672
f 3665 1872 2580
f 4000 1508 1509
f 4332 3070 3069
f 2842 1630 1629
f 3725 3977 847
f 4313 3398 3999
f 3524 168 3739
f 3915 3119 3819
f 4132 1343 1342
f 3434 1590 1347
f 3202 161 3846
f 1519 3430 3127
f 3385 3570 2916
f 2856 2557 4073
f 462 1427 1311
f 4138 1544 3011
f 2856 3424 2111
f 2147 3427 2145
f 3427 3514 2145
f 4034 3733 4198
f 3311 2281 3901
f 3995 112 1441
f 2702 4071 2908
f 121 605 2009
f 605 604 2009
f 4374 406 767
f 1096 432 768
f 594 2088 2017
f 2944 2790 2789
f 1806 1880 1879
f 1880 1806 2383
f 2037 1807 103
f 4213 1879 98
f 1991 1992 3980
f 1353 2578 4366
f 1879 4213 1806
f 2931 1992 2872
f 1808 2037 2272
f 2336 1808 2272
f 92 2239 2522
f 2239 92 91
f 2333 1823 3569
f 1074 60 3068
f 871 1709 4135
f 2692 1425 1424
f 1791 4346 2523
f 4346 4059 2523
f 1513 938 3939
f 3637 2667 2959
f 3588 1616 2984
f 2596 2984 1616
f 4375 3885 2955
f 2620 4376 2621
f 1269 433 4063
f 433 1269 1067
f 434 1067 556
f 434 1582 432
f 2499 3876 2497
f 767 406 1127
f 3239 3240 2804
f 391 3240 2353
f 715 1600 1601
f 2742 2741 3859
f 921 2174 919
f 2174 1791 919
f 4370 3039 2897
f 1578 235 3573
f 2824 1520 1942
f 1520 1519 1942
f 3129 1085 3582
f 2337 4141 3174
f 2796 4377 176
f 4377 2796 2690
f 113 1215 2943
f 1339 2767 2356
f 4020 3592 4325
f 3592 3591 4325
f 1681 2694 1679
f 2694 3975 1679
f 1183 38 37
f 2138 3855 3438
f 1551 530 529
f 2161 2160 2578
f 4216 2085 2278
f 3869 2611 2818
f 2857 4055 2994
f 1007 4105 3828
f 4378 4278 3357
f 4289 4358 3884
f 3885 3959 3798
f 2762 2795 1770
f 959 4066 3868
f 2244 2243 4118
f 227 226 1091
f 4379 789 1244
f 3854 121 1359
f 2081 341 2999
f 455 3928 1950
f 1430 126 3939
f 3505 346 2420
f 4044 1357 1356
f 4044 4104 1923
f 1373 3348 1374
f 3236 3348 3237
f 2685 2684 3733
f 4316 4262 3894
f 2149 1628 3681
f 2559 4198 2560
f 2068 3517 2069
f 828 3926 826
f 4041 1453 1535
f 1535 3961 4041
f 3318 2741 1228
f 2773 3378 3377
f 3025 3771 3684
f 3684 3407 3025
f 4380 4111 3810
f 303 502 304
f 2210 544 546
f 3774 3773 3977
f 3831 1766 4326
f 4248 1765 3744
f 2249 3177 2859
f 3177 988 2859
f 376 3865 632
f 3947 4285 1698
f 2279 2771 2785
f 1886 2821 210
f 3192 731 4300
f 506 996 3722
f 465 4110 4242
f 4110 2602 4242
f 4217 4381 3029
f 2141 623 2894
f 1326 2892 1324
f 2892 1177 1324
f 1177 2892 2891
f 3601 4363 4310
f 3021 3165 2228
f 1432 1434 3853
f 3609 3608 2723
f 1215 115 274
f 114 3698 1201
f 2348 3875 2657
f 1520 2075 1521
f 770 769 3931
f 353 3874 3145
f 2817 3541 2902
f 3485 3383 2962
f 3641 4026 2988
f 4026 4025 2988
f 3960 586 100
f 586 101 100
f 101 3840 1744
f 909 3578 3845
f 3159 3161 1821
f 1822 2479 1820
f 2516 1394 1666
f 1319 2349 1320
f 1369 3849 1004
f 3849 1369 1371
f 2410 4093 537
f 4093 3441 537
f 4382 646 645
f 304 4383 302
f 3157 1961 1960
f 3426 4384 3132
f 4221 2314 2901
f 2314 4221 3017
f 3808 4305 3809
f 1886 210 1887
f 4024 3747 3183
f 1371 3747 3212
f 1139 2235 1140
f 3024 2235 3460
f 2669 2668 3966
f 1862 4303 2310
f 3133 4131 3528
f 3066 3899 1261
f 4324 3521 4306
f 4306 539 4324
f 2386 2719 2001
f 3737 719 4130
f 1473 908 907
f 4164 1771 3660
f 4327 1797 1796
f 1650 4077 3748
f 1341 1340 2397
f 1340 1007 2397
f 4320 645 2756
f 4243 644 3976
f 3423 172 171
f 4310 3879 4114
f 1646 3762 1043
f 4005 3657 1468
f 3768 2160 1591
f 2830 2387 2611
f 2588 3870 1901
f 2546 818 3262
f 3061 4051 3062
f 4052 130 3840
f 2623 1577 1611
f 1577 1576 1611
f 2759 2761 3660
f 4165 3831 4326
f 36 1500 473
f 2436 1500 2434
f 3605 4385 1527
f 4271 2014 642
f 51 3992 49
f 3992 1846 49
f 708 707 2743
f 4386 4232 2956
f 298 2362 296
f 298 1382 1810
f 4288 3662 3917
f 4354 2541 775
f 22 3668 357
f 3668 22 24
f 508 507 4104
f 4376 889 888
f 3953 3137 1216
f 345 3137 2420
f 1513 2494 1514
f 2494 2493 2736
f 1913 2430 2429
f 2430 2481 2428
f 3738 1916 4158
f 126 1913 3938
f 878 2239 3837
f 2822 3292 2823
f 2674 1417 2428
f 2481 2674 2428
f 3786 4004 2014
f 2014 4271 3786
f 642 2016 643
f 642 641 4271
f 4373 3941 2749
f 1525 1527 4385
f 2505 4387 4388
f 4045 1203 31
f 2843 1157 4322
f 4389 2966 2266
f 2325 1994 2326
f 256 2453 4023
f 1579 3403 1911
f 3403 2597 1911
f 70 2504 3317
f 2504 70 437
f 1525 3535 3740
f 3656 2408 3791
f 3263 1020 3613
f 3976 644 4239
f 3218 2971 3807
f 2971 1382 3807
f 809 1314 1313
f 3370 1315 4390
f 141 95 94
f 95 141 260
f 2779 2651 2122
f 2651 2779 3911
f 159 3878 912
f 1376 2339 913
f 4321 3868 4066
f 4025 958 3932
f 1050 2367 1858
f 2367 964 1858
f 4225 1121 3650
f 3650 4224 4225
f 2778 2296 2006
f 2778 2509 3635
f 3560 2312 3366
f 3708 4020 3689
f 739 4167 737
f 322 4173 323
f 3396 2463 3805
f 2029 2462 3426
f 3396 3398 4313
f 3999 3998 3661
f 1805 625 624
f 2023 2918 1542
f 578 2365 3545
f 3107 2987 4171
f 418 1364 2348
f 1364 1363 2348
f 3048 4268 1693
f 974 3120 3261
f 417 4241 415
f 416 973 2212
f 1183 4391 2138
f 1456 3379 1454
f 597 1459 598
f 4266 321 4313
f 2447 3550 2554
f 4252 865 3232
f 2360 38 3438
f 311 2700 550
f 2539 1063 232
f 1063 1687 212
f 3559 3498 3497
f 3786 4252 3232
f 3634 2421 4293
f 2423 4279 2421
f 3500 1620 3332
f 3500 2573 3192
f 1660 122 766
f 122 764 766
f 3771 3880 1433
f 3361 945 947
f 4134 1421 2552
f 3436 3435 1086
f 1571 696 698
f 696 1571 2066
f 795 794 1583
f 982 984 2167
f 4219 4218 1569
f 3063 585 586
f 618 2933 619
f 4314 1232 1040
f 2469 3006 1321
f 4369 3672 3265
f 3945 1856 3774
f 3518 3813 3772
f 2484 2607 3561
f 2483 2605 2607
f 2485 3027 1935
f 3027 2859 1935
f 2037 4245 4028
f 2769 794 4273
f 2999 2082 2081
f 2083 576 2213
f 2234 1139 2301
f 2301 1153 2234
f 690 692 4005
f 1668 2696 1669
f 780 3003 3639
f 3003 780 782
f 2600 117 4130
f 4250 4392 2458
f 4393 4336 4394
f 3015 3014 2776
f 113 2885 114
f 2885 2884 114
f 2160 2401 2577
f 3768 94 96
f 1782 3117 3116
f 1158 3165 3116
f 3045 825 3836
f 4030 755 929
f 2093 2094 2154
f 2405 3836 3301
f 3201 1831 1555
f 4395 2758 2757
f 426 529 424
f 510 4275 1551
f 1077 2313 1078
f 2901 2313 1875
f 627 1738 4011
f 627 2583 628
f 1882 1884 3529
f 1621 1190 1189
f 4011 2159 714
f 2159 1230 714
f 1043 1045 1605
f 1043 1605 1452
f 1892 1891 643
f 1608 2056 1609
f 701 72 71
f 3494 1951 1437
f 53 52 2487
f 52 3373 209
f 1290 2102 1550
f 2102 1290 1669
f 2294 3054 2293
f 119 1167 1932
f 1652 4343 1653
f 849 848 3711
f 130 4052 4051
f 4387 1748 4388
f 1383 1385 3955
f 3955 1385 3246
f 1863 1862 2310
f 2310 4135 1709
f 3351 4339 176
f 525 1541 526
f 129 2254 130
f 2877 3729 2878
f 489 1851 1850
f 1651 1852 1851
f 3943 1958 3990
f 2865 2655 592
f 2255 2257 463
f 514 3581 515
f 4011 4010 2581
f 4010 4076 2581
f 1029 4245 4273
f 4245 1029 4028
f 3539 2273 4028
f 2273 2272 4028
f 2208 941 940
f 3749 3802 3893
f 2455 3643 4139
f 257 2447 4009
f 4284 2816 3304
f 3688 3761 1565
f 4221 2901 3270
f 1342 3899 4131
f 2586 4169 1974
f 4022 1437 1436
f 2666 3637 2532
f 3077 3636 3078
f 2680 3900 666
f 2680 2679 2574
f 3377 2262 2264
f 3083 4145 3081
f 1476 1223 1222
f 3270 1112 4221
f 573 2181 574
f 2180 1882 3529
f 4234 4396 2843
f 2927 608 607
f 2957 387 3056
f 1587 3044 3250
f 3279 3278 3320
f 3320 3278 689
f 3629 3631 3106
f 3858 3859 2741
f 3901 710 4208
f 3901 3312 3311
f 6 5 1486
f 3732 4198 3733
f 3053 1560 2369
f 2628 1559 650
f 3661 2036 3053
f 3644 3998 3374
f 1631 2242 712
f 711 1334 1682
f 1830 4384 2720
f 4384 3426 2720
f 2157 4116 4365
f 1552 1554 3795
f 1153 2301 1151
f 4397 4166 4326
f 2200 3597 937
f 3596 4215 4001
f 3720 3583 2127
f 2007 3515 310
f 887 3589 3745
f 3589 3588 3745
f 2004 857 856
f 3696 4023 858
f 513 515 4137
f 3780 3337 4130
f 1593 3851 1594
f 3641 4159 2837
f 1129 2847 2918
f 507 3997 3828
f 188 3136 189
f 4227 706 1368
f 3850 4331 3676
f 3736 1064 3734
f 974 4125 4398
f 4356 2207 2206
f 3053 4371 784
f 1141 3520 1940
f 2636 2635 3307
f 4364 3973 539
f 950 673 948
f 2589 1295 950
f 3872 540 4306
f 3497 3843 2476
f 3163 2714 2418
f 2714 3163 329
f 3778 3777 4103
f 916 2104 917
f 671 4240 672
f 671 260 141
f 4128 1928 1839
f 417 2212 1099
f 253 3809 251
f 349 348 3640
f 3724 2187 3707
f 3707 2186 1572
f 2848 2055 3226
f 2058 2848 3226
f 3163 3162 522
f 3162 523 522
f 3220 2712 2711
f 996 2712 2169
f 2787 2346 3526
f 648 647 2346
f 2973 2972 246
f 2972 3620 3526
f 2346 2787 648
f 2787 3143 2786
f 3061 649 648
f 649 1873 647
f 2105 247 2543
f 247 2346 647
f 2511 340 2510
f 2722 1762 1761
f 763 762 3659
f 3040 1812 1813
f 2904 2567 1002
f 2567 2904 2717
f 1977 4256 2840
f 3889 1037 4391
f 1153 3864 886
f 3864 630 886
f 4338 3610 4339
f 3092 1411 1219
f 523 3866 2881
f 3866 1199 2881
f 3783 1753 3486
f 4024 1752 1751
f 3417 2376 2375
f 1146 683 1147
f 2497 1741 2498
f 1944 2824 1942
f 2994 3448 2858
f 179 2797 180
f 3632 528 1441
f 2086 2085 270
f 4341 4359 4399
f 3632 1441 1440
f 457 1647 180
f 2646 4400 1794
f 2472 3677 4331
f 3927 2797 2799
f 2773 183 3284
f 3629 1255 182
f 1079 3146 3152
f 3146 2340 3152
f 1480 655 348
f 655 3100 348
f 2374 3782 2375
f 2110 3734 2108
f 2916 2917 1985
f 1000 2886 2917
f 3980 1403 99
f 1403 1402 99
f 98 97 4213
f 97 103 4213
f 4138 2579 1544
f 2603 3766 851
f 1792 2531 2530
f 2345 2889 4090
f 1378 400 720
f 400 817 720
f 3764 4232 3204
f 3204 3203 3764
f 4349 66 65
f 4159 3099 2838
f 2433 4304 90
f 2334 4342 861
f 3906 549 548
f 1362 3311 3961
f 3157 2746 3156
f 3481 2745 215
f 1747 1198 1285
f 518 2732 2269
f 3168 3625 3169
f 2930 3693 3625
f 3729 3595 4401
f 2615 2995 3626
f 1200 1706 82
f 3664 1360 1359
f 2766 3981 98
f 3981 3980 98
f 2614 752 1332
f 752 2614 378
f 750 3004 2468
f 3004 2469 2468
f 804 3050 1728
f 3632 424 529
f 49 2407 2363
f 2407 3656 2363
f 377 3950 378
f 2858 2799 2798
f 3263 818 819
f 2898 441 1303
f 3318 3305 518
f 3305 3549 518
f 545 544 4154
f 544 2210 4154
f 3773 3772 3813
f 3772 3275 3518
f 4209 23 2129
f 23 22 3518
f 3275 2130 2129
f 2130 4217 2128
f 279 1114 3985
f 3654 2227 2229
f 76 3127 3430
f 2340 1941 4233
f 383 382 4012
f 39 4394 4336
f 540 539 4306
f 3872 3205 3204
f 3931 3206 3173
f 3752 3477 3381
f 3858 517 3455
f 3306 1309 3862
f 4330 1209 1208
f 1210 309 1208
f 2616 1825 1824
f 421 1826 1825
f 2378 3499 2033
f 2997 3144 2772
f 1175 4402 1006
f 249 248 3125
f 3264 3425 3262
f 771 2989 3096
f 285 2706 3329
f 2706 2640 3329
f 251 3890 3889
f 3891 3753 1008
f 2170 611 503
f 806 3810 3912
f 3084 3085 3368
f 3085 3369 3368
f 3775 3244 2175
f 3244 1791 2175
f 4092 2112 2394
f 4403 1126 276
f 2934 2933 618
f 2248 3238 1685
f 3236 2980 2823
f 2981 1192 3886
f 1183 252 4391
f 2841 2840 4256
f 3397 2808 2809
f 2809 3398 3397
f 2653 4404 2651
f 4404 2122 2651
f 1734 500 695
f 667 500 499
f 1579 2217 1580
f 2217 2216 1580
f 2725 1774 1773
f 1774 2024 1772
f 3387 954 956
f 2450 2452 1664
f 2442 2441 9
f 2441 2573 9
f 3807 4003 3218
f 3052 2167 686
f 445 2185 4301
f 2211 2625 3986
f 1603 2584 1604
f 2041 3302 3836
f 1604 2584 991
f 4247 2038 3796
f 1161 4244 832
f 4390 3987 3370
f 1829 3957 2349
f 1370 4399 3183
f 309 4086 1208
f 3528 4131 3899
f 573 3897 2180
f 2626 211 213
f 1125 2401 96
f 96 2401 3768
f 529 426 1551
f 3458 3457 3670
f 1090 3014 1107
f 3014 1234 1107
f 1446 1848 1447
f 1447 1848 2950
f 363 4017 364
f 4017 363 4015
f 587 2977 4013
f 2977 4014 4013
f 458 2252 1032
f 2252 2547 1032
f 1332 2612 2614
f 4185 2650 2649
f 4056 4163 3566
f 87 4021 970
f 2191 3724 48
f 46 697 2828
f 4219 3235 4031
f 3235 4219 1569
f 1414 3260 490
f 2889 2888 4081
f 3594 1170 4143
f 1170 3594 3124
f 1818 4102 4103
f 2825 4405 2040
f 2786 4046 3699
f 4336 2921 3440
f 2696 2695 1669
f 2391 322 1903
f 4183 1530 4182
f 2592 2591 3044
f 964 555 1858
f 555 1859 1858
f 577 3946 2365
f 3946 2363 2365
f 3075 733 1970
f 3075 708 381
f 4206 3267 3823
f 3171 3842 3267
f 4325 4345 3914
f 4206 3591 3172
f 1656 1690 3169
f 1690 1689 3170
f 467 466 3166
f 3167 3823 3267
f 468 4241 466
f 467 3267 3842
f 1759 1760 3391
f 468 3842 3154
f 3783 3716 1297
f 3155 415 4241
f 466 4172 1730
f 4172 466 4241
f 1586 2981 3886
f 2981 1586 2823
f 1713 108 2214
f 446 1729 447
f 3465 2724 4210
f 2724 3465 289
f 804 402 1294
f 402 401 1294
f 2404 2403 1147
f 526 2198 524
f 4406 2740 4295
f 2456 4139 4140
f 3829 333 1505
f 4195 1744 3577
f 3577 3845 3578
f 3845 910 909
f 3837 1955 1954
f 1536 684 1570
f 3742 3316 3412
f 3316 3742 3315
f 1173 2225 2224
f 559 2461 3502
f 4386 758 760
f 3862 3307 3306
f 3975 3184 1679
f 4239 3785 3976
f 3900 1454 666
f 3067 3066 1261
f 1455 3900 2414
f 1455 2415 1456
f 4235 4124 3969
f 4124 2551 3969
f 3551 2448 2550
f 1852 3089 1850
f 1277 4279 3415
f 1635 1894 1558
f 1894 1635 1634
f 4075 1645 3728
f 4075 3940 319
f 3095 843 58
f 843 3095 1640
f 3312 4280 3310
f 3299 4280 3198
f 794 3007 4273
f 3112 3111 3949
f 1356 1358 509
f 2495 1358 2241
f 2686 2672 4407
f 2686 4261 2684
f 3664 1359 3665
f 3664 2580 3103
f 3375 3374 2809
f 3374 3998 2809
f 2695 4353 2924
f 1669 2695 2102
f 1660 4408 2161
f 847 3254 3071
f 3802 3380 2669
f 1739 2537 3802
f 1640 3148 3186
f 4297 2744 3186
f 448 1860 446
f 3496 1767 709
f 970 4329 188
f 4329 970 942
f 2551 2550 2448
f 3417 2550 4064
f 2895 3056 2896
f 2399 2398 1073
f 3869 4327 3688
f 4327 1796 3688
f 352 3874 353
f 3874 352 4122
f 4025 3932 769
f 3932 3931 769
f 2325 1993 1994
f 4 6 1897
f 4409 4410 4214
f 2270 1229 2794
f 3318 1228 1227
f 4411 3858 2741
f 985 2675 2455
f 4009 3554 257
f 1271 3453 2316
f 3453 2928 2316
f 2640 3819 596
f 225 224 2515
f 2151 716 718
f 2756 645 4243
f 4243 3619 2756
f 1693 1703 171
f 1428 957 231
f 3552 4256 2064
f 1976 2062 2064
f 2062 4180 2063
f 448 3552 2064
f 2431 474 838
f 837 3824 2432
f 3110 2832 3191
f 3110 3770 1304
f 3941 3614 3261
f 3614 3941 292
f 214 1193 2506
f 2507 3237 3349
f 4202 4108 4007
f 4405 202 2040
f 29 3956 4108
f 3942 3988 3755
f 3105 3715 3629
f 1374 3190 1372
f 3907 4412 3908
f 3969 259 3701
f 259 3969 2551
f 2061 851 850
f 2911 280 1087
f 3364 2097 3365
f 2097 2096 3365
f 1623 3887 2851
f 3887 386 2851
f 3967 2253 2254
f 3259 637 2999
f 1436 943 4021
f 943 942 4021
f 4182 3273 3815
f 2189 2188 3815
f 2691 3623 4088
f 3623 3622 4088
f 1028 2288 75
f 2288 1028 1844
f 1546 3698 1607
f 359 1607 3698
f 2089 2968 2973
f 2968 2974 2973
f 2153 2152 2522
f 1393 3270 1394
f 537 2406 538
f 1878 3045 2405
f 630 3360 2854
f 3360 3359 2854
f 1700 3584 4006
f 259 2551 257
f 1640 3642 843
f 3642 841 843
f 3782 2374 2110
f 2374 2698 3811
f 3115 3114 1549
f 436 1216 274
f 905 4228 4413
f 4228 3988 4413
f 3843 4306 3521
f 3520 1141 2476
f 3822 4014 2977
f 4414 4415 1260
f 4410 3485 4214
f 229 319 3940
f 2485 2251 335
f 3951 3910 2940
f 3853 3631 947
f 947 3630 3361
f 289 1762 2724
f 1762 2722 2724
f 1914 1322 4368
f 115 1215 113
f 74 2710 527
f 2710 74 2312
f 2312 3560 2710
f 2049 2048 4407
f 3812 477 1653
f 477 3812 1294
f 800 4308 1803
f 4397 3152 4283
f 307 3176 3708
f 3176 4020 3708
f 140 4048 4049
f 4048 140 142
f 1898 2372 2520
f 18 1625 2742
f 4111 3077 3079
f 978 3020 1913
f 3104 3064 4276
f 724 443 542
f 2003 1723 3694
f 1723 2003 1724
f 1722 1109 4413
f 170 3539 1029
f 4210 2723 3608
f 2643 3043 4203
f 2890 1010 2382
f 2382 1009 622
f 4035 621 2457
f 2361 2708 2457
f 949 1009 1008
f 1009 949 622
f 2382 1502 2890
f 2032 3573 228
f 2044 3554 4009
f 1108 1426 1425
f 1338 2868 2767
f 2356 1238 1339
f 1338 1337 1889
f 893 1142 1490
f 2767 3016 2766
f 2767 1339 1338
f 573 3618 3897
f 2109 2108 1066
f 2514 956 955
f 2721 3037 219
f 1855 152 154
f 1509 152 3945
f 2390 785 3300
f 2390 1691 2391
f 1151 2300 1922
f 4324 2637 3666
f 1537 684 1536
f 1478 1477 1536
f 4000 3978 3725
f 958 883 2373
f 2861 3495 1138
f 2861 1137 2860
f 480 2251 1933
f 2485 1764 2251
f 3984 2774 3284
f 2774 2773 3284
f 487 3175 707
f 3175 3373 707
f 3594 392 394
f 1712 2419 1083
f 1598 2351 740
f 192 191 248
f 507 3828 4104
f 4104 4105 4402
f 3721 3314 1822
f 4120 3765 2974
f 3344 378 3950
f 2873 4121 1938
f 3847 3422 3421
f 2883 4416 3411
f 2505 4388 4280
f 4041 4280 4042
f 3306 3308 759
f 937 3597 3596
f 3222 3223 3279
f 3279 3223 3658
f 4196 2754 2991
f 4287 4079 3057
f 1893 2991 2990
f 2991 1893 4196
f 3335 643 1891
f 1871 4055 2857
f 3144 3503 2078
f 2782 181 2783
f 2754 4196 2922
f 3571 2753 2752
f 2221 3461 4417
f 2219 1460 2220
f 2078 2080 2764
f 4292 342 2213
f 4264 3057 4079
f 2764 4056 2078
f 1461 4292 1247
f 2797 3928 180
f 2789 1990 2944
f 2789 2791 2206
f 1634 3194 2882
f 3194 1634 1636
f 2256 3444 2257
f 2256 2255 3257
f 3534 3791 3535
f 3355 2722 3121
f 299 301 664
f 299 4352 2410
f 3998 3644 3661
f 3376 3644 3374
f 4416 2342 3411
f 4132 2734 2379
f 113 4155 2885
f 3813 3506 3856
f 4418 4238 902
f 4274 2328 3795
f 2315 3354 551
f 3354 552 551
f 1959 4317 4203
f 4317 3586 4203
f 719 1182 4130
f 1182 2600 4130
f 1529 3273 1530
f 3273 4182 1530
f 218 4204 4419
f 706 705 3690
f 2538 1463 1462
f 1464 2668 1462
f 335 2251 479
f 1636 2035 3113
f 2817 3487 3541
f 3487 1390 3541
f 1143 2028 3102
f 2028 375 3101
f 1952 2444 1435
f 2716 3090 1435
f 920 919 579
f 581 920 579
f 408 1465 84
f 1523 748 3778
f 3918 3134 4091
f 1987 3616 542
f 4185 157 3538
f 2115 2460 3681
f 3817 490 492
f 4148 2560 3732
f 1900 1902 2958
f 1811 1810 2585
f 3486 1752 3984
f 1752 4024 3984
f 3483 1204 1716
f 602 1566 2107
f 2002 2683 2001
f 157 4185 2308
f 3094 4297 3148
f 3681 2559 2115
f 887 889 453
f 3758 1420 1419
f 3181 3180 1057
f 3394 4398 4125
f 1773 2747 2725
f 2747 2726 2725
f 1266 1187 3413
f 1187 3414 3413
f 617 1163 618
f 395 2751 396
f 3161 4288 3122
f 3161 3159 3158
f 2216 3814 3401
f 1906 3347 409
f 3222 3319 1089
f 1795 3442 2353
f 4375 2955 2954
f 1715 1717 3797
f 60 1075 2659
f 505 1328 997
f 2402 4276 1931
f 847 2343 848
f 2359 4362 81
f 1399 1398 3649
f 1557 1479 4039
f 1557 4154 1556
f 3555 3254 4189
f 849 3710 3254
f 2451 2203 4248
f 3493 3363 3362
f 4152 2975 3488
f 4368 961 3000
f 2454 4023 2453
f 53 2487 2454
f 630 1152 631
f 1152 1151 631
f 4401 3801 1740
f 4401 3595 2026
f 2889 4081 4090
f 2888 2781 4354
f 4138 3011 3788
f 4159 2838 2837
f 3461 2221 2220
f 1592 4418 3649
f 1531 200 123
f 237 200 1353
f 2929 4047 1538
f 1758 2135 2995
f 2661 2616 2090
f 2661 1756 1758
f 4420 3558 2533
f 3558 1329 3246
f 380 3865 376
f 3865 380 2341
f 3246 2533 3558
f 2534 2666 2532
f 2533 3246 1431
f 2533 2532 4420
f 875 3937 873
f 3188 1953 3937
f 800 799 4080
f 4080 4287 800
f 74 4304 75
f 3646 4307 1416
f 3937 875 3188
f 875 2046 3471
f 3248 3249 738
f 975 2212 973
f 3581 514 3138
f 514 513 3138
f 2819 703 2257
f 703 463 2257
f 3909 2008 3907
f 2008 145 3907
f 2970 3703 3553
f 2841 3553 3703
f 2360 39 38
f 39 3440 37
f 69 102 4195
f 102 1744 4195
f 1409 2670 1713
f 2670 1714 1713
f 272 271 2275
f 3459 3458 4115
f 2386 2683 2285
f 1526 1525 2259
f 2830 2611 2898
f 2305 899 4207
f 435 275 2492
f 4369 4368 1322
f 1726 1725 1344
f 4101 3574 287
f 1108 1110 2377
f 3983 1110 1722
f 3728 3659 4075
f 3659 3728 763
f 3040 1813 2426
f 2426 221 3040
f 87 86 4022
f 1135 1327 999
f 1135 998 1684
f 1684 2416 1135
f 1113 524 2198
f 2894 4177 2183
f 1841 3615 3546
f 4356 780 4201
f 338 2566 165
f 3692 3002 166
f 1117 971 1632
f 3591 4206 4345
f 3076 2455 2675
f 1478 1570 4218
f 1389 2903 3541
f 2903 2902 3541
f 866 865 2922
f 2453 256 2945
f 3082 3409 3083
f 1195 4043 4044
f 549 1188 2565
f 1188 1265 2565
f 787 786 2728
f 464 2602 4110
f 4083 431 403
f 403 3449 4083
f 431 4083 668
f 431 430 401
f 896 2816 4284
f 77 3304 2594
f 4284 897 896
f 897 4284 76
f 730 1814 3603
f 3993 1339 1238
f 2357 1239 1238
f 2357 1881 1345
f 2954 1717 1203
f 4390 2822 1588
f 2733 1677 1697
f 1678 1884 1676
f 4398 3120 974
f 413 412 2144
f 737 3012 4032
f 3012 737 4167
f 3555 3847 3251
f 1610 2459 3848
f 2055 2848 1129
f 3252 4332 3069
f 3251 3069 3555
f 3251 3848 2459
f 55 57 3523
f 57 3266 1509
f 2653 1823 2333
f 2653 1074 1823
f 1476 3657 3439
f 1468 690 4005
f 3698 2884 359
f 1958 3943 4096
f 2505 4280 3299
f 3721 4285 3947
f 3827 2920 1561
f 957 2076 2920
f 324 326 1574
f 1481 2921 326
f 4184 4181 4180
f 3005 3671 3006
f 4097 2538 4098
f 2538 4097 1463
f 1137 1136 1832
f 1136 1892 1832
f 2377 3499 2378
f 2031 3499 3548
f 3895 2839 4205
f 2932 3896 2124
f 2548 2348 2657
f 1189 1191 3895
f 3140 3338 104
f 4140 904 2456
f 3953 436 3115
f 3115 3581 3953
f 2613 2142 2053
f 2142 2613 2612
f 1990 4167 1988
f 1740 1742 2424
f 4152 2078 4056
f 1685 1055 2248
f 1148 749 1149
f 749 1148 1278
f 3532 3456 1014
f 3974 458 3207
f 2080 1235 2764
f 934 1907 2184
f 998 1685 1684
f 1056 1685 998
f 2933 2828 619
f 3709 4310 4363
f 1164 3150 3151
f 3150 1164 3381
f 2107 1527 603
f 4385 3536 3535
f 2979 2782 2771
f 2978 2771 2772
f 3964 4067 3350
f 1246 1461 1247
f 603 2422 601
f 653 4018 654
f 4311 1595 3306
f 3973 3308 3307
f 3099 4381 2838
f 722 1720 1719
f 4312 659 3313
f 1804 1803 2729
f 4153 2913 2915
f 4201 3639 3609
f 4293 2536 1659
f 1659 3634 4293
f 4365 1930 2155
f 1930 3713 2155
f 3713 2490 2155
f 1590 3434 2489
f 3846 2639 3202
f 2639 3846 2197
f 1956 1638 1957
f 3990 1957 3759
f 2985 1974 4169
f 854 2591 2593
f 1478 1536 1570
f 1309 2514 3862
f 904 4140 254
f 4140 1854 255
f 2573 3332 9
f 1055 1685 1056
f 2138 1039 3855
f 1058 1057 3180
f 1578 3573 1316
f 3573 2032 1316
f 3313 4270 4312
f 3855 4037 4036
f 1811 2585 2388
f 3212 3747 3213
f 2588 1901 4419
f 1901 1900 4419
f 4334 2557 2516
f 990 989 1763
f 3455 3974 3207
f 3974 3455 3456
f 4160 4403 276
f 3424 2856 2701
f 1001 2853 884
f 3292 2822 4390
f 4303 1862 3527
f 1862 1864 3527
f 3697 675 1457
f 3031 904 905
f 1732 2266 2966
f 1733 1015 1731
f 2266 1732 3967
f 3241 2540 2320
f 2876 1731 1015
f 2876 2875 397
f 1115 2975 4152
f 2975 1115 1632
f 1292 1123 1122
f 478 3538 156
f 4047 2995 2135
f 869 868 1538
f 3553 3552 447
f 1419 601 3757
f 1409 3189 742
f 3189 3759 742
f 2524 2098 919
f 3515 2005 310
f 561 2226 559
f 691 2808 693
f 1393 1392 4171
f 1637 646 1186
f 964 1264 553
f 3934 3399 553
f 4275 1946 1551
f 2276 4399 4359
f 3940 4075 3659
f 3658 3940 3659
f 1324 3662 4288
f 2121 3047 2122
f 1756 3719 1757
f 1670 1507 1051
f 1408 2645 3986
f 2645 740 3986
f 881 1788 882
f 163 700 161
f 3591 1209 3172
f 161 3202 162
f 2518 2520 882
f 2512 4421 2513
f 882 700 2518
f 2518 699 2730
f 2818 4327 3869
f 3156 2039 1961
f 163 3929 4330
f 3172 3929 2172
f 4330 699 163
f 699 4330 2730
f 2172 162 2173
f 2173 162 3202
f 415 1916 416
f 3392 3738 167
f 125 976 126
f 2262 271 4065
f 56 3739 4158
f 3739 3738 4158
f 2381 4171 3272
f 283 3879 715
f 3079 2665 3472
f 2664 3472 2665
f 3947 4347 1688
f 2626 1882 2180
f 1715 547 2565
f 547 1715 3797
f 3965 3474 3443
f 3474 3444 3443
f 2145 1351 3329
f 1351 2145 3514
f 656 1890 3199
f 2052 2438 1890
f 2211 2350 984
f 2350 1244 1243
f 685 1147 683
f 3833 2852 2851
f 3582 3435 4089
f 3582 2631 3129
f 1521 1866 1865
f 4106 2075 2260
f 1092 3963 1170
f 3963 4143 1170
f 3463 3462 3257
f 3463 3806 297
f 2065 2642 2066
f 2642 617 2066
f 1923 4402 4160
f 4402 1923 4104
f 2875 3271 397
f 397 3271 395
f 1015 2874 2876
f 2966 4389 1157
f 3656 3791 3534
f 2408 4202 4007
f 4225 3333 1121
f 3333 4225 2398
f 1002 2905 2904
f 2906 3055 4192
f 2605 3256 2443
f 4377 3565 3564
f 525 524 2380
f 524 1113 3107
f 491 2510 4295
f 340 3680 3139
f 4365 1240 1930
f 1240 4365 3948
f 3855 3883 3438
f 3883 615 3438
f 2464 2783 181
f 4417 3571 3503
f 2634 4136 855
f 1176 1178 3051
f 3512 4114 282
f 3459 3678 3457
f 1383 2654 3622
f 4087 4315 4289
f 613 503 611
f 504 3255 635
f 2843 4396 3165
f 4396 2228 3165
f 796 3086 1348
f 3086 1404 1348
f 3512 3602 4114
f 3601 4310 4114
f 628 4098 2538
f 4098 628 2887
f 3734 3811 3914
f 4018 653 1160
f 3802 2669 3966
f 3380 2538 1462
f 4002 2872 2871
f 3197 1404 2872
f 4201 4278 3228
f 4278 4201 3609
f 2347 336 2849
f 1663 4319 4320
f 3150 2467 2178
f 2807 2338 519
f 2970 3050 4344
f 1133 3878 1662
f 1902 2665 2958
f 2839 3703 4205
f 4308 800 4287
f 2982 1429 3830
f 2136 2011 3026
f 4375 4289 3884
f 303 302 806
f 3558 1721 1720
f 2071 2070 1773
f 2070 908 1773
f 895 1011 893
f 1490 1142 609
f 2224 2226 561
f 2461 2226 3742
f 4262 1518 3894
f 1232 1231 1517
f 2075 4106 1866
f 2075 1520 2824
f 2658 2657 3875
f 2658 2989 1031
f 1160 354 4018
f 1160 1159 801
f 4325 3914 4008
f 4008 3914 3811
f 3165 3164 3116
f 3164 3248 3116
f 2982 3830 3829
f 3829 1505 2982
f 2246 2245 3673
f 2245 2156 3673
f 3681 4034 2559
f 3186 3148 4297
f 3564 1022 4377
f 1022 176 4377
f 281 1280 236
f 1629 2281 2842
f 1565 2948 4077
f 3622 2654 4315
f 2359 2358 614
f 601 1419 602
f 2353 3442 391
f 2963 494 4049
f 3544 4360 2923
f 4119 1800 563
f 3894 3893 4316
f 3966 3731 3802
f 3824 3565 2690
f 3565 4377 2690
f 168 4332 169
f 3902 2147 2146
f 1323 1618 1288
f 925 527 2710
f 3745 3754 1980
f 3079 4151 4111
f 2643 2592 3043
f 3290 3967 1732
f 1723 3755 3694
f 3755 3988 3694
f 1365 2681 1480
f 2681 1159 1480
f 2050 2449 3948
f 2049 2671 2449
f 2209 2019 3560
f 2019 2710 3560
f 1288 2800 1286
f 2801 1617 1610
f 3337 3737 4130
f 281 3766 1280
f 991 993 3971
f 993 2655 3971
f 1487 1062 1061
f 3692 166 165
f 565 2938 2715
f 2938 565 2936
f 1612 4175 1213
f 4175 1214 1213
f 1132 1131 2562
f 1131 1662 2562
f 3667 3413 3936
f 743 2103 677
f 1310 230 4272
f 3048 1693 171
f 551 1696 2045
f 657 3562 658
f 2631 3583 3545
f 2127 3583 4089
f 3536 2633 3534
f 2632 2631 3545
f 22 3506 3813
f 3856 3773 3813
f 4406 3925 2740
f 3899 3066 3528
f 3066 2181 3529
f 3529 2181 2180
f 2449 4156 3993
f 4156 1339 3993
f 2052 2439 2438
f 2607 2606 2440
f 394 2419 1712
f 1084 1083 2419
f 3759 2215 3990
f 2215 2214 3990
f 3634 2165 2421
f 2165 3634 2163
f 745 744 1809
f 2362 1809 744
f 643 3131 1892
f 2358 615 614
f 132 1045 1710
f 3228 4378 3227
f 3281 3283 4407
f 3283 2686 4407
f 4410 3383 3485
f 4277 3609 2723
f 817 399 2474
f 2746 216 215
f 3157 3741 216
f 1960 2295 3962
f 113 2943 4155
f 4416 3711 848
f 4416 848 2342
f 2343 3773 2342
f 804 3812 4343
f 3812 1653 4343
f 783 1106 4267
f 3464 3084 927
f 2521 2427 478
f 2521 1294 401
f 151 4299 1018
f 4299 151 2508
f 1254 2810 488
f 2810 1254 2442
f 179 2979 2798
f 2799 2858 3448
f 3949 3989 2679
f 3989 3949 1725
f 1781 4357 592
f 1755 1246 1245
f 2216 3401 4134
f 836 476 1950
f 1672 3134 3918
f 1171 4091 1092
f 1448 3719 3918
f 2660 1670 3919
f 1507 1670 2660
f 1672 3919 1670
f 3918 3919 1672
f 2660 3919 1756
f 3022 1050 1858
f 1544 4350 1542
f 3931 4282 3206
f 3437 1221 4144
f 1221 1223 1755
f 1223 1893 1755
f 390 3036 689
f 3036 3320 689
f 1318 3686 1934
f 3686 3514 1934
f 3655 2229 4396
f 2229 2228 4396
f 1229 599 3305
f 2967 290 3851
f 1295 3613 840
f 4283 1059 4397
f 1248 781 2791
f 781 780 4356
f 4223 2770 3527
f 4318 3127 2366
f 1662 1661 2561
f 3440 612 1967
f 1647 181 180
f 3429 3345 1089
f 280 2911 850
f 1971 2308 2147
f 2738 4207 899
f 442 441 2898
f 4129 1195 1194
f 1923 1195 4044
f 1060 846 3468
f 3468 846 845
f 2928 3819 3119
f 3819 2640 3915
f 588 3702 589
f 3971 1602 1604
f 1959 4247 4317
f 4247 1959 1961
f 3556 4328 1407
f 817 2059 2437
f 773 751 750
f 1175 4160 4402
f 1559 1558 650
f 1559 2628 2369
f 3179 4146 137
f 2467 3150 3381
f 1190 1621 2348
f 2525 4050 2409
f 2449 3224 1337
f 3224 1889 1337
f 2144 1256 223
f 223 413 2144
f 1341 3047 2121
f 2779 3047 2296
f 526 2199 2198
f 1176 2199 3662
f 1814 730 3827
f 499 2325 2491
f 1238 3041 3993
f 3041 3948 3993
f 2653 2332 4404
f 2332 2653 2333
f 1712 3714 1847
f 3469 3484 3714
f 4214 3484 3469
f 1847 3484 2961
f 924 3249 3021
f 3249 924 779
f 1779 1778 3987
f 1778 3370 3987
f 2466 2178 2467
f 2466 398 1378
f 345 344 4189
f 344 1118 4189
f 1492 1048 3556
f 1047 4328 3556
f 3461 2753 4417
f 2753 3571 4417
f 362 3 797
f 3 362 1
f 3226 2059 2058
f 2059 817 2057
f 2317 1898 2520
f 1898 2317 18
f 4264 3058 3057
f 3585 1624 1623
f 982 2166 3108
f 2166 1177 2891
f 3018 1521 1865
f 3018 762 761
f 47 46 2828
f 47 3238 2248
f 4049 494 1984
f 1984 140 4049
f 2058 2057 1543
f 2514 1308 956
f 1321 3672 4369
f 4237 3265 3672
f 4341 1370 1369
f 4341 3531 4359
f 980 979 3197
f 1885 1973 1816
f 4090 4081 2091
f 4399 1370 4341
f 1766 2203 2204
f 4326 1766 2204
f 2464 1742 2784
f 2784 1741 2497
f 4107 360 797
f 2965 2158 1867
f 1638 1956 4239
f 1956 4096 4239
f 1189 3331 3332
f 3331 1189 3895
f 2756 2758 4320
f 4331 3212 3214
f 3612 3857 2291
f 2413 3745 2355
f 1955 3837 3750
f 3751 873 3937
f 2589 4419 4204
f 2721 2958 2299
f 1377 1512 2503
f 1512 719 2503
f 2863 4388 1748
f 4388 2863 4042
f 994 548 3797
f 548 547 3797
f 2613 1843 2392
f 4022 4021 87
f 2839 3896 2840
f 3098 4259 2308
f 1647 1649 2464
f 1649 2424 2464
f 955 954 4340
f 954 3387 4340
f 2203 2451 1080
f 1080 2451 1875
f 101 585 3062
f 585 3063 3062
f 1570 1569 4218
f 2617 2962 3383
f 1281 1280 2277
f 3766 2603 2277
f 4418 901 3649
f 2258 3324 3587
f 375 1011 3700
f 1594 4418 1592
f 2319 2919 16
f 2770 11 3527
f 1501 723 304
f 4420 3636 3763
f 761 3430 3018
f 76 3430 897
f 2532 3636 4420
f 4111 3763 3077
f 2372 1899 3933
f 1899 2742 3859
f 2742 1899 18
f 918 3196 1070
f 1315 3292 4390
f 1315 3370 1313
f 101 4052 3840
f 4052 101 3062
f 3964 845 844
f 33 2691 4088
f 2438 2440 3200
f 2607 2440 3561
f 1532 778 777
f 739 778 4168
f 4168 1787 3994
f 522 2126 3163
f 3994 1786 2418
f 2126 329 3163
f 4257 776 2541
f 1353 1219 1352
f 3030 4209 2128
f 1352 1219 1218
f 3412 3905 2461
f 3905 3412 3414
f 2193 3936 3316
f 3936 2193 3667
f 4410 3384 3383
f 2962 2961 3485
f 3175 3211 3373
f 273 4150 4149
f 3564 3563 3135
f 3824 3563 3565
f 3064 3104 4237
f 1344 1725 3111
f 3193 1675 917
f 4041 3310 4280
f 4276 3064 839
f 1931 1252 2402
f 4143 4142 1173
f 4142 3315 1173
f 1173 1172 4143
f 1172 3594 4143
f 3742 2225 3315
f 2225 1173 3315
f 2600 772 117
f 4180 1013 4184
f 2409 953 581
f 953 2409 951
f 1333 4170 1683
f 4170 1965 1683
f 466 3371 3166
f 3371 2244 3166
f 178 2760 2796
f 2760 2759 2796
f 3831 4165 2761
f 4165 4164 3660
f 2994 189 3135
f 3136 4329 3564
f 4187 3564 4329
f 4187 942 1023
f 4193 561 4194
f 3579 4193 4194
f 4164 3180 1771
f 1770 2759 3660
f 1641 3185 54
f 3185 2743 54
f 2858 2798 1869
f 1695 1273 1272
f 208 2821 2486
f 2820 2821 1886
f 2627 213 1688
f 2627 1883 1882
f 1748 4387 3349
f 4387 2505 3349
f 4087 3395 4088
f 3395 4087 4045
f 2594 3291 2595
f 81 4393 2359
f 3454 1377 437
f 1236 3571 2752
f 3409 2411 1994
f 2430 2482 2481
f 268 342 4292
f 576 1707 1247
f 2081 342 341
f 1582 4374 767
f 2817 2268 3487
f 1623 2851 2850
f 3074 2908 2907
f 2908 3074 2702
f 3783 1297 1296
f 1298 3347 1296
f 3074 1905 1904
f 3832 2907 3783
f 3059 2517 2113
f 2517 2516 2113
f 2478 370 369
f 3282 4262 3283
f 3751 4307 3646
f 873 3751 3646
f 2065 1360 2641
f 1842 639 859
f 4319 3878 3877
f 3877 4258 4319
f 158 1134 3877
f 2352 1793 1795
f 3240 2354 2353
f 1829 4229 3957
f 3575 4269 570
f 1630 3389 1939
f 3389 1630 3388
f 3487 3243 1390
f 3243 3230 1390
f 2212 4128 1099
f 4128 1097 1099
f 1396 1395 3923
f 2118 2117 1127
f 4121 4291 1938
f 4291 2968 1938
f 2230 4342 4027
f 3268 4157 3155
f 3103 2580 3663
f 3476 3103 3663
f 1365 3584 2681
f 3584 1700 2681
f 638 2026 2302
f 4401 2026 3801
f 1456 927 926
f 927 1456 2415
f 3302 3301 3836
f 1895 2152 2154
f 829 828 826
f 3604 13 2095
f 1224 4348 1225
f 4348 3431 1225
f 3431 486 1225
f 1086 3435 1085
f 2018 2017 4348
f 2017 3432 3431
f 2912 3195 4050
f 3195 2912 2882
f 317 316 1799
f 1982 1981 316
f 3775 318 2707
f 318 3775 3008
f 316 4085 1799
f 4085 316 1981
f 1983 1450 1981
f 1450 1449 1981
f 1690 1656 1098
f 1465 408 291
f 990 1764 2485
f 1933 1764 2349
f 2285 2387 2386
f 3761 2949 2948
f 1156 3117 3073
f 3117 1782 3073
f 3450 4301 2191
f 1784 4032 2205
f 3774 3978 3945
f 3978 3774 3977
f 4026 3641 959
f 959 958 4026
f 264 932 265
f 187 334 932
f 3578 3756 2656
f 3579 3578 2656
f 4208 2242 3481
f 2242 1631 3481
f 4399 2276 2775
f 3183 4399 2775
f 2544 419 1620
f 419 2544 2941
f 775 4081 4354
f 4354 4081 2888
f 2094 2093 4068
f 4068 2095 2094
f 3234 1556 2210
f 3234 3233 3026
f 1919 3904 1566
f 3537 1042 1779
f 830 2095 828
f 830 1877 3367
f 1877 830 829
f 829 3045 1877
f 2452 4248 3295
f 4158 1916 1915
f 3711 4416 4155
f 3711 3710 849
f 3773 2343 3977
f 2343 847 3977
f 398 3382 3788
f 3382 398 2467
f 1395 1420 3758
f 1420 1395 1397
f 322 321 1106
f 3904 1919 4178
f 1978 1919 1418
f 1978 1397 4188
f 3758 3009 1395
f 581 2321 3038
f 1983 2164 2163
f 3757 2165 2164
f 4178 4422 3904
f 3038 4188 1397
f 3775 3923 3008
f 3923 3775 2175
f 3504 4367 1287
f 4302 2327 4274
f 2668 4149 4148
f 4150 273 2116
f 3965 3081 4145
f 2276 4359 272
f 273 272 2116
f 2116 272 4359
f 913 4233 790
f 4233 913 2340
f 3302 2041 3781
f 824 1035 2041
f 3616 3303 542
f 1907 3572 2184
f 3617 211 3897
f 3617 3616 1987
f 824 3287 933
f 3287 824 826
f 594 593 3628
f 593 3376 3628
f 785 4371 2368
f 4371 3053 2368
f 1528 3353 3300
f 3353 2390 3300
f 3428 3442 3429
f 1795 3345 3442
f 4381 3099 654
f 3029 4381 654
f 1417 1416 2737
f 2493 1417 2737
f 2570 599 63
f 599 2570 3549
f 1047 3109 4328
f 895 3700 1011
f 4413 1680 905
f 905 3760 3031
f 2993 3586 4015
f 2992 4203 3586
f 3120 4398 4250
f 4398 3394 4250
f 3394 169 4392
f 2458 1609 4250
f 3394 4392 4250
f 169 4332 3252
f 3599 4323 4064
f 2777 3507 4086
f 1068 4281 1069
f 750 3344 3950
f 1325 1324 4288
f 3723 1438 3090
f 3850 3676 3055
f 3675 4192 3676
f 4227 2763 706
f 704 3727 4098
f 681 444 3781
f 2834 1300 682
f 614 4362 2359
f 1264 964 1262
f 2926 2925 1859
f 1094 1093 2284
f 2928 3525 1929
f 3525 1743 1929
f 4184 1283 2222
f 2223 1827 2222
f 3400 3834 553
f 167 4125 3392
f 1857 1093 3134
f 1093 1092 3134
f 1859 2284 1857
f 1094 2284 3576
f 1974 1943 4094
f 2366 4231 1942
f 3355 3357 4277
f 2723 3355 4277
f 3237 2507 1193
f 2505 2507 3349
f 258 3384 3701
f 3384 4410 3701
f 2603 877 2604
f 876 2604 877
f 2228 2227 2355
f 2227 3654 2355
f 445 682 2185
f 2834 682 681
f 3491 616 659
f 3490 1917 616
f 1074 2653 2652
f 1697 3122 2733
f 3133 2734 4132
f 2733 1678 1677
f 1224 1226 1636
f 1636 1226 3194
f 4333 1802 3674
f 1624 4333 3674
f 4368 962 961
f 3265 962 4369
f 510 4181 4275
f 4181 510 512
f 3536 367 2633
f 367 366 3129
f 3411 3410 2883
f 3410 2884 2883
f 2615 3626 3168
f 3626 3625 3168
f 2134 869 2135
f 2135 1538 4047
f 4001 4215 4340
f 2512 4215 314
f 2150 120 119
f 2150 1932 967
f 4147 4323 3599
f 1828 3549 2570
f 4166 1059 1058
f 188 190 971
f 2571 2526 4063
f 4063 2526 3365
f 2912 651 2882
f 651 2912 652
f 2666 2667 3637
f 2665 2959 2958
f 1597 1308 1307
f 3037 2835 1596
f 3495 3567 1138
f 1138 3567 3336
f 4407 2048 3281
f 2048 3795 3281
f 3781 2041 1035
f 1036 2834 681
f 2895 4212 4309
f 1803 4212 3762
f 1822 3314 2168
f 4285 3721 1822
f 3353 1528 1692
f 3353 1692 1691
f 3680 340 339
f 2010 1449 1658
f 2782 2979 179
f 1869 2798 2979
f 3852 4409 4214
f 12 2794 16
f 2319 2731 2919
f 2731 2319 2318
f 2777 4086 308
f 4086 309 308
f 2208 3653 3784
f 3653 3184 3784
f 3818 1053 635
f 4395 3952 1144
f 4090 1826 423
f 423 4030 2345
f 789 4379 160
f 4379 1598 160
f 1247 2213 576
f 2213 1247 4292
f 3386 1870 2978
f 1870 1869 2978
f 268 270 4216
f 1461 1246 1460
f 2499 343 3876
f 2280 2784 2497
f 2086 2221 4417
f 2221 2086 2219
f 567 569 1398
f 1703 1693 1692
f 8 2969 2587
f 2969 1652 2587
f 572 1547 3118
f 572 287 570
f 2782 2783 2785
f 181 1647 2464
f 2996 2086 4417
f 2423 2422 3324
f 3752 2642 3477
f 3477 2642 2641
f 2804 2803 845
f 2803 3468 845
f 3683 3227 4378
f 3816 2097 3364
f 1689 3647 3170
f 1108 1425 1681
f 2717 2444 3256
f 2444 2443 3256
f 1626 2484 3561
f 2484 1626 2149
f 4322 1157 4389
f 1017 3683 3357
f 2205 3227 1784
f 3884 4358 244
f 1516 2327 1040
f 2327 4302 1040
f 2611 3869 442
f 2898 2611 442
f 2426 2650 3538
f 2649 2147 4185
f 2147 3902 1971
f 3902 1972 1971
f 83 3546 407
f 2011 2136 1495
f 2717 2906 4192
f 2906 2717 2904
f 2127 1707 578
f 1707 576 578
f 4101 1318 1320
f 2081 2083 2213
f 592 591 2865
f 616 3491 3490
f 253 252 1184
f 1336 3801 2026
f 3996 347 349
f 1098 1097 1690
f 2088 2087 3432
f 2087 3568 3432
f 3432 3436 1086
f 3436 3432 3568
f 42 3888 1623
f 3888 3887 1623
f 868 3702 588
f 1354 494 2963
f 1475 1222 2087
f 1222 1221 3568
f 1112 2986 2987
f 2986 1112 3270
f 304 722 4383
f 2719 722 723
f 1531 2578 1353
f 4366 1219 1353
f 164 915 2010
f 915 3334 2010
f 3260 2511 491
f 1055 1054 2248
f 675 3697 4360
f 3697 1053 4360
f 2501 2500 3600
f 3031 940 939
f 1328 505 999
f 1328 1327 4199
f 150 149 1075
f 1673 149 151
f 4410 4409 3701
f 4409 3852 3701
f 2794 4249 2270
f 4249 2770 2270
f 2290 2473 1205
f 1205 2473 4071
f 2516 1666 4334
f 4334 1666 1665
f 3599 2549 4423
f 4124 4423 2549
f 4420 3763 1721
f 3763 4111 807
f 1719 4383 722
f 3214 2472 4331
f 836 3447 837
f 3447 836 3927
f 836 1950 3927
f 476 475 110
f 1633 1260 4415
f 1769 1768 2077
f 1006 4105 1007
f 4105 1006 4402
f 1552 2050 3948
f 2050 1552 2048
f 4159 3641 3640
f 3640 3100 4159
f 1625 17 1228
f 17 2794 1228
f 1543 2848 2058
f 2848 1543 2847
f 3421 3848 3847
f 1332 2600 4190
f 3848 2801 1610
f 3555 3422 3847
f 4296 2801 3848
f 2101 4067 3346
f 1792 2758 4395
f 2757 3952 4395
f 4304 2433 2013
f 4304 74 90
f 3108 983 982
f 983 3108 2624
f 1821 1699 4285
f 1821 1820 3159
f 1598 4379 2351
f 1955 3937 1953
f 1954 1953 1964
f 1954 878 3837
f 3537 2334 860
f 3537 1779 106
f 893 1490 894
f 382 381 2744
f 3503 2996 4417
f 1691 4268 2391
f 1310 1428 231
f 1428 1310 1312
f 379 1836 1835
f 2960 1836 378
f 4309 3057 3056
f 3057 4309 4287
f 1235 2080 1236
f 2079 2078 3503
f 2078 3488 3144
f 3488 2078 4152
f 4368 2056 1914
f 2056 4368 3000
f 643 3335 1912
f 3335 2765 1912
f 1632 190 1871
f 190 4055 1871
f 2765 4163 2764
f 4163 4056 2764
f 85 972 1117
f 972 85 87
f 1090 2776 3014
f 72 1548 70
f 4311 3262 3425
f 600 2270 61
f 4373 3910 293
f 3941 4373 292
f 1801 4113 2046
f 1800 4333 563
f 1053 3818 4360
f 3818 2923 4360
f 1144 2531 4395
f 2531 1792 4395
f 2232 596 3819
f 2232 3453 1271
f 2553 2976 2043
f 2976 2553 3821
f 2553 2555 2109
f 2555 3782 2109
f 1180 1179 3445
f 1179 3903 3930
f 2860 3209 3126
f 3209 2443 3126
f 4125 974 973
f 4125 167 3394
f 615 2358 2360
f 1058 4164 4166
f 2890 4037 1038
f 4037 3855 1038
f 4038 815 660
f 2890 3972 4037
f 4243 3787 3619
f 1424 2946 2692
f 3536 4385 3605
f 1525 4385 3535
f 3910 4373 2749
f 3030 354 353
f 1794 3309 2646
f 3161 1325 4288
f 2303 638 2302
f 2303 532 2865
f 2718 3675 3723
f 3090 2718 3723
f 3002 3001 914
f 4176 914 782
f 4406 4295 2510
f 2510 3139 4406
f 3959 3885 244
f 3885 4375 3884
f 3265 4237 3104
f 1275 3265 3104
f 1636 3113 1224
f 2018 3113 1472
f 3218 4169 2971
f 4169 2586 2971
f 853 852 3965
f 852 2593 3965
f 2591 3142 3250
f 2377 3547 3499
f 2680 2833 3900
f 4308 4212 1803
f 1455 1454 3900
f 3379 299 664
f 299 3379 4352
f 3379 1456 4352
f 1037 1039 4391
f 1039 2138 4391
f 333 3829 334
f 2862 332 331
f 2222 3730 2877
f 772 118 117
f 4040 4254 4057
f 3216 3215 4039
f 4254 4040 1479
f 4040 4039 1479
f 3217 3480 3479
f 3217 3478 3215
f 3799 4039 3215
f 3799 545 4154
f 365 2411 3082
f 2411 3409 3082
f 1165 451 450
f 3330 121 3854
f 4084 1096 1095
f 4084 2571 4063
f 404 2190 2118
f 2190 404 2188
f 3789 4001 4340
f 3789 1429 1430
f 2677 3123 59
f 3123 3068 59
f 3682 2914 4027
f 1837 3593 1835
f 4372 106 3987
f 3065 3064 4237
f 3067 300 2410
f 300 3067 1261
f 2923 792 4054
f 792 791 4054
f 3311 1362 2281
f 1362 131 2281
f 153 2196 154
f 347 3996 1363
f 520 1406 369
f 3158 1406 1405
f 3857 3677 2289
f 2291 3857 2289
f 3336 3566 2765
f 3336 1891 1138
f 2523 4058 1747
f 4058 2881 1747
f 54 2855 1641
f 2855 54 53
f 3288 858 4023
f 858 3835 3696
f 604 3921 2009
f 3922 1359 2009
f 1827 2223 1828
f 1312 1311 1427
f 532 62 2470
f 531 2570 63
f 3745 2413 887
f 2413 2412 887
f 3451 3567 3452
f 3494 3452 3495
f 3156 2745 2825
f 2745 3481 2825
f 2913 4153 2133
f 4153 296 2133
f 3228 2207 4201
f 2207 4356 4201
f 1057 1059 2339
f 4397 1059 4166
f 4350 1544 2579
f 2023 4350 2579
f 4014 1657 3693
f 1657 1656 3693
f 4078 1704 1703
f 4183 4078 1703
f 1877 1876 3276
f 1876 3277 3276
f 3176 3920 4020
f 3920 3592 4020
f 3280 3019 2158
f 1704 3423 171
f 2933 2829 2828
f 3238 2829 2935
f 3846 1819 4321
f 1819 3868 4321
f 2252 2125 2547
f 3572 1907 1908
f 1989 1988 3994
f 1988 4168 3994
f 390 2802 3468
f 2802 1060 3468
f 1123 2540 3650
f 1071 3242 3241
f 3967 3290 2788
f 2788 4351 397
f 44 4367 4191
f 116 44 4191
f 3988 3942 4413
f 3942 1722 4413
f 2258 2259 28
f 3740 3956 2259
f 2156 2247 3459
f 2247 2156 2245
f 3425 217 1596
f 4352 1718 3433
f 2263 3726 2763
f 4227 2304 2763
f 1392 1394 2517
f 2517 3059 1392
f 2459 2458 4392
f 3780 116 4137
f 3770 3769 3024
f 3769 3025 3024
f 3191 3880 3770
f 3880 3771 3770
f 552 3354 2144
f 4184 2877 2879
f 345 2942 3137
f 2942 1215 3137
f 2481 2480 2565
f 2480 3483 2565
f 2838 4263 2836
f 4315 4087 3622
f 4420 1721 3558
f 66 154 64
f 3641 2837 4066
f 2837 2836 4066
f 2743 3372 54
f 3372 52 54
f 813 3434 1347
f 4235 4423 4124
f 3733 2684 4316
f 3893 3802 3731
f 252 251 3889
f 4391 252 3889
f 4262 4316 2684
f 4316 3731 3733
f 289 1412 4019
f 1044 1710 1045
f 4329 3136 188
f 3135 3136 3564
f 2668 1464 4149
f 4065 273 4149
f 1853 2344 931
f 4030 2344 2345
f 3203 3153 3764
f 3153 3203 1268
f 2555 2554 3550
f 323 796 1350
f 3044 1587 3886
f 1587 1586 3886
f 198 2896 387
f 4397 2204 3152
f 1073 4177 2399
f 4177 2894 2399
f 339 338 164
f 339 1658 3680
f 3416 3417 4064
f 3416 898 2698
f 3785 4239 3784
f 1197 1284 1198
f 2636 2513 4421
f 1001 884 886
f 3849 3055 2905
f 2152 3624 3359
f 3860 2792 1780
f 2792 810 1780
f 280 850 281
f 2061 850 2910
f 2648 3580 2649
f 3580 3427 2649
f 2529 1143 3102
f 612 611 1967
f 3778 4102 1523
f 3777 29 4103
f 4418 902 901
f 4238 3852 3470
f 2287 2676 985
f 2676 2675 985
f 3857 3612 3723
f 3675 3857 3723
f 2560 4150 2116
f 4150 2560 4148
f 3952 2757 3619
f 2757 2756 3619
f 1830 3562 1831
f 3562 1555 1831
f 3987 1588 3250
f 1588 3987 4390
f 2060 1585 2603
f 1585 877 2603
f 1530 1692 1528
f 4183 1692 1530
f 3345 4272 1089
f 4424 1564 1563
f 2364 2632 3545
f 2632 2364 3534
f 388 562 305
f 562 855 305
f 3759 1957 1637
f 1186 3759 1637
f 601 2422 3757
f 2165 3757 2422
f 2878 3867 4275
f 3827 3229 3230
f 4184 2879 4181
f 2879 4275 4181
f 2141 2292 624
f 624 623 2141
f 1349 981 1350
f 1349 1348 3197
f 1883 4347 1698
f 4347 3947 1698
f 368 486 1085
f 4179 3358 485
f 1615 3358 2622
f 1381 4178 1379
f 1225 485 1615
f 4179 485 368
f 3346 694 667
f 694 500 667
f 3593 2913 1835
f 3593 1837 4027
f 3200 3208 3201
f 3201 3208 1137
f 3738 3392 1916
f 3392 973 416
f 2926 554 3834
f 554 553 3834
f 1071 1997 1072
f 313 1920 2636
f 1920 3666 2637
f 3666 3519 4324
f 2200 936 2201
f 3406 3340 2202
f 3925 2535 1278
f 2244 1655 1657
f 1986 211 3617
f 1986 1985 2886
f 3340 2897 2202
f 629 3340 3342
f 3245 4112 1443
f 4112 2707 1443
f 3483 2482 3020
f 2482 2430 3020
f 1167 451 1165
f 449 451 3854
f 503 613 3255
f 503 502 2170
f 4042 4280 4388
f 996 3314 3722
f 3954 2952 4095
f 4146 3179 3489
f 3211 1850 3089
f 3210 3211 3089
f 4266 3999 3661
f 3999 4266 4313
f 2100 3350 3645
f 1392 3059 3272
f 2112 2111 3424
f 2394 2112 3424
f 4044 508 4104
f 508 4044 1356
f 3548 3547 1110
f 3547 2377 1110
f 1554 4116 4115
f 3141 3140 106
f 2265 4389 2266
f 4389 2265 4322
f 3357 4211 1017
f 4211 1015 1017
f 3248 4033 1783
f 3121 567 3271
f 2381 3793 1343
f 3793 1344 1343
f 2595 1263 4257
f 1263 1262 4257
f 2911 4186 1613
f 4186 1611 1613
f 3404 4174 1576
f 4174 1611 1576
f 1199 4355 2881
f 4355 1747 2881
f 3351 1439 4339
f 1439 3612 4337
f 1126 4403 1175
f 4403 4160 1175
f 1256 2144 3354
f 1257 1256 3354
f 3347 1298 3522
f 1298 1562 3522
f 4393 80 2921
f 81 4361 79
f 3882 2331 3291
f 2331 2595 3291
f 2441 732 2572
f 1254 732 2441
f 864 3341 3406
f 3341 3340 3406
f 2863 1292 1122
f 1292 2863 1748
f 1757 3718 2134
f 3718 1447 2134
f 1511 3289 2486
f 3289 3288 2486
f 4015 4290 4016
f 3796 4290 3586
f 2656 1084 393
f 498 1168 497
f 2419 393 1084
f 4 497 1994
f 3706 1796 906
f 3705 3761 1796
f 2071 3706 906
f 3706 2071 3704
f 1830 3130 4384
f 3130 3132 4384
f 2418 2713 3994
f 2713 1989 3994
f 729 728 3390
f 728 3603 3390
f 522 521 4059
f 351 2714 329
f 519 821 2807
f 821 519 371
f 1441 111 1442
f 2219 270 269
f 2634 4333 1624
f 1244 2351 4379
f 2957 3058 4119
f 4265 1800 4119
f 2836 66 4349
f 1623 2850 3585
f 3926 1908 3287
f 826 3926 3287
f 4047 2929 3626
f 2929 2930 3625
f 3307 2513 2636
f 2636 4421 313
f 1148 3924 1278
f 2740 3924 2738
f 4272 4400 1311
f 1330 2719 2386
f 2855 2945 4197
f 1641 2855 4197
f 423 1826 421
f 1824 1826 4090
f 4406 2535 3925
f 3925 1278 3924
f 1261 3898 3112
f 3898 1342 3112
f 910 3839 2254
f 3839 130 2254
f 207 3678 2247
f 3678 3459 2247
f 3600 3602 3841
f 3512 3679 3602
f 1737 1231 1738
f 1232 1517 1516
f 3894 1517 1737
f 1737 1517 1231
f 3457 3679 3512
f 3841 3679 207
f 3512 1041 3457
f 4320 4382 645
f 867 4298 4005
f 866 4196 4298
f 1740 2425 4401
f 2425 3729 4401
f 3443 4230 3339
f 4230 3462 3339
f 3418 1305 3590
f 3460 2234 1305
f 1400 2751 395
f 2751 1400 1082
f 1163 1162 618
f 1162 3087 618
f 3084 3464 1306
f 3464 2415 1306
f 3729 3730 3595
f 3730 1827 3595
f 3729 2425 2878
f 409 2576 1906
f 1478 4255 1479
f 4255 4254 1479
f 1976 1975 3532
f 1975 1291 3532
f 2252 460 2125
f 459 3532 1291
f 2062 3533 1014
f 3533 3532 1014
f 3871 3204 4232
f 2956 1021 4386
f 2016 2030 3132
f 2029 2015 3805
f 753 422 1465
f 1200 422 421
f 3650 3242 4224
f 3242 1071 4224
f 1498 1497 2161
f 1497 1591 2161
f 3284 1255 3715
f 1255 3629 3715
f 1165 1572 1166
f 3707 1572 698
f 2937 1607 2938
f 2937 2936 4246
f 4095 2435 4017
f 2952 2951 2435
f 1812 336 335
f 337 3028 3027
f 1652 4344 4343
f 3050 804 4343
f 528 3995 1441
f 528 3632 529
f 420 1365 418
f 420 2941 4006
f 1702 803 1700
f 4282 3931 3933
f 3402 3814 2218
f 3814 2216 2218
f 2556 2120 2122
f 4404 2556 2122
f 2574 2831 2833
f 2831 2574 411
f 4273 1030 1029
f 690 1467 3375
f 3949 665 3112
f 665 3949 666
f 2496 358 3668
f 358 357 3668
f 4062 3982 3294
f 4062 4074 4060
f 471 3743 1765
f 470 4074 3743
f 1250 317 1799
f 317 1250 2707
f 659 4312 4038
f 4312 4036 4038
f 2400 1804 2729
f 1804 2400 625
f 2898 3042 1331
f 3042 1383 3955
f 242 4358 3748
f 4358 4289 3748
f 3683 3072 3227
f 3072 1784 3227
f 4068 2092 3926
f 2092 4068 2093
f 3291 2867 3882
f 2867 3935 3882
f 745 1811 1931
f 3239 2804 3327
f 2332 2556 4404
f 2374 2376 2698
f 846 1062 1734
f 1062 1487 1734
f 2305 4207 1148
f 4207 3924 1148
f 4017 2435 2434
f 364 4017 2434
f 2219 269 1460
f 4292 269 268
f 4216 343 268
f 341 343 2499
f 1180 2939 3274
f 2939 428 3274
f 2323 2322 1964
f 2322 1962 1964
f 2836 4349 4066
f 4349 4321 4066
f 3400 2852 3834
f 2852 3400 2850
f 3935 2866 855
f 2866 2465 855
f 3943 3990 2214
f 3943 3944 4096
f 935 1035 824
f 3781 1035 681
f 2445 702 71
f 702 701 71
f 4305 3808 3473
f 2073 1008 3753
f 1037 3891 1008
f 3891 1037 3889
f 3890 4305 3473
f 2074 3753 3473
f 3855 4270 3883
f 4270 3313 3883
f 3972 2890 816
f 3972 4038 4036
f 696 2066 619
f 2828 696 619
f 2738 4147 2739
f 4147 2738 898
f 2239 2238 3837
f 2238 3838 3837
f 2195 4408 766
f 4408 1660 766
f 3363 3493 4070
f 3363 2195 1492
f 3611 872 3708
f 3689 3611 3708
f 3610 4338 4060
f 4338 4337 4060
f 1219 4366 3092
f 4366 2577 3092
f 1992 2931 3980
f 1404 2931 2872
f 1543 1542 2847
f 2483 2149 2148
f 4396 4234 3655
f 4234 1999 3655
f 859 332 2862
f 2862 331 3860
f 1160 3091 354
f 2395 3091 801
f 4087 4335 4045
f 4335 2954 4045
f 4422 1470 3904
f 2175 1396 3923
f 1127 405 2118
f 405 404 2118
f 872 3611 1522
f 477 156 1653
f 4303 11 10
f 11 4303 3527
f 10 2311 4303
f 2309 2311 2777
f 3364 2526 2525
f 2548 1191 1190
f 3282 2328 1518
f 745 1809 1811
f 3692 165 1413
f 3467 1413 1412
f 2470 2471 3971
f 2470 2865 532
f 3995 530 1945
f 3293 3743 4074
f 3743 471 470
f 471 3831 469
f 3478 1668 3800
f 3800 3215 3478
f 2619 870 2617
f 870 2042 2617
f 3328 2237 2236
f 3836 825 2041
f 2949 3761 3705
f 2948 1565 3761
f 2384 4077 2948
f 4077 1650 1565
f 2105 2949 3705
f 2949 2105 2385
f 2646 1311 4400
f 1311 1310 4272
f 1451 2163 3634
f 1451 1658 1449
f 3304 2815 2594
f 3304 77 4284
f 3869 3687 442
f 3687 1565 442
f 4278 4378 3228
f 3683 4378 3357
f 579 919 2098
f 2098 3816 579
f 1459 597 1510
f 597 596 1510
f 707 3373 3372
f 2743 707 3372
f 1485 1072 278
f 1072 1485 1073
f 314 4421 2512
f 4421 314 313
f 3152 2204 1080
f 457 3928 455
f 2663 2662 3401
f 2662 4134 3401
f 2344 929 931
f 929 2344 4030
f 1550 2101 3346
f 3343 2101 2102
f 4084 1211 1096
f 1211 4084 4063
f 2140 2139 3746
f 2139 3572 3746
f 2907 2909 1751
f 1751 3213 4024
f 2907 3832 3074
f 1296 3832 3783
f 1573 3716 3715
f 3486 3716 3783
f 4157 1915 3155
f 1915 4157 4158
f 365 35 2326
f 35 365 364
f 517 516 3455
f 516 2269 3455
f 2049 4407 2672
f 2671 2049 2672
f 3524 4236 4332
f 4236 3070 4332
f 3599 4423 3598
f 4423 4235 3598
f 3149 3296 3128
f 3300 3296 1529
f 2895 1044 3762
f 1431 267 2534
f 2318 2519 2730
f 2519 2318 2317
f 1623 1622 42
f 1622 40 42
f 4079 4113 4264
f 4113 1801 4264
f 1800 4265 1801
f 4265 4264 1801
f 3935 855 4136
f 4136 3399 3935
f 4262 4261 3283
f 4261 2686 3283
f 3115 1549 72
f 701 3115 72
f 940 3760 1679
f 3760 940 3031
f 363 2993 4015
f 2993 363 2806
f 912 3878 1133
f 1375 912 1133
f 2390 1903 785
f 1903 783 785
f 4061 4337 2291
f 2290 4061 2291
f 1695 1694 2004
f 1694 311 2004
f 3420 174 173
f 2307 2880 2305
f 2306 1522 2307
f 1817 1522 1523
f 57 1508 3523
f 1508 4000 3523
f 3725 3958 4000
f 3958 3523 4000
f 4174 4175 1612
f 1611 4174 1612
f 1125 3253 1126
f 3253 276 1126
f 2664 3870 2072
f 3870 2664 1902
f 4311 1596 1595
f 1596 4311 3425
f 949 948 622
f 948 620 622
f 1900 219 4419
f 219 218 4419
f 4204 1295 2589
f 2590 2072 2588
f 4035 960 621
f 960 2382 622
f 840 1021 674
f 673 950 1295
f 3727 3726 4097
f 2589 2588 4419
f 4260 2709 2956
f 2361 620 674
f 1463 4097 3726
f 3264 218 3425
f 759 2546 3306
f 2546 4311 3306
f 263 2870 2835
f 4283 2340 2339
f 2709 4260 2708
f 2709 674 1021
f 2970 4344 2969
f 4344 1652 2969
f 1437 86 3494
f 86 85 3494
f 1272 1271 2045
f 1272 1696 1695
f 639 1843 2053
f 1843 2613 2053
f 1624 3674 1622
f 2079 3571 1236
f 2650 4185 3538
f 2650 2426 2648
f 4190 2143 2142
f 4190 2612 1332
f 1118 3422 4189
f 3422 3555 4189
f 3504 1119 346
f 1119 3504 1120
f 4094 4231 892
f 4231 2366 892
f 882 2371 883
f 2371 882 2520
f 1922 3530 1151
f 3530 631 1151
f 4370 1921 315
f 315 1921 313
f 3405 2201 1515
f 1515 2201 936
f 4370 2897 631
f 315 3597 3039
f 2202 3039 2200
f 315 3039 4370
f 3103 1360 3664
f 1964 879 1954
f 1526 2258 3587
f 1705 2615 3168
f 806 4380 3810
f 3263 3613 3264
f 368 1471 4179
f 1471 1470 4179
f 726 725 2197
f 725 2639 2197
f 823 822 4157
f 822 1759 4157
f 3391 56 4158
f 3391 4157 1759
f 4157 3268 823
f 3268 3154 823
f 4089 3435 3437
f 4144 4089 3437
f 3858 4411 517
f 4411 3318 517
f 2602 2601 4242
f 2601 360 4242
f 2819 2678 703
f 3908 2728 786
f 1897 1896 2602
f 1896 361 2602
f 3851 1593 2967
f 1593 568 2967
f 3020 978 3269
f 3356 3355 3121
f 375 3700 3101
f 3700 3221 3101
f 1349 979 981
f 3458 4302 4115
f 802 1700 803
f 258 257 3554
f 1212 2776 2341
f 1355 1354 2964
f 2553 2043 2554
f 3550 3782 2555
f 2448 3551 2447
f 3551 2375 3550
f 1318 286 3686
f 286 1351 3686
f 731 2572 732
f 3322 776 4257
f 1945 456 3995
f 475 111 110
f 1816 1815 2820
f 1815 1459 2820
f 3152 2340 4283
f 2204 4397 4326
f 1730 4172 1098
f 4172 1099 1098
f 1966 3912 253
f 3912 1966 2170
f 3440 1967 37
f 37 1967 1184
f 253 1184 1966
f 37 1184 1183
f 2784 1742 1741
f 3259 2498 1336
f 3274 4363 1181
f 4363 3601 1181
f 4345 3823 3914
f 4345 4325 3591
f 1656 1655 1730
f 1655 2244 1730
f 2244 1065 3166
f 1065 1064 3166
f 4328 2893 1407
f 1279 1278 2535
f 475 709 1769
f 474 2431 4414
f 1768 1767 195
f 1767 3496 195
f 1633 4415 2762
f 1260 3496 4414
f 2082 4357 3297
f 4357 1781 3297
f 1221 1754 4144
f 1754 1245 4144
f 3225 412 414
f 412 3225 552
f 2459 4392 3252
f 3252 4392 169
f 515 2446 4137
f 2446 3780 4137
f 3019 3913 3658
f 3913 3279 3658
f 1507 774 776
f 819 4386 1021
f 4364 3308 3973
f 3308 4364 759
f 1597 1307 1595
f 1307 3306 1595
f 4232 3764 3690
f 4232 4386 3871
f 4133 1852 1651
f 1653 4133 1651
f 1575 80 79
f 4393 81 80
f 2328 3282 3281
f 1518 4262 3282
f 156 155 4133
f 155 4259 4133
f 947 4226 3853
f 4226 3498 3685
f 3881 1564 4424
f 1573 1563 1562
f 3106 1434 4424
f 4424 1434 1433
f 3771 1433 1432
f 4424 1433 3881
f 182 3630 3629
f 3630 182 3361
f 2276 3378 2775
f 3378 2773 2775
f 1625 1228 2741
f 2741 3318 4411
f 2722 1761 567
f 1761 568 567
f 995 4099 68
f 3959 4099 3798
f 3297 3991 577
f 3991 3297 1781
f 4146 3491 659
f 4095 4016 3954
f 2479 3321 370
f 3321 820 370
f 901 1401 1399
f 692 693 3232
f 1126 1034 1124
f 2864 591 638
f 2303 2864 638
f 691 690 3375
f 4361 4362 1918
f 4362 614 1918
f 4085 4176 1798
f 1799 4085 1798
f 2094 13 1895
f 2154 2094 1895
f 1248 2790 1249
f 2790 2944 1249
f 538 3301 3303
f 3301 538 2405
f 3303 3302 724
f 542 3303 724
f 1663 4320 2758
f 1792 1663 2758
f 82 3647 83
f 3648 3168 3170
f 1539 588 4013
f 1539 2929 1538
f 3513 1284 1197
f 1284 3513 1270
f 1746 2524 3916
f 1746 1285 2096
f 2347 2849 1568
f 3040 220 2849
f 4046 2265 128
f 3699 4046 128
f 2921 4336 4393
f 4393 4394 2359
f 1380 2321 953
f 2321 1380 4188
f 1208 3507 4330
f 3507 2730 4330
f 2620 889 4376
f 888 3765 4376
f 1470 4422 4179
f 4422 4178 4179
f 1973 1885 1887
f 4029 952 951
f 2992 2644 2643
f 4203 2992 2643
f 576 3298 577
f 3298 3297 577
f 738 779 739
f 738 737 3248
f 1840 1927 3614
f 1927 3261 3614
f 3225 1317 312
f 1317 3225 414
f 523 483 3866
f 483 523 3792
f 3420 3419 1864
f 3419 2584 1864
f 1818 174 1708
f 174 3420 1708
f 1522 2306 1150
f 2306 2305 1150
f 1523 4102 1817
f 4102 1818 1817
f 871 20 1709
f 20 19 1709
f 3692 3466 3002
f 3466 3607 3002
f 1109 1681 1680
f 4413 1109 1680
f 1665 4072 4334
f 4072 4073 4334
f 3637 2959 3078
f 2959 2665 3078
f 4001 3790 938
f 3790 3939 938
f 2431 4415 4414
f 4415 2431 2762
f 3496 709 4414
f 4414 709 474
f 836 838 476
f 476 838 474
f 1633 1771 1258
f 1258 1771 3180
f 3181 1259 1258
f 3496 1260 1259
f 2690 2795 2762
f 2795 2690 2796
f 4100 965 68
f 965 4100 100
f 4093 3433 3277
f 4352 3433 2410
f 4364 541 3776
f 541 4364 539
f 2334 3247 4342
f 760 3871 4386
f 3094 3093 4012
f 3093 3892 4012
f 3521 4324 3519
f 3521 2476 3843
f 3205 1267 3203
f 3205 3872 3843
f 3407 2477 3408
f 2477 3407 3498
f 1537 2011 684
f 4367 43 1288
f 43 4367 44
f 1287 4367 1288
f 2360 4394 39
f 4394 2360 2359
f 3049 4268 3048
f 4268 3049 2391
f 2212 1928 4128
f 1928 2212 975
f 3911 2652 2651
f 2652 3911 1075
f 1698 1677 1676
f 1677 1698 1697
f 1541 525 2734
f 1541 2733 1540
f 3610 177 4339
f 177 176 4339
f 4025 3096 2988
f 3096 4025 769
f 32 1504 1506
f 3269 977 32
f 3649 569 1592
f 569 568 1592
f 3680 1659 2536
f 2535 4406 3139
f 3821 4118 3822
f 4118 3821 1066
f 4059 3691 522
f 3691 1443 522
f 1887 3088 4259
f 3088 1852 4259
f 4259 3098 1887
f 3098 1973 1887
f 1974 2985 1944
f 92 2152 3359
f 3587 3324 2422
f 1692 4183 1703
f 3125 1175 249
f 569 3649 1398
f 772 2600 751
f 773 2468 118
f 3505 4137 4191
f 3504 3505 4191
f 2013 124 123
f 1341 2396 2297
f 1499 519 2338
f 2021 579 3816
f 1554 4115 4274
f 3795 1554 4274
f 2406 2405 538
f 2406 537 3441
f 1359 3922 3665
f 3922 1736 3665
f 646 4382 4258
f 4382 4320 4258
f 2020 3944 108
f 3670 1040 4302
f 4365 1553 3948
f 1553 1552 3948
f 1990 3013 4167
f 4167 4168 1988
f 360 4107 4242
f 4107 4106 4242
f 3673 2490 2489
f 2490 3673 2155
f 608 2927 2926
f 608 3833 606
f 3826 331 330
f 331 3826 3860
f 4412 2728 3908
f 2728 4412 3190
f 2789 3013 1990
f 490 3817 1414
f 3073 1016 1156
f 1016 1733 1156
f 3474 4145 1168
f 4145 3083 1168
f 3377 2275 271
f 4065 4251 2262
f 427 1600 4310
f 4114 3879 282
f 4027 3247 3508
f 3247 4027 4342
f 759 758 819
f 758 4386 819
f 1597 2870 1308
f 1309 3306 1307
f 3508 3247 104
f 105 3537 106
f 3183 3182 4024
f 1616 1483 2596
f 1483 1482 2596
f 377 4117 3950
f 4117 377 746
f 3065 3671 4117
f 746 3065 4117
f 3190 4412 144
f 4412 3907 144
f 106 4372 3141
f 4372 3250 3141
f 2584 3992 51
f 1846 3992 3419
f 4173 3049 3007
f 796 323 3007
f 2447 2554 4009
f 4009 2554 2043
f 2807 820 2963
f 4049 2807 2963
f 4094 2389 1974
f 1287 1286 1120
f 1402 795 1583
f 795 1402 3086
f 1769 1442 475
f 4216 270 2085
f 957 2194 2076
f 2194 1427 2076
f 13 3803 14
f 3803 3369 14
f 15 3624 1895
f 3624 2152 1895
f 884 2853 14
f 2853 15 14
f 3104 4276 2402
f 3104 2402 1276
f 2876 4351 1731
f 4351 2876 397
f 4257 2541 2780
f 2541 4354 2780
f 3645 4067 2101
f 695 4067 3964
f 1470 1469 3605
f 1469 3536 3605
f 2801 4296 1286
f 4296 1120 1286
f 3848 3421 4296
f 3421 1118 1120
f 3671 3005 4117
f 1783 1782 3116
f 3192 4300 2508
f 4300 4299 2508
f 3510 3509 3489
f 3509 3490 3489
f 3092 2401 1124
f 1124 1411 3092
f 2015 2014 4004
f 3397 3396 3805
f 511 425 1861
f 425 424 1861
f 424 3633 805
f 3633 3449 805
f 896 4109 2816
f 4109 2817 2816
f 1322 1914 1323
f 1322 1321 4369
f 303 806 3912
f 2170 303 3912
f 1792 2530 1661
f 2530 2561 1661
f 2185 2187 4301
f 2187 3724 4301
f 4211 3844 2874
f 3844 4211 3357
f 4111 4380 807
f 4380 806 807
f 4155 4416 2883
f 2885 4155 2883
f 1334 711 1629
f 711 710 1629
f 131 1361 132
f 1361 3961 132
f 2825 2039 3156
f 4247 2039 2038
f 3852 4238 1594
f 4238 4418 1594
f 1553 4116 1554
f 4116 1553 4365
f 1765 2203 1766
f 2203 1765 4248
f 2195 4069 4408
f 4069 2161 4408
f 3817 662 1414
f 1412 289 3465
f 4178 1381 3358
f 1381 952 2622
f 3618 536 538
f 536 3618 573
f 2695 2697 4353
f 2697 3479 4353
f 2793 3861 3826
f 3861 3860 3826
f 4004 3786 2808
f 4004 3805 2015
f 4253 4271 641
f 4252 3786 4271
f 4266 1106 321
f 4267 4266 3661
f 2462 4002 2871
f 4002 2462 980
f 2922 4253 641
f 4253 2922 865
f 2030 3426 3132
f 2030 2016 2015
f 3049 4173 2391
f 3504 1287 1120
f 4375 2954 4335
f 4289 4375 4335
f 2893 1326 1405
f 2893 4328 2891
f 4014 2243 1657
f 2243 4014 3822
f 2033 3033 1233
f 3033 1107 1233
f 1259 3627 195
f 3627 1259 3181
f 3525 2827 1743
f 2826 2151 1743
f 1343 2379 2381
f 2379 1343 4132
f 3773 3856 2342
f 3856 3411 2342
f 3651 1980 3754
f 2598 3651 3754
f 202 4405 1631
f 4405 2825 1631
f 29 4108 4103
f 4202 175 4108
f 173 175 4202
f 4103 175 1818
f 4202 1845 173
f 49 1845 2407
f 2536 4293 1279
f 2536 3139 3680
f 3157 216 2746
f 2692 2946 3787
f 398 3010 399
f 3010 2474 399
f 784 4267 3661
f 4267 784 783
f 1827 3968 3595
f 3968 2302 3595
f 910 2253 911
f 2253 3967 911
f 591 590 2999
f 590 2082 2999
f 1282 2732 2223
f 3549 2732 518
f 3808 4151 3473
f 4151 3079 3473
f 4376 3765 4120
f 2621 4376 4120
f 2231 1842 859
f 1842 2231 2392
f 2932 2840 3896
f 4256 3552 2841
f 1860 2063 512
f 512 2063 4180
f 1945 1648 456
f 447 1728 2970
f 3588 2984 3754
f 2984 2598 3754
f 4281 4121 2873
f 1069 4281 2873
f 1946 4275 3867
f 1947 1946 3867
f 1068 3669 4281
f 3669 2621 4281
f 2151 2826 4294
f 2826 1547 4294
f 4298 867 866
f 867 3232 865
f 1893 3439 4196
f 3439 4298 4196
f 3657 1476 1475
f 3657 4005 4298
f 1036 1114 2834
f 1114 1036 3985
f 2596 2267 2597
f 2267 1909 2597
f 3416 4323 898
f 4323 4147 898
f 3765 888 2412
f 888 887 2412
f 509 4123 507
f 4123 4122 507
f 2687 3997 4122
f 3997 507 4122
f 35 34 2325
f 2491 2325 34
f 729 3229 730
f 3229 3827 730
f 3867 2878 2425
f 2424 3867 2425
f 66 2836 4263
f 3147 66 4263
f 3732 3966 4148
f 3966 2668 4148
f 4381 4217 4263
f 2838 4381 4263
f 530 1551 1946
f 1945 530 1946
f 4321 65 2197
f 65 64 2197
f 32 1506 33
f 33 1506 2691
f 4383 1719 302
f 530 3995 528
f 3295 3744 3293
f 3744 3295 4248
f 1789 2625 2624
f 2625 1789 3986
f 2887 3820 4098
f 3820 704 4098
f 4424 1563 3106
f 1563 1573 3106
f 3345 4400 4272
f 4400 3345 1794
f 2539 2755 1063
f 2755 3722 1063
f 2537 1739 626
f 626 1738 627
f 407 3615 292
f 3615 3614 292
f 1602 3527 1603
f 1602 4223 3527
f 3127 4318 1519
f 4318 1942 1519
f 2693 3787 3976
f 2471 61 1602
f 4223 2271 2770
f 61 2271 1602
f 2249 3054 3178
f 3054 2294 3178
f 1357 4043 4129
f 4043 1195 4129
f 3409 1169 3083
f 1169 1168 3083
f 348 3501 1480
f 3501 1365 1480
f 2739 3326 2740
f 3326 4295 2740
f 3118 3119 3915
f 2928 3119 3525
f 4007 3956 3740
f 28 3956 29
f 3415 4279 2423
f 4293 4279 1279
f 3415 3323 747
f 28 3323 2258
f 1608 1619 2056
f 1619 1608 1617
f 2167 1178 2166
f 1178 2167 3051
f 2217 4286 2218
f 4286 4126 2218
f 3918 4091 1448
f 4091 1171 1448
f 543 3385 2916
f 543 1987 542
f 4301 3450 445
f 3450 3385 445
f 3248 1783 3116
f 4033 4032 1784
f 2432 2689 2431
f 2689 2762 2431
f 3652 923 1980
f 923 922 1980
f 3548 2007 2031
f 2007 3548 3516
