v 0.17189663648605347 0.3057904839515686 0.5760094523429871
v 0.1640716791152954 0.2997417151927948 0.5777618885040283
v 0.16075077652931213 0.31213971972465515 0.5792567729949951
v 0.18679040670394897 0.3560600280761719 0.6011049151420593
v 0.19386529922485352 0.34882479906082153 0.6016550064086914
v 0.18658775091171265 0.3459247052669525 0.5943877100944519
v -0.20941221714019775 0.29638874530792236 0.5720726847648621
v -0.20409157872200012 0.2992170453071594 0.5767405033111572
v -0.21198660135269165 0.3030855655670166 0.566574215888977
v -0.10199683159589767 0.20630952715873718 0.5363353490829468
v -0.11012693494558334 0.1920180469751358 0.5357755422592163
v -0.11314591765403748 0.2111240029335022 0.5337863564491272
v 0.03552471101284027 0.25496089458465576 0.7951000928878784
v 0.02559536322951317 0.24138788878917694 0.7961496710777283
v 0.03732950985431671 0.23619964718818665 0.7963693737983704
v -0.11508364975452423 0.2216804325580597 0.5324592590332031
v -0.12556007504463196 0.22655066847801208 0.5275579690933228
v -0.1178644672036171 0.2409956157207489 0.5299562215805054
v -0.07506562769412994 0.15560764074325562 0.5286842584609985
v -0.07136967033147812 0.1660946011543274 0.5281214714050293
v -0.0651201605796814 0.1572033166885376 0.5275715589523315
v -0.0820784866809845 0.4008386433124542 0.5686038732528687
v -0.09331484138965607 0.3938206434249878 0.5638732314109802
v -0.09464959800243378 0.40705665946006775 0.5716589689254761
v -0.27823305130004883 0.18072070181369781 0.6590988636016846
v -0.2723258137702942 0.1795109659433365 0.6484850645065308
v -0.2715124785900116 0.18879954516887665 0.65935218334198
v -0.0685369148850441 0.10091441869735718 0.5294294953346252
v -0.07014239579439163 0.11328484117984772 0.5290910005569458
v -0.05950283259153366 0.1072370857000351 0.529610812664032
v 0.12076988071203232 0.1098584532737732 0.7249191999435425
v 0.11369475722312927 0.11177322268486023 0.7382901906967163
v 0.11786092817783356 0.09886791557073593 0.7300867438316345
v 0.21695128083229065 0.3379908502101898 0.6209686398506165
v 0.2099129557609558 0.3481752276420593 0.6217729449272156
v 0.2215918004512787 0.34064748883247375 0.630678117275238
v 0.07442674040794373 -0.04554693400859833 0.7585528492927551
v 0.06221615523099899 -0.04762750491499901 0.764980673789978
v 0.07312377542257309 -0.056761085987091064 0.7577309608459473
v 0.12651142477989197 0.23288165032863617 0.692202091217041
v 0.12464956194162369 0.22544431686401367 0.7098897099494934
v 0.12618087232112885 0.21704623103141785 0.6917353868484497
v 0.057395391166210175 0.4254342019557953 0.5793017745018005
v 0.05324240028858185 0.43424686789512634 0.5864706635475159
v 0.061158113181591034 0.43254736065864563 0.5865742564201355
v 0.000940137542784214 0.38944196701049805 0.7281315922737122
v -0.008684728294610977 0.3973545432090759 0.72591632604599
v -0.0092303566634655 0.3808925747871399 0.7328448295593262
v -0.10881650447845459 0.12591558694839478 0.5399446487426758
v -0.11856147646903992 0.12453918159008026 0.5385626554489136
v -0.11974754184484482 0.1385737657546997 0.5377932190895081
v -0.2602859139442444 0.32192906737327576 0.5931599736213684
v -0.2690311670303345 0.3282592296600342 0.6031324863433838
v -0.2581107020378113 0.3365647494792938 0.5985803008079529
v -0.028902146965265274 0.34440237283706665 0.5472634434700012
v -0.027424659579992294 0.32981163263320923 0.5426187515258789
v -0.040224045515060425 0.33730781078338623 0.5450975894927979
v -0.23350438475608826 0.3718729019165039 0.6101062893867493
v -0.2343715876340866 0.37658846378326416 0.6174299120903015
v -0.2215590626001358 0.37797340750694275 0.6073026657104492
v -0.13863390684127808 0.18766137957572937 0.5322182178497314
v -0.14574427902698517 0.18408098816871643 0.5385978817939758
v -0.14619706571102142 0.19584670662879944 0.539800763130188
v -0.0746767669916153 0.3286205530166626 0.5393120050430298
v -0.07828303426504135 0.3192916512489319 0.535480797290802
v -0.08568038791418076 0.33218318223953247 0.5386854410171509
v 0.13503900170326233 0.12684501707553864 0.6529150009155273
v 0.13565510511398315 0.11619280278682709 0.651140570640564
v 0.13558578491210938 0.1181119903922081 0.6369580030441284
v 0.015317240729928017 0.46953529119491577 0.6277675032615662
v 0.021814435720443726 0.46420156955718994 0.6172594428062439
v 0.006225915625691414 0.4661071300506592 0.6162987351417542
v -0.23079010844230652 0.3895431160926819 0.6713787317276001
v -0.2284354418516159 0.38540685176849365 0.6808186173439026
v -0.2199200987815857 0.3943462073802948 0.6728196144104004
v 0.12371227145195007 0.31561633944511414 0.6211497783660889
v 0.13025984168052673 0.30299729108810425 0.6207103729248047
v 0.1286095529794693 0.31281471252441406 0.6029978394508362
v 0.08072428405284882 -0.09189525246620178 0.7633993625640869
v 0.08582334220409393 -0.08211682736873627 0.7588741183280945
v 0.07156231999397278 -0.08498559892177582 0.7622178792953491
v 0.07223329693078995 0.28484803438186646 0.5430119037628174
v 0.06689619272947311 0.2959092855453491 0.5415686368942261
v 0.07666529715061188 0.2952301502227783 0.5461255311965942
v -0.18100696802139282 0.11049411445856094 0.6924070119857788
v -0.18029849231243134 0.11179652810096741 0.7090712785720825
v -0.1798682063817978 0.11782976984977722 0.701453685760498
v -0.2164068967103958 0.3757348954677582 0.6988149881362915
v -0.20747952163219452 0.3782511353492737 0.7012427449226379
v -0.2178235650062561 0.3827515244483948 0.693173885345459
v 0.07804640382528305 0.21943169832229614 0.7842652201652527
v 0.06987438350915909 0.23196420073509216 0.790992796421051
v 0.07051416486501694 0.2161068171262741 0.7909049391746521
v -0.15086933970451355 0.4192619025707245 0.6721915006637573
v -0.1468731313943863 0.4320802390575409 0.6621204614639282
v -0.1536511927843094 0.42655593156814575 0.6625943779945374
v -0.1943298578262329 -0.04295520484447479 0.6674726605415344
v -0.18906593322753906 -0.0353071503341198 0.6783866286277771
v -0.19432638585567474 -0.03438244014978409 0.6637974381446838
v 0.13640345633029938 0.10149399936199188 0.6353126168251038
v 0.13513141870498657 0.0978822261095047 0.6209090352058411
v 0.13526968657970428 0.11424130201339722 0.6260760426521301
v -0.19828282296657562 -0.050394847989082336 0.6556754112243652
v 0.14274580776691437 0.42431187629699707 0.6409043669700623
v 0.13726654648780823 0.42922019958496094 0.6468682289123535
v 0.14527444541454315 0.4267314076423645 0.6546696424484253
v -0.23470842838287354 0.36473339796066284 0.6960799098014832
v -0.22827346622943878 0.3499191105365753 0.7031170725822449
v -0.22042950987815857 0.3660165071487427 0.701944887638092
v -0.20182670652866364 0.20444363355636597 0.6401940584182739
v -0.19910219311714172 0.21742355823516846 0.6383109092712402
v -0.20391368865966797 0.20564329624176025 0.6301005482673645
v -0.030271383002400398 0.43219590187072754 0.5848751068115234
v -0.045172981917858124 0.433475136756897 0.5864970684051514
v -0.033134374767541885 0.44322946667671204 0.5922852158546448
v 0.04885733127593994 0.44163498282432556 0.593955934047699
v 0.05978461354970932 0.44536691904067993 0.6019385457038879
v 0.0645667314529419 0.4388172924518585 0.5943693518638611
v 0.06117819994688034 0.3774912655353546 0.7264413833618164
v 0.07296796888113022 0.3710729479789734 0.7281228303909302
v 0.06997736543416977 0.38843780755996704 0.7203755974769592
v -0.18721547722816467 0.38888615369796753 0.6915444731712341
v -0.19628417491912842 0.39815428853034973 0.6819027662277222
v -0.20190006494522095 0.3889765739440918 0.6915371417999268
v 0.10596340149641037 0.12013575434684753 0.7506620287895203
v 0.10558722913265228 0.1372694969177246 0.7543714642524719
v 0.09895514696836472 0.12101112306118011 0.7586228847503662
v 0.1336059272289276 0.0725923702120781 0.5947003960609436
v 0.1299162209033966 0.0799752026796341 0.5908759236335754
v 0.13263680040836334 0.08491922914981842 0.6012765169143677
v 0.1295478492975235 0.3232836425304413 0.6868982911109924
v 0.11843039095401764 0.3222734034061432 0.6978857517242432
v 0.1197938323020935 0.31227946281433105 0.6917745471000671
v 0.18542465567588806 0.22594651579856873 0.6340869069099426
v 0.19165948033332825 0.2271844744682312 0.6434264183044434
v 0.18433654308319092 0.23414386808872223 0.6388765573501587
v -0.006015624850988388 -0.08446680009365082 0.7730410695075989
v -0.02254078909754753 -0.07639329135417938 0.7739534974098206
v -0.021061837673187256 -0.09423568844795227 0.7701729536056519
v -0.13798615336418152 0.420441210269928 0.6782729029655457
v -0.1415538191795349 0.4252384603023529 0.6716617345809937
v -0.14887531101703644 0.4169110953807831 0.6752453446388245
v 0.10809533298015594 0.38699817657470703 0.7208710312843323
v 0.11094452440738678 0.39296871423721313 0.7211769819259644
v 0.0976494550704956 0.3890349566936493 0.7204217910766602
v 0.2567397952079773 0.2840830981731415 0.619842529296875
v 0.2553209364414215 0.2831425666809082 0.6051493287086487
v 0.253936767578125 0.28715482354164124 0.6139071583747864
v -0.21309593319892883 0.3666149377822876 0.5894200801849365
v -0.20538431406021118 0.3700563907623291 0.5862472057342529
v -0.20740745961666107 0.3607986867427826 0.5818790197372437
v -0.06514276564121246 0.34989723563194275 0.547887921333313
v -0.0640774592757225 0.3395193815231323 0.5444154739379883
v -0.07549696415662766 0.33622798323631287 0.5417681932449341
v -0.23041707277297974 0.2602922022342682 0.5809553265571594
v -0.22409680485725403 0.25158894062042236 0.5842338800430298
v -0.23227210342884064 0.24804812669754028 0.5895143747329712
v -0.19827872514724731 0.28766870498657227 0.7013571262359619
v -0.1969919204711914 0.2777835726737976 0.7029038667678833
v -0.18702492117881775 0.29228541254997253 0.7074686288833618
v -0.0669654905796051 0.2766672670841217 0.5306906700134277
v -0.05563902482390404 0.27093833684921265 0.5296945571899414
v -0.06568975746631622 0.25902336835861206 0.5300255417823792
v 0.01101458165794611 0.07343138009309769 0.5273137092590332
v 0.019235651940107346 0.0809207409620285 0.5307530164718628
v 0.020395517349243164 0.07051650434732437 0.5303686857223511
v 0.006965219974517822 0.34048259258270264 0.541843056678772
v -0.004489436745643616 0.34380799531936646 0.5449944138526917
v 0.006526298820972443 0.3570016026496887 0.5465342998504639
v -0.19961218535900116 -0.07492898404598236 0.6168972253799438
v -0.19705241918563843 -0.07728444039821625 0.6069288849830627
v -0.20095312595367432 -0.09029990434646606 0.616185188293457
v -0.09132567048072815 0.13279981911182404 0.5334513783454895
v -0.083638496696949 0.14423593878746033 0.5307337045669556
v -0.08194202184677124 0.12991218268871307 0.5297403335571289
v -0.181499183177948 0.1663890779018402 0.7175794243812561
v -0.1781844198703766 0.17160187661647797 0.7272167205810547
v -0.18058472871780396 0.18066386878490448 0.7261590361595154
v -0.19157782196998596 0.15722568333148956 0.6252614259719849
v -0.19581055641174316 0.16848307847976685 0.6238040328025818
v -0.18943941593170166 0.1592402160167694 0.6151361465454102
v -0.05893627181649208 0.11798076331615448 0.7874518036842346
v -0.06812851130962372 0.1116534173488617 0.7876542806625366
v -0.057575177401304245 0.10004603117704391 0.7872388362884521
v 0.09594687074422836 0.07203548401594162 0.7567391991615295
v 0.10186213999986649 0.06864576041698456 0.7505617141723633
v 0.09597773849964142 0.0845828577876091 0.7574298977851868
v -0.18590089678764343 0.13671180605888367 0.6758238077163696
v -0.18845704197883606 0.14492611587047577 0.6666121482849121
v -0.1861036866903305 0.13086360692977905 0.6598819494247437
v -0.1860201060771942 0.4193151891231537 0.6346386671066284
v -0.18646861612796783 0.41482189297676086 0.6211470365524292
v -0.19585411250591278 0.41170433163642883 0.6361604928970337
v -0.20859672129154205 0.2607031762599945 0.653413712978363
v -0.19697362184524536 0.2455664873123169 0.6566758155822754
v -0.19566869735717773 0.255082368850708 0.6685612201690674
v 0.12154965102672577 0.3014426529407501 0.6811010241508484
v 0.13495585322380066 0.3074871599674225 0.6951850652694702
v 0.13898898661136627 0.29457634687423706 0.6803739070892334
v -0.19060036540031433 0.40648162364959717 0.6699283719062805
v -0.20328152179718018 0.4031737446784973 0.6671105623245239
v 0.19271939992904663 0.33048954606056213 0.6903536319732666
v 0.18122565746307373 0.3209547698497772 0.6913179755210876
v 0.19494909048080444 0.31688830256462097 0.6887635588645935
v -0.1057921051979065 -0.088878333568573 0.756997287273407
v -0.0886291116476059 -0.07977817952632904 0.7600610256195068
v -0.10460740327835083 -0.07153572142124176 0.7540310621261597
v -0.2718561887741089 0.3023127317428589 0.5914271473884583
v -0.26089608669281006 0.30863791704177856 0.5879399180412292
v -0.26221221685409546 0.2902801036834717 0.5839094519615173
v -0.04115267097949982 0.3350846767425537 0.7498137354850769
v -0.046298786997795105 0.35268914699554443 0.7417101263999939
v -0.05459079518914223 0.34056201577186584 0.7458729147911072
v 0.15965387225151062 0.37315690517425537 0.7060133218765259
v 0.1644345223903656 0.36141225695610046 0.7023839950561523
v 0.16826781630516052 0.37593960762023926 0.7014548182487488
v 0.04874856397509575 0.06262999773025513 0.7853033542633057
v 0.039567358791828156 0.057647526264190674 0.7873530387878418
v 0.0489153191447258 0.05167117714881897 0.7842448353767395
v -0.2262772172689438 0.2261076271533966 0.6219499707221985
v -0.22604617476463318 0.23180294036865234 0.6133772730827332
v -0.21889525651931763 0.2376152127981186 0.626538097858429
v -0.3551085293292999 0.2405349165201187 0.6474007368087769
v -0.3548280596733093 0.23068691790103912 0.6391602754592896
v -0.36605745553970337 0.2290716916322708 0.6477351188659668
v -0.30766600370407104 0.23318272829055786 0.6804643273353577
v -0.2980567216873169 0.24289393424987793 0.6868205070495605
v -0.309814989566803 0.24659563601016998 0.6724160313606262
v 0.15409380197525024 0.26402968168258667 0.6035350561141968
v 0.1629101037979126 0.25447550415992737 0.6005908250808716
v 0.15613821148872375 0.25962233543395996 0.6119753122329712
v -0.0527474582195282 0.37032079696655273 0.7342005968093872
v -0.047054827213287354 0.37098178267478943 0.7346308827400208
v -0.05449146404862404 0.37986353039741516 0.7306305170059204
v -0.3217291235923767 0.2370692938566208 0.6710187792778015
v -0.31943321228027344 0.2211436778306961 0.676211953163147
v -0.19704872369766235 0.40827178955078125 0.6608676314353943
v -0.20222137868404388 0.40739986300468445 0.6516799926757812
v 0.18287304043769836 0.2510453164577484 0.6577579379081726
v 0.17573422193527222 0.2581837475299835 0.6590538024902344
v 0.174445241689682 0.25206348299980164 0.6512361168861389
v 0.14062471687793732 0.07786644995212555 0.6723170876502991
v 0.14239396154880524 0.07816603779792786 0.6571459174156189
v 0.1388894021511078 0.09184136986732483 0.6698496341705322
v 0.16031886637210846 0.024266306310892105 0.631045401096344
v 0.15795253217220306 0.0294627845287323 0.6178234815597534
v 0.15439288318157196 0.039235711097717285 0.632983922958374
v -0.174317866563797 0.424325555562973 0.6242973804473877
v -0.16774219274520874 0.4252963364124298 0.6162074208259583
v -0.1742255985736847 0.41748350858688354 0.6082975268363953
v 0.06928262114524841 -0.014986932277679443 0.7661077976226807
v 0.06619948893785477 -0.025845909491181374 0.7652943730354309
v 0.07955789566040039 -0.023878462612628937 0.7589545249938965
v -0.2798153758049011 0.3406440019607544 0.646683931350708
v -0.2749904990196228 0.3471525311470032 0.6393736004829407
v -0.2778269052505493 0.3375232219696045 0.6272194981575012
v 0.03362371027469635 0.17592135071754456 0.5342909097671509
v 0.04366452619433403 0.1766842007637024 0.5355811715126038
v 0.03980044275522232 0.1633489429950714 0.5349740386009216
v -0.14229825139045715 0.4382883310317993 0.6578915119171143
v -0.13746754825115204 0.4485871195793152 0.6422588229179382
v -0.15099173784255981 0.4367526173591614 0.6512531638145447
v 0.07338263094425201 0.07888263463973999 0.7754180431365967
v 0.08111976087093353 0.06788837909698486 0.7692727446556091
v 0.08040601760149002 0.08499246090650558 0.7711078524589539
v 0.09581070393323898 0.06255263090133667 0.7565096616744995
v 0.10229897499084473 0.05765380337834358 0.7498830556869507
v -0.1604430377483368 0.11576370894908905 0.5853838920593262
v -0.16347640752792358 0.10553941130638123 0.5838284492492676
v -0.1612667739391327 0.11276412010192871 0.5955736637115479
v -0.0832403153181076 0.07789996266365051 0.7850320935249329
v -0.09289433807134628 0.08104602247476578 0.7831528782844543
v -0.09047559648752213 0.06934236735105515 0.7828868627548218
v -0.02408750355243683 0.45276325941085815 0.5989681482315063
v -0.03694465011358261 0.45553192496299744 0.6027156114578247
v -0.14486832916736603 0.44414204359054565 0.6360495090484619
v 0.06459164619445801 0.3332091271877289 0.7487623691558838
v 0.07056453078985214 0.3422529399394989 0.7424611449241638
v 0.05464249849319458 0.34424257278442383 0.7449009418487549
v -0.3297547996044159 0.21235166490077972 0.675563633441925
v -0.3160944879055023 0.20464926958084106 0.6795746088027954
v -0.07189115136861801 -0.04147219657897949 0.770806074142456
v -0.060475271195173264 -0.032636359333992004 0.77537602186203
v -0.07751576602458954 -0.03183350712060928 0.7722368836402893
v -0.29461005330085754 0.2206915318965912 0.5808377265930176
v -0.2908080518245697 0.2120250016450882 0.5813795924186707
v -0.3046421408653259 0.20758336782455444 0.581874430179596
v 0.057900816202163696 0.10469755530357361 0.5360487103462219
v 0.045351751148700714 0.09824185818433762 0.5333758592605591
v 0.04507696256041527 0.11562599241733551 0.5341230630874634
v 0.07171572744846344 0.3156711757183075 0.5455604791641235
v 0.06215764582157135 0.3260171413421631 0.542442262172699
v 0.07054655998945236 0.3319803476333618 0.5481899976730347
v 0.18235206604003906 0.2413063496351242 0.6468403935432434
v 0.17670345306396484 0.24136541783809662 0.6362537741661072
v 0.1265723556280136 0.3985503315925598 0.5923694968223572
v 0.12817339599132538 0.3888019025325775 0.5958293676376343
v 0.12523826956748962 0.386003315448761 0.5834154486656189
v -0.0449853390455246 0.26629090309143066 0.7800766825675964
v -0.0462154895067215 0.2776258885860443 0.7762789726257324
v -0.05691663175821304 0.267693430185318 0.7796216607093811
v 0.1069796085357666 -0.00564236007630825 0.7412399649620056
v 0.10396524518728256 -0.019338205456733704 0.7419793605804443
v 0.11747647821903229 -0.009902900084853172 0.7314068078994751
v 0.14117242395877838 0.2866095006465912 0.6657907366752625
v 0.1234913021326065 0.29031887650489807 0.6718391180038452
v -0.05867157131433487 0.18953295052051544 0.5272852182388306
v -0.07118766754865646 0.2036280333995819 0.5285836458206177
v -0.06090452894568443 0.20781666040420532 0.5276826620101929
v -0.3246496617794037 0.28230899572372437 0.65543532371521
v -0.3212541341781616 0.27999621629714966 0.6434581279754639
v -0.32899922132492065 0.27644985914230347 0.6559569835662842
v 0.050088975578546524 0.14972832798957825 0.7912145853042603
v 0.06077660620212555 0.14582790434360504 0.7895030975341797
v 0.05519521236419678 0.1600908786058426 0.7917585372924805
v -0.004217734094709158 0.04121213033795357 0.5243245363235474
v 0.004799480549991131 0.036841701716184616 0.5250091552734375
v -0.013115815818309784 0.0340581014752388 0.5235764384269714
v 0.14691171050071716 0.2686009109020233 0.6142892241477966
v 0.1454554796218872 0.2681553363800049 0.6241870522499084
v -0.19402603805065155 -0.01834223046898842 0.6056501865386963
v -0.19374309480190277 -0.03190043941140175 0.5996148586273193
v -0.19675804674625397 -0.03253084048628807 0.6116642951965332
v 0.11049255728721619 -0.08393998444080353 0.7566821575164795
v 0.1246449202299118 -0.08179473876953125 0.7490248680114746
v 0.10485426336526871 -0.07451736927032471 0.748862624168396
v 0.005386104807257652 0.017822977155447006 0.5203511118888855
v 0.013567217625677586 0.02422148361802101 0.5216940641403198
v 0.01545077096670866 0.00908811017870903 0.5199481248855591
v 0.10891889035701752 0.4453983008861542 0.666528582572937
v 0.11641994118690491 0.44217732548713684 0.6724846363067627
v 0.11540000140666962 0.44260504841804504 0.6604377627372742
v 0.09447077661752701 0.09378249943256378 0.7597295641899109
v 0.08771975338459015 0.09039303660392761 0.7656604647636414
v -0.2561708092689514 0.19814179837703705 0.60783451795578
v -0.2481834888458252 0.20358537137508392 0.6174465417861938
v -0.2575250267982483 0.19394133985042572 0.6165840029716492
v 0.009924664162099361 0.08477021008729935 0.5299782156944275
v 0.0006945822387933731 0.08011896908283234 0.5297121405601501
v -0.0002849213778972626 0.09217207133769989 0.5325210094451904
v -0.15773658454418182 0.1311894655227661 0.5738299489021301
v -0.16083300113677979 0.12023234367370605 0.5734312534332275
v -0.1585618257522583 0.12756900489330292 0.5847751498222351
v -0.0006090030074119568 0.4182506501674652 0.5739712715148926
v -0.00857234001159668 0.4260852336883545 0.5791064500808716
v 0.007451701909303665 0.4260985255241394 0.5780025720596313
v -0.14745905995368958 0.3281748592853546 0.5429085493087769
v -0.14271101355552673 0.3379603922367096 0.5426186323165894
v -0.1400230973958969 0.3229109048843384 0.5389060974121094
v 0.02369501069188118 0.01589946076273918 0.5216890573501587
v 0.030637923628091812 0.011861499398946762 0.521312952041626
v -0.12991702556610107 0.39885130524635315 0.5679263472557068
v -0.1178344339132309 0.39314398169517517 0.5628464221954346
v -0.12819896638393402 0.38524213433265686 0.5592573881149292
v -0.3429735600948334 0.2335641086101532 0.6312066912651062
v -0.35080695152282715 0.2228945940732956 0.6354700922966003
v -0.06935461610555649 0.41309523582458496 0.5753259658813477
v -0.07694078236818314 0.4193596839904785 0.5787320733070374
v -0.06680944561958313 0.4303787350654602 0.5853344202041626
v 0.16163498163223267 0.3274211287498474 0.5810508131980896
v 0.1745682656764984 0.33773723244667053 0.5853891968727112
v 0.17070510983467102 0.31989672780036926 0.578238844871521
v 0.21047759056091309 0.36069175601005554 0.6454862356185913
v 0.21702054142951965 0.3521905243396759 0.6372547149658203
v 0.20703276991844177 0.3597412109375 0.6331766247749329
v -0.11585862189531326 0.058143578469753265 0.5378102660179138
v -0.10637614876031876 0.06362336874008179 0.5348923206329346
v -0.11506087332963943 0.04942293465137482 0.5364363193511963
v -0.128560870885849 0.37326258420944214 0.7136876583099365
v -0.11839237809181213 0.3812882900238037 0.7142782807350159
v -0.13302496075630188 0.38155484199523926 0.707680344581604
v 0.08021081984043121 0.3805377781391144 0.7233768105506897
v 0.08368106186389923 0.36574599146842957 0.7290364503860474
v -0.2572246193885803 0.20902912318706512 0.6668303608894348
v -0.2501526474952698 0.22126920521259308 0.6734887361526489
v -0.2666638493537903 0.21374958753585815 0.6746501922607422
v 0.10546933114528656 0.4070504307746887 0.5905902981758118
v 0.10362708568572998 0.4243018627166748 0.6035651564598083
v 0.11283473670482635 0.41250914335250854 0.599273145198822
v -0.259636789560318 0.22677068412303925 0.6806259751319885
v -0.23161594569683075 0.34056356549263 0.5856276154518127
v -0.23570047318935394 0.34840643405914307 0.5923642516136169
v -0.22676730155944824 0.3510633409023285 0.5886877775192261
v 0.12652519345283508 0.2012500762939453 0.6911447644233704
v 0.12759330868721008 0.18567964434623718 0.6895906925201416
v 0.12962128221988678 0.1932331919670105 0.6733006834983826
v 0.13364848494529724 0.2960737645626068 0.689618706703186
v 0.13522526621818542 0.2839539647102356 0.6772985458374023
v 0.18234118819236755 0.27009743452072144 0.57421875
v 0.18610775470733643 0.2789297103881836 0.5737445950508118
v 0.1910507082939148 0.2646512985229492 0.5731617212295532
v 0.11953996866941452 0.16048456728458405 0.5931735038757324
v 0.11607716977596283 0.1497265249490738 0.5845057964324951
v 0.11257819086313248 0.16372662782669067 0.5787055492401123
v 0.1028888002038002 0.10771851241588593 0.5597265958786011
v 0.11245190352201462 0.1062726080417633 0.5711711049079895
v 0.10486317425966263 0.09718158096075058 0.5594865679740906
v 0.04550445079803467 0.4546605348587036 0.667777419090271
v 0.05491137504577637 0.459960401058197 0.6591569185256958
v 0.050833191722631454 0.46300575137138367 0.6504667401313782
v -0.204544335603714 0.24687284231185913 0.6067917943000793
v -0.2094670832157135 0.25651589035987854 0.6038379669189453
v -0.19810855388641357 0.25713062286376953 0.6158713102340698
v -0.15136589109897614 -0.07946784794330597 0.5262780785560608
v -0.14432331919670105 -0.07054270803928375 0.5241497159004211
v -0.13709881901741028 -0.0780971348285675 0.5175829529762268
v 0.06199001148343086 0.3074435591697693 0.5407459735870361
v 0.07154427468776703 0.30628934502601624 0.5444056987762451
v -0.08426328748464584 0.20282064378261566 0.7921168804168701
v -0.07122600078582764 0.19223424792289734 0.7909066081047058
v -0.06702575087547302 0.1997336894273758 0.7900151014328003
v -0.34156307578086853 0.2535725235939026 0.6571880578994751
v -0.34730857610702515 0.24427935481071472 0.6566724181175232
v -0.3404512405395508 0.25739559531211853 0.6696264743804932
v -0.0026607676409184933 0.3042447566986084 0.5345983505249023
v 0.008628014475107193 0.31490015983581543 0.5354070067405701
v 0.009652168489992619 0.2963640093803406 0.5348621010780334
v -0.1748543679714203 0.33258670568466187 0.555141270160675
v -0.1827201247215271 0.33734482526779175 0.5622942447662354
v -0.1691778600215912 0.34735047817230225 0.5560245513916016
v 0.09183654934167862 0.28298330307006836 0.556394100189209
v 0.08869389444589615 0.2941524088382721 0.5550193786621094
v 0.09695779532194138 0.2927812337875366 0.5673572421073914
v -0.20690488815307617 0.237984299659729 0.6078041195869446
v -0.20914310216903687 0.23499540984630585 0.5980183482170105
v -0.20830054581165314 0.22779010236263275 0.5978848338127136
v -0.033411867916584015 -0.05126657336950302 0.7767995595932007
v -0.02380267158150673 -0.0675782710313797 0.7756606340408325
v -0.017183389514684677 -0.05008159205317497 0.7799744009971619
v -0.21911519765853882 0.24346864223480225 0.6179488897323608
v -0.20368848741054535 0.2399221956729889 0.6197841167449951
v -0.11189433932304382 -0.059637222439050674 0.5129407048225403
v -0.0995384156703949 -0.0499262697994709 0.510768711566925
v -0.09718684107065201 -0.06712353229522705 0.5079967379570007
v -0.028674781322479248 0.463924765586853 0.6107131242752075
v -0.012325073592364788 0.458171546459198 0.6039974093437195
v 0.024251727387309074 0.4696614742279053 0.6400067806243896
v 0.010365823283791542 0.47236567735671997 0.6433284878730774
v 0.024141624569892883 0.4662776291370392 0.6551626920700073
v 0.14461399614810944 0.04932141304016113 0.6877256631851196
v 0.14060555398464203 0.05202576518058777 0.6967450976371765
v 0.1432664841413498 0.040542323142290115 0.6937577128410339
v 0.002323696156963706 0.34494826197624207 0.7487244606018066
v 0.013914333656430244 0.3413103520870209 0.7509546279907227
v 0.012502877041697502 0.35383257269859314 0.7440981864929199
v -0.21016350388526917 0.2513824999332428 0.5896133184432983
v -0.20781242847442627 0.26453718543052673 0.5870832800865173
v -0.2084471881389618 0.2509722113609314 0.579790472984314
v 0.05417478829622269 0.40491804480552673 0.7123441100120544
v 0.04027707874774933 0.40493860840797424 0.713383674621582
v 0.051517922431230545 0.39464306831359863 0.7182709574699402
v 0.15391358733177185 -0.04773126542568207 0.568528950214386
v 0.1529848575592041 -0.03584270179271698 0.5691815614700317
v 0.16662102937698364 -0.042286477982997894 0.5832473039627075
v -0.20221270620822906 0.1924426108598709 0.6313562989234924
v -0.20288749039173126 0.1937858611345291 0.6207222938537598
v -0.1996474713087082 0.18075916171073914 0.6222658753395081
v -0.16240757703781128 0.2743389904499054 0.5516518354415894
v -0.1683928668498993 0.2661460340023041 0.5582811832427979
v -0.17095500230789185 0.27758169174194336 0.5580278635025024
v 0.1826285421848297 0.2272050678730011 0.6266252398490906
v 0.17869508266448975 0.23594708740711212 0.6251319646835327
v 0.1458786129951477 0.3618992567062378 0.5827071070671082
v 0.1533460021018982 0.3542366325855255 0.588151216506958
v 0.14557918906211853 0.34361541271209717 0.5774726867675781
v 0.0007092789746820927 0.2687227725982666 0.5339003801345825
v -0.01017074380069971 0.2587323784828186 0.5345399975776672
v -0.011587927117943764 0.2764608561992645 0.5332916378974915
v -0.18350452184677124 0.19584210216999054 0.7253574132919312
v -0.17669585347175598 0.1921793818473816 0.7353843450546265
v -0.180306077003479 0.20713815093040466 0.7345961928367615
v 0.22868666052818298 0.327836275100708 0.6249627470970154
v 0.23180070519447327 0.3300250172615051 0.6287006139755249
v -0.19833214581012726 0.21052029728889465 0.6593754291534424
v -0.19818896055221558 0.2159610390663147 0.6489285230636597
v -0.19970500469207764 0.2029675543308258 0.6507470607757568
v -0.21959133446216583 0.2593463659286499 0.5927037596702576
v -0.22025030851364136 0.25412634015083313 0.5997760891914368
v -0.25443005561828613 0.20931082963943481 0.5958846211433411
v -0.26571983098983765 0.20254996418952942 0.5916914343833923
v -0.2546195983886719 0.2137376070022583 0.5922065377235413
v 0.000569639727473259 -0.041687510907649994 0.5086435079574585
v 0.0003937501460313797 -0.031151171773672104 0.5102866291999817
v 0.018449988216161728 -0.030999889597296715 0.5107467174530029
v -0.11519969254732132 0.04043855890631676 0.5356748700141907
v -0.12596116960048676 0.04758411645889282 0.5407613515853882
v -0.22957073152065277 0.31641459465026855 0.5789070129394531
v -0.22335664927959442 0.3180065155029297 0.5706577301025391
v -0.2211170643568039 0.30079638957977295 0.5712582468986511
v 0.01670227199792862 0.11545242369174957 0.5326511263847351
v 0.008129631169140339 0.11014419794082642 0.5332295298576355
v 0.007573235780000687 0.12350001186132431 0.5335186719894409
v 0.11142650991678238 0.0704730749130249 0.7395895719528198
v -0.11694110929965973 0.41795551776885986 0.6965405344963074
v -0.10785307735204697 0.41937461495399475 0.7009344696998596
v -0.11925198137760162 0.4295107424259186 0.6891627311706543
v 0.1871282160282135 0.36595186591148376 0.6082848310470581
v 0.1774163842201233 0.3671298027038574 0.6028309464454651
v 0.20877254009246826 0.3328895568847656 0.601107656955719
v 0.21728050708770752 0.32064080238342285 0.5982950925827026
v 0.20205166935920715 0.32802411913871765 0.5932090282440186
v 0.1154153123497963 -0.027953438460826874 0.7355524301528931
v 0.11252007633447647 -0.03908229246735573 0.7359158992767334
v 0.12710942327976227 -0.03295684605836868 0.7276382446289062
v -0.06182819977402687 0.38840270042419434 0.7269052863121033
v -0.07113716006278992 0.3762305974960327 0.7301203608512878
v -0.12645457684993744 0.423054963350296 0.5863847732543945
v -0.12491494417190552 0.4322439432144165 0.5933139324188232
v -0.1106533333659172 0.4255828857421875 0.5842968821525574
v -0.199751079082489 0.21792840957641602 0.5892870426177979
v -0.205985426902771 0.2317865788936615 0.5882467031478882
v -0.19093620777130127 0.2276323437690735 0.5819029211997986
v 0.016870208084583282 0.4436163008213043 0.5904901623725891
v 0.01192806102335453 0.4505677819252014 0.5976381897926331
v 0.024376235902309418 0.45283108949661255 0.6010010838508606
v -0.1524382382631302 0.23808065056800842 0.5526556372642517
v -0.1457994282245636 0.24079670011997223 0.5458880066871643
v -0.1484387367963791 0.2282678782939911 0.5528870820999146
v -0.13759437203407288 0.38944384455680847 0.7014123797416687
v -0.1373935490846634 0.37529560923576355 0.7095215916633606
v -0.010130142793059349 -0.011152636259794235 0.5139107704162598
v -0.0018057990819215775 -0.0044134557247161865 0.5154916048049927
v 6.368942558765411e-05 -0.020791754126548767 0.5119471549987793
v -0.12025322020053864 0.29716089367866516 0.7565867900848389
v -0.10854488611221313 0.30085960030555725 0.7577780485153198
v -0.12223327159881592 0.3122378885746002 0.7474186420440674
v -0.22602863609790802 0.3800600469112396 0.6899452209472656
v -0.20579227805137634 0.21819773316383362 0.6189857721328735
v -0.2078336924314499 0.2251196652650833 0.6080011129379272
v -0.2058645486831665 0.2100210040807724 0.6090047955513
v -0.1482526659965515 0.19185589253902435 0.5491230487823486
v -0.14929890632629395 0.18037620186805725 0.547447681427002
v -0.148305743932724 0.18930062651634216 0.5591999292373657
v -0.2926899790763855 0.16881947219371796 0.6628549695014954
v -0.2860087752342224 0.16635280847549438 0.6546809077262878
v -0.02680186927318573 0.3078635632991791 0.7643077373504639
v -0.025655275210738182 0.2979438304901123 0.7693953514099121
v -0.016511229798197746 0.3140050172805786 0.7626234889030457
v 0.019353188574314117 0.12664559483528137 0.7932024002075195
v 0.009674213826656342 0.12178610265254974 0.7929850816726685
v 0.010427240282297134 0.11225925385951996 0.7925870418548584
v -0.007768675684928894 0.3361600637435913 0.7525763511657715
v -0.011432090774178505 0.3466920554637909 0.7471524477005005
v 0.2267521321773529 0.3065861463546753 0.6653145551681519
v 0.23371317982673645 0.3067413866519928 0.6529119610786438
v 0.22187471389770508 0.318656325340271 0.662910521030426
v 0.13265840709209442 0.1402122974395752 0.6935551762580872
v 0.13333284854888916 0.13615170121192932 0.6817417144775391
v 0.13228921592235565 0.14694508910179138 0.6874727606773376
v -0.3299984931945801 0.26796236634254456 0.6447266340255737
v -0.3326696455478668 0.26014772057533264 0.6352272629737854
v -0.3399769365787506 0.2563032805919647 0.6458556056022644
v 0.13412323594093323 0.23837338387966156 0.6349033713340759
v 0.13390114903450012 0.2257365733385086 0.6357418298721313
v 0.13304035365581512 0.22837752103805542 0.6176410913467407
v -0.08240015804767609 -0.07405608892440796 0.5021178126335144
v -0.06561537086963654 -0.06459358334541321 0.504599928855896
v -0.06533501297235489 -0.07326442003250122 0.502446711063385
v 0.13260486721992493 0.13997627794742584 0.6390590667724609
v 0.13348999619483948 0.1297905147075653 0.6318211555480957
v 0.1302116960287094 0.14248357713222504 0.6253529191017151
v 0.1356196105480194 0.2770887613296509 0.6679969429969788
v 0.13073156774044037 0.26960909366607666 0.6784317493438721
v -0.09053249657154083 0.45337626338005066 0.609481155872345
v -0.0881027951836586 0.4471721053123474 0.6013404130935669
v -0.10497859865427017 0.45241063833236694 0.6123621463775635
v 0.08198864012956619 0.1002415120601654 0.5436164736747742
v 0.06936546415090561 0.11182674020528793 0.5386949181556702
v 0.08444295078516006 0.10975999385118484 0.5451720952987671
v -0.31574803590774536 0.19548040628433228 0.583355724811554
v -0.32825767993927 0.198647141456604 0.5857701897621155
v -0.31610018014907837 0.2111859768629074 0.584797739982605
v -0.037948571145534515 0.3087998628616333 0.7626202702522278
v -0.03647227585315704 0.295947790145874 0.7693890333175659
v 0.1352655291557312 0.12767723202705383 0.6459318995475769
v -0.15525229275226593 0.1053272932767868 0.5522186160087585
v -0.14303386211395264 0.11482633650302887 0.5428861975669861
v -0.14140164852142334 0.09896549582481384 0.544663667678833
v -0.07401932030916214 -0.0043211430311203 0.5190390944480896
v -0.08294635266065598 0.0006610527634620667 0.5213155150413513
v -0.07414106279611588 0.010491963475942612 0.5228168964385986
v 0.02164204604923725 -0.06548774242401123 0.5045610666275024
v 0.004018321633338928 -0.06806720793247223 0.504874587059021
v 0.0028616487979888916 -0.05935778096318245 0.5060621500015259
v 0.13763204216957092 0.08966429531574249 0.6287595629692078
v 0.13740138709545135 0.0959414690732956 0.6359397172927856
v 0.04453115165233612 0.22216081619262695 0.534440279006958
v 0.055572427809238434 0.2202095091342926 0.5351930856704712
v 0.04418971389532089 0.21041104197502136 0.5346654057502747
v -0.15348605811595917 0.1426914930343628 0.5525380969047546
v -0.1526096612215042 0.15385979413986206 0.553912878036499
v -0.14847519993782043 0.1503344476222992 0.5435303449630737
v -0.163309246301651 0.022585857659578323 0.5627225637435913
v -0.15693451464176178 0.03115786612033844 0.5592809915542603
v -0.15855614840984344 0.018884263932704926 0.557584285736084
v -0.30437010526657104 0.2564050555229187 0.5932213068008423
v -0.2979618310928345 0.2641022205352783 0.5917611122131348
v -0.28855109214782715 0.25387951731681824 0.5837421417236328
v -0.14582830667495728 0.20823819935321808 0.5413617491722107
v -0.14044831693172455 0.19974035024642944 0.5322583317756653
v -0.05262375250458717 0.0645170509815216 0.5257962346076965
v -0.06078821048140526 0.05842490866780281 0.523451566696167
v -0.06254148483276367 0.0675499439239502 0.5250275731086731
v 0.0874708965420723 0.39120006561279297 0.7193099856376648
v 0.07885522395372391 0.389397531747818 0.719640851020813
v 0.1333097368478775 0.19777005910873413 0.6548175811767578
v 0.13339351117610931 0.18844707310199738 0.6421772837638855
v 0.1336805671453476 0.20281168818473816 0.6461980938911438
v -0.2659868001937866 0.18793341517448425 0.6487106084823608
v -0.2650618553161621 0.19712643325328827 0.6597674489021301
v 0.09910480678081512 -0.04130065441131592 0.7440260052680969
v 0.09276680648326874 -0.04824638366699219 0.7477888464927673
v 0.11078082770109177 -0.050043683499097824 0.7394025921821594
v 0.04603838920593262 -0.08128929138183594 0.7673536539077759
v 0.044509921222925186 -0.06539707630872726 0.7692850828170776
v 0.02776886150240898 -0.07207906246185303 0.772789716720581
v 0.020411795005202293 0.42400088906288147 0.7040475606918335
v 0.007800577208399773 0.42739972472190857 0.7037838101387024
v 0.012297045439481735 0.4164586365222931 0.711624264717102
v 0.004301721230149269 0.024840470403432846 0.7891602516174316
v -0.003965143114328384 0.013390015810728073 0.7878310680389404
v 0.005389823578298092 0.007527768611907959 0.7871502637863159
v 0.09478981792926788 0.30668824911117554 0.750539243221283
v 0.09967491775751114 0.2963252067565918 0.751892626285553
v 0.10610999166965485 0.30684274435043335 0.7448431253433228
v -0.057393938302993774 0.015276342630386353 0.7830681800842285
v -0.04960615932941437 0.009026587009429932 0.7831027507781982
v -0.047621168196201324 0.028391052037477493 0.784826397895813
v 0.04881379008293152 0.19862580299377441 0.7937731742858887
v 0.037725865840911865 0.20220394432544708 0.795257568359375
v 0.04338075593113899 0.18808981776237488 0.7932971715927124
v -0.28251010179519653 0.2052367627620697 0.6771082878112793
v -0.2824900150299072 0.22351306676864624 0.6823988556861877
v -0.2921006679534912 0.21113824844360352 0.6827226877212524
v 0.13738933205604553 -0.04469859600067139 0.719743013381958
v 0.13802693784236908 -0.026623612269759178 0.7150728106498718
v -0.15289348363876343 0.15678517520427704 0.5656071305274963
v -0.1515154391527176 0.1674574613571167 0.5671658515930176
v 0.10664132237434387 0.44586804509162903 0.6532427072525024
v 0.10126832127571106 0.4484904706478119 0.6588987708091736
v -0.1781792789697647 0.0607718750834465 0.6398424506187439
v -0.18123877048492432 0.0526515394449234 0.643726646900177
v -0.18135587871074677 0.05629865825176239 0.6582611203193665
v -0.24209369719028473 0.302090585231781 0.6967536807060242
v -0.23508493602275848 0.28856921195983887 0.6976978778839111
v -0.22888261079788208 0.2955781817436218 0.704946756362915
v 0.14972707629203796 0.0531068854033947 0.6346622109413147
v 0.14744825661182404 0.056874435395002365 0.6209946274757385
v 0.14552980661392212 0.06688079237937927 0.6353018283843994
v -0.13922831416130066 -0.011079784482717514 0.5344296097755432
v -0.1275622695684433 -0.0069173406809568405 0.5305913686752319
v -0.12675637006759644 -0.018346324563026428 0.5271634459495544
v -0.1354489028453827 0.3622704744338989 0.5489568710327148
v -0.12311713397502899 0.35685306787490845 0.5441146492958069
v -0.13828253746032715 0.3462367355823517 0.5435171723365784
v -0.16828763484954834 0.02883157506585121 0.6938735246658325
v -0.17428763210773468 0.035805199295282364 0.6916128993034363
v -0.1768530309200287 0.029507704079151154 0.6807462573051453
v 0.009958731010556221 -0.06481128931045532 0.7771654725074768
v -0.0003443220630288124 -0.048471368849277496 0.7798334956169128
v -0.007524077780544758 -0.06639412045478821 0.7771360278129578
v 0.035462185740470886 0.11831822991371155 0.5329360961914062
v 0.03963132202625275 0.13375797867774963 0.5336186289787292
v -0.055429551750421524 0.250099241733551 0.7849984169006348
v -0.06716717034578323 0.25178292393684387 0.7860978841781616
v -0.06644687801599503 0.24275712668895721 0.7878178358078003
v 0.22230377793312073 0.3237607479095459 0.6106668710708618
v -0.2039053589105606 0.23762530088424683 0.6343969702720642
v -0.20249788463115692 0.2580324411392212 0.6389966011047363
v -0.20634332299232483 0.24067315459251404 0.6486887335777283
v -0.13410094380378723 0.4393549859523773 0.665709912776947
v -0.1306689977645874 0.4513911306858063 0.6523656845092773
v 0.012377827428281307 0.03644287958741188 0.7896419167518616
v 0.003282051533460617 0.04191313683986664 0.7903283834457397
v 0.16452550888061523 -0.0545906126499176 0.6949541568756104
v 0.17192436754703522 -0.06046460568904877 0.6803646683692932
v 0.16766691207885742 -0.04375099763274193 0.6815754771232605
v -0.17597265541553497 0.013612300157546997 0.6868123412132263
v -0.1828930526971817 0.014048371464014053 0.6729325652122498
v 0.18311232328414917 0.328843891620636 0.5850077271461487
v 0.02519391104578972 0.337526798248291 0.7528316378593445
v 0.023804303258657455 0.3500692844390869 0.7456925511360168
v 0.2027314305305481 0.26064449548721313 0.6721178293228149
v 0.20968475937843323 0.27185335755348206 0.6738929748535156
v 0.19574618339538574 0.2679365277290344 0.6744165420532227
v -0.17102590203285217 0.3014390170574188 0.7409929633140564
v -0.1800122708082199 0.2921856939792633 0.7424957752227783
v -0.16562077403068542 0.29198887944221497 0.7430866956710815
v 0.17483142018318176 0.2895433306694031 0.5752274990081787
v -0.17393574118614197 0.03488292172551155 0.5851036906242371
v -0.17929355800151825 0.02954326570034027 0.5914561748504639
v -0.17841549217700958 0.03994126617908478 0.5928221344947815
v -0.18243786692619324 0.034419987350702286 0.5997012853622437
v 0.2247721254825592 0.3161105513572693 0.6044190526008606
v 0.2252538502216339 0.30732572078704834 0.5962746143341064
v 0.016548585146665573 0.4023437201976776 0.7194195985794067
v 0.008855165913701057 0.3960131108760834 0.7239049673080444
v 0.019911151379346848 0.3877740800380707 0.7260338068008423
v -0.07625667005777359 0.247272789478302 0.5311554074287415
v -0.07769889384508133 0.26515233516693115 0.5311237573623657
v 0.009492957964539528 0.45881152153015137 0.6068708896636963
v 0.02055519074201584 0.4599148631095886 0.6097189784049988
v 0.15512162446975708 0.364472359418869 0.5922406315803528
v -0.03557383641600609 0.05566595122218132 0.7879774570465088
v -0.023468531668186188 0.0528416782617569 0.7889636754989624
v -0.0300501249730587 0.06444046646356583 0.7886723279953003
v -0.2407461553812027 0.3221891522407532 0.5840362906455994
v -0.23585937917232513 0.32977017760276794 0.5824111700057983
v -0.20027534663677216 0.2227504402399063 0.6567041873931885
v 0.15345659852027893 0.32413214445114136 0.6941667795181274
v 0.15543806552886963 0.3147028684616089 0.6908400654792786
v 0.16727808117866516 0.32194364070892334 0.6936256885528564
v -0.03526946157217026 -0.017372384667396545 0.7823305726051331
v -0.052287958562374115 -0.01690569892525673 0.7798522710800171
v -0.04343786835670471 -0.03323846310377121 0.7787107229232788
v -0.3527070879936218 0.21851633489131927 0.6124244928359985
v -0.35324957966804504 0.21849066019058228 0.6271215081214905
v -0.34693703055381775 0.2247173935174942 0.6151617765426636
v 0.052715957164764404 0.46003374457359314 0.623427152633667
v 0.04998524487018585 0.4648005962371826 0.638464093208313
v 0.06558986008167267 0.46009862422943115 0.633623480796814
v 0.1192241907119751 0.006209678947925568 0.7299776077270508
v 0.1286008656024933 -0.00572793185710907 0.7215232253074646
v 0.003759183920919895 0.3322332501411438 0.7555693984031677
v -0.05342775210738182 0.306447297334671 0.5341013669967651
v -0.048565663397312164 0.31527721881866455 0.5371221303939819
v -0.047081317752599716 0.30022358894348145 0.5325395464897156
v 0.16113555431365967 0.27572470903396606 0.6659731268882751
v 0.1523876190185547 0.28096041083335876 0.66396164894104
v 0.16063010692596436 0.27109986543655396 0.659869372844696
v -0.21268288791179657 0.34009265899658203 0.5770493745803833
v -0.21245349943637848 0.3276354670524597 0.573861837387085
v -0.22141872346401215 0.3368704319000244 0.5778247117996216
v -0.1920708417892456 0.37062808871269226 0.7078344821929932
v -0.18245384097099304 0.35768258571624756 0.7164226174354553
v -0.1776447892189026 0.3706502616405487 0.7057586908340454
v 0.07842693477869034 0.027301356196403503 0.5321301221847534
v 0.08635543286800385 0.020870693027973175 0.5324293971061707
v 0.0799303948879242 0.016314208507537842 0.5287939310073853
v -0.1903148591518402 0.3209424316883087 0.7135512232780457
v -0.19930407404899597 0.3279068171977997 0.7092143297195435
v -0.20507852733135223 0.31658676266670227 0.7053220272064209
v 0.17213192582130432 -0.0501159131526947 0.6663382053375244
v 0.10985146462917328 0.39361506700515747 0.5860195159912109
v 0.1133190393447876 0.3794861137866974 0.5830830931663513
v 0.10659639537334442 0.39205703139305115 0.5836580395698547
v -0.050093598663806915 0.10779594630002975 0.5303942561149597
v -0.05161568894982338 0.12072792649269104 0.530407190322876
v -0.04111776873469353 0.11715905368328094 0.5318068265914917
v 0.08890032768249512 0.42600011825561523 0.5944611430168152
v 0.0804188996553421 0.4384634494781494 0.6024865508079529
v 0.09514930099248886 0.43209201097488403 0.6064759492874146
v 0.08882248401641846 0.30561476945877075 0.5590423941612244
v 0.07903452217578888 0.32104361057281494 0.55198073387146
v 0.0925358459353447 0.31609171628952026 0.5636798739433289
v 0.11661719530820847 -0.06724116206169128 0.7416664958000183
v -0.25226277112960815 0.19864746928215027 0.626335859298706
v 0.011830502189695835 0.08420664072036743 0.791731595993042
v 0.021710045635700226 0.08974924683570862 0.7914654016494751
v 0.011319758370518684 0.09442920237779617 0.7920119762420654
v 0.1341104805469513 0.30004504323005676 0.6086506843566895
v 0.1312381625175476 0.29736799001693726 0.5979703068733215
v 0.1350426971912384 0.2924708425998688 0.6152674555778503
v -0.1936921775341034 0.38374823331832886 0.6961933374404907
v -0.19269520044326782 0.3781539797782898 0.7014234662055969
v -0.17905904352664948 0.3844836950302124 0.6965977549552917
v -0.12380237877368927 -0.06921134889125824 0.517133891582489
v -0.12501296401023865 -0.052212417125701904 0.5192636251449585
v -0.1346212476491928 0.2938518226146698 0.5298566818237305
v -0.14073537290096283 0.28867051005363464 0.537036120891571
v -0.14307281374931335 0.29918158054351807 0.538503885269165
v 0.06768343597650528 0.44428324699401855 0.6023779511451721
v 0.07741951197385788 0.4327378273010254 0.5939262509346008
v 0.11737078428268433 0.2646193206310272 0.5864782333374023
v 0.12212560325860977 0.2740762233734131 0.5855321884155273
v 0.12473160028457642 0.26050326228141785 0.5916709899902344
v 0.09608300030231476 0.002968303859233856 0.5300608277320862
v 0.08121706545352936 0.005025856196880341 0.5255817174911499
v 0.09464531391859055 0.014402013272047043 0.5335431098937988
v 0.04481588304042816 0.05489908531308174 0.5285992622375488
v 0.03800533711910248 0.047082383185625076 0.5277033448219299
v 0.028918668627738953 0.0549871101975441 0.5285126566886902
v -0.1886700987815857 -0.025762712582945824 0.5862420797348022
v -0.18116091191768646 -0.019863465800881386 0.5739387273788452
v -0.18162763118743896 -0.03509810194373131 0.572418749332428
v 0.10057395696640015 0.4214296340942383 0.7082258462905884
v 0.11137345433235168 0.4259462356567383 0.7042269110679626
v 0.09962989389896393 0.42889603972435 0.7008886933326721
v -0.18316495418548584 0.2826641798019409 0.7169086337089539
v -0.18638190627098083 0.2754002809524536 0.698017954826355
v 0.13944005966186523 -0.0791812539100647 0.7386771440505981
v 0.14215341210365295 -0.07000887393951416 0.7303751111030579
v 0.1348273605108261 -0.07206495851278305 0.7351897954940796
v -0.199729323387146 -0.04285140335559845 0.6284311413764954
v -0.19923439621925354 -0.03821660950779915 0.638521671295166
v -0.19916732609272003 -0.033038076013326645 0.6238495707511902
v 0.1558365523815155 0.3159887194633484 0.5791526436805725
v 0.10386957973241806 0.28566044569015503 0.7528020739555359
v 0.10635365545749664 0.27662724256515503 0.7514593601226807
v 0.11450047791004181 0.287624716758728 0.7361335158348083
v -0.15025538206100464 0.38143450021743774 0.5619068145751953
v -0.1576157659292221 0.37419745326042175 0.5604122877120972
v -0.16127994656562805 0.3819393515586853 0.5660980343818665
v -0.20190325379371643 0.26403364539146423 0.601444661617279
v -0.19477719068527222 0.24829541146755219 0.602135956287384
v 0.09439872950315475 -0.010551447048783302 0.7514365911483765
v 0.09892319142818451 0.007389407604932785 0.7501276731491089
v 0.11681012809276581 0.4202777147293091 0.7078585028648376
v 0.1220378577709198 0.41451913118362427 0.7114397287368774
v 0.12302802503108978 0.4283568859100342 0.6981911659240723
v -0.18870903551578522 -0.10137124359607697 0.7148140072822571
v -0.17930324375629425 -0.102267786860466 0.7268787622451782
v -0.17720124125480652 -0.09416039288043976 0.7247159481048584
v -0.010051466524600983 -0.03241611272096634 0.7829697728157043
v -0.0008707800880074501 -0.04006288945674896 0.7815134525299072
v 0.0031854435801506042 -0.02922854945063591 0.7828173041343689
v 0.06363456696271896 0.46109986305236816 0.6496688723564148
v 0.021370772272348404 0.07948394119739532 0.7912477850914001
v 0.011490670964121819 0.07397094368934631 0.7915124893188477
v -0.11968977749347687 0.3943190276622772 0.7079686522483826
v -0.1282147765159607 0.39229756593704224 0.704650342464447
v -0.03603479266166687 0.3033999800682068 0.53423672914505
v -0.03550993651151657 0.2922741770744324 0.530995786190033
v 0.028391048312187195 0.3123776912689209 0.7670828104019165
v 0.018782539293169975 0.30241626501083374 0.7725825309753418
v 0.030573345720767975 0.29890933632850647 0.7749971151351929
v 0.1908472776412964 0.2350526601076126 0.6493208408355713
v 0.03241618350148201 0.28452327847480774 0.7834020256996155
v 0.02059721201658249 0.28845804929733276 0.7804341316223145
v 0.02228081226348877 0.2748004198074341 0.787421703338623
v 0.16740719974040985 -0.03921335190534592 0.5904845595359802
v 0.16870391368865967 -0.048053037375211716 0.5964566469192505
v 0.16912153363227844 -0.05376490578055382 0.5815362930297852
v 0.09897015988826752 0.4377784729003906 0.6907442212104797
v 0.09152214974164963 0.42898187041282654 0.700034499168396
v -0.1982554942369461 0.18998968601226807 0.6523478031158447
v -0.19476816058158875 0.1824754774570465 0.6618398427963257
v -0.19737973809242249 0.19698166847229004 0.6608143448829651
v 0.10770747065544128 0.3766970932483673 0.5774706602096558
v 0.011501826345920563 0.05366108566522598 0.7908521890640259
v -0.24539896845817566 0.3766436278820038 0.628864586353302
v -0.23987355828285217 0.37712040543556213 0.6240585446357727
v -0.24327197670936584 0.3688495457172394 0.6197444200515747
v 0.2154482901096344 0.30076372623443604 0.5845676064491272
v 0.2158406376838684 0.2889498770236969 0.5786764025688171
v 0.20320263504981995 0.3015095591545105 0.5800191164016724
v -0.03184942528605461 0.38960808515548706 0.5635517835617065
v -0.037575796246528625 0.39940115809440613 0.5680859088897705
v -0.02541443333029747 0.4014211893081665 0.5683109164237976
v -0.32735496759414673 0.20119045674800873 0.6767757534980774
v -0.3126813769340515 0.19165916740894318 0.6790908575057983
v 0.17151504755020142 0.40437421202659607 0.6373249292373657
v 0.16287243366241455 0.40697991847991943 0.6311450600624084
v 0.166689932346344 0.4102572798728943 0.6437172889709473
v 0.135323166847229 0.26989468932151794 0.6597084999084473
v -0.3010373115539551 0.2974138557910919 0.6235004663467407
v -0.3043251037597656 0.299882173538208 0.6343059539794922
v -0.29403945803642273 0.310001939535141 0.62510085105896
v 0.12137269973754883 0.4401807188987732 0.6539183259010315
v 0.1255445033311844 0.43576762080192566 0.6475126147270203
v 0.11976946890354156 0.43596336245536804 0.638641357421875
v 0.08658035844564438 0.19142436981201172 0.775849461555481
v 0.08685610443353653 0.20691794157028198 0.7781426906585693
v 0.07800479233264923 0.20387107133865356 0.7829858064651489
v -0.17972415685653687 0.05586961656808853 0.611648440361023
v -0.17666460573673248 0.06384827941656113 0.6074802279472351
v -0.1787879765033722 0.05318320542573929 0.5973633527755737
v 0.06588174402713776 0.2179965227842331 0.538747251033783
v 0.07430437952280045 0.21564516425132751 0.5452768206596375
v 0.06641317158937454 0.20138992369174957 0.5375876426696777
v -0.0680181235074997 0.17741256952285767 0.5276751518249512
v -0.0573929138481617 0.17462199926376343 0.5276063680648804
v 0.11766273528337479 0.22734202444553375 0.7400298118591309
v 0.12124286592006683 0.23337841033935547 0.7277193069458008
v 0.11637230217456818 0.24296246469020844 0.7399797439575195
v -0.27939939498901367 0.19191017746925354 0.6692561507225037
v -0.2857667803764343 0.18458499014377594 0.6691702604293823
v 0.08712667226791382 0.23786428570747375 0.7806391716003418
v 0.0914754569530487 0.24727509915828705 0.7777977585792542
v 0.07792149484157562 0.2507951855659485 0.7857878804206848
v -0.0902666449546814 0.28864383697509766 0.5299084186553955
v -0.08940055221319199 0.2710014283657074 0.5303849577903748
v -0.10161244869232178 0.2862021028995514 0.5300171375274658
v 0.015709679573774338 0.2276097983121872 0.7942937612533569
v 0.004740742966532707 0.22342722117900848 0.7919665575027466
v 0.021340876817703247 0.21307194232940674 0.7960138916969299
v 0.15248627960681915 -0.01785377971827984 0.5700583457946777
v 0.15612033009529114 -0.012601528316736221 0.578464925289154
v 0.15774919092655182 -0.024279680103063583 0.5775940418243408
v 0.12738479673862457 0.31384819746017456 0.5768203735351562
v 0.12127111852169037 0.32951849699020386 0.5697182416915894
v 0.12012206017971039 0.31783440709114075 0.5844191908836365
v -0.2503955364227295 0.20873379707336426 0.6520861387252808
v -0.24279160797595978 0.21429264545440674 0.6483778357505798
v -0.2439839094877243 0.2214307188987732 0.658673882484436
v 0.13303282856941223 0.29895177483558655 0.6284681558609009
v 0.12418480217456818 0.3029592037200928 0.6176416873931885
v -0.01466391235589981 0.1601215898990631 0.5347505211830139
v -0.024776389822363853 0.1535150706768036 0.5334107875823975
v -0.02608449012041092 0.17432770133018494 0.5330479741096497
v 0.09022335708141327 0.1316933035850525 0.5490981340408325
v 0.08475461602210999 0.14136502146720886 0.545390784740448
v 0.0946483388543129 0.14732076227664948 0.5553328990936279
v -0.2714049220085144 0.3523763418197632 0.6582785844802856
v -0.27865836024284363 0.33696436882019043 0.6646550893783569
v 0.1604672074317932 -0.000831998884677887 0.6706279516220093
v 0.15416237711906433 -0.0034036636352539062 0.6843106150627136
v 0.16190733015537262 -0.01847669668495655 0.6763330698013306
v 0.12196198850870132 0.1145656630396843 0.5896092057228088
v 0.1267755627632141 0.10202290117740631 0.5956048369407654
v 0.12016482651233673 0.10426385700702667 0.5830874443054199
v -0.19616028666496277 0.2781485319137573 0.6905277967453003
v -0.1881742924451828 0.26503267884254456 0.7000737190246582
v 0.01659831404685974 0.06267993152141571 0.5292983055114746
v 0.007407199591398239 0.06691370904445648 0.5255524516105652
v 0.1735411286354065 -0.04678481072187424 0.6444076299667358
v 0.17675839364528656 -0.06449484080076218 0.6500267386436462
v 0.17711512744426727 -0.06176766753196716 0.6350902318954468
v -0.05644836649298668 0.001612294465303421 0.5190274715423584
v -0.06543432176113129 0.005963359028100967 0.520846962928772
v -0.05671419948339462 0.01585237681865692 0.522518515586853
v 0.1256306767463684 0.008542384952306747 0.5470049381256104
v 0.11859123408794403 0.002423815429210663 0.5413693189620972
v 0.10895982384681702 0.011818118393421173 0.5391728281974792
v -0.2302672564983368 0.37357863783836365 0.6930243372917175
v -0.020350228995084763 0.2514311671257019 0.7851101160049438
v -0.01938445493578911 0.2425386607646942 0.7862968444824219
v -0.00976193230599165 0.2555471360683441 0.7864232063293457
v 0.10161299258470535 0.3166504502296448 0.5705503225326538
v 0.09633331000804901 0.3261435925960541 0.568071722984314
v 0.11265996098518372 0.3197759985923767 0.5697540044784546
v 0.08897437155246735 0.0761137306690216 0.7633765339851379
v 0.039346080273389816 0.314759761095047 0.7649326324462891
v 0.05020376667380333 0.31705304980278015 0.7618185877799988
v 0.03752939775586128 0.3274746537208557 0.7576870918273926
v 0.0823412835597992 0.16491441428661346 0.7769507169723511
v 0.07530927658081055 0.15253493189811707 0.783692479133606
v 0.08653376251459122 0.15050172805786133 0.7723852396011353
v -0.26427313685417175 0.3530782461166382 0.6748484969139099
v -0.2668161392211914 0.34354451298713684 0.6804360747337341
v -0.25844502449035645 0.35548704862594604 0.6812484860420227
v -0.17859379947185516 0.14113636314868927 0.7101236581802368
v -0.17732839286327362 0.13114821910858154 0.718538761138916
v -0.1757567673921585 0.13585996627807617 0.7268465161323547
v -0.0384741835296154 0.11226031184196472 0.7868688106536865
v -0.029682166874408722 0.12733861804008484 0.7869372367858887
v -0.0395977720618248 0.12873885035514832 0.7861876487731934
v 0.013883763924241066 0.019174665212631226 0.7876300811767578
v 0.023193150758743286 0.013415370136499405 0.7857019901275635
v 0.022195905447006226 0.030542857944965363 0.7880192995071411
v -0.10010155290365219 0.012117817997932434 0.5267817974090576
v -0.09627339988946915 0.02182408794760704 0.5276769399642944
v -0.08889898657798767 0.015264466404914856 0.5251039862632751
v 0.07624446600675583 0.110359787940979 0.7767244577407837
v 0.06884217262268066 0.11517667770385742 0.7818172574043274
v 0.06864594668149948 0.10357846319675446 0.7806141376495361
v 0.1582370102405548 0.2596355974674225 0.6297533512115479
v -0.11404960602521896 0.29254963994026184 0.5307893753051758
v -0.10658290982246399 0.3032042384147644 0.5309392809867859
v -0.003004327416419983 -0.0037420280277729034 0.7861076593399048
v 0.06940347701311111 0.3640774190425873 0.5550851821899414
v 0.07579970359802246 0.37545639276504517 0.5610259175300598
v 0.08267155289649963 0.36123526096343994 0.56224125623703
v 0.13402491807937622 0.24072526395320892 0.6168036460876465
v 0.1358928233385086 0.11173446476459503 0.6432307958602905
v 0.07447423040866852 0.3610486686229706 0.7323893904685974
v 0.059181105345487595 0.3629884719848633 0.734020471572876
v 0.06081970036029816 0.3531850278377533 0.7388796806335449
v 0.04483084753155708 0.3551155626773834 0.7405577301979065
v -0.1821291595697403 0.1318613588809967 0.6931438446044922
v -0.18482187390327454 0.12555722892284393 0.6766102313995361
v -0.18168038129806519 0.1204213947057724 0.6935507655143738
v 0.01980302855372429 0.3258343040943146 0.5369396209716797
v 0.031115472316741943 0.33661147952079773 0.5391218662261963
v 0.028641879558563232 0.3190028965473175 0.5357720255851746
v 0.10978908836841583 0.1320592761039734 0.7473567724227905
v 0.11180905252695084 0.12225480377674103 0.7428049445152283
v 0.11531002074480057 0.13291940093040466 0.7379717826843262
v -0.19549864530563354 -0.0036486126482486725 0.628391683101654
v -0.19448290765285492 0.005582772195339203 0.631585419178009
v -0.1948835700750351 -0.005344390869140625 0.6162417531013489
v -0.17216187715530396 0.32076629996299744 0.7334672212600708
v -0.17999622225761414 0.3278330862522125 0.7328917384147644
v -0.18046070635318756 0.3115927278995514 0.7382491827011108
v -0.24453303217887878 0.3815104365348816 0.6500076651573181
v -0.2539329528808594 0.3733857274055481 0.6611001491546631
v -0.2435029298067093 0.38197481632232666 0.6625828742980957
v -0.2760768532752991 0.16679424047470093 0.6242512464523315
v -0.28057587146759033 0.16751782596111298 0.6081569790840149
v -0.27682745456695557 0.17631706595420837 0.6070080995559692
v -0.12593437731266022 0.15315447747707367 0.5344192981719971
v -0.12931425869464874 0.1372906118631363 0.5365353226661682
v -0.13824883103370667 0.15108303725719452 0.5359004735946655
v 0.13371607661247253 0.13136932253837585 0.6690346598625183
v 0.13459895551204681 0.12408708035945892 0.660422682762146
v -0.08500929921865463 0.3819783627986908 0.7251970767974854
v -0.07583291828632355 0.39412009716033936 0.7233018279075623
v -0.040678881108760834 0.39115944504737854 0.7281141877174377
v -0.051034245640039444 0.38909265398979187 0.7277411818504333
v -0.042383335530757904 0.37182068824768066 0.7348511219024658
v 0.026782207190990448 0.21519024670124054 0.7960958480834961
v -0.1383829116821289 0.08606061339378357 0.7518057823181152
v -0.13367411494255066 0.0768699198961258 0.7570540904998779
v -0.13025397062301636 0.09372512996196747 0.7627260684967041
v -0.16585159301757812 0.4129950702190399 0.5949446558952332
v -0.16048967838287354 0.425965279340744 0.608159601688385
v -0.1503351330757141 0.41849273443222046 0.5917201042175293
v 0.03255433216691017 -0.0029111094772815704 0.7814332246780396
v 0.015096726827323437 0.001668877899646759 0.7852842211723328
v 0.02445640042424202 -0.014467034488916397 0.7816834449768066
v -0.2495846450328827 0.21483895182609558 0.6633297204971313
v -0.16713593900203705 0.23313061892986298 0.5655807852745056
v -0.17486314475536346 0.23053938150405884 0.5713942646980286
v -0.17100213468074799 0.2449096441268921 0.5645812153816223
v 0.1067870482802391 0.07136507332324982 0.5509169101715088
v 0.11000648885965347 0.06359909474849701 0.5520265102386475
v 0.10034117102622986 0.06480024755001068 0.5448349118232727
v -0.21782878041267395 0.35644614696502686 0.5852255821228027
v -0.22528211772441864 0.34510600566864014 0.581341028213501
v 0.011747420765459538 0.06338900327682495 0.791262686252594
v 0.0020625805482268333 0.05952657759189606 0.7908791303634644
v -0.18427033722400665 0.1621052771806717 0.7049927711486816
v -0.18149825930595398 0.15432724356651306 0.7096431255340576
v -0.22852104902267456 0.38865968585014343 0.6334794759750366
v -0.22188803553581238 0.393572598695755 0.6346002221107483
v -0.22613400220870972 0.386182963848114 0.6239947080612183
v -0.20690059661865234 0.40495094656944275 0.6422105431556702
v -0.21525688469409943 0.399982213973999 0.6593637466430664
v -0.2013399600982666 -0.07203985005617142 0.6272501945495605
v -0.1997160166501999 -0.06152414530515671 0.6174120306968689
v -0.15141668915748596 0.2980598509311676 0.5428945422172546
v -0.1571008861064911 0.28597936034202576 0.5469683408737183
v -0.1849169135093689 0.42007896304130554 0.6414299607276917
v -0.17327286303043365 0.427279531955719 0.6402682065963745
v 0.026362180709838867 0.32821300625801086 0.758399248123169
v 0.036345548927783966 0.3370157480239868 0.752251923084259
v 0.042188528925180435 -0.01887659542262554 0.7764289379119873
v 0.029304470866918564 -0.022561151534318924 0.7795295715332031
v 0.04567747935652733 -0.028895732015371323 0.773756206035614
v -0.09384317696094513 -0.030519675463438034 0.7669508457183838
v -0.08877202868461609 -0.04059591144323349 0.7671050429344177
v 0.12694567441940308 0.4379177987575531 0.6594455242156982
v 0.1136215478181839 0.3245471715927124 0.7084937691688538
v 0.11869417876005173 0.310225248336792 0.7030959725379944
v 0.12861470878124237 0.3235935866832733 0.7115640044212341
v -0.1754123568534851 0.35744282603263855 0.7148975729942322
v -0.16701069474220276 0.3521125018596649 0.7173453569412231
v -0.16904905438423157 0.36494094133377075 0.7097275257110596
v -0.03744227811694145 0.373215913772583 0.7347515821456909
v 0.12720799446105957 0.24720604717731476 0.5975616574287415
v 0.12051140516996384 0.2501981556415558 0.5905623435974121
v 0.14821356534957886 -0.023627053946256638 0.7024194002151489
v 0.14838507771492004 -0.04154667258262634 0.7077035307884216
v -0.01836417429149151 0.3718688488006592 0.736107349395752
v -0.023577727377414703 0.3817896544933319 0.7327851057052612
v -0.03320232033729553 0.38224461674690247 0.7319169640541077
v -0.1920279562473297 0.24943619966506958 0.6959896087646484
v -0.18945571780204773 0.23939159512519836 0.6995941400527954
v -0.1877579391002655 0.24583837389945984 0.708293616771698
v 0.190680593252182 0.30106228590011597 0.5771818161010742
v 0.1794186234474182 0.3114892244338989 0.579239547252655
v 0.19742214679718018 0.31066420674324036 0.5815484523773193
v -0.05698540806770325 0.35970717668533325 0.7376550436019897
v 0.00229271175339818 0.2314276546239853 0.5337932705879211
v 0.009847015142440796 0.23993659019470215 0.5338296294212341
v 0.013106035068631172 0.22899696230888367 0.5334042906761169
v -0.08444225043058395 -0.057696759700775146 0.5077507495880127
v 0.1715388298034668 -0.04155617952346802 0.6104714274406433
v 0.17269377410411835 -0.035201214253902435 0.6244934797286987
v 0.17504771053791046 -0.051326800137758255 0.6228351593017578
v 0.088027223944664 0.3444788157939911 0.7372751235961914
v 0.08011606335639954 0.33769434690475464 0.7419414520263672
v 0.08699117600917816 0.32890641689300537 0.7438550591468811
v -0.21573254466056824 0.38405662775039673 0.6088509559631348
v -0.21378475427627563 0.37459394335746765 0.5964269042015076
v -0.18821318447589874 0.2822475731372833 0.738518238067627
v -0.17812411487102509 0.26749351620674133 0.7452377080917358
v -0.1698823869228363 0.2808510661125183 0.7464685440063477
v -0.18693628907203674 0.26780542731285095 0.7403026819229126
v -0.18398454785346985 0.2505541443824768 0.7408114671707153
v -0.2065754234790802 0.3712700307369232 0.707962155342102
v 0.10706119239330292 0.1287543922662735 0.5699642300605774
v 0.10404226928949356 0.14088982343673706 0.5690912008285522
v 0.10923638194799423 0.13956311345100403 0.5742464661598206
v -0.12604920566082 0.057540614157915115 0.5419589281082153
v -0.13595464825630188 0.0555853396654129 0.5477688908576965
v -0.3310493230819702 0.22050444781780243 0.6743007898330688
v 0.16218620538711548 0.2603531777858734 0.592505693435669
v 0.1694551706314087 0.2529255747795105 0.5906967520713806
v -0.2822527289390564 0.24163776636123657 0.6868312358856201
v -0.2922195792198181 0.2298206090927124 0.6872622966766357
v 0.11452262103557587 0.20134763419628143 0.588398277759552
v 0.11876604706048965 0.21064811944961548 0.5958601236343384
v 0.12298781424760818 0.1976984739303589 0.6039847135543823
v -0.12603819370269775 -0.03519417345523834 0.5226656794548035
v -0.11913319677114487 -0.04720192030072212 0.5173599720001221
v 0.037484053522348404 0.2874145805835724 0.5326587557792664
v 0.02750680223107338 0.27729901671409607 0.534351110458374
v 0.021948274224996567 0.2879446744918823 0.5351903438568115
v -0.2416381984949112 0.2071244716644287 0.6360836029052734
v -0.23352807760238647 0.21316887438297272 0.633075475692749
v -0.2321597933769226 0.2161489576101303 0.6473296284675598
v -0.2320365607738495 0.39044931530952454 0.6601371169090271
v -0.09837795048952103 0.4277464747428894 0.5841137170791626
v -0.09657937288284302 0.4194764494895935 0.5791308879852295
v -0.1919451206922531 -0.02215885929763317 0.5955220460891724
v -0.2872690260410309 0.25297263264656067 0.6885340809822083
v -0.28959834575653076 0.297722190618515 0.6813560724258423
v -0.2876434624195099 0.3105146884918213 0.6696488857269287
v -0.2937987446784973 0.2947254180908203 0.6701301336288452
v -0.14170686900615692 0.29272621870040894 0.75003582239151
v -0.14028874039649963 0.2803761661052704 0.757327139377594
v -0.13168512284755707 0.29330840706825256 0.754396915435791
v 0.04573160782456398 0.3407549560070038 0.7486342787742615
v -0.18632560968399048 0.10922972857952118 0.6600486040115356
v -0.18426945805549622 0.10456755757331848 0.6759490966796875
v -0.18463446199893951 0.11468227952718735 0.6767104864120483
v 0.008168544620275497 0.4111652672290802 0.5683684349060059
v 0.016207076609134674 0.4188789129257202 0.5726302266120911
v 0.020017296075820923 0.4108605980873108 0.5668323636054993
v 0.11710576713085175 0.34169867634773254 0.7242467403411865
v 0.11765807867050171 0.3491143584251404 0.7124609351158142
v 0.11624303460121155 0.3612748682498932 0.7259702682495117
v -0.1666218489408493 0.42954519391059875 0.6466794610023499
v -0.1586149036884308 0.43379539251327515 0.6494390368461609
v -0.1608598530292511 0.43440887331962585 0.6385767459869385
v -0.1372492015361786 -0.06174108386039734 0.5222796201705933
v -0.21808676421642303 0.22566063702106476 0.6405253410339355
v 0.09614056348800659 0.4497700035572052 0.6646782755851746
v 0.10358676314353943 0.44610118865966797 0.6727007627487183
v -0.21167537569999695 0.26050496101379395 0.6799706220626831
v -0.2097996324300766 0.26531124114990234 0.6678026914596558
v -0.2105930596590042 0.26820987462997437 0.6815838813781738
v -0.1977081447839737 0.2982417643070221 0.6987402439117432
v -0.04734828323125839 0.3994004428386688 0.7251467704772949
v -0.1836586445569992 0.06090111285448074 0.6852414011955261
v -0.1822134256362915 0.06499732285737991 0.6972480416297913
v -0.17981091141700745 0.07287811487913132 0.6825518608093262
v -0.005216056481003761 0.18645481765270233 0.7908415794372559
v -0.014496129006147385 0.18144917488098145 0.7879173159599304
v -0.003908101934939623 0.1689125895500183 0.791808009147644
v -0.25714045763015747 0.2021680325269699 0.6565945744514465
v -0.24553117156028748 0.24627405405044556 0.6809999942779541
v -0.254314661026001 0.2507575452327728 0.6910479068756104
v -0.25118502974510193 0.23533695936203003 0.6836544275283813
v 0.19554677605628967 0.2509182393550873 0.6652566194534302
v 0.18623262643814087 0.2586557865142822 0.666635274887085
v -0.03291866183280945 0.127854585647583 0.5327521562576294
v -0.04209980368614197 0.12399783730506897 0.5316262245178223
v -0.04355635121464729 0.14022845029830933 0.5310335159301758
v 0.02706238254904747 0.18124353885650635 0.7955594062805176
v 0.0323975533246994 0.19157294929027557 0.7954241037368774
v 0.016033627092838287 0.1939854472875595 0.7958503365516663
v 0.08463092893362045 0.360714316368103 0.7309999465942383
v -0.12461886554956436 0.08536884933710098 0.7673149704933167
v 0.115598164498806 0.05481937155127525 0.5576162934303284
v 0.12595809996128082 0.053648658096790314 0.5685245394706726
v 0.1169566735625267 0.044523708522319794 0.5566563606262207
v -0.147375226020813 0.3674754798412323 0.5538157224655151
v -0.13787944614887238 0.37676307559013367 0.556046724319458
v 0.1745106726884842 -0.057282377034425735 0.6081802845001221
v 0.012352220714092255 0.43864890933036804 0.6948919892311096
v 0.020855305716395378 0.43351003527641296 0.6963651776313782
v 0.02121947519481182 0.4425644278526306 0.6879443526268005
v 0.04084917530417442 0.3926232159137726 0.720246434211731
v 0.04181583598256111 0.379967600107193 0.7272032499313354
v 0.04873556271195412 0.38403037190437317 0.7242233157157898
v 0.1780887246131897 0.37756896018981934 0.6096624732017517
v 0.1857369840145111 0.37470918893814087 0.6145235300064087
v 0.11669246107339859 0.18815003335475922 0.5903521776199341
v 0.1109929233789444 0.19666516780853271 0.5761480927467346
v 0.1229531317949295 0.17143988609313965 0.6035738587379456
v 0.1273641139268875 0.16894061863422394 0.6149998903274536
v 0.12378990650177002 0.15810945630073547 0.6046702861785889
v -0.15653887391090393 0.43499138951301575 0.6224952936172485
v -0.14488545060157776 0.3176504075527191 0.7363132238388062
v -0.150429829955101 0.32634443044662476 0.7306468486785889
v -0.1538507491350174 0.31439170241355896 0.7345067262649536
v -0.047856323421001434 -0.09114107489585876 0.7686214447021484
v -0.03787488117814064 -0.08622050285339355 0.7702493667602539
v -0.05546339973807335 -0.0784115344285965 0.7689484357833862
v 0.06146387755870819 0.45454731583595276 0.6170142889022827
v 0.06396666914224625 -0.03683338314294815 0.7653287649154663
v 0.07677486538887024 -0.034677572548389435 0.758493185043335
v -0.20244675874710083 0.3062204122543335 0.7040457725524902
v -0.2165699303150177 0.3022209703922272 0.6991977691650391
v 0.13031752407550812 0.16174544394016266 0.6799371838569641
v 0.13151861727237701 0.15500347316265106 0.6959481239318848
v -0.19197385013103485 0.3074195086956024 0.5580334067344666
v -0.17934730648994446 0.31152310967445374 0.5589405298233032
v -0.18744850158691406 0.2993646264076233 0.5617965459823608
v 0.16457167267799377 0.38897401094436646 0.6998787522315979
v 0.15181425213813782 0.38055795431137085 0.7092031240463257
v -0.12065697461366653 0.45371997356414795 0.6225744485855103
v -0.12694419920444489 0.4472513496875763 0.6153398752212524
v -0.1247033178806305 0.45412397384643555 0.6279638409614563
v -0.032921936362981796 -0.04532861337065697 0.5079143047332764
v -0.0352042019367218 -0.03517240285873413 0.5093976259231567
v -0.01710870862007141 -0.034581057727336884 0.5096468329429626
v 0.0877356082201004 0.28271183371543884 0.552224338054657
v -0.04515553638339043 0.44644615054130554 0.5957701802253723
v -0.05252842977643013 0.4529459774494171 0.6021162271499634
v 0.12674154341220856 0.119591623544693 0.713152289390564
v 0.12383395433425903 0.12659600377082825 0.7209783792495728
v -0.1490643322467804 0.18173301219940186 0.7720543146133423
v -0.14027562737464905 0.19602061808109283 0.7762119174003601
v -0.1525062471628189 0.19614791870117188 0.7732391953468323
v -0.062233034521341324 0.22368024289608002 0.5280569791793823
v -0.052353471517562866 0.2354542762041092 0.5286113023757935
v -0.05090107023715973 0.21846802532672882 0.5285704731941223
v -0.10813232511281967 -0.04333660751581192 0.5146334171295166
v -0.26237377524375916 0.24221964180469513 0.6866534352302551
v -0.3579631447792053 0.22352911531925201 0.6634262204170227
v -0.3551749587059021 0.23255637288093567 0.6561837792396545
v -0.02083326131105423 0.4405919909477234 0.5891781449317932
v -0.011508196592330933 0.4483422338962555 0.5944789052009583
v 0.09109626710414886 0.3757859468460083 0.7243423461914062
v -0.1949346959590912 0.4123550057411194 0.6419278979301453
v -0.1858140230178833 0.4189237058162689 0.6486170887947083
v -0.14311568439006805 0.30517086386680603 0.7431588172912598
v -0.15859918296337128 0.07174398005008698 0.5632280111312866
v -0.16097865998744965 0.06273868680000305 0.5684460997581482
v -0.16700831055641174 0.07474665343761444 0.5728896856307983
v -0.13737031817436218 0.02751614898443222 0.5435898303985596
v -0.12612348794937134 0.03864900767803192 0.5397499203681946
v -0.12655247747898102 0.026440288871526718 0.5390034914016724
v -0.14219418168067932 0.22241690754890442 0.5338231921195984
v -0.13475079834461212 0.22454726696014404 0.5284618139266968
v -0.1417265385389328 0.21207797527313232 0.5325326919555664
v -0.0693969875574112 -0.016413196921348572 0.7772114276885986
v -0.07465719431638718 -0.0065447501838207245 0.7773228883743286
v -0.08720148354768753 -0.013825507834553719 0.7725317478179932
v -0.29236358404159546 0.2642475664615631 0.6878755688667297
v -0.2777822017669678 0.268221914768219 0.6866484880447388
v -0.18171435594558716 0.08188875019550323 0.6395034193992615
v -0.17780286073684692 0.08925037086009979 0.6312891244888306
v -0.17815834283828735 0.07348878681659698 0.630709171295166
v -0.16420674324035645 -0.03730699047446251 0.7141446471214294
v -0.1611008644104004 -0.05420372262597084 0.7196788787841797
v -0.1537589430809021 -0.037559688091278076 0.7227032780647278
v -0.3342530131340027 0.23885883390903473 0.61432945728302
v -0.19787758588790894 0.3598966598510742 0.7181828618049622
v -0.18458332121372223 0.30684149265289307 0.7371385097503662
v -0.19103525578975677 0.2986075282096863 0.7276209592819214
v -0.15790808200836182 0.08884178102016449 0.5578929781913757
v -0.16837196052074432 0.0899871289730072 0.5725389719009399
v -0.16307860612869263 0.10276094079017639 0.5613730549812317
v 0.031174330040812492 0.038546569645404816 0.5264555811882019
v 0.02255071885883808 0.03170764073729515 0.525022566318512
v 0.013525604270398617 0.032335150986909866 0.5250515341758728
v 0.11588262021541595 0.346272349357605 0.5674247741699219
v 0.11230430006980896 0.35368281602859497 0.5767233371734619
v 0.11712566018104553 0.33816906809806824 0.583190381526947
v -0.21413788199424744 0.31958967447280884 0.5690227746963501
v -0.06887543946504593 0.12809054553508759 0.7885960340499878
v -0.3470532298088074 0.2426043152809143 0.6380332112312317
v -0.33786338567733765 0.2420533150434494 0.6295242309570312
v -0.19354386627674103 0.2297583967447281 0.6838175058364868
v -0.19761526584625244 0.2356206625699997 0.6727331876754761
v -0.1966286152601242 0.2239098995923996 0.6754273772239685
v -0.058612160384655 0.28174281120300293 0.774276852607727
v 0.13465479016304016 0.2554645836353302 0.6100897789001465
v 0.13365459442138672 0.2670244574546814 0.6121343374252319
v 0.1342969834804535 0.2515856623649597 0.6252488493919373
v 0.13058418035507202 0.16310979425907135 0.7050995826721191
v 0.1290927529335022 0.1701982468366623 0.6883719563484192
v -0.019508305937051773 0.12461540102958679 0.7886391282081604
v -0.028440726920962334 0.10965452343225479 0.7879648208618164
v -0.0869612991809845 -0.040668874979019165 0.5112062692642212
v -0.0680832713842392 -0.04746171832084656 0.5075963139533997
v -0.3191070556640625 0.258597195148468 0.610206127166748
v -0.3206316828727722 0.263031542301178 0.6204623579978943
v -0.311559796333313 0.27235645055770874 0.6134936213493347
v 0.09046842157840729 0.3448902368545532 0.5657833218574524
v 0.0958629697561264 0.3581290543079376 0.5676603317260742
v 0.10593172907829285 0.3523189425468445 0.5656132698059082
v -0.03974270820617676 0.10199017822742462 0.5323393940925598
v -0.03115137293934822 0.11431963741779327 0.5336102843284607
v -0.03016764298081398 0.10218289494514465 0.5341521501541138
v -0.3090144991874695 0.21172358095645905 0.6813212037086487
v -0.3023708760738373 0.2184777855873108 0.6838154792785645
v -0.16297677159309387 0.22198015451431274 0.5666069984436035
v -0.1709192544221878 0.21921591460704803 0.5723776817321777
v -0.050784219056367874 -0.044994156807661057 0.5081415176391602
v -0.05284929648041725 -0.03488964959979057 0.5098612308502197
v 0.03256576508283615 0.4100794792175293 0.5662100911140442
v 0.036859698593616486 0.41810986399650574 0.571334958076477
v 0.050226569175720215 0.41533181071281433 0.5702375769615173
v 0.23931482434272766 0.33124804496765137 0.6349276900291443
v 0.24220144748687744 0.31940028071403503 0.6272790431976318
v -0.176925390958786 0.27136343717575073 0.5649561285972595
v 0.12108244001865387 0.36374902725219727 0.7152815461158752
v 0.12367862462997437 0.3728885352611542 0.7182207703590393
v -0.20789994299411774 0.2550662159919739 0.594036877155304
v 0.021265670657157898 0.04762706533074379 0.7897965908050537
v -0.0968761071562767 0.17375722527503967 0.7915576696395874
v -0.089048370718956 0.1648728847503662 0.7909063696861267
v -0.08500184863805771 0.17904871702194214 0.7917529344558716
v 0.03844078257679939 0.36325809359550476 0.7368919849395752
v 0.03353307023644447 0.35899052023887634 0.7399237751960754
v 0.13794060051441193 0.06862126290798187 0.6930477023124695
v 0.13452579081058502 0.07609324157238007 0.6983075141906738
v 0.1358422487974167 0.05921399965882301 0.7046049237251282
v -0.027359407395124435 0.2119724452495575 0.7859128713607788
v -0.011021704412996769 0.20915280282497406 0.7882426977157593
v -0.017544317990541458 0.22432813048362732 0.787229061126709
v 0.049149300903081894 0.09318669140338898 0.7870318293571472
v 0.05819101631641388 0.09901896864175797 0.7846396565437317
v 0.04890914633870125 0.10405933111906052 0.787692666053772
v 0.16512513160705566 0.24995847046375275 0.6089940071105957
v 0.17420485615730286 0.24092215299606323 0.612107515335083
v 0.16855841875076294 0.24651026725769043 0.61746746301651
v 0.13219952583312988 0.4210253357887268 0.7008593082427979
v 0.13183176517486572 0.4128681421279907 0.7066743969917297
v 0.13927452266216278 0.42117559909820557 0.6950002908706665
v -0.32407915592193604 0.2627320885658264 0.6699109673500061
v -0.33346235752105713 0.2663984000682831 0.666545569896698
v -0.28634482622146606 0.20369058847427368 0.5829353928565979
v -0.2829901874065399 0.19533668458461761 0.5865997672080994
v -0.291407972574234 0.18929336965084076 0.5858367085456848
v 0.07529623061418533 0.398568719625473 0.5696731805801392
v 0.06753821671009064 0.39445698261260986 0.5647268891334534
v 0.06276436895132065 0.40393123030662537 0.567615270614624
v -0.13657993078231812 0.3303970396518707 0.7330423593521118
v -0.1289929747581482 0.3366033732891083 0.7322763204574585
v -0.1387052834033966 0.3420484662055969 0.7263407111167908
v -0.054297298192977905 0.4076102674007416 0.7223673462867737
v -0.05845929682254791 0.3981538712978363 0.7244722843170166
v 0.12003592401742935 0.022056959569454193 0.7273733019828796
v 0.13028010725975037 0.015949975699186325 0.713352382183075
v 0.12831713259220123 0.03261633962392807 0.7167775630950928
v 0.08646848052740097 0.443727970123291 0.615469753742218
v 0.1768714189529419 0.3045133352279663 0.6855077743530273
v 0.1566612720489502 0.3056442141532898 0.6876047849655151
v 0.17241400480270386 0.29536524415016174 0.6824173927307129
v -0.1545107066631317 0.1602773815393448 0.5773128271102905
v -0.15910466015338898 -0.004439789801836014 0.7122161388397217
v -0.16779650747776031 -0.0037665702402591705 0.7016887068748474
v -0.16764411330223083 -0.020154079422354698 0.7087735533714294
v -0.16072134673595428 0.4086334705352783 0.5871449112892151
v -0.17029328644275665 0.39818108081817627 0.5827667713165283
v -0.08205700665712357 0.28069159388542175 0.7733156085014343
v -0.0941738411784172 0.2808040380477905 0.7722970247268677
v -0.09300946444272995 0.26750144362449646 0.7800461649894714
v -0.1800750195980072 -0.06941927224397659 0.7086739540100098
v -0.18465246260166168 -0.08528605103492737 0.7118737101554871
v -0.17336347699165344 -0.07779022306203842 0.7212514877319336
v -0.19766481220722198 -0.020290112122893333 0.6344825029373169
v -0.19719460606575012 -0.012767067179083824 0.6252114772796631
v -0.19764284789562225 -0.023155812174081802 0.6194103360176086
v -0.28229087591171265 0.22648264467716217 0.5801225900650024
v -0.19348633289337158 0.412699818611145 0.6502298712730408
v -0.18520891666412354 0.41186460852622986 0.6637535095214844
v -0.11078956723213196 0.40959423780441284 0.7027823328971863
v -0.1004340648651123 0.40980076789855957 0.7078098654747009
v -0.11277119815349579 0.43662312626838684 0.5938814282417297
v -0.1083642914891243 0.4444097876548767 0.6025604009628296
v -0.10143324732780457 0.4355064034461975 0.5904446840286255
v 0.06771644204854965 0.4055721163749695 0.7121338248252869
v 0.057032063603401184 0.41501230001449585 0.7062323093414307
v 0.12749482691287994 0.32621604204177856 0.6951320767402649
v 0.1369495391845703 0.3276517391204834 0.6937975287437439
v -0.15699589252471924 0.3260889947414398 0.5474334955215454
v -0.1649477779865265 0.329324871301651 0.5533642768859863
v -0.15949350595474243 0.34314846992492676 0.5520541667938232
v -0.0275568850338459 0.09204258024692535 0.788616955280304
v -0.03744122385978699 0.09458743035793304 0.7875561118125916
v -0.02689984254539013 0.08267612755298615 0.7888599634170532
v -0.12141086161136627 0.10206393897533417 0.7729357481002808
v -0.11466862261295319 0.10691331326961517 0.7786047458648682
v -0.12418770045042038 0.11739394813776016 0.7738205790519714
v 0.12047204375267029 0.3893934190273285 0.7236241102218628
v 0.11493055522441864 0.38170650601387024 0.7184543609619141
v 0.11942490935325623 0.39983028173446655 0.7156158089637756
v -0.19526317715644836 0.2689402401447296 0.6815154552459717
v -0.19474132359027863 0.2624785304069519 0.6915737986564636
v 0.03756237030029297 0.46677166223526 0.6380795240402222
v 0.03743099421262741 0.4649522602558136 0.6523564457893372
v -0.08547352254390717 0.031231161206960678 0.5266862511634827
v -0.08625124394893646 0.024022910743951797 0.5260458588600159
v -0.09537257254123688 0.029034443199634552 0.5283192992210388
v 0.12519724667072296 0.3771076798439026 0.5883405208587646
v 0.12612271308898926 0.05680599436163902 0.7207809686660767
v 0.1202242523431778 0.0722714513540268 0.7280935049057007
v 0.11736061424016953 0.05502531677484512 0.7320704460144043
v -0.14131733775138855 -0.10342259705066681 0.7526749968528748
v -0.1235978975892067 -0.09683641046285629 0.7557398080825806
v -0.1384470909833908 -0.08875083923339844 0.7456153035163879
v 0.1339041143655777 0.30513274669647217 0.6663485765457153
v 0.1276513636112213 0.2870326638221741 0.6651212573051453
v 0.13083744049072266 0.2977825999259949 0.6801700592041016
v -0.12278241664171219 0.2605944275856018 0.7770208120346069
v -0.12905633449554443 0.26710835099220276 0.7704401016235352
v -0.13871505856513977 0.2539738714694977 0.7723013162612915
v -0.04194452613592148 0.035971615463495255 0.5260875225067139
v -0.049035556614398956 0.02609439194202423 0.5240536332130432
v -0.05875491350889206 0.031090427190065384 0.524215579032898
v 0.09162984788417816 0.10916123539209366 0.549760103225708
v 0.09585052728652954 0.12033183872699738 0.5538540482521057
v 0.10114355385303497 0.11940649151802063 0.5590794086456299
v 0.09878695756196976 0.13137482106685638 0.5576303601264954
v -0.1983812153339386 -0.03355308994650841 0.6484498381614685
v -0.19434820115566254 -0.025934141129255295 0.6603037714958191
v -0.19654302299022675 -0.016941701993346214 0.6491575241088867
v -0.1413445770740509 0.35407012701034546 0.7194657921791077
v -0.13350917398929596 0.364997535943985 0.7161434888839722
v -0.1470227986574173 0.36097538471221924 0.7145293951034546
v -0.1986910104751587 0.34693390130996704 0.714356541633606
v -0.2091246396303177 0.33500590920448303 0.7065666913986206
v 0.06654558330774307 0.4184320867061615 0.5763521194458008
v -0.17418032884597778 0.4266059398651123 0.6436132192611694
v 0.03683563694357872 0.09346213191747665 0.532311201095581
v 0.027797969058156013 0.08907078206539154 0.5317407250404358
v 0.02722024917602539 0.10613199323415756 0.5323736071586609
v 0.12612956762313843 0.18697243928909302 0.7250392436981201
v 0.12022717297077179 0.19659429788589478 0.7380303740501404
v 0.12077102065086365 0.1810460090637207 0.7358177900314331
v -0.06058453395962715 0.046174198389053345 0.5232856869697571
v -0.05250665172934532 0.053895965218544006 0.5280327200889587
v -0.05142299458384514 0.041138455271720886 0.5248509049415588
v 0.036122262477874756 -0.028428133577108383 0.5107924342155457
v 0.02763628587126732 -0.03829048573970795 0.5089038610458374
v 0.027081644162535667 -0.023875657469034195 0.512384831905365
v -0.278064101934433 0.28394007682800293 0.686687171459198
v -0.2810755968093872 0.2989649474620819 0.6851959228515625
v -0.2876772880554199 0.2835733890533447 0.6864774227142334
v 0.17250677943229675 0.2433515191078186 0.6260512471199036
v 0.16171202063560486 0.2545545995235443 0.6193683743476868
v 0.09174640476703644 0.12166771292686462 0.7656635046005249
v 0.09565585106611252 0.13054537773132324 0.7632328867912292
v 0.1080225259065628 0.05315392091870308 0.7432861328125
v -0.043525032699108124 0.16441045701503754 0.7856546640396118
v -0.05104287713766098 0.1735316514968872 0.7866860628128052
v -0.05303402990102768 0.15824800729751587 0.7868918180465698
v -0.1761791855096817 0.10581553727388382 0.7238653898239136
v -0.17722944915294647 0.1213940903544426 0.7263720035552979
v -0.1783766895532608 0.10504752397537231 0.7164952754974365
v -0.17403393983840942 0.13208472728729248 0.7377701997756958
v -0.17323236167430878 0.14733007550239563 0.7378066182136536
v -0.19688063859939575 0.23116767406463623 0.6262033581733704
v -0.2029096484184265 0.21885064244270325 0.6286942362785339
v -0.19739320874214172 0.223024383187294 0.6372183561325073
v -0.0030422257259488106 0.011735145002603531 0.5190955996513367
v 0.17373284697532654 -0.04560714587569237 0.6370882987976074
v 0.13074751198291779 0.304934024810791 0.5832977294921875
v 0.10388535261154175 0.19100427627563477 0.5658661127090454
v 0.09334858506917953 0.20172232389450073 0.5579416751861572
v 0.1040492132306099 0.2073943018913269 0.5643969774246216
v -0.0067118387669324875 0.06564649939537048 0.5284568071365356
v -0.015779618173837662 0.058731142431497574 0.5280934572219849
v -0.016341134905815125 0.0697064995765686 0.5323853492736816
v 0.11314685642719269 0.3393322825431824 0.711946964263916
v 0.12084272503852844 0.34113913774490356 0.7235065698623657
v -0.048527877777814865 0.2405523955821991 0.7857886552810669
v -0.04158623889088631 0.23077066242694855 0.7862565517425537
v -0.031281035393476486 0.2475794553756714 0.7846786379814148
v 0.15898235142230988 -0.03792519122362137 0.6954767107963562
v -0.27926188707351685 0.26264113187789917 0.5837532877922058
v -0.2914678752422333 0.271105021238327 0.5913211107254028
v -0.16736860573291779 0.0958399772644043 0.5849764943122864
v -0.16695380210876465 0.09941694885492325 0.5728024244308472
v -0.07210202515125275 0.042081329971551895 0.7843652963638306
v -0.06470738351345062 0.051612332463264465 0.7857357263565063
v -0.07866222411394119 0.05399613454937935 0.784235954284668
v 0.08044345676898956 0.3048681616783142 0.5498359203338623
v -0.16402791440486908 0.039450932294130325 0.5723538398742676
v -0.17061886191368103 0.030822932720184326 0.5769303441047668
v -0.16891701519489288 0.044277358800172806 0.5793604850769043
v -0.10029078274965286 0.05752868950366974 0.5319657921791077
v -0.09415122121572495 0.051501188427209854 0.5297816395759583
v -0.10460139065980911 0.05023009330034256 0.5329830646514893
v -0.15316741168498993 0.02097727730870247 0.5531734228134155
v 0.15498033165931702 -0.021251175552606583 0.6898614764213562
v -0.06299618631601334 -0.08750894665718079 0.7665489912033081
v -0.16407334804534912 0.053490761667490005 0.5730709433555603
v -0.16933296620845795 0.06559713184833527 0.5782862901687622
v 0.22832709550857544 0.2809685468673706 0.6787370443344116
v 0.22957110404968262 0.26867151260375977 0.6775549054145813
v 0.23826536536216736 0.2792820334434509 0.6729834079742432
v -0.14462584257125854 0.35296404361724854 0.5474475622177124
v 0.10065539181232452 -0.06130514293909073 0.7464973330497742
v 0.1320761889219284 -0.05268540233373642 0.5406526327133179
v 0.1401071697473526 -0.046310074627399445 0.5455640554428101
v 0.1505517065525055 -0.05111132562160492 0.5488089919090271
v 0.0722854733467102 0.3320745527744293 0.7471609115600586
v 0.1941973865032196 0.33656057715415955 0.5940840840339661
v 0.1914690136909485 0.3204270899295807 0.5841357707977295
v -0.25877586007118225 0.19259649515151978 0.6371620893478394
v -0.25135672092437744 0.20127837359905243 0.636185884475708
v -0.25422680377960205 0.20286069810390472 0.6477152109146118
v 0.13056690990924835 0.2945302128791809 0.6105448007583618
v -0.16213881969451904 0.37350720167160034 0.705199658870697
v -0.17077666521072388 0.3790541887283325 0.7006740570068359
v 0.17977803945541382 0.2759946286678314 0.6744062900543213
v 0.19021952152252197 0.2816671133041382 0.6798242330551147
v 0.17403194308280945 0.29002854228019714 0.6799871325492859
v -0.15659485757350922 0.4026995897293091 0.68511962890625
v -0.1560119390487671 0.3939378559589386 0.6930668354034424
v -0.1469356268644333 0.4013829231262207 0.6891494393348694
v 0.231594055891037 0.3387254476547241 0.6401206254959106
v 0.12768544256687164 -0.0182658601552248 0.7236312627792358
v -0.00169314444065094 -0.021000701934099197 0.7841251492500305
v -0.011230659671127796 -0.015135284513235092 0.7848944664001465
v 0.10814377665519714 0.10660665482282639 0.7458999752998352
v 0.10166973620653152 0.10132803022861481 0.7529864311218262
v 0.11010493338108063 0.09886246919631958 0.7424363493919373
v 0.11283834278583527 0.25484952330589294 0.585495114326477
v -0.04128167778253555 0.3483302891254425 0.54860520362854
v -0.052598144859075546 0.3449416756629944 0.5469666719436646
v -0.3005235195159912 0.2703765332698822 0.5961333513259888
v -0.292746901512146 0.2884044647216797 0.6005777716636658
v 0.04495450481772423 0.46442559361457825 0.630425751209259
v 0.09572964906692505 0.16234615445137024 0.7678171396255493
v 0.09590017050504684 0.17814823985099792 0.770379364490509
v 0.08646614104509354 0.17534509301185608 0.7741729021072388
v -0.10152621567249298 -0.014284711331129074 0.7654597163200378
v -0.0921819880604744 -0.003713127225637436 0.7721107006072998
v -0.10800032317638397 -0.0024958252906799316 0.7654112577438354
v 0.11939126253128052 0.3147793710231781 0.5989667177200317
v 0.12248373031616211 0.32198262214660645 0.5857058167457581
v 0.1251942217350006 0.31121256947517395 0.5896227359771729
v -0.05455610901117325 0.15408986806869507 0.5285573601722717
v -0.053115732967853546 0.13408781588077545 0.5296968221664429
v 0.1227409690618515 0.31298279762268066 0.683932900428772
v -0.08288660645484924 0.07889582961797714 0.5291141271591187
v -0.07466435432434082 0.08395619690418243 0.5292040705680847
v -0.07661821693181992 0.07072138041257858 0.5286195278167725
v -0.18000876903533936 -0.06146644800901413 0.5703840851783752
v -0.1701497733592987 -0.06380841881036758 0.5574491620063782
v -0.17930106818675995 -0.07441273331642151 0.5690199136734009
v -0.1839512586593628 0.40417903661727905 0.6781144738197327
v 0.08256180584430695 -0.00659538246691227 0.5225735902786255
v 0.09870467334985733 -0.012765597552061081 0.5268356800079346
v 0.08513151854276657 -0.022759906947612762 0.5190626382827759
v 0.11863106489181519 0.33100372552871704 0.7094630599021912
v 0.21983098983764648 0.2707656919956207 0.6744468212127686
v 0.21609681844711304 0.28334829211235046 0.6745961308479309
v 0.06936221569776535 0.22889432311058044 0.5426214337348938
v 0.060575880110263824 0.23061496019363403 0.5365265011787415
v -0.11116626113653183 0.31864944100379944 0.7470130920410156
v -0.10374702513217926 0.3101559281349182 0.7537111043930054
v 0.08462510257959366 0.4465213418006897 0.6765580773353577
v 0.08193334937095642 0.45241740345954895 0.6661971807479858
v 0.07408986240625381 0.44842061400413513 0.6753064393997192
v -0.05904490500688553 0.4514256715774536 0.6015232801437378
v -0.0584140345454216 0.4433165490627289 0.5942271947860718
v -0.32676035165786743 0.21531780064105988 0.5901278853416443
v 0.003116019070148468 0.47224676609039307 0.6277886629104614
v -0.0020255642011761665 0.47054171562194824 0.6218303442001343
v 0.23587685823440552 0.31454217433929443 0.6203760504722595
v -0.20468729734420776 0.2136344462633133 0.5988477468490601
v -0.14000578224658966 -0.018149029463529587 0.7392679452896118
v -0.14173759520053864 -0.0280822291970253 0.7349933385848999
v -0.1295410692691803 -0.02629697695374489 0.7443622350692749
v -0.17372921109199524 0.042312365025281906 0.6987733244895935
v 0.22740232944488525 0.2923703193664551 0.6785351037979126
v 0.2350083887577057 0.28994259238243103 0.6693601608276367
v -0.15064793825149536 -0.0031190477311611176 0.5451505184173584
v -0.15125353634357452 -0.01375553384423256 0.5424501895904541
v -0.1616143137216568 -0.008957142010331154 0.5536084175109863
v 0.16741442680358887 0.2552296817302704 0.6448211669921875
v -0.07725647836923599 0.17009767889976501 0.7918434739112854
v -0.06895952671766281 0.16073355078697205 0.7903903722763062
v -0.06785738468170166 0.17616534233093262 0.7903797030448914
v 0.14823468029499054 0.04664158448576927 0.6781795024871826
v -0.06951572000980377 0.051655881106853485 0.5240018963813782
v -0.21754084527492523 0.23110057413578033 0.6338363885879517
v -0.22625908255577087 0.22015729546546936 0.6307024359703064
v 0.2098885476589203 0.25413501262664795 0.6705021858215332
v 0.2199610471725464 0.2613131105899811 0.673075795173645
v 0.030103765428066254 0.39638903737068176 0.719898521900177
v 0.03333697468042374 0.386088490486145 0.724890947341919
v -0.07764541357755661 0.15482410788536072 0.7912362217903137
v 0.09998016059398651 -0.07915391772985458 0.7540480494499207
v 0.09591016918420792 -0.08801949769258499 0.7607976794242859
v -0.34390607476234436 0.24898122251033783 0.6750402450561523
v -0.33650243282318115 0.24250054359436035 0.6778460741043091
v -0.3301740288734436 0.24825547635555267 0.6746195554733276
v 0.08781429380178452 -0.03935037553310394 0.5161251425743103
v 0.07105143368244171 -0.03304269164800644 0.513290524482727
v -0.09609897434711456 -0.0755401998758316 0.5059173703193665
v -0.1101125106215477 -0.07663264870643616 0.5092481374740601
v -0.1994408667087555 -0.04983174055814743 0.6477349996566772
v -0.2998203635215759 0.1724361777305603 0.6696070432662964
v -0.2967589795589447 0.18056263029575348 0.6725451946258545
v 0.15939673781394958 0.4122776389122009 0.6871357560157776
v 0.16484904289245605 0.4107467532157898 0.6785162687301636
v 0.1524350345134735 0.4193004369735718 0.6812968850135803
v -0.16708531975746155 -0.0661933422088623 0.7201665639877319
v -0.15912164747714996 -0.07456205040216446 0.7318060994148254
v -0.15711301565170288 0.41121065616607666 0.6767285466194153
v 0.07515638321638107 0.12141567468643188 0.540532648563385
v 0.0662127360701561 0.1259678155183792 0.5377999544143677
v 0.06914354115724564 0.13098585605621338 0.5383592247962952
v 0.04895404726266861 0.08391091227531433 0.7866227626800537
v 0.04918278008699417 0.07266266644001007 0.7859025597572327
v 0.05827711522579193 0.0882522240281105 0.7839105725288391
v -0.1877104640007019 0.3068810999393463 0.7097166776657104
v -0.19350172579288483 0.31045597791671753 0.7077021598815918
v -0.038451503962278366 -0.04229946807026863 0.7777353525161743
v -0.026197798550128937 -0.033731404691934586 0.7813156843185425
v -0.12649495899677277 0.17638160288333893 0.532267689704895
v -0.11402614414691925 0.1647406965494156 0.5371735095977783
v -0.12258027493953705 0.1608121693134308 0.5345247387886047
v 0.12477713823318481 0.33178746700286865 0.718327522277832
v -0.07509380578994751 0.4341387152671814 0.5881204605102539
v -0.0657762736082077 0.44257819652557373 0.5942249298095703
v 0.041027650237083435 0.3808121979236603 0.5514437556266785
v 0.04141468554735184 0.3698216676712036 0.5474741458892822
v 0.02934446558356285 0.384945273399353 0.5530178546905518
v -0.34505021572113037 0.23238958418369293 0.6837843656539917
v -0.3601928949356079 0.2261432707309723 0.6813943982124329
v -0.34660768508911133 0.21768295764923096 0.6900737285614014
v -0.11590560525655746 0.024574145674705505 0.5341342091560364
v -0.11561961472034454 0.03186698257923126 0.5349375605583191
v 0.14799630641937256 -0.03972102701663971 0.550491213798523
v 0.04102227836847305 0.3916677236557007 0.5561156272888184
v 0.05217050760984421 0.3978973627090454 0.5618569850921631
v 0.05028244107961655 0.38541853427886963 0.5552475452423096
v -0.19092677533626556 0.32487940788269043 0.5641982555389404
v -0.18375256657600403 0.32002684473991394 0.5565452575683594
v 0.12848995625972748 0.22724542021751404 0.6826015114784241
v 0.13016897439956665 0.2213880717754364 0.673567533493042
v 0.13058695197105408 0.24038776755332947 0.6718221306800842
v -0.12697944045066833 0.23703551292419434 0.5263712406158447
v -0.14202530682086945 0.043780792504549026 0.7457417249679565
v -0.1366380751132965 0.031071703881025314 0.7493873238563538
v -0.13311989605426788 0.04736514762043953 0.7560656070709229
v 0.14785459637641907 0.31474924087524414 0.6884684562683105
v 0.146549254655838 0.3016056418418884 0.680180549621582
v 0.17582052946090698 0.3345033526420593 0.6949715614318848
v -0.18591754138469696 0.11964287608861923 0.6604965925216675
v -0.19234894216060638 0.21832482516765594 0.6861153244972229
v -0.1378137618303299 0.00984051451086998 0.5413157343864441
v -0.14324377477169037 0.010557502508163452 0.5450661778450012
v -0.13740545511245728 0.019019518047571182 0.5432929396629333
v -0.22942322492599487 0.306020051240921 0.7067486047744751
v -0.2354910969734192 0.3091012239456177 0.7021909952163696
v -0.2588995695114136 0.35799288749694824 0.6227242350578308
v -0.2501237988471985 0.36135321855545044 0.6159918904304504
v -0.25436118245124817 0.3494601547718048 0.6066487431526184
v -0.17044460773468018 0.01311587542295456 0.6992223858833313
v 0.13830184936523438 0.2726586163043976 0.6309622526168823
v 0.13118520379066467 0.27824264764785767 0.6385370492935181
v 0.12811917066574097 0.28194883465766907 0.6301246285438538
v 0.1159554272890091 0.32122722268104553 0.7237778306007385
v -0.19370144605636597 0.17052584886550903 0.6136752963066101
v -0.1979927122592926 0.18257610499858856 0.61209636926651
v -0.18993978202342987 0.17319905757904053 0.604075014591217
v 0.14170043170452118 0.06090831756591797 0.6868592500686646
v -0.22286775708198547 0.28195855021476746 0.5743885636329651
v -0.21283896267414093 0.28377217054367065 0.5804530382156372
v -0.2163151353597641 0.26737919449806213 0.5782332420349121
v -0.17407360672950745 0.3429330289363861 0.7233937382698059
v 0.024928415194153786 0.2573661804199219 0.5344715714454651
v 0.03265179693698883 0.26585161685943604 0.5339216589927673
v 0.035571470856666565 0.25500914454460144 0.5338373780250549
v -0.00816428754478693 0.07528692483901978 0.5313438177108765
v -0.018274152651429176 0.08239181339740753 0.5343054533004761
v -0.18141749501228333 0.39437758922576904 0.6872125864028931
v -0.2262619137763977 0.25553420186042786 0.6922556161880493
v -0.2143043726682663 0.2536143958568573 0.6902679204940796
v -0.22649775445461273 0.2621800899505615 0.6960662603378296
v -0.1565159559249878 0.24028196930885315 0.7628311514854431
v -0.1546049565076828 0.22548770904541016 0.7676451206207275
v -0.14751166105270386 0.24018210172653198 0.7718575596809387
v 0.24741297960281372 0.3233150243759155 0.6372653841972351
v 0.25389596819877625 0.3166232407093048 0.6408862471580505
v 0.2499062716960907 0.31300121545791626 0.627841591835022
v 0.11236944049596786 0.24146346747875214 0.5862026214599609
v 0.1192740872502327 0.23727354407310486 0.5926405191421509
v 0.11242344230413437 0.22799170017242432 0.5868046283721924
v -0.22003546357154846 0.3634994328022003 0.592313826084137
v 0.17397718131542206 -0.06903378665447235 0.6798516511917114
v 0.17604032158851624 -0.0667065754532814 0.664932906627655
v -0.0819200724363327 0.32636672258377075 0.7488788366317749
v -0.09468873590230942 0.3288678228855133 0.7453848123550415
v -0.08636092394590378 0.3170238137245178 0.7530983686447144
v -0.2737785577774048 0.32881730794906616 0.6803390979766846
v -0.2805344760417938 0.3261648714542389 0.6711994409561157
v -0.2823669910430908 0.3134206235408783 0.6806596517562866
v 0.16881731152534485 0.31258293986320496 0.6900346279144287
v 0.1819278597831726 0.31439146399497986 0.6891471147537231
v -0.03698023408651352 0.40191295742988586 0.7251418828964233
v -0.0270568635314703 0.3967382609844208 0.7278063297271729
v -0.03246108442544937 0.41284462809562683 0.7220068573951721
v -0.05724533647298813 0.34933415055274963 0.7418526411056519
v -0.06797961890697479 0.34617000818252563 0.7417497038841248
v 0.0517793670296669 0.28598782420158386 0.5401750802993774
v 0.04360128194093704 0.2764292061328888 0.5339683294296265
v -0.19045743346214294 -0.05650634318590164 0.5886345505714417
v -0.18453337252140045 -0.06932199746370316 0.5787497758865356
v -0.1936923712491989 -0.07049566507339478 0.5972778797149658
v -0.31852787733078003 0.27795371413230896 0.6333065629005432
v -0.3148602843284607 0.27514591813087463 0.6235781908035278
v -0.32356101274490356 0.26780247688293457 0.6295780539512634
v -0.10186979174613953 0.33475905656814575 0.7407679557800293
v -0.09054353833198547 0.33844709396362305 0.7414024472236633
v -0.10380275547504425 0.34385696053504944 0.7356852293014526
v -0.16490811109542847 0.36692556738853455 0.5600180625915527
v -0.175847589969635 0.3655778467655182 0.5658971071243286
v -0.17141270637512207 0.3819238245487213 0.5708767175674438
v -0.1893755942583084 -0.07605120539665222 0.5873409509658813
v -0.19358231127262115 -0.08851753175258636 0.5959360003471375
v 0.07580768316984177 0.2736953794956207 0.5444507002830505
v 0.08350177109241486 0.2724764347076416 0.5489974021911621
v -0.1500823050737381 0.09622085094451904 0.5496883988380432
v -0.08473149687051773 0.15391096472740173 0.5315915942192078
v -0.08221922069787979 0.1727180778980255 0.5311182141304016
v 0.13217240571975708 0.31542521715164185 0.7031442523002625
v 0.1001034751534462 0.1427941918373108 0.5626513361930847
v 0.1019095703959465 0.15432609617710114 0.5688387155532837
v -0.21547463536262512 0.35146820545196533 0.706940770149231
v -0.21003910899162292 0.36141806840896606 0.7080895900726318
v 0.1317795366048813 0.13324400782585144 0.6995214223861694
v 0.12959672510623932 0.12642580270767212 0.7065858840942383
v 0.13167844712734222 0.12184236943721771 0.6991457343101501
v -0.021321989595890045 0.2604180872440338 0.7832009792327881
v 0.10980823636054993 0.007866613566875458 0.7400761246681213
v 0.11537221074104309 0.014886729419231415 0.7340644001960754
v 0.10618839412927628 0.01682674139738083 0.7441284656524658
v -0.29400837421417236 0.3082996606826782 0.6590192317962646
v -0.3052352964878082 0.30807071924209595 0.6529674530029297
v -0.30968302488327026 0.3010576367378235 0.6553564071655273
v -0.09165637940168381 0.2539258599281311 0.7869864702224731
v -0.10411940515041351 0.25412803888320923 0.7860586643218994
v -0.10167298465967178 0.23902882635593414 0.7908581495285034
v -0.19958624243736267 0.2611429989337921 0.5902611017227173
v -0.20570135116577148 0.2540605962276459 0.5948927402496338
v 0.01661941595375538 0.2669799029827118 0.5351961255073547
v 0.11281951516866684 0.08137141168117523 0.5635054707527161
v 0.12071629613637924 0.0776929184794426 0.5721257925033569
v 0.11398454755544662 0.06750772148370743 0.5597514510154724
v 0.20888683199882507 0.3142423629760742 0.588342547416687
v 0.09209166467189789 0.421489417552948 0.7066817879676819
v 0.0844118669629097 0.4133157730102539 0.7105368971824646
v -0.08027788251638412 0.003530755639076233 0.7774600982666016
v -0.062258366495370865 0.001139085739850998 0.7807260155677795
v -0.07267968356609344 0.012857615947723389 0.7804379463195801
v -0.1733461618423462 0.1696643829345703 0.590944230556488
v -0.16886800527572632 0.15862353146076202 0.5926080942153931
v -0.180123969912529 0.1653139889240265 0.5974630117416382
v -0.33428454399108887 0.22595848143100739 0.601353645324707
v 0.13309483230113983 0.11029187589883804 0.6164682507514954
v 0.20268970727920532 0.3273719847202301 0.679740846157074
v -0.054380152374506 -0.024581458419561386 0.5120779275894165
v -0.03698025271296501 -0.02489278092980385 0.5113146305084229
v 0.11553677916526794 0.3625643253326416 0.7241460084915161
v -0.1229255199432373 -0.10378280282020569 0.7595176100730896
v -0.1054285541176796 -0.10516630113124847 0.7637259364128113
v -0.11567585915327072 0.14660249650478363 0.7856980562210083
v -0.1044110432267189 0.1362248808145523 0.7872186899185181
v -0.10826548933982849 0.15307089686393738 0.788675844669342
v -0.15824943780899048 0.08024245500564575 0.5603681206703186
v -0.1644132435321808 0.08085285127162933 0.5673768520355225
v 0.10199078917503357 0.23438812792301178 0.563245415687561
v 0.09309950470924377 0.22364115715026855 0.5553115010261536
v 0.08868468552827835 0.2371666431427002 0.5520468950271606
v -0.036958467215299606 0.3146503269672394 0.5377731323242188
v -0.03906988352537155 0.32974177598953247 0.5426895022392273
v 0.07038941979408264 0.10152576863765717 0.5389800071716309
v 0.05814376100897789 0.09475600719451904 0.5355890989303589
v -0.2820875346660614 0.1785971224308014 0.5970381498336792
v -0.2741151750087738 0.1852712631225586 0.5990504026412964
v -0.17595267295837402 0.21845494210720062 0.7426015138626099
v -0.18333680927753448 0.22220700979232788 0.7332295179367065
v -0.20315879583358765 0.2345873862504959 0.6541509628295898
v -0.20550712943077087 0.2411717176437378 0.6422936916351318
v -0.2005663812160492 0.22869384288787842 0.6462075710296631
v -0.18939915299415588 0.2076672911643982 0.6966239213943481
v -0.1908103972673416 0.2245260775089264 0.6944635510444641
v 0.16986119747161865 -0.013735717162489891 0.647310733795166
v 0.16663256287574768 -0.015922844409942627 0.661432147026062
v 0.17153708636760712 -0.031016016378998756 0.6534068584442139
v -0.27303194999694824 0.20018182694911957 0.6696871519088745
v 0.12207524478435516 -0.06168579310178757 0.7364473342895508
v 0.1273493617773056 -0.056171711534261703 0.7306646108627319
v 0.13388028740882874 0.4334716200828552 0.6772329807281494
v 0.1332109123468399 0.43458589911460876 0.665915310382843
v 0.1296418309211731 0.43465250730514526 0.68388831615448
v -0.13886256515979767 0.136684387922287 0.5379842519760132
v 0.09742874652147293 0.046449802815914154 0.5437370538711548
v 0.09671125560998917 0.039293136447668076 0.5417280197143555
v 0.08779840171337128 0.042355041950941086 0.5382217764854431
v 0.0685122013092041 -0.016902880743145943 0.5173219442367554
v 0.05290435999631882 -0.014967815950512886 0.5160520076751709
v 0.06731030344963074 -0.00506218895316124 0.5200065970420837
v -0.07863706350326538 0.2827989161014557 0.5306209325790405
v -0.18883007764816284 0.34744399785995483 0.7263342142105103
v -0.04724285006523132 -0.00326688215136528 0.5170573592185974
v -0.03889964893460274 0.007292378693819046 0.5190859436988831
v -0.23518988490104675 0.2623281180858612 0.6860045194625854
v 0.19325220584869385 0.23519524931907654 0.5826780796051025
v 0.1885983943939209 0.23121148347854614 0.5940398573875427
v 0.19074738025665283 0.2392721176147461 0.5820999145507812
v 0.15514622628688812 0.01529763638973236 0.6734863519668579
v 0.15195666253566742 0.00925074890255928 0.6826790571212769
v 0.02217143028974533 0.047111935913562775 0.527551531791687
v 0.013569645583629608 0.04002127796411514 0.5261498093605042
v 0.1268065720796585 0.2570962905883789 0.6895192861557007
v 0.1239519938826561 0.2530069053173065 0.7086273431777954
v 0.12693823873996735 0.244887113571167 0.6911199688911438
v 0.1161501407623291 0.30526742339134216 0.7302508354187012
v 0.11173982918262482 0.3111755847930908 0.7381781339645386
v 0.10753224790096283 0.2961896061897278 0.7462201118469238
v -0.19524525105953217 -0.06805278360843658 0.680038571357727
v -0.19850704073905945 -0.06721871346235275 0.6640449166297913
v -0.20001816749572754 -0.07521025836467743 0.6644054055213928
v 0.11787110567092896 0.38444945216178894 0.5794464945793152
v 0.12263226509094238 0.3736324906349182 0.5759767889976501
v 0.11908654868602753 0.36297813057899475 0.5823463201522827
v -0.24538947641849518 0.21003486216068268 0.6092150807380676
v -0.24324005842208862 0.21680757403373718 0.6007318496704102
v 0.16843751072883606 0.2611982524394989 0.6564704179763794
v -0.28141164779663086 0.2715034484863281 0.5862324833869934
v -0.2709064781665802 0.27090397477149963 0.5827100872993469
v -0.06402892619371414 0.1476820558309555 0.5277383923530579
v -0.0733688622713089 0.14043690264225006 0.5280980467796326
v -0.07981199771165848 0.29621344804763794 0.5305333733558655
v -0.11163052916526794 0.3652997612953186 0.7233070135116577
v -0.10759942978620529 0.35443201661109924 0.7294762134552002
v -0.09974208474159241 0.3660222291946411 0.7265106439590454
v -0.21674947440624237 0.3932388424873352 0.6231558918952942
v 0.09792707860469818 0.2703244686126709 0.5667105913162231
v 0.0932266116142273 0.27176105976104736 0.5557425618171692
v 0.0971604436635971 0.2815690338611603 0.5670561790466309
v -0.15447354316711426 0.1988389790058136 0.5693219304084778
v -0.14990374445915222 0.20716312527656555 0.5609577894210815
v -0.2887588143348694 0.17219538986682892 0.5959863662719727
v -0.18710468709468842 0.042271144688129425 0.679153561592102
v -0.1828063577413559 0.04927271604537964 0.691290557384491
v -0.1843041628599167 0.05708257108926773 0.6888100504875183
v 0.20591917634010315 0.31361284852027893 0.6783354878425598
v 0.21764981746673584 0.32378464937210083 0.6775928735733032
v 0.11844855546951294 0.4172855019569397 0.6075800657272339
v 0.11193609237670898 0.4221092462539673 0.6079592108726501
v 0.1190134733915329 0.4232945442199707 0.6151939034461975
v 0.12556101381778717 0.30393460392951965 0.5969364643096924
v 0.040539585053920746 0.29798537492752075 0.5343106985092163
v 0.04211674630641937 0.3084680438041687 0.537751317024231
v 0.0467778779566288 0.2971855103969574 0.5389708876609802
v 0.11166280508041382 0.4430398643016815 0.6455485820770264
v 0.10247807204723358 0.4468217194080353 0.6426961421966553
v -0.22137482464313507 0.3970067799091339 0.6454519629478455
v -0.09935809671878815 0.12267642468214035 0.5368408560752869
v -0.10069815069437027 0.13669103384017944 0.538486123085022
v 0.09336519241333008 0.16690556704998016 0.5596726536750793
v 0.09321193397045135 0.18604236841201782 0.5595785975456238
v 0.10280748456716537 0.17228129506111145 0.5676380395889282
v -0.22907477617263794 0.29975128173828125 0.5793782472610474
v -0.22075247764587402 0.29176419973373413 0.5722957849502563
v -0.2318534553050995 0.28327542543411255 0.5811976790428162
v 0.11859928071498871 0.30640166997909546 0.573945164680481
v -0.269000768661499 0.3520034849643707 0.6321101188659668
v -0.07734011113643646 0.35460910201072693 0.5480710864067078
v -0.06643838435411453 0.3659972548484802 0.5536973476409912
v 0.12439907342195511 0.21999552845954895 0.602439284324646
v 0.13022086024284363 0.22961683571338654 0.6091616749763489
v 0.13217246532440186 0.21675053238868713 0.6185138821601868
v -0.20471599698066711 0.23834145069122314 0.5826820135116577
v -0.21001721918582916 0.24603386223316193 0.5960478186607361
v -0.10158929973840714 0.1747807264328003 0.5390293598175049
v -0.09551934897899628 0.16818585991859436 0.5371885895729065
v -0.10375186800956726 0.1620335876941681 0.5400686264038086
v 0.13489758968353271 0.3158680498600006 0.5892924666404724
v 0.13114461302757263 0.3218928277492523 0.5846290588378906
v 0.13786596059799194 0.30924323201179504 0.5807867050170898
v 0.12061218917369843 0.14786739647388458 0.5940155386924744
v -0.18826714158058167 0.1445847898721695 0.6374655961990356
v -0.18459603190422058 0.13359937071800232 0.639314591884613
v -0.18543529510498047 0.13221623003482819 0.6494573950767517
v 0.08365709334611893 0.42851048707962036 0.6985861659049988
v 0.14628207683563232 0.0631285160779953 0.6494133472442627
v 0.14257194101810455 0.07836438715457916 0.6502330303192139
v -0.16753531992435455 0.2535114288330078 0.7528463006019592
v -0.0009528032969683409 0.2760491669178009 0.783288300037384
v 0.010413853451609612 0.27870672941207886 0.7842142581939697
v -0.002349609276279807 0.2898566424846649 0.7769075632095337
v -0.18855680525302887 -0.05206703767180443 0.6863855123519897
v -0.1879730373620987 -0.06889045983552933 0.6947293281555176
v -0.18089109659194946 -0.052711497992277145 0.7001323699951172
v -0.06268715858459473 0.3211927115917206 0.7539254426956177
v -0.07656145095825195 0.3298391103744507 0.7479695081710815
v -0.07363137602806091 0.3144233226776123 0.7560601234436035
v -0.2631509304046631 0.2714543342590332 0.5793852806091309
v -0.26683399081230164 0.2808650732040405 0.582745373249054
v -0.2513020932674408 0.2774571478366852 0.5788717865943909
v 0.11548662185668945 0.37990814447402954 0.7200840711593628
v -0.16386334598064423 0.012325257062911987 0.7111608982086182
v -0.16157817840576172 0.028273597359657288 0.704835832118988
v -0.1793484091758728 0.06748490035533905 0.6658935546875
v -0.18423473834991455 0.05716893449425697 0.6730965375900269
v -0.1729879528284073 0.07778793573379517 0.5843663811683655
v -0.14189571142196655 -0.0004288330674171448 0.5396983027458191
v 0.04746365547180176 0.2495386004447937 0.7952436208724976
v 0.1759970784187317 0.34733903408050537 0.5898897647857666
v 0.17653533816337585 0.35698679089546204 0.5961431860923767
v -0.11020997166633606 0.2553249001502991 0.5325835347175598
v -0.11982159316539764 0.25673815608024597 0.527897834777832
v 0.05738448724150658 0.04650932177901268 0.7808927297592163
v 0.04857644438743591 0.041487421840429306 0.7831752896308899
v 0.05755152553319931 0.03589271754026413 0.7794311046600342
v -0.18761046230793 -0.035741351544857025 0.5833422541618347
v -0.1124243438243866 0.19201698899269104 0.791676938533783
v -0.10473540425300598 0.18265895545482635 0.7920228242874146
v -0.10066505521535873 0.19702179729938507 0.7924966812133789
v 0.05914723500609398 0.31242915987968445 0.762319803237915
v 0.0519367940723896 0.3044845461845398 0.7692947387695312
v 0.12170036137104034 -0.051191460341215134 0.5232675671577454
v 0.10479748994112015 -0.05440804362297058 0.5220915079116821
v 0.10397361218929291 -0.04579691216349602 0.522777795791626
v -0.178619846701622 0.06957830488681793 0.6495450735092163
v 0.11317304521799088 0.14415164291858673 0.7432568669319153
v 0.05904601514339447 0.3897797763347626 0.559394121170044
v -0.013839214108884335 0.30590662360191345 0.534047544002533
v -0.0030119605362415314 0.31615719199180603 0.5367695689201355
v 0.037383414804935455 -0.08463812619447708 0.768979012966156
v 0.04829791188240051 -0.09747838973999023 0.7677505016326904
v -0.07725353538990021 0.04075602814555168 0.5254899859428406
v 0.03885730728507042 0.15325409173965454 0.7919507026672363
v 0.04406435042619705 0.163604274392128 0.7919103503227234
v 0.03308477997779846 0.1674911379814148 0.7938535809516907
v -0.1391277313232422 0.44111770391464233 0.6130958795547485
v -0.13409031927585602 0.4478427469730377 0.6243431568145752
v -0.013513508252799511 -0.07035548985004425 0.5051332712173462
v -0.01534390076994896 -0.05263081192970276 0.5073767900466919
v 0.03915688395500183 0.32002636790275574 0.5380749106407166
v 0.03174485266208649 0.30797863006591797 0.5340615510940552
v -0.33161792159080505 0.23615482449531555 0.6065718531608582
v -0.14792652428150177 -0.050455059856176376 0.7302301526069641
v 0.11308278143405914 0.365988165140152 0.5804054737091064
v 0.05037952959537506 0.3715032935142517 0.7307513356208801
v -0.2732734680175781 0.19500227272510529 0.5917932987213135
v -0.27022868394851685 0.2081894725561142 0.5860074758529663
v -0.2709542512893677 0.17855460941791534 0.6161462664604187
v 0.16651561856269836 0.0034409090876579285 0.6415910124778748
v 0.1700623631477356 -0.012820741161704063 0.6400148868560791
v 0.16909430921077728 -0.007132666185498238 0.6268966197967529
v 0.15984484553337097 0.2945381700992584 0.6825622320175171
v 0.005510188639163971 0.17379002273082733 0.7943921089172363
v -0.18731650710105896 0.2757568657398224 0.728429913520813
v 0.11303648352622986 0.32691070437431335 0.5883950591087341
v 0.11651861667633057 0.33847033977508545 0.5883522629737854
v 0.12119290232658386 0.34203028678894043 0.5810216069221497
v -0.2019263207912445 0.19537265598773956 0.6105043888092041
v -0.19900710880756378 0.19885730743408203 0.5996901988983154
v -0.19449713826179504 0.18534696102142334 0.6024246215820312
v -0.2645801305770874 0.2700652480125427 0.6910754442214966
v -0.26344364881515503 0.2617664635181427 0.6902315616607666
v -0.20049038529396057 0.1913006752729416 0.6415588855743408
v -0.1786309778690338 0.0896938145160675 0.7067818641662598
v -0.1745365411043167 0.08991029113531113 0.7221171855926514
v 0.10328271985054016 0.24658848345279694 0.7628746032714844
v 0.09630653262138367 0.24240991473197937 0.7729328870773315
v 0.10427206009626389 0.23256394267082214 0.7619092464447021
v -0.23979277908802032 0.32115158438682556 0.7006351351737976
v -0.22791782021522522 0.3168359100818634 0.7077505588531494
v -0.23657912015914917 0.3296312093734741 0.7040639519691467
v 0.18971747159957886 0.37692365050315857 0.6792271733283997
v 0.17971289157867432 0.3865591883659363 0.6861189007759094
v 0.18670958280563354 0.3704919219017029 0.6867824196815491
v 0.08472515642642975 0.2694053649902344 0.7754360437393188
v 0.08153871446847916 0.26012906432151794 0.7812774181365967
v 0.09396945685148239 0.2562274932861328 0.7726573944091797
v 0.19700944423675537 0.30344706773757935 0.6859521269798279
v 0.08955009281635284 -0.03264394775032997 0.7511190176010132
v 0.0873086154460907 -0.04345694184303284 0.7510975003242493
v -0.05611099675297737 0.0815344750881195 0.7871601581573486
v -0.047491781413555145 0.09738416969776154 0.7870786190032959
v -0.2259591668844223 0.32480835914611816 0.5735997557640076
v -0.25854915380477905 0.2555539906024933 0.5774118304252625
v -0.27129554748535156 0.25682878494262695 0.5810239911079407
v -0.2589622735977173 0.2623179852962494 0.5772906541824341
v 0.11818252503871918 0.3504493832588196 0.5858529210090637
v -0.183800607919693 0.2636726200580597 0.5696636438369751
v -0.1903795599937439 0.2565019130706787 0.5745162963867188
v -0.19492316246032715 0.26838600635528564 0.5709880590438843
v -0.06850633025169373 0.03590750694274902 0.5242805480957031
v 0.13401806354522705 -0.0013586580753326416 0.5513119697570801
v 0.12825258076190948 -0.007111560553312302 0.5441409945487976
v -0.005557152442634106 0.05393790826201439 0.5247804522514343
v -0.014542472548782825 0.046804849058389664 0.5251302719116211
v -0.024164726957678795 0.0513310544192791 0.5294626355171204
v -0.12817442417144775 0.42509347200393677 0.6829449534416199
v -0.030549561604857445 0.35316649079322815 0.7430224418640137
v -0.035924967378377914 0.3439958989620209 0.746497631072998
v -0.01938755251467228 0.3398004472255707 0.7498170137405396
v 0.054030824452638626 0.00849946215748787 0.5221154093742371
v 0.04184383153915405 0.009970411658287048 0.5217089653015137
v 0.04993421584367752 0.020086046308279037 0.5246170163154602
v -0.18276053667068481 -0.0023977160453796387 0.678891658782959
v -0.1888909786939621 -0.001420147716999054 0.664649486541748
v 0.2011435627937317 0.34256526827812195 0.6016598343849182
v 0.19704195857048035 0.3560428023338318 0.6096537709236145
v -0.004326051101088524 -0.10232608020305634 0.7688291668891907
v -0.0006215982139110565 -0.09288346767425537 0.7711429595947266
v 0.07605227828025818 0.3510036766529083 0.7368306517601013
v 0.1473696529865265 0.03790365159511566 0.5930672287940979
v 0.13877169787883759 0.040547750890254974 0.5798625946044922
v 0.13646380603313446 0.0471174418926239 0.5807807445526123
v 0.13833031058311462 -0.008607052266597748 0.7103428244590759
v 0.14717623591423035 -0.00584806501865387 0.69820237159729
v -0.3072769045829773 0.2997915744781494 0.6428281664848328
v -0.31122344732284546 0.2881469130516052 0.6327003240585327
v -0.3141615390777588 0.29013946652412415 0.6428916454315186
v -0.18037059903144836 0.37187841534614563 0.5713765025138855
v -0.31810247898101807 0.2770652174949646 0.6650587320327759
v 0.0946023091673851 0.40140584111213684 0.7171136736869812
v 0.07784228771924973 0.39803749322891235 0.7159736752510071
v 0.00177678931504488 0.06944058835506439 0.5264160633087158
v 0.20654189586639404 0.28046196699142456 0.6759573817253113
v -0.20975789427757263 0.39823806285858154 0.6733214259147644
v -0.20943334698677063 0.3924969434738159 0.6847774982452393
v -0.18515582382678986 0.04234949126839638 0.6326006650924683
v -0.18856950104236603 0.034861594438552856 0.6355332732200623
v -0.1856354922056198 0.045331746339797974 0.6470216512680054
v -0.1471320390701294 0.03834696114063263 0.5522013902664185
v -0.14782477915287018 0.029298122972249985 0.5503498315811157
v -0.24026095867156982 0.36748722195625305 0.6893875002861023
v -0.23673440515995026 0.356169193983078 0.6980468034744263
v -0.08558759093284607 -0.0059091467410326 0.519736111164093
v 0.09120258688926697 0.4332335293292999 0.6950852274894714
v 0.08729470521211624 0.44087058305740356 0.6863734126091003
v 0.1718796193599701 -0.029096093028783798 0.6385995745658875
v -0.20851311087608337 0.2447911947965622 0.6619337797164917
v -0.155869260430336 0.17177939414978027 0.5778998136520386
v 0.018959464505314827 -0.04814630001783371 0.5071545839309692
v -0.2464958131313324 0.23324458301067352 0.6795345544815063
v -0.19203731417655945 0.02679060772061348 0.6385546922683716
v -0.19003184139728546 0.03853535279631615 0.6503768563270569
v -0.3079477548599243 0.2656787931919098 0.666225790977478
v -0.30848419666290283 0.25621089339256287 0.6691492795944214
v -0.30205655097961426 0.2582942545413971 0.6778380274772644
v -0.15939834713935852 0.005796734243631363 0.5567874312400818
v -0.14837513864040375 0.011194344609975815 0.5487328767776489
v -0.1700831949710846 6.761029362678528e-05 0.565789520740509
v -0.20095859467983246 -0.0658646896481514 0.647773265838623
v 0.19771337509155273 0.3523332476615906 0.6828123331069946
v 0.1897575855255127 0.3575369715690613 0.6871559619903564
v 0.193634033203125 0.3414030373096466 0.6849536895751953
v 0.01666213758289814 0.31580910086631775 0.7650396823883057
v 0.07508732378482819 0.20192411541938782 0.5443737506866455
v 0.034082088619470596 0.20909568667411804 0.5349783301353455
v 0.04396952688694 0.19913028180599213 0.5351998805999756
v -0.3254013955593109 0.25447314977645874 0.6191191077232361
v 0.12042445689439774 0.24903054535388947 0.7273850440979004
v 0.12412963807582855 0.2409583181142807 0.7101227641105652
v -0.1367815136909485 -0.007900655269622803 0.7421779036521912
v -0.14039498567581177 0.001837063580751419 0.7347550392150879
v -0.14572064578533173 -0.011402104049921036 0.7313819527626038
v -0.15491101145744324 0.019613657146692276 0.7256307005882263
v -0.15565158426761627 0.027700185775756836 0.7160875201225281
v 0.09337087720632553 0.45153024792671204 0.6462413668632507
v 0.08157101273536682 0.4560059607028961 0.6393352746963501
v 0.09278276562690735 0.4514922797679901 0.6492666006088257
v 0.05302803963422775 0.37921464443206787 0.5534815192222595
v 0.07336687296628952 0.45728668570518494 0.6589065194129944
v 0.08051673322916031 0.4563051462173462 0.6490289568901062
v 0.07253666967153549 0.459418922662735 0.6463810205459595
v -0.30830395221710205 0.17800462245941162 0.6753831505775452
v -0.32451772689819336 0.18990541994571686 0.6777182221412659
v -0.1855171024799347 0.2438529133796692 0.5770543217658997
v -0.19537009298801422 0.24060435593128204 0.5789408683776855
v -0.20041079819202423 0.2523666322231293 0.5746580958366394
v 0.043127067387104034 0.41476044058799744 0.7068689465522766
v 0.02665482833981514 0.4104195237159729 0.7122035026550293
v 0.06766918301582336 0.26370781660079956 0.787391722202301
v 0.0710134506225586 0.2726162075996399 0.7816637754440308
v 0.06559208035469055 0.278742253780365 0.7810176610946655
v 0.16349667310714722 -0.008444704115390778 0.6662779450416565
v 0.1642899215221405 0.0014683865010738373 0.6557638645172119
v 0.040681466460227966 0.019338440150022507 0.7826581597328186
v 0.03676072508096695 0.008109848946332932 0.7819700837135315
v 0.05363575369119644 0.014295943081378937 0.7777462005615234
v 0.13544517755508423 0.32339149713516235 0.588330090045929
v 0.16770565509796143 0.2505280077457428 0.6326341032981873
v -0.19837231934070587 0.2372264415025711 0.6346260905265808
v -0.18100595474243164 0.10191034525632858 0.6411953568458557
v -0.1754913330078125 0.09859107434749603 0.6329634189605713
v -0.18223485350608826 0.09208343923091888 0.6398756504058838
v -0.1596384048461914 0.12464640289545059 0.5613361597061157
v -0.15489104390144348 0.13242702186107635 0.5515981912612915
v -0.15890327095985413 0.11508636176586151 0.5555903911590576
v -0.16910794377326965 0.11849713325500488 0.6139528751373291
v -0.16477420926094055 0.12100174278020859 0.6048146486282349
v -0.16381891071796417 0.11029119789600372 0.6053760647773743
v -0.15514861047267914 0.05066850781440735 0.5636402368545532
v -0.15931165218353271 0.04139880836009979 0.5671522617340088
v 0.16544079780578613 0.008752860128879547 0.6287370324134827
v 0.1018618643283844 0.25748690962791443 0.5714595317840576
v 0.1086401492357254 0.26755160093307495 0.5810243487358093
v 0.0540294423699379 0.2866903245449066 0.7797708511352539
v 0.05637049674987793 0.2755489647388458 0.7852524518966675
v 0.046453122049570084 0.265705943107605 0.7914015054702759
v 0.03431804105639458 0.27074751257896423 0.7904639840126038
v -0.07124223560094833 -0.027196252718567848 0.5122349262237549
v -0.08052381128072739 -0.02194325625896454 0.514692485332489
v -0.06643089652061462 -0.013892050832509995 0.5154550075531006
v 0.2496277093887329 0.27937957644462585 0.5918314456939697
v 0.2451801598072052 0.2866246700286865 0.5955521464347839
v 0.2381713092327118 0.3040597140789032 0.6110517382621765
v 0.24232685565948486 0.30696815252304077 0.6204556226730347
v 0.17182086408138275 -0.040692076086997986 0.6616978645324707
v 0.17301225662231445 -0.048429954797029495 0.6552804708480835
v 0.1557982861995697 0.034814875572919846 0.6461551785469055
v 0.16187509894371033 0.019420716911554337 0.6438140869140625
v -0.07026387006044388 0.06246227025985718 0.5265762805938721
v 0.003230050904676318 0.2125660479068756 0.533622682094574
v 0.013717114925384521 0.2102353274822235 0.5320128202438354
v -0.0017728315433487296 0.20401278138160706 0.5342977643013
v -0.12349270284175873 0.22353874146938324 0.7890968322753906
v -0.11157137155532837 0.2221904695034027 0.7907453775405884
v -0.1203061044216156 0.23898983001708984 0.7879975438117981
v -0.1185586228966713 0.0761258602142334 0.771155595779419
v -0.11917085945606232 0.06210198253393173 0.768797755241394
v -0.10480857640504837 0.07228726148605347 0.7781547904014587
v -0.14971792697906494 -0.057046085596084595 0.5336893200874329
v -0.15039967000484467 -0.06833872199058533 0.5301186442375183
v -0.16030320525169373 -0.06611579656600952 0.5442919135093689
v -0.18665337562561035 0.40902024507522583 0.6084948778152466
v -0.1791265904903412 0.40439483523368835 0.5951063632965088
v -0.18893058598041534 0.3995669186115265 0.5986169576644897
v -0.17973488569259644 0.2810962498188019 0.5643056631088257
v -0.18246066570281982 0.2907959520816803 0.5641895532608032
v -0.17314575612545013 0.2872345745563507 0.5589035153388977
v 0.007065231911838055 0.0022835060954093933 0.5177481770515442
v -0.14356884360313416 0.08739941567182541 0.5471169948577881
v -0.10329197347164154 0.37248361110687256 0.5516853332519531
v -0.09148096293210983 0.37969645857810974 0.5566747188568115
v -0.08976481109857559 0.3654792308807373 0.5502625703811646
v 0.1182919293642044 0.40143299102783203 0.5911794900894165
v 0.11343622207641602 0.40484654903411865 0.5907979607582092
v 0.11840520799160004 0.4096534252166748 0.5993828773498535
v 0.08183073997497559 0.2136940211057663 0.5529634356498718
v 0.07739082723855972 0.2328748106956482 0.5500759482383728
v 0.19861498475074768 0.2869696319103241 0.6809402704238892
v 0.18498504161834717 0.29602503776550293 0.6840826869010925
v 0.04927366226911545 -0.03894045948982239 0.7712418437004089
v 0.07427045702934265 0.2985385060310364 0.7646821737289429
v 0.08024084568023682 0.2891350984573364 0.7670938372612
v 0.08627575635910034 0.297295480966568 0.7591567039489746
v 0.08947455137968063 0.45134004950523376 0.6361990571022034
v 0.07624274492263794 0.4530063271522522 0.6245023608207703
v -0.34679335355758667 0.24922138452529907 0.6479948163032532
v -0.27015024423599243 0.23188379406929016 0.5799565315246582
v -0.2725127935409546 0.24254663288593292 0.5790292620658875
v -0.2558365762233734 0.23916512727737427 0.5802574157714844
v -0.14103032648563385 0.0771092101931572 0.7469448447227478
v -0.13800890743732452 0.06002423167228699 0.7516462206840515
v 0.061836715787649155 0.37109747529029846 0.7295466661453247
v -0.34618133306503296 0.21287107467651367 0.6007476449012756
v 0.059579554945230484 0.24431174993515015 0.7947967648506165
v 0.06896375864744186 0.2476116120815277 0.7909213900566101
v 0.05830103158950806 0.26022738218307495 0.7914625406265259
v -0.1409572958946228 -0.05434209108352661 0.7377821207046509
v -0.12550298869609833 -0.061625778675079346 0.7483068108558655
v -0.12889991700649261 -0.044741805642843246 0.7424004077911377
v 0.15120497345924377 0.30493617057800293 0.5824645757675171
v -0.056682322174310684 -0.009061731398105621 0.7802573442459106
v -0.1659649908542633 0.41483116149902344 0.6707971096038818
v -0.16983562707901 0.40249159932136536 0.6820938587188721
v -0.04825935512781143 -0.07291564345359802 0.5048074126243591
v -0.025565434247255325 0.06381344050168991 0.5330393314361572
v -0.03433852642774582 0.05632608383893967 0.5302942395210266
v -0.03560958430171013 0.06984830647706985 0.5330454111099243
v -0.1615295112133026 0.32286566495895386 0.7303746938705444
v -0.16264453530311584 0.3124695122241974 0.7350580096244812
v -0.09600605070590973 0.37895652651786804 0.7228325009346008
v -0.10249824076890945 0.3882301449775696 0.7171619534492493
v 0.10162027925252914 -0.03077833727002144 0.7441256046295166
v -0.0338229238986969 0.27457404136657715 0.5318124294281006
v -0.04358141869306564 0.2649582624435425 0.527908980846405
v -0.04540928453207016 0.28266727924346924 0.5281022787094116
v -0.047904856503009796 0.011773407459259033 0.5206029415130615
v -0.03938813507556915 0.020966093987226486 0.5226846933364868
v -0.19686469435691833 0.40757450461387634 0.6225243806838989
v 0.01107221469283104 0.4667426645755768 0.6583491563796997
v 0.022612858563661575 0.4610673189163208 0.6659467816352844
v 0.20824682712554932 0.3363786041736603 0.6796830296516418
v -0.05039079859852791 0.3149586319923401 0.758253812789917
v -0.04872596636414528 0.30156368017196655 0.7649875283241272
v 0.10580649226903915 0.08626235276460648 0.7468900084495544
v 0.07432976365089417 0.32213807106018066 0.7515687942504883
v 0.062448229640722275 0.31969940662384033 0.7571245431900024
v 0.0222458615899086 0.36250776052474976 0.7389185428619385
v 0.0322028212249279 0.3714172840118408 0.733116626739502
v 0.01582983322441578 0.37060311436653137 0.7350727915763855
v -0.1595584899187088 -0.08252854645252228 0.5404864549636841
v -0.16421186923980713 -0.07300643622875214 0.549641489982605
v -0.1555635631084442 -0.07292362302541733 0.53560870885849
v -0.00037578120827674866 0.3701651692390442 0.736413300037384
v 0.17876896262168884 0.29247283935546875 0.5748586654663086
v 0.13289296627044678 0.18590885400772095 0.6550238728523254
v 0.1655087172985077 0.25140291452407837 0.6272830963134766
v -0.16450482606887817 0.3862587809562683 0.6963408589363098
v -0.06292186677455902 0.32932278513908386 0.5410953164100647
v -0.06586702167987823 0.3120688796043396 0.5352694988250732
v -0.13311871886253357 0.3057737946510315 0.747044026851654
v -0.1336936056613922 0.31493350863456726 0.741951584815979
v 0.0709785670042038 0.16680581867694855 0.7885047197341919
v 0.07495590299367905 0.17741157114505768 0.7856530547142029
v 0.06580372899770737 0.18104188144207 0.792229413986206
v -0.179719939827919 0.2334916591644287 0.741576075553894
v -0.1869249790906906 0.2380247712135315 0.7318302392959595
v 0.0758204534649849 0.04645900800824165 0.5351160168647766
v 0.062257297337055206 0.03866470232605934 0.530623197555542
v 0.0642964318394661 0.0510481633245945 0.5330882668495178
v -0.2528758645057678 0.34586864709854126 0.6908971071243286
v -0.2469363957643509 0.3590030372142792 0.6894615292549133
v 0.22256562113761902 0.30840930342674255 0.6784611344337463
v -0.18857890367507935 0.3220156133174896 0.7334386110305786
v 0.02088177017867565 0.30646586418151855 0.5352879762649536
v -0.16208890080451965 0.11336445063352585 0.560915470123291
v -0.22574856877326965 0.3402847647666931 0.704678475856781
v -0.22248569130897522 0.32831045985221863 0.7047175168991089
v 0.06343970447778702 -0.042712580412626266 0.5094565153121948
v 0.07585950195789337 -0.041100069880485535 0.5124938488006592
v 0.07282014191150665 -0.058873724192380905 0.508770763874054
v -0.1630653440952301 0.10203441977500916 0.5950645804405212
v -0.16600409150123596 0.09280198812484741 0.5949796438217163
v -0.16460387408733368 0.09963126480579376 0.6050676107406616
v -0.16671283543109894 0.20757855474948883 0.5737828016281128
v -0.1586548388004303 0.2107444852590561 0.5679748058319092
v 0.1285851150751114 0.1553272008895874 0.6202005743980408
v 0.13062891364097595 0.16633231937885284 0.627482533454895
v 0.13118651509284973 0.1524389237165451 0.633450448513031
v 0.13954761624336243 0.01724451407790184 0.5641621947288513
v 0.12972882390022278 0.019196990877389908 0.5560957789421082
v 0.13694755733013153 0.024215787649154663 0.5656499862670898
v 0.11908121407032013 0.4284727871417999 0.622904896736145
v 0.11526834964752197 0.4383853077888489 0.6384342908859253
v -0.31298407912254333 0.25339072942733765 0.5983237028121948
v -0.30766579508781433 0.26912909746170044 0.6036439538002014
v -5.863676778972149e-05 0.19676554203033447 0.7919731140136719
v -0.01521050464361906 0.19049173593521118 0.7875666618347168
v 0.24073559045791626 0.27305251359939575 0.5819263458251953
v 0.2294488251209259 0.28647103905677795 0.5841744542121887
v 0.08802071213722229 0.21924826502799988 0.7793469429016113
v 0.08291424810886383 0.22871091961860657 0.7829903960227966
v -0.20748183131217957 0.40455758571624756 0.6381245851516724
v -0.0939972996711731 0.4410736560821533 0.5950127840042114
v 0.16667547821998596 0.3364471197128296 0.6978155970573425
v 0.027973849326372147 0.24648776650428772 0.5343039035797119
v 0.017143214121460915 0.24850736558437347 0.5347899794578552
v -0.12305144965648651 -0.0710071548819542 0.7475186586380005
v -0.1213599145412445 -0.08063794672489166 0.7491613626480103
v -0.11540082097053528 -0.06646957993507385 0.7508817911148071
v -0.016995277255773544 0.3916570544242859 0.7296488881111145
v -0.26823264360427856 0.17975708842277527 0.637045681476593
v -0.260728120803833 0.1889929324388504 0.6314951181411743
v -0.26378655433654785 0.19573098421096802 0.5986030697822571
v -0.16457808017730713 0.28401491045951843 0.5521538257598877
v 0.12553560733795166 0.09540370106697083 0.5888369679450989
v 0.12688586115837097 0.08758153021335602 0.5885630249977112
v 0.14663854241371155 0.37903445959091187 0.5896599888801575
v 0.15538236498832703 0.38191187381744385 0.5990526080131531
v 0.15522286295890808 0.373063862323761 0.5957177877426147
v -0.06633899360895157 0.08904309570789337 0.5289561748504639
v -0.07671486586332321 0.09143195301294327 0.5293666124343872
v 0.14012929797172546 0.33912193775177 0.5865039229393005
v 0.13571327924728394 0.3473926782608032 0.5888636112213135
v -0.07367587089538574 0.07576348632574081 0.7861595153808594
v -0.056825555860996246 0.07145008444786072 0.7869341373443604
v -0.06603492051362991 0.08451294898986816 0.7869661450386047
v 0.13425827026367188 0.06160839647054672 0.5876970887184143
v 0.12767043709754944 0.07296464592218399 0.5816733241081238
v 0.12595121562480927 -0.04636058211326599 0.5328189134597778
v 0.1266908049583435 0.2911166250705719 0.643142580986023
v -0.15991070866584778 0.23521825671195984 0.5591296553611755
v -0.1317148208618164 0.20395328104496002 0.5299730896949768
v -0.1280338168144226 0.18603664636611938 0.5315161347389221
v -0.20373985171318054 -0.08208352327346802 0.6478930115699768
v -0.20313653349876404 -0.08452792465686798 0.6375769972801208
v -0.20602461695671082 -0.09771838784217834 0.6476950645446777
v -0.08597724884748459 0.09056356549263 0.7854495048522949
v -0.09573832154273987 0.09359605610370636 0.7836392521858215
v -0.29915398359298706 0.20415033400058746 0.6815900802612305
v -0.16722458600997925 0.1322399079799652 0.603503942489624
v -0.17459025979042053 0.13430699706077576 0.6111101508140564
v -0.17141085863113403 0.14332228899002075 0.6014090180397034
v 0.13959023356437683 0.31894683837890625 0.6980284452438354
v 0.20565685629844666 0.23238061368465424 0.6578024625778198
v 0.18967333436012268 0.243337020277977 0.6558929681777954
v 0.12782810628414154 0.20698189735412598 0.6109850406646729
v 0.14324632287025452 0.010933984071016312 0.6968013644218445
v 0.14893005788326263 0.003683902323246002 0.6906862258911133
v -0.2333724945783615 0.38984811305999756 0.6478519439697266
v -0.22327342629432678 0.39550521969795227 0.6596473455429077
v -0.15295657515525818 0.15342935919761658 0.7633545398712158
v -0.15761913359165192 0.167445570230484 0.7656173706054688
v -0.16460080444812775 0.15500622987747192 0.7576196789741516
v 0.08896399289369583 0.28374356031417847 0.7642634510993958
v -0.2788599133491516 0.1731770634651184 0.6517225503921509
v -0.28104138374328613 0.1652328372001648 0.6456435322761536
v 0.18082734942436218 0.39371630549430847 0.6755213737487793
v -0.18290874361991882 0.38285547494888306 0.5786291360855103
v -0.17707040905952454 0.3909008800983429 0.580546498298645
v 0.0656302347779274 0.07300783693790436 0.7791258692741394
v 0.07150553166866302 0.06348665803670883 0.7752828598022461
v 0.021833157166838646 0.17074790596961975 0.7955243587493896
v 0.010782597586512566 0.18399840593338013 0.7952301502227783
v -0.1511826366186142 0.17775484919548035 0.5684632658958435
v -0.15047912299633026 0.17390652000904083 0.5573373436927795
v -0.046058349311351776 0.07894669473171234 0.7872018218040466
v -0.03465886414051056 0.14798866212368011 0.5322175621986389
v -0.044401463121175766 0.15074032545089722 0.5305848121643066
v -0.0450972318649292 0.16033783555030823 0.5300793647766113
v -0.2465815544128418 0.25391873717308044 0.5814968943595886
v -0.08091617375612259 0.19924980401992798 0.5314174294471741
v -0.0886361375451088 0.1843898743391037 0.534326434135437
v -0.09091785550117493 0.20283609628677368 0.535783588886261
v -0.2425721436738968 0.37964820861816406 0.6734252572059631
v -0.16799916326999664 0.26693060994148254 0.7490320801734924
v -0.1591537892818451 0.2795918583869934 0.7474108934402466
v -0.33236584067344666 0.2501802444458008 0.6275944113731384
v -0.32820647954940796 0.24668115377426147 0.6123241186141968
v -0.10839193314313889 0.2454202026128769 0.5333079695701599
v -0.09588614106178284 0.23082052171230316 0.5346559882164001
v -0.10614046454429626 0.22711181640625 0.5347119569778442
v 0.1067676991224289 0.3750081956386566 0.7228915095329285
v -0.0750422403216362 0.01900726556777954 0.5247201919555664
v 0.09402145445346832 0.26566994190216064 0.7694099545478821
v 0.10199349373579025 0.2618512809276581 0.7618264555931091
v 0.10040324926376343 0.2758002281188965 0.7590441107749939
v 0.2064434289932251 0.3461019992828369 0.6114470362663269
v 0.20659533143043518 0.3534180521965027 0.6220905184745789
v -0.10403013229370117 -0.023437412455677986 0.7618265151977539
v -0.1153438538312912 -0.014528216794133186 0.7576454281806946
v -0.043538957834243774 0.35293492674827576 0.7419137358665466
v -0.30603790283203125 0.284035861492157 0.6172375679016113
v 0.1322338879108429 0.26988375186920166 0.6247580051422119
v -0.20369552075862885 0.3999120593070984 0.615997314453125
v -0.20918452739715576 0.39919206500053406 0.6236318349838257
v 0.1300506442785263 0.4310210943222046 0.6407086253166199
v -0.19889414310455322 -0.08432511985301971 0.6812203526496887
v -0.2027590125799179 -0.09133680164813995 0.6649584770202637
v -0.20186741650104523 -0.10034496337175369 0.6823429465293884
v -0.14027467370033264 0.4066019356250763 0.6883084774017334
v -0.19141240417957306 0.2558479607105255 0.7014679312705994
v -0.1857863962650299 0.26267409324645996 0.7191655039787292
v -0.2705264687538147 0.23370835185050964 0.6832175254821777
v -0.049820806831121445 0.39889854192733765 0.5680917501449585
v -0.043884653598070145 0.3881530165672302 0.5633030533790588
v 0.10811436921358109 0.3067554235458374 0.5734400749206543
v 0.10772288590669632 0.3001481592655182 0.5745186805725098
v 0.1523694097995758 0.04364164173603058 0.6197454929351807
v -0.23914441466331482 0.20886608958244324 0.6278921961784363
v -0.1694032847881317 0.31379756331443787 0.5555258989334106
v -0.28031784296035767 0.18783973157405853 0.592007577419281
v -0.19037282466888428 0.310409814119339 0.7309541702270508
v -0.18986232578754425 0.30829209089279175 0.7204099893569946
v 0.2013481855392456 0.24184437096118927 0.5748620629310608
v 0.19641011953353882 0.24995753169059753 0.5745835304260254
v 0.21098393201828003 0.2497684806585312 0.5710924863815308
v 0.13927194476127625 0.003836989402770996 0.5587596893310547
v -0.17443665862083435 -0.0364140160381794 0.7046430110931396
v -0.1711755245923996 -0.053538043051958084 0.7101982831954956
v 0.053293853998184204 -0.07112535834312439 0.7659134268760681
v 0.06275364756584167 -0.07674635946750641 0.7630473375320435
v 0.060511913150548935 -0.05862169340252876 0.7635823488235474
v -0.005143934860825539 0.03069375827908516 0.7889294624328613
v 0.11891935765743256 0.39366278052330017 0.5842070579528809
v -0.11710435152053833 0.1115524172782898 0.5394439101219177
v -0.11482267081737518 0.09603332728147507 0.5390726327896118
v -0.12948726117610931 0.10527457296848297 0.541277289390564
v 0.12960442900657654 0.31728607416152954 0.5962705016136169
v 0.13140802085399628 0.24373725056648254 0.6067832708358765
v -0.17253448069095612 -0.02933410555124283 0.5613313913345337
v -0.1626305729150772 -0.023210741579532623 0.5510162115097046
v -0.1718282699584961 -0.037732284516096115 0.560349702835083
v -0.1066664457321167 0.2759730815887451 0.5304403305053711
v -0.1116107702255249 0.2657924294471741 0.5313396453857422
v -0.1129598468542099 0.2837396264076233 0.5308904647827148
v -0.005944018252193928 0.18714639544487 0.5348181128501892
v 0.00424304511398077 0.18366558849811554 0.5336487293243408
v -0.0053367773070931435 0.1768718957901001 0.5348845720291138
v -0.2953718304634094 0.28207430243492126 0.6810964941978455
v -0.2946552336215973 0.2733460068702698 0.6855736970901489
v -0.1010267436504364 0.28770017623901367 0.7671827077865601
v -0.10782048106193542 0.2946762144565582 0.7615605592727661
v -0.10618200898170471 0.2806345820426941 0.7702839970588684
v 0.006572197191417217 -0.009570937603712082 0.784733772277832
v -0.19045251607894897 -0.07707570493221283 0.6959009766578674
v 0.14483337104320526 0.06236186996102333 0.6643193960189819
v 0.14944340288639069 0.04823514446616173 0.6559018492698669
v 0.13569261133670807 0.008635908365249634 0.7075351476669312
v 0.13789059221744537 0.01820550113916397 0.7027269601821899
v 0.11601550877094269 0.3509664535522461 0.583194375038147
v 0.12153694033622742 0.3456292450428009 0.5787296295166016
v -0.18632309138774872 -0.04590405523777008 0.580245852470398
v -0.19288451969623566 -0.04418530687689781 0.5941005945205688
v 0.10673761367797852 0.4417329430580139 0.6353262662887573
v 0.11085030436515808 0.43300437927246094 0.6214351654052734
v -0.10828743129968643 0.2061009258031845 0.7923368811607361
v -0.14497244358062744 0.39490625262260437 0.5700733661651611
v -0.16068044304847717 0.3906853497028351 0.5720213651657104
v -0.15449902415275574 0.40334394574165344 0.5799107551574707
v 0.10231396555900574 0.32738637924194336 0.7409127950668335
v 0.09278394281864166 0.31875666975975037 0.7465299963951111
v 0.1044975221157074 0.3174493908882141 0.7428312301635742
v -0.16222445666790009 0.4239007830619812 0.6602391004562378
v 0.11324198544025421 0.36234331130981445 0.570689857006073
v 0.17742398381233215 0.2664928734302521 0.667590856552124
v 0.1864517331123352 0.2671492397785187 0.6717493534088135
v -0.004132070578634739 0.3032776117324829 0.7702298164367676
v -0.014931101351976395 0.3005266785621643 0.7696515321731567
v -0.10708240419626236 0.11273917555809021 0.5385633707046509
v -0.09782743453979492 0.1095689982175827 0.5349265336990356
v -0.09176308661699295 0.005075160413980484 0.5233875513076782
v -0.03494368866086006 0.2829425036907196 0.7755166292190552
v 0.20016434788703918 0.3654395639896393 0.6261932253837585
v 0.15056848526000977 -0.0016821883618831635 0.5718370676040649
v 0.14664170145988464 -0.006854049861431122 0.5635682344436646
v -0.04058922454714775 0.22203132510185242 0.786350667476654
v -0.029373904690146446 0.2296607941389084 0.7862952351570129
v -0.04241301119327545 0.4094671905040741 0.7224184274673462
v 0.044636763632297516 -0.021780123934149742 0.5132938623428345
v 0.03525912016630173 -0.010918989777565002 0.51590496301651
v 0.11006612330675125 0.1517767608165741 0.5765488147735596
v 0.003853956237435341 0.43525102734565735 0.5840291380882263
v -0.03715334087610245 0.0808560699224472 0.5321783423423767
v -0.04955184459686279 0.07390843331813812 0.5272096395492554
v -0.046418216079473495 0.0839177593588829 0.5289970636367798
v -0.18458546698093414 0.17661036550998688 0.5960792303085327
v -0.1774221807718277 0.1820782721042633 0.5886787176132202
v -0.23211535811424255 0.22593626379966736 0.6022432446479797
v -0.22211334109306335 0.24258039891719818 0.60728520154953
v 0.12039464712142944 0.16562151908874512 0.7341270446777344
v 0.11285721510648727 0.1596069037914276 0.7452735900878906
v 0.12014826387166977 0.1504797339439392 0.73209547996521
v -0.19653068482875824 0.20439113676548004 0.6696578860282898
v -0.1932573765516281 0.18929952383041382 0.670937180519104
v -0.20940713584423065 0.38401558995246887 0.6946781873703003
v 0.22655156254768372 0.3436441123485565 0.6414589285850525
v 0.22149235010147095 0.3370968997478485 0.6506720781326294
v 0.23127678036689758 0.3265458047389984 0.6475193500518799
v 0.06302357465028763 0.4622535705566406 0.640117347240448
v -0.1601838767528534 0.04326238855719566 0.7143980860710144
v -0.15049245953559875 0.035776734352111816 0.7250678539276123
v -0.15578001737594604 0.0511460117995739 0.7230519652366638
v -0.20489874482154846 0.31393471360206604 0.5688885450363159
v -0.2088990956544876 0.3110266327857971 0.5769974589347839
v -0.16661250591278076 0.07820262014865875 0.7253265380859375
v -0.16820977628231049 0.09420502930879593 0.731694221496582
v 0.031224042177200317 0.4600166082382202 0.6126337051391602
v 0.03492175415158272 0.4512142241001129 0.6008551716804504
v 0.023807412013411522 0.18529151380062103 0.5323837399482727
v 0.023970523849129677 0.1751379519701004 0.531598687171936
v -0.15031641721725464 -0.004942901432514191 0.7227109670639038
v -0.1657617688179016 0.2398880571126938 0.7560222148895264
v -0.1729910969734192 0.2365071326494217 0.7492390275001526
v -0.16339720785617828 0.22621481120586395 0.7582497596740723
v -0.2741614580154419 0.33369195461273193 0.6146562099456787
v -0.27999281883239746 0.3182995319366455 0.6083097457885742
v -0.2535960376262665 0.3721323609352112 0.641562819480896
v -0.26174628734588623 0.36494016647338867 0.6504002213478088
v -0.01341550424695015 0.018983405083417892 0.7875401973724365
v 0.029889896512031555 0.37415140867233276 0.5489842891693115
v 0.017900601029396057 0.3770977258682251 0.5511218309402466
v -0.12884478271007538 0.0682409405708313 0.7618764638900757
v 0.13262198865413666 0.14977340400218964 0.6466657519340515
v -0.19337476789951324 0.01795591041445732 0.6422829031944275
v -0.1927328109741211 0.014678709208965302 0.6278235912322998
v -0.1855868399143219 0.16177858412265778 0.6054211854934692
v 0.1409236639738083 0.2828972637653351 0.649107813835144
v 0.03404612839221954 0.4582456946372986 0.6668017506599426
v 0.03388393297791481 0.45441848039627075 0.6728503108024597
v 0.07412509620189667 0.4267171025276184 0.585920512676239
v 0.07482139766216278 0.4098682403564453 0.5746577978134155
v -0.1439875215291977 0.17106807231903076 0.5371993780136108
v -0.13633976876735687 0.1772773414850235 0.5324437618255615
v -0.14070947468280792 0.153569757938385 0.7658807635307312
v -0.14549843966960907 0.1676085889339447 0.7687230706214905
v 0.06455764174461365 0.4533247947692871 0.66786789894104
v 0.008797036483883858 0.4553983509540558 0.6798136234283447
v -0.0024139159359037876 0.15065978467464447 0.7924014329910278
v -0.012368139810860157 0.1547556072473526 0.7893039584159851
v -0.12026013433933258 0.36937689781188965 0.7186230421066284
v -0.10526259988546371 0.3752453029155731 0.7212705016136169
v 0.1273699700832367 0.14661937952041626 0.7185749411582947
v 0.1272062510251999 0.15629638731479645 0.7207438945770264
v 0.12410201877355576 0.14371150732040405 0.7241753935813904
v -0.14390182495117188 0.06881008297204971 0.7418079972267151
v -0.14483675360679626 0.05190162733197212 0.7378219366073608
v -0.26367706060409546 0.19024422764778137 0.6073694825172424
v -0.2832496762275696 0.30084043741226196 0.5996241569519043
v -0.2741461992263794 0.313129186630249 0.5992936491966248
v 0.13150881230831146 0.4056485891342163 0.7096166610717773
v -0.15035618841648102 -0.07947078347206116 0.7371551990509033
v -0.14555776119232178 -0.06706559658050537 0.7368790507316589
v 0.21350052952766418 0.3358519673347473 0.6109178066253662
v -0.04514562338590622 0.4619947671890259 0.6087988018989563
v 0.11244910955429077 0.1750413179397583 0.7469865679740906
v 0.10617563873529434 0.16870158910751343 0.7589395046234131
v -0.08915624767541885 0.4340660870075226 0.5881757736206055
v -0.0848800539970398 0.4258084297180176 0.5822937488555908
v -0.16525787115097046 0.1473916918039322 0.5943095088005066
v -0.15690164268016815 0.1558101773262024 0.5820292234420776
v -0.15825136005878448 0.13889159262180328 0.5863984823226929
v -0.06773815304040909 -0.07894600182771683 0.7658493518829346
v -0.07825874537229538 -0.0793350338935852 0.7631708383560181
v -0.07927709072828293 -0.09247452020645142 0.763941764831543
v 0.039473000913858414 0.4634285271167755 0.6229998469352722
v 0.02713989093899727 0.4692811667919159 0.6331954002380371
v 0.13659092783927917 0.3643954396247864 0.7106512784957886
v 0.14917249977588654 0.3690488636493683 0.7111737132072449
v 0.13975241780281067 0.37524253129959106 0.7119706273078918
v -0.20102179050445557 0.3545668125152588 0.5695512294769287
v -0.19493478536605835 0.36708778142929077 0.5758306384086609
v -0.0012850710190832615 0.10510428249835968 0.5332763195037842
v 0.008554602041840553 0.09708885848522186 0.5321335196495056
v 0.06007789447903633 0.12655089795589447 0.786906361579895
v 0.04948851093649864 0.12343905866146088 0.7890737056732178
v 0.058661025017499924 0.10897891223430634 0.7852826714515686
v -0.35485243797302246 0.22163759171962738 0.6413518786430359
v -0.13724537193775177 0.23956331610679626 0.7794680595397949
v -0.12692943215370178 0.246890589594841 0.7820838689804077
v -0.08809605240821838 0.25326964259147644 0.5316233038902283
v -0.0920754075050354 0.24192538857460022 0.5332785248756409
v -0.09983749687671661 0.25910699367523193 0.531906247138977
v -0.21660666167736053 0.25336796045303345 0.603579044342041
v 0.0740366280078888 0.24125689268112183 0.7890477180480957
v -0.037979014217853546 -0.008388891816139221 0.5151882171630859
v -0.05571306496858597 -0.014501946046948433 0.514681339263916
v -0.09667545557022095 -0.007762160152196884 0.5210180878639221
v -0.10170989483594894 -0.02167801931500435 0.5184475779533386
v -0.10877994447946548 -0.012102412059903145 0.5228990316390991
v 0.10661662369966507 0.3360966145992279 0.5671058297157288
v -0.23448531329631805 0.24930432438850403 0.6776425838470459
v -0.22898568212985992 0.2544548809528351 0.6846939325332642
v -0.246034175157547 0.25834953784942627 0.6858744621276855
v 0.09589970111846924 0.04117567464709282 0.7553351521492004
v 0.10516802966594696 0.03973442316055298 0.7457082867622375
v 0.09920240938663483 0.0546628013253212 0.7528321146965027
v -0.020747888833284378 0.10741224884986877 0.5347365736961365
v -0.019937792792916298 0.09476616233587265 0.5346565246582031
v -0.06520956754684448 0.021802611649036407 0.7830132842063904
v -0.0581955686211586 0.03945145756006241 0.7851872444152832
v -0.05744527652859688 0.370492547750473 0.7335449457168579
v 0.10519282519817352 0.3611336350440979 0.7278546690940857
v 0.13346245884895325 0.27839162945747375 0.595104455947876
v -0.18824568390846252 0.014820609241724014 0.6585874557495117
v 0.15015117824077606 0.04904362931847572 0.648353636264801
v -0.19126763939857483 0.3430488109588623 0.5674105882644653
v -0.1854521632194519 0.3589867651462555 0.5691779255867004
v 0.03047984465956688 0.08457283675670624 0.7902151346206665
v -0.16638973355293274 0.2940705120563507 0.5527401566505432
v -0.17587187886238098 0.30236372351646423 0.5602405071258545
v 0.019444342702627182 0.15891677141189575 0.5307152271270752
v 0.014887532219290733 0.1679220050573349 0.5305685997009277
v 0.025103725492954254 0.16376084089279175 0.5310416221618652
v 0.05382394790649414 -0.026781029999256134 0.5126516222953796
v 0.02408304437994957 0.2080027312040329 0.5338031649589539
v 0.024009035900235176 0.19693392515182495 0.5332893133163452
v 0.014112446457147598 0.20148861408233643 0.5317086577415466
v -0.19485881924629211 0.4044232964515686 0.6117194890975952
v -0.13479456305503845 0.2246941328048706 0.7835836410522461
v -0.12791554629802704 0.23162855207920074 0.7865473031997681
v -0.1184099018573761 0.05344163253903389 0.7679475545883179
v -0.10852105915546417 0.0558188334107399 0.7741654515266418
v -0.22574512660503387 0.24474239349365234 0.6839484572410583
v -0.21051426231861115 0.2502737045288086 0.6767948865890503
v -0.300236314535141 0.2782779335975647 0.6017478108406067
v -0.30272701382637024 0.2886921167373657 0.6162894368171692
v 0.13155515491962433 0.1481342911720276 0.7027344107627869
v 0.018490422517061234 0.09291636943817139 0.5317475199699402
v -0.1509404331445694 0.08492550253868103 0.7398173809051514
v -0.009150568395853043 -0.04923643916845322 0.7803651690483093
v 0.018000517040491104 -0.019017858430743217 0.5133489966392517
v -0.14674009382724762 0.20386916399002075 0.5507491230964661
v -0.1139053925871849 -0.025421058759093285 0.5204406380653381
v -0.20556321740150452 0.32941901683807373 0.5699273943901062
v -0.20935431122779846 0.32120174169540405 0.5640214085578918
v -0.07576706260442734 0.21724116802215576 0.7910264134407043
v -0.08863447606563568 0.22827160358428955 0.792550802230835
v -0.09209764748811722 0.21160459518432617 0.7925570011138916
v -0.1737012267112732 0.4171547293663025 0.6638596057891846
v -0.1790381819009781 0.4101574420928955 0.6707615256309509
v 0.0748312920331955 0.43528619408607483 0.6919699907302856
v 0.06755809485912323 0.430177241563797 0.6960495710372925
v -0.028180239722132683 0.0001682862639427185 0.7850886583328247
v -0.021184604614973068 0.0181431844830513 0.7870852947235107
v -0.037017811089754105 0.01674959808588028 0.7854999899864197
v -0.11203854531049728 0.1550673097372055 0.5387024283409119
v 0.11661389470100403 0.35535815358161926 0.5762681365013123
v 0.1280614584684372 0.3635205626487732 0.5784669518470764
v -0.2132142335176468 0.3016124665737152 0.5792683362960815
v 0.03970925137400627 0.036436330527067184 0.7851824760437012
v 0.030150197446346283 0.04232029989361763 0.7879214882850647
v 0.031393542885780334 0.024793345481157303 0.7855438590049744
v 0.1694200038909912 0.4099936783313751 0.6573331356048584
v 0.17798945307731628 0.4017820954322815 0.6572924256324768
v 0.17926561832427979 0.399445116519928 0.6443398594856262
v 0.13721241056919098 0.2860488295555115 0.62767094373703
v 0.1307486891746521 0.2774295508861542 0.6153631806373596
v 0.13034388422966003 -0.04112198203802109 0.5415312647819519
v 0.11817631125450134 -0.03523314744234085 0.527607798576355
v 0.1259898692369461 -0.027125801891088486 0.5398882627487183
v 0.07306984812021255 0.45951324701309204 0.6395922303199768
v 0.07071612030267715 0.44860994815826416 0.6111710071563721
v 0.16288042068481445 0.3382394313812256 0.5835256576538086
v 0.16446945071220398 0.348463237285614 0.5875712037086487
v -0.2958314120769501 0.19008098542690277 0.6762446761131287
v -0.2891707420349121 0.1972903609275818 0.6765798926353455
v -0.15343770384788513 0.075956791639328 0.7346810102462769
v -0.16064807772636414 0.06693726032972336 0.7247081995010376
v -0.1506531834602356 0.05972115322947502 0.7316533327102661
v 0.10132315754890442 -0.029101386666297913 0.5243068933486938
v 0.11415018141269684 -0.01928362250328064 0.5327436923980713
v -0.0872766524553299 -0.0972537100315094 0.7632592916488647
v 0.1390434056520462 0.02721836045384407 0.6994113326072693
v 0.09225751459598541 0.4446190893650055 0.6239678859710693
v 0.09758442640304565 0.44546225666999817 0.6324608325958252
v 0.10076339542865753 0.4378649890422821 0.6188277006149292
v 0.07906778156757355 0.2627560496330261 0.5463483929634094
v 0.09418763220310211 0.26054617762565613 0.5555545687675476
v 0.06656593829393387 0.19021940231323242 0.5372005105018616
v 0.05506158247590065 0.18406915664672852 0.5354130268096924
v 0.05541395768523216 0.200072780251503 0.5352911353111267
v 0.16397756338119507 -0.030574392527341843 0.5846580862998962
v 0.16621103882789612 -0.024197354912757874 0.5986675024032593
v -0.10509590059518814 0.02711540460586548 0.5303407907485962
v -0.3314909040927887 0.23466044664382935 0.673481822013855
v -0.1810261607170105 0.33978721499443054 0.7279579639434814
v -0.1850302517414093 0.3315246105194092 0.7323359847068787
v -0.05176607519388199 0.3281833529472351 0.7518068552017212
v -0.06555228680372238 0.33520421385765076 0.7469344139099121
v -0.15140984952449799 -0.025452211499214172 0.5398678779602051
v -0.13875079154968262 -0.027846524491906166 0.5301579236984253
v -0.15049052238464355 -0.04241659492254257 0.5366094708442688
v -0.12060808390378952 0.07839372754096985 0.5403965711593628
v -0.11815600842237473 0.08700726926326752 0.5398926138877869
v -0.10920104384422302 0.07360927760601044 0.5370030999183655
v 0.13141024112701416 0.25839516520500183 0.6700804829597473
v 0.030146118253469467 0.12976999580860138 0.7925000190734863
v 0.040571294724941254 0.13501998782157898 0.7909780740737915
v 0.029325762763619423 0.1390283852815628 0.793111264705658
v -0.28063762187957764 0.24807202816009521 0.5811141729354858
v -0.057963207364082336 0.2973439693450928 0.5318829417228699
v -0.29880332946777344 0.24273505806922913 0.5855076909065247
v 0.04626937955617905 0.42463061213493347 0.6996999979019165
v 0.0319841168820858 0.41958585381507874 0.7052333354949951
v 0.1857697069644928 0.3922243118286133 0.6567867994308472
v 0.18947210907936096 0.3869469165802002 0.644568920135498
v -0.1944388896226883 0.334258109331131 0.7151479125022888
v 0.17997145652770996 0.23450736701488495 0.6070039868354797
v 0.18173369765281677 0.2298714816570282 0.6152727007865906
v -0.24290873110294342 0.22423185408115387 0.5931030511856079
v -0.24859263002872467 0.23126035928726196 0.5857082009315491
v -0.2347571849822998 0.23202824592590332 0.5938833355903625
v -0.20041200518608093 0.39012667536735535 0.5993942022323608
v -0.20944994688034058 0.3818272650241852 0.5996150970458984
v -0.2098587304353714 0.3911968767642975 0.6110552549362183
v 0.13192810118198395 0.06645705550909042 0.7100263237953186
v -0.1413206160068512 0.1615557223558426 0.5362817645072937
v 0.11903513967990875 0.13698270916938782 0.5881927609443665
v -0.16811345517635345 0.3038176894187927 0.5538976788520813
v -0.15736663341522217 0.3069017231464386 0.5456000566482544
v -0.2211313098669052 0.3715152144432068 0.5989423990249634
v 0.10495002567768097 0.24429510533809662 0.5753777027130127
v 0.09823770821094513 0.24727217853069305 0.5592495799064636
v 0.04360494762659073 -0.04483345150947571 0.5069307088851929
v 0.03734205663204193 -0.05398892983794212 0.5046404004096985
v 0.05780839920043945 0.02555808052420616 0.7778919339179993
v 0.07012958079576492 0.03231589496135712 0.7728719115257263
v 0.08938225358724594 0.05657121539115906 0.7620538473129272
v 0.08002100139856339 0.05211832374334335 0.7689623832702637
v -0.08605661988258362 0.044567499309778214 0.7821781039237976
v -0.08462940156459808 0.034036099910736084 0.7814697027206421
v -0.2103394865989685 0.3485279381275177 0.7072864770889282
v -0.14688977599143982 0.011719632893800735 0.7301367521286011
v -0.13786332309246063 0.015534140169620514 0.7401235103607178
v -0.14599360525608063 0.02718202769756317 0.7394409775733948
v 0.12683813273906708 0.1713414341211319 0.7232432961463928
v -0.24441173672676086 0.3787575364112854 0.6390650868415833
v -0.2391921579837799 0.383961021900177 0.643504798412323
v -0.23462441563606262 0.38373348116874695 0.6313595175743103
v 0.16590330004692078 0.35858720541000366 0.592274010181427
v -0.07751341909170151 0.2354992926120758 0.7910580039024353
v -0.06570323556661606 0.2336919903755188 0.7886353135108948
v -0.1533372849225998 0.3553687036037445 0.5518198013305664
v -0.12878410518169403 0.4535992443561554 0.6361801624298096
v 0.14153233170509338 0.0012889429926872253 0.702774703502655
v -0.11919275671243668 0.02255890518426895 0.7607440948486328
v -0.12631459534168243 0.03481541574001312 0.7584618926048279
v -0.12855854630470276 0.018995914608240128 0.7504493594169617
v -0.1397346556186676 0.4082661271095276 0.5777727365493774
v -0.199641615152359 0.3750288188457489 0.7049538493156433
v -0.19176888465881348 0.19571775197982788 0.6790309548377991
v -0.18984313309192657 0.18497352302074432 0.6888019442558289
v 0.11456356197595596 0.08799874782562256 0.7355528473854065
v -0.27245163917541504 0.30021944642066956 0.6881436109542847
v -0.2653607726097107 0.30708402395248413 0.6928473711013794
v -0.2737034559249878 0.3152570128440857 0.6838910579681396
v 0.2588900625705719 0.3029192388057709 0.6265890598297119
v 0.2571830749511719 0.3104681968688965 0.6332547068595886
v 0.2672468423843384 0.3013567626476288 0.6329523921012878
v -0.01610517129302025 0.1810929775238037 0.5345621109008789
v -0.022050343453884125 0.1888965517282486 0.5337514877319336
v -0.3225170373916626 0.27424880862236023 0.6365357041358948
v -0.1245918720960617 0.20137393474578857 0.7849386930465698
v -0.12721140682697296 0.18749341368675232 0.7812730669975281
v 0.23228690028190613 0.31643009185791016 0.6501265168190002
v 0.24250540137290955 0.31692466139793396 0.6462255120277405
v -0.30537480115890503 0.223012313246727 0.5836219191551208
v -0.2969449758529663 0.2317781001329422 0.582798182964325
v -0.004140334203839302 0.025432638823986053 0.5219476222991943
v -0.014683682471513748 0.03643574193120003 0.7882736921310425
v -0.006086444947868586 0.0478643923997879 0.7896446585655212
v -0.23178540170192719 0.37663787603378296 0.6886919140815735
v -0.07632739096879959 0.40751469135284424 0.7198646068572998
v -0.08704713732004166 0.3958226144313812 0.7190831303596497
v 0.03851519525051117 -0.000453069806098938 0.5189089179039001
v 0.029546312987804413 0.0015008673071861267 0.5188341736793518
v -0.08661559969186783 0.441196084022522 0.5943742394447327
v -0.16688768565654755 0.10829609632492065 0.7392789125442505
v -0.15983593463897705 0.09901463985443115 0.7403522729873657
v -0.16418318450450897 0.11484993994235992 0.7444292306900024
v 0.1280868649482727 0.006615933030843735 0.7181885838508606
v -0.18549121916294098 0.02979232743382454 0.6674443483352661
v 0.057641513645648956 0.056754644960165024 0.7817959189414978
v 0.07166145741939545 0.09195242822170258 0.5388465523719788
v 0.06605546176433563 0.07881831377744675 0.536038339138031
v 0.05934601277112961 0.08678580820560455 0.535178542137146
v 0.16899225115776062 -0.033266354352235794 0.6680205464363098
v 0.1651230901479721 -0.03542463481426239 0.6821020245552063
v -0.06872358173131943 0.18497054278850555 0.5277941823005676
v 0.10881562530994415 0.416553795337677 0.7117229104042053
v 0.11318913102149963 0.31964224576950073 0.7354767918586731
v -0.07993730902671814 0.2361471951007843 0.5317779183387756
v -0.09458140283823013 0.2220715433359146 0.5352611541748047
v -0.15580855309963226 0.2249385416507721 0.559598445892334
v -0.09910111129283905 0.3195857107639313 0.749459981918335
v -0.09675458073616028 0.30448421835899353 0.7584668397903442
v 0.10526880621910095 0.2000848799943924 0.762019157409668
v 0.10586361587047577 0.18444423377513885 0.7607460021972656
v 0.11219862103462219 0.1905803382396698 0.7483439445495605
v -0.01318320631980896 0.1394766867160797 0.5342553853988647
v -0.0029058651998639107 0.13809004426002502 0.5345973372459412
v -0.012363243848085403 0.1259576380252838 0.5339809060096741
v -0.13641375303268433 0.2402089387178421 0.5290218591690063
v -0.12847837805747986 0.24749678373336792 0.5257583856582642
v -0.24632881581783295 0.3328806757926941 0.589145839214325
v -0.24170199036598206 0.34331488609313965 0.5921803712844849
v 0.17692062258720398 0.35591229796409607 0.6966978311538696
v 0.17099660634994507 0.3693363666534424 0.6997895240783691
v 0.1661320924758911 -0.02567085064947605 0.6718945503234863
v 0.04181615635752678 0.35861408710479736 0.5442913770675659
v 0.05607546120882034 0.35597339272499084 0.5471596121788025
v 0.11450827121734619 0.11653801798820496 0.5770608186721802
v 0.10797591507434845 0.11791718006134033 0.5682178139686584
v -0.1731102466583252 0.08609868586063385 0.62315434217453
v -0.16798733174800873 0.09255252033472061 0.6146242618560791
v -0.1701297163963318 0.07805895805358887 0.6134633421897888
v -0.06720993667840958 0.36727720499038696 0.7333887815475464
v -0.2445942759513855 0.2815624475479126 0.6928606033325195
v -0.2520047426223755 0.2747470736503601 0.6926345229148865
v -0.23963429033756256 0.2716324031352997 0.6893222332000732
v -0.1884075552225113 0.19818399846553802 0.7067156434059143
v -0.1853630393743515 0.18914872407913208 0.7169250249862671
v -0.1874752640724182 0.2046578824520111 0.7157546281814575
v -0.18991529941558838 0.2011719048023224 0.6879247426986694
v -0.04192717745900154 0.06728512048721313 0.7870911955833435
v -0.18463069200515747 0.09066575765609741 0.6493303179740906
v -0.18010714650154114 0.07873490452766418 0.6583243608474731
v -0.18163512647151947 -0.03611065447330475 0.6925259828567505
v -0.17547231912612915 -0.019738975912332535 0.6973684430122375
v -0.069854736328125 -0.03747394680976868 0.5098080039024353
v -0.200350821018219 -0.05434577912092209 0.6377559900283813
v -0.12073920667171478 0.195748433470726 0.5318219661712646
v -0.18123798072338104 0.1368228793144226 0.6187037229537964
v -0.17715038359165192 0.1263122856616974 0.6210454106330872
v -0.07733647525310516 0.10533329844474792 0.787273108959198
v -0.08504113554954529 0.11493134498596191 0.7875020503997803
v -0.09318948537111282 0.11011917144060135 0.7859556674957275
v -0.27193593978881836 0.24240806698799133 0.6845688819885254
v -0.0833282545208931 0.2176688015460968 0.5328845977783203
v -0.18853145837783813 0.3745124340057373 0.5774737596511841
v -0.19124716520309448 0.389584481716156 0.5897637605667114
v 0.13063515722751617 0.2843988537788391 0.5995438694953918
v 0.12983152270317078 0.2989569306373596 0.5969288945198059
v -0.1850607991218567 0.14808407425880432 0.6166206002235413
v -0.1812882125377655 0.15072061121463776 0.6073281168937683
v -0.175755575299263 0.15449535846710205 0.5990075469017029
v -0.17920657992362976 0.14529404044151306 0.6085032224655151
v 0.14269740879535675 0.0598333477973938 0.6079407930374146
v 0.14782722294330597 0.04744467884302139 0.6069682836532593
v 0.11451295018196106 0.09613856673240662 0.5704890489578247
v 0.048462316393852234 0.030100330710411072 0.526469886302948
v 0.031490061432123184 0.03091849759221077 0.5254628658294678
v 0.046930793672800064 0.03868303820490837 0.5278263688087463
v 0.12381322681903839 0.4346961975097656 0.6883248090744019
v 0.11095291376113892 0.43568503856658936 0.6916670203208923
v -0.12360398471355438 0.2159545123577118 0.5286162495613098
v -0.18889428675174713 0.19156447052955627 0.6979923248291016
v -0.186948761343956 0.18250206112861633 0.7080275416374207
v -0.19669967889785767 0.16716083884239197 0.634376049041748
v -0.1936313956975937 0.15840429067611694 0.6356846690177917
v -0.19639375805854797 0.16561265289783478 0.644963264465332
v 0.04527663439512253 0.4032270908355713 0.5629807710647583
v 0.029096998274326324 0.3934345841407776 0.5569678544998169
v 0.1884128451347351 0.29009315371513367 0.5739852786064148
v 0.21010619401931763 0.28221195936203003 0.5752238631248474
v 0.2187328338623047 0.2739911377429962 0.5745784640312195
v 0.2024131715297699 0.2765740752220154 0.5728832483291626
v 0.19915935397148132 0.3736489713191986 0.6447992920875549
v -0.13197824358940125 0.40337029099464417 0.6954900622367859
v -0.1854390949010849 0.028795089572668076 0.6068517565727234
v -0.1840296983718872 0.01688670739531517 0.5960223078727722
v -0.21729621291160583 0.3113413155078888 0.5729485750198364
v -0.2031313180923462 -0.09544028341770172 0.6263997554779053
v 0.12591059505939484 0.20980221033096313 0.7093150019645691
v 0.1248244196176529 0.2023337185382843 0.7261826395988464
v 0.12762373685836792 0.1940380036830902 0.7079556584358215
v 0.1252976953983307 0.2896539568901062 0.6408472657203674
v 0.1270407885313034 0.3057026267051697 0.6410654783248901
v 0.13468119502067566 0.2999592423439026 0.6507560610771179
v 0.14654234051704407 0.016585450619459152 0.6891632080078125
v 0.16701406240463257 0.36856210231781006 0.5983282327651978
v -0.2834627628326416 0.2799265384674072 0.5896510481834412
v -0.277461439371109 0.29124122858047485 0.5904957056045532
v 0.1517968773841858 0.4124918580055237 0.6939816474914551
v 0.15227749943733215 0.4055797755718231 0.699827253818512
v 0.13002130389213562 0.3350493311882019 0.5828297138214111
v 0.18596100807189941 0.3504425585269928 0.6932926774024963
v -0.33628296852111816 0.2135894000530243 0.5952332019805908
v -0.3276195228099823 0.22416062653064728 0.5946401357650757
v 0.004093491472303867 0.4083907902240753 0.7182891368865967
v -0.009382680989801884 0.4124371409416199 0.7172340750694275
v 0.1331591159105301 0.02543468028306961 0.7091039419174194
v -0.06388936936855316 0.21548005938529968 0.789016842842102
v -0.051962804049253464 0.2140413224697113 0.7871907353401184
v -0.05889640748500824 0.22385233640670776 0.7879470586776733
v 0.03534480184316635 0.34642061591148376 0.7467814683914185
v 0.05780370160937309 0.07791371643543243 0.7834150791168213
v -0.09639130532741547 0.32763350009918213 0.5356064438819885
v -0.10677354037761688 0.3236464560031891 0.5336259603500366
v -0.109258271753788 0.3390713632106781 0.5381140112876892
v -0.2047645002603531 0.2834160327911377 0.5622594356536865
v -0.20034757256507874 0.27530086040496826 0.5660156607627869
v -0.20997416973114014 0.2715839743614197 0.5717232823371887
v 0.13579130172729492 0.3081784248352051 0.6902778148651123
v 0.12875710427761078 0.04290774092078209 0.5675815939903259
v -0.16899126768112183 -0.10246160626411438 0.7381623983383179
v -0.15496313571929932 -0.1030048131942749 0.7457178831100464
v -0.15306001901626587 -0.09508530795574188 0.7425421476364136
v 0.08933904021978378 0.45094937086105347 0.6654587388038635
v 0.08814314752817154 0.45242151618003845 0.6576398015022278
v -0.23615628480911255 0.21428713202476501 0.619357168674469
v 0.1318354308605194 0.22802208364009857 0.6627827882766724
v 0.13175055384635925 0.20924781262874603 0.6648293733596802
v 0.13340237736701965 0.2220786213874817 0.6536288857460022
v 0.026431413367390633 0.23198643326759338 0.7961272597312927
v 0.03756670653820038 0.21925696730613708 0.7957574129104614
v -0.2632620334625244 0.34175214171409607 0.6086015701293945
v -0.1317136436700821 0.20950987935066223 0.7824305295944214
v -0.18867148458957672 0.1432265341281891 0.647754430770874
v -0.19465279579162598 0.15998388826847076 0.6457170248031616
v -0.26580584049224854 0.1815146803855896 0.6255002021789551
v -0.17991556227207184 0.07301626354455948 0.7055662870407104
v -0.17987166345119476 0.0771208256483078 0.6943206787109375
v 0.12235449254512787 0.4398314356803894 0.6656233668327332
v 0.11796240508556366 0.3518211543560028 0.7247920632362366
v -0.15140843391418457 0.16363559663295746 0.5553517937660217
v -0.14933691918849945 0.16515234112739563 0.5448490977287292
v 0.13609594106674194 0.27129143476486206 0.6498457789421082
v 0.13417351245880127 0.2676025927066803 0.6417230367660522
v -0.17590700089931488 -0.0031989887356758118 0.6906774044036865
v 0.07848231494426727 0.096790611743927 0.7736166715621948
v 0.06862112134695053 0.09271203726530075 0.7794485092163086
v -0.19088605046272278 0.015279073268175125 0.6512895822525024
v -0.19320091605186462 -0.0007801167666912079 0.6499513983726501
v 0.17140917479991913 -0.023209309205412865 0.6253043413162231
v 0.10151878744363785 0.07982171326875687 0.5502583980560303
v 0.09567901492118835 0.08810801804065704 0.5491036772727966
v 0.10502684861421585 0.08500006049871445 0.5558492541313171
v -0.17429260909557343 0.2018033266067505 0.5800991058349609
v -0.1819593608379364 0.19656604528427124 0.5864771008491516
v -0.1859906017780304 0.21015127003192902 0.5844202637672424
v -0.035872094333171844 0.16703924536705017 0.5313382744789124
v -0.018727730959653854 -0.018013665452599525 0.5124621391296387
v -0.12756994366645813 0.0033873319625854492 0.5338369011878967
v -0.05099812150001526 0.4182179272174835 0.5778041481971741
v -0.057673919945955276 0.4259381890296936 0.5823997259140015
v -0.04448783025145531 0.42887917160987854 0.5836838483810425
v -0.04084254801273346 0.3533826470375061 0.7419931888580322
v -0.030248012393712997 0.03472382202744484 0.7877445816993713
v 0.13085073232650757 0.2955482304096222 0.5846949219703674
v 0.11963653564453125 0.29271838068962097 0.5780468583106995
v 0.016296884045004845 -0.025879083201289177 0.7817114591598511
v -0.15596647560596466 0.33529987931251526 0.7255076169967651
v -0.1447235643863678 0.3342939615249634 0.7284697890281677
v -0.14863872528076172 0.3444788455963135 0.7226006984710693
v 0.08348995447158813 0.310609370470047 0.7537593841552734
v 0.11693695187568665 0.29910507798194885 0.7063748240470886
v 0.12467802315950394 0.3043411374092102 0.6989171504974365
v 0.05465812608599663 0.18462857604026794 0.7933211326599121
v 0.13621197640895844 0.04267813637852669 0.7058929204940796
v -0.15741825103759766 0.2534891664981842 0.7578321695327759
v -0.14882062375545502 0.25448912382125854 0.7648255825042725
v -0.15805013477802277 0.26623234152793884 0.7519059777259827
v 0.1249101459980011 0.28443092107772827 0.6573713421821594
v 0.122785285115242 0.29612743854522705 0.6645489931106567
v -0.14846494793891907 0.09321192651987076 0.7449127435684204
v -0.14041602611541748 0.09842069447040558 0.7530675530433655
v -0.15120764076709747 0.10482387244701385 0.7476186752319336
v -0.11604879051446915 0.16209916770458221 0.7878631949424744
v -0.12486053258180618 0.172605961561203 0.7811859846115112
v -0.1234014704823494 0.1563662439584732 0.7809193730354309
v -0.33953994512557983 0.20378507673740387 0.6794769763946533
v -0.33551162481307983 0.21218320727348328 0.6768504977226257
v -0.11596246808767319 -0.0029401592910289764 0.5267201066017151
v 0.12626074254512787 0.41153836250305176 0.6044425964355469
v 0.13120953738689423 0.4122340679168701 0.6106593012809753
v 0.13222679495811462 0.40294337272644043 0.6044220924377441
v -0.02062060683965683 0.3527333736419678 0.7439501881599426
v -0.030648693442344666 0.3622627556324005 0.7393860220909119
v 0.09771280735731125 0.44385814666748047 0.6787110567092896
v -0.10427940636873245 0.21687757968902588 0.5357450246810913
v 0.15655159950256348 0.26353171467781067 0.6383312344551086
v 0.0904548391699791 -0.07269242405891418 0.7535996437072754
v -0.1745600402355194 0.06556589901447296 0.6218461394309998
v 0.14448124170303345 -0.060579054057598114 0.7230138778686523
v 0.2537069320678711 0.2924908399581909 0.6219885349273682
v 0.1330442577600479 0.20378613471984863 0.6281131505966187
v 0.13399925827980042 0.2139219343662262 0.6364676356315613
v 0.13377051055431366 0.19666361808776855 0.6371371150016785
v -0.3212383985519409 0.24093355238437653 0.5986003875732422
v 0.06453883647918701 0.2414359152317047 0.5398218035697937
v 0.05466873198747635 0.24341782927513123 0.5350370407104492
v -0.1927725374698639 -0.009187033399939537 0.6569124460220337
v -0.18887853622436523 0.27978506684303284 0.5673214793205261
v -0.0005287192761898041 0.4196566641330719 0.7110549211502075
v -0.0039590164087712765 0.4322683811187744 0.7052916884422302
v -0.018652379512786865 0.41932690143585205 0.7164815664291382
v -0.07494141161441803 0.45627361536026 0.6089709401130676
v -0.07031992822885513 0.4495108425617218 0.600994884967804
v -0.07678427547216415 0.44535699486732483 0.5977509617805481
v -0.030875273048877716 -0.07702870666980743 0.7730764746665955
v 0.08054660260677338 0.3544790744781494 0.559648334980011
v -0.17690593004226685 0.3504895865917206 0.5622522234916687
v -0.014801640063524246 0.4335475564002991 0.5838773846626282
v -0.024617496877908707 0.42284145951271057 0.5788660645484924
v 0.031745582818984985 0.021983835846185684 0.5234248042106628
v -0.267478883266449 0.346073180437088 0.619244396686554
v -0.267145037651062 0.29249802231788635 0.6919982433319092
v -0.2714338004589081 0.27684661746025085 0.6887860894203186
v 0.14946940541267395 0.04753808304667473 0.6669707894325256
v 0.15497297048568726 0.03375653177499771 0.6575323939323425
v 0.08243395388126373 0.1965695321559906 0.5526123046875
v 0.22041302919387817 0.3234349489212036 0.6607750654220581
v 0.21607130765914917 0.33142685890197754 0.6639568209648132
v 0.21610447764396667 0.33246082067489624 0.6725745797157288
v 0.1318376064300537 0.10920629650354385 0.6974345445632935
v 0.13427771627902985 0.11405803263187408 0.6870728731155396
v -0.007408440113067627 0.06511467695236206 0.7903147339820862
v 0.12941494584083557 0.2818266451358795 0.6880253553390503
v 0.06967654824256897 0.048170991241931915 0.7749278545379639
v 0.07804468274116516 0.0377616360783577 0.7689002752304077
v 0.11093093454837799 0.4303273558616638 0.6176432371139526
v 0.08391343057155609 0.17998343706130981 0.5511927008628845
v 0.07612529397010803 0.18527035415172577 0.5434474945068359
v -0.11699998378753662 0.4055718779563904 0.7014573216438293
v -0.10424400866031647 0.40154990553855896 0.7097634077072144
v 0.1454595923423767 0.31454744935035706 0.5771402716636658
v 0.12304489314556122 0.06420189887285233 0.5686613321304321
v 0.05796476826071739 0.11316199600696564 0.5362804532051086
v 0.1652660369873047 0.006329160183668137 0.6150153875350952
v -0.20882077515125275 0.29281988739967346 0.5835477113723755
v -0.19980792701244354 0.27931180596351624 0.5818859338760376
v 0.1326199173927307 0.36773449182510376 0.585965096950531
v 0.15847857296466827 0.018919728696346283 0.6031859517097473
v 0.16302679479122162 0.014051146805286407 0.6161245107650757
v 0.16264592111110687 0.0033327974379062653 0.6015285849571228
v -0.1848985254764557 0.11588675528764725 0.6504860520362854
v 0.03430533781647682 0.21474725008010864 0.534920871257782
v 0.041924238204956055 0.23303547501564026 0.5342409610748291
v -0.18238316476345062 0.12957066297531128 0.6299812197685242
v -0.18729712069034576 0.14608679711818695 0.6266490817070007
v 0.15491510927677155 0.39308059215545654 0.706250786781311
v 0.1632561981678009 0.4015394449234009 0.6941349506378174
v 0.0969141274690628 0.1121421754360199 0.7595723867416382
v -0.031550224870443344 -0.06317242980003357 0.5060291290283203
v 0.1352357715368271 -0.027847077697515488 0.5463272333145142
v 0.1235453188419342 0.34736254811286926 0.5807784795761108
v -0.13477632403373718 0.27362939715385437 0.7639652490615845
v -0.13045863807201385 0.28097689151763916 0.7620235681533813
v -0.1324673295021057 0.3155326843261719 0.5339970588684082
v -0.14541491866111755 0.3101791739463806 0.5403260588645935
v -0.1704118847846985 0.08715833723545074 0.5849227905273438
v -0.16994832456111908 0.08409000933170319 0.594762921333313
v 0.19567778706550598 0.378774493932724 0.6550546288490295
v 0.20485585927963257 0.3650115132331848 0.6539665460586548
v -0.19165736436843872 0.15330737829208374 0.657334566116333
v 0.08392457664012909 0.2500893175601959 0.5492500066757202
v -0.16723568737506866 0.10797157883644104 0.6148340702056885
v -0.17333228886127472 0.11620905995368958 0.6231401562690735
v 0.1271437257528305 0.31443047523498535 0.6757445335388184
v -0.1558266580104828 0.14074361324310303 0.5632651448249817
v 0.056087903678417206 0.3674788475036621 0.5504307150840759
v 0.029202338308095932 0.061472781002521515 0.5281389355659485
v 0.02983078733086586 0.06800709664821625 0.5292208790779114
v 0.04504550248384476 0.06132689118385315 0.5286205410957336
v 0.08190139383077621 0.4182654023170471 0.5845263600349426
v 0.08987540006637573 0.41733670234680176 0.5883095860481262
v 0.08341561257839203 0.40572357177734375 0.5775337219238281
v -0.19926103949546814 -0.04705019295215607 0.6181303858757019
v -0.022949833422899246 0.03931756690144539 0.5253528356552124
v -0.03326381742954254 0.0438966304063797 0.5271587371826172
v 0.055124230682849884 0.4540520906448364 0.6676936745643616
v 0.06028536707162857 0.44857072830200195 0.67564457654953
v 0.07031604647636414 0.03344695270061493 0.5314892530441284
v 0.05677664279937744 0.024458155035972595 0.5263598561286926
v -0.2801525294780731 0.2553756833076477 0.6862554550170898
v -0.27030086517333984 0.25536006689071655 0.6871194243431091
v -0.18279030919075012 -0.01901988685131073 0.685597836971283
v -0.15090180933475494 0.29202234745025635 0.7447425127029419
v 0.1328510344028473 0.3098376989364624 0.5980870723724365
v 0.1366826295852661 0.29392194747924805 0.5883607864379883
v 0.12048940360546112 0.1336042582988739 0.7287639379501343
v 0.11476291716098785 0.022662267088890076 0.5459413528442383
v 0.12555760145187378 0.2332637906074524 0.6001264452934265
v 0.1185573935508728 0.22385552525520325 0.594531238079071
v -0.025700073689222336 0.1946386843919754 0.7857913374900818
v -0.024063507094979286 0.1766882687807083 0.7856417894363403
v 0.20511996746063232 0.2939291298389435 0.6776384115219116
v -0.26481515169143677 0.1855868399143219 0.6161808967590332
v -0.2595598101615906 0.1899876445531845 0.6256597638130188
v -0.11354859173297882 0.3650457262992859 0.5472059845924377
v -0.11585958302021027 0.3792499601840973 0.5545998215675354
v -0.2694709897041321 0.34885555505752563 0.6697807312011719
v -0.26143836975097656 0.3620404005050659 0.6675758361816406
v -0.2968176007270813 0.2561177909374237 0.6861555576324463
v -0.0685211643576622 -0.10546401143074036 0.7664142847061157
v -0.08667480200529099 -0.10591956973075867 0.7649179100990295
v 0.1731468141078949 0.278864324092865 0.5763509273529053
v 0.05806965380907059 0.06699825823307037 0.7824535965919495
v -0.06640376150608063 0.021154198795557022 0.5243015289306641
v 0.06050052493810654 0.17061766982078552 0.7923498749732971
v -0.23445211350917816 0.21959789097309113 0.6106094121932983
v -0.15699344873428345 -0.029137179255485535 0.7216471433639526
v 0.13148880004882812 0.04955524206161499 0.7132650017738342
v 0.1816602349281311 0.3958585858345032 0.6694458723068237
v 0.17073512077331543 0.4083150625228882 0.670596182346344
v 0.008753969334065914 0.29245811700820923 0.7769460082054138
v -0.2181389033794403 0.226797416806221 0.6482194662094116
v -0.18128256499767303 0.39417675137519836 0.5860297083854675
v -0.19691726565361023 -0.06433285027742386 0.6074299812316895
v -0.1968970000743866 -0.05120941996574402 0.6080626845359802
v -0.1983920782804489 0.26983875036239624 0.5915749669075012
v -0.15281875431537628 0.3046385645866394 0.7387944459915161
v -0.1617603451013565 0.3025740385055542 0.7388995885848999
v -0.1719726175069809 -0.014278335496783257 0.5631300210952759
v -0.2746747136116028 0.17207863926887512 0.6414647102355957
v -0.14234842360019684 0.11015119403600693 0.7549098134040833
v 0.12101320922374725 0.28491532802581787 0.7002437114715576
v 0.11928550899028778 0.2791768014431 0.711187481880188
v 0.12338191270828247 0.2748374044895172 0.6968659162521362
v -0.11634703725576401 0.2539512813091278 0.7835211753845215
v -0.10909508168697357 0.246704563498497 0.7879204750061035
v 0.1425396203994751 0.06987489759922028 0.622350811958313
v 0.13793756067752838 0.08349813520908356 0.6215135455131531
v 0.14110293984413147 0.08119438588619232 0.6356419324874878
v 0.10401651263237 0.38111650943756104 0.5711756944656372
v 0.09846529364585876 0.39217835664749146 0.5741774439811707
v -0.059659622609615326 0.2945540249347687 0.767753005027771
v -0.04749717190861702 0.28877726197242737 0.7716459035873413
v -0.22247755527496338 0.38235318660736084 0.6140506267547607
v -0.00575643964111805 0.3774021863937378 0.5558111667633057
v -0.018237385898828506 0.36626899242401123 0.5536282062530518
v -0.019017675891518593 0.38329464197158813 0.5599607229232788
v 0.08976703137159348 0.050742752850055695 0.5408446788787842
v 0.10307938605546951 0.05884062498807907 0.5465924739837646
v -0.11605048179626465 0.17737765610218048 0.7892462015151978
v -0.2293291836977005 0.33309343457221985 0.5778906345367432
v -0.24904221296310425 0.3742183744907379 0.6355966329574585
v 0.08501411974430084 0.019298363476991653 0.7622271776199341
v 0.08182765543460846 0.0294768288731575 0.7655272483825684
v 0.07315294444561005 0.017261061817407608 0.7692921161651611
v 0.10849609971046448 0.2673228681087494 0.7502741813659668
v 0.18701645731925964 0.38576674461364746 0.6314347386360168
v 0.1967047154903412 0.3731740117073059 0.6322503089904785
v 0.1861489713191986 0.38323110342025757 0.6251187324523926
v -0.007491172756999731 0.23750846087932587 0.7887465953826904
v 0.00310417078435421 0.24176108837127686 0.7909317016601562
v -0.19812838733196259 -0.025262413546442986 0.6367031335830688
v 0.004496381618082523 0.4448493421077728 0.6946711540222168
v -0.2413329780101776 0.28034621477127075 0.5792203545570374
v -0.24120831489562988 0.29011473059654236 0.5797470808029175
v -0.17231643199920654 0.11772382259368896 0.7362218499183655
v -0.1413227915763855 0.38584497570991516 0.5628244876861572
v -0.175348162651062 0.423992782831192 0.6546484231948853
v -0.2375539392232895 0.36278972029685974 0.5987780094146729
v -0.23975177109241486 0.35719171166419983 0.596605658531189
v -0.2438255250453949 0.36475643515586853 0.6083283424377441
v -0.13554565608501434 0.2994455099105835 0.5313265919685364
v -0.21847137808799744 0.2284049093723297 0.6551897525787354
v -0.24860575795173645 0.265333354473114 0.5796797275543213
v -0.12051434814929962 0.34173673391342163 0.538895308971405
v -0.13195469975471497 0.33979707956314087 0.539873480796814
v -0.24411575496196747 0.23249861598014832 0.6733471155166626
v -0.23615306615829468 0.24210768938064575 0.6720125675201416
v 0.0599093958735466 0.42483705282211304 0.699996292591095
v 0.10009615868330002 0.3697092831134796 0.5666638612747192
v -0.07018593698740005 0.14559954404830933 0.7898862361907959
v -0.062282878905534744 0.15212175250053406 0.7888095378875732
v -0.1192486509680748 0.2878718972206116 0.7623273134231567
v -0.17286306619644165 0.33219999074935913 0.7284759283065796
v -0.16519896686077118 0.3387907147407532 0.7236524224281311
v -0.04485447332262993 0.20471924543380737 0.786332368850708
v -0.08070459216833115 0.26718834042549133 0.7804758548736572
v -0.06868245452642441 0.26737987995147705 0.7802267074584961
v -0.14308904111385345 0.024136632680892944 0.5463180541992188
v -0.013875290751457214 0.46678727865219116 0.6152628064155579
v -0.0029647424817085266 0.46218422055244446 0.6101180911064148
v 0.10847426950931549 0.04015606269240379 0.5487555861473083
v 0.10716889798641205 0.050692420452833176 0.549862802028656
v -0.316150426864624 0.22437746822834015 0.5872974991798401
v -0.31890788674354553 0.2328418493270874 0.5925732254981995
v 0.0417226180434227 0.3467312753200531 0.5419434309005737
v 0.08427779376506805 0.09178289771080017 0.5436660647392273
v -0.1133139356970787 0.3311026990413666 0.7396655678749084
v -0.22898711264133453 0.3836248815059662 0.6231957674026489
v 0.11267100274562836 0.18254287540912628 0.5783654451370239
v -0.16800343990325928 0.4283463656902313 0.6240212321281433
v -0.17742356657981873 0.08149100840091705 0.7140321731567383
v 0.12253005802631378 0.3218771517276764 0.608079195022583
v -0.1616966873407364 -0.03998716548085213 0.5480409860610962
v -0.11782224476337433 0.06718079745769501 0.5392208099365234
v -0.1890559196472168 0.043284520506858826 0.6674436926841736
v -0.18650974333286285 0.050351332873106 0.6625352501869202
v -0.1887727528810501 0.0440104641020298 0.6560191512107849
v -0.08481267094612122 0.30779826641082764 0.7583355903625488
v 0.11344371736049652 0.21441242098808289 0.5875707268714905
v -0.18933318555355072 0.155506893992424 0.6740171313285828
v -0.18666839599609375 0.14994940161705017 0.6836026906967163
v -0.007489753887057304 0.4388907849788666 0.5870642066001892
v 0.005583476275205612 0.4467400908470154 0.5937458872795105
v -0.010625182650983334 0.09996716678142548 0.5344582200050354
v 0.15518711507320404 0.4180753231048584 0.6425417065620422
v 0.15699538588523865 0.4195902943611145 0.6546255350112915
v 0.1624443382024765 0.41509658098220825 0.6501213312149048
v 0.1417793482542038 0.05056092143058777 0.5947349071502686
v -0.17719991505146027 0.1142617017030716 0.6325018405914307
v -0.10688377916812897 0.4002206325531006 0.567104160785675
v -0.18811514973640442 0.2655045986175537 0.7291752696037292
v -0.08800419420003891 0.3470045030117035 0.5433977842330933
v -0.24654367566108704 0.3597056269645691 0.6051068902015686
v -0.16147716343402863 -0.05285397171974182 0.545981764793396
v 0.022312574088573456 0.4523054361343384 0.6774676442146301
v 0.0151755940169096 0.44927525520324707 0.6839750409126282
v -0.18918612599372864 0.2549009919166565 0.7307829856872559
v -0.028280053287744522 0.10137450695037842 0.7882744669914246
v -0.02344447188079357 0.28436702489852905 0.5303303003311157
v -0.013205461204051971 0.29420262575149536 0.532172679901123
v 0.18268433213233948 0.36344242095947266 0.6930267810821533
v 0.17557817697525024 0.37677431106567383 0.6943359971046448
v -0.12970229983329773 0.35478508472442627 0.7226097583770752
v -0.11805486679077148 0.3555023968219757 0.7258974313735962
v -0.12335799634456635 0.3644038736820221 0.7198411822319031
v -0.12159067392349243 0.34314632415771484 0.7311024069786072
v 0.009044397622346878 -0.014088638126850128 0.5139955878257751
v 0.017230942845344543 -0.007114579901099205 0.5161163806915283
v 0.10845320671796799 0.032442282885313034 0.5457659959793091
v 0.11960594356060028 0.033097587525844574 0.5537712574005127
v 0.001248527318239212 0.250438392162323 0.5337893962860107
v -0.008994710631668568 0.24029099941253662 0.5339376926422119
v 0.061717402189970016 0.2641478180885315 0.542765200138092
v 0.049138884991407394 0.2656070590019226 0.5346505045890808
v 0.057207196950912476 0.2751937508583069 0.541354238986969
v -0.03242876008152962 0.25710511207580566 0.5322527885437012
v -0.04185942932963371 0.2473677396774292 0.527825653553009
v -0.14614830911159515 0.27665555477142334 0.5417006611824036
v -0.19371739029884338 -0.09350672364234924 0.6975774168968201
v -0.23820650577545166 0.3156365156173706 0.5820143222808838
v -0.048466041684150696 0.1935085654258728 0.5286523699760437
v -0.2726462483406067 0.17281581461429596 0.6304013133049011
v -0.2779066562652588 0.16537576913833618 0.6348939538002014
v 0.002940598875284195 -0.08361431956291199 0.773308277130127
v -0.19085173308849335 0.23540572822093964 0.6923986673355103
v -0.19477757811546326 0.24122978746891022 0.6816979050636292
v -0.10078549385070801 0.11969977617263794 0.7857164144515991
v -0.108126699924469 0.11326992511749268 0.7829139828681946
v -0.2668653130531311 0.3306564688682556 0.6855955719947815
v -0.25094854831695557 0.34233707189559937 0.5970421433448792
v -0.2478763908147812 0.35396671295166016 0.6020529866218567
v -0.2196417599916458 0.23664230108261108 0.6726277470588684
v 0.1101827397942543 0.2523484528064728 0.7516579627990723
v -0.21372470259666443 0.32561856508255005 0.705147922039032
v 0.11562524735927582 0.40597105026245117 0.720471203327179
v -0.05527130886912346 0.19831998646259308 0.7874631881713867
v -0.20584484934806824 0.3381173312664032 0.5643013715744019
v 0.1743292361497879 -0.05771561339497566 0.6600965261459351
v -0.12673994898796082 0.013747937977313995 0.5369201302528381
v -0.11607647687196732 0.007596023380756378 0.5301255583763123
v 0.1768353432416916 -0.059246599674224854 0.6215721964836121
v -0.1954532265663147 -0.005699407309293747 0.6402682065963745
v 0.15353935956954956 0.35742664337158203 0.7108074426651001
v -0.16860012710094452 0.042576003819704056 0.7049394249916077
v -0.1670227348804474 0.058015018701553345 0.7143030166625977
v -0.17816120386123657 0.05707695707678795 0.7030430436134338
v -0.056898511946201324 0.28872150182724 0.5305727124214172
v -0.01839808002114296 0.10674091428518295 0.7894328832626343
v -0.008464416489005089 0.10237394273281097 0.7908006310462952
v -0.010049551725387573 0.12127821147441864 0.7905303835868835
v -0.13830803334712982 0.26581263542175293 0.5331786274909973
v -0.15153871476650238 0.26404625177383423 0.5463650226593018
v -0.17483000457286835 0.0652192234992981 0.711235523223877
v -0.17411690950393677 0.07545123994350433 0.716272234916687
v -0.2505730390548706 0.2962600290775299 0.5816985368728638
v -0.2442333698272705 0.30597126483917236 0.5818271040916443
v -0.12729385495185852 0.13416585326194763 0.7738943099975586
v -0.12184170633554459 0.1403418332338333 0.7801940441131592
v -0.1299709528684616 0.15106278657913208 0.7730036973953247
v 0.24846959114074707 0.296367347240448 0.6478836536407471
v 0.2506922483444214 0.28524941205978394 0.6488503217697144
v 0.2622719705104828 0.29909747838974 0.6484494805335999
v 0.13159361481666565 0.3555866777896881 0.5902165770530701
v -0.11570116877555847 0.017335060983896255 0.5328895449638367
v -0.09056331217288971 0.41009125113487244 0.7124901413917542
v -0.23269569873809814 0.22512923181056976 0.6641066670417786
v 0.1612505316734314 0.2693207263946533 0.5864826440811157
v 0.15173521637916565 0.2715100646018982 0.595974862575531
v -0.15688841044902802 0.0037919506430625916 0.7166147232055664
v -0.33638519048690796 0.2633154094219208 0.656902551651001
v 0.08028699457645416 0.4568496346473694 0.6439181566238403
v 0.0841563418507576 0.0527532733976841 0.5387300252914429
v 0.07480384409427643 0.054853495210409164 0.5356121063232422
v 0.15402525663375854 0.27479588985443115 0.6556248664855957
v 0.14126932621002197 0.2778417766094208 0.6534122228622437
v -0.13747039437294006 -0.04515024274587631 0.5269414186477661
v -0.18103866279125214 0.04474830627441406 0.6009907126426697
v 0.20563745498657227 0.30348241329193115 0.6780092120170593
v 0.21662947535514832 0.2984859347343445 0.6769670844078064
v 0.20529216527938843 0.24164153635501862 0.6631978750228882
v 0.1429557502269745 0.39579176902770996 0.7104065418243408
v 0.14234423637390137 0.38658639788627625 0.7128391861915588
v -0.01813683845102787 0.40505868196487427 0.7230535745620728
v 0.2209700644016266 0.258053719997406 0.5709893703460693
v 0.2060936689376831 0.2612426280975342 0.572163462638855
v 0.09483561664819717 0.36091136932373047 0.7293230295181274
v 0.09779086709022522 0.3469882607460022 0.7346562147140503
v 0.12908950448036194 0.28227171301841736 0.6551228761672974
v -0.03071749210357666 0.017552129924297333 0.5203543901443481
v -0.021045617759227753 0.013923346996307373 0.5195607542991638
v 0.11402961611747742 0.037812378257513046 0.7354508638381958
v 0.13489943742752075 0.42513781785964966 0.6340477466583252
v 0.09635685384273529 0.03148890659213066 0.5388717651367188
v 0.10230495780706406 0.02161918580532074 0.5391461253166199
v 0.15862905979156494 0.41866058111190796 0.6663280725479126
v 0.005618039518594742 0.3862215578556061 0.5567435622215271
v 0.006479725241661072 0.36833178997039795 0.5500366687774658
v -0.1521403044462204 0.43916594982147217 0.6439973711967468
v -0.016447657719254494 0.3977128863334656 0.5656711459159851
v 0.12396460026502609 -0.047498803585767746 0.7298541069030762
v -0.15675508975982666 0.08826421201229095 0.737188994884491
v 0.1499769538640976 0.38945579528808594 0.5998266935348511
v 0.1562102735042572 0.39532577991485596 0.6093440651893616
v -0.15515367686748505 0.14773455262184143 0.5758460164070129
v 0.01779787242412567 0.10159711539745331 0.5323704481124878
v 0.03619931638240814 0.3315141797065735 0.5388903021812439
v 0.030729997903108597 0.07368190586566925 0.7898086309432983
v 0.021547524258494377 0.0685478150844574 0.7908960580825806
v 0.030464040115475655 0.06352265179157257 0.7894626259803772
v 0.08637361228466034 0.3725965619087219 0.5660116672515869
v -0.05078431963920593 0.3301240801811218 0.5420907139778137
v -0.02023027464747429 0.24916541576385498 0.5316449403762817
v -0.02419380284845829 0.29582440853118896 0.5321652889251709
v 0.11701007932424545 0.12302902340888977 0.7336368560791016
v -0.14455652236938477 0.2672941982746124 0.7613226175308228
v 0.09367422759532928 0.09803656488656998 0.550012469291687
v -0.11124565452337265 0.26735788583755493 0.7772258520126343
v -0.17413073778152466 -0.07555016875267029 0.5625506639480591
v -0.040396396070718765 -0.06856109201908112 0.773344874382019
v -0.07890118658542633 0.372553288936615 0.555078387260437
v -6.785313598811626e-05 0.2689772844314575 0.785536527633667
v -0.011774269863963127 0.27327296137809753 0.7816739082336426
v 0.15625756978988647 0.28944146633148193 0.5820637941360474
v 0.1498403549194336 0.2797281742095947 0.5894448757171631
v 0.14721745252609253 0.29233860969543457 0.5874887704849243
v -0.12616010010242462 -0.006423471495509148 0.7530608773231506
v -0.12013107538223267 0.0014349445700645447 0.7591134309768677
v -0.12701505422592163 0.006346959620714188 0.7514238357543945
v -0.07740098983049393 0.12147630751132965 0.7884838581085205
v 0.1448388695716858 0.26885178685188293 0.6335276365280151
v 0.14217257499694824 0.272693395614624 0.6433417797088623
v 0.040159113705158234 0.3085411489009857 0.7685379981994629
v -0.29075032472610474 0.3071768581867218 0.6143529415130615
v -0.2919304370880127 0.2980034351348877 0.6072566509246826
v 0.11910043656826019 0.08544566482305527 0.5726702213287354
v 0.13411164283752441 0.27489444613456726 0.6309379935264587
v 0.1444052755832672 0.41118454933166504 0.7007973194122314
v -0.16564461588859558 0.19979839026927948 0.7530521750450134
v -0.1600882112979889 0.19687175750732422 0.7630534172058105
v -0.16089791059494019 0.21146583557128906 0.7602824568748474
v -0.16885730624198914 -0.05121153965592384 0.5555533170700073
v -0.14794303476810455 0.12409882992506027 0.5437633395195007
v -0.15193341672420502 0.11483730375766754 0.5477643609046936
v 0.14546124637126923 0.3617975115776062 0.7102120518684387
v -0.17626366019248962 -0.049768827855587006 0.564987063407898
v -0.005703243426978588 0.31682315468788147 0.7626965045928955
v 0.004956461489200592 0.3197043538093567 0.7626237869262695
v -0.00674782320857048 0.3232111930847168 0.7592188119888306
v 0.127401202917099 0.29624515771865845 0.630346953868866
v -0.14513684809207916 0.22398032248020172 0.5434433817863464
v 0.03942539170384407 0.0983460545539856 0.7893095016479492
v 0.039232347160577774 0.11800253391265869 0.7903810143470764
v 0.02983923815190792 0.10347354412078857 0.7909834384918213
v 0.18510141968727112 0.2271071821451187 0.610014796257019
v 0.13597899675369263 0.3375329077243805 0.7087135314941406
v 0.14291483163833618 0.33419227600097656 0.7010059356689453
v 0.14503857493400574 0.34190744161605835 0.711280345916748
v 0.027112720534205437 -0.0627574473619461 0.7743529081344604
v -0.08511695265769958 0.3713041841983795 0.7290117740631104
v 0.1318267285823822 0.17908123135566711 0.6298538446426392
v 0.13296426832675934 0.17513775825500488 0.647511899471283
v 0.024880751967430115 0.466194212436676 0.6228792667388916
v -0.14241288602352142 0.23271916806697845 0.5352990031242371
v 0.1706259548664093 0.2652488350868225 0.5822333097457886
v 0.16171994805335999 0.2795615494251251 0.5829417705535889
v -0.11308065801858902 0.3852161765098572 0.714737594127655
v 0.1310596466064453 0.2578316330909729 0.6004778742790222
v -0.058499641716480255 0.09815481305122375 0.5302290320396423
v -0.05636781081557274 0.08654562383890152 0.5282374620437622
v -0.25358057022094727 0.3722197115421295 0.6663511991500854
v -0.0023801070638000965 0.12805034220218658 0.5341711044311523
v 0.23117631673812866 0.2660762071609497 0.5748293399810791
v 0.2305993139743805 0.27651187777519226 0.5791138410568237
v -0.2875089645385742 0.2347116470336914 0.5809115171432495
v 0.05983089655637741 0.3863134980201721 0.7220720648765564
v -0.20292669534683228 0.30534759163856506 0.5606082677841187
v -0.200938418507576 0.31426966190338135 0.5615426898002625
v 0.1153385266661644 0.3309999704360962 0.7298041582107544
v 0.003192620351910591 0.06053876131772995 0.5246813893318176
v -0.17950209975242615 0.06745855510234833 0.6585078239440918
v -0.17933204770088196 0.0771809071302414 0.6662736535072327
v 0.040551457554101944 0.4556981325149536 0.6087142825126648
v 0.1510428488254547 0.41375479102134705 0.6300551295280457
v 0.15016500651836395 0.41062286496162415 0.6241274476051331
v 0.06020642817020416 0.195128932595253 0.7939445972442627
v 0.07053741812705994 0.19953446090221405 0.7908982038497925
v 0.05733998864889145 0.21098467707633972 0.7946199178695679
v 0.24462461471557617 0.2964476943016052 0.6115009188652039
v 0.0966050922870636 0.42506712675094604 0.5992147922515869
v 0.1768077313899994 0.24584051966667175 0.5899112224578857
v 0.23188775777816772 0.31172576546669006 0.610595703125
v -0.0929756835103035 0.18810546398162842 0.7919999361038208
v 0.13012383878231049 0.38861802220344543 0.7158395051956177
v 0.1283389776945114 0.37502896785736084 0.7186313271522522
v 0.23625513911247253 0.2918160855770111 0.5928115844726562
v -0.17490088939666748 0.150812029838562 0.7267861366271973
v -0.17246145009994507 0.12913769483566284 0.6123237609863281
v -0.18326795101165771 -0.053593628108501434 0.575336217880249
v -0.3407362997531891 0.25028157234191895 0.6364550590515137
v 0.07877965271472931 0.0805237889289856 0.5398955941200256
v 0.08756931126117706 0.08425980806350708 0.5437561273574829
v 0.08599615097045898 0.07026965171098709 0.5418566465377808
v -0.10481543093919754 0.033832039684057236 0.531318187713623
v 0.05417192727327347 0.22627398371696472 0.7949346303939819
v 0.04590549319982529 0.21415983140468597 0.7947864532470703
v -0.04866617172956467 0.11520920693874359 0.7868103981018066
v -0.15319986641407013 0.3679577708244324 0.7096386551856995
v -0.1556386649608612 0.381945937871933 0.701088011264801
v -0.0894731655716896 -0.017187941819429398 0.5170859694480896
v -0.08836700767278671 -0.028728097677230835 0.5141022801399231
v -0.2525506615638733 0.36875119805336 0.6761310696601868
v 0.011625032871961594 0.2644791603088379 0.7899118065834045
v 0.00204015476629138 0.25104060769081116 0.7900990843772888
v 0.013883343897759914 0.24615998566150665 0.7935381531715393
v 0.13387833535671234 0.429862916469574 0.688261866569519
v 0.008815438486635685 0.25871139764785767 0.5344379544258118
v -0.25299280881881714 0.3280287981033325 0.5909469127655029
v -0.25003331899642944 0.3147472143173218 0.58548504114151
v -0.17912237346172333 0.014344077557325363 0.5823754072189331
v -0.17523090541362762 0.022524788975715637 0.5798460841178894
v -0.16856837272644043 0.013853941112756729 0.5673561096191406
v -0.07600034028291702 0.08754867315292358 0.7864657640457153
v -0.08650387823581696 0.0990699827671051 0.7859001755714417
v -0.038247838616371155 0.2571483254432678 0.7825700044631958
v -0.07082392275333405 0.031863536685705185 0.7834795713424683
v 0.030161280184984207 0.4420131742954254 0.6856135129928589
v 0.03947946056723595 0.44194719195365906 0.6836258769035339
v 0.06620196998119354 0.17977562546730042 0.5371734499931335
v 0.05495062842965126 0.17261213064193726 0.5358708500862122
v -0.0038536940701305866 0.3533324599266052 0.7443366646766663
v -0.18348056077957153 0.1225951761007309 0.6406047940254211
v 0.0826856940984726 0.1061990037560463 0.7717253565788269
v 0.14289867877960205 0.2882176637649536 0.6688696146011353
v 0.15525463223457336 0.2931673228740692 0.6781887412071228
v 0.16329938173294067 0.283446729183197 0.6756663918495178
v -0.025942808017134666 0.31860801577568054 0.5388389229774475
v 0.007857805117964745 0.32669803500175476 0.5380911827087402
v 0.15447746217250824 -0.05355679243803024 0.5680484771728516
v 0.018609970808029175 0.35442742705345154 0.5435824394226074
v 0.12424594163894653 0.10050387680530548 0.7170557379722595
v -0.19061540067195892 0.011242799460887909 0.6132369637489319
v -0.18764084577560425 0.019948851317167282 0.6099984049797058
v -0.18739327788352966 0.008543472737073898 0.5993927717208862
v 0.1332746297121048 0.24688570201396942 0.6512566208839417
v 0.13322098553180695 0.2344559282064438 0.6525601744651794
v 0.05056789889931679 -0.048414237797260284 0.5068308711051941
v 0.056056711822748184 -0.06046755611896515 0.5042574405670166
v 0.1026703268289566 -0.0374218225479126 0.5232235789299011
v -0.3492811918258667 0.2407970428466797 0.6656593084335327
v 0.07848580181598663 0.18801486492156982 0.7819964289665222
v 0.07099952548742294 0.19174374639987946 0.7902994155883789
v -0.022480623796582222 0.1591358631849289 0.7865141034126282
v -0.013044622726738453 0.16383957862854004 0.7887530326843262
v 0.19283711910247803 0.37053024768829346 0.6195902228355408
v -0.05778597295284271 0.4167364537715912 0.5771727561950684
v -0.056749649345874786 0.40690878033638 0.5720295310020447
v 0.13269153237342834 0.16082018613815308 0.6546040773391724
v 0.13067802786827087 0.16546864807605743 0.6711656451225281
v 0.1315743625164032 0.15330445766448975 0.6706948280334473
v -0.04842507839202881 0.0955921933054924 0.5299180746078491
v -0.0045121219009160995 0.16594746708869934 0.5351513028144836
v 0.004925654269754887 0.1732356697320938 0.5336980819702148
v -0.005801293533295393 0.21933849155902863 0.789467453956604
v -0.10199319571256638 0.15099352598190308 0.5395495891571045
v -0.09293537586927414 0.14736579358577728 0.5353178977966309
v 0.012419119477272034 0.4029091000556946 0.5632419586181641
v 0.00039252638816833496 0.4028410315513611 0.5648266673088074
v -0.19766704738140106 -0.09300456941127777 0.6057587265968323
v -0.12056471407413483 0.2081126570701599 0.7884823679924011
v 0.03999603912234306 0.06770575046539307 0.7878943681716919
v -0.1922391802072525 0.030231334269046783 0.6537941694259644
v -0.26202571392059326 0.2302655726671219 0.5808967351913452
v 0.1797827184200287 0.261321485042572 0.5781776309013367
v 0.17776039242744446 0.25314846634864807 0.5831905603408813
v 0.12356676161289215 0.3044692277908325 0.6027463674545288
v -0.13625387847423553 0.04576142132282257 0.5461844205856323
v -0.14631414413452148 0.048236630856990814 0.5544284582138062
v -0.02845422923564911 0.27506622672080994 0.7785472869873047
v -0.1656610369682312 -0.08628736436367035 0.7333768010139465
v -0.13758842647075653 0.06573549658060074 0.5482720732688904
v -0.14108534157276154 0.056961193680763245 0.5516412854194641
v -0.14822982251644135 0.06847955286502838 0.555286169052124
v 0.04774584621191025 -0.049664951860904694 0.7710794806480408
v -0.1747996062040329 0.06953044980764389 0.5888038277626038
v 0.08585309982299805 -0.054812315851449966 0.7515714168548584
v -0.013189360499382019 0.2873848080635071 0.7759784460067749
v 0.18510699272155762 0.25018224120140076 0.5792533755302429
v 0.1614525020122528 0.40078896284103394 0.618893563747406
v 0.16536763310432434 0.38590121269226074 0.6070100665092468
v -0.036120351403951645 -0.10396262258291245 0.7679851055145264
v -0.020206470042467117 -0.10324545204639435 0.7684948444366455
v -0.1961817592382431 0.1767931878566742 0.6540480852127075
v -0.1947970688343048 0.16485843062400818 0.6556811928749084
v -0.1960289478302002 0.244402676820755 0.6222180128097534
v 0.003468502312898636 0.3597815930843353 0.7411696910858154
v -0.18231244385242462 0.09492954611778259 0.6750088930130005
v -0.18173792958259583 0.1027447059750557 0.6840096712112427
v -0.3204023838043213 0.2500397264957428 0.604443371295929
v 0.030677787959575653 0.46786952018737793 0.6461358070373535
v -0.15631569921970367 0.24904237687587738 0.5526222586631775
v -0.1656116098165512 0.25374460220336914 0.5579506754875183
v -0.0995790958404541 -0.05115673691034317 0.7610353231430054
v -0.11106014251708984 -0.041928283870220184 0.7568032145500183
v -0.11492270976305008 -0.051340557634830475 0.7545506358146667
v -0.01589949242770672 0.19946447014808655 0.7872567176818848
v -0.16625238955020905 0.08996042609214783 0.6049022674560547
v 0.14489217102527618 0.4016333818435669 0.6092202067375183
v 0.1413758546113968 0.39332032203674316 0.6001092195510864
v -0.018428536131978035 0.23343802988529205 0.7870534658432007
v 0.04642951488494873 0.08210723102092743 0.5323867201805115
v 0.03670254349708557 0.07207800447940826 0.5297369360923767
v 0.03706736117601395 0.08533921837806702 0.5317226052284241
v 0.2016577124595642 0.29095184803009033 0.5757417678833008
v 0.08797387033700943 0.15174418687820435 0.5492523908615112
v 0.07877904921770096 0.14938649535179138 0.5419934391975403
v 0.11544866114854813 0.2581312656402588 0.7394245266914368
v 0.06374373286962509 0.015711568295955658 0.7737869620323181
v 0.06335890293121338 0.004962105304002762 0.7724468111991882
v 0.1705760955810547 0.39116543531417847 0.6151330471038818
v 0.06309223175048828 0.29315537214279175 0.7732520699501038
v 0.04965994134545326 0.43379703164100647 0.6915226578712463
v 0.039782486855983734 0.4333326518535614 0.6922181248664856
v 0.2594015598297119 0.30921614170074463 0.6446969509124756
v 0.274324893951416 0.29909130930900574 0.6409760117530823
v 0.26420605182647705 0.2881903350353241 0.6524899005889893
v 0.1703146994113922 0.34816157817840576 0.6986944675445557
v 0.1606660783290863 0.3536462187767029 0.7036008834838867
v 0.1270754039287567 0.13743549585342407 0.7166544795036316
v 0.08571818470954895 0.16570411622524261 0.550204336643219
v 0.07602594792842865 0.1747562438249588 0.5426090955734253
v -0.09687469154596329 0.1428268849849701 0.7893482446670532
v 0.12307451665401459 0.2944483757019043 0.6552414894104004
v -0.1810753047466278 0.11230722814798355 0.6415839791297913
v 0.011423977091908455 -0.08291938900947571 0.7733982801437378
v 0.024552978575229645 -0.08374324440956116 0.7712082862854004
v 0.017331942915916443 -0.07330630719661713 0.7744988203048706
v 0.2396537959575653 0.3252056837081909 0.6427038311958313
v -0.14661462604999542 0.3773023784160614 0.7059538960456848
v -0.1803153157234192 0.10016430914402008 0.6996955275535583
v -0.17994998395442963 0.08967998623847961 0.6914336681365967
v -0.20049923658370972 0.22932672500610352 0.6650333404541016
v -0.01085713505744934 0.13746795058250427 0.790205717086792
v -0.02081117406487465 0.1410164088010788 0.787661612033844
v -0.29971152544021606 0.2734012007713318 0.6728867888450623
v -0.19836291670799255 0.3317873477935791 0.5640645027160645
v -0.1511770784854889 0.34066101908683777 0.5471315383911133
v 0.13373661041259766 0.13740646839141846 0.6536271572113037
v -0.1713983714580536 0.10568254441022873 0.6245969533920288
v 0.02432722970843315 0.42631328105926514 0.5771476030349731
v 0.020363878458738327 0.43502917885780334 0.583684504032135
v -0.06931186467409134 0.40372776985168457 0.5704540610313416
v -0.07104289531707764 0.23001736402511597 0.5296465754508972
v 0.13878478109836578 0.41939079761505127 0.6281814575195312
v 0.01896355301141739 -0.09237201511859894 0.7707928419113159
v 0.013052423484623432 -0.1009574830532074 0.7692811489105225
v 0.03066312149167061 -0.09946981072425842 0.7694524526596069
v -0.08329812437295914 -0.05027581751346588 0.7657822966575623
v -0.04906075447797775 -0.05528558790683746 0.5067770481109619
v -0.26836252212524414 0.22154290974140167 0.5817721486091614
v -0.31720954179763794 0.29199695587158203 0.6553144454956055
v -0.30916959047317505 0.2848091125488281 0.6621260046958923
v 0.07405716180801392 0.2815198302268982 0.7755346298217773
v -0.08060742169618607 0.3870076537132263 0.5615438222885132
v 0.016611069440841675 0.16048917174339294 0.7950606346130371
v 0.006264674011617899 0.16464310884475708 0.794457197189331
v 0.007868511602282524 0.14632683992385864 0.7940642237663269
v -0.07540728151798248 0.18508334457874298 0.7917960286140442
v -0.029724642634391785 0.3517625629901886 0.5496199727058411
v -0.016708508133888245 0.34441009163856506 0.5466030836105347
v -0.3278955817222595 0.23320715129375458 0.599711537361145
v 0.15331558883190155 0.03369474038481712 0.6054405570030212
v -0.1125413179397583 0.17841079831123352 0.5364736914634705
v -0.07199209928512573 0.3007286787033081 0.7634577751159668
v -0.06120277941226959 0.3077307939529419 0.7607975006103516
v 0.038274135440588 0.17788968980312347 0.7933735251426697
v -0.12002985179424286 0.08942791819572449 0.7720695734024048
v -0.1737087219953537 0.2584724426269531 0.5651122331619263
v -0.1798281967639923 0.25110313296318054 0.5710788369178772
v -0.1020141988992691 0.08423733711242676 0.5349588990211487
v -0.09260915219783783 0.08164604753255844 0.5309587717056274
v -0.09824222326278687 0.06975909322500229 0.5319557785987854
v 0.13229230046272278 0.4336763918399811 0.6529092788696289
v -0.22238603234291077 0.24105775356292725 0.5969065427780151
v -0.20219306647777557 -0.08759768307209015 0.6268749833106995
v -0.19470971822738647 0.25267893075942993 0.6829802393913269
v 0.12270446121692657 0.30370134115219116 0.6582300066947937
v 0.16199102997779846 -0.0739329606294632 0.710513710975647
v 0.16855226457118988 -0.07157626748085022 0.6940414905548096
v 0.15942277014255524 -0.06551113724708557 0.7104111909866333
v -0.12486843764781952 0.09304583817720413 0.5414199829101562
v 0.057094961404800415 0.2971864640712738 0.5411523580551147
v -0.298071026802063 0.28260499238967896 0.6703697443008423
v -0.30440616607666016 0.2838436961174011 0.6613273024559021
v -0.14620253443717957 0.21558713912963867 0.5522361397743225
v 0.014121953397989273 0.18973858654499054 0.5311142802238464
v 0.013863214291632175 0.17965377867221832 0.5305560231208801
v -0.21053485572338104 0.26404494047164917 0.5778149366378784
v -0.20691853761672974 0.2721289396286011 0.5810189843177795
v 0.04360542818903923 0.18838751316070557 0.5355662703514099
v -0.007056761533021927 0.39372387528419495 0.5624380111694336
v -0.16011810302734375 0.3590618371963501 0.7137191891670227
v -0.12861645221710205 0.12390799820423126 0.5384616851806641
v 0.11170756071805954 0.02388188987970352 0.7379496097564697
v -0.011519351974129677 0.1456466019153595 0.7898393273353577
v -0.24558459222316742 0.3699691891670227 0.6826057434082031
v -0.14587903022766113 0.043724894523620605 0.7344357371330261
v -0.1807527393102646 0.042088158428668976 0.6893629431724548
v -0.19052283465862274 0.16133660078048706 0.6731941103935242
v -0.18653325736522675 0.15778130292892456 0.6914748549461365
v -0.1895221322774887 0.17270785570144653 0.6857969164848328
v -0.18179164826869965 0.08691073954105377 0.6664664149284363
v -0.1804022490978241 0.08833349496126175 0.6787701845169067
v -0.1511128842830658 0.059730228036642075 0.5597015023231506
v -0.2149689793586731 0.3999277949333191 0.6362903118133545
v -0.010423209518194199 0.3616023361682892 0.7404206991195679
v -0.17125952243804932 0.0954630970954895 0.6241629719734192
v 0.06831744313240051 0.3077266812324524 0.7621853351593018
v -0.32001426815986633 0.25218260288238525 0.6691581010818481
v -0.3035731315612793 0.19168157875537872 0.5824873447418213
v -0.30733221769332886 0.18400272727012634 0.5830584168434143
v 0.13036584854125977 0.1946173757314682 0.6199760437011719
v 0.12880486249923706 0.12220397591590881 0.6105015873908997
v 0.12337155640125275 0.12476259469985962 0.5958306789398193
v 0.12483279407024384 0.134597510099411 0.602946400642395
v -0.2516659200191498 0.22692544758319855 0.5860186815261841
v 0.007177598774433136 0.4573165774345398 0.604872465133667
v -0.12906120717525482 0.07192246615886688 0.5435702800750732
v -0.131907120347023 0.08298444747924805 0.5440176725387573
v -0.16196802258491516 0.3551277220249176 0.5549505949020386
v 0.1319582611322403 0.23747533559799194 0.6619828939437866
v 0.19934290647506714 0.3693758249282837 0.662289023399353
v -0.06465166062116623 0.07792717963457108 0.5275202393531799
v 0.14517779648303986 -0.028190962970256805 0.5522492527961731
v 0.14826101064682007 -0.023203302174806595 0.5615881085395813
v 0.0051521193236112595 0.2071714699268341 0.7927970886230469
v -0.04083547741174698 0.22977404296398163 0.5288698077201843
v -0.03982272744178772 0.21384038031101227 0.5293321013450623
v 0.12290637195110321 0.41731807589530945 0.6107059717178345
v 0.11855416744947433 0.17416581511497498 0.5918086767196655
v -0.15845082700252533 0.18324440717697144 0.5776551961898804
v 0.07295794785022736 0.14243650436401367 0.7838568091392517
v 0.06578925997018814 0.1562161147594452 0.7894022464752197
v 0.007161492016166449 0.1370725780725479 0.5335792899131775
v 0.006258837878704071 0.15182894468307495 0.5339177846908569
v -0.07288073003292084 -0.07022367417812347 0.7658767700195312
v -0.06160740181803703 -0.060384560376405716 0.7704828977584839
v -0.0781448632478714 -0.060204606503248215 0.7660608291625977
v 0.16967812180519104 0.27138254046440125 0.6673621535301208
v 0.02361876517534256 0.25991421937942505 0.7929610013961792
v -0.08855082094669342 0.06345711648464203 0.5291697978973389
v -0.07865669578313828 0.05748017877340317 0.5277113914489746
v 0.045589424669742584 0.06775839626789093 0.5297663807868958
v 0.05115852504968643 0.07401107996702194 0.5321159362792969
v 0.06060805916786194 0.06748853623867035 0.5341576337814331
v -0.17390897870063782 0.17705172300338745 0.7358795404434204
v -0.046215079724788666 0.16998031735420227 0.5298986434936523
v -0.17014412581920624 0.1434653401374817 0.7481142282485962
v 0.021244186908006668 0.05852837115526199 0.7905140519142151
v 0.04692472517490387 0.32209712266921997 0.5396361351013184
v 0.05489801615476608 0.3150484263896942 0.54076087474823
v -0.018266430124640465 0.3270031213760376 0.7559942603111267
v -0.029749063774943352 0.33095771074295044 0.7529314160346985
v -0.027984708547592163 0.3178286552429199 0.7593327760696411
v -0.26191145181655884 0.2846369743347168 0.6963851451873779
v 0.15265487134456635 0.023442290723323822 0.5906389951705933
v 0.15610617399215698 0.009074579924345016 0.5873017311096191
v 0.1276828497648239 0.07401489466428757 0.7157959938049316
v 0.12098309397697449 0.08120083808898926 0.7259939312934875
v 0.04836405813694 0.24029573798179626 0.7958159446716309
v 0.05904344469308853 0.2541903257369995 0.5376672744750977
v 0.06742654740810394 0.25846660137176514 0.5451593399047852
v -0.1961776167154312 0.24492837488651276 0.6714186072349548
v -0.16583557426929474 0.026358019560575485 0.5696141123771667
v -0.060379333794116974 0.13449925184249878 0.7879826426506042
v -0.04917933791875839 0.12355373054742813 0.7867080569267273
v -0.051180966198444366 0.14069589972496033 0.7866069078445435
v -0.2051773965358734 0.2282789945602417 0.618475615978241
v -0.19837865233421326 0.23804926872253418 0.6136105060577393
v -0.02741445228457451 0.07792298495769501 0.5343895554542542
v -0.1987064778804779 0.37309062480926514 0.5835482478141785
v 0.09058913588523865 0.030683837831020355 0.7591704726219177
v 0.08570563793182373 0.04303426295518875 0.7641137838363647
v -0.20411467552185059 -0.0995350033044815 0.6649299263954163
v 0.052321549504995346 0.061244428157806396 0.5305294990539551
v -0.13214176893234253 0.3279446065425873 0.5368949770927429
v -0.11698578298091888 0.3191525340080261 0.5332152843475342
v -0.2483973354101181 0.36920106410980225 0.6229391694068909
v -0.25263476371765137 0.36735689640045166 0.6282492280006409
v -0.17582657933235168 0.009658336639404297 0.5762402415275574
v 0.24186891317367554 0.2953070402145386 0.6032687425613403
v 0.1192350760102272 0.2118920534849167 0.7392717003822327
v 0.062048643827438354 0.2857722043991089 0.5419318675994873
v 0.06716762483119965 0.27453339099884033 0.5431126952171326
v 0.08627684414386749 0.12003853917121887 0.5459871292114258
v 0.10827493667602539 0.3495463728904724 0.7322761416435242
v 0.12106682360172272 -0.013290699571371078 0.5386643409729004
v 0.11171752959489822 -0.0035631991922855377 0.535641074180603
v -0.2597096562385559 0.33836686611175537 0.6886783838272095
v 0.1471470296382904 0.01402655616402626 0.57414710521698
v 0.14226537942886353 0.028436005115509033 0.5766661167144775
v -0.10508935153484344 0.09964580833911896 0.5368098020553589
v -0.17143554985523224 0.05743655189871788 0.5824780464172363
v 0.13829457759857178 0.28035229444503784 0.5978884696960449
v 0.1303679347038269 0.2820681035518646 0.6089219450950623
v -0.18935270607471466 0.2143862247467041 0.705376148223877
v -0.1793903410434723 -0.005609793588519096 0.5760827660560608
v -0.12963855266571045 0.3214934170246124 0.7399937510490417
v 0.06374424695968628 0.4390607476234436 0.6878507733345032
v 0.06730271130800247 0.41859152913093567 0.7052807807922363
v 0.07555334270000458 0.41785499453544617 0.7065055966377258
v 0.028018293902277946 0.1569189429283142 0.7943150997161865
v 0.13001367449760437 0.17762115597724915 0.6717968583106995
v -0.08343081921339035 0.4130769670009613 0.5754008889198303
v 0.16851390898227692 -0.03284149989485741 0.604518711566925
v -0.09666426479816437 -0.04080754145979881 0.76429682970047
v 0.09241537749767303 0.4022102952003479 0.5786211490631104
v 0.0855177566409111 0.39091718196868896 0.5704450607299805
v -0.13619405031204224 -0.07159657776355743 0.7413691878318787
v 0.12883056700229645 0.23670977354049683 0.6817470192909241
v -0.15666332840919495 0.1271500140428543 0.7533813118934631
v -0.14492741227149963 0.12530696392059326 0.7574292421340942
v -0.14825381338596344 0.13984641432762146 0.7600042223930359
v -0.11022605001926422 -0.06145493686199188 0.7547046542167664
v -0.09425733983516693 -0.060912828892469406 0.7610559463500977
v -0.00931769609451294 0.08722664415836334 0.5335289835929871
v -0.1281377524137497 0.05129895359277725 0.76087486743927
v 0.13771478831768036 0.41248372197151184 0.6171230673789978
v 0.09207677096128464 0.0588378868997097 0.5430784821510315
v -0.03297805041074753 0.16172409057617188 0.785291314125061
v -0.0311668012291193 0.14359937608242035 0.7859569787979126
v -0.27741342782974243 0.21254511177539825 0.5825371742248535
v 0.14753560721874237 0.03813646733760834 0.6845316886901855
v 0.15013302862644196 0.03071301057934761 0.6798108220100403
v -0.0373682826757431 0.18299654126167297 0.5307483077049255
v -0.016862548887729645 0.07115418463945389 0.7897142767906189
v -0.01155875064432621 0.005141850560903549 0.5176292657852173
v 0.028606094419956207 0.07759055495262146 0.5305225253105164
v 0.043666306883096695 0.25456008315086365 0.533791720867157
v -0.2971475422382355 0.3133387267589569 0.6390461921691895
v -0.2872309386730194 0.326416552066803 0.6358217000961304
v -0.2871856093406677 0.32404613494873047 0.6297252774238586
v 0.15794026851654053 -0.047341495752334595 0.702764630317688
v -0.05775242671370506 0.43455690145492554 0.5878230333328247
v 0.13720987737178802 0.07191143929958344 0.6043091416358948
v -0.2438826858997345 0.2268412709236145 0.6659674048423767
v 0.051303278654813766 0.15914341807365417 0.5360422730445862
v 0.06107182055711746 0.20925025641918182 0.5360983610153198
v -0.20753894746303558 0.2864726185798645 0.5743253827095032
v 0.16092191636562347 0.018542833626270294 0.6509222984313965
v 0.15708065032958984 0.025490332394838333 0.6600812077522278
v 0.16003446280956268 0.00827963650226593 0.6648384928703308
v 0.025876419618725777 0.37944045662879944 0.7294407486915588
v -0.047920335084199905 0.1859566569328308 0.5288776159286499
v -0.04540453851222992 -0.05958037078380585 0.7736413478851318
v -0.019184669479727745 0.4133036732673645 0.5734637379646301
v -0.03154628351330757 0.4111712872982025 0.5733869075775146
v 0.2104875147342682 0.34436729550361633 0.6732739210128784
v -0.15387171506881714 -0.062340252101421356 0.7313251495361328
v 0.09591583162546158 0.1529504656791687 0.5584613084793091
v -0.07794929295778275 0.13905014097690582 0.7901099920272827
v -0.08726544678211212 0.14853107929229736 0.790070652961731
v -0.08576954901218414 0.1327955573797226 0.7889643907546997
v 0.09340019524097443 0.21294885873794556 0.5563860535621643
v 0.10310063511133194 0.22109362483024597 0.5635131597518921
v -0.1370873749256134 0.09035296738147736 0.5441536903381348
v -0.08477727323770523 0.3601726293563843 0.7328460216522217
v -0.07594635337591171 0.3637545704841614 0.7331877946853638
v -0.16722199320793152 0.129186749458313 0.7473058700561523
v 0.009622952900826931 0.37876346707344055 0.7315346002578735
v -0.0311274491250515 0.37323784828186035 0.5570522546768188
v -0.057031068950891495 0.060540955513715744 0.7865989804267883
v -0.04705825075507164 0.05778166279196739 0.7863973379135132
v 0.12830668687820435 0.28795719146728516 0.6219189763069153
v -0.1696529984474182 0.1877872794866562 0.5823966860771179
v -0.16166988015174866 0.19322654604911804 0.5763733386993408
v -0.10071718692779541 0.026744920760393143 0.7754054069519043
v -0.10460641980171204 0.04133370518684387 0.7747483253479004
v -0.11399892717599869 0.03093315288424492 0.7675070762634277
v -0.0073676276952028275 0.21359044313430786 0.5344908237457275
v -0.01360552478581667 0.22223582863807678 0.5339470505714417
v -0.00871366634964943 0.23109592497348785 0.5341399908065796
v 0.04682942479848862 0.4588034749031067 0.6157501935958862
v -0.0036966167390346527 0.3276601731777191 0.540361225605011
v -0.015885112807154655 0.32853737473487854 0.5415774583816528
v -0.086649090051651 0.09410510212182999 0.5303100943565369
v 0.17020320892333984 0.3836301565170288 0.697311520576477
v 0.13203571736812592 0.16381263732910156 0.6395639181137085
v -0.17270930111408234 0.2034718245267868 0.7438704371452332
v -0.16691848635673523 0.2072548121213913 0.752200186252594
v 0.1414869725704193 -0.012272648513317108 0.556170642375946
v 0.06650231778621674 0.2971423268318176 0.7694056034088135
v -0.11833937466144562 0.12363751232624054 0.7796245217323303
v 0.13814003765583038 0.07714462280273438 0.6855841279029846
v -0.0819329097867012 0.01397218182682991 0.7790611982345581
v 0.1055670827627182 0.21720215678215027 0.7613390684127808
v 0.11129701882600784 0.22216317057609558 0.7504554390907288
v 0.02996463142335415 0.43309542536735535 0.6941145658493042
v 0.04984882473945618 0.003118205815553665 0.7774256467819214
v 0.13439345359802246 -0.019491923972964287 0.5473352670669556
v -0.2980855703353882 0.3185465335845947 0.6505750417709351
v 0.11610070616006851 0.12682794034481049 0.5815639495849609
v -0.04411596059799194 0.06165781989693642 0.5309341549873352
v -0.04304158315062523 0.04863618686795235 0.5289202928543091
v -0.21690531075000763 0.3175763487815857 0.7036353349685669
v -0.2727809548377991 0.34072691202163696 0.6727104187011719
v 0.1535252034664154 0.03238900005817413 0.6689543724060059
v 0.11375056952238083 0.31091853976249695 0.7148524522781372
v 0.095688097178936 0.017480887472629547 0.7538508772850037
v -0.01762319542467594 0.08906559646129608 0.7897905111312866
v 0.15972161293029785 -0.007238263264298439 0.5871772766113281
v -0.30613723397254944 0.19686871767044067 0.679657518863678
v 0.15327048301696777 0.3478219509124756 0.7079212665557861
v -0.15716157853603363 0.415844589471817 0.6724449992179871
v -0.031097877770662308 0.18615871667861938 0.7854673862457275
v -0.03795194253325462 0.1957389861345291 0.7856622934341431
v -0.041476909071207047 0.17920169234275818 0.7854945659637451
v -0.06761371344327927 0.3802661895751953 0.5594286918640137
v -0.05611378699541092 0.3878462314605713 0.5630908012390137
v -0.055006012320518494 0.3736465871334076 0.5572702288627625
v -0.022147756069898605 0.026724107563495636 0.5225368738174438
v 0.010577766224741936 0.10378162562847137 0.7923733592033386
v -0.06062334030866623 0.11659148335456848 0.5296235680580139
v -0.06212180480360985 0.12710224092006683 0.5290061235427856
v 0.1291835755109787 0.1786719113588333 0.7067339420318604
v 0.04469561204314232 0.4489092230796814 0.6013330221176147
v 0.015311840921640396 0.32879438996315 0.7582443952560425
v 0.004202664829790592 0.1939110904932022 0.5333824157714844
v -0.10063263773918152 0.15945902466773987 0.7906872034072876
v -0.25462716817855835 0.3275177478790283 0.6952855587005615
v -0.2588517665863037 0.31847554445266724 0.6940567493438721
v -0.18517141044139862 0.03970670327544212 0.6181661486625671
v -0.2638516128063202 0.2970973253250122 0.6952230334281921
v 0.052531056106090546 0.4424975514411926 0.6833217144012451
v 0.0855896845459938 0.13006621599197388 0.7717505097389221
v 0.08708398044109344 0.14242054522037506 0.7713665962219238
v -0.0960472896695137 0.0965825766324997 0.5333458185195923
v 0.009401059709489346 -0.02610303834080696 0.5114704966545105
v -0.09963715821504593 0.2740197777748108 0.7753390073776245
v 0.12307029217481613 0.21795818209648132 0.7269425392150879
v -0.1281140297651291 -0.016584981232881546 0.7490440607070923
v 0.2001197338104248 0.36095911264419556 0.6764866709709167
v 0.13412752747535706 0.12555284798145294 0.6847989559173584
v 0.13556106388568878 0.11594289541244507 0.6754872798919678
v 0.23691442608833313 0.29610753059387207 0.6555654406547546
v 0.24562841653823853 0.30674412846565247 0.6478953957557678
v -0.16228918731212616 0.1629473716020584 0.5857027769088745
v -0.08334825932979584 0.024052035063505173 0.7805003523826599
v 0.0246448777616024 0.25065523386001587 0.7951560616493225
v 0.09620469063520432 0.1940612643957138 0.7723767161369324
v -0.1901816427707672 0.023502249270677567 0.6241731643676758
v 0.13721221685409546 0.38548874855041504 0.5912267565727234
v 0.13526691496372223 0.3705219030380249 0.5928550958633423
v 0.07925479859113693 -0.0031233318150043488 0.7631940245628357
v 0.07945363968610764 -0.013432566076517105 0.7611494064331055
v 0.08703970909118652 -0.00674922950565815 0.7575526833534241
v -0.01743389293551445 0.19608916342258453 0.5348146557807922
v -0.20690524578094482 0.26651138067245483 0.587929368019104
v -0.06910102069377899 0.39438194036483765 0.5658202171325684
v 0.059815049171447754 -0.05156199261546135 0.5071209073066711
v -0.16765686869621277 -0.08495800197124481 0.5548779368400574
v -0.07731331884860992 -0.013164419680833817 0.5166782140731812
v 0.02488994225859642 0.12089115381240845 0.5319311618804932
v 0.14659090340137482 -0.05101124569773674 0.7154582738876343
v -0.31076955795288086 0.24187175929546356 0.591211199760437
v -0.032917097210884094 0.04500209912657738 0.7880481481552124
v 0.023657847195863724 0.22671154141426086 0.5347397327423096
v 0.031218383461236954 0.23525963723659515 0.5343680381774902
v -0.019627319648861885 0.2307189404964447 0.5328356027603149
v -0.19249264895915985 0.17507734894752502 0.6725204586982727
v -0.1333327740430832 0.16736455261707306 0.7725765109062195
v 0.11022303998470306 0.44211477041244507 0.6785200238227844
v 0.15566915273666382 0.26837781071662903 0.6471551656723022
v -0.13840517401695251 0.42151087522506714 0.58835768699646
v 0.09256210178136826 0.1036645770072937 0.7627307176589966
v 0.0871770903468132 0.11468912661075592 0.7688876390457153
v -0.18592500686645508 0.21123966574668884 0.7243081331253052
v -0.10653328150510788 0.16807430982589722 0.7906851172447205
v 0.1335439532995224 0.20984043180942535 0.6543720960617065
v 0.13364511728286743 0.2238035500049591 0.6450545787811279
v -0.2972813546657562 0.3122550845146179 0.6360573172569275
v 0.00690965261310339 0.3060914874076843 0.7698075771331787
v 0.09763725101947784 0.22848092019557953 0.7715263962745667
v 0.09357178211212158 0.20992019772529602 0.7756291627883911
v 0.1297975480556488 0.09358767420053482 0.598317563533783
v 0.13183286786079407 0.10022997856140137 0.608802855014801
v -0.08914131671190262 -0.07089068740606308 0.760464072227478
v -0.021612100303173065 0.2666664123535156 0.5304874181747437
v -0.0005680052563548088 0.13309107720851898 0.7924262285232544
v 0.09268937259912491 0.07772497832775116 0.5443729758262634
v 0.12786617875099182 0.11228179931640625 0.6036528944969177
v -0.06856315582990646 0.2945372462272644 0.531001627445221
v 0.004877053201198578 0.3943864107131958 0.5604293346405029
v 0.01681598275899887 0.3940674066543579 0.5585581064224243
v -0.13135309517383575 0.10554042458534241 0.7639925479888916
v -0.13481636345386505 0.12221388518810272 0.7640091180801392
v 0.056351158767938614 0.13076463341712952 0.5364928245544434
v 0.06741440296173096 0.14739444851875305 0.5373964309692383
v -0.04157349467277527 0.1464293748140335 0.785591721534729
v 0.06206401437520981 0.3968539834022522 0.7167922258377075
v 0.034320168197155 -0.04087573289871216 0.7752750515937805
v -0.05658436566591263 0.39751410484313965 0.5674706697463989
v -0.16052107512950897 0.14105814695358276 0.7564288377761841
v -0.1429452896118164 0.2531086206436157 0.5390967130661011
v -0.1304924041032791 0.2582060396671295 0.5251011252403259
v 0.12315832078456879 0.43913763761520386 0.6776782274246216
v 0.11757433414459229 0.43787622451782227 0.6847137212753296
v 0.04920594021677971 0.11344850063323975 0.7882435321807861
v -0.06683432310819626 0.09378041326999664 0.7871192693710327
v 0.026929404586553574 0.19819894433021545 0.7956850528717041
v -0.2742381691932678 0.2180107831954956 0.6793163418769836
v -0.008587961085140705 -0.027778567746281624 0.5107482671737671
v -0.1889563649892807 0.1906021237373352 0.5935582518577576
v -0.09152878075838089 0.2974582314491272 0.5303783416748047
v 0.14507676661014557 0.0289296992123127 0.6898176670074463
v 0.04878564178943634 0.03076111152768135 0.7817092537879944
v 0.0013914406299591064 0.09880103170871735 0.791746973991394
v 0.00044868839904665947 0.11669816821813583 0.7921006679534912
v -0.1082863062620163 0.4132605195045471 0.5761358141899109
v -0.11928696185350418 0.4068133234977722 0.571731686592102
v -0.15845829248428345 0.31214258074760437 0.5461690425872803
v -0.1622851938009262 0.13549865782260895 0.5952159762382507
v -0.2028978019952774 0.28208619356155396 0.6933785080909729
v -0.20165494084358215 0.2654849886894226 0.6922856569290161
v -0.055535104125738144 -0.04152265936136246 0.7744258046150208
v -0.048385415226221085 0.18871484696865082 0.786419153213501
v -0.05855310708284378 0.18189826607704163 0.7882205843925476
v 0.13337254524230957 0.26192569732666016 0.6324549317359924
v 0.0395820327103138 -0.05296735092997551 0.7730392813682556
v 0.13683171570301056 0.09374651312828064 0.6807834506034851
v 0.13635270297527313 0.10384327918291092 0.6782269477844238
v 0.17020776867866516 0.4011351466178894 0.6873862147331238
v 0.12968742847442627 0.2072126269340515 0.6735718846321106
v 0.1281043142080307 0.2122487723827362 0.6824206113815308
v 0.05589830502867699 -0.017032023519277573 0.771665096282959
v 0.05965198203921318 -0.006257917732000351 0.7721080780029297
v 0.0459694042801857 -0.00809093564748764 0.7768077850341797
v -0.23275332152843475 0.36772316694259644 0.6014760136604309
v -0.09064317494630814 0.015085242688655853 0.7768707871437073
v -0.09766988456249237 0.0062965452671051025 0.7724621295928955
v -0.19832412898540497 0.295381098985672 0.5589905977249146
v -0.1943666934967041 0.2871686816215515 0.5635830760002136
v -0.03951127454638481 0.3218235373497009 0.7561569213867188
v -0.07024487107992172 0.2811402976512909 0.7736584544181824
v -0.07070444524288177 0.2876599431037903 0.7705856561660767
v -0.053738899528980255 0.23202329874038696 0.7871769666671753
v 0.15000808238983154 0.3317112922668457 0.7049563527107239
v -0.2637680768966675 0.24803376197814941 0.5790536403656006
v -0.05805790796875954 -0.09610483050346375 0.7672756314277649
v -0.08560799807310104 0.0457223504781723 0.5280063152313232
v 0.13309060037136078 0.1485389769077301 0.6544185876846313
v 0.13267900049686432 0.14172714948654175 0.6701002717018127
v 0.09916986525058746 0.4009891450405121 0.7178254127502441
v 0.1014087051153183 0.4127116799354553 0.7142735719680786
v 0.09303206205368042 0.4130916893482208 0.7123560905456543
v 0.06739676743745804 0.3463938534259796 0.5498291254043579
v -0.20259259641170502 0.3792712092399597 0.5916853547096252
v 0.09199166297912598 -0.02161080576479435 0.7515606880187988
v 0.14361774921417236 0.287264347076416 0.5901386737823486
v -0.02113589644432068 0.21365341544151306 0.533729076385498
v -0.30952298641204834 0.23224732279777527 0.5864273309707642
v -0.04647286236286163 -0.019605737179517746 0.5130164623260498
v -0.1182374581694603 0.3247976005077362 0.7416369915008545
v 0.10822337865829468 0.21753132343292236 0.5753447413444519
v 0.10638348758220673 0.2311488687992096 0.5753026008605957
v -0.044526100158691406 0.2043905407190323 0.5290601253509521
v 0.08554588258266449 0.402211993932724 0.7151533961296082
v 0.0765882059931755 0.40911731123924255 0.7110810875892639
v -0.03242107480764389 0.03128557279706001 0.5237969160079956
v -0.022558055818080902 0.12666916847229004 0.5337503552436829
v -0.02126397378742695 0.11347497999668121 0.53484046459198
v 0.04241520166397095 0.2945890426635742 0.7767286896705627
v -0.1985120326280594 0.17791461944580078 0.6432900428771973
v -0.19978559017181396 0.17957040667533875 0.6327945590019226
v -0.05368931218981743 0.2532215118408203 0.528793215751648
v -0.05217474699020386 -0.10468841344118118 0.7672984004020691
v -0.1339992880821228 0.2785968482494354 0.5274854898452759
v -0.1296488344669342 0.2888072431087494 0.5270870923995972
v -0.12236367911100388 0.27193784713745117 0.5266672372817993
v 0.1338297426700592 0.25509124994277954 0.6422900557518005
v 0.13403773307800293 0.2594681680202484 0.650353193283081
v 0.1327478587627411 0.17346984148025513 0.6548530459403992
v 0.11025232076644897 0.23684941232204437 0.7516489624977112
v 0.10590744763612747 0.15301603078842163 0.7568267583847046
v 0.09571252763271332 0.14631369709968567 0.7654588222503662
v 0.14205080270767212 0.27388545870780945 0.6062188744544983
v 0.05253129079937935 0.3363083004951477 0.54248046875
v -0.2935338616371155 0.31905609369277954 0.6547099351882935
v -0.23429082334041595 0.33808034658432007 0.7051513195037842
v -0.23918110132217407 0.347273051738739 0.6993255615234375
v -0.05395960435271263 0.35960981249809265 0.5520233511924744
v -0.13044795393943787 0.11275775730609894 0.5403076410293579
v -0.08121799677610397 0.35140255093574524 0.7372639179229736
v -0.15008755028247833 -0.021341249346733093 0.729520320892334
v -0.07904525846242905 0.25358831882476807 0.7869648933410645
v 0.09774936735630035 0.41679495573043823 0.5925231575965881
v 0.07859450578689575 0.33751508593559265 0.5542213916778564
v -0.2575218975543976 0.2672741413116455 0.695152997970581
v -0.005966518074274063 0.4503856301307678 0.5966033935546875
v 0.21184366941452026 0.34008723497390747 0.6671904921531677
v 0.12300881743431091 0.039804235100746155 0.7242845892906189
v -0.07853107899427414 0.10360198467969894 0.5293213129043579
v -0.29502159357070923 0.18156583607196808 0.5872912406921387
v -0.030378393828868866 0.36262866854667664 0.5532477498054504
v 0.13724100589752197 0.10535544157028198 0.666018545627594
v 0.13937942683696747 0.09362779557704926 0.6496180891990662
v 0.12662780284881592 0.32787176966667175 0.7037155628204346
v 0.17389890551567078 0.3935256600379944 0.6888315081596375
v 0.11920914798974991 0.19297480583190918 0.5972861051559448
v 0.2280271053314209 0.2976192533969879 0.589975118637085
v 0.17476466298103333 0.39536023139953613 0.6249096989631653
v -0.09331820905208588 0.03543391823768616 0.7790257334709167
v 0.12321587651968002 0.08876606822013855 0.5828529000282288
v -0.15265943109989166 0.1884685456752777 0.5692539215087891
v 0.036819737404584885 0.14946052432060242 0.5335785150527954
v 0.05197541415691376 0.1483699083328247 0.536041259765625
v -0.13418792188167572 0.16764095425605774 0.5329391956329346
v 0.012323644012212753 -0.03674102947115898 0.7805911898612976
v 0.030075641348958015 0.11279243975877762 0.7914711236953735
v -0.15977154672145844 0.2615091800689697 0.5516820549964905
v -0.26659899950027466 0.3170287609100342 0.6898691058158875
v -0.2559792399406433 0.30953776836395264 0.6956288814544678
v -0.04388527572154999 0.38051140308380127 0.5601696968078613
v -0.04858497530221939 0.36663147807121277 0.5548028349876404
v -0.030974656343460083 -0.07198305428028107 0.5050472617149353
v -0.18977922201156616 -0.018167994916439056 0.6716631054878235
v -0.1860584169626236 -0.027059193700551987 0.6822308301925659
v -0.16029289364814758 0.1818469762802124 0.7658382654190063
v -0.3007817566394806 0.29271072149276733 0.6597774028778076
v -0.09335219115018845 0.12625989317893982 0.7879306077957153
v 0.048207737505435944 0.329727441072464 0.7546572089195251
v -0.19407609105110168 0.3341488838195801 0.7235633730888367
v 0.14648400247097015 0.42589348554611206 0.6754801273345947
v -0.2900758385658264 0.32823607325553894 0.6486189961433411
v -0.09035623073577881 0.24648702144622803 0.789497971534729
v -0.22723810374736786 0.32892313599586487 0.7075971364974976
v -0.13851398229599 0.12398025393486023 0.5399700999259949
v -0.11032731831073761 0.13790936768054962 0.5398581624031067
v -0.15918439626693726 -0.020736131817102432 0.7194074392318726
v 0.05192255601286888 -0.0031639933586120605 0.5192945003509521
v -0.20553821325302124 0.20698240399360657 0.6194237470626831
v -0.15139037370681763 0.3179798424243927 0.5434733033180237
v -0.13330931961536407 0.41598913073539734 0.5820200443267822
v -0.18306148052215576 0.0056309327483177185 0.5853456258773804
v -0.18669472634792328 -0.002959590405225754 0.5885224938392639
v -0.04224688559770584 0.3592764437198639 0.5522923469543457
v 0.07946039736270905 0.13837045431137085 0.7783985137939453
v -0.19281119108200073 0.008752614259719849 0.6459665298461914
v 0.1415993571281433 0.3660270571708679 0.5894397497177124
v -0.18743464350700378 0.031926967203617096 0.6213063597679138
v -0.1740141212940216 0.04915385693311691 0.5861560106277466
v -0.1709422469139099 0.3587207794189453 0.5609408020973206
v -0.08855331689119339 0.10621292889118195 0.5309715867042542
v -0.027959126979112625 0.1967131644487381 0.5323906540870667
v 0.03384734317660332 0.19181270897388458 0.5347962379455566
v -0.031779639422893524 -0.008641103282570839 0.7839024066925049
v -0.04406251013278961 -0.001143094152212143 0.7828266024589539
v -0.23014509677886963 0.3596435487270355 0.5948671698570251
v 0.04981430247426033 0.23249170184135437 0.5341484546661377
v 0.0387985035777092 0.24420152604579926 0.5337632298469543
v 0.2079523503780365 0.35607194900512695 0.6569518446922302
v 0.20895493030548096 0.34788039326667786 0.6617658138275146
v 0.2170862853527069 0.34996992349624634 0.6492718458175659
v -0.126078799366951 0.3713344931602478 0.5511601567268372
v 0.0364450179040432 0.11079232394695282 0.5329070091247559
v -0.03869597241282463 0.19802722334861755 0.5300320386886597
v -0.1787821501493454 0.12640617787837982 0.7096050977706909
v -0.17973347008228302 0.11589394509792328 0.7133049964904785
v -0.2841547131538391 0.3218076229095459 0.6185733079910278
v -0.11177043616771698 0.1298372745513916 0.7845053672790527
v -0.12529979646205902 0.29901576042175293 0.5293015241622925
v -0.12100442498922348 0.3091479241847992 0.5310021638870239
v 0.12847481667995453 0.42129838466644287 0.6215625405311584
v -0.2025972306728363 -0.07702390849590302 0.6375650763511658
v -0.10625633597373962 0.019466537982225418 0.5298680663108826
v 0.09711242467164993 0.30640023946762085 0.5673720240592957
v 0.21371304988861084 0.236680269241333 0.6629319787025452
v 0.07684317231178284 0.037200719118118286 0.5342140793800354
v 0.08664142340421677 0.03471066802740097 0.536543607711792
v -0.120854452252388 0.04099182412028313 0.764219343662262
v -0.012508434243500233 0.0017688870429992676 0.7864726781845093
v 0.02143404260277748 -0.04433062672615051 0.7776958346366882
v 0.02550787478685379 -0.03341584652662277 0.7786655426025391
v 0.008203594014048576 -0.04766452684998512 0.7792888283729553
v 0.2405160367488861 0.28572022914886475 0.6588508486747742
v 0.24461311101913452 0.27556419372558594 0.6627057790756226
v 0.12792715430259705 0.3451804518699646 0.7059606313705444
v 0.1229511946439743 0.3484286665916443 0.7154879570007324
v -0.11769819259643555 0.44640129804611206 0.6093141436576843
v -0.12285584211349487 0.4399215281009674 0.6014895439147949
v 0.12687817215919495 0.10547994822263718 0.7110161185264587
v 0.1390332132577896 0.06096818670630455 0.5982025861740112
v 0.07209333777427673 0.23881636559963226 0.5471367239952087
v -0.13539516925811768 0.4120345115661621 0.6867188811302185
v -0.12484969198703766 0.41575300693511963 0.6911411285400391
v -0.10395500063896179 0.0010276548564434052 0.5249177813529968
v 0.13742387294769287 0.07727870345115662 0.6113682985305786
v 0.13412350416183472 0.09108661115169525 0.6109911799430847
v 0.12482066452503204 0.286119282245636 0.6504318714141846
v 0.15143729746341705 -0.0769653469324112 0.7249343991279602
v -0.1883215457201004 0.14193469285964966 0.6588201522827148
v -0.1861313134431839 0.0989561676979065 0.659641444683075
v 0.2517716884613037 0.2737157344818115 0.6504586338996887
v -0.028243791311979294 -0.012986620888113976 0.513596773147583
v -0.020220670849084854 -0.001576211303472519 0.5160901546478271
v -0.16948749125003815 0.17343255877494812 0.7469061017036438
v -0.1658780872821808 0.17020146548748016 0.7578313946723938
v -0.16500113904476166 0.18489357829093933 0.7554386854171753
v -0.10065141320228577 -0.032993048429489136 0.5149269104003906
v 0.005766472313553095 0.16196104884147644 0.5338125228881836
v -0.08082963526248932 0.06613591313362122 0.7847262620925903
v -0.10010813176631927 0.3141152858734131 0.5312918424606323
v 0.23395958542823792 0.3018506169319153 0.5996538400650024
v 0.04449290782213211 0.28012150526046753 0.7847403287887573
v -0.16723647713661194 0.3946315050125122 0.6893825531005859
v -0.14678964018821716 0.38956478238105774 0.6982009410858154
v -0.136748269200325 0.18191148340702057 0.7739983797073364
v -0.15341347455978394 0.21081797778606415 0.7705298662185669
v -0.14373204112052917 0.21012760698795319 0.7785705327987671
v -0.1696384847164154 0.18835701048374176 0.7447330951690674
v 0.13371595740318298 0.27592185139656067 0.617257297039032
v -0.01919027417898178 -0.015993643552064896 0.784477949142456
v 0.14364086091518402 0.06175145506858826 0.6755411028862
v -0.1889898180961609 -0.09052392095327377 0.5859391689300537
v 0.11905555427074432 0.26431336998939514 0.726252555847168
v 0.11449567973613739 0.27334773540496826 0.7379966974258423
v 0.12102168053388596 0.28345373272895813 0.5815888047218323
v -0.20593389868736267 0.25649547576904297 0.6340610384941101
v -0.2096199244260788 0.25437813997268677 0.6259677410125732
v -0.11672116816043854 -0.03622330725193024 0.5184246301651001
v 0.0042897723615169525 0.048524051904678345 0.5256770849227905
v -0.07222951203584671 0.21247819066047668 0.5291194915771484
v 0.12777073681354523 0.09137680381536484 0.7100352048873901
v 0.12190303206443787 0.08971444517374039 0.7231457233428955
v -0.14030180871486664 0.07705631852149963 0.5479065179824829
v 0.10505769401788712 0.28058767318725586 0.5767167210578918
v 0.10964326560497284 0.20682401955127716 0.5755351185798645
v -0.09976822882890701 0.22072671353816986 0.7925711274147034
v -0.024016158655285835 0.28500834107398987 0.7754941582679749
v 0.12489761412143707 0.3350658118724823 0.581159770488739
v 0.2148752212524414 0.3423510491847992 0.6560473442077637
v -0.2439441829919815 0.3331022560596466 0.6982719898223877
v -0.052638158202171326 0.04900059103965759 0.786026120185852
v -0.04740242660045624 0.04310660809278488 0.7857296466827393
v 0.13590285181999207 0.114767886698246 0.6625313758850098
v 0.1371828317642212 0.10522260516881943 0.6506834626197815
v -0.29506558179855347 0.19778044521808624 0.5827725529670715
v -0.06313737481832504 0.13720116019248962 0.5283553004264832
v -0.07205435633659363 0.12700209021568298 0.5283755660057068
v -0.13687647879123688 0.4332931637763977 0.6001514196395874
v -0.14921829104423523 0.4300081431865692 0.6043022871017456
v 0.1402147114276886 0.3261070251464844 0.5759168267250061
v 0.15028491616249084 0.32649314403533936 0.5813060402870178
v -0.08065152913331985 0.11667346954345703 0.5293874740600586
v 0.1339198499917984 0.2996724843978882 0.6397079229354858
v 0.15371999144554138 0.34531810879707336 0.585716724395752
v 0.08816003799438477 0.009240716695785522 0.7590417861938477
v -0.012791914865374565 0.01978559046983719 0.5204082727432251
v 0.12220149487257004 0.258888840675354 0.7174571752548218
v -0.06703124195337296 -0.050336696207523346 0.769885241985321
v -0.11913162469863892 -0.03458032011985779 0.7493909597396851
v -0.13445529341697693 -0.03618862107396126 0.7375741004943848
v 0.09959930181503296 0.4052896499633789 0.5837525725364685
v 0.0204604584723711 0.2374565452337265 0.5345268249511719
v 0.12733520567417145 0.26984646916389465 0.6878126859664917
v 0.16521477699279785 -0.012325635179877281 0.5994141697883606
v 0.1691024750471115 -0.01771743968129158 0.6121182441711426
v -0.12387041747570038 0.41175395250320435 0.5762936472892761
v -0.11748959124088287 0.41860923171043396 0.5805463790893555
v 0.023920182138681412 0.15004709362983704 0.5310553908348083
v 0.019243918359279633 0.3388969898223877 0.539659857749939
v 0.08945523202419281 -0.05652861297130585 0.5138543248176575
v 0.0016942070797085762 -0.050546206533908844 0.5072879195213318
v 0.029582682996988297 0.29733479022979736 0.5335966348648071
v -0.11555012315511703 0.45377203822135925 0.6181515455245972
v 0.05497299134731293 0.45237597823143005 0.6097666025161743
v -0.08341364562511444 0.2942024767398834 0.765923798084259
v -0.08935651928186417 0.2941153049468994 0.7652626037597656
v -0.22735050320625305 0.26763850450515747 0.5835734605789185
v 0.04983218014240265 -0.03553967550396919 0.5099272727966309
v -0.07859249413013458 0.18084941804409027 0.5299010872840881
v 0.13239794969558716 0.2533482015132904 0.6609540581703186
v 0.033324748277664185 0.4423140287399292 0.5916210412979126
v 0.06534449756145477 0.44284072518348694 0.6837023496627808
v -0.261055052280426 0.3634148836135864 0.636857271194458
v -0.27089744806289673 0.35337042808532715 0.6451454162597656
v -0.19533699750900269 -0.10113675892353058 0.6987634897232056
v 0.12852886319160461 0.1816730499267578 0.6174304485321045
v 0.12359084188938141 0.1843048334121704 0.6062061786651611
v -0.1513015776872635 0.07977096736431122 0.5544668436050415
v 0.17853513360023499 0.3876722455024719 0.6203569769859314
v 0.006244936026632786 -0.07417792826890945 0.7756708860397339
v -0.0031529150437563658 0.14509758353233337 0.5348654985427856
v -0.09756799787282944 0.05037853121757507 0.7788328528404236
v -0.08816899359226227 0.056524161249399185 0.7825038433074951
v -0.09966033697128296 0.06248561665415764 0.7791076302528381
v 0.07591468840837479 0.0070702433586120605 0.7663503885269165
v -0.1836770921945572 0.1055067777633667 0.6504077315330505
v 0.1263987421989441 0.40531083941459656 0.5978116393089294
v 0.23035043478012085 0.2997680604457855 0.6654469966888428
v -0.03727191314101219 0.42126625776290894 0.5789859294891357
v -0.15887711942195892 -0.012603279203176498 0.7157294154167175
v -0.024794816970825195 0.3074125647544861 0.5345175862312317
v -0.015001039952039719 0.31718236207962036 0.5378137230873108
v -0.11895862221717834 0.3306531608104706 0.5357688665390015
v -0.14488796889781952 0.44174832105636597 0.6212795376777649
v 0.08789059519767761 0.3318154513835907 0.5611630082130432
v 0.038744885474443436 -0.06250302493572235 0.5023903250694275
v -0.18389874696731567 0.08916859328746796 0.6585554480552673
v -0.1900341510772705 0.23023080825805664 0.7033621072769165
v -0.18921160697937012 0.22075754404067993 0.7139914035797119
v -0.1895996332168579 0.23644328117370605 0.711755633354187
v 0.06514628231525421 0.01819530874490738 0.5262052416801453
v 0.06627701222896576 0.006879635155200958 0.5231947898864746
v 0.13230660557746887 0.359518826007843 0.5827196836471558
v 0.18681877851486206 0.3039567470550537 0.6868783235549927
v -0.11777757108211517 0.27389633655548096 0.7710491418838501
v 0.011218247003853321 0.27823585271835327 0.5350708365440369
v -0.19555425643920898 -0.04139222204685211 0.6037531495094299
v -0.35100698471069336 0.23922030627727509 0.6769884824752808
v -0.3560813069343567 0.22813552618026733 0.6684523820877075
v 0.01333386730402708 0.055248793214559555 0.5278093814849854
v 0.08544979989528656 0.3199220299720764 0.7486242651939392
v -0.09389101713895798 0.03592807799577713 0.5287063717842102
v -0.10418052971363068 0.04199174419045448 0.5319074988365173
v -0.18172362446784973 0.2293095588684082 0.5784671902656555
v -0.1888677030801773 0.21682271361351013 0.5843930244445801
v -0.17842388153076172 -0.08751676976680756 0.5674322247505188
v -0.18429946899414062 -0.07915057241916656 0.5777391195297241
v -0.17864370346069336 0.21619462966918945 0.5784940719604492
v -0.23924602568149567 0.23937758803367615 0.5876489877700806
v -0.33956378698349 0.22248829901218414 0.6814448237419128
v -0.1826048046350479 0.14949484169483185 0.7006333470344543
v -0.07596912235021591 0.026342272758483887 0.5251087546348572
v -0.008402882143855095 0.40995243191719055 0.5705174803733826
v 0.08447948098182678 0.44908586144447327 0.6246035099029541
v 0.037197958678007126 0.43436482548713684 0.5843327641487122
v -0.15312360227108002 0.11265687644481659 0.7497550845146179
v 0.12592020630836487 0.1450645625591278 0.6090627908706665
v 0.12995871901512146 0.13218091428279877 0.6182706952095032
v 0.1339273899793625 0.1201033741235733 0.6235730648040771
v -0.17398101091384888 0.07184186577796936 0.6032356023788452
v -0.2618473172187805 0.3521350026130676 0.6188607215881348
v -0.11158891022205353 0.047535814344882965 0.7713713049888611
v -0.066289983689785 0.4069497585296631 0.722108006477356
v 0.007279939949512482 0.4736964702606201 0.6341124176979065
v 0.06308212876319885 0.05826583504676819 0.5337914228439331
v -0.09035836160182953 0.11970068514347076 0.5321416854858398
v 0.19097015261650085 0.38302528858184814 0.6655644178390503
v 0.03049263171851635 0.05262612923979759 0.7887715697288513
v -0.20811039209365845 0.29339367151260376 0.5640751123428345
v -0.030685050413012505 0.23941798508167267 0.532468318939209
v -0.028439294546842575 0.1363908350467682 0.5332386493682861
v 0.15693923830986023 0.33808434009552 0.6997423768043518
v -0.10525849461555481 0.3865630626678467 0.5591777563095093
v 0.05640564486384392 0.0802157074213028 0.5340639352798462
v 0.09734448790550232 0.07101449370384216 0.5446056127548218
v 0.11483921110630035 0.3019009530544281 0.7184063792228699
v -0.19449050724506378 -0.051166411489248276 0.6713126301765442
v 0.07656754553318024 0.16349880397319794 0.541907787322998
v 0.07047107815742493 0.1324760913848877 0.7836095094680786
v -0.16113781929016113 0.12400288879871368 0.5954035520553589
v -0.10113643109798431 0.35791143774986267 0.545150876045227
v 0.22594553232192993 0.25470417737960815 0.6737606525421143
v 0.22227424383163452 0.24159294366836548 0.6677836179733276
v 0.23805171251296997 0.253587931394577 0.6749286651611328
v -0.14917300641536713 0.2794296145439148 0.7513023018836975
v 0.19805419445037842 0.22934474050998688 0.6509895324707031
v -0.11785317212343216 0.18469449877738953 0.5339292287826538
v 0.10012444108724594 0.3379185199737549 0.7379516363143921
v 0.10972976684570312 0.34027814865112305 0.7330983877182007
v -0.030281156301498413 0.13510648906230927 0.786432147026062
v -0.03663664683699608 0.07675798237323761 0.78778475522995
v -0.28406256437301636 0.3326834440231323 0.656355619430542
v -0.29727625846862793 0.17738410830497742 0.5878538489341736
v 0.15281303226947784 0.4018610119819641 0.613662838935852
v 0.1279333084821701 0.324390709400177 0.5863616466522217
v -0.007850450463593006 0.08391527831554413 0.7907258868217468
v -0.1843252182006836 0.2737692892551422 0.7085610628128052
v 0.13459832966327667 0.036316245794296265 0.570425271987915
v 0.022715413942933083 0.13598573207855225 0.5315636396408081
v -0.017515167593955994 0.35536879301071167 0.5499958395957947
v 0.09553541988134384 0.3833440840244293 0.5697259902954102
v 0.07385829091072083 0.13943369686603546 0.5397718548774719
v -0.2497568130493164 0.319294810295105 0.6969268321990967
v -0.12576094269752502 0.4391762912273407 0.673934817314148
v -0.0008988506160676479 0.28633904457092285 0.5345749258995056
v 0.15197482705116272 0.3350750207901001 0.5829903483390808
v -0.25239208340644836 0.29348671436309814 0.6957318782806396
v 0.16935135424137115 -0.056022681295871735 0.5954198837280273
v -0.20171791315078735 -0.0689738392829895 0.6375852823257446
v -0.06039990484714508 0.45983999967575073 0.6087676286697388
v 0.19430890679359436 0.3644125163555145 0.6817602515220642
v -0.16973179578781128 0.22217029333114624 0.7504444718360901
v -0.12222094088792801 0.20584087073802948 0.530258297920227
v 0.030280623584985733 0.3629108965396881 0.5449643731117249
v -0.07090066373348236 0.06321923434734344 0.7857025265693665
v -0.18259645998477936 0.04762142524123192 0.6151651740074158
v -0.17809690535068512 0.05769658833742142 0.625931978225708
v 0.2512117326259613 0.2674710154533386 0.6682172417640686
v 0.24109283089637756 0.26833289861679077 0.6735838651657104
v -0.20419153571128845 0.2644234299659729 0.5708667039871216
v 0.1345236450433731 0.26991820335388184 0.6019184589385986
v -0.2134830802679062 0.28689759969711304 0.6954943537712097
v -0.23799686133861542 0.26836851239204407 0.5790572166442871
v -0.015668727457523346 0.053750380873680115 0.7891219258308411
v -0.1215096265077591 0.014475002884864807 0.7574248909950256
v -0.11435741931200027 0.009608995169401169 0.7649550437927246
v -0.09884555637836456 0.342849999666214 0.5402470827102661
v 0.12196196615695953 0.2684841454029083 0.7070384621620178
v 0.12456675618886948 0.2626118063926697 0.6986716389656067
v -0.19002419710159302 -0.013040393590927124 0.5918353796005249
v -0.1856028139591217 -0.016303792595863342 0.5829852819442749
v -0.19423967599868774 -0.05401746928691864 0.5981253981590271
v -0.31786733865737915 0.19120298326015472 0.5831955075263977
v 0.031021570786833763 -0.05200818553566933 0.7753443717956543
v -0.18200328946113586 0.04981111362576485 0.6295446157455444
v 0.17041468620300293 0.24769383668899536 0.5995271801948547
v -0.20061951875686646 -0.058782272040843964 0.6276059746742249
v -0.11691511422395706 -0.024341262876987457 0.7529138326644897
v -0.19343003630638123 0.20390644669532776 0.5908064246177673
v 0.10849052667617798 0.37189656496047974 0.5704871416091919
v 0.07364234328269958 0.06898199021816254 0.5362085103988647
v 0.07503914833068848 0.06403718143701553 0.5357091426849365
v -0.038438830524683 0.09299901127815247 0.5324678421020508
v 0.13696616888046265 0.3529510200023651 0.707731306552887
v 0.17002519965171814 -0.02951849065721035 0.6113863587379456
v -0.13221706449985504 0.2683522403240204 0.5261305570602417
v -0.18676625192165375 0.2541279196739197 0.7136393785476685
v 0.12389016151428223 0.3118826746940613 0.6283247470855713
v -0.09439705312252045 0.3567975163459778 0.7319118976593018
v 0.08259375393390656 -0.048771195113658905 0.5131174325942993
v 0.11759018898010254 0.27956414222717285 0.7244842648506165
v -0.12523908913135529 0.3309723138809204 0.7363989353179932
v 0.13417059183120728 0.08885520696640015 0.6933026313781738
v 0.2034449577331543 0.35821568965911865 0.6665356755256653
v 0.16733865439891815 -0.005596619099378586 0.6135091781616211
v -0.16418331861495972 0.10954605042934418 0.572904646396637
v -0.02870357036590576 0.0901348814368248 0.5346223711967468
v -0.3376741409301758 0.20568843185901642 0.5922192335128784
v -0.0016462900675833225 0.11791296303272247 0.5335794687271118
v 0.02442033216357231 0.40211495757102966 0.5618410110473633
v -0.2411119043827057 0.35039258003234863 0.5939813852310181
v -0.17677804827690125 0.0614013746380806 0.5930483937263489
v -0.21053427457809448 0.35074615478515625 0.5792816877365112
v -0.2083071917295456 0.34485095739364624 0.5716263055801392
v 0.01094508171081543 0.36626267433166504 0.7376180291175842
v -0.1069064736366272 -0.03266424313187599 0.7588046193122864
v -0.09953891485929489 0.18879300355911255 0.5374922156333923
v -0.21907982230186462 0.388974666595459 0.6831681728363037
v 0.06947435438632965 -0.0047144293785095215 0.7679653763771057
v 0.009315643459558487 0.13002179563045502 0.7933606505393982
v 0.11187352240085602 0.20618703961372375 0.7495920062065125
v 0.1167827844619751 0.28836050629615784 0.7255887985229492
v 0.11707119643688202 0.28871941566467285 0.7148257493972778
v -0.05057082325220108 -0.050379082560539246 0.7737897038459778
v 0.039770931005477905 0.0788404643535614 0.7884634137153625
v 0.01602248102426529 -0.05474494397640228 0.7777122259140015
v -0.1908029466867447 -0.0005317851901054382 0.602718710899353
v -0.08240355551242828 -0.02293705753982067 0.7723848223686218
v 0.13093870878219604 0.08382371068000793 0.7043768167495728
v -0.10781139880418777 0.017845045775175095 0.7706514596939087
v 0.19506704807281494 0.3731648623943329 0.6707288026809692
v 0.1191466897726059 0.32493120431900024 0.5979607105255127
v -0.21413974463939667 0.2690921425819397 0.6935547590255737
v -0.22865967452526093 0.2751399576663971 0.7003938555717468
v -0.08170180767774582 0.3096644878387451 0.5316937565803528
v 0.13271449506282806 0.05253790318965912 0.5777971148490906
v -0.0040067690424621105 0.15592819452285767 0.535128116607666
v 0.018352260813117027 0.14275676012039185 0.7941806316375732
v -0.03461376577615738 0.2133965641260147 0.5304474234580994
v -0.18832989037036896 0.22660018503665924 0.7228779196739197
v 0.1501482129096985 0.02223023772239685 0.6816585659980774
v -0.15791141986846924 0.3470993638038635 0.7198082208633423
v -0.1837070733308792 0.1446538269519806 0.6924048662185669
v -0.06425435096025467 0.24162334203720093 0.5289936661720276
v -0.13650614023208618 0.13765063881874084 0.7651478052139282
v -0.004853237420320511 0.3600018620491028 0.5497571229934692
v 0.1290573626756668 0.25173163414001465 0.6800646185874939
v -0.14552120864391327 0.2250976413488388 0.7764833569526672
v 0.12988629937171936 0.10033518075942993 0.7034237384796143
v 0.0812092199921608 -0.06468851864337921 0.7553281784057617
v -0.17029337584972382 0.15861818194389343 0.7481877207756042
v -0.17126351594924927 0.16766780614852905 0.7420101165771484
v -0.1745932549238205 0.16413149237632751 0.7315745949745178
v 0.07832208275794983 0.12129141390323639 0.7768583297729492
v -0.11753380298614502 0.0985855907201767 0.7753124237060547
v 0.12444166839122772 0.4302910566329956 0.6318944096565247
v -0.20806604623794556 0.2740306258201599 0.5904737710952759
v -0.20526498556137085 0.2849677503108978 0.5874472260475159
v -0.027282806113362312 0.22218278050422668 0.5325707197189331
v -0.02949758991599083 0.0032317601144313812 0.5174461603164673
v -0.07879538834095001 0.34060028195381165 0.7426146268844604
v -0.13675221800804138 0.03658154979348183 0.5447998642921448
v -0.08904674649238586 0.3186623454093933 0.5330169200897217
v 0.080695740878582 0.44434693455696106 0.6811553239822388
v 0.11010325700044632 0.0907326340675354 0.5634486079216003
v -0.033028073608875275 0.2653099596500397 0.7809321880340576
v 0.2677259147167206 0.2929741144180298 0.6246839165687561
v 0.1319807469844818 0.2867196798324585 0.5884501338005066
v -0.026911737397313118 -0.029674658551812172 0.5103477239608765
v 0.05348615720868111 0.047109831124544144 0.5299621820449829
v -0.1476750522851944 0.13453996181488037 0.5434766411781311
v 0.13759569823741913 0.08357381820678711 0.6835730075836182
v -0.107598677277565 0.08462080359458923 0.7785186767578125
v 0.15442167222499847 -0.0533096008002758 0.7094150185585022
v 0.06597434729337692 -0.09491726011037827 0.7652684450149536
v 0.05575280636548996 -0.08845871686935425 0.765885055065155
v -0.05094683915376663 -0.064496710896492 0.7721772193908691
v 0.02084859274327755 0.10765774548053741 0.7921295166015625
v -0.14322195947170258 -0.038005612790584564 0.7308999300003052
v -0.18026553094387054 0.4188595712184906 0.6569176912307739
v 0.04133482277393341 0.4263032078742981 0.5773699879646301
v 0.06439512223005295 0.37691035866737366 0.5566579103469849
v 0.07648901641368866 0.38693949580192566 0.5652585029602051
v 0.04934152588248253 0.17409862577915192 0.7924072742462158
v -0.17759647965431213 -0.024545468389987946 0.5671282410621643
v 0.15229257941246033 0.423326700925827 0.6606020927429199
v 0.0603310652077198 0.3416515290737152 0.5448881983757019
v -0.12286549806594849 -0.07781461626291275 0.5160031318664551
v 0.13413392007350922 0.10182735323905945 0.6896018981933594
v 0.1617269068956375 -0.01888803020119667 0.5861273407936096
v -0.18690386414527893 0.17002703249454498 0.7000967860221863
v 0.08413143455982208 0.061548128724098206 0.5391229391098022
v -0.18371587991714478 0.29498016834259033 0.7137486338615417
v 0.09124531596899033 -0.0008490905165672302 0.7554430961608887
v -0.11085261404514313 0.35009825229644775 0.5411747097969055
v -0.22868673503398895 0.28537291288375854 0.70269376039505
v 0.11340656876564026 -0.0008390322327613831 0.7358409762382507
v -0.1899491399526596 0.03639248386025429 0.6663318872451782
v -0.09068942070007324 0.07422879338264465 0.5297681093215942
v 0.001802234910428524 0.07921376824378967 0.7913215160369873
v 0.12659651041030884 0.36367693543434143 0.7177379727363586
v 0.1265798658132553 0.35817256569862366 0.7168806195259094
v 0.12906865775585175 0.06299559772014618 0.5776064395904541
v 0.14607249200344086 0.42029619216918945 0.6895934343338013
v 0.05280372500419617 -0.027850814163684845 0.7712771892547607
v 0.018188301473855972 0.36583301424980164 0.5471497774124146
v 0.07627085596323013 -0.07476777583360672 0.7584640383720398
v 0.06820616871118546 -0.06674817949533463 0.7607125043869019
v -0.2467489093542099 0.26549869775772095 0.6893690824508667
v 0.12936116755008698 0.03145354986190796 0.5617100596427917
v -0.18954429030418396 0.2424105852842331 0.7210328578948975
v 0.03084108605980873 0.3512764573097229 0.5420218110084534
v -0.10552829504013062 0.10062806308269501 0.7818260192871094
v 0.17837142944335938 0.23982903361320496 0.5983662009239197
v -0.16569884121418 0.17519548535346985 0.5846145749092102
v -0.15023833513259888 0.43411293625831604 0.6103689670562744
v -0.15385723114013672 0.43975111842155457 0.6298307776451111
v -0.19905826449394226 0.3950718641281128 0.6038562655448914
v 0.18926405906677246 0.34093570709228516 0.6919843554496765
v -0.01131991297006607 0.11277399212121964 0.5341734290122986
v -0.13299603760242462 0.0022135376930236816 0.7444398403167725
v -0.173028826713562 0.39047637581825256 0.6916160583496094
v 0.06643432378768921 0.15800613164901733 0.5371715426445007
v 0.06606033444404602 0.16837649047374725 0.5371952056884766
v -0.1425110101699829 0.2427213340997696 0.537122368812561
v 0.10722559690475464 0.40313857793807983 0.7184979915618896
v -0.2866266071796417 0.3228801190853119 0.6618292331695557
v -0.19844865798950195 0.2172822803258896 0.6674653887748718
v -0.19460979104042053 0.21119095385074615 0.6777732968330383
v -0.04374474287033081 0.4099363088607788 0.5733315944671631
v -0.16704873740673065 0.10231958329677582 0.6146062612533569
v 0.08062566816806793 0.13109228014945984 0.5427807569503784
v 0.03963426873087883 0.04673706367611885 0.7864448428153992
v 0.1026286855340004 0.025737959891557693 0.7480001449584961
v 0.05071283504366875 0.14046736061573029 0.7904215455055237
v -0.09378068149089813 0.043524954468011856 0.5290407538414001
v 0.014643736183643341 0.14341643452644348 0.5323948860168457
v -0.06041780859231949 0.16703680157661438 0.7886889576911926
f 1 2 3
f 4 5 6
f 7 8 9
f 10 11 12
f 13 14 15
f 16 17 18
f 19 20 21
f 22 23 24
f 25 26 27
f 28 29 30
f 31 32 33
f 34 35 36
f 37 38 39
f 40 41 42
f 43 44 45
f 46 47 48
f 49 50 51
f 52 53 54
f 55 56 57
f 58 59 60
f 61 62 63
f 64 65 66
f 67 68 69
f 70 71 72
f 73 74 75
f 76 77 78
f 79 80 81
f 82 83 84
f 85 86 87
f 88 89 90
f 91 92 93
f 94 95 96
f 97 98 99
f 100 101 102
f 103 97 99
f 104 105 106
f 107 108 109
f 110 111 112
f 113 114 115
f 116 117 118
f 119 120 121
f 122 123 124
f 125 126 127
f 128 129 130
f 131 132 133
f 134 135 136
f 137 138 139
f 140 141 142
f 143 144 145
f 146 147 148
f 149 150 151
f 152 153 154
f 155 156 157
f 158 159 160
f 161 162 163
f 164 165 166
f 167 168 169
f 170 171 172
f 173 174 175
f 176 177 178
f 179 180 181
f 182 183 184
f 185 186 187
f 188 189 190
f 191 192 193
f 194 195 196
f 197 198 199
f 123 200 201
f 202 203 204
f 205 206 207
f 208 209 210
f 211 212 213
f 214 215 216
f 217 218 219
f 220 221 222
f 223 224 225
f 226 227 228
f 229 230 231
f 232 233 234
f 235 236 226
f 237 238 201
f 239 240 241
f 242 243 244
f 245 246 247
f 248 249 250
f 251 252 253
f 254 255 256
f 257 258 259
f 260 261 262
f 263 264 265
f 266 267 186
f 268 269 270
f 271 272 273
f 274 115 275
f 276 262 261
f 277 278 279
f 236 280 281
f 282 283 284
f 285 286 287
f 288 289 290
f 291 292 293
f 294 241 295
f 296 297 298
f 299 300 301
f 294 295 136
f 302 303 304
f 305 306 199
f 307 308 309
f 310 311 312
f 313 314 315
f 316 317 318
f 319 231 320
f 321 322 323
f 324 325 326
f 327 328 329
f 330 331 332
f 187 333 334
f 335 336 337
f 338 339 340
f 341 342 343
f 344 345 346
f 347 348 349
f 329 350 351
f 352 353 354
f 224 355 356
f 357 358 359
f 360 361 362
f 363 364 365
f 366 367 368
f 369 370 371
f 372 120 373
f 374 375 376
f 377 378 379
f 380 376 375
f 381 382 383
f 384 385 386
f 199 387 388
f 389 390 391
f 392 393 394
f 395 396 397
f 398 399 400
f 401 402 403
f 404 405 406
f 407 408 83
f 409 410 411
f 412 413 414
f 415 416 417
f 418 419 420
f 421 422 423
f 424 425 426
f 408 407 291
f 427 428 429
f 430 431 222
f 432 433 434
f 274 435 436
f 437 438 439
f 440 441 442
f 443 444 445
f 446 447 448
f 449 450 451
f 452 453 454
f 455 456 457
f 458 459 460
f 461 136 462
f 463 464 465
f 466 467 468
f 469 470 471
f 472 36 473
f 474 475 476
f 156 477 478
f 479 480 481
f 482 483 484
f 368 485 486
f 487 488 489
f 490 491 492
f 186 267 493
f 494 495 496
f 497 4 498
f 499 500 501
f 502 503 504
f 505 506 234
f 507 508 509
f 510 511 512
f 513 514 515
f 516 517 518
f 371 519 520
f 521 522 523
f 524 525 526
f 90 527 88
f 528 529 530
f 531 532 533
f 534 535 25
f 536 537 538
f 539 540 541
f 542 443 543
f 544 545 546
f 547 548 549
f 550 551 552
f 553 554 555
f 556 557 558
f 559 560 561
f 562 388 563
f 564 565 566
f 567 568 569
f 570 571 572
f 573 574 536
f 69 575 67
f 576 577 578
f 579 580 581
f 582 583 584
f 585 101 586
f 587 588 589
f 590 591 592
f 593 594 595
f 596 597 598
f 63 599 600
f 601 602 603
f 604 605 372
f 606 607 608
f 609 610 27
f 611 612 613
f 614 615 616
f 617 618 619
f 620 621 622
f 623 624 625
f 626 627 628
f 629 630 631
f 632 633 634
f 635 636 504
f 637 638 591
f 330 639 640
f 641 642 643
f 644 645 646
f 647 648 649
f 650 651 652
f 653 654 655
f 656 657 658
f 659 660 661
f 290 662 663
f 664 665 666
f 34 472 667
f 668 669 670
f 260 671 672
f 673 674 620
f 675 676 677
f 678 658 679
f 680 362 361
f 681 682 444
f 683 684 685
f 686 687 688
f 689 2 1
f 690 691 692
f 693 692 691
f 500 694 695
f 696 697 698
f 661 429 428
f 163 699 700
f 701 702 515
f 464 463 703
f 704 705 706
f 707 708 487
f 475 474 709
f 710 711 712
f 713 714 715
f 716 717 718
f 719 720 721
f 722 304 723
f 443 724 444
f 725 726 727
f 728 729 730
f 731 732 733
f 734 735 736
f 737 738 739
f 740 741 742
f 743 677 676
f 744 745 746
f 747 748 749
f 750 751 752
f 753 754 755
f 756 326 325
f 757 337 336
f 758 759 760
f 761 762 763
f 764 765 766
f 432 767 768
f 295 462 136
f 769 770 771
f 118 772 773
f 774 775 776
f 777 778 779
f 780 781 782
f 783 784 785
f 786 787 788
f 789 160 790
f 159 790 160
f 791 792 793
f 794 795 796
f 797 360 362
f 798 799 800
f 801 802 803
f 402 804 805
f 806 302 807
f 808 809 810
f 811 812 813
f 814 815 816
f 399 817 400
f 818 759 819
f 820 821 370
f 822 823 727
f 824 825 826
f 550 312 311
f 135 827 136
f 828 829 830
f 831 832 833
f 788 834 835
f 836 837 838
f 839 746 745
f 674 673 840
f 841 842 843
f 844 845 846
f 847 848 849
f 281 850 851
f 852 853 854
f 855 562 563
f 856 857 858
f 859 860 861
f 862 863 864
f 865 866 867
f 868 869 870
f 871 872 20
f 873 874 875
f 876 877 25
f 878 879 880
f 881 882 883
f 884 885 886
f 887 888 889
f 890 891 892
f 893 894 895
f 896 897 763
f 898 899 900
f 901 902 903
f 904 254 905
f 906 907 908
f 909 910 911
f 790 912 913
f 166 914 915
f 916 917 918
f 919 920 921
f 922 923 924
f 925 107 109
f 926 927 928
f 929 930 931
f 932 185 187
f 933 934 935
f 936 937 938
f 939 940 941
f 942 943 944
f 945 946 947
f 948 949 950
f 951 952 953
f 954 955 956
f 957 320 231
f 958 959 883
f 622 621 960
f 961 962 963
f 555 964 553
f 100 102 965
f 966 967 968
f 969 968 967
f 605 121 372
f 970 971 972
f 973 974 975
f 976 977 978
f 979 980 981
f 982 983 984
f 985 986 987
f 988 989 990
f 991 992 993
f 994 995 67
f 996 506 997
f 998 999 1000
f 886 630 1001
f 1002 1003 1004
f 1005 1006 1007
f 1008 1009 1010
f 374 1011 375
f 1012 1013 1014
f 1015 1016 1017
f 383 1018 1019
f 840 1020 1021
f 176 1022 1023
f 1024 1025 1026
f 238 1027 1028
f 1029 1030 170
f 1031 770 1032
f 1033 1034 191
f 681 1035 1036
f 1037 1038 1039
f 1040 1041 284
f 859 1042 860
f 1043 1044 1045
f 1046 1047 1048
f 1049 998 1000
f 1050 1051 776
f 1052 636 1053
f 1054 1055 1056
f 1057 1058 1059
f 1060 1061 1062
f 212 232 1063
f 1064 1065 1066
f 556 1067 557
f 1068 1069 1070
f 1071 1072 1073
f 736 766 765
f 60 1074 1075
f 1076 1077 1078
f 1079 1080 1077
f 1081 88 109
f 1082 1083 1084
f 1085 486 1086
f 236 1087 280
f 1088 1089 230
f 1090 1091 633
f 1092 1093 1094
f 1095 1096 768
f 1097 1098 1099
f 1100 1101 1102
f 1103 73 75
f 1104 1105 509
f 322 1106 783
f 920 581 921
f 1107 227 1090
f 1108 1109 1110
f 1111 1112 1113
f 279 969 1114
f 1115 1116 1117
f 1118 1119 1120
f 1121 1122 1123
f 1124 1125 1126
f 1127 768 767
f 668 670 1128
f 1129 1130 640
f 1131 1132 1133
f 160 1134 158
f 998 1135 999
f 1136 1137 1138
f 1139 1140 1141
f 893 1011 1142
f 1143 1144 1145
f 239 1146 1147
f 1148 1149 1150
f 1151 1152 1153
f 966 1154 373
f 1155 1004 1003
f 1156 1157 1158
f 1159 1160 653
f 832 1068 1161
f 1162 1163 1164
f 1165 1166 1167
f 1168 1169 497
f 1092 1170 1171
f 1172 1173 1174
f 1006 249 1175
f 1176 1177 1178
f 284 1041 282
f 1179 1180 1181
f 719 721 1182
f 1183 1184 252
f 1185 1186 1134
f 549 1187 1188
f 1189 1190 1191
f 214 1192 1193
f 1194 1195 1196
f 1197 1198 1199
f 82 84 1200
f 1201 1202 275
f 1203 1204 31
f 1205 1206 1207
f 1208 1209 1210
f 433 432 1211
f 1212 1145 1144
f 225 1213 1214
f 1215 274 1216
f 604 372 1217
f 1033 1218 1219
f 1220 1111 1113
f 1221 1222 1223
f 1224 1225 1226
f 1227 1228 1229
f 1230 1231 1232
f 1233 1107 1234
f 1235 1236 1237
f 1238 1239 1240
f 355 1241 718
f 1081 1242 734
f 687 1243 1244
f 1245 1246 1247
f 1248 1249 1250
f 1251 1252 1253
f 732 1254 733
f 182 1255 183
f 355 1256 1257
f 1258 1259 1260
f 1261 301 300
f 1262 1263 1264
f 1265 1188 1266
f 1267 946 1268
f 610 1142 374
f 45 44 118
f 1269 1270 1067
f 1271 1272 1273
f 1274 1275 1276
f 1277 1278 1279
f 1280 1281 236
f 1282 1283 1013
f 1284 1285 1198
f 1286 1287 1288
f 473 1289 1290
f 1291 460 459
f 1123 1292 1293
f 477 1294 478
f 1295 840 673
f 1296 1297 1298
f 969 1299 1300
f 1301 1302 1303
f 1304 1305 1306
f 1307 1308 1309
f 1310 1311 1312
f 1313 1314 1315
f 1316 1317 414
f 1318 1319 1320
f 1321 1322 1323
f 1324 1325 1326
f 116 118 44
f 1327 1328 999
f 1329 1330 1331
f 1332 752 751
f 1333 1334 1335
f 746 377 744
f 637 1336 638
f 1068 1070 1161
f 1337 1338 1339
f 1340 1341 1005
f 1342 1343 1344
f 1345 1346 1347
f 1348 1349 1350
f 1351 286 285
f 1352 237 1353
f 1354 1355 495
f 1356 1357 1358
f 449 1359 1360
f 1361 131 1362
f 1363 1364 1365
f 1366 1367 1368
f 1369 1370 1371
f 1372 1373 1374
f 1375 1376 912
f 1377 1378 720
f 1379 1380 1381
f 1382 298 297
f 1383 1384 1385
f 1386 1387 1388
f 1389 1390 1391
f 1392 1393 1394
f 1395 1396 1397
f 1398 1399 1400
f 1399 1401 1400
f 1402 1403 1404
f 1405 1406 1407
f 741 1408 1409
f 1410 1288 43
f 1219 1411 1033
f 1412 1413 1414
f 1415 1416 1417
f 1418 1419 1420
f 1421 1422 1423
f 484 1423 1422
f 91 864 863
f 1424 1425 1426
f 1373 1372 1293
f 1312 1427 1428
f 1429 127 1430
f 1431 493 267
f 1432 1433 1434
f 1435 1436 1437
f 944 1438 1439
f 1440 1441 1442
f 1443 327 329
f 1444 1070 1069
f 890 892 1445
f 1446 1447 1448
f 1046 736 735
f 1449 1450 1451
f 1452 1453 1122
f 1454 1455 1456
f 675 677 1457
f 1458 598 1459
f 1460 269 1461
f 1462 1463 1464
f 754 1465 291
f 1466 1467 1468
f 1469 1470 1471
f 1253 892 891
f 594 1472 595
f 1052 1457 1473
f 1181 1474 1179
f 1222 1475 1476
f 1477 1478 1479
f 1480 653 655
f 1481 756 613
f 1482 1483 1484
f 1485 278 277
f 680 1486 1487
f 1488 1489 1490
f 505 997 506
f 1491 78 77
f 1492 1493 1048
f 1494 1495 1496
f 1497 1498 1499
f 185 932 266
f 473 1500 1289
f 1501 504 636
f 814 1502 1503
f 1504 1505 1506
f 1051 1507 776
f 1508 57 1509
f 1459 1510 1511
f 1512 1377 720
f 1513 1514 1515
f 1117 972 971
f 1516 1517 1518
f 1519 1520 1521
f 1522 1150 1523
f 197 1524 133
f 1525 1526 1527
f 1528 1529 1530
f 200 1531 1353
f 1532 1533 1534
f 1082 1400 1401
f 1045 132 1535
f 1536 1477 1537
f 1538 868 1539
f 1540 526 1541
f 1542 1543 1544
f 1545 1202 1546
f 1547 572 571
f 1548 72 1549
f 473 1290 1550
f 1551 426 510
f 1552 1553 1554
f 657 656 1555
f 1556 1477 1557
f 1558 1559 1560
f 1561 295 241
f 1427 462 295
f 1562 1563 1564
f 1565 440 442
f 1225 486 485
f 1566 602 1418
f 1567 1568 222
f 1569 1570 683
f 1165 1571 1572
f 1562 1297 1573
f 324 1574 1575
f 1576 1577 1578
f 1579 1580 1534
f 1581 1582 434
f 1402 1583 103
f 1584 534 1585
f 1586 1587 1588
f 1589 1347 1590
f 1591 1497 1499
f 1592 1593 1594
f 493 1385 1384
f 1595 1596 1597
f 1598 740 1599
f 1600 427 1601
f 1602 1603 1604
f 1605 1453 1452
f 1606 1607 359
f 1608 1609 1610
f 1611 1612 1613
f 1614 1226 1615
f 1483 1616 1484
f 1617 1618 1619
f 1620 419 1621
f 1622 1623 1624
f 1625 18 17
f 1626 1627 1628
f 1334 1629 1630
f 668 222 431
f 203 202 1631
f 190 1632 971
f 1260 1633 1258
f 1634 1635 1636
f 646 1637 1638
f 1639 1640 1641
f 1642 656 678
f 1643 1644 1645
f 1646 1043 1452
f 1647 1648 1649
f 1650 1301 441
f 1651 1652 1653
f 1047 1046 1654
f 1655 1656 1657
f 1658 1451 1659
f 1303 441 1301
f 122 1660 123
f 1661 1662 1663
f 1664 1665 1666
f 1667 1668 1669
f 1670 1671 1672
f 1673 151 1018
f 1674 1675 676
f 1676 1677 1678
f 1679 1680 1681
f 1682 1683 203
f 1380 953 952
f 1684 1685 1686
f 1687 1063 1688
f 1689 1690 1097
f 1691 1692 1693
f 1694 1695 1696
f 240 239 1147
f 1697 1698 1699
f 1700 1701 1702
f 171 1703 1704
f 1705 82 1706
f 1245 1247 1707
f 19 1708 1709
f 198 133 1710
f 1711 1712 1083
f 1713 1714 109
f 1714 1081 109
f 1715 1716 1717
f 1718 1456 926
f 1719 1720 1721
f 1722 1723 1724
f 1725 1726 1727
f 1728 1729 805
f 1098 1656 1730
f 1731 1732 1733
f 844 846 1734
f 1735 835 1736
f 1737 1738 1739
f 1740 1741 1742
f 1743 718 1241
f 1744 102 101
f 1745 202 204
f 461 134 136
f 1285 1746 1747
f 1373 1293 1748
f 1749 1750 1387
f 1751 1752 1753
f 1754 1221 1755
f 1756 1757 1758
f 1759 726 1760
f 288 1761 1762
f 1763 1764 990
f 1765 1766 471
f 1767 1768 1769
f 1633 1770 1771
f 1772 1773 1774
f 610 1775 27
f 1776 793 1777
f 1778 1779 1780
f 609 27 26
f 1781 993 992
f 1782 1783 1784
f 1534 1580 1785
f 1785 1786 1787
f 161 700 1788
f 1789 735 1242
f 1790 919 1791
f 943 1436 944
f 1792 1661 1663
f 1793 1794 1795
f 1796 1797 906
f 1798 1248 1799
f 1800 1801 1802
f 1803 1804 1805
f 1806 1807 1808
f 88 527 109
f 1493 766 736
f 1809 1810 1811
f 1812 479 1813
f 1814 241 240
f 1815 1816 1458
f 1817 1818 21
f 881 1819 1788
f 1820 1821 1822
f 1823 1026 1025
f 1824 1825 1826
f 1827 1828 533
f 1829 1763 989
f 1830 1831 1832
f 1833 1834 1745
f 1835 1836 1837
f 1838 1445 892
f 1839 1840 1841
f 639 1842 1843
f 1025 1024 1844
f 173 1845 1846
f 1847 1848 1849
f 1850 1851 1852
f 718 356 355
f 891 1251 1253
f 1853 890 1445
f 255 1854 256
f 1149 749 748
f 1855 1856 152
f 1857 1858 1859
f 330 332 639
f 1860 511 1861
f 1862 1863 1864
f 1865 1866 1867
f 393 392 1868
f 1869 1870 1871
f 835 1872 1736
f 1873 649 1874
f 719 1512 720
f 1875 1077 1080
f 1876 1877 1878
f 1879 1880 1881
f 1882 1883 1884
f 1885 1886 1887
f 1888 1293 1372
f 196 1132 194
f 1889 1890 1642
f 1891 1892 1138
f 1893 1223 1476
f 1894 650 1558
f 1895 13 15
f 1896 1897 6
f 1898 18 1899
f 1900 1901 1902
f 322 783 1903
f 1904 1905 1906
f 1907 934 1908
f 1909 1910 1911
f 1235 1237 1912
f 976 1913 126
f 1618 1323 1914
f 415 1915 1916
f 1917 1918 614
f 1566 1418 1919
f 1920 1921 1922
f 1923 1924 1195
f 584 1925 1926
f 975 1927 1928
f 1929 1743 1241
f 1930 1240 1239
f 1252 1931 1811
f 1932 1167 1166
f 1933 1319 1934
f 990 1935 988
f 1936 1937 1938
f 1939 1335 1334
f 1940 1139 1141
f 1941 1079 1076
f 1942 1943 1944
f 1945 1946 1947
f 1569 683 1146
f 1357 566 565
f 1948 1234 1949
f 455 1950 110
f 1437 1951 1952
f 1953 1954 1955
f 1956 1957 1958
f 1959 1960 1961
f 1962 1963 1964
f 1965 1833 204
f 1966 1184 1967
f 1968 1969 184
f 1254 1970 733
f 1971 1972 1973
f 1943 1974 1944
f 1975 1976 1977
f 1418 1420 1978
f 1979 1980 922
f 1981 1982 1983
f 140 1984 141
f 1985 1986 1987
f 1 1061 1060
f 1988 1989 1990
f 1991 679 1992
f 1993 5 1994
f 1995 1996 137
f 968 1997 966
f 1998 1999 2000
f 2001 1052 2002
f 2003 2004 2005
f 2005 2004 311
f 1196 1195 1924
f 2006 1702 1701
f 312 2007 310
f 145 2008 604
f 1359 121 2009
f 1658 339 2010
f 685 2011 1495
f 2012 75 2013
f 907 906 1797
f 2014 2015 2016
f 2017 2018 594
f 107 2019 2020
f 580 579 2021
f 2022 2023 1872
f 2024 1774 916
f 2025 670 194
f 2026 638 1336
f 2027 482 484
f 375 2028 380
f 2015 2029 2030
f 2031 2032 2033
f 1810 1809 298
f 1682 1334 1333
f 2034 595 2035
f 2034 1560 2036
f 1583 2037 103
f 2038 2039 2040
f 1605 1535 1453
f 825 824 2041
f 2042 870 869
f 2043 589 2044
f 1696 1272 2045
f 833 454 831
f 1801 2046 2047
f 2048 2049 2050
f 1889 2051 2052
f 2053 2054 2055
f 1619 1914 2056
f 2057 2058 2059
f 2060 851 2061
f 2062 2063 2064
f 450 2065 2066
f 2067 2068 2069
f 2070 2071 906
f 2072 2073 2074
f 1866 1521 2075
f 295 2076 1427
f 1442 1769 2077
f 2078 2079 2080
f 275 435 274
f 2081 2082 2083
f 2084 2085 2086
f 537 536 574
f 2087 2088 1475
f 1936 1938 2089
f 2090 1824 2091
f 2092 2093 2069
f 13 2094 2095
f 2096 2097 2098
f 147 2099 2100
f 388 305 199
f 2101 1550 2102
f 2103 2104 1774
f 2105 2106 245
f 2107 603 602
f 2108 2109 2110
f 2076 295 1561
f 669 194 670
f 2111 2112 2113
f 2114 2115 2116
f 2117 2118 2119
f 2120 2121 2122
f 2123 2124 2125
f 329 2126 1443
f 1707 2127 1245
f 804 1728 805
f 2128 2129 2130
f 201 2012 123
f 63 600 61
f 2131 2132 2133
f 2134 2135 1757
f 1495 2136 2137
f 1183 2138 38
f 1670 1051 1671
f 2139 2140 2141
f 2054 2142 2143
f 552 2144 412
f 2145 2146 2147
f 1401 901 903
f 1003 2148 2149
f 633 1091 634
f 1932 2150 119
f 2151 718 1743
f 2152 2153 2154
f 2155 2156 2157
f 3 2158 797
f 2028 1143 1145
f 1738 1231 2159
f 1591 2160 2161
f 558 557 2162
f 2163 2164 2165
f 2166 982 2167
f 2168 996 2169
f 502 303 2170
f 2171 2172 2173
f 1791 2174 2175
f 2176 193 192
f 439 2177 2178
f 2038 2040 2179
f 573 2180 2181
f 187 2182 1505
f 2183 277 2184
f 2185 2186 2187
f 2188 2189 2190
f 2191 48 1054
f 2192 390 689
f 386 2193 606
f 1427 2194 1428
f 1493 1492 2195
f 203 712 1682
f 2196 2197 64
f 2198 2199 1220
f 894 1102 895
f 268 343 342
f 2200 2201 2202
f 2203 1080 2204
f 2205 2206 2207
f 2208 2209 941
f 546 1834 2210
f 2211 984 983
f 2212 417 416
f 2081 2213 342
f 2214 2215 1409
f 1281 226 236
f 1481 613 612
f 2216 2217 2218
f 2219 2220 2221
f 2222 1283 2223
f 2224 2225 2226
f 2227 2228 2229
f 861 2230 2231
f 859 861 2231
f 596 2232 2233
f 1139 2234 2235
f 2100 2236 2237
f 2238 2239 91
f 2240 193 2176
f 1599 740 742
f 2241 1358 1357
f 712 2242 710
f 2243 2244 1657
f 2245 2246 2247
f 2248 48 47
f 2249 2250 609
f 1933 2251 1764
f 460 2252 458
f 2253 910 2254
f 2255 2256 2257
f 2258 1526 2259
f 2260 2261 465
f 2262 2263 2264
f 128 2265 2266
f 1909 2267 1482
f 1644 2268 1645
f 1012 2269 1282
f 61 2270 2271
f 2272 2273 2274
f 250 1006 1005
f 2275 2276 272
f 634 1281 2277
f 2278 2279 2280
f 2281 1629 710
f 827 2282 2283
f 1857 2284 1093
f 355 1257 1241
f 2285 2286 1797
f 1844 2287 2288
f 2289 2290 2291
f 2141 2140 2292
f 2293 535 2294
f 2210 1834 1833
f 430 222 221
f 2295 1960 1959
f 2296 2297 1702
f 1103 987 73
f 263 2298 2299
f 1940 2300 2301
f 2302 533 2303
f 1968 2263 2304
f 2305 2306 2307
f 2308 155 157
f 2309 2310 2311
f 1081 89 88
f 2312 73 987
f 1078 2313 2314
f 1241 2315 2316
f 2317 2318 2319
f 143 2320 1888
f 2321 581 953
f 2322 2323 2324
f 2325 2326 35
f 2327 1516 2328
f 211 1986 2329
f 2004 2330 1695
f 1263 2331 1264
f 2176 2332 2333
f 1493 2195 766
f 860 2334 861
f 2335 2336 2337
f 1499 2338 142
f 913 2339 2340
f 936 1513 1515
f 2341 380 1212
f 2342 848 2343
f 2344 1853 2345
f 2346 247 246
f 757 336 2347
f 1758 1757 2135
f 1621 418 2348
f 1963 880 879
f 1764 1763 2349
f 2350 2351 1244
f 2352 2353 2354
f 2355 1979 922
f 1238 2356 2357
f 2358 2359 2360
f 620 2361 621
f 2132 2131 2362
f 2363 2364 2365
f 78 1838 2366
f 964 2367 1262
f 2368 2369 2370
f 1616 453 452
f 2371 2372 2373
f 2374 2375 2376
f 1426 2377 2378
f 111 475 1442
f 2379 2380 2381
f 2382 960 1502
f 1034 1033 1411
f 2383 1346 1345
f 2384 2385 1873
f 2386 2387 1330
f 2388 2389 1253
f 1903 2390 2391
f 2392 2231 2393
f 1906 2394 1904
f 2395 2396 2397
f 2398 2399 2400
f 1125 1124 2401
f 1251 2402 1252
f 58 843 842
f 2403 2404 1494
f 2405 2406 1878
f 2407 1845 2408
f 2409 580 2021
f 1479 1557 1477
f 574 2410 537
f 2411 365 2326
f 139 1995 137
f 2412 2413 2355
f 2414 1304 2415
f 1327 1135 2416
f 1786 2417 2418
f 393 2419 394
f 346 345 2420
f 2421 2422 2423
f 2424 2425 1740
f 221 2426 2427
f 2428 2429 2430
f 2431 838 2432
f 136 827 294
f 764 124 2433
f 787 808 810
f 2434 2435 2436
f 2437 721 720
f 2438 2439 2440
f 2433 765 764
f 1246 1755 1893
f 1125 96 262
f 2441 2442 1254
f 2443 2444 1952
f 515 2445 2446
f 527 925 109
f 2447 257 2448
f 2449 2050 2049
f 2450 2451 2452
f 2453 53 2454
f 727 726 822
f 2455 2456 986
f 2457 621 2361
f 2458 2459 1610
f 2114 1155 2460
f 2132 377 379
f 2283 294 827
f 294 2283 239
f 2461 559 2226
f 2462 2029 2463
f 1742 2464 2424
f 2465 305 855
f 1719 807 302
f 398 2466 2467
f 1410 2468 2469
f 2470 62 2471
f 2472 2473 2289
f 2474 1544 2057
f 2475 2178 2177
f 2476 1141 2477
f 2478 1820 2479
f 2480 2481 2482
f 2149 2483 2484
f 1935 990 2485
f 1576 1578 414
f 2486 2487 208
f 1374 2488 809
f 2489 2490 1590
f 2131 2133 296
f 2491 667 499
f 2492 275 1202
f 2493 2494 2429
f 2495 2496 1104
f 2497 2498 2499
f 2500 2501 2502
f 1123 1888 2320
f 1377 2503 2504
f 2505 2506 2507
f 2508 151 2509
f 2316 1929 1241
f 2510 491 2511
f 2512 2513 2514
f 356 2515 224
f 2516 2517 1394
f 2518 2519 2520
f 401 430 2521
f 2522 2152 92
f 2032 228 2033
f 1197 1199 1926
f 1790 2523 2524
f 2525 2526 2527
f 1101 1568 1102
f 930 2528 931
f 69 965 102
f 824 933 935
f 2529 2530 2531
f 2532 2533 2534
f 1279 2535 2536
f 2537 628 2538
f 1914 1619 1618
f 2539 234 506
f 2540 1123 2320
f 775 2541 776
f 2542 1992 679
f 1873 2543 647
f 2544 2508 2545
f 759 818 2546
f 2547 2125 2548
f 2549 2550 2551
f 1421 2417 2552
f 702 2445 515
f 805 403 402
f 2553 2554 2555
f 2176 192 2556
f 2557 2558 2516
f 2559 2560 2115
f 1662 2561 2562
f 2563 1511 1510
f 2330 2004 2564
f 547 549 2565
f 1413 165 2566
f 2483 2148 2567
f 814 2568 815
f 2290 2289 2473
f 2569 2418 1423
f 2570 531 533
f 1966 1967 611
f 2571 1095 652
f 2572 2573 2441
f 2574 2575 2576
f 2577 2578 2160
f 2579 2580 1872
f 2581 2582 2583
f 2584 1603 1864
f 1974 2585 2586
f 1654 735 1789
f 1652 1851 2587
f 1863 2310 1709
f 2576 2394 1906
f 2588 2589 2590
f 2591 2592 2593
f 2099 2236 2100
f 2594 2595 1491
f 2182 186 493
f 2596 2597 2598
f 2437 2599 721
f 2600 1182 2143
f 1117 1632 1115
f 1861 1729 446
f 2601 2602 361
f 1113 2198 1220
f 2603 2604 2277
f 2604 632 2277
f 2605 2606 2607
f 2608 2609 2597
f 205 2610 206
f 2387 2285 2611
f 2612 2613 2614
f 160 1598 1134
f 2615 1706 2616
f 2617 2618 2619
f 2620 2621 831
f 1614 1615 2622
f 1087 236 2623
f 2624 2625 983
f 1882 2626 2627
f 2628 2629 2630
f 2631 2632 2633
f 2634 855 563
f 2635 2636 2637
f 2241 1357 565
f 2146 2638 1972
f 2638 598 1972
f 2639 725 727
f 2640 596 598
f 2433 90 89
f 2065 2641 2642
f 2574 2576 409
f 2422 2421 2165
f 976 978 1913
f 2643 2644 2593
f 740 2645 741
f 63 62 531
f 2646 2647 462
f 2647 461 462
f 857 2004 2003
f 186 185 266
f 2349 1319 1933
f 2648 2649 2650
f 2651 2652 2653
f 1302 2654 1303
f 993 592 2655
f 745 1931 839
f 393 1868 2656
f 2657 2658 2547
f 1257 2315 1241
f 1673 2659 149
f 2090 2660 2661
f 2662 2663 1422
f 1902 2664 2665
f 1008 2073 949
f 1201 115 114
f 2666 264 2667
f 2668 2669 1462
f 1714 2670 1408
f 2671 2672 2673
f 364 36 35
f 2481 1265 2674
f 2675 2676 2677
f 2602 2678 1897
f 2679 2680 666
f 1159 2681 1700
f 276 2682 1924
f 2002 2286 2683
f 2684 2685 2686
f 2687 2397 1007
f 2688 765 2433
f 2689 2432 2690
f 493 2691 2182
f 2136 1965 2137
f 2692 2693 2694
f 2137 1496 1495
f 2695 2696 2697
f 2615 1705 1706
f 2698 900 2699
f 2700 1696 550
f 2701 2702 1904
f 583 1925 584
f 2703 545 2704
f 285 2705 2706
f 327 1443 2707
f 2708 2361 2709
f 1785 1787 1532
f 2710 2019 925
f 2711 2712 997
f 2713 2418 2714
f 2495 2715 1606
f 2716 2717 2718
f 1329 2719 1330
f 2720 679 658
f 1900 2721 219
f 2722 2723 2724
f 2209 2020 2019
f 677 2725 2726
f 307 2727 308
f 2728 808 787
f 2400 2729 2398
f 2318 2730 2731
f 1828 2223 2732
f 2733 1541 2734
f 970 972 87
f 2735 2736 2737
f 2738 2739 2740
f 2741 2742 1625
f 708 2743 2744
f 215 2745 2746
f 120 2150 966
f 2747 1773 908
f 2748 1609 2749
f 2750 2751 1082
f 1762 289 288
f 2752 2753 2754
f 2755 2539 506
f 2756 2757 2758
f 2759 2760 2761
f 1770 1633 2762
f 706 2763 704
f 2764 1235 2765
f 1446 1849 1848
f 2766 2356 2767
f 1550 667 472
f 1285 2768 2096
f 2769 2037 1583
f 2770 2271 2270
f 26 2249 609
f 1760 57 56
f 2771 2279 2772
f 2773 2774 2775
f 2776 1090 2341
f 2777 2311 2731
f 2296 2778 2779
f 788 835 786
f 2780 2781 1491
f 181 2782 179
f 2783 2784 2785
f 2786 648 2787
f 396 911 2788
f 1681 1109 1108
f 1722 1110 1109
f 2789 2790 2791
f 810 2792 2793
f 2794 1229 1228
f 2759 2795 2796
f 2797 2798 2799
f 1286 2800 2801
f 2367 1050 1262
f 2802 390 2192
f 2803 2804 2805
f 2806 363 365
f 527 90 74
f 821 820 2807
f 2808 691 2809
f 489 2810 2587
f 2274 2273 2811
f 2812 2813 2814
f 1838 78 1491
f 2815 2816 2817
f 2818 2285 1797
f 498 1897 2819
f 907 2286 2002
f 2820 1511 2821
f 1586 2822 2823
f 2824 2261 2260
f 2825 2040 2039
f 1524 131 133
f 1547 2826 2827
f 2828 2829 47
f 1743 2827 2826
f 1330 2830 1331
f 2831 2832 2833
f 2025 194 1132
f 2834 969 1300
f 278 1997 968
f 2298 263 2835
f 2836 2837 2838
f 2839 2840 2841
f 1630 2842 1391
f 1999 2843 2000
f 2844 2845 2846
f 2847 1129 2848
f 1812 2849 336
f 2850 2851 2852
f 15 2853 2854
f 2158 3 2
f 53 2453 2855
f 2111 2557 2856
f 2595 2331 1263
f 1869 2857 2858
f 869 2134 2042
f 1935 2859 988
f 2860 1951 2861
f 1042 2862 1779
f 2863 1122 1453
f 591 2864 2865
f 2465 2866 2867
f 625 1805 1804
f 678 2868 1642
f 2869 2870 265
f 2871 2872 2542
f 741 1409 742
f 2024 2873 1937
f 2874 2875 2876
f 2864 2303 2865
f 2877 2878 2879
f 2239 878 2522
f 2629 652 1095
f 2880 900 899
f 479 1812 335
f 2881 521 523
f 1494 2404 1495
f 1634 2882 1894
f 2883 2884 2885
f 233 2329 2886
f 2568 661 660
f 2887 2583 2582
f 2888 2889 1445
f 2890 1038 1010
f 2031 1316 2032
f 1196 1924 2682
f 2891 2892 2893
f 1807 2037 1808
f 1345 1589 2357
f 2141 2894 2139
f 1599 1134 1598
f 1044 2895 2896
f 2896 1710 1044
f 631 2897 629
f 2898 1331 2830
f 2433 89 2688
f 89 1081 2688
f 2899 2900 2901
f 2902 2903 306
f 2904 2905 2906
f 2907 2908 2909
f 2910 850 2911
f 2912 2527 652
f 2913 2914 2915
f 2916 1054 2917
f 2847 1542 2918
f 1534 1533 2608
f 2313 1077 1875
f 687 1076 1078
f 10 12 2919
f 1561 2920 2076
f 2137 1335 1496
f 1939 1334 1630
f 460 1291 2125
f 2214 1409 1713
f 1574 326 2921
f 2922 1237 2754
f 2923 1777 793
f 2924 2102 2695
f 2925 2926 2927
f 1929 2316 2928
f 2929 1539 2930
f 1404 1403 2931
f 1977 2932 1291
f 2933 2934 2935
f 2936 2937 2938
f 1180 139 2939
f 1274 2940 963
f 2545 2941 2544
f 2942 345 2943
f 2944 350 328
f 721 2599 2143
f 2945 2855 2453
f 2946 1424 2947
f 2385 2948 2949
f 2042 2134 2950
f 2951 2952 2953
f 2750 396 2751
f 2954 2955 1717
f 1021 2956 2709
f 2957 388 387
f 332 859 639
f 2958 2959 2667
f 2960 2614 2393
f 2393 2230 2960
f 2961 2962 2950
f 687 1244 1076
f 2286 907 1797
f 2963 820 2964
f 2287 1844 1024
f 1867 1866 2965
f 2966 1733 1732
f 2967 568 288
f 2968 2089 1938
f 2969 8 2970
f 1382 2971 2586
f 2972 2973 2974
f 1632 1871 2975
f 587 2976 2977
f 967 1932 969
f 2771 2978 2979
f 2823 2980 2981
f 1505 1504 2982
f 1926 2983 1197
f 2598 2984 2596
f 2985 2261 1944
f 2986 1393 2987
f 2254 129 2266
f 2988 2989 349
f 2990 2991 2220
f 2806 2992 2993
f 2994 2858 2857
f 2500 1474 1181
f 2616 2661 2995
f 1435 2444 2716
f 2084 2996 2997
f 1391 2842 2998
f 637 591 2999
f 3000 1609 2056
f 3001 3002 3003
f 3004 3005 3006
f 796 3007 794
f 3008 3009 1983
f 2120 192 250
f 2045 2315 551
f 3010 3011 2474
f 3012 3013 2206
f 1234 3014 3015
f 3016 2767 2868
f 1111 1220 3017
f 762 3018 3019
f 2430 1913 3020
f 2493 2428 1417
f 2228 922 3021
f 3022 3023 1671
f 3024 3025 2235
f 1537 3026 2011
f 2859 3027 3028
f 842 59 58
f 3029 3030 2128
f 1431 2534 2533
f 1892 1136 1138
f 904 3031 3032
f 1107 3033 227
f 3034 2502 3035
f 882 1788 700
f 3036 390 389
f 2086 2996 2084
f 2298 3037 2299
f 1651 1851 1652
f 1397 1396 3038
f 624 798 1805
f 2233 2563 1510
f 2563 2233 1273
f 2202 2897 3039
f 204 1683 1965
f 3040 2849 1812
f 3041 1238 1240
f 789 1941 1076
f 787 2793 788
f 1383 3042 2654
f 3043 2592 3044
f 3045 1878 1877
f 1869 2979 2978
f 1102 1128 3046
f 2779 2122 3047
f 3048 1030 3049
f 3050 2970 1728
f 798 624 2292
f 1591 142 94
f 3051 2167 3052
f 3053 2369 2368
f 2285 2818 2611
f 2493 2737 2736
f 450 1571 1165
f 26 2293 3054
f 1192 2981 2980
f 3055 2906 2905
f 3056 3057 3058
f 3059 3060 1726
f 3061 3062 3063
f 3064 3065 746
f 2961 2950 1848
f 1849 1712 1847
f 3066 3067 2181
f 3068 1026 1823
f 3069 3070 3071
f 1782 3072 3073
f 3074 1904 2702
f 733 3075 1019
f 841 3076 2675
f 3077 3078 3079
f 3080 2324 2323
f 3081 3082 3083
f 3084 885 3085
f 3086 796 795
f 2934 618 3087
f 3088 1887 3089
f 2177 439 438
f 2393 2231 2230
f 3090 2716 2718
f 3091 1160 801
f 2033 228 227
f 2577 2401 3092
f 3093 3094 3095
f 1578 2623 235
f 235 2623 236
f 2988 3096 2989
f 2350 2211 740
f 2025 3097 670
f 1973 3098 2308
f 2395 352 3091
f 3099 3100 654
f 3101 3102 2028
f 1360 3103 2641
f 1275 3104 1276
f 3105 3106 1573
f 3107 2380 524
f 1728 447 1729
f 3108 2166 3109
f 2832 3110 2414
f 3111 3112 1342
f 3113 2018 1224
f 3114 3115 436
f 1556 1537 1477
f 632 634 2277
f 249 1006 250
f 767 432 1582
f 3116 3117 1158
f 1266 1188 1187
f 3118 2827 3119
f 1987 543 2916
f 3120 2748 2749
f 567 3121 2722
f 1251 891 2528
f 3122 1697 1699
f 1026 3068 3123
f 1446 1171 3124
f 1236 2080 2079
f 924 3021 922
f 1175 3125 1126
f 1558 1560 2034
f 1683 204 203
f 1683 1682 1333
f 2082 590 592
f 2074 2664 2072
f 1706 1200 1825
f 3126 1952 1951
f 1920 2637 2636
f 2366 3127 78
f 892 2366 1838
f 3128 2370 2369
f 2370 785 2368
f 3129 2633 367
f 3130 3131 3132
f 3133 1678 2734
f 3023 1857 3134
f 2666 2534 266
f 3135 189 3136
f 1491 2781 1838
f 2781 1445 1838
f 1881 2357 2356
f 2832 2414 2833
f 2420 3137 3138
f 3139 2510 340
f 3140 3141 3142
f 3143 2787 1998
f 2857 1869 1871
f 1545 1546 1607
f 2772 3144 2978
f 138 2939 139
f 445 444 682
f 609 1488 1490
f 598 1458 1972
f 1458 1816 1972
f 3145 24 23
f 2340 3146 1941
f 1855 3147 2130
f 3094 3148 3095
f 3128 2630 3149
f 3150 2178 3151
f 2119 1529 3149
f 535 2293 25
f 1278 1277 749
f 1079 3152 1080
f 1243 984 2350
f 1367 1366 3153
f 3154 3155 468
f 3156 1961 3157
f 3158 3159 3160
f 708 3075 1970
f 900 2698 898
f 794 2769 1583
f 237 201 200
f 3161 3158 1325
f 3162 3163 2569
f 3164 3165 3021
f 814 816 1502
f 297 296 2915
f 2683 2386 2001
f 3166 3167 467
f 3168 3169 3170
f 3171 3172 2172
f 458 1032 3173
f 202 1745 2040
f 3174 2335 2337
f 2759 1770 2795
f 3175 487 1850
f 2673 2439 2051
f 3176 307 309
f 988 3177 3178
f 1996 3179 137
f 107 2020 108
f 361 1896 6
f 3180 3181 1258
f 3182 3183 2775
f 3184 940 1679
f 2744 3185 3186
f 2561 3102 3187
f 1840 1839 1928
f 3080 2323 3188
f 2064 2063 448
f 446 1860 1861
f 574 2181 3067
f 3189 1409 2215
f 808 2728 3190
f 968 279 278
f 411 3191 2831
f 2572 731 3192
f 1675 3193 676
f 2882 3194 3195
f 3196 1161 1070
f 1404 3197 1348
f 1713 109 108
f 214 2506 3198
f 3199 3200 3201
f 3040 221 220
f 2639 727 3202
f 3203 3204 3205
f 3173 3206 3207
f 2860 3208 3209
f 3210 209 3211
f 3212 3213 3214
f 1835 2133 379
f 2436 1289 1500
f 159 912 790
f 378 2614 2960
f 2369 1560 1559
f 367 1469 1471
f 3215 3216 3217
f 2261 3218 463
f 3219 3195 3194
f 3118 2705 572
f 1355 3220 495
f 1358 1104 509
f 3187 3221 3097
f 3222 1088 3223
f 1889 3224 2051
f 3225 550 552
f 2059 3226 2437
f 3227 2205 3228
f 3229 729 3230
f 3231 2630 2629
f 3232 867 692
f 3233 3234 2210
f 2777 2731 2730
f 2283 3235 1146
f 2980 3236 3237
f 2935 1686 3238
f 296 2362 2131
f 2613 2392 2614
f 3173 1032 770
f 3239 2354 3240
f 3241 3242 2540
f 2268 1644 3243
f 312 1317 2007
f 1791 3244 3245
f 2789 2206 3013
f 1716 1203 1717
f 3142 2591 854
f 1431 3246 1385
f 104 3247 105
f 1667 1669 1290
f 3248 3164 3249
f 234 999 505
f 3141 3250 3142
f 3069 3251 3252
f 3253 1125 262
f 849 3254 847
f 3255 504 503
f 3256 2605 2567
f 3257 3258 2256
f 650 652 2629
f 1095 3231 2629
f 771 3096 769
f 3259 2499 2498
f 491 490 3260
f 3219 3194 1614
f 3261 1927 975
f 2648 2426 1813
f 671 141 1984
f 956 1308 2870
f 3262 3263 3264
f 3265 963 962
f 2013 123 2012
f 3266 1760 726
f 2339 1376 1057
f 2523 1790 1791
f 3267 467 3167
f 3154 3268 3155
f 3269 31 1204
f 18 2317 2319
f 2900 3270 2901
f 3220 1355 2712
f 3271 2875 3121
f 1726 1344 3272
f 1529 2189 3273
f 427 3274 428
f 3275 1856 1855
f 2719 723 2001
f 2096 2098 1746
f 3276 3277 928
f 2052 2051 2439
f 826 825 829
f 1046 1048 736
f 3278 3279 3280
f 3281 3282 3283
f 2335 1808 2336
f 311 310 2005
f 3284 183 1255
f 373 1217 372
f 1218 1033 191
f 2537 626 628
f 3015 1212 1144
f 736 765 734
f 2552 1785 1580
f 957 2920 3285
f 3285 3286 1644
f 933 3287 934
f 3288 3289 856
f 926 928 1718
f 1731 3290 1732
f 789 1076 1244
f 2415 1455 2414
f 2182 2691 1506
f 2640 598 2638
f 3291 2594 2465
f 2958 2721 1900
f 3236 2823 3292
f 1857 3023 3022
f 1775 376 632
f 3293 3294 3295
f 3037 2721 2299
f 3296 3149 1529
f 3297 3298 2083
f 3299 3198 2506
f 2703 546 545
f 3300 2370 3296
f 1007 1340 1005
f 3301 3302 3303
f 2815 3304 2816
f 1245 1754 1755
f 2953 1834 2951
f 1227 1229 3305
f 715 1601 713
f 2250 2249 2859
f 2714 351 1989
f 3306 3307 3308
f 2647 2646 3309
f 3310 3311 3312
f 3313 659 616
f 996 2168 3314
f 3315 607 3316
f 3054 2249 26
f 3317 2504 2503
f 2678 2819 1897
f 3305 3318 1227
f 3036 3319 3320
f 1088 230 229
f 3321 2479 2169
f 776 3322 1050
f 2258 3323 3324
f 361 6 680
f 3317 71 70
f 3285 2920 3286
f 3325 986 3032
f 757 1488 2250
f 1488 609 2250
f 2561 2530 2529
f 3326 2739 492
f 3327 3328 2236
f 1351 285 3329
f 121 3330 119
f 45 118 2468
f 1024 1026 3123
f 1313 810 809
f 2921 80 1574
f 421 1825 1200
f 3331 9 3332
f 25 27 876
f 1893 2990 1246
f 2006 2296 1702
f 1646 3333 2729
f 915 914 3334
f 2124 2548 2125
f 3032 939 941
f 2765 3335 3336
f 3337 2446 2445
f 3338 853 3339
f 3060 1727 1726
f 3340 3341 3342
f 3343 2924 148
f 3344 750 752
f 248 191 1034
f 1795 1794 3345
f 1249 328 1250
f 3346 667 1550
f 667 2491 34
f 3347 1906 1905
f 379 2133 2132
f 3237 3348 3349
f 3350 2100 2237
f 695 844 1734
f 944 3351 942
f 2772 3352 2084
f 1909 1911 2597
f 2804 3240 2805
f 1118 344 1119
f 2390 3353 1691
f 3127 76 78
f 1257 3354 2315
f 557 1067 1270
f 3022 1671 1050
f 3355 3356 3357
f 1614 3194 1226
f 1615 485 3358
f 3359 3360 3342
f 3361 182 184
f 369 1406 3160
f 1492 3362 3363
f 3364 3365 2526
f 3032 941 3366
f 3367 3368 3369
f 143 1888 144
f 1780 810 3370
f 2244 3371 1730
f 2564 856 3289
f 52 3372 3373
f 3374 3375 3376
f 2275 3377 3378
f 664 1454 3379
f 1074 2652 1075
f 2538 3380 2537
f 1341 2297 3047
f 3381 3382 2467
f 1062 846 1060
f 2618 3383 3384
f 1000 2917 1049
f 443 445 3385
f 3386 2975 1871
f 1763 1829 2349
f 2869 3387 956
f 2424 1649 1947
f 2496 1606 358
f 226 228 235
f 3230 729 3388
f 3389 3390 1939
f 56 3391 1760
f 416 1916 3392
f 3393 1484 452
f 169 3394 167
f 31 33 3395
f 3051 3017 1220
f 3396 3397 3398
f 3399 3400 553
f 1 2192 689
f 2663 3401 3402
f 3124 1171 1170
f 3125 1034 1126
f 3148 1640 3095
f 3403 1579 2608
f 1214 3404 413
f 3385 543 443
f 205 2246 1387
f 3405 3406 2201
f 3407 3408 3025
f 3330 1167 119
f 1169 3409 497
f 3410 3411 357
f 3412 3413 3414
f 1377 2504 437
f 1027 1844 1028
f 3415 747 1277
f 3112 665 301
f 3416 2376 3417
f 214 3198 215
f 3418 1306 1305
f 1419 1418 602
f 3419 3420 1846
f 1449 2010 3334
f 1118 3421 3422
f 1201 1546 1202
f 172 3423 2811
f 1038 1037 1010
f 312 550 3225
f 2394 3424 1904
f 218 217 3425
f 1397 1978 1420
f 3426 2871 2542
f 2147 2649 3427
f 3428 3429 3319
f 761 897 3430
f 2905 1002 1004
f 1086 3431 3432
f 3277 3433 1718
f 551 550 1696
f 2846 3434 2844
f 333 187 1505
f 3435 3436 3437
f 2360 3438 615
f 3439 1893 1476
f 1966 611 2170
f 1481 3440 2921
f 3277 1876 3441
f 3428 391 3442
f 532 2303 533
f 904 3032 2456
f 3258 3443 3444
f 359 358 1606
f 3445 3446 139
f 3309 461 2647
f 3447 3448 837
f 1440 2077 3449
f 3390 1496 1939
f 3385 3450 2191
f 3123 2677 1024
f 3045 829 825
f 355 224 1256
f 717 2515 356
f 3451 3452 1116
f 3453 2232 2928
f 3454 439 1378
f 1273 2233 1271
f 1102 1568 1128
f 2269 1012 1014
f 3455 2269 3456
f 229 3223 1088
f 3457 3458 3459
f 455 112 456
f 3460 2235 2234
f 3461 2220 2991
f 820 3321 2169
f 3462 3463 2915
f 2415 3464 927
f 3465 3466 3467
f 3468 2803 2805
f 3469 902 3470
f 2670 1409 1408
f 3471 3188 875
f 3079 3472 3473
f 3444 3474 1168
f 592 993 1781
f 3475 2092 2069
f 2918 2023 834
f 2641 3476 3477
f 3478 3217 3479
f 3480 3217 3216
f 1318 1934 1319
f 845 2237 2804
f 2599 3226 2054
f 2055 2054 3226
f 3046 1128 670
f 1496 3390 1494
f 3481 215 3482
f 1716 1715 3483
f 2961 3484 3485
f 3486 1753 1752
f 205 1387 1750
f 2502 3034 1474
f 1641 3186 3185
f 2100 148 147
f 371 370 821
f 3487 2268 3243
f 3386 3488 2975
f 3489 3490 3491
f 3492 1289 2436
f 2436 2703 3492
f 1644 3286 3243
f 2900 1666 1394
f 3493 3362 520
f 1951 3494 3495
f 3496 1259 195
f 1487 501 1734
f 3497 3498 1267
f 2031 2033 3499
f 1620 3500 2544
f 1363 3501 347
f 575 3502 67
f 3503 2997 2996
f 1081 734 2688
f 2688 734 765
f 499 1993 2325
f 3504 346 3505
f 3411 3506 357
f 2730 3507 2777
f 999 234 233
f 233 1000 999
f 3508 3338 3339
f 3509 3510 3511
f 2174 921 2175
f 1018 383 1673
f 284 283 1230
f 3512 282 1041
f 3513 2162 557
f 3514 481 1934
f 3515 2007 3516
f 3517 1962 2292
f 963 1275 1274
f 1860 512 511
f 3275 2129 3518
f 3519 3520 3521
f 1562 1564 3522
f 3053 2036 1560
f 753 423 422
f 94 142 141
f 55 3523 3524
f 3525 3119 2827
f 2346 246 3526
f 1982 3008 1983
f 3008 1982 318
f 2452 3295 1665
f 1864 1603 3527
f 3528 3529 1884
f 1922 1921 3530
f 2884 3410 357
f 3352 2772 2279
f 1682 712 711
f 3531 1369 1004
f 1056 1049 1054
f 698 1572 1571
f 3532 3533 1976
f 290 2967 288
f 3534 3535 3536
f 2169 2712 2964
f 3537 860 1042
f 3415 3324 3323
f 3112 301 1261
f 3538 2427 2426
f 3539 170 172
f 3002 914 166
f 3540 1057 1376
f 1389 3541 1390
f 1635 2035 1636
f 3542 3543 3544
f 2987 3107 1113
f 2364 3545 2365
f 2482 3483 2480
f 1841 3546 1689
f 3547 3548 3499
f 3549 3305 599
f 664 666 1454
f 3550 2447 3551
f 834 788 2793
f 2067 2153 880
f 768 3231 1095
f 3552 3553 2841
f 258 3554 2618
f 3555 3071 3254
f 405 1127 406
f 1077 1076 1079
f 1660 2161 1531
f 3556 1048 1047
f 50 3557 51
f 3558 1720 1329
f 853 3443 3339
f 133 198 197
f 3498 3559 2477
f 2674 1415 1417
f 2209 3560 3366
f 742 1185 1599
f 454 2620 831
f 3561 2439 2673
f 3562 1830 658
f 2784 2280 2785
f 3563 3564 3565
f 2402 1251 1276
f 1607 2937 1545
f 3566 3567 3451
f 2 3278 2158
f 3568 2087 1222
f 1025 3569 1823
f 2479 1822 2168
f 525 2380 2734
f 1439 3351 944
f 1962 2322 2292
f 3570 3385 2191
f 154 66 3147
f 1568 220 222
f 3571 2079 3503
f 3048 170 1030
f 3572 2139 2894
f 3569 1025 1844
f 3500 3192 2544
f 3414 1187 549
f 235 228 3573
f 1104 1358 2495
f 570 3574 3575
f 232 212 233
f 1388 1387 2246
f 539 2635 2637
f 3576 2925 2927
f 3577 3578 3579
f 2025 2562 3187
f 481 3514 3580
f 198 387 199
f 2707 318 317
f 3581 3115 701
f 2620 454 453
f 2300 1151 2301
f 3000 961 2749
f 2631 3582 3583
f 1365 420 3584
f 3585 3400 3399
f 3586 2993 2992
f 51 991 2584
f 441 440 1650
f 2738 899 898
f 3587 1527 1526
f 596 2233 1510
f 841 2675 2677
f 3144 2997 3503
f 2104 916 1774
f 3588 3589 453
f 885 3590 886
f 1637 1957 1638
f 1210 3591 3592
f 214 216 1192
f 3297 2083 2082
f 2509 2778 2006
f 2913 3593 2914
f 197 199 306
f 348 347 3501
f 316 318 1982
f 3046 670 3097
f 3594 394 3124
f 930 929 755
f 2302 2026 3595
f 314 3596 3597
f 2334 105 3247
f 3020 1204 3483
f 3434 2846 2489
f 3598 2739 3599
f 3037 2298 2835
f 3600 3601 3602
f 240 3603 1814
f 3390 3603 1494
f 368 1085 366
f 3604 3367 3369
f 2308 1971 1973
f 2762 2689 2690
f 1963 1962 2068
f 3250 1588 1587
f 3605 1527 3606
f 1667 1290 1289
f 3607 3608 3609
f 178 3610 470
f 1269 3365 2096
f 2732 3549 1828
f 335 337 3027
f 2307 1522 3611
f 3612 1439 1438
f 1377 3454 1378
f 3613 1295 3264
f 3614 3615 1840
f 2055 639 2053
f 3616 3617 3618
f 3382 3381 3477
f 2947 1948 3619
f 945 1268 946
f 3139 2536 2535
f 3131 643 3132
f 1535 1605 1045
f 3441 1878 2406
f 3620 2972 3621
f 610 374 1775
f 3325 987 986
f 3622 3623 1384
f 1028 75 2012
f 3624 15 3359
f 1617 2801 2800
f 3277 1718 928
f 3625 3626 2929
f 3084 1306 3418
f 3084 928 927
f 2760 178 469
f 3627 196 195
f 3628 1467 1466
f 3100 655 654
f 2107 3606 1527
f 3026 1537 3234
f 3629 3630 3631
f 555 554 1859
f 3632 1440 3633
f 3634 1659 1451
f 2288 1103 75
f 3635 2779 2778
f 3591 1210 1209
f 1915 415 3155
f 3078 3636 3637
f 2274 3638 2336
f 2397 2687 2395
f 3003 3607 3639
f 3201 1555 3199
f 2988 3640 3641
f 3642 1640 3643
f 3376 2036 3644
f 1938 1937 2873
f 2100 3645 148
f 2272 2274 2336
f 1416 2813 3646
f 3170 3647 3648
f 2392 1843 1842
f 457 456 1648
f 1837 2960 2230
f 1836 379 378
f 3649 901 1399
f 1123 3650 1121
f 2495 2241 2715
f 812 2844 813
f 3651 2609 3652
f 3184 3653 940
f 3620 3654 3655
f 2417 1786 2552
f 2408 3656 2407
f 1475 1468 3657
f 3658 3659 762
f 2442 2587 2810
f 3660 1771 1770
f 3661 3644 2036
f 2148 1002 2567
f 1137 2861 1138
f 2199 526 3662
f 1176 3051 1220
f 2579 3663 2580
f 2580 3664 3665
f 3519 3666 2300
f 3667 2193 386
f 2496 3668 1105
f 831 3669 832
f 2089 245 2106
f 1640 1639 3643
f 2894 623 2399
f 1156 1158 3117
f 1049 2917 1054
f 697 696 2828
f 1040 3670 1041
f 751 773 772
f 2569 1423 484
f 1422 2027 484
f 3671 3065 3672
f 3654 3621 2412
f 2146 2145 3329
f 2246 3673 1388
f 3674 40 1622
f 3675 3676 3677
f 3457 3678 3679
f 1659 3680 1658
f 907 2002 1473
f 3081 2644 3082
f 1575 1574 80
f 2393 2614 2392
f 3493 520 519
f 3562 657 1555
f 1233 2378 2033
f 2378 1233 1234
f 626 1739 1738
f 3681 2460 2149
f 2914 3682 2915
f 2609 2608 1533
f 3683 1017 3073
f 3407 3684 3685
f 3685 3498 3407
f 3514 3686 1351
f 2819 2257 3444
f 283 715 714
f 2200 3039 3597
f 3459 2157 2156
f 1565 3687 3688
f 3689 2699 900
f 203 1631 712
f 1892 1830 1832
f 3690 1368 706
f 3209 3208 2606
f 3037 1596 217
f 908 1473 2726
f 2704 3492 2703
f 1667 3492 2704
f 2276 2275 3378
f 1376 1375 3540
f 2364 3656 3534
f 411 410 3191
f 1443 3691 3245
f 2733 2734 1678
f 2351 2350 740
f 3692 3467 3466
f 3693 1656 3169
f 3609 3639 3607
f 3694 3695 3696
f 1053 3697 1457
f 3698 114 2884
f 2786 3699 3061
f 2072 2590 949
f 3221 3700 895
f 259 258 3701
f 2375 3551 3417
f 2886 2329 1986
f 2143 1182 721
f 761 763 897
f 811 813 1346
f 3702 868 870
f 3703 2970 8
f 1153 886 3590
f 3704 3705 3706
f 3707 2187 2186
f 3708 872 307
f 3709 3274 427
f 2400 2399 623
f 3710 3711 2943
f 330 640 1130
f 2179 3712 2038
f 1715 2565 3483
f 2356 2766 1881
f 1023 3351 176
f 1881 2766 1879
f 3713 1930 1239
f 3469 3714 903
f 1133 1132 1375
f 3715 3716 3717
f 685 2404 1147
f 1448 3718 3719
f 1523 1150 1149
f 3583 3720 3545
f 394 1712 1849
f 48 2248 1054
f 2625 2211 983
f 3285 320 957
f 231 319 229
f 3362 1407 520
f 2378 1234 1426
f 3314 3721 3722
f 1438 3723 3612
f 2418 2417 1423
f 698 697 3724
f 3725 3071 3070
f 2763 3726 3727
f 3728 1645 896
f 556 1581 434
f 3729 2877 3730
f 3731 3732 3733
f 1775 876 27
f 2067 1963 2068
f 3177 2249 3178
f 3734 3735 3736
f 719 3737 2503
f 3738 3739 168
f 3266 57 1760
f 3524 56 55
f 3740 2259 1525
f 3157 1960 3741
f 3742 2226 2225
f 3743 3744 1765
f 2355 3745 1979
f 2552 1786 1785
f 239 241 294
f 1561 241 1814
f 2671 2051 3224
f 413 3404 414
f 3109 1047 1654
f 1445 2889 1853
f 1908 3746 3572
f 2124 1191 2548
f 3183 3747 1370
f 686 2167 984
f 1301 1650 3748
f 862 1515 1514
f 3749 1737 1739
f 481 2648 1813
f 1393 2986 3270
f 3270 2900 1394
f 3750 3751 1955
f 1953 3188 2323
f 3382 3477 3476
f 617 2642 3752
f 3753 2074 2073
f 3754 3745 3588
f 3755 1723 1722
f 2656 3756 1084
f 1102 894 1100
f 1185 1134 1599
f 1419 3757 3758
f 2215 3759 3189
f 3081 2593 2644
f 905 1680 3760
f 532 531 62
f 131 2998 2842
f 3761 3688 1796
f 3506 22 357
f 2701 1904 3424
f 3762 1646 1803
f 3233 1833 1965
f 807 1721 3763
f 3426 2030 2029
f 1368 3690 3764
f 3765 2412 3621
f 1321 3006 3672
f 2229 3655 3654
f 3766 281 851
f 3767 3482 3198
f 2443 3209 2606
f 1719 1721 807
f 1886 1885 1816
f 3703 2839 2841
f 3648 82 1705
f 94 3768 1591
f 632 876 1775
f 1507 2660 2090
f 2995 2615 2616
f 3418 885 3084
f 3369 3085 884
f 1567 222 668
f 401 403 431
f 3769 3770 3771
f 3772 3773 3774
f 3244 3775 3245
f 760 759 3776
f 2448 257 2551
f 3777 3778 748
f 2966 1157 1156
f 694 3346 695
f 3779 2674 1265
f 782 3001 3003
f 3780 2446 3337
f 724 3302 3781
f 300 299 2410
f 3111 1342 1344
f 3236 2488 3348
f 2673 2672 1627
f 3782 3550 2375
f 1615 1226 1225
f 2859 3028 2250
f 3028 757 2250
f 1753 3783 2907
f 2867 3291 2465
f 1733 2966 1156
f 2001 636 1052
f 1968 2264 2263
f 3784 3184 3785
f 3232 693 3786
f 2605 2483 2567
f 3787 2693 2692
f 5 4 1994
f 3001 782 914
f 3788 3476 3663
f 992 51 3557
f 3789 1430 3790
f 3705 3704 2105
f 1365 3501 1363
f 3713 1590 2490
f 3740 3535 3791
f 3792 484 483
f 1864 1863 3420
f 2886 1000 233
f 1344 3793 3272
f 1294 2521 478
f 2427 430 221
f 2685 1628 1627
f 3367 3604 830
f 1129 640 2055
f 640 639 2055
f 1356 509 508
f 3794 41 874
f 939 3032 3031
f 2812 42 41
f 2328 3281 3795
f 3158 3160 1406
f 3323 30 747
f 2657 2547 2548
f 3712 3796 2038
f 1273 1695 2330
f 3797 2955 3798
f 545 3799 3800
f 1965 2136 3026
f 3801 1741 1740
f 3380 3802 2537
f 1410 1323 1288
f 613 1776 1777
f 3513 1197 2983
f 3087 1162 3151
f 1336 637 3259
f 938 1513 936
f 3369 3803 3604
f 2200 937 936
f 1796 3706 3705
f 3804 863 862
f 1940 2301 1139
f 1811 2388 1252
f 3805 2463 2029
f 1917 3490 3511
f 2445 3317 2503
f 3806 3807 1382
f 3808 3809 3810
f 1100 1489 757
f 1489 1488 757
f 1509 3266 153
f 1462 2669 3380
f 153 152 1509
f 3734 2110 3811
f 2994 3135 3563
f 3812 804 1294
f 22 3813 3518
f 3814 3402 3401
f 2573 2572 3192
f 3106 3631 1434
f 653 1480 1159
f 3815 3273 2189
f 1875 2899 2901
f 1424 1426 1234
f 3816 2098 2097
f 662 3817 663
f 2281 131 2842
f 2923 3818 635
f 1980 3651 3652
f 2609 2598 2597
f 188 971 970
f 1147 2403 240
f 589 2043 587
f 3819 2928 2232
f 6 1486 680
f 1684 1686 2416
f 841 3642 3076
f 2179 1745 1834
f 3448 3447 2799
f 3517 2068 1962
f 704 3820 705
f 2499 3259 341
f 3715 3105 1573
f 3821 3822 2977
f 3823 3167 3736
f 2432 3824 2690
f 3037 217 219
f 400 1378 398
f 3825 2472 3214
f 1371 1370 3747
f 1672 1671 3023
f 1702 2297 2396
f 1519 1521 3430
f 1130 2918 3826
f 1481 326 756
f 3827 3286 2920
f 2621 3669 831
f 1007 3828 2687
f 1932 1166 1299
f 3804 2736 2735
f 3387 3829 3830
f 3831 2761 469
f 2845 1386 2846
f 3580 2648 481
f 1465 422 84
f 1296 1905 3832
f 2852 3833 3834
f 1176 1220 2199
f 3835 857 2003
f 2011 685 684
f 3045 3836 2405
f 3837 3838 3750
f 130 3839 3840
f 3841 207 206
f 1473 2002 1052
f 3488 3386 3144
f 3842 3171 2171
f 3843 3497 3205
f 839 3064 746
f 3356 3844 3357
f 854 853 3140
f 1744 3840 3845
f 161 1788 3846
f 1710 2896 198
f 2183 1485 277
f 1173 2224 1174
f 1543 2057 1544
f 703 2678 464
f 2384 243 242
f 2113 2558 2111
f 2073 2072 949
f 3737 3337 2503
f 3847 3848 3251
f 2267 2596 1482
f 3465 3467 1412
f 308 2727 2309
f 2623 1611 1087
f 425 511 426
f 2178 2466 439
f 3744 3743 3293
f 3055 3849 3850
f 1849 3124 394
f 1594 3851 3852
f 224 223 1256
f 3853 3685 3684
f 3854 451 3330
f 2794 17 16
f 3855 1039 1038
f 945 3361 1969
f 3411 3856 3506
f 3741 1192 216
f 3376 593 595
f 2462 2463 980
f 3677 3857 3675
f 3858 3206 3859
f 3860 3861 2792
f 2372 2371 2520
f 3406 3405 864
f 2980 1193 1192
f 297 2915 3463
f 1143 2529 2531
f 3862 2514 2513
f 995 994 3798
f 2264 1968 3863
f 234 2539 232
f 3864 1153 1152
f 3475 1908 2092
f 3865 633 632
f 483 482 3866
f 338 2511 2566
f 1100 894 1490
f 24 1105 3668
f 1947 3867 2424
f 3576 2284 2925
f 883 3868 881
f 3687 3869 3688
f 1902 1901 3870
f 3204 3871 3872
f 3873 3145 3874
f 3875 2348 1363
f 2497 3876 2280
f 3275 3772 1856
f 159 3877 3878
f 742 3759 1185
f 238 1352 1218
f 715 3879 1600
f 3797 3798 994
f 1101 1100 2347
f 3880 3191 3881
f 3882 1264 2331
f 615 3883 3313
f 3884 244 3885
f 1606 2496 2495
f 2123 1291 2932
f 1979 3745 1980
f 1891 3336 3335
f 3187 2562 2561
f 1281 634 1091
f 3342 3360 629
f 3044 3886 2295
f 3887 3888 384
f 3889 3890 3891
f 3892 58 2659
f 2775 2774 3182
f 947 3631 3630
f 3893 3894 1737
f 93 92 3359
f 633 3865 2341
f 3895 1191 3896
f 2124 3896 1191
f 19 21 1818
f 2501 206 2502
f 2180 3897 2626
f 3898 1261 3899
f 3900 2833 2414
f 710 3901 2281
f 3449 403 805
f 1972 3902 2146
f 1293 1888 1123
f 145 2320 143
f 2046 875 874
f 1887 210 3210
f 2946 3619 3787
f 3903 1179 1474
f 630 629 3360
f 1470 3606 3904
f 2124 2123 2932
f 3071 3555 3069
f 3519 2300 3520
f 1367 3153 945
f 952 1381 1380
f 2299 2667 264
f 3502 3905 3906
f 3907 3908 3909
f 1145 380 2028
f 3444 2256 3258
f 3777 748 747
f 1789 2624 1654
f 1700 802 1159
f 3125 248 1034
f 3910 2749 961
f 1386 1749 1387
f 225 1214 223
f 3635 3911 2779
f 1847 3714 3484
f 660 815 2568
f 3495 2861 1951
f 2196 153 3266
f 3210 210 209
f 779 738 3249
f 2388 1253 1252
f 25 877 534
f 2057 817 2474
f 3230 3243 3286
f 151 150 2509
f 3810 3809 3912
f 3019 3280 3913
f 3735 3914 3823
f 2640 2706 3915
f 2705 3118 3915
f 1827 3730 2222
f 30 3777 747
f 879 878 1954
f 723 1501 2001
f 2398 2729 3333
f 3916 1747 1746
f 526 3917 3662
f 3918 3719 3919
f 309 1210 3920
f 2009 3921 3922
f 3452 3494 85
f 3008 3923 3009
f 3924 2740 3925
f 3863 1968 184
f 3926 2092 1908
f 2752 2754 1237
f 3927 2799 3447
f 287 572 2705
f 2558 2557 2111
f 3566 3336 3567
f 1751 1753 2907
f 3927 1950 3928
f 163 162 3929
f 3930 3445 1179
f 3931 3932 3933
f 2696 1668 3478
f 2511 3260 2566
f 3260 1414 2566
f 1947 1648 1945
f 1096 1211 432
f 3934 3882 3935
f 1831 3201 1832
f 3412 3936 3413
f 3211 3175 1850
f 3937 1955 3751
f 3938 3939 126
f 3797 1717 2955
f 3940 3658 3223
f 1987 2916 1985
f 1769 709 1767
f 3941 3261 3120
f 2624 3108 1654
f 1722 3942 3755
f 1366 3764 3153
f 3370 1778 1780
f 2763 2304 2263
f 2214 108 3943
f 1751 2909 3213
f 3944 3943 108
f 3945 152 1856
f 3946 577 3557
f 1078 688 687
f 3623 2691 1384
f 2524 1746 2098
f 3722 3721 3947
f 2486 2821 1511
f 3292 1314 2488
f 276 261 2682
f 2565 1265 2481
f 1586 1588 2822
f 2240 3569 1027
f 3948 3041 1240
f 872 871 307
f 1899 2372 1898
f 3607 3003 3002
f 1725 3949 3111
f 3950 3005 750
f 3576 2927 3315
f 60 2659 58
f 3909 1735 1736
f 2513 3307 3862
f 840 3613 1020
f 40 3674 1802
f 2964 1354 2963
f 3951 293 3910
f 3366 941 2209
f 1471 368 367
f 3952 1949 1144
f 2437 3226 2599
f 1216 436 3953
f 3643 3076 3642
f 2940 961 963
f 3954 3712 2953
f 2179 2953 3712
f 3955 1331 3042
f 28 2259 3956
f 979 1349 3197
f 1320 2349 3957
f 3958 3725 3070
f 3619 2946 2947
f 21 20 872
f 2163 1451 1450
f 3241 2320 1217
f 685 1495 2404
f 3959 244 3960
f 3592 3920 1210
f 1852 3088 3089
f 1164 1163 3381
f 1141 1140 3408
f 3961 1535 132
f 3962 3741 1960
f 501 1993 499
f 2548 1190 2348
f 3168 3648 1705
f 3806 3463 3257
f 3963 1092 1094
f 2619 589 3702
f 2561 2529 3102
f 2237 845 3964
f 3073 1017 1016
f 3081 3965 2593
f 3589 887 453
f 1105 1104 2496
f 3756 2750 1082
f 1662 1131 1133
f 1075 149 2659
f 2363 3946 3557
f 3731 3966 3732
f 911 3967 2788
f 3968 1827 533
f 3969 3970 663
f 2119 2190 2189
f 125 127 2982
f 3794 874 873
f 3971 1604 991
f 816 815 3972
f 8 2442 9
f 3461 2754 2753
f 2952 3954 2953
f 3307 2635 3973
f 2918 1130 1129
f 3532 459 3974
f 3785 3975 3976
f 381 1019 3075
f 3911 3635 150
f 3635 2509 150
f 1137 1832 3201
f 3977 3725 3978
f 3800 2704 545
f 1668 1667 2704
f 3979 2162 2983
f 1468 1475 1466
f 1103 2288 2287
f 3873 509 1105
f 3980 3981 3016
f 1818 175 174
f 1207 3982 1205
f 3214 2909 3825
f 3044 2295 3043
f 3983 3548 1110
f 3984 3717 3486
f 1270 2768 1284
f 2866 3935 2867
f 2184 277 3985
f 2593 852 854
f 2211 3986 740
f 2485 335 3027
f 106 1779 3987
f 985 1103 2287
f 985 2455 986
f 3695 254 256
f 254 3695 3988
f 1727 2575 3989
f 3479 2697 3478
f 1970 488 487
f 2733 3122 1540
f 2183 2184 3572
f 3990 1958 1957
f 1687 213 212
f 208 210 2821
f 184 1969 3361
f 2571 652 2527
f 2735 3838 3804
f 2084 2997 2772
f 1736 3922 3921
f 1781 992 3991
f 3992 2584 3419
f 3993 3948 2449
f 3909 3908 786
f 3835 858 857
f 2531 1144 1143
f 356 718 717
f 387 2896 3056
f 3994 1787 1786
f 1154 1071 3241
f 2610 205 1750
f 1616 452 1484
f 2003 2005 1724
f 1192 3741 3962
f 2309 2777 308
f 3995 456 112
f 2989 3996 349
f 3997 2687 3828
f 701 515 3581
f 3998 3999 3398
f 3978 4000 3945
f 3846 1788 1819
f 3981 2766 3016
f 937 3596 4001
f 2872 4002 3197
f 4003 463 3218
f 1014 3456 2269
f 2808 3397 4004
f 4005 692 867
f 3294 3982 1207
f 2450 1875 2451
f 1734 501 500
f 2216 2552 1580
f 84 83 408
f 1727 2113 2112
f 3508 104 3338
f 46 48 3724
f 3032 3366 3325
f 4006 1701 1700
f 378 3344 752
f 3858 3207 3206
f 1066 3821 2109
f 1562 1298 1297
f 3740 3791 4007
f 2278 3352 2279
f 3779 385 2814
f 3917 1540 3122
f 1415 2814 2813
f 2047 874 41
f 4008 2699 3689
f 900 2880 3689
f 2044 4009 2043
f 2550 3417 3551
f 4010 4011 713
f 3094 4012 382
f 2862 1042 859
f 2862 3860 1779
f 3102 3221 3187
f 3097 1102 3046
f 346 1119 344
f 816 2890 1502
f 1689 3546 3647
f 1813 479 481
f 2930 4013 4014
f 4015 4016 4017
f 654 4018 3029
f 3146 1079 1941
f 1414 4019 1412
f 1348 1350 796
f 1090 633 2341
f 965 69 68
f 2193 3316 607
f 3640 2988 349
f 3734 3914 3735
f 4020 4008 3689
f 4021 4022 1436
f 3388 1391 1390
f 2104 3193 917
f 4023 3696 256
f 3182 3984 4024
f 928 3368 3276
f 2315 2045 2316
f 2045 1271 2316
f 967 966 2150
f 497 3409 1994
f 4025 4026 958
f 664 301 665
f 1002 2148 1003
f 2142 2054 2053
f 2230 4027 1837
f 3682 4027 3508
f 3539 4028 1029
f 1438 1436 3090
f 951 3195 4029
f 3219 4029 3195
f 2770 12 11
f 2564 1511 2563
f 2302 3968 533
f 2254 2266 3967
f 2456 3032 986
f 1314 809 2488
f 753 755 4030
f 1573 1297 3716
f 2282 4031 3235
f 3200 2440 2606
f 1868 392 1174
f 389 3319 3036
f 4032 4033 737
f 3563 3448 2994
f 2685 4034 1628
f 3944 2020 2209
f 935 1036 1035
f 2445 71 3317
f 376 1775 374
f 1925 3979 2983
f 3255 613 1777
f 877 1585 534
f 2628 3128 2369
f 2628 650 2629
f 3931 3173 770
f 3025 3408 1140
f 2989 2658 3996
f 2365 578 577
f 2514 1309 1308
f 960 4035 1503
f 4036 4037 3972
f 660 659 4038
f 3831 471 1766
f 4039 4040 3216
f 4041 4042 1453
f 4042 2863 1453
f 833 452 454
f 994 3906 548
f 2373 3933 3932
f 4043 1357 4044
f 1019 731 733
f 607 606 2193
f 1203 4045 2954
f 3207 458 3173
f 4046 2786 3143
f 265 932 334
f 4047 3626 2995
f 588 587 4013
f 4048 2807 4049
f 3838 2238 91
f 2012 201 1028
f 1028 201 238
f 43 2468 1410
f 4050 3195 951
f 196 3540 1375
f 1057 3540 3181
f 3106 3105 3629
f 1372 144 1888
f 3465 3608 3466
f 15 2854 3359
f 2182 1506 1505
f 3062 4051 4052
f 3222 3320 3319
f 1027 1218 2240
f 560 559 575
f 278 1072 1997
f 672 261 260
f 261 672 2682
f 764 122 124
f 263 265 2870
f 3790 4001 3789
f 1844 1027 3569
f 775 774 2091
f 1285 1284 2768
f 1350 321 323
f 2432 838 837
f 3018 3430 1521
f 763 3728 896
f 4053 2465 2815
f 3544 2923 4054
f 314 3597 315
f 3722 2755 506
f 4055 190 189
f 3566 3451 4056
f 2704 3800 1668
f 3216 4057 3480
f 2805 390 3468
f 2881 4058 4059
f 3682 3462 2915
f 3806 3257 2255
f 3603 728 730
f 2715 2938 1606
f 380 1145 1212
f 3390 3389 729
f 3472 2074 3473
f 2889 2345 1853
f 1189 3332 1620
f 705 2887 2708
f 2901 2314 2313
f 3601 3600 1181
f 2887 2582 2708
f 2583 4011 2581
f 4060 4061 4062
f 880 2153 2522
f 433 1211 4063
f 1270 3513 557
f 3681 1628 4034
f 4064 2549 3599
f 2052 1890 1889
f 2735 3750 3838
f 4038 3972 815
f 2434 36 364
f 1215 2942 2943
f 273 4065 271
f 4066 959 3641
f 1609 2458 1610
f 3347 3522 409
f 2974 3621 2972
f 3526 1998 2787
f 3063 1874 649
f 8 2587 2442
f 2810 489 488
f 3026 3233 1965
f 2469 3004 3006
f 3377 2264 3863
f 2785 2280 2279
f 1758 2995 2661
f 1140 2235 3025
f 1840 1928 1927
f 3432 2017 2088
f 3645 3350 4067
f 3386 2978 3144
f 828 2095 4068
f 2990 1460 1246
f 1004 1155 3531
f 1155 2114 3531
f 2161 4069 1498
f 3653 2208 940
f 3049 1030 3007
f 1181 1180 3274
f 1248 2791 2790
f 2578 1531 2161
f 1865 1867 3018
f 4070 1498 3363
f 1486 1993 501
f 1985 2917 2886
f 1266 3667 385
f 1555 656 3199
f 1805 798 800
f 2324 798 2292
f 69 560 575
f 1206 4071 2702
f 4072 1207 4073
f 2422 603 3587
f 3478 2697 2696
f 1390 3230 3388
f 1102 3097 3221
f 3097 2025 3187
f 4074 470 3610
f 1250 1799 1248
f 828 4068 3926
f 1556 3234 1537
f 1646 1452 1121
f 1122 1121 1452
f 1645 4075 1643
f 2246 205 207
f 211 2329 212
f 2329 233 212
f 1601 429 814
f 429 1601 427
f 814 4076 1601
f 2581 4076 4035
f 4035 2582 2581
f 2382 1010 1009
f 463 465 2261
f 713 1601 4076
f 242 3748 4077
f 2237 3328 2804
f 4077 2384 242
f 3829 3387 334
f 3920 3176 309
f 3980 99 98
f 3130 1830 1892
f 103 99 1402
f 2021 3364 2525
f 1879 2766 98
f 2872 1992 2542
f 2542 2720 3426
f 3333 1646 1121
f 243 2384 1873
f 3423 1704 4078
f 1499 4070 519
f 2618 3554 2619
f 1825 2616 1706
f 2044 2619 3554
f 1345 1880 2383
f 49 1846 1845
f 1846 3420 173
f 1193 2507 2506
f 2725 677 2103
f 3471 4079 4080
f 3016 1991 3980
f 144 1372 3190
f 3913 3280 3279
f 3066 3529 3528
f 1884 3133 3528
f 407 3546 3615
f 1450 1983 2163
f 195 669 1768
f 775 2091 4081
f 4082 668 4083
f 2902 305 2465
f 3005 3004 750
f 2571 4084 1095
f 3683 3073 3072
f 580 2409 581
f 1503 1502 960
f 1981 3334 4085
f 3710 2943 345
f 1216 3137 1215
f 418 1621 419
f 3011 3010 3788
f 1208 4086 3507
f 1616 3588 453
f 3476 2641 3103
f 3476 3788 3382
f 2065 450 449
f 617 3752 1163
f 2891 3109 2166
f 762 3019 3658
f 240 2403 3603
f 2403 1494 3603
f 2874 3844 2875
f 125 977 976
f 502 1501 304
f 1467 3628 3375
f 1384 2691 493
f 2189 1529 2119
f 1712 1711 3714
f 4087 4088 3622
f 903 3714 1711
f 1568 2849 220
f 3982 4062 4061
f 523 3162 2569
f 463 4003 2255
f 4089 3583 3582
f 2071 1772 1936
f 3607 3466 3608
f 2190 2119 2118
f 1384 1383 3622
f 1431 1385 493
f 3246 1329 3955
f 187 186 2182
f 489 2587 1851
f 4090 423 2345
f 1092 4091 3134
f 4092 2576 2575
f 2882 651 1894
f 3803 13 3604
f 3590 1305 2234
f 413 223 1214
f 3067 2410 574
f 3441 4093 3277
f 4094 1253 2389
f 50 49 2363
f 3960 244 243
f 2166 1178 1177
f 1897 498 4
f 2435 4095 2952
f 1956 1958 4096
f 2140 3517 2292
f 3727 4097 4098
f 68 4099 4100
f 3574 4101 1320
f 4029 3219 2622
f 2362 744 2132
f 3343 2102 2924
f 2752 1237 1236
f 2873 2024 1069
f 3704 2071 1936
f 2071 1773 1772
f 4102 3778 4103
f 4104 3828 4105
f 3670 3457 1041
f 4106 4107 2965
f 320 1643 319
f 16 2919 12
f 3762 1044 1043
f 4007 4108 3956
f 1163 3752 3381
f 1989 2713 2714
f 3021 3249 3164
f 2268 4109 1645
f 801 803 2396
f 253 3912 3809
f 950 2590 2589
f 2784 2783 2464
f 1089 1088 3222
f 3753 3891 3890
f 276 3253 262
f 4110 465 464
f 4083 3449 1768
f 2594 2815 2465
f 1768 4082 4083
f 1729 1861 805
f 3165 1158 2843
f 325 793 756
f 793 325 791
f 2631 2633 3129
f 3808 3810 4111
f 2707 4112 3775
f 1174 392 1172
f 3388 729 3389
f 1430 127 126
f 2046 4079 3471
f 4113 4079 2046
f 439 3454 437
f 736 1048 1493
f 1522 1817 21
f 59 3068 60
f 2035 1635 1558
f 2034 2036 3376
f 3210 3089 1887
f 1558 2034 2035
f 291 293 754
f 3376 3375 3628
f 2265 4046 3143
f 4114 3602 3601
f 3269 978 977
f 1347 1346 813
f 2964 820 2169
f 494 1354 495
f 2591 3250 3044
f 2157 4115 4116
f 3950 4117 3005
f 751 2600 1332
f 511 510 426
f 3822 4118 2243
f 2957 4119 563
f 1777 2923 635
f 4120 4121 2621
f 3960 1874 3063
f 4122 4123 3874
f 649 3061 3063
f 2973 245 2089
f 2106 1936 2089
f 648 2786 3061
f 1401 1711 1083
f 809 3190 1374
f 3907 145 144
f 2474 3011 1544
f 4124 2549 2551
f 973 3392 4125
f 2835 1597 1596
f 3446 1995 139
f 1410 2469 1323
f 3539 2811 2273
f 1737 3749 3893
f 1878 3441 1876
f 4048 2338 2807
f 2558 2113 2516
f 67 3502 994
f 73 2312 74
f 3366 2312 3325
f 1199 482 1926
f 1910 4126 1911
f 2027 2663 582
f 4127 2027 584
f 3960 4100 3959
f 4099 995 3798
f 1472 3113 2035
f 3572 2894 2183
f 369 371 520
f 931 890 1853
f 3940 3223 229
f 2519 2518 2730
f 1839 1097 4128
f 1326 1325 3158
f 566 1357 4129
f 743 676 3193
f 588 1539 868
f 3169 3625 3693
f 1146 3235 1569
f 2186 1299 1166
f 4130 117 3780
f 3024 1304 3770
f 4131 3133 4132
f 3892 3093 3095
f 3853 1434 3631
f 156 4133 1653
f 2074 3472 2664
f 2655 2470 3971
f 2509 2545 2508
f 4134 2662 1421
f 207 2247 2246
f 2476 3521 3520
f 2470 2655 2865
f 3881 1433 3880
f 2832 2831 3191
f 2532 3637 3636
f 82 3648 3647
f 674 2709 2361
f 2372 3933 2373
f 2373 3932 958
f 4135 2727 871
f 2727 307 871
f 4050 2525 2527
f 1552 3795 2048
f 1624 3585 4136
f 915 164 166
f 2021 2525 2409
f 3505 513 4137
f 3534 2633 2632
f 4003 3807 2255
f 1067 434 433
f 1127 3231 768
f 3788 3663 4138
f 3663 2579 4138
f 3691 4059 3245
f 1089 3319 3429
f 686 984 1243
f 3202 727 2173
f 2455 4139 2456
f 255 254 4140
f 85 1117 1116
f 4141 811 3174
f 1084 3756 1082
f 2950 2962 2042
f 4142 4143 3576
f 4090 2091 1824
f 2127 4089 4144
f 1639 1854 4139
f 2945 256 1854
f 3695 256 3696
f 3892 3095 58
f 3871 760 3776
f 3682 3339 3462
f 3339 3682 3508
f 366 1085 3129
f 2998 1389 1391
f 3965 3443 853
f 4145 3474 3965
f 4146 659 661
f 3510 3489 3179
f 3154 2171 823
f 1759 822 726
f 125 1504 977
f 3149 2630 2117
f 995 68 67
f 2549 4064 2550
f 4019 1414 662
f 354 3091 352
f 3028 337 757
f 4147 3599 2739
f 2970 3553 447
f 3258 3257 3462
f 2452 1665 1664
f 1664 1666 2900
f 179 2798 2797
f 1068 832 3669
f 148 2924 146
f 4148 4149 4150
f 2834 1114 969
f 4151 3808 4111
f 1115 4152 4056
f 3151 2475 3087
f 2726 2747 908
f 549 3906 3414
f 3414 3906 3905
f 3905 3502 2461
f 328 1249 2944
f 1097 1839 1841
f 296 4153 2915
f 625 2400 623
f 4154 1557 3799
f 1265 1266 3779
f 40 1802 2047
f 2047 1802 1801
f 4155 2943 3711
f 4000 1509 3945
f 1339 4156 1337
f 3561 2673 1626
f 3199 1890 2438
f 1642 1338 1889
f 2717 3256 2567
f 386 385 3667
f 668 1128 1567
f 1567 1128 1568
f 3513 2983 2162
f 4013 2930 1539
f 3991 3557 577
f 3959 4100 4099
f 3633 424 3632
f 2363 3557 50
f 2459 3252 3251
f 4157 3391 4158
f 3099 4159 3100
f 2460 2115 2114
f 1031 1032 2547
f 2976 587 2043
f 4160 1924 1923
f 1924 4160 276
f 930 755 4161
f 3951 754 293
f 4162 582 2663
f 584 2027 582
f 1531 123 1660
f 3332 2573 3500
f 1408 1242 1714
f 735 1654 1046
f 2964 2712 1355
f 3438 38 2138
f 321 1350 981
f 4163 2765 3566
f 4164 4165 4166
f 4033 3248 737
f 970 4021 942
f 2999 341 3259
f 3343 148 3645
f 2396 1341 2397
f 328 2707 1250
f 884 3085 885
f 2880 2307 3611
f 21 872 1522
f 3482 215 3198
f 641 1912 1237
f 3311 3310 3961
f 3310 4041 3961
f 2992 2806 2644
f 4167 739 4168
f 1335 1939 1496
f 1335 2137 1333
f 3371 466 1730
f 3638 2337 2336
f 2989 771 1031
f 771 770 1031
f 360 2601 361
f 1168 2819 3444
f 1064 2108 3734
f 4169 3218 2985
f 3166 1064 3167
f 4170 1333 2137
f 3735 3823 3736
f 833 3393 452
f 3656 2364 2363
f 1393 4171 2987
f 2436 2951 2703
f 2951 2436 2435
f 2021 3816 3364
f 3365 1269 4063
f 2159 4011 1738
f 1863 1708 3420
f 1099 4172 417
f 4173 322 2391
f 3215 3800 3799
f 4174 3404 4175
f 4176 4085 3334
f 4177 1073 2183
f 4178 3358 4179
f 512 4180 4181
f 1094 3576 4143
f 553 1264 3934
f 2120 250 2121
f 262 96 95
f 4182 4078 4183
f 1283 4184 1013
f 2158 2965 797
f 2926 3834 3833
f 3543 675 3544
f 2726 1457 677
f 2084 3352 2085
f 139 1180 3445
f 2556 2332 2176
f 4185 2147 2308
f 195 194 669
f 1611 4186 1087
f 3272 3059 1726
f 2685 1627 2686
f 306 305 2902
f 306 1389 197
f 3159 1820 3160
f 3122 1699 3161
f 2860 3126 1951
f 1023 1022 4187
f 319 1643 4075
f 3939 3790 1430
f 4168 778 1787
f 2418 2569 3163
f 133 132 1710
f 3526 246 2972
f 2244 4118 1065
f 1863 1709 1708
f 4188 1380 1379
f 1398 395 3271
f 2160 3768 2401
f 328 327 2707
f 1421 1423 2417
f 521 2881 4059
f 2172 3929 162
f 32 977 1504
f 987 1103 985
f 987 3325 2312
f 1925 2983 1926
f 1326 2893 2892
f 345 4189 3710
f 2143 4190 2600
f 116 4191 4137
f 1872 3665 1736
f 2877 4184 2222
f 1850 487 489
f 4192 2718 2717
f 1868 4193 3579
f 2717 2716 2444
f 2185 1300 2186
f 3577 4194 4195
f 264 2666 932
f 2389 2585 1974
f 610 609 1142
f 921 3038 1396
f 4196 866 2922
f 1983 3009 2164
f 1854 4197 2945
f 1235 1912 2765
f 3839 910 3840
f 3758 2164 3009
f 3881 3191 410
f 1964 1963 879
f 1854 4140 4139
f 3490 3509 3511
f 1152 630 3864
f 4198 2559 4034
f 397 396 2788
f 4199 997 1328
f 931 2528 891
f 1867 2158 3019
f 2 689 3278
f 4200 70 1548
f 70 4200 438
f 1436 1435 3090
f 1952 1435 1437
f 3639 4201 780
f 4202 2408 1845
f 4135 2309 2727
f 2309 4135 2310
f 2563 2330 2564
f 2330 2563 1273
f 1679 3760 1680
f 1959 4203 2295
f 2592 2643 2593
f 206 2501 3600
f 359 2884 357
f 4204 218 3264
f 381 708 2744
f 381 383 1019
f 4205 7 9
f 1841 1689 1097
f 32 31 3269
f 1204 3020 3269
f 3172 3171 4206
f 1388 2489 2846
f 858 3288 856
f 4023 2454 3288
f 2880 899 2305
f 3924 4207 2738
f 616 615 3313
f 3482 3767 4208
f 3238 47 2829
f 1756 3919 3719
f 23 4209 3145
f 3518 2129 23
f 3619 1948 3952
f 4069 2195 1498
f 1316 2031 2007
f 1316 414 1578
f 2326 1994 2411
f 4210 2724 2723
f 1015 4211 2874
f 1013 4180 2062
f 4212 2895 3762
f 2960 1837 1836
f 4001 938 937
f 428 2939 138
f 661 138 137
f 138 661 428
f 1345 1881 1880
f 1808 2335 1806
f 103 1807 4213
f 2383 1806 2335
f 1806 4213 1807
f 3174 811 1346
f 586 3960 3063
f 1338 1642 2868
f 1441 112 111
f 373 120 966
f 853 3338 3140
f 104 106 3140
f 2027 1422 2663
f 2216 4134 2552
f 3645 2101 3343
f 695 3964 844
f 1295 4204 3264
f 3698 1546 1201
f 1528 3300 1529
f 2370 3300 785
f 3469 3470 4214
f 3470 3852 4214
f 365 3082 2806
f 2806 3082 2644
f 3695 3694 3988
f 129 128 2266
f 3261 975 974
f 3138 3953 3581
f 3894 1518 1517
f 2676 2287 2677
f 4208 710 2242
f 2656 1868 3579
f 540 3872 541
f 3030 4018 354
f 2514 955 2512
f 2512 955 4215
f 1031 2547 2658
f 3029 4018 3030
f 3722 1688 1063
f 2278 3876 4216
f 1607 1606 2938
f 2910 2911 1613
f 4217 2130 3147
f 1036 935 3985
f 619 2066 617
f 1083 1082 1401
f 684 683 1570
f 851 2060 2603
f 656 1642 1890
f 4106 2965 1866
f 4058 2523 4059
f 2903 1389 306
f 3696 3835 3694
f 3835 2003 3694
f 3873 3874 4123
f 4218 4219 4220
f 3126 2443 1952
f 2000 3143 1998
f 3017 3051 3052
f 3017 4221 1111
f 2916 3570 1054
f 3570 2191 1054
f 2860 1137 3208
f 3842 468 467
f 4222 2282 827
f 2271 4223 1602
f 1148 1150 2305
f 4103 4108 175
f 1446 3124 1849
f 2579 1872 2023
f 3278 3280 2158
f 3616 3618 538
f 4224 2398 4225
f 690 1468 1467
f 1591 1499 142
f 1499 1498 4070
f 110 1950 476
f 1875 2450 1664
f 1532 777 1533
f 2608 1579 1534
f 3052 688 3017
f 688 3052 686
f 383 4012 1673
f 4012 3892 1673
f 883 2371 2373
f 3025 3769 3771
f 3685 3853 4226
f 1268 3203 1267
f 945 1969 1367
f 2304 4227 1367
f 1516 1518 2328
f 3435 3582 1085
f 3988 4228 254
f 3660 2761 4165
f 4161 755 754
f 4229 3575 3957
f 3462 4230 3258
f 3460 1304 3024
f 1942 4231 1943
f 3690 2956 4232
f 1579 1911 4126
f 124 2013 2433
f 2773 3863 183
f 4233 789 790
f 1999 4234 2843
f 3826 2918 834
f 492 3598 4235
f 4236 3524 3523
f 4237 3672 3065
f 2269 516 518
f 3502 3906 994
f 520 1407 1406
f 1266 3413 3667
f 3936 3412 3316
f 3736 3167 1064
f 1638 644 646
f 3120 2749 3941
f 1200 84 422
f 3470 902 4238
f 911 2750 909
f 789 4233 1941
f 2843 1158 1157
f 644 1638 4239
f 3784 4096 2208
f 3154 3842 2171
f 4240 671 1984
f 4241 468 3155
f 496 1984 494
f 2172 2171 3171
f 3868 1819 881
f 2179 2040 1745
f 2645 1408 741
f 3172 1209 3929
f 2518 700 699
f 465 4242 4106
f 4198 3732 2560
f 805 1861 424
f 1267 3205 3497
f 643 1912 641
f 1237 2922 641
f 3733 4034 2685
f 1566 3606 2107
f 1919 1978 1379
f 1379 4178 1919
f 603 1527 3587
f 3605 3606 1470
f 130 4051 3699
f 3404 1576 414
f 4239 4096 3784
f 3944 2208 4096
f 3787 4243 3976
f 923 3652 924
f 810 1313 3370
f 4244 833 832
f 2824 2260 2075
f 2260 465 4106
f 578 3720 2127
f 4057 3216 4040
f 4186 2911 1087
f 918 1444 916
f 1444 2024 916
f 2037 2769 4245
f 3038 921 581
f 4246 1202 1545
f 2781 2888 1445
f 3817 4235 663
f 3070 4236 3523
f 4247 1961 2039
f 3802 3749 1739
f 266 932 2666
f 4194 3577 3579
f 4248 2452 2451
f 4249 2794 12
f 1291 1975 1977
f 3970 3701 3852
f 1785 1532 1534
f 3561 2440 2439
f 924 777 779
f 777 924 3652
f 739 779 778
f 1532 1787 778
f 1060 2802 2192
f 3241 1217 373
f 2069 3517 3475
f 2776 1212 3015
f 834 2022 835
f 2022 1872 835
f 4246 2492 1202
f 3798 2955 3885
f 3539 172 2811
f 800 1803 1805
f 3556 3362 1492
f 2376 3416 2698
f 4056 1116 1115
f 1116 4056 3451
f 1457 2726 1473
f 734 1242 735
f 3720 578 3545
f 2800 1288 1618
f 3557 3991 992
f 2270 600 1229
f 3938 2429 2494
f 1513 3939 3938
f 4112 3245 3775
f 1432 3684 3771
f 3953 3138 3137
f 2493 2429 2428
f 698 3724 3707
f 423 753 4030
f 1884 1678 3133
f 4250 1609 2748
f 1364 418 1365
f 1304 2414 3110
f 2437 720 817
f 4251 1464 1463
f 2609 1533 3652
f 3652 1533 777
f 247 2105 245
f 865 4252 4253
f 1989 2944 1990
f 3312 3767 3198
f 4254 4255 4220
f 1860 448 2063
f 518 517 3318
f 2064 4256 1976
f 4255 1478 4220
f 1977 1976 4256
f 1262 3322 4257
f 3303 3616 538
f 1373 3349 3348
f 2720 658 1830
f 3904 3606 1566
f 1405 1326 3158
f 1699 1821 3161
f 4258 1134 1186
f 155 2308 4259
f 661 2568 429
f 2568 814 429
f 814 1503 4076
f 1503 4035 4076
f 4035 2457 2582
f 2457 2708 2582
f 2708 4260 705
f 4260 3690 705
f 620 948 673
f 3263 3262 818
f 1449 3334 1981
f 8 7 3703
f 2673 1627 1626
f 1628 2149 1626
f 1547 2827 3118
f 3356 3121 2875
f 2380 3107 2381
f 4171 2381 3107
f 3983 1724 3516
f 1724 3983 1722
f 934 2184 3985
f 3872 3871 541
f 2095 830 3604
f 3367 1877 3276
f 3827 1561 1814
f 3827 3230 3286
f 3019 3018 1867
f 350 2944 351
f 4261 4262 2684
f 3537 105 2334
f 154 3147 1855
f 3147 4263 4217
f 4264 4265 3058
f 4119 3058 4265
f 4167 3013 3012
f 1610 1617 1608
f 1061 362 680
f 362 1061 1
f 377 2132 744
f 1146 239 2283
f 2900 2899 1664
f 2899 1875 1664
f 480 1934 481
f 4161 1274 930
f 1857 3022 1858
f 1316 2007 1317
f 3895 4205 3331
f 3449 3633 1440
f 209 2487 52
f 3007 323 4173
f 4143 3963 1094
f 3367 3276 3368
f 930 1274 2528
f 891 890 931
f 4266 4267 1106
f 1274 4161 3951
f 3212 3850 1371
f 9 3331 4205
f 3515 3516 1724
f 2205 4032 2206
f 1691 1693 4268
f 2630 3128 2628
f 1833 3233 2210
f 2210 1556 4154
f 4269 571 570
f 3235 2283 2282
f 1646 2729 1803
f 4270 3855 4036
f 1873 1874 243
f 1874 3960 243
f 2024 1937 1772
f 1937 1936 1772
f 1936 2106 3704
f 2106 2105 3704
f 2105 2543 2385
f 2543 1873 2385
f 4271 4253 4252
f 3132 643 2016
f 4272 230 1089
f 4273 3007 1030
f 3998 3398 2809
f 2748 3120 4250
f 2327 2328 4274
f 2871 3426 2462
f 4275 2879 2878
f 1177 1176 1324
f 3068 1823 1074
f 1024 2677 2287
f 1311 2646 462
f 459 458 3974
f 3469 903 902
f 2120 2556 192
f 839 1931 4276
f 2622 3219 1614
f 1132 2562 2025
f 1132 196 1375
f 3010 398 3788
f 4277 3357 4278
f 4176 3334 914
f 644 4243 645
f 2427 2521 430
f 2545 2509 2006
f 3944 2209 2208
f 107 925 2019
f 1834 546 2951
f 546 2703 2951
f 2722 3355 2723
f 3384 258 2618
f 171 170 3048
f 30 3323 28
f 630 2854 1001
f 4094 1943 4231
f 1947 1649 1648
f 3017 688 2314
f 3888 42 384
f 2503 3337 2445
f 727 823 2173
f 2173 823 2171
f 2638 3329 2640
f 3329 2638 2146
f 1303 2654 3042
f 1186 646 4258
f 449 3854 1359
f 457 180 3928
f 1154 3241 373
f 1154 966 1997
f 4193 1174 2224
f 1750 3035 2610
f 4279 1277 1279
f 895 1102 3221
f 2196 64 154
f 2196 3266 726
f 2479 2168 2169
f 1342 3898 3899
f 980 3197 4002
f 3805 4004 3397
f 1318 4101 287
f 4280 3312 3198
f 4221 1112 1111
f 2987 1113 1112
f 3267 4206 3171
f 3170 3169 1690
f 3461 2991 2754
f 2220 1460 2990
f 3568 3437 3436
f 1870 3386 1871
f 1166 1572 2186
f 2768 1269 2096
f 4121 4281 2621
f 4282 3859 3206
f 2973 246 245
f 647 2543 247
f 3620 1998 3526
f 1998 3620 3655
f 3292 1315 1314
f 1059 4283 2339
f 396 2750 911
f 3756 909 2750
f 4258 3877 1134
f 1795 2353 2352
f 1491 77 2594
f 4284 77 76
f 3870 2588 2072
f 3964 3350 2237
f 4210 3608 3465
f 213 2627 2626
f 1748 3349 1373
f 501 1487 1486
f 1487 1061 680
f 4285 1699 1698
f 708 1970 487
f 4006 2941 1701
f 2941 420 419
f 2460 1003 2149
f 1003 2460 1155
f 2185 682 1300
f 935 934 3985
f 2022 834 2023
f 3980 2931 1403
f 4286 2217 1579
f 1171 1446 1448
f 4287 4080 4079
f 384 2814 385
f 1964 1953 2323
f 3188 3471 3080
f 3794 3646 2813
f 4288 3917 3122
f 1991 2868 678
f 2868 1991 3016
f 561 560 4194
f 4195 560 69
f 100 4100 3960
f 560 4195 4194
f 238 237 1352
f 2461 3742 3412
f 1302 3748 4289
f 248 250 192
f 1630 1391 3388
f 4054 3542 3544
f 4094 892 1253
f 1859 2925 2284
f 1940 3520 2300
f 1100 1490 1489
f 4016 4290 3712
f 3764 1366 1368
f 1511 2820 1459
f 2487 2486 2454
f 1078 2314 688
f 2830 1330 2387
f 3897 3618 3617
f 4291 4121 4120
f 2974 4291 4120
f 1672 3023 3134
f 3927 3928 2797
f 2278 2280 3876
f 3868 883 959
f 4292 1461 269
f 91 863 3838
f 863 3804 3838
f 3405 1515 862
f 3804 1514 2736
f 3102 3101 3221
f 4293 2421 4279
f 996 997 2712
f 997 4199 2711
f 2054 2143 2599
f 7 4205 3703
f 3756 3578 909
f 3845 3577 1744
f 4294 1547 571
f 4295 3326 492
f 2968 4291 2974
f 910 3845 3840
f 338 165 164
f 3429 3442 3345
f 2610 3035 2502
f 2502 206 2610
f 2278 2085 3352
f 3399 3934 3935
f 1206 4073 1207
f 4073 1206 2856
f 1378 439 2466
f 1120 4296 3421
f 4297 3094 382
f 2744 4297 382
f 2570 533 1828
f 209 208 2487
f 292 291 407
f 83 3647 3546
f 1908 934 3287
f 595 2034 3376
f 120 372 121
f 3825 2909 2908
f 3628 1466 594
f 4298 3439 3657
f 539 3973 2635
f 3279 3320 3222
f 2476 3559 3497
f 784 3661 3053
f 4216 3876 343
f 1970 1254 488
f 3851 663 3970
f 3970 3852 3851
f 4299 4300 731
f 731 1019 1018
f 2829 2933 2935
f 3724 2191 4301
f 3237 1193 2980
f 2506 2505 3299
f 2207 3228 2205
f 2498 3801 1336
f 797 2965 4107
f 2846 1386 1388
f 3650 2540 3242
f 1609 3000 2749
f 411 2574 409
f 4302 3458 3670
f 3491 4146 3489
f 3012 2206 4032
f 4303 2311 2310
f 2824 1944 2261
f 4304 2013 75
f 2277 1280 3766
f 1376 913 912
f 251 3809 4305
f 4306 3843 3872
f 4188 1379 1978
f 4251 1463 3726
f 3751 3750 4307
f 3727 704 2763
f 714 713 4011
f 1229 600 599
f 1597 2835 2870
f 283 282 3879
f 1277 747 749
f 267 266 2534
f 3298 576 2083
f 1756 2661 2660
f 1720 722 1329
f 3128 3296 2370
f 204 1833 1745
f 3915 2706 2705
f 4230 3443 3258
f 4212 4308 4309
f 4310 3709 427
f 3375 2809 691
f 2808 3786 693
f 2297 2296 3047
f 1302 1301 3748
f 3776 541 3871
f 3533 2062 1976
f 3502 575 559
f 3262 4311 2546
f 3399 4136 3585
f 4080 3080 3471
f 2001 1501 636
f 504 1501 502
f 1736 3921 3909
f 2319 16 18
f 4164 1058 3180
f 4036 4312 4270
f 2796 176 178
f 3396 4313 981
f 4314 284 1230
f 1302 4315 2654
f 3100 3640 348
f 61 2471 62
f 4214 3485 3484
f 2228 2355 922
f 3080 799 2324
f 799 798 2324
f 2607 2484 2483
f 1784 3072 1782
f 2948 2385 2384
f 4139 3643 1639
f 3396 981 980
f 1411 1124 1034
f 2698 2699 3811
f 2699 4008 3811
f 2887 628 2583
f 2583 627 4011
f 2324 2292 2322
f 4315 1302 4289
f 2853 1001 2854
f 2880 3611 3689
f 4070 3493 519
f 3731 4316 3893
f 2679 3989 2575
f 4215 3596 314
f 1291 2123 2125
f 2919 2731 2311
f 3609 4277 4278
f 1342 4131 4132
f 4228 905 254
f 2586 2585 1810
f 1292 1748 1293
f 3859 3933 1899
f 3969 3701 3970
f 3543 1674 676
f 1206 2701 2856
f 3456 3532 3974
f 2673 2051 2671
f 3224 2449 2671
f 367 3536 1469
f 1868 1174 4193
f 3448 3563 3824
f 3564 4187 1022
f 3351 1023 942
f 189 2994 4055
f 2438 3200 3199
f 4156 2449 1337
f 1066 1065 4118
f 819 1020 3263
f 2377 1426 1108
f 1425 2692 1681
f 3910 961 2940
f 1050 1671 1051
f 663 3851 290
f 663 4235 3969
f 2077 1768 3449
f 2153 2067 2154
f 3495 3452 3567
f 3796 4317 4247
f 1942 4318 2366
f 1798 782 781
f 1948 2947 1234
f 2947 1424 1234
f 803 1702 2396
f 661 137 4146
f 1360 2065 449
f 4319 4258 4320
f 4321 2197 3846
f 726 2197 2196
f 1834 2953 2179
f 4246 1545 2937
f 3930 3903 3034
f 3903 1474 3034
f 1474 2500 2502
f 3600 2500 1181
f 3055 3676 4192
f 3882 3934 1264
f 1329 1331 3955
f 3042 2898 1303
f 3418 3590 885
f 3015 1949 1234
f 2004 856 2564
f 3289 1511 2564
f 3179 1996 3510
f 1996 1995 3510
f 3231 2117 2630
f 4322 2265 3143
f 3947 1688 3722
f 1688 213 1687
f 271 2262 3377
f 3043 2295 4203
f 350 329 328
f 3114 436 435
f 3654 2412 2355
f 3416 4064 4323
f 1371 3850 3849
f 3574 3957 3575
f 695 3346 4067
f 125 2982 1504
f 2423 3324 3415
f 1020 819 1021
f 2590 950 949
f 1008 1010 1037
f 4209 3030 353
f 31 3395 4045
f 1073 1485 2183
f 1073 2398 4224
f 127 1429 2982
f 2739 3598 492
f 4149 1464 4065
f 714 1230 283
f 4251 4065 1464
f 1232 4314 1230
f 919 1790 2524
f 207 3679 3678
f 3824 837 3448
f 116 3780 117
f 539 2637 4324
f 3666 1920 1922
f 262 95 260
f 4325 4008 4020
f 4307 3750 2735
f 4285 1822 1821
f 2956 3690 4260
f 3861 2793 2792
f 4305 3890 251
f 2463 3396 980
f 1405 1407 2893
f 4326 4166 4165
f 1852 4133 4259
f 4016 4095 4017
f 2394 2576 4092
f 2575 2574 2679
f 3684 1432 3853
f 3820 2887 705
f 3498 4226 1267
f 110 112 455
f 4050 951 2409
f 440 1565 1650
f 1239 2357 1589
f 1589 3713 1239
f 1004 3849 2905
f 1780 1779 3860
f 1413 2566 1414
f 1993 1486 5
f 4327 2818 1797
f 568 1761 288
f 2891 4328 3109
f 1407 3362 3556
f 1206 2702 2701
f 3486 3717 3716
f 942 4187 4329
f 2770 4249 12
f 3482 4208 3481
f 876 632 2604
f 2140 3746 3517
f 952 4029 2622
f 2870 2869 956
f 265 334 2869
f 774 1507 2091
f 330 1130 3826
f 668 4082 669
f 4082 1768 669
f 2465 4053 2902
f 4053 2817 2902
f 2817 4053 2815
f 1395 3009 3923
f 1524 197 2998
f 1662 3878 4319
f 3877 159 158
f 3427 3580 3514
f 3975 2693 3976
f 1789 1242 1408
f 1081 1714 1242
f 2104 2103 743
f 3193 2104 743
f 3543 676 675
f 809 808 3190
f 1214 4175 3404
f 4051 3061 3699
f 177 3610 178
f 480 479 2251
f 1341 2121 1005
f 1005 2121 250
f 3770 3110 3191
f 2833 2680 2574
f 1727 3989 1725
f 2575 1727 4092
f 1013 1012 1282
f 666 3949 2679
f 36 472 34
f 1550 472 473
f 390 2805 391
f 391 2805 3240
f 1640 3186 1641
f 2743 3185 2744
f 2687 4122 352
f 1617 2800 1618
f 1478 4218 4220
f 2678 2602 464
f 3200 2606 3208
f 1413 3467 3692
f 3143 2000 4322
f 2000 2843 4322
f 2605 2443 2606
f 4027 2914 3593
f 1014 1013 2062
f 196 3627 3540
f 10 2919 2311
f 4330 3929 1209
f 1908 3475 3746
f 3475 3517 3746
f 880 1963 2067
f 4251 2263 2262
f 46 3724 697
f 2069 2093 2067
f 2961 1848 1847
f 2950 2134 1447
f 2455 3076 3643
f 3811 2110 2374
f 3600 3841 206
f 3841 3602 3679
f 3675 2718 4192
f 3212 4331 3850
f 1329 722 2719
f 3077 3763 3636
f 3149 2117 2119
f 1127 2117 3231
f 4332 168 3524
f 3739 56 3524
f 3738 168 167
f 4299 731 1018
f 2508 2544 3192
f 3677 3676 4331
f 1368 1367 4227
f 3140 3142 854
f 3863 2773 3377
f 565 2715 2241
f 565 564 2936
f 4309 3056 2895
f 2634 563 4333
f 4334 4073 2557
f 3207 3858 3455
f 3881 410 3522
f 410 409 3522
f 2622 3358 1381
f 4335 4087 4289
f 39 4336 3440
f 128 130 3699
f 4337 4338 4339
f 4007 3791 2408
f 4039 3799 1557
f 211 2626 3897
f 164 2010 339
f 2060 1584 1585
f 4235 3817 492
f 492 491 4295
f 1949 3015 1144
f 1949 3952 1948
f 3460 1305 1304
f 2234 1153 3590
f 1840 3615 1841
f 1708 19 1818
f 835 1735 786
f 1735 3909 786
f 3387 3830 4340
f 3387 2869 334
f 3975 2694 2693
f 1984 496 4240
f 2338 4048 142
f 2077 1440 1442
f 4309 4308 4287
f 3830 1429 4340
f 2793 787 810
f 2793 3826 834
f 3131 3130 1892
f 184 183 3863
f 3288 2454 2486
f 1757 3719 3718
f 1835 2913 2133
f 3156 2746 2745
f 1168 498 2819
f 3796 3712 4290
f 908 2070 906
f 2285 2683 2286
f 635 1053 636
f 1053 1457 1052
f 1167 3330 451
f 635 3255 1777
f 568 1593 1592
f 1149 748 1523
f 3895 3896 2839
f 1999 1998 3655
f 1465 754 753
f 754 3951 4161
f 287 3574 570
f 287 2705 285
f 3621 3654 3620
f 3621 2974 3765
f 2293 26 25
f 3531 4341 1369
f 3671 3672 3006
f 2263 4251 3726
f 1408 3986 1789
f 4342 2230 861
f 604 1217 145
f 145 1217 2320
f 4310 1600 3879
f 1218 1027 238
f 3782 2110 2109
f 1064 1066 2108
f 93 3342 3341
f 1243 687 686
f 3272 4171 1392
f 1186 1185 3759
f 3434 813 2844
f 86 1437 4022
f 3673 2489 1388
f 340 2511 338
f 3074 3832 1905
f 4343 4344 3050
f 1965 4170 2137
f 3823 4345 4206
f 3292 2488 3236
f 1374 3348 2488
f 4059 4346 3245
f 3340 629 2897
f 3356 2875 3844
f 1688 4347 2627
f 889 2620 453
f 3431 1086 486
f 4348 1224 2018
f 1883 2627 4347
f 1389 2998 197
f 2998 131 1524
f 4126 4286 1579
f 1447 3718 1448
f 1538 2135 869
f 65 4321 4349
f 4350 2023 1542
f 801 2396 2395
f 3715 3717 3284
f 3717 3984 3284
f 1269 2768 1270
f 2732 1282 2269
f 450 2066 1571
f 2195 3363 1498
f 284 4314 1040
f 2395 2687 352
f 2468 773 750
f 1784 1783 4033
f 2093 2154 2067
f 3975 3785 3184
f 2694 1681 2692
f 981 4313 321
f 1367 1969 2304
f 1475 2088 1466
f 1968 2304 1969
f 1221 3437 3568
f 3431 4348 2017
f 2088 594 1466
f 1472 2035 595
f 1472 594 2018
f 2788 3290 4351
f 2086 270 2219
f 1977 2840 2932
f 2112 4092 1727
f 3559 2476 2477
f 2016 642 2014
f 59 842 2677
f 842 841 2677
f 3359 3342 93
f 3341 864 93
f 3538 478 2427
f 2619 3702 870
f 757 2347 1100
f 2347 1568 1101
f 1456 1718 4352
f 3433 4093 2410
f 1304 1306 2415
f 1164 3151 1162
f 884 14 3369
f 2194 957 1428
f 3084 3368 928
f 612 3440 1481
f 4353 146 2924
f 3807 3806 2255
f 484 3792 2569
f 3792 523 2569
f 3767 3312 4208
f 157 156 3538
f 2585 2389 2388
f 2192 1 1060
f 3781 444 724
f 3793 2381 3272
f 1345 1347 1589
f 1590 3713 1589
f 2781 2780 4354
f 1731 4351 3290
f 469 2761 2760
f 1577 2623 1578
f 4355 1199 1198
f 4060 4337 4061
f 3428 389 391
f 3347 1905 1296
f 1747 4355 1198
f 4076 4010 713
f 1459 1815 1458
f 1733 1016 1015
f 2725 2103 1774
f 3033 2033 227
f 4074 4062 3293
f 470 469 178
f 1698 1676 1883
f 1676 1884 1883
f 3327 2804 3328
f 1933 1934 480
f 438 437 70
f 2597 3403 2608
f 351 2944 1989
f 370 2478 2479
f 1251 2528 1276
f 1276 2528 1274
f 150 1075 3911
f 2659 1673 3892
f 1363 3996 3875
f 4226 947 946
f 1429 3789 4340
f 4346 1791 3245
f 1913 2429 3938
f 2736 1514 2494
f 2494 1513 3938
f 1514 3804 862
f 4307 2737 1416
f 2737 4307 2735
f 864 91 93
f 864 3405 862
f 781 1248 1798
f 4356 2206 2791
f 2005 3515 1724
f 4290 4015 3586
f 3315 4142 3576
f 2617 2042 2962
f 896 1645 4109
f 1321 1323 2469
f 2957 563 388
f 4136 2634 1624
f 1271 2233 2232
f 3295 4072 1665
f 4241 417 4172
f 1685 3238 1686
f 2127 4144 1245
f 4357 2082 592
f 4050 2527 2912
f 2571 2527 2526
f 1199 3866 482
f 2817 4109 2268
f 3984 3182 2774
f 3825 2908 4071
f 3452 85 1116
f 3693 2930 4014
f 1266 385 3779
f 2812 2814 384
f 1540 3917 526
f 3662 1324 1176
f 2046 874 2047
f 2812 41 3794
f 3779 2814 1415
f 1415 2813 1416
f 3794 2813 2812
f 3646 3794 873
f 2047 41 40
f 2317 2520 2519
f 384 42 2812
f 386 3887 384
f 3058 2957 3056
f 3080 4080 799
f 1415 2674 3779
f 3757 2164 3758
f 3294 3293 4062
f 242 244 4358
f 2700 311 1694
f 4060 4074 3610
f 1232 1516 1040
f 1230 2159 1231
f 589 2619 2044
f 802 801 1159
f 1747 3916 2523
f 3916 2524 2523
f 3574 1320 3957
f 3214 3213 2909
f 2114 4359 3531
f 4359 2114 2116
f 2560 2116 2115
f 4360 3544 675
f 1918 1917 3511
f 616 1917 614
f 656 658 678
f 2542 679 2720
f 2240 2333 3569
f 2333 2240 2176
f 3481 1631 2825
f 2617 3383 2618
f 1641 4197 1639
f 4197 1854 1639
f 921 1396 2175
f 2321 4188 3038
f 2037 4028 2272
f 4273 4245 2769
f 1436 1438 944
f 4337 4339 1439
f 4361 81 4362
f 903 1711 1401
f 3612 2291 4337
f 3523 3958 3070
f 3833 608 2926
f 607 3315 2927
f 1049 1056 998
f 4019 290 289
f 793 1776 756
f 1776 613 756
f 1207 4072 3294
f 3408 2477 1141
f 51 992 991
f 135 4222 827
f 1696 2700 1694
f 3295 3294 4072
f 3825 2473 2472
f 4071 1206 1205
f 2290 3982 4061
f 2290 1205 3982
f 1281 1091 226
f 1091 1090 227
f 3875 3996 2658
f 374 1142 1011
f 2261 2985 3218
f 43 45 2468
f 3753 3890 3473
f 1203 1716 1204
f 1816 1973 1972
f 1886 1816 2820
f 2475 3151 2178
f 3274 3709 4363
f 4006 3584 420
f 1621 1189 1620
f 3859 4282 3933
f 3801 2498 1741
f 2785 2771 2782
f 1310 231 230
f 3373 3211 209
f 2128 4217 3029
f 3774 1856 3772
f 2780 1491 2595
f 4123 509 3873
f 3145 4209 353
f 457 1648 1647
f 650 1894 651
f 1268 945 3153
f 1404 3086 1402
f 792 2923 793
f 3312 3901 4208
f 3825 4071 2473
f 2289 3677 2472
f 2586 1810 1382
f 4024 3213 3747
f 389 3428 3319
f 4364 3776 759
f 191 193 1218
f 193 2240 1218
f 918 1070 1444
f 1069 2024 1444
f 1644 1643 3285
f 1643 320 3285
f 3673 2156 2155
f 286 1318 287
f 4115 2157 3459
f 2155 2157 4365
f 1398 3271 567
f 395 1398 1400
f 4319 1663 1662
f 2471 1602 3971
f 678 679 1991
f 2577 4366 2578
f 2595 4257 2780
f 4088 3395 33
f 4209 2129 2128
f 2130 3275 1855
f 3873 24 3145
f 24 3873 1105
f 2380 2379 2734
f 115 1201 275
f 1564 3881 3522
f 946 1267 4226
f 1422 1421 2662
f 3078 2665 3079
f 513 2420 3138
f 2420 513 3505
f 3504 4191 4367
f 4274 4115 4302
f 4189 3254 3710
f 3071 3725 847
f 1192 3962 3886
f 3962 2295 3886
f 604 2008 3921
f 3181 3540 3627
f 1282 2223 1283
f 3909 3921 2008
f 1275 963 3265
f 962 4368 4369
f 3322 1262 1050
f 2522 878 880
f 2362 298 1809
f 297 3806 1382
f 3954 4016 3712
f 3777 30 29
f 4176 782 1798
f 4356 2791 781
f 3109 1654 3108
f 3961 1361 1362
f 1922 2300 3666
f 4370 3530 1921
f 2926 1859 554
f 1920 313 1921
f 4340 4215 955
f 290 4019 662
f 3617 1987 1986
f 2202 2201 3406
f 4371 785 784
f 631 3530 4370
f 2553 2109 3821
f 3821 2977 2976
f 2383 2335 3174
f 1346 2383 3174
f 1727 3060 2113
f 3060 3059 2113
f 1820 2478 3160
f 2478 369 3160
f 969 279 968
f 277 279 3985
f 3552 448 447
f 3651 2598 2609
f 2612 4190 2142
f 3586 4317 3796
f 2224 561 4193
f 3594 1172 392
f 1997 1071 1154
f 4224 1071 1073
f 1299 2186 1300
f 1299 969 1932
f 2616 1824 2090
f 2091 1507 2090
f 2958 2667 2299
f 264 263 2299
f 3250 4372 3987
f 2940 1274 3951
f 2006 1701 2545
f 2545 1701 2941
f 1802 4333 1800
f 4373 293 292
f 3548 3983 3516
f 2126 522 1443
f 2850 3400 3585
f 2851 606 3833
f 606 2851 386
f 2027 4127 482
f 4127 1926 482
f 1926 4127 584
f 3402 4162 2663
f 1500 36 2434
f 1289 3492 1667
f 2686 1627 2672
f 3665 1872 2580
f 4000 1508 1509
f 4332 3070 3069
f 2842 1630 1629
f 3725 3977 847
f 4313 3398 3999
f 3524 168 3739
f 3915 3119 3819
f 4132 1343 1342
f 3434 1590 1347
f 3202 161 3846
f 1519 3430 3127
f 3385 3570 2916
f 2856 2557 4073
f 462 1427 1311
f 4138 1544 3011
f 2856 3424 2111
f 2147 3427 2145
f 3427 3514 2145
f 4034 3733 4198
f 3311 2281 3901
f 3995 112 1441
f 2702 4071 2908
f 121 605 2009
f 605 604 2009
f 4374 406 767
f 1096 432 768
f 594 2088 2017
f 2944 2790 2789
f 1806 1880 1879
f 1880 1806 2383
f 2037 1807 103
f 4213 1879 98
f 1991 1992 3980
f 1353 2578 4366
f 1879 4213 1806
f 2931 1992 2872
f 1808 2037 2272
f 2336 1808 2272
f 92 2239 2522
f 2239 92 91
f 2333 1823 3569
f 1074 60 3068
f 871 1709 4135
f 2692 1425 1424
f 1791 4346 2523
f 4346 4059 2523
f 1513 938 3939
f 3637 2667 2959
f 3588 1616 2984
f 2596 2984 1616
f 4375 3885 2955
f 2620 4376 2621
f 1269 433 4063
f 433 1269 1067
f 434 1067 556
f 434 1582 432
f 2499 3876 2497
f 767 406 1127
f 3239 3240 2804
f 391 3240 2353
f 715 1600 1601
f 2742 2741 3859
f 921 2174 919
f 2174 1791 919
f 4370 3039 2897
f 1578 235 3573
f 2824 1520 1942
f 1520 1519 1942
f 3129 1085 3582
f 2337 4141 3174
f 2796 4377 176
f 4377 2796 2690
f 113 1215 2943
f 1339 2767 2356
f 4020 3592 4325
f 3592 3591 4325
f 1681 2694 1679
f 2694 3975 1679
f 1183 38 37
f 2138 3855 3438
f 1551 530 529
f 2161 2160 2578
f 4216 2085 2278
f 3869 2611 2818
f 2857 4055 2994
f 1007 4105 3828
f 4378 4278 3357
f 4289 4358 3884
f 3885 3959 3798
f 2762 2795 1770
f 959 4066 3868
f 2244 2243 4118
f 227 226 1091
f 4379 789 1244
f 3854 121 1359
f 2081 341 2999
f 455 3928 1950
f 1430 126 3939
f 3505 346 2420
f 4044 1357 1356
f 4044 4104 1923
f 1373 3348 1374
f 3236 3348 3237
f 2685 2684 3733
f 4316 4262 3894
f 2149 1628 3681
f 2559 4198 2560
f 2068 3517 2069
f 828 3926 826
f 4041 1453 1535
f 1535 3961 4041
f 3318 2741 1228
f 2773 3378 3377
f 3025 3771 3684
f 3684 3407 3025
f 4380 4111 3810
f 303 502 304
f 2210 544 546
f 3774 3773 3977
f 3831 1766 4326
f 4248 1765 3744
f 2249 3177 2859
f 3177 988 2859
f 376 3865 632
f 3947 4285 1698
f 2279 2771 2785
f 1886 2821 210
f 3192 731 4300
f 506 996 3722
f 465 4110 4242
f 4110 2602 4242
f 4217 4381 3029
f 2141 623 2894
f 1326 2892 1324
f 2892 1177 1324
f 1177 2892 2891
f 3601 4363 4310
f 3021 3165 2228
f 1432 1434 3853
f 3609 3608 2723
f 1215 115 274
f 114 3698 1201
f 2348 3875 2657
f 1520 2075 1521
f 770 769 3931
f 353 3874 3145
f 2817 3541 2902
f 3485 3383 2962
f 3641 4026 2988
f 4026 4025 2988
f 3960 586 100
f 586 101 100
f 101 3840 1744
f 909 3578 3845
f 3159 3161 1821
f 1822 2479 1820
f 2516 1394 1666
f 1319 2349 1320
f 1369 3849 1004
f 3849 1369 1371
f 2410 4093 537
f 4093 3441 537
f 4382 646 645
f 304 4383 302
f 3157 1961 1960
f 3426 4384 3132
f 4221 2314 2901
f 2314 4221 3017
f 3808 4305 3809
f 1886 210 1887
f 4024 3747 3183
f 1371 3747 3212
f 1139 2235 1140
f 3024 2235 3460
f 2669 2668 3966
f 1862 4303 2310
f 3133 4131 3528
f 3066 3899 1261
f 4324 3521 4306
f 4306 539 4324
f 2386 2719 2001
f 3737 719 4130
f 1473 908 907
f 4164 1771 3660
f 4327 1797 1796
f 1650 4077 3748
f 1341 1340 2397
f 1340 1007 2397
f 4320 645 2756
f 4243 644 3976
f 3423 172 171
f 4310 3879 4114
f 1646 3762 1043
f 4005 3657 1468
f 3768 2160 1591
f 2830 2387 2611
f 2588 3870 1901
f 2546 818 3262
f 3061 4051 3062
f 4052 130 3840
f 2623 1577 1611
f 1577 1576 1611
f 2759 2761 3660
f 4165 3831 4326
f 36 1500 473
f 2436 1500 2434
f 3605 4385 1527
f 4271 2014 642
f 51 3992 49
f 3992 1846 49
f 708 707 2743
f 4386 4232 2956
f 298 2362 296
f 298 1382 1810
f 4288 3662 3917
f 4354 2541 775
f 22 3668 357
f 3668 22 24
f 508 507 4104
f 4376 889 888
f 3953 3137 1216
f 345 3137 2420
f 1513 2494 1514
f 2494 2493 2736
f 1913 2430 2429
f 2430 2481 2428
f 3738 1916 4158
f 126 1913 3938
f 878 2239 3837
f 2822 3292 2823
f 2674 1417 2428
f 2481 2674 2428
f 3786 4004 2014
f 2014 4271 3786
f 642 2016 643
f 642 641 4271
f 4373 3941 2749
f 1525 1527 4385
f 2505 4387 4388
f 4045 1203 31
f 2843 1157 4322
f 4389 2966 2266
f 2325 1994 2326
f 256 2453 4023
f 1579 3403 1911
f 3403 2597 1911
f 70 2504 3317
f 2504 70 437
f 1525 3535 3740
f 3656 2408 3791
f 3263 1020 3613
f 3976 644 4239
f 3218 2971 3807
f 2971 1382 3807
f 809 1314 1313
f 3370 1315 4390
f 141 95 94
f 95 141 260
f 2779 2651 2122
f 2651 2779 3911
f 159 3878 912
f 1376 2339 913
f 4321 3868 4066
f 4025 958 3932
f 1050 2367 1858
f 2367 964 1858
f 4225 1121 3650
f 3650 4224 4225
f 2778 2296 2006
f 2778 2509 3635
f 3560 2312 3366
f 3708 4020 3689
f 739 4167 737
f 322 4173 323
f 3396 2463 3805
f 2029 2462 3426
f 3396 3398 4313
f 3999 3998 3661
f 1805 625 624
f 2023 2918 1542
f 578 2365 3545
f 3107 2987 4171
f 418 1364 2348
f 1364 1363 2348
f 3048 4268 1693
f 974 3120 3261
f 417 4241 415
f 416 973 2212
f 1183 4391 2138
f 1456 3379 1454
f 597 1459 598
f 4266 321 4313
f 2447 3550 2554
f 4252 865 3232
f 2360 38 3438
f 311 2700 550
f 2539 1063 232
f 1063 1687 212
f 3559 3498 3497
f 3786 4252 3232
f 3634 2421 4293
f 2423 4279 2421
f 3500 1620 3332
f 3500 2573 3192
f 1660 122 766
f 122 764 766
f 3771 3880 1433
f 3361 945 947
f 4134 1421 2552
f 3436 3435 1086
f 1571 696 698
f 696 1571 2066
f 795 794 1583
f 982 984 2167
f 4219 4218 1569
f 3063 585 586
f 618 2933 619
f 4314 1232 1040
f 2469 3006 1321
f 4369 3672 3265
f 3945 1856 3774
f 3518 3813 3772
f 2484 2607 3561
f 2483 2605 2607
f 2485 3027 1935
f 3027 2859 1935
f 2037 4245 4028
f 2769 794 4273
f 2999 2082 2081
f 2083 576 2213
f 2234 1139 2301
f 2301 1153 2234
f 690 692 4005
f 1668 2696 1669
f 780 3003 3639
f 3003 780 782
f 2600 117 4130
f 4250 4392 2458
f 4393 4336 4394
f 3015 3014 2776
f 113 2885 114
f 2885 2884 114
f 2160 2401 2577
f 3768 94 96
f 1782 3117 3116
f 1158 3165 3116
f 3045 825 3836
f 4030 755 929
f 2093 2094 2154
f 2405 3836 3301
f 3201 1831 1555
f 4395 2758 2757
f 426 529 424
f 510 4275 1551
f 1077 2313 1078
f 2901 2313 1875
f 627 1738 4011
f 627 2583 628
f 1882 1884 3529
f 1621 1190 1189
f 4011 2159 714
f 2159 1230 714
f 1043 1045 1605
f 1043 1605 1452
f 1892 1891 643
f 1608 2056 1609
f 701 72 71
f 3494 1951 1437
f 53 52 2487
f 52 3373 209
f 1290 2102 1550
f 2102 1290 1669
f 2294 3054 2293
f 119 1167 1932
f 1652 4343 1653
f 849 848 3711
f 130 4052 4051
f 4387 1748 4388
f 1383 1385 3955
f 3955 1385 3246
f 1863 1862 2310
f 2310 4135 1709
f 3351 4339 176
f 525 1541 526
f 129 2254 130
f 2877 3729 2878
f 489 1851 1850
f 1651 1852 1851
f 3943 1958 3990
f 2865 2655 592
f 2255 2257 463
f 514 3581 515
f 4011 4010 2581
f 4010 4076 2581
f 1029 4245 4273
f 4245 1029 4028
f 3539 2273 4028
f 2273 2272 4028
f 2208 941 940
f 3749 3802 3893
f 2455 3643 4139
f 257 2447 4009
f 4284 2816 3304
f 3688 3761 1565
f 4221 2901 3270
f 1342 3899 4131
f 2586 4169 1974
f 4022 1437 1436
f 2666 3637 2532
f 3077 3636 3078
f 2680 3900 666
f 2680 2679 2574
f 3377 2262 2264
f 3083 4145 3081
f 1476 1223 1222
f 3270 1112 4221
f 573 2181 574
f 2180 1882 3529
f 4234 4396 2843
f 2927 608 607
f 2957 387 3056
f 1587 3044 3250
f 3279 3278 3320
f 3320 3278 689
f 3629 3631 3106
f 3858 3859 2741
f 3901 710 4208
f 3901 3312 3311
f 6 5 1486
f 3732 4198 3733
f 3053 1560 2369
f 2628 1559 650
f 3661 2036 3053
f 3644 3998 3374
f 1631 2242 712
f 711 1334 1682
f 1830 4384 2720
f 4384 3426 2720
f 2157 4116 4365
f 1552 1554 3795
f 1153 2301 1151
f 4397 4166 4326
f 2200 3597 937
f 3596 4215 4001
f 3720 3583 2127
f 2007 3515 310
f 887 3589 3745
f 3589 3588 3745
f 2004 857 856
f 3696 4023 858
f 513 515 4137
f 3780 3337 4130
f 1593 3851 1594
f 3641 4159 2837
f 1129 2847 2918
f 507 3997 3828
f 188 3136 189
f 4227 706 1368
f 3850 4331 3676
f 3736 1064 3734
f 974 4125 4398
f 4356 2207 2206
f 3053 4371 784
f 1141 3520 1940
f 2636 2635 3307
f 4364 3973 539
f 950 673 948
f 2589 1295 950
f 3872 540 4306
f 3497 3843 2476
f 3163 2714 2418
f 2714 3163 329
f 3778 3777 4103
f 916 2104 917
f 671 4240 672
f 671 260 141
f 4128 1928 1839
f 417 2212 1099
f 253 3809 251
f 349 348 3640
f 3724 2187 3707
f 3707 2186 1572
f 2848 2055 3226
f 2058 2848 3226
f 3163 3162 522
f 3162 523 522
f 3220 2712 2711
f 996 2712 2169
f 2787 2346 3526
f 648 647 2346
f 2973 2972 246
f 2972 3620 3526
f 2346 2787 648
f 2787 3143 2786
f 3061 649 648
f 649 1873 647
f 2105 247 2543
f 247 2346 647
f 2511 340 2510
f 2722 1762 1761
f 763 762 3659
f 3040 1812 1813
f 2904 2567 1002
f 2567 2904 2717
f 1977 4256 2840
f 3889 1037 4391
f 1153 3864 886
f 3864 630 886
f 4338 3610 4339
f 3092 1411 1219
f 523 3866 2881
f 3866 1199 2881
f 3783 1753 3486
f 4024 1752 1751
f 3417 2376 2375
f 1146 683 1147
f 2497 1741 2498
f 1944 2824 1942
f 2994 3448 2858
f 179 2797 180
f 3632 528 1441
f 2086 2085 270
f 4341 4359 4399
f 3632 1441 1440
f 457 1647 180
f 2646 4400 1794
f 2472 3677 4331
f 3927 2797 2799
f 2773 183 3284
f 3629 1255 182
f 1079 3146 3152
f 3146 2340 3152
f 1480 655 348
f 655 3100 348
f 2374 3782 2375
f 2110 3734 2108
f 2916 2917 1985
f 1000 2886 2917
f 3980 1403 99
f 1403 1402 99
f 98 97 4213
f 97 103 4213
f 4138 2579 1544
f 2603 3766 851
f 1792 2531 2530
f 2345 2889 4090
f 1378 400 720
f 400 817 720
f 3764 4232 3204
f 3204 3203 3764
f 4349 66 65
f 4159 3099 2838
f 2433 4304 90
f 2334 4342 861
f 3906 549 548
f 1362 3311 3961
f 3157 2746 3156
f 3481 2745 215
f 1747 1198 1285
f 518 2732 2269
f 3168 3625 3169
f 2930 3693 3625
f 3729 3595 4401
f 2615 2995 3626
f 1200 1706 82
f 3664 1360 1359
f 2766 3981 98
f 3981 3980 98
f 2614 752 1332
f 752 2614 378
f 750 3004 2468
f 3004 2469 2468
f 804 3050 1728
f 3632 424 529
f 49 2407 2363
f 2407 3656 2363
f 377 3950 378
f 2858 2799 2798
f 3263 818 819
f 2898 441 1303
f 3318 3305 518
f 3305 3549 518
f 545 544 4154
f 544 2210 4154
f 3773 3772 3813
f 3772 3275 3518
f 4209 23 2129
f 23 22 3518
f 3275 2130 2129
f 2130 4217 2128
f 279 1114 3985
f 3654 2227 2229
f 76 3127 3430
f 2340 1941 4233
f 383 382 4012
f 39 4394 4336
f 540 539 4306
f 3872 3205 3204
f 3931 3206 3173
f 3752 3477 3381
f 3858 517 3455
f 3306 1309 3862
f 4330 1209 1208
f 1210 309 1208
f 2616 1825 1824
f 421 1826 1825
f 2378 3499 2033
f 2997 3144 2772
f 1175 4402 1006
f 249 248 3125
f 3264 3425 3262
f 771 2989 3096
f 285 2706 3329
f 2706 2640 3329
f 251 3890 3889
f 3891 3753 1008
f 2170 611 503
f 806 3810 3912
f 3084 3085 3368
f 3085 3369 3368
f 3775 3244 2175
f 3244 1791 2175
f 4092 2112 2394
f 4403 1126 276
f 2934 2933 618
f 2248 3238 1685
f 3236 2980 2823
f 2981 1192 3886
f 1183 252 4391
f 2841 2840 4256
f 3397 2808 2809
f 2809 3398 3397
f 2653 4404 2651
f 4404 2122 2651
f 1734 500 695
f 667 500 499
f 1579 2217 1580
f 2217 2216 1580
f 2725 1774 1773
f 1774 2024 1772
f 3387 954 956
f 2450 2452 1664
f 2442 2441 9
f 2441 2573 9
f 3807 4003 3218
f 3052 2167 686
f 445 2185 4301
f 2211 2625 3986
f 1603 2584 1604
f 2041 3302 3836
f 1604 2584 991
f 4247 2038 3796
f 1161 4244 832
f 4390 3987 3370
f 1829 3957 2349
f 1370 4399 3183
f 309 4086 1208
f 3528 4131 3899
f 573 3897 2180
f 2626 211 213
f 1125 2401 96
f 96 2401 3768
f 529 426 1551
f 3458 3457 3670
f 1090 3014 1107
f 3014 1234 1107
f 1446 1848 1447
f 1447 1848 2950
f 363 4017 364
f 4017 363 4015
f 587 2977 4013
f 2977 4014 4013
f 458 2252 1032
f 2252 2547 1032
f 1332 2612 2614
f 4185 2650 2649
f 4056 4163 3566
f 87 4021 970
f 2191 3724 48
f 46 697 2828
f 4219 3235 4031
f 3235 4219 1569
f 1414 3260 490
f 2889 2888 4081
f 3594 1170 4143
f 1170 3594 3124
f 1818 4102 4103
f 2825 4405 2040
f 2786 4046 3699
f 4336 2921 3440
f 2696 2695 1669
f 2391 322 1903
f 4183 1530 4182
f 2592 2591 3044
f 964 555 1858
f 555 1859 1858
f 577 3946 2365
f 3946 2363 2365
f 3075 733 1970
f 3075 708 381
f 4206 3267 3823
f 3171 3842 3267
f 4325 4345 3914
f 4206 3591 3172
f 1656 1690 3169
f 1690 1689 3170
f 467 466 3166
f 3167 3823 3267
f 468 4241 466
f 467 3267 3842
f 1759 1760 3391
f 468 3842 3154
f 3783 3716 1297
f 3155 415 4241
f 466 4172 1730
f 4172 466 4241
f 1586 2981 3886
f 2981 1586 2823
f 1713 108 2214
f 446 1729 447
f 3465 2724 4210
f 2724 3465 289
f 804 402 1294
f 402 401 1294
f 2404 2403 1147
f 526 2198 524
f 4406 2740 4295
f 2456 4139 4140
f 3829 333 1505
f 4195 1744 3577
f 3577 3845 3578
f 3845 910 909
f 3837 1955 1954
f 1536 684 1570
f 3742 3316 3412
f 3316 3742 3315
f 1173 2225 2224
f 559 2461 3502
f 4386 758 760
f 3862 3307 3306
f 3975 3184 1679
f 4239 3785 3976
f 3900 1454 666
f 3067 3066 1261
f 1455 3900 2414
f 1455 2415 1456
f 4235 4124 3969
f 4124 2551 3969
f 3551 2448 2550
f 1852 3089 1850
f 1277 4279 3415
f 1635 1894 1558
f 1894 1635 1634
f 4075 1645 3728
f 4075 3940 319
f 3095 843 58
f 843 3095 1640
f 3312 4280 3310
f 3299 4280 3198
f 794 3007 4273
f 3112 3111 3949
f 1356 1358 509
f 2495 1358 2241
f 2686 2672 4407
f 2686 4261 2684
f 3664 1359 3665
f 3664 2580 3103
f 3375 3374 2809
f 3374 3998 2809
f 2695 4353 2924
f 1669 2695 2102
f 1660 4408 2161
f 847 3254 3071
f 3802 3380 2669
f 1739 2537 3802
f 1640 3148 3186
f 4297 2744 3186
f 448 1860 446
f 3496 1767 709
f 970 4329 188
f 4329 970 942
f 2551 2550 2448
f 3417 2550 4064
f 2895 3056 2896
f 2399 2398 1073
f 3869 4327 3688
f 4327 1796 3688
f 352 3874 353
f 3874 352 4122
f 4025 3932 769
f 3932 3931 769
f 2325 1993 1994
f 4 6 1897
f 4409 4410 4214
f 2270 1229 2794
f 3318 1228 1227
f 4411 3858 2741
f 985 2675 2455
f 4009 3554 257
f 1271 3453 2316
f 3453 2928 2316
f 2640 3819 596
f 225 224 2515
f 2151 716 718
f 2756 645 4243
f 4243 3619 2756
f 1693 1703 171
f 1428 957 231
f 3552 4256 2064
f 1976 2062 2064
f 2062 4180 2063
f 448 3552 2064
f 2431 474 838
f 837 3824 2432
f 3110 2832 3191
f 3110 3770 1304
f 3941 3614 3261
f 3614 3941 292
f 214 1193 2506
f 2507 3237 3349
f 4202 4108 4007
f 4405 202 2040
f 29 3956 4108
f 3942 3988 3755
f 3105 3715 3629
f 1374 3190 1372
f 3907 4412 3908
f 3969 259 3701
f 259 3969 2551
f 2061 851 850
f 2911 280 1087
f 3364 2097 3365
f 2097 2096 3365
f 1623 3887 2851
f 3887 386 2851
f 3967 2253 2254
f 3259 637 2999
f 1436 943 4021
f 943 942 4021
f 4182 3273 3815
f 2189 2188 3815
f 2691 3623 4088
f 3623 3622 4088
f 1028 2288 75
f 2288 1028 1844
f 1546 3698 1607
f 359 1607 3698
f 2089 2968 2973
f 2968 2974 2973
f 2153 2152 2522
f 1393 3270 1394
f 537 2406 538
f 1878 3045 2405
f 630 3360 2854
f 3360 3359 2854
f 1700 3584 4006
f 259 2551 257
f 1640 3642 843
f 3642 841 843
f 3782 2374 2110
f 2374 2698 3811
f 3115 3114 1549
f 436 1216 274
f 905 4228 4413
f 4228 3988 4413
f 3843 4306 3521
f 3520 1141 2476
f 3822 4014 2977
f 4414 4415 1260
f 4410 3485 4214
f 229 319 3940
f 2485 2251 335
f 3951 3910 2940
f 3853 3631 947
f 947 3630 3361
f 289 1762 2724
f 1762 2722 2724
f 1914 1322 4368
f 115 1215 113
f 74 2710 527
f 2710 74 2312
f 2312 3560 2710
f 2049 2048 4407
f 3812 477 1653
f 477 3812 1294
f 800 4308 1803
f 4397 3152 4283
f 307 3176 3708
f 3176 4020 3708
f 140 4048 4049
f 4048 140 142
f 1898 2372 2520
f 18 1625 2742
f 4111 3077 3079
f 978 3020 1913
f 3104 3064 4276
f 724 443 542
f 2003 1723 3694
f 1723 2003 1724
f 1722 1109 4413
f 170 3539 1029
f 4210 2723 3608
f 2643 3043 4203
f 2890 1010 2382
f 2382 1009 622
f 4035 621 2457
f 2361 2708 2457
f 949 1009 1008
f 1009 949 622
f 2382 1502 2890
f 2032 3573 228
f 2044 3554 4009
f 1108 1426 1425
f 1338 2868 2767
f 2356 1238 1339
f 1338 1337 1889
f 893 1142 1490
f 2767 3016 2766
f 2767 1339 1338
f 573 3618 3897
f 2109 2108 1066
f 2514 956 955
f 2721 3037 219
f 1855 152 154
f 1509 152 3945
f 2390 785 3300
f 2390 1691 2391
f 1151 2300 1922
f 4324 2637 3666
f 1537 684 1536
f 1478 1477 1536
f 4000 3978 3725
f 958 883 2373
f 2861 3495 1138
f 2861 1137 2860
f 480 2251 1933
f 2485 1764 2251
f 3984 2774 3284
f 2774 2773 3284
f 487 3175 707
f 3175 3373 707
f 3594 392 394
f 1712 2419 1083
f 1598 2351 740
f 192 191 248
f 507 3828 4104
f 4104 4105 4402
f 3721 3314 1822
f 4120 3765 2974
f 3344 378 3950
f 2873 4121 1938
f 3847 3422 3421
f 2883 4416 3411
f 2505 4388 4280
f 4041 4280 4042
f 3306 3308 759
f 937 3597 3596
f 3222 3223 3279
f 3279 3223 3658
f 4196 2754 2991
f 4287 4079 3057
f 1893 2991 2990
f 2991 1893 4196
f 3335 643 1891
f 1871 4055 2857
f 3144 3503 2078
f 2782 181 2783
f 2754 4196 2922
f 3571 2753 2752
f 2221 3461 4417
f 2219 1460 2220
f 2078 2080 2764
f 4292 342 2213
f 4264 3057 4079
f 2764 4056 2078
f 1461 4292 1247
f 2797 3928 180
f 2789 1990 2944
f 2789 2791 2206
f 1634 3194 2882
f 3194 1634 1636
f 2256 3444 2257
f 2256 2255 3257
f 3534 3791 3535
f 3355 2722 3121
f 299 301 664
f 299 4352 2410
f 3998 3644 3661
f 3376 3644 3374
f 4416 2342 3411
f 4132 2734 2379
f 113 4155 2885
f 3813 3506 3856
f 4418 4238 902
f 4274 2328 3795
f 2315 3354 551
f 3354 552 551
f 1959 4317 4203
f 4317 3586 4203
f 719 1182 4130
f 1182 2600 4130
f 1529 3273 1530
f 3273 4182 1530
f 218 4204 4419
f 706 705 3690
f 2538 1463 1462
f 1464 2668 1462
f 335 2251 479
f 1636 2035 3113
f 2817 3487 3541
f 3487 1390 3541
f 1143 2028 3102
f 2028 375 3101
f 1952 2444 1435
f 2716 3090 1435
f 920 919 579
f 581 920 579
f 408 1465 84
f 1523 748 3778
f 3918 3134 4091
f 1987 3616 542
f 4185 157 3538
f 2115 2460 3681
f 3817 490 492
f 4148 2560 3732
f 1900 1902 2958
f 1811 1810 2585
f 3486 1752 3984
f 1752 4024 3984
f 3483 1204 1716
f 602 1566 2107
f 2002 2683 2001
f 157 4185 2308
f 3094 4297 3148
f 3681 2559 2115
f 887 889 453
f 3758 1420 1419
f 3181 3180 1057
f 3394 4398 4125
f 1773 2747 2725
f 2747 2726 2725
f 1266 1187 3413
f 1187 3414 3413
f 617 1163 618
f 395 2751 396
f 3161 4288 3122
f 3161 3159 3158
f 2216 3814 3401
f 1906 3347 409
f 3222 3319 1089
f 1795 3442 2353
f 4375 2955 2954
f 1715 1717 3797
f 60 1075 2659
f 505 1328 997
f 2402 4276 1931
f 847 2343 848
f 2359 4362 81
f 1399 1398 3649
f 1557 1479 4039
f 1557 4154 1556
f 3555 3254 4189
f 849 3710 3254
f 2451 2203 4248
f 3493 3363 3362
f 4152 2975 3488
f 4368 961 3000
f 2454 4023 2453
f 53 2487 2454
f 630 1152 631
f 1152 1151 631
f 4401 3801 1740
f 4401 3595 2026
f 2889 4081 4090
f 2888 2781 4354
f 4138 3011 3788
f 4159 2838 2837
f 3461 2221 2220
f 1592 4418 3649
f 1531 200 123
f 237 200 1353
f 2929 4047 1538
f 1758 2135 2995
f 2661 2616 2090
f 2661 1756 1758
f 4420 3558 2533
f 3558 1329 3246
f 380 3865 376
f 3865 380 2341
f 3246 2533 3558
f 2534 2666 2532
f 2533 3246 1431
f 2533 2532 4420
f 875 3937 873
f 3188 1953 3937
f 800 799 4080
f 4080 4287 800
f 74 4304 75
f 3646 4307 1416
f 3937 875 3188
f 875 2046 3471
f 3248 3249 738
f 975 2212 973
f 3581 514 3138
f 514 513 3138
f 2819 703 2257
f 703 463 2257
f 3909 2008 3907
f 2008 145 3907
f 2970 3703 3553
f 2841 3553 3703
f 2360 39 38
f 39 3440 37
f 69 102 4195
f 102 1744 4195
f 1409 2670 1713
f 2670 1714 1713
f 272 271 2275
f 3459 3458 4115
f 2386 2683 2285
f 1526 1525 2259
f 2830 2611 2898
f 2305 899 4207
f 435 275 2492
f 4369 4368 1322
f 1726 1725 1344
f 4101 3574 287
f 1108 1110 2377
f 3983 1110 1722
f 3728 3659 4075
f 3659 3728 763
f 3040 1813 2426
f 2426 221 3040
f 87 86 4022
f 1135 1327 999
f 1135 998 1684
f 1684 2416 1135
f 1113 524 2198
f 2894 4177 2183
f 1841 3615 3546
f 4356 780 4201
f 338 2566 165
f 3692 3002 166
f 1117 971 1632
f 3591 4206 4345
f 3076 2455 2675
f 1478 1570 4218
f 1389 2903 3541
f 2903 2902 3541
f 866 865 2922
f 2453 256 2945
f 3082 3409 3083
f 1195 4043 4044
f 549 1188 2565
f 1188 1265 2565
f 787 786 2728
f 464 2602 4110
f 4083 431 403
f 403 3449 4083
f 431 4083 668
f 431 430 401
f 896 2816 4284
f 77 3304 2594
f 4284 897 896
f 897 4284 76
f 730 1814 3603
f 3993 1339 1238
f 2357 1239 1238
f 2357 1881 1345
f 2954 1717 1203
f 4390 2822 1588
f 2733 1677 1697
f 1678 1884 1676
f 4398 3120 974
f 413 412 2144
f 737 3012 4032
f 3012 737 4167
f 3555 3847 3251
f 1610 2459 3848
f 2055 2848 1129
f 3252 4332 3069
f 3251 3069 3555
f 3251 3848 2459
f 55 57 3523
f 57 3266 1509
f 2653 1823 2333
f 2653 1074 1823
f 1476 3657 3439
f 1468 690 4005
f 3698 2884 359
f 1958 3943 4096
f 2505 4280 3299
f 3721 4285 3947
f 3827 2920 1561
f 957 2076 2920
f 324 326 1574
f 1481 2921 326
f 4184 4181 4180
f 3005 3671 3006
f 4097 2538 4098
f 2538 4097 1463
f 1137 1136 1832
f 1136 1892 1832
f 2377 3499 2378
f 2031 3499 3548
f 3895 2839 4205
f 2932 3896 2124
f 2548 2348 2657
f 1189 1191 3895
f 3140 3338 104
f 4140 904 2456
f 3953 436 3115
f 3115 3581 3953
f 2613 2142 2053
f 2142 2613 2612
f 1990 4167 1988
f 1740 1742 2424
f 4152 2078 4056
f 1685 1055 2248
f 1148 749 1149
f 749 1148 1278
f 3532 3456 1014
f 3974 458 3207
f 2080 1235 2764
f 934 1907 2184
f 998 1685 1684
f 1056 1685 998
f 2933 2828 619
f 3709 4310 4363
f 1164 3150 3151
f 3150 1164 3381
f 2107 1527 603
f 4385 3536 3535
f 2979 2782 2771
f 2978 2771 2772
f 3964 4067 3350
f 1246 1461 1247
f 603 2422 601
f 653 4018 654
f 4311 1595 3306
f 3973 3308 3307
f 3099 4381 2838
f 722 1720 1719
f 4312 659 3313
f 1804 1803 2729
f 4153 2913 2915
f 4201 3639 3609
f 4293 2536 1659
f 1659 3634 4293
f 4365 1930 2155
f 1930 3713 2155
f 3713 2490 2155
f 1590 3434 2489
f 3846 2639 3202
f 2639 3846 2197
f 1956 1638 1957
f 3990 1957 3759
f 2985 1974 4169
f 854 2591 2593
f 1478 1536 1570
f 1309 2514 3862
f 904 4140 254
f 4140 1854 255
f 2573 3332 9
f 1055 1685 1056
f 2138 1039 3855
f 1058 1057 3180
f 1578 3573 1316
f 3573 2032 1316
f 3313 4270 4312
f 3855 4037 4036
f 1811 2585 2388
f 3212 3747 3213
f 2588 1901 4419
f 1901 1900 4419
f 4334 2557 2516
f 990 989 1763
f 3455 3974 3207
f 3974 3455 3456
f 4160 4403 276
f 3424 2856 2701
f 1001 2853 884
f 3292 2822 4390
f 4303 1862 3527
f 1862 1864 3527
f 3697 675 1457
f 3031 904 905
f 1732 2266 2966
f 1733 1015 1731
f 2266 1732 3967
f 3241 2540 2320
f 2876 1731 1015
f 2876 2875 397
f 1115 2975 4152
f 2975 1115 1632
f 1292 1123 1122
f 478 3538 156
f 4047 2995 2135
f 869 868 1538
f 3553 3552 447
f 1419 601 3757
f 1409 3189 742
f 3189 3759 742
f 2524 2098 919
f 3515 2005 310
f 561 2226 559
f 691 2808 693
f 1393 1392 4171
f 1637 646 1186
f 964 1264 553
f 3934 3399 553
f 4275 1946 1551
f 2276 4399 4359
f 3940 4075 3659
f 3658 3940 3659
f 1324 3662 4288
f 2121 3047 2122
f 1756 3719 1757
f 1670 1507 1051
f 1408 2645 3986
f 2645 740 3986
f 881 1788 882
f 163 700 161
f 3591 1209 3172
f 161 3202 162
f 2518 2520 882
f 2512 4421 2513
f 882 700 2518
f 2518 699 2730
f 2818 4327 3869
f 3156 2039 1961
f 163 3929 4330
f 3172 3929 2172
f 4330 699 163
f 699 4330 2730
f 2172 162 2173
f 2173 162 3202
f 415 1916 416
f 3392 3738 167
f 125 976 126
f 2262 271 4065
f 56 3739 4158
f 3739 3738 4158
f 2381 4171 3272
f 283 3879 715
f 3079 2665 3472
f 2664 3472 2665
f 3947 4347 1688
f 2626 1882 2180
f 1715 547 2565
f 547 1715 3797
f 3965 3474 3443
f 3474 3444 3443
f 2145 1351 3329
f 1351 2145 3514
f 656 1890 3199
f 2052 2438 1890
f 2211 2350 984
f 2350 1244 1243
f 685 1147 683
f 3833 2852 2851
f 3582 3435 4089
f 3582 2631 3129
f 1521 1866 1865
f 4106 2075 2260
f 1092 3963 1170
f 3963 4143 1170
f 3463 3462 3257
f 3463 3806 297
f 2065 2642 2066
f 2642 617 2066
f 1923 4402 4160
f 4402 1923 4104
f 2875 3271 397
f 397 3271 395
f 1015 2874 2876
f 2966 4389 1157
f 3656 3791 3534
f 2408 4202 4007
f 4225 3333 1121
f 3333 4225 2398
f 1002 2905 2904
f 2906 3055 4192
f 2605 3256 2443
f 4377 3565 3564
f 525 524 2380
f 524 1113 3107
f 491 2510 4295
f 340 3680 3139
f 4365 1240 1930
f 1240 4365 3948
f 3855 3883 3438
f 3883 615 3438
f 2464 2783 181
f 4417 3571 3503
f 2634 4136 855
f 1176 1178 3051
f 3512 4114 282
f 3459 3678 3457
f 1383 2654 3622
f 4087 4315 4289
f 613 503 611
f 504 3255 635
f 2843 4396 3165
f 4396 2228 3165
f 796 3086 1348
f 3086 1404 1348
f 3512 3602 4114
f 3601 4310 4114
f 628 4098 2538
f 4098 628 2887
f 3734 3811 3914
f 4018 653 1160
f 3802 2669 3966
f 3380 2538 1462
f 4002 2872 2871
f 3197 1404 2872
f 4201 4278 3228
f 4278 4201 3609
f 2347 336 2849
f 1663 4319 4320
f 3150 2467 2178
f 2807 2338 519
f 2970 3050 4344
f 1133 3878 1662
f 1902 2665 2958
f 2839 3703 4205
f 4308 800 4287
f 2982 1429 3830
f 2136 2011 3026
f 4375 4289 3884
f 303 302 806
f 3558 1721 1720
f 2071 2070 1773
f 2070 908 1773
f 895 1011 893
f 1490 1142 609
f 2224 2226 561
f 2461 2226 3742
f 4262 1518 3894
f 1232 1231 1517
f 2075 4106 1866
f 2075 1520 2824
f 2658 2657 3875
f 2658 2989 1031
f 1160 354 4018
f 1160 1159 801
f 4325 3914 4008
f 4008 3914 3811
f 3165 3164 3116
f 3164 3248 3116
f 2982 3830 3829
f 3829 1505 2982
f 2246 2245 3673
f 2245 2156 3673
f 3681 4034 2559
f 3186 3148 4297
f 3564 1022 4377
f 1022 176 4377
f 281 1280 236
f 1629 2281 2842
f 1565 2948 4077
f 3622 2654 4315
f 2359 2358 614
f 601 1419 602
f 2353 3442 391
f 2963 494 4049
f 3544 4360 2923
f 4119 1800 563
f 3894 3893 4316
f 3966 3731 3802
f 3824 3565 2690
f 3565 4377 2690
f 168 4332 169
f 3902 2147 2146
f 1323 1618 1288
f 925 527 2710
f 3745 3754 1980
f 3079 4151 4111
f 2643 2592 3043
f 3290 3967 1732
f 1723 3755 3694
f 3755 3988 3694
f 1365 2681 1480
f 2681 1159 1480
f 2050 2449 3948
f 2049 2671 2449
f 2209 2019 3560
f 2019 2710 3560
f 1288 2800 1286
f 2801 1617 1610
f 3337 3737 4130
f 281 3766 1280
f 991 993 3971
f 993 2655 3971
f 1487 1062 1061
f 3692 166 165
f 565 2938 2715
f 2938 565 2936
f 1612 4175 1213
f 4175 1214 1213
f 1132 1131 2562
f 1131 1662 2562
f 3667 3413 3936
f 743 2103 677
f 1310 230 4272
f 3048 1693 171
f 551 1696 2045
f 657 3562 658
f 2631 3583 3545
f 2127 3583 4089
f 3536 2633 3534
f 2632 2631 3545
f 22 3506 3813
f 3856 3773 3813
f 4406 3925 2740
f 3899 3066 3528
f 3066 2181 3529
f 3529 2181 2180
f 2449 4156 3993
f 4156 1339 3993
f 2052 2439 2438
f 2607 2606 2440
f 394 2419 1712
f 1084 1083 2419
f 3759 2215 3990
f 2215 2214 3990
f 3634 2165 2421
f 2165 3634 2163
f 745 744 1809
f 2362 1809 744
f 643 3131 1892
f 2358 615 614
f 132 1045 1710
f 3228 4378 3227
f 3281 3283 4407
f 3283 2686 4407
f 4410 3383 3485
f 4277 3609 2723
f 817 399 2474
f 2746 216 215
f 3157 3741 216
f 1960 2295 3962
f 113 2943 4155
f 4416 3711 848
f 4416 848 2342
f 2343 3773 2342
f 804 3812 4343
f 3812 1653 4343
f 783 1106 4267
f 3464 3084 927
f 2521 2427 478
f 2521 1294 401
f 151 4299 1018
f 4299 151 2508
f 1254 2810 488
f 2810 1254 2442
f 179 2979 2798
f 2799 2858 3448
f 3949 3989 2679
f 3989 3949 1725
f 1781 4357 592
f 1755 1246 1245
f 2216 3401 4134
f 836 476 1950
f 1672 3134 3918
f 1171 4091 1092
f 1448 3719 3918
f 2660 1670 3919
f 1507 1670 2660
f 1672 3919 1670
f 3918 3919 1672
f 2660 3919 1756
f 3022 1050 1858
f 1544 4350 1542
f 3931 4282 3206
f 3437 1221 4144
f 1221 1223 1755
f 1223 1893 1755
f 390 3036 689
f 3036 3320 689
f 1318 3686 1934
f 3686 3514 1934
f 3655 2229 4396
f 2229 2228 4396
f 1229 599 3305
f 2967 290 3851
f 1295 3613 840
f 4283 1059 4397
f 1248 781 2791
f 781 780 4356
f 4223 2770 3527
f 4318 3127 2366
f 1662 1661 2561
f 3440 612 1967
f 1647 181 180
f 3429 3345 1089
f 280 2911 850
f 1971 2308 2147
f 2738 4207 899
f 442 441 2898
f 4129 1195 1194
f 1923 1195 4044
f 1060 846 3468
f 3468 846 845
f 2928 3819 3119
f 3819 2640 3915
f 588 3702 589
f 3971 1602 1604
f 1959 4247 4317
f 4247 1959 1961
f 3556 4328 1407
f 817 2059 2437
f 773 751 750
f 1175 4160 4402
f 1559 1558 650
f 1559 2628 2369
f 3179 4146 137
f 2467 3150 3381
f 1190 1621 2348
f 2525 4050 2409
f 2449 3224 1337
f 3224 1889 1337
f 2144 1256 223
f 223 413 2144
f 1341 3047 2121
f 2779 3047 2296
f 526 2199 2198
f 1176 2199 3662
f 1814 730 3827
f 499 2325 2491
f 1238 3041 3993
f 3041 3948 3993
f 2653 2332 4404
f 2332 2653 2333
f 1712 3714 1847
f 3469 3484 3714
f 4214 3484 3469
f 1847 3484 2961
f 924 3249 3021
f 3249 924 779
f 1779 1778 3987
f 1778 3370 3987
f 2466 2178 2467
f 2466 398 1378
f 345 344 4189
f 344 1118 4189
f 1492 1048 3556
f 1047 4328 3556
f 3461 2753 4417
f 2753 3571 4417
f 362 3 797
f 3 362 1
f 3226 2059 2058
f 2059 817 2057
f 2317 1898 2520
f 1898 2317 18
f 4264 3058 3057
f 3585 1624 1623
f 982 2166 3108
f 2166 1177 2891
f 3018 1521 1865
f 3018 762 761
f 47 46 2828
f 47 3238 2248
f 4049 494 1984
f 1984 140 4049
f 2058 2057 1543
f 2514 1308 956
f 1321 3672 4369
f 4237 3265 3672
f 4341 1370 1369
f 4341 3531 4359
f 980 979 3197
f 1885 1973 1816
f 4090 4081 2091
f 4399 1370 4341
f 1766 2203 2204
f 4326 1766 2204
f 2464 1742 2784
f 2784 1741 2497
f 4107 360 797
f 2965 2158 1867
f 1638 1956 4239
f 1956 4096 4239
f 1189 3331 3332
f 3331 1189 3895
f 2756 2758 4320
f 4331 3212 3214
f 3612 3857 2291
f 2413 3745 2355
f 1955 3837 3750
f 3751 873 3937
f 2589 4419 4204
f 2721 2958 2299
f 1377 1512 2503
f 1512 719 2503
f 2863 4388 1748
f 4388 2863 4042
f 994 548 3797
f 548 547 3797
f 2613 1843 2392
f 4022 4021 87
f 2839 3896 2840
f 3098 4259 2308
f 1647 1649 2464
f 1649 2424 2464
f 955 954 4340
f 954 3387 4340
f 2203 2451 1080
f 1080 2451 1875
f 101 585 3062
f 585 3063 3062
f 1570 1569 4218
f 2617 2962 3383
f 1281 1280 2277
f 3766 2603 2277
f 4418 901 3649
f 2258 3324 3587
f 375 1011 3700
f 1594 4418 1592
f 2319 2919 16
f 2770 11 3527
f 1501 723 304
f 4420 3636 3763
f 761 3430 3018
f 76 3430 897
f 2532 3636 4420
f 4111 3763 3077
f 2372 1899 3933
f 1899 2742 3859
f 2742 1899 18
f 918 3196 1070
f 1315 3292 4390
f 1315 3370 1313
f 101 4052 3840
f 4052 101 3062
f 3964 845 844
f 33 2691 4088
f 2438 2440 3200
f 2607 2440 3561
f 1532 778 777
f 739 778 4168
f 4168 1787 3994
f 522 2126 3163
f 3994 1786 2418
f 2126 329 3163
f 4257 776 2541
f 1353 1219 1352
f 3030 4209 2128
f 1352 1219 1218
f 3412 3905 2461
f 3905 3412 3414
f 2193 3936 3316
f 3936 2193 3667
f 4410 3384 3383
f 2962 2961 3485
f 3175 3211 3373
f 273 4150 4149
f 3564 3563 3135
f 3824 3563 3565
f 3064 3104 4237
f 1344 1725 3111
f 3193 1675 917
f 4041 3310 4280
f 4276 3064 839
f 1931 1252 2402
f 4143 4142 1173
f 4142 3315 1173
f 1173 1172 4143
f 1172 3594 4143
f 3742 2225 3315
f 2225 1173 3315
f 2600 772 117
f 4180 1013 4184
f 2409 953 581
f 953 2409 951
f 1333 4170 1683
f 4170 1965 1683
f 466 3371 3166
f 3371 2244 3166
f 178 2760 2796
f 2760 2759 2796
f 3831 4165 2761
f 4165 4164 3660
f 2994 189 3135
f 3136 4329 3564
f 4187 3564 4329
f 4187 942 1023
f 4193 561 4194
f 3579 4193 4194
f 4164 3180 1771
f 1770 2759 3660
f 1641 3185 54
f 3185 2743 54
f 2858 2798 1869
f 1695 1273 1272
f 208 2821 2486
f 2820 2821 1886
f 2627 213 1688
f 2627 1883 1882
f 1748 4387 3349
f 4387 2505 3349
f 4087 3395 4088
f 3395 4087 4045
f 2594 3291 2595
f 81 4393 2359
f 3454 1377 437
f 1236 3571 2752
f 3409 2411 1994
f 2430 2482 2481
f 268 342 4292
f 576 1707 1247
f 2081 342 341
f 1582 4374 767
f 2817 2268 3487
f 1623 2851 2850
f 3074 2908 2907
f 2908 3074 2702
f 3783 1297 1296
f 1298 3347 1296
f 3074 1905 1904
f 3832 2907 3783
f 3059 2517 2113
f 2517 2516 2113
f 2478 370 369
f 3282 4262 3283
f 3751 4307 3646
f 873 3751 3646
f 2065 1360 2641
f 1842 639 859
f 4319 3878 3877
f 3877 4258 4319
f 158 1134 3877
f 2352 1793 1795
f 3240 2354 2353
f 1829 4229 3957
f 3575 4269 570
f 1630 3389 1939
f 3389 1630 3388
f 3487 3243 1390
f 3243 3230 1390
f 2212 4128 1099
f 4128 1097 1099
f 1396 1395 3923
f 2118 2117 1127
f 4121 4291 1938
f 4291 2968 1938
f 2230 4342 4027
f 3268 4157 3155
f 3103 2580 3663
f 3476 3103 3663
f 1365 3584 2681
f 3584 1700 2681
f 638 2026 2302
f 4401 2026 3801
f 1456 927 926
f 927 1456 2415
f 3302 3301 3836
f 1895 2152 2154
f 829 828 826
f 3604 13 2095
f 1224 4348 1225
f 4348 3431 1225
f 3431 486 1225
f 1086 3435 1085
f 2018 2017 4348
f 2017 3432 3431
f 2912 3195 4050
f 3195 2912 2882
f 317 316 1799
f 1982 1981 316
f 3775 318 2707
f 318 3775 3008
f 316 4085 1799
f 4085 316 1981
f 1983 1450 1981
f 1450 1449 1981
f 1690 1656 1098
f 1465 408 291
f 990 1764 2485
f 1933 1764 2349
f 2285 2387 2386
f 3761 2949 2948
f 1156 3117 3073
f 3117 1782 3073
f 3450 4301 2191
f 1784 4032 2205
f 3774 3978 3945
f 3978 3774 3977
f 4026 3641 959
f 959 958 4026
f 264 932 265
f 187 334 932
f 3578 3756 2656
f 3579 3578 2656
f 4208 2242 3481
f 2242 1631 3481
f 4399 2276 2775
f 3183 4399 2775
f 2544 419 1620
f 419 2544 2941
f 775 4081 4354
f 4354 4081 2888
f 2094 2093 4068
f 4068 2095 2094
f 3234 1556 2210
f 3234 3233 3026
f 1919 3904 1566
f 3537 1042 1779
f 830 2095 828
f 830 1877 3367
f 1877 830 829
f 829 3045 1877
f 2452 4248 3295
f 4158 1916 1915
f 3711 4416 4155
f 3711 3710 849
f 3773 2343 3977
f 2343 847 3977
f 398 3382 3788
f 3382 398 2467
f 1395 1420 3758
f 1420 1395 1397
f 322 321 1106
f 3904 1919 4178
f 1978 1919 1418
f 1978 1397 4188
f 3758 3009 1395
f 581 2321 3038
f 1983 2164 2163
f 3757 2165 2164
f 4178 4422 3904
f 3038 4188 1397
f 3775 3923 3008
f 3923 3775 2175
f 3504 4367 1287
f 4302 2327 4274
f 2668 4149 4148
f 4150 273 2116
f 3965 3081 4145
f 2276 4359 272
f 273 272 2116
f 2116 272 4359
f 913 4233 790
f 4233 913 2340
f 3302 2041 3781
f 824 1035 2041
f 3616 3303 542
f 1907 3572 2184
f 3617 211 3897
f 3617 3616 1987
f 824 3287 933
f 3287 824 826
f 594 593 3628
f 593 3376 3628
f 785 4371 2368
f 4371 3053 2368
f 1528 3353 3300
f 3353 2390 3300
f 3428 3442 3429
f 1795 3345 3442
f 4381 3099 654
f 3029 4381 654
f 1417 1416 2737
f 2493 1417 2737
f 2570 599 63
f 599 2570 3549
f 1047 3109 4328
f 895 3700 1011
f 4413 1680 905
f 905 3760 3031
f 2993 3586 4015
f 2992 4203 3586
f 3120 4398 4250
f 4398 3394 4250
f 3394 169 4392
f 2458 1609 4250
f 3394 4392 4250
f 169 4332 3252
f 3599 4323 4064
f 2777 3507 4086
f 1068 4281 1069
f 750 3344 3950
f 1325 1324 4288
f 3723 1438 3090
f 3850 3676 3055
f 3675 4192 3676
f 4227 2763 706
f 704 3727 4098
f 681 444 3781
f 2834 1300 682
f 614 4362 2359
f 1264 964 1262
f 2926 2925 1859
f 1094 1093 2284
f 2928 3525 1929
f 3525 1743 1929
f 4184 1283 2222
f 2223 1827 2222
f 3400 3834 553
f 167 4125 3392
f 1857 1093 3134
f 1093 1092 3134
f 1859 2284 1857
f 1094 2284 3576
f 1974 1943 4094
f 2366 4231 1942
f 3355 3357 4277
f 2723 3355 4277
f 3237 2507 1193
f 2505 2507 3349
f 258 3384 3701
f 3384 4410 3701
f 2603 877 2604
f 876 2604 877
f 2228 2227 2355
f 2227 3654 2355
f 445 682 2185
f 2834 682 681
f 3491 616 659
f 3490 1917 616
f 1074 2653 2652
f 1697 3122 2733
f 3133 2734 4132
f 2733 1678 1677
f 1224 1226 1636
f 1636 1226 3194
f 4333 1802 3674
f 1624 4333 3674
f 4368 962 961
f 3265 962 4369
f 510 4181 4275
f 4181 510 512
f 3536 367 2633
f 367 366 3129
f 3411 3410 2883
f 3410 2884 2883
f 2615 3626 3168
f 3626 3625 3168
f 2134 869 2135
f 2135 1538 4047
f 4001 4215 4340
f 2512 4215 314
f 2150 120 119
f 2150 1932 967
f 4147 4323 3599
f 1828 3549 2570
f 4166 1059 1058
f 188 190 971
f 2571 2526 4063
f 4063 2526 3365
f 2912 651 2882
f 651 2912 652
f 2666 2667 3637
f 2665 2959 2958
f 1597 1308 1307
f 3037 2835 1596
f 3495 3567 1138
f 1138 3567 3336
f 4407 2048 3281
f 2048 3795 3281
f 3781 2041 1035
f 1036 2834 681
f 2895 4212 4309
f 1803 4212 3762
f 1822 3314 2168
f 4285 3721 1822
f 3353 1528 1692
f 3353 1692 1691
f 3680 340 339
f 2010 1449 1658
f 2782 2979 179
f 1869 2798 2979
f 3852 4409 4214
f 12 2794 16
f 2319 2731 2919
f 2731 2319 2318
f 2777 4086 308
f 4086 309 308
f 2208 3653 3784
f 3653 3184 3784
f 3818 1053 635
f 4395 3952 1144
f 4090 1826 423
f 423 4030 2345
f 789 4379 160
f 4379 1598 160
f 1247 2213 576
f 2213 1247 4292
f 3386 1870 2978
f 1870 1869 2978
f 268 270 4216
f 1461 1246 1460
f 2499 343 3876
f 2280 2784 2497
f 2086 2221 4417
f 2221 2086 2219
f 567 569 1398
f 1703 1693 1692
f 8 2969 2587
f 2969 1652 2587
f 572 1547 3118
f 572 287 570
f 2782 2783 2785
f 181 1647 2464
f 2996 2086 4417
f 2423 2422 3324
f 3752 2642 3477
f 3477 2642 2641
f 2804 2803 845
f 2803 3468 845
f 3683 3227 4378
f 3816 2097 3364
f 1689 3647 3170
f 1108 1425 1681
f 2717 2444 3256
f 2444 2443 3256
f 1626 2484 3561
f 2484 1626 2149
f 4322 1157 4389
f 1017 3683 3357
f 2205 3227 1784
f 3884 4358 244
f 1516 2327 1040
f 2327 4302 1040
f 2611 3869 442
f 2898 2611 442
f 2426 2650 3538
f 2649 2147 4185
f 2147 3902 1971
f 3902 1972 1971
f 83 3546 407
f 2011 2136 1495
f 2717 2906 4192
f 2906 2717 2904
f 2127 1707 578
f 1707 576 578
f 4101 1318 1320
f 2081 2083 2213
f 592 591 2865
f 616 3491 3490
f 253 252 1184
f 1336 3801 2026
f 3996 347 349
f 1098 1097 1690
f 2088 2087 3432
f 2087 3568 3432
f 3432 3436 1086
f 3436 3432 3568
f 42 3888 1623
f 3888 3887 1623
f 868 3702 588
f 1354 494 2963
f 1475 1222 2087
f 1222 1221 3568
f 1112 2986 2987
f 2986 1112 3270
f 304 722 4383
f 2719 722 723
f 1531 2578 1353
f 4366 1219 1353
f 164 915 2010
f 915 3334 2010
f 3260 2511 491
f 1055 1054 2248
f 675 3697 4360
f 3697 1053 4360
f 2501 2500 3600
f 3031 940 939
f 1328 505 999
f 1328 1327 4199
f 150 149 1075
f 1673 149 151
f 4410 4409 3701
f 4409 3852 3701
f 2794 4249 2270
f 4249 2770 2270
f 2290 2473 1205
f 1205 2473 4071
f 2516 1666 4334
f 4334 1666 1665
f 3599 2549 4423
f 4124 4423 2549
f 4420 3763 1721
f 3763 4111 807
f 1719 4383 722
f 3214 2472 4331
f 836 3447 837
f 3447 836 3927
f 836 1950 3927
f 476 475 110
f 1633 1260 4415
f 1769 1768 2077
f 1006 4105 1007
f 4105 1006 4402
f 1552 2050 3948
f 2050 1552 2048
f 4159 3641 3640
f 3640 3100 4159
f 1625 17 1228
f 17 2794 1228
f 1543 2848 2058
f 2848 1543 2847
f 3421 3848 3847
f 1332 2600 4190
f 3848 2801 1610
f 3555 3422 3847
f 4296 2801 3848
f 2101 4067 3346
f 1792 2758 4395
f 2757 3952 4395
f 4304 2433 2013
f 4304 74 90
f 3108 983 982
f 983 3108 2624
f 1821 1699 4285
f 1821 1820 3159
f 1598 4379 2351
f 1955 3937 1953
f 1954 1953 1964
f 1954 878 3837
f 3537 2334 860
f 3537 1779 106
f 893 1490 894
f 382 381 2744
f 3503 2996 4417
f 1691 4268 2391
f 1310 1428 231
f 1428 1310 1312
f 379 1836 1835
f 2960 1836 378
f 4309 3057 3056
f 3057 4309 4287
f 1235 2080 1236
f 2079 2078 3503
f 2078 3488 3144
f 3488 2078 4152
f 4368 2056 1914
f 2056 4368 3000
f 643 3335 1912
f 3335 2765 1912
f 1632 190 1871
f 190 4055 1871
f 2765 4163 2764
f 4163 4056 2764
f 85 972 1117
f 972 85 87
f 1090 2776 3014
f 72 1548 70
f 4311 3262 3425
f 600 2270 61
f 4373 3910 293
f 3941 4373 292
f 1801 4113 2046
f 1800 4333 563
f 1053 3818 4360
f 3818 2923 4360
f 1144 2531 4395
f 2531 1792 4395
f 2232 596 3819
f 2232 3453 1271
f 2553 2976 2043
f 2976 2553 3821
f 2553 2555 2109
f 2555 3782 2109
f 1180 1179 3445
f 1179 3903 3930
f 2860 3209 3126
f 3209 2443 3126
f 4125 974 973
f 4125 167 3394
f 615 2358 2360
f 1058 4164 4166
f 2890 4037 1038
f 4037 3855 1038
f 4038 815 660
f 2890 3972 4037
f 4243 3787 3619
f 1424 2946 2692
f 3536 4385 3605
f 1525 4385 3535
f 3910 4373 2749
f 3030 354 353
f 1794 3309 2646
f 3161 1325 4288
f 2303 638 2302
f 2303 532 2865
f 2718 3675 3723
f 3090 2718 3723
f 3002 3001 914
f 4176 914 782
f 4406 4295 2510
f 2510 3139 4406
f 3959 3885 244
f 3885 4375 3884
f 3265 4237 3104
f 1275 3265 3104
f 1636 3113 1224
f 2018 3113 1472
f 3218 4169 2971
f 4169 2586 2971
f 853 852 3965
f 852 2593 3965
f 2591 3142 3250
f 2377 3547 3499
f 2680 2833 3900
f 4308 4212 1803
f 1455 1454 3900
f 3379 299 664
f 299 3379 4352
f 3379 1456 4352
f 1037 1039 4391
f 1039 2138 4391
f 333 3829 334
f 2862 332 331
f 2222 3730 2877
f 772 118 117
f 4040 4254 4057
f 3216 3215 4039
f 4254 4040 1479
f 4040 4039 1479
f 3217 3480 3479
f 3217 3478 3215
f 3799 4039 3215
f 3799 545 4154
f 365 2411 3082
f 2411 3409 3082
f 1165 451 450
f 3330 121 3854
f 4084 1096 1095
f 4084 2571 4063
f 404 2190 2118
f 2190 404 2188
f 3789 4001 4340
f 3789 1429 1430
f 2677 3123 59
f 3123 3068 59
f 3682 2914 4027
f 1837 3593 1835
f 4372 106 3987
f 3065 3064 4237
f 3067 300 2410
f 300 3067 1261
f 2923 792 4054
f 792 791 4054
f 3311 1362 2281
f 1362 131 2281
f 153 2196 154
f 347 3996 1363
f 520 1406 369
f 3158 1406 1405
f 3857 3677 2289
f 2291 3857 2289
f 3336 3566 2765
f 3336 1891 1138
f 2523 4058 1747
f 4058 2881 1747
f 54 2855 1641
f 2855 54 53
f 3288 858 4023
f 858 3835 3696
f 604 3921 2009
f 3922 1359 2009
f 1827 2223 1828
f 1312 1311 1427
f 532 62 2470
f 531 2570 63
f 3745 2413 887
f 2413 2412 887
f 3451 3567 3452
f 3494 3452 3495
f 3156 2745 2825
f 2745 3481 2825
f 2913 4153 2133
f 4153 296 2133
f 3228 2207 4201
f 2207 4356 4201
f 1057 1059 2339
f 4397 1059 4166
f 4350 1544 2579
f 2023 4350 2579
f 4014 1657 3693
f 1657 1656 3693
f 4078 1704 1703
f 4183 4078 1703
f 1877 1876 3276
f 1876 3277 3276
f 3176 3920 4020
f 3920 3592 4020
f 3280 3019 2158
f 1704 3423 171
f 2933 2829 2828
f 3238 2829 2935
f 3846 1819 4321
f 1819 3868 4321
f 2252 2125 2547
f 3572 1907 1908
f 1989 1988 3994
f 1988 4168 3994
f 390 2802 3468
f 2802 1060 3468
f 1123 2540 3650
f 1071 3242 3241
f 3967 3290 2788
f 2788 4351 397
f 44 4367 4191
f 116 44 4191
f 3988 3942 4413
f 3942 1722 4413
f 2258 2259 28
f 3740 3956 2259
f 2156 2247 3459
f 2247 2156 2245
f 3425 217 1596
f 4352 1718 3433
f 2263 3726 2763
f 4227 2304 2763
f 1392 1394 2517
f 2517 3059 1392
f 2459 2458 4392
f 3780 116 4137
f 3770 3769 3024
f 3769 3025 3024
f 3191 3880 3770
f 3880 3771 3770
f 552 3354 2144
f 4184 2877 2879
f 345 2942 3137
f 2942 1215 3137
f 2481 2480 2565
f 2480 3483 2565
f 2838 4263 2836
f 4315 4087 3622
f 4420 1721 3558
f 66 154 64
f 3641 2837 4066
f 2837 2836 4066
f 2743 3372 54
f 3372 52 54
f 813 3434 1347
f 4235 4423 4124
f 3733 2684 4316
f 3893 3802 3731
f 252 251 3889
f 4391 252 3889
f 4262 4316 2684
f 4316 3731 3733
f 289 1412 4019
f 1044 1710 1045
f 4329 3136 188
f 3135 3136 3564
f 2668 1464 4149
f 4065 273 4149
f 1853 2344 931
f 4030 2344 2345
f 3203 3153 3764
f 3153 3203 1268
f 2555 2554 3550
f 323 796 1350
f 3044 1587 3886
f 1587 1586 3886
f 198 2896 387
f 4397 2204 3152
f 1073 4177 2399
f 4177 2894 2399
f 339 338 164
f 339 1658 3680
f 3416 3417 4064
f 3416 898 2698
f 3785 4239 3784
f 1197 1284 1198
f 2636 2513 4421
f 1001 884 886
f 3849 3055 2905
f 2152 3624 3359
f 3860 2792 1780
f 2792 810 1780
f 280 850 281
f 2061 850 2910
f 2648 3580 2649
f 3580 3427 2649
f 2529 1143 3102
f 612 611 1967
f 3778 4102 1523
f 3777 29 4103
f 4418 902 901
f 4238 3852 3470
f 2287 2676 985
f 2676 2675 985
f 3857 3612 3723
f 3675 3857 3723
f 2560 4150 2116
f 4150 2560 4148
f 3952 2757 3619
f 2757 2756 3619
f 1830 3562 1831
f 3562 1555 1831
f 3987 1588 3250
f 1588 3987 4390
f 2060 1585 2603
f 1585 877 2603
f 1530 1692 1528
f 4183 1692 1530
f 3345 4272 1089
f 4424 1564 1563
f 2364 2632 3545
f 2632 2364 3534
f 388 562 305
f 562 855 305
f 3759 1957 1637
f 1186 3759 1637
f 601 2422 3757
f 2165 3757 2422
f 2878 3867 4275
f 3827 3229 3230
f 4184 2879 4181
f 2879 4275 4181
f 2141 2292 624
f 624 623 2141
f 1349 981 1350
f 1349 1348 3197
f 1883 4347 1698
f 4347 3947 1698
f 368 486 1085
f 4179 3358 485
f 1615 3358 2622
f 1381 4178 1379
f 1225 485 1615
f 4179 485 368
f 3346 694 667
f 694 500 667
f 3593 2913 1835
f 3593 1837 4027
f 3200 3208 3201
f 3201 3208 1137
f 3738 3392 1916
f 3392 973 416
f 2926 554 3834
f 554 553 3834
f 1071 1997 1072
f 313 1920 2636
f 1920 3666 2637
f 3666 3519 4324
f 2200 936 2201
f 3406 3340 2202
f 3925 2535 1278
f 2244 1655 1657
f 1986 211 3617
f 1986 1985 2886
f 3340 2897 2202
f 629 3340 3342
f 3245 4112 1443
f 4112 2707 1443
f 3483 2482 3020
f 2482 2430 3020
f 1167 451 1165
f 449 451 3854
f 503 613 3255
f 503 502 2170
f 4042 4280 4388
f 996 3314 3722
f 3954 2952 4095
f 4146 3179 3489
f 3211 1850 3089
f 3210 3211 3089
f 4266 3999 3661
f 3999 4266 4313
f 2100 3350 3645
f 1392 3059 3272
f 2112 2111 3424
f 2394 2112 3424
f 4044 508 4104
f 508 4044 1356
f 3548 3547 1110
f 3547 2377 1110
f 1554 4116 4115
f 3141 3140 106
f 2265 4389 2266
f 4389 2265 4322
f 3357 4211 1017
f 4211 1015 1017
f 3248 4033 1783
f 3121 567 3271
f 2381 3793 1343
f 3793 1344 1343
f 2595 1263 4257
f 1263 1262 4257
f 2911 4186 1613
f 4186 1611 1613
f 3404 4174 1576
f 4174 1611 1576
f 1199 4355 2881
f 4355 1747 2881
f 3351 1439 4339
f 1439 3612 4337
f 1126 4403 1175
f 4403 4160 1175
f 1256 2144 3354
f 1257 1256 3354
f 3347 1298 3522
f 1298 1562 3522
f 4393 80 2921
f 81 4361 79
f 3882 2331 3291
f 2331 2595 3291
f 2441 732 2572
f 1254 732 2441
f 864 3341 3406
f 3341 3340 3406
f 2863 1292 1122
f 1292 2863 1748
f 1757 3718 2134
f 3718 1447 2134
f 1511 3289 2486
f 3289 3288 2486
f 4015 4290 4016
f 3796 4290 3586
f 2656 1084 393
f 498 1168 497
f 2419 393 1084
f 4 497 1994
f 3706 1796 906
f 3705 3761 1796
f 2071 3706 906
f 3706 2071 3704
f 1830 3130 4384
f 3130 3132 4384
f 2418 2713 3994
f 2713 1989 3994
f 729 728 3390
f 728 3603 3390
f 522 521 4059
f 351 2714 329
f 519 821 2807
f 821 519 371
f 1441 111 1442
f 2219 270 269
f 2634 4333 1624
f 1244 2351 4379
f 2957 3058 4119
f 4265 1800 4119
f 2836 66 4349
f 1623 2850 3585
f 3926 1908 3287
f 826 3926 3287
f 4047 2929 3626
f 2929 2930 3625
f 3307 2513 2636
f 2636 4421 313
f 1148 3924 1278
f 2740 3924 2738
f 4272 4400 1311
f 1330 2719 2386
f 2855 2945 4197
f 1641 2855 4197
f 423 1826 421
f 1824 1826 4090
f 4406 2535 3925
f 3925 1278 3924
f 1261 3898 3112
f 3898 1342 3112
f 910 3839 2254
f 3839 130 2254
f 207 3678 2247
f 3678 3459 2247
f 3600 3602 3841
f 3512 3679 3602
f 1737 1231 1738
f 1232 1517 1516
f 3894 1517 1737
f 1737 1517 1231
f 3457 3679 3512
f 3841 3679 207
f 3512 1041 3457
f 4320 4382 645
f 867 4298 4005
f 866 4196 4298
f 1740 2425 4401
f 2425 3729 4401
f 3443 4230 3339
f 4230 3462 3339
f 3418 1305 3590
f 3460 2234 1305
f 1400 2751 395
f 2751 1400 1082
f 1163 1162 618
f 1162 3087 618
f 3084 3464 1306
f 3464 2415 1306
f 3729 3730 3595
f 3730 1827 3595
f 3729 2425 2878
f 409 2576 1906
f 1478 4255 1479
f 4255 4254 1479
f 1976 1975 3532
f 1975 1291 3532
f 2252 460 2125
f 459 3532 1291
f 2062 3533 1014
f 3533 3532 1014
f 3871 3204 4232
f 2956 1021 4386
f 2016 2030 3132
f 2029 2015 3805
f 753 422 1465
f 1200 422 421
f 3650 3242 4224
f 3242 1071 4224
f 1498 1497 2161
f 1497 1591 2161
f 3284 1255 3715
f 1255 3629 3715
f 1165 1572 1166
f 3707 1572 698
f 2937 1607 2938
f 2937 2936 4246
f 4095 2435 4017
f 2952 2951 2435
f 1812 336 335
f 337 3028 3027
f 1652 4344 4343
f 3050 804 4343
f 528 3995 1441
f 528 3632 529
f 420 1365 418
f 420 2941 4006
f 1702 803 1700
f 4282 3931 3933
f 3402 3814 2218
f 3814 2216 2218
f 2556 2120 2122
f 4404 2556 2122
f 2574 2831 2833
f 2831 2574 411
f 4273 1030 1029
f 690 1467 3375
f 3949 665 3112
f 665 3949 666
f 2496 358 3668
f 358 357 3668
f 4062 3982 3294
f 4062 4074 4060
f 471 3743 1765
f 470 4074 3743
f 1250 317 1799
f 317 1250 2707
f 659 4312 4038
f 4312 4036 4038
f 2400 1804 2729
f 1804 2400 625
f 2898 3042 1331
f 3042 1383 3955
f 242 4358 3748
f 4358 4289 3748
f 3683 3072 3227
f 3072 1784 3227
f 4068 2092 3926
f 2092 4068 2093
f 3291 2867 3882
f 2867 3935 3882
f 745 1811 1931
f 3239 2804 3327
f 2332 2556 4404
f 2374 2376 2698
f 846 1062 1734
f 1062 1487 1734
f 2305 4207 1148
f 4207 3924 1148
f 4017 2435 2434
f 364 4017 2434
f 2219 269 1460
f 4292 269 268
f 4216 343 268
f 341 343 2499
f 1180 2939 3274
f 2939 428 3274
f 2323 2322 1964
f 2322 1962 1964
f 2836 4349 4066
f 4349 4321 4066
f 3400 2852 3834
f 2852 3400 2850
f 3935 2866 855
f 2866 2465 855
f 3943 3990 2214
f 3943 3944 4096
f 935 1035 824
f 3781 1035 681
f 2445 702 71
f 702 701 71
f 4305 3808 3473
f 2073 1008 3753
f 1037 3891 1008
f 3891 1037 3889
f 3890 4305 3473
f 2074 3753 3473
f 3855 4270 3883
f 4270 3313 3883
f 3972 2890 816
f 3972 4038 4036
f 696 2066 619
f 2828 696 619
f 2738 4147 2739
f 4147 2738 898
f 2239 2238 3837
f 2238 3838 3837
f 2195 4408 766
f 4408 1660 766
f 3363 3493 4070
f 3363 2195 1492
f 3611 872 3708
f 3689 3611 3708
f 3610 4338 4060
f 4338 4337 4060
f 1219 4366 3092
f 4366 2577 3092
f 1992 2931 3980
f 1404 2931 2872
f 1543 1542 2847
f 2483 2149 2148
f 4396 4234 3655
f 4234 1999 3655
f 859 332 2862
f 2862 331 3860
f 1160 3091 354
f 2395 3091 801
f 4087 4335 4045
f 4335 2954 4045
f 4422 1470 3904
f 2175 1396 3923
f 1127 405 2118
f 405 404 2118
f 872 3611 1522
f 477 156 1653
f 4303 11 10
f 11 4303 3527
f 10 2311 4303
f 2309 2311 2777
f 3364 2526 2525
f 2548 1191 1190
f 3282 2328 1518
f 745 1809 1811
f 3692 165 1413
f 3467 1413 1412
f 2470 2471 3971
f 2470 2865 532
f 3995 530 1945
f 3293 3743 4074
f 3743 471 470
f 471 3831 469
f 3478 1668 3800
f 3800 3215 3478
f 2619 870 2617
f 870 2042 2617
f 3328 2237 2236
f 3836 825 2041
f 2949 3761 3705
f 2948 1565 3761
f 2384 4077 2948
f 4077 1650 1565
f 2105 2949 3705
f 2949 2105 2385
f 2646 1311 4400
f 1311 1310 4272
f 1451 2163 3634
f 1451 1658 1449
f 3304 2815 2594
f 3304 77 4284
f 3869 3687 442
f 3687 1565 442
f 4278 4378 3228
f 3683 4378 3357
f 579 919 2098
f 2098 3816 579
f 1459 597 1510
f 597 596 1510
f 707 3373 3372
f 2743 707 3372
f 1485 1072 278
f 1072 1485 1073
f 314 4421 2512
f 4421 314 313
f 3152 2204 1080
f 457 3928 455
f 2663 2662 3401
f 2662 4134 3401
f 2344 929 931
f 929 2344 4030
f 1550 2101 3346
f 3343 2101 2102
f 4084 1211 1096
f 1211 4084 4063
f 2140 2139 3746
f 2139 3572 3746
f 2907 2909 1751
f 1751 3213 4024
f 2907 3832 3074
f 1296 3832 3783
f 1573 3716 3715
f 3486 3716 3783
f 4157 1915 3155
f 1915 4157 4158
f 365 35 2326
f 35 365 364
f 517 516 3455
f 516 2269 3455
f 2049 4407 2672
f 2671 2049 2672
f 3524 4236 4332
f 4236 3070 4332
f 3599 4423 3598
f 4423 4235 3598
f 3149 3296 3128
f 3300 3296 1529
f 2895 1044 3762
f 1431 267 2534
f 2318 2519 2730
f 2519 2318 2317
f 1623 1622 42
f 1622 40 42
f 4079 4113 4264
f 4113 1801 4264
f 1800 4265 1801
f 4265 4264 1801
f 3935 855 4136
f 4136 3399 3935
f 4262 4261 3283
f 4261 2686 3283
f 3115 1549 72
f 701 3115 72
f 940 3760 1679
f 3760 940 3031
f 363 2993 4015
f 2993 363 2806
f 912 3878 1133
f 1375 912 1133
f 2390 1903 785
f 1903 783 785
f 4061 4337 2291
f 2290 4061 2291
f 1695 1694 2004
f 1694 311 2004
f 3420 174 173
f 2307 2880 2305
f 2306 1522 2307
f 1817 1522 1523
f 57 1508 3523
f 1508 4000 3523
f 3725 3958 4000
f 3958 3523 4000
f 4174 4175 1612
f 1611 4174 1612
f 1125 3253 1126
f 3253 276 1126
f 2664 3870 2072
f 3870 2664 1902
f 4311 1596 1595
f 1596 4311 3425
f 949 948 622
f 948 620 622
f 1900 219 4419
f 219 218 4419
f 4204 1295 2589
f 2590 2072 2588
f 4035 960 621
f 960 2382 622
f 840 1021 674
f 673 950 1295
f 3727 3726 4097
f 2589 2588 4419
f 4260 2709 2956
f 2361 620 674
f 1463 4097 3726
f 3264 218 3425
f 759 2546 3306
f 2546 4311 3306
f 263 2870 2835
f 4283 2340 2339
f 2709 4260 2708
f 2709 674 1021
f 2970 4344 2969
f 4344 1652 2969
f 1437 86 3494
f 86 85 3494
f 1272 1271 2045
f 1272 1696 1695
f 639 1843 2053
f 1843 2613 2053
f 1624 3674 1622
f 2079 3571 1236
f 2650 4185 3538
f 2650 2426 2648
f 4190 2143 2142
f 4190 2612 1332
f 1118 3422 4189
f 3422 3555 4189
f 3504 1119 346
f 1119 3504 1120
f 4094 4231 892
f 4231 2366 892
f 882 2371 883
f 2371 882 2520
f 1922 3530 1151
f 3530 631 1151
f 4370 1921 315
f 315 1921 313
f 3405 2201 1515
f 1515 2201 936
f 4370 2897 631
f 315 3597 3039
f 2202 3039 2200
f 315 3039 4370
f 3103 1360 3664
f 1964 879 1954
f 1526 2258 3587
f 1705 2615 3168
f 806 4380 3810
f 3263 3613 3264
f 368 1471 4179
f 1471 1470 4179
f 726 725 2197
f 725 2639 2197
f 823 822 4157
f 822 1759 4157
f 3391 56 4158
f 3391 4157 1759
f 4157 3268 823
f 3268 3154 823
f 4089 3435 3437
f 4144 4089 3437
f 3858 4411 517
f 4411 3318 517
f 2602 2601 4242
f 2601 360 4242
f 2819 2678 703
f 3908 2728 786
f 1897 1896 2602
f 1896 361 2602
f 3851 1593 2967
f 1593 568 2967
f 3020 978 3269
f 3356 3355 3121
f 375 3700 3101
f 3700 3221 3101
f 1349 979 981
f 3458 4302 4115
f 802 1700 803
f 258 257 3554
f 1212 2776 2341
f 1355 1354 2964
f 2553 2043 2554
f 3550 3782 2555
f 2448 3551 2447
f 3551 2375 3550
f 1318 286 3686
f 286 1351 3686
f 731 2572 732
f 3322 776 4257
f 1945 456 3995
f 475 111 110
f 1816 1815 2820
f 1815 1459 2820
f 3152 2340 4283
f 2204 4397 4326
f 1730 4172 1098
f 4172 1099 1098
f 1966 3912 253
f 3912 1966 2170
f 3440 1967 37
f 37 1967 1184
f 253 1184 1966
f 37 1184 1183
f 2784 1742 1741
f 3259 2498 1336
f 3274 4363 1181
f 4363 3601 1181
f 4345 3823 3914
f 4345 4325 3591
f 1656 1655 1730
f 1655 2244 1730
f 2244 1065 3166
f 1065 1064 3166
f 4328 2893 1407
f 1279 1278 2535
f 475 709 1769
f 474 2431 4414
f 1768 1767 195
f 1767 3496 195
f 1633 4415 2762
f 1260 3496 4414
f 2082 4357 3297
f 4357 1781 3297
f 1221 1754 4144
f 1754 1245 4144
f 3225 412 414
f 412 3225 552
f 2459 4392 3252
f 3252 4392 169
f 515 2446 4137
f 2446 3780 4137
f 3019 3913 3658
f 3913 3279 3658
f 1507 774 776
f 819 4386 1021
f 4364 3308 3973
f 3308 4364 759
f 1597 1307 1595
f 1307 3306 1595
f 4232 3764 3690
f 4232 4386 3871
f 4133 1852 1651
f 1653 4133 1651
f 1575 80 79
f 4393 81 80
f 2328 3282 3281
f 1518 4262 3282
f 156 155 4133
f 155 4259 4133
f 947 4226 3853
f 4226 3498 3685
f 3881 1564 4424
f 1573 1563 1562
f 3106 1434 4424
f 4424 1434 1433
f 3771 1433 1432
f 4424 1433 3881
f 182 3630 3629
f 3630 182 3361
f 2276 3378 2775
f 3378 2773 2775
f 1625 1228 2741
f 2741 3318 4411
f 2722 1761 567
f 1761 568 567
f 995 4099 68
f 3959 4099 3798
f 3297 3991 577
f 3991 3297 1781
f 4146 3491 659
f 4095 4016 3954
f 2479 3321 370
f 3321 820 370
f 901 1401 1399
f 692 693 3232
f 1126 1034 1124
f 2864 591 638
f 2303 2864 638
f 691 690 3375
f 4361 4362 1918
f 4362 614 1918
f 4085 4176 1798
f 1799 4085 1798
f 2094 13 1895
f 2154 2094 1895
f 1248 2790 1249
f 2790 2944 1249
f 538 3301 3303
f 3301 538 2405
f 3303 3302 724
f 542 3303 724
f 1663 4320 2758
f 1792 1663 2758
f 82 3647 83
f 3648 3168 3170
f 1539 588 4013
f 1539 2929 1538
f 3513 1284 1197
f 1284 3513 1270
f 1746 2524 3916
f 1746 1285 2096
f 2347 2849 1568
f 3040 220 2849
f 4046 2265 128
f 3699 4046 128
f 2921 4336 4393
f 4393 4394 2359
f 1380 2321 953
f 2321 1380 4188
f 1208 3507 4330
f 3507 2730 4330
f 2620 889 4376
f 888 3765 4376
f 1470 4422 4179
f 4422 4178 4179
f 1973 1885 1887
f 4029 952 951
f 2992 2644 2643
f 4203 2992 2643
f 576 3298 577
f 3298 3297 577
f 738 779 739
f 738 737 3248
f 1840 1927 3614
f 1927 3261 3614
f 3225 1317 312
f 1317 3225 414
f 523 483 3866
f 483 523 3792
f 3420 3419 1864
f 3419 2584 1864
f 1818 174 1708
f 174 3420 1708
f 1522 2306 1150
f 2306 2305 1150
f 1523 4102 1817
f 4102 1818 1817
f 871 20 1709
f 20 19 1709
f 3692 3466 3002
f 3466 3607 3002
f 1109 1681 1680
f 4413 1109 1680
f 1665 4072 4334
f 4072 4073 4334
f 3637 2959 3078
f 2959 2665 3078
f 4001 3790 938
f 3790 3939 938
f 2431 4415 4414
f 4415 2431 2762
f 3496 709 4414
f 4414 709 474
f 836 838 476
f 476 838 474
f 1633 1771 1258
f 1258 1771 3180
f 3181 1259 1258
f 3496 1260 1259
f 2690 2795 2762
f 2795 2690 2796
f 4100 965 68
f 965 4100 100
f 4093 3433 3277
f 4352 3433 2410
f 4364 541 3776
f 541 4364 539
f 2334 3247 4342
f 760 3871 4386
f 3094 3093 4012
f 3093 3892 4012
f 3521 4324 3519
f 3521 2476 3843
f 3205 1267 3203
f 3205 3872 3843
f 3407 2477 3408
f 2477 3407 3498
f 1537 2011 684
f 4367 43 1288
f 43 4367 44
f 1287 4367 1288
f 2360 4394 39
f 4394 2360 2359
f 3049 4268 3048
f 4268 3049 2391
f 2212 1928 4128
f 1928 2212 975
f 3911 2652 2651
f 2652 3911 1075
f 1698 1677 1676
f 1677 1698 1697
f 1541 525 2734
f 1541 2733 1540
f 3610 177 4339
f 177 176 4339
f 4025 3096 2988
f 3096 4025 769
f 32 1504 1506
f 3269 977 32
f 3649 569 1592
f 569 568 1592
f 3680 1659 2536
f 2535 4406 3139
f 3821 4118 3822
f 4118 3821 1066
f 4059 3691 522
f 3691 1443 522
f 1887 3088 4259
f 3088 1852 4259
f 4259 3098 1887
f 3098 1973 1887
f 1974 2985 1944
f 92 2152 3359
f 3587 3324 2422
f 1692 4183 1703
f 3125 1175 249
f 569 3649 1398
f 772 2600 751
f 773 2468 118
f 3505 4137 4191
f 3504 3505 4191
f 2013 124 123
f 1341 2396 2297
f 1499 519 2338
f 2021 579 3816
f 1554 4115 4274
f 3795 1554 4274
f 2406 2405 538
f 2406 537 3441
f 1359 3922 3665
f 3922 1736 3665
f 646 4382 4258
f 4382 4320 4258
f 2020 3944 108
f 3670 1040 4302
f 4365 1553 3948
f 1553 1552 3948
f 1990 3013 4167
f 4167 4168 1988
f 360 4107 4242
f 4107 4106 4242
f 3673 2490 2489
f 2490 3673 2155
f 608 2927 2926
f 608 3833 606
f 3826 331 330
f 331 3826 3860
f 4412 2728 3908
f 2728 4412 3190
f 2789 3013 1990
f 490 3817 1414
f 3073 1016 1156
f 1016 1733 1156
f 3474 4145 1168
f 4145 3083 1168
f 3377 2275 271
f 4065 4251 2262
f 427 1600 4310
f 4114 3879 282
f 4027 3247 3508
f 3247 4027 4342
f 759 758 819
f 758 4386 819
f 1597 2870 1308
f 1309 3306 1307
f 3508 3247 104
f 105 3537 106
f 3183 3182 4024
f 1616 1483 2596
f 1483 1482 2596
f 377 4117 3950
f 4117 377 746
f 3065 3671 4117
f 746 3065 4117
f 3190 4412 144
f 4412 3907 144
f 106 4372 3141
f 4372 3250 3141
f 2584 3992 51
f 1846 3992 3419
f 4173 3049 3007
f 796 323 3007
f 2447 2554 4009
f 4009 2554 2043
f 2807 820 2963
f 4049 2807 2963
f 4094 2389 1974
f 1287 1286 1120
f 1402 795 1583
f 795 1402 3086
f 1769 1442 475
f 4216 270 2085
f 957 2194 2076
f 2194 1427 2076
f 13 3803 14
f 3803 3369 14
f 15 3624 1895
f 3624 2152 1895
f 884 2853 14
f 2853 15 14
f 3104 4276 2402
f 3104 2402 1276
f 2876 4351 1731
f 4351 2876 397
f 4257 2541 2780
f 2541 4354 2780
f 3645 4067 2101
f 695 4067 3964
f 1470 1469 3605
f 1469 3536 3605
f 2801 4296 1286
f 4296 1120 1286
f 3848 3421 4296
f 3421 1118 1120
f 3671 3005 4117
f 1783 1782 3116
f 3192 4300 2508
f 4300 4299 2508
f 3510 3509 3489
f 3509 3490 3489
f 3092 2401 1124
f 1124 1411 3092
f 2015 2014 4004
f 3397 3396 3805
f 511 425 1861
f 425 424 1861
f 424 3633 805
f 3633 3449 805
f 896 4109 2816
f 4109 2817 2816
f 1322 1914 1323
f 1322 1321 4369
f 303 806 3912
f 2170 303 3912
f 1792 2530 1661
f 2530 2561 1661
f 2185 2187 4301
f 2187 3724 4301
f 4211 3844 2874
f 3844 4211 3357
f 4111 4380 807
f 4380 806 807
f 4155 4416 2883
f 2885 4155 2883
f 1334 711 1629
f 711 710 1629
f 131 1361 132
f 1361 3961 132
f 2825 2039 3156
f 4247 2039 2038
f 3852 4238 1594
f 4238 4418 1594
f 1553 4116 1554
f 4116 1553 4365
f 1765 2203 1766
f 2203 1765 4248
f 2195 4069 4408
f 4069 2161 4408
f 3817 662 1414
f 1412 289 3465
f 4178 1381 3358
f 1381 952 2622
f 3618 536 538
f 536 3618 573
f 2695 2697 4353
f 2697 3479 4353
f 2793 3861 3826
f 3861 3860 3826
f 4004 3786 2808
f 4004 3805 2015
f 4253 4271 641
f 4252 3786 4271
f 4266 1106 321
f 4267 4266 3661
f 2462 4002 2871
f 4002 2462 980
f 2922 4253 641
f 4253 2922 865
f 2030 3426 3132
f 2030 2016 2015
f 3049 4173 2391
f 3504 1287 1120
f 4375 2954 4335
f 4289 4375 4335
f 2893 1326 1405
f 2893 4328 2891
f 4014 2243 1657
f 2243 4014 3822
f 2033 3033 1233
f 3033 1107 1233
f 1259 3627 195
f 3627 1259 3181
f 3525 2827 1743
f 2826 2151 1743
f 1343 2379 2381
f 2379 1343 4132
f 3773 3856 2342
f 3856 3411 2342
f 3651 1980 3754
f 2598 3651 3754
f 202 4405 1631
f 4405 2825 1631
f 29 4108 4103
f 4202 175 4108
f 173 175 4202
f 4103 175 1818
f 4202 1845 173
f 49 1845 2407
f 2536 4293 1279
f 2536 3139 3680
f 3157 216 2746
f 2692 2946 3787
f 398 3010 399
f 3010 2474 399
f 784 4267 3661
f 4267 784 783
f 1827 3968 3595
f 3968 2302 3595
f 910 2253 911
f 2253 3967 911
f 591 590 2999
f 590 2082 2999
f 1282 2732 2223
f 3549 2732 518
f 3808 4151 3473
f 4151 3079 3473
f 4376 3765 4120
f 2621 4376 4120
f 2231 1842 859
f 1842 2231 2392
f 2932 2840 3896
f 4256 3552 2841
f 1860 2063 512
f 512 2063 4180
f 1945 1648 456
f 447 1728 2970
f 3588 2984 3754
f 2984 2598 3754
f 4281 4121 2873
f 1069 4281 2873
f 1946 4275 3867
f 1947 1946 3867
f 1068 3669 4281
f 3669 2621 4281
f 2151 2826 4294
f 2826 1547 4294
f 4298 867 866
f 867 3232 865
f 1893 3439 4196
f 3439 4298 4196
f 3657 1476 1475
f 3657 4005 4298
f 1036 1114 2834
f 1114 1036 3985
f 2596 2267 2597
f 2267 1909 2597
f 3416 4323 898
f 4323 4147 898
f 3765 888 2412
f 888 887 2412
f 509 4123 507
f 4123 4122 507
f 2687 3997 4122
f 3997 507 4122
f 35 34 2325
f 2491 2325 34
f 729 3229 730
f 3229 3827 730
f 3867 2878 2425
f 2424 3867 2425
f 66 2836 4263
f 3147 66 4263
f 3732 3966 4148
f 3966 2668 4148
f 4381 4217 4263
f 2838 4381 4263
f 530 1551 1946
f 1945 530 1946
f 4321 65 2197
f 65 64 2197
f 32 1506 33
f 33 1506 2691
f 4383 1719 302
f 530 3995 528
f 3295 3744 3293
f 3744 3295 4248
f 1789 2625 2624
f 2625 1789 3986
f 2887 3820 4098
f 3820 704 4098
f 4424 1563 3106
f 1563 1573 3106
f 3345 4400 4272
f 4400 3345 1794
f 2539 2755 1063
f 2755 3722 1063
f 2537 1739 626
f 626 1738 627
f 407 3615 292
f 3615 3614 292
f 1602 3527 1603
f 1602 4223 3527
f 3127 4318 1519
f 4318 1942 1519
f 2693 3787 3976
f 2471 61 1602
f 4223 2271 2770
f 61 2271 1602
f 2249 3054 3178
f 3054 2294 3178
f 1357 4043 4129
f 4043 1195 4129
f 3409 1169 3083
f 1169 1168 3083
f 348 3501 1480
f 3501 1365 1480
f 2739 3326 2740
f 3326 4295 2740
f 3118 3119 3915
f 2928 3119 3525
f 4007 3956 3740
f 28 3956 29
f 3415 4279 2423
f 4293 4279 1279
f 3415 3323 747
f 28 3323 2258
f 1608 1619 2056
f 1619 1608 1617
f 2167 1178 2166
f 1178 2167 3051
f 2217 4286 2218
f 4286 4126 2218
f 3918 4091 1448
f 4091 1171 1448
f 543 3385 2916
f 543 1987 542
f 4301 3450 445
f 3450 3385 445
f 3248 1783 3116
f 4033 4032 1784
f 2432 2689 2431
f 2689 2762 2431
f 3652 923 1980
f 923 922 1980
f 3548 2007 2031
f 2007 3548 3516
